0.099999999881,0.100000000110,0.100000000045,0.100000000140,0.100000000087,0.100000000054,0.099999999963,0.099999999752,0.100000000134,0.099999999835
0.099999999789,0.100000000194,0.100000000079,0.100000000248,0.100000000154,0.100000000096,0.099999999935,0.099999999561,0.100000000237,0.099999999707
0.099999999834,0.100000000153,0.100000000062,0.100000000195,0.100000000121,0.100000000076,0.099999999948,0.099999999654,0.100000000187,0.099999999769
0.100000000029,0.099999999974,0.099999999989,0.099999999966,0.099999999979,0.099999999987,0.100000000009,0.100000000060,0.099999999967,0.100000000040
0.100000000029,0.099999999974,0.099999999989,0.099999999966,0.099999999979,0.099999999987,0.100000000009,0.100000000060,0.099999999967,0.100000000040
0.100000000203,0.099999999812,0.099999999924,0.099999999761,0.099999999851,0.099999999907,0.100000000063,0.100000000424,0.099999999772,0.100000000283
0.100000000188,0.099999999826,0.099999999929,0.099999999779,0.099999999862,0.099999999914,0.100000000058,0.100000000393,0.099999999789,0.100000000262
0.099999999675,0.100000000307,0.100000000123,0.100000000379,0.100000000244,0.100000000148,0.099999999904,0.099999999313,0.100000000361,0.099999999547
0.100000000139,0.099999999872,0.099999999948,0.099999999836,0.099999999898,0.099999999936,0.100000000043,0.100000000290,0.099999999843,0.100000000194
0.099999999675,0.100000000307,0.100000000123,0.100000000379,0.100000000244,0.100000000148,0.099999999904,0.099999999313,0.100000000361,0.099999999547
0.100000000182,0.099999999832,0.099999999932,0.099999999786,0.099999999867,0.099999999917,0.100000000056,0.100000000379,0.099999999796,0.100000000253
0.099999999675,0.100000000307,0.100000000123,0.100000000379,0.100000000244,0.100000000148,0.099999999904,0.099999999313,0.100000000361,0.099999999547
0.099999999889,0.100000000103,0.100000000042,0.100000000131,0.100000000081,0.100000000051,0.099999999966,0.099999999768,0.100000000125,0.099999999845
0.099999999806,0.100000000178,0.100000000073,0.100000000228,0.100000000141,0.100000000088,0.099999999940,0.099999999597,0.100000000218,0.099999999731
0.100000000145,0.099999999867,0.099999999946,0.099999999830,0.099999999894,0.099999999934,0.100000000045,0.100000000302,0.099999999837,0.100000000201
0.100000000021,0.099999999981,0.099999999992,0.099999999975,0.099999999985,0.099999999990,0.100000000006,0.100000000044,0.099999999977,0.100000000029
0.100000000078,0.099999999928,0.099999999971,0.099999999908,0.099999999943,0.099999999964,0.100000000024,0.100000000163,0.099999999912,0.100000000109
0.099999999854,0.100000000135,0.100000000055,0.100000000172,0.100000000107,0.100000000067,0.099999999955,0.099999999696,0.100000000164,0.099999999797
0.100000000210,0.099999999806,0.099999999921,0.099999999753,0.099999999846,0.099999999904,0.100000000065,0.100000000438,0.099999999764,0.100000000292
0.099999999853,0.100000000135,0.100000000055,0.100000000173,0.100000000107,0.100000000067,0.099999999954,0.099999999694,0.100000000166,0.099999999796
0.099999999973,0.100000000025,0.100000000010,0.100000000031,0.100000000020,0.100000000012,0.099999999992,0.099999999944,0.100000000030,0.099999999963
0.099999999903,0.100000000089,0.100000000036,0.100000000114,0.100000000071,0.100000000044,0.099999999970,0.099999999798,0.100000000109,0.099999999866
0.100000000144,0.099999999867,0.099999999946,0.099999999830,0.099999999895,0.099999999934,0.100000000045,0.100000000300,0.099999999838,0.100000000200
0.100000000165,0.099999999848,0.099999999938,0.099999999806,0.099999999879,0.099999999925,0.100000000051,0.100000000344,0.099999999815,0.100000000229
0.100000000108,0.099999999901,0.099999999959,0.099999999873,0.099999999921,0.099999999951,0.100000000033,0.100000000225,0.099999999879,0.100000000150
0.099999999946,0.100000000050,0.100000000020,0.100000000064,0.100000000040,0.100000000025,0.099999999983,0.099999999886,0.100000000061,0.099999999924
0.100000000166,0.099999999847,0.099999999937,0.099999999804,0.099999999879,0.099999999924,0.100000000052,0.100000000347,0.099999999813,0.100000000231
0.099999999967,0.100000000030,0.100000000012,0.100000000038,0.100000000024,0.100000000015,0.099999999990,0.099999999932,0.100000000037,0.099999999955
0.100000000022,0.099999999979,0.099999999992,0.099999999974,0.099999999984,0.099999999990,0.100000000007,0.100000000047,0.099999999975,0.100000000031
0.099999999916,0.100000000077,0.100000000032,0.100000000099,0.100000000061,0.100000000038,0.099999999974,0.099999999825,0.100000000094,0.099999999883
0.099999999747,0.100000000233,0.100000000095,0.100000000298,0.100000000184,0.100000000116,0.099999999921,0.099999999473,0.100000000285,0.099999999648
0.099999999815,0.100000000170,0.100000000069,0.100000000218,0.100000000135,0.100000000084,0.099999999942,0.099999999615,0.100000000208,0.099999999743
0.100000000177,0.099999999837,0.099999999933,0.099999999791,0.099999999871,0.099999999919,0.100000000055,0.100000000369,0.099999999801,0.100000000246
0.099999999893,0.100000000098,0.100000000040,0.100000000126,0.100000000078,0.100000000049,0.099999999967,0.099999999778,0.100000000120,0.099999999852
0.099999999952,0.100000000045,0.100000000018,0.100000000056,0.100000000037,0.100000000022,0.099999999986,0.099999999898,0.100000000053,0.099999999933
0.100000000140,0.099999999871,0.099999999947,0.099999999835,0.099999999898,0.099999999936,0.100000000043,0.100000000292,0.099999999843,0.100000000194
0.100000000142,0.099999999869,0.099999999947,0.099999999833,0.099999999896,0.099999999935,0.100000000044,0.100000000296,0.099999999840,0.100000000197
0.100000000139,0.099999999872,0.099999999948,0.099999999836,0.099999999898,0.099999999936,0.100000000043,0.100000000290,0.099999999844,0.100000000193
0.099999999791,0.100000000192,0.100000000079,0.100000000246,0.100000000152,0.100000000096,0.099999999935,0.099999999565,0.100000000235,0.099999999709
0.100000000076,0.099999999930,0.099999999972,0.099999999911,0.099999999945,0.099999999965,0.100000000023,0.100000000158,0.099999999915,0.100000000105
0.100000000166,0.099999999847,0.099999999938,0.099999999804,0.099999999879,0.099999999924,0.100000000051,0.100000000347,0.099999999813,0.100000000231
0.099999999986,0.100000000013,0.100000000005,0.100000000016,0.100000000011,0.100000000006,0.099999999996,0.099999999971,0.100000000015,0.099999999981
0.100000000007,0.099999999993,0.099999999997,0.099999999992,0.099999999995,0.099999999997,0.100000000002,0.100000000015,0.099999999992,0.100000000010
0.100000000171,0.099999999842,0.099999999936,0.099999999798,0.099999999875,0.099999999922,0.100000000053,0.100000000358,0.099999999808,0.100000000238
0.100000000103,0.099999999906,0.099999999961,0.099999999879,0.099999999925,0.099999999953,0.100000000032,0.100000000214,0.099999999885,0.100000000142
0.100000000163,0.099999999850,0.099999999939,0.099999999808,0.099999999881,0.099999999926,0.100000000050,0.100000000339,0.099999999817,0.100000000226
0.100000000044,0.099999999960,0.099999999984,0.099999999948,0.099999999968,0.099999999980,0.100000000014,0.100000000091,0.099999999951,0.100000000061
0.100000000154,0.099999999858,0.099999999942,0.099999999819,0.099999999888,0.099999999930,0.100000000048,0.100000000321,0.099999999827,0.100000000214
0.099999999938,0.100000000057,0.100000000023,0.100000000073,0.100000000045,0.100000000028,0.099999999981,0.099999999870,0.100000000070,0.099999999914
0.100000000203,0.099999999813,0.099999999924,0.099999999762,0.099999999852,0.099999999907,0.100000000063,0.100000000423,0.099999999773,0.100000000282
0.100000000216,0.099999999801,0.099999999919,0.099999999746,0.099999999842,0.099999999901,0.100000000067,0.100000000451,0.099999999757,0.100000000300
0.099999999911,0.100000000082,0.100000000033,0.100000000105,0.100000000065,0.100000000041,0.099999999972,0.099999999815,0.100000000100,0.099999999876
0.099999999936,0.100000000059,0.100000000024,0.100000000076,0.100000000046,0.100000000029,0.099999999980,0.099999999867,0.100000000072,0.099999999911
0.100000000004,0.099999999996,0.099999999998,0.099999999995,0.099999999997,0.099999999998,0.100000000001,0.100000000009,0.099999999995,0.100000000006
0.100000000101,0.099999999907,0.099999999962,0.099999999881,0.099999999927,0.099999999954,0.100000000031,0.100000000210,0.099999999887,0.100000000140
0.100000000098,0.099999999910,0.099999999963,0.099999999884,0.099999999928,0.099999999955,0.100000000030,0.100000000205,0.099999999890,0.100000000136
0.100000000153,0.099999999859,0.099999999943,0.099999999820,0.099999999888,0.099999999930,0.100000000047,0.100000000319,0.099999999828,0.100000000212
0.099999999828,0.100000000159,0.100000000065,0.100000000203,0.100000000126,0.100000000079,0.099999999947,0.099999999641,0.100000000194,0.099999999760
0.099999999987,0.100000000012,0.100000000005,0.100000000015,0.100000000010,0.100000000006,0.099999999996,0.099999999973,0.100000000014,0.099999999982
0.099999999953,0.100000000044,0.100000000018,0.100000000055,0.100000000035,0.100000000021,0.099999999986,0.099999999902,0.100000000053,0.099999999935
0.099999999886,0.100000000105,0.100000000043,0.100000000134,0.100000000083,0.100000000052,0.099999999964,0.099999999762,0.100000000128,0.099999999841
0.100000000138,0.099999999873,0.099999999948,0.099999999838,0.099999999899,0.099999999937,0.100000000043,0.100000000287,0.099999999845,0.100000000191
0.100000000167,0.099999999846,0.099999999937,0.099999999804,0.099999999878,0.099999999924,0.100000000052,0.100000000348,0.099999999813,0.100000000232
0.099999999838,0.100000000150,0.100000000061,0.100000000191,0.100000000118,0.100000000074,0.099999999950,0.099999999661,0.100000000183,0.099999999774
0.099999999954,0.100000000042,0.100000000017,0.100000000054,0.100000000033,0.100000000021,0.099999999986,0.099999999905,0.100000000051,0.099999999937
0.099999999957,0.100000000040,0.100000000016,0.100000000051,0.100000000032,0.100000000020,0.099999999987,0.099999999909,0.100000000048,0.099999999940
0.099999999802,0.100000000182,0.100000000075,0.100000000234,0.100000000144,0.100000000091,0.099999999938,0.099999999587,0.100000000223,0.099999999724
0.099999999903,0.100000000089,0.100000000036,0.100000000114,0.100000000070,0.100000000044,0.099999999970,0.099999999799,0.100000000109,0.099999999866
0.099999999843,0.100000000145,0.100000000059,0.100000000185,0.100000000114,0.100000000072,0.099999999951,0.099999999673,0.100000000177,0.099999999782
0.099999999908,0.100000000085,0.100000000035,0.100000000108,0.100000000067,0.100000000042,0.099999999972,0.099999999808,0.100000000103,0.099999999872
0.099999999997,0.100000000003,0.100000000001,0.100000000004,0.100000000003,0.100000000001,0.099999999999,0.099999999992,0.100000000003,0.099999999995
0.100000000101,0.099999999906,0.099999999962,0.099999999881,0.099999999926,0.099999999954,0.100000000031,0.100000000212,0.099999999886,0.100000000141
0.099999999894,0.100000000098,0.100000000040,0.100000000125,0.100000000078,0.100000000049,0.099999999967,0.099999999778,0.100000000119,0.099999999852
0.100000000185,0.099999999829,0.099999999930,0.099999999782,0.099999999865,0.099999999915,0.100000000057,0.100000000386,0.099999999792,0.100000000257
0.100000000112,0.099999999897,0.099999999958,0.099999999868,0.099999999918,0.099999999949,0.100000000035,0.100000000234,0.099999999874,0.100000000156
0.100000000136,0.099999999874,0.099999999949,0.099999999839,0.099999999901,0.099999999938,0.100000000042,0.100000000284,0.099999999847,0.100000000189
0.100000000167,0.099999999846,0.099999999937,0.099999999803,0.099999999878,0.099999999924,0.100000000052,0.100000000348,0.099999999812,0.100000000232
0.100000000106,0.099999999902,0.099999999960,0.099999999875,0.099999999923,0.099999999951,0.100000000033,0.100000000221,0.099999999880,0.100000000148
0.100000000159,0.099999999853,0.099999999940,0.099999999813,0.099999999884,0.099999999927,0.100000000049,0.100000000332,0.099999999821,0.100000000221
0.100000000133,0.099999999877,0.099999999950,0.099999999843,0.099999999903,0.099999999939,0.100000000041,0.100000000278,0.099999999850,0.100000000185
0.099999999881,0.100000000110,0.100000000045,0.100000000140,0.100000000087,0.100000000054,0.099999999963,0.099999999752,0.100000000134,0.099999999834
0.100000000099,0.099999999909,0.099999999963,0.099999999883,0.099999999928,0.099999999955,0.100000000031,0.100000000207,0.099999999889,0.100000000138
0.100000000220,0.099999999798,0.099999999917,0.099999999741,0.099999999840,0.099999999900,0.100000000068,0.100000000458,0.099999999753,0.100000000306
0.100000000202,0.099999999814,0.099999999924,0.099999999763,0.099999999853,0.099999999908,0.100000000062,0.100000000421,0.099999999773,0.100000000280
0.099999999888,0.100000000103,0.100000000042,0.100000000132,0.100000000081,0.100000000051,0.099999999965,0.099999999767,0.100000000126,0.099999999845
0.100000000135,0.099999999875,0.099999999949,0.099999999841,0.099999999901,0.099999999938,0.100000000042,0.100000000282,0.099999999848,0.100000000188
0.100000000190,0.099999999824,0.099999999928,0.099999999776,0.099999999861,0.099999999913,0.100000000059,0.100000000397,0.099999999786,0.100000000265
0.100000000150,0.099999999861,0.099999999943,0.099999999823,0.099999999890,0.099999999931,0.100000000047,0.100000000314,0.099999999831,0.100000000209
0.100000000174,0.099999999840,0.099999999935,0.099999999795,0.099999999873,0.099999999920,0.100000000054,0.100000000363,0.099999999804,0.100000000242
0.100000000110,0.099999999898,0.099999999959,0.099999999870,0.099999999919,0.099999999950,0.100000000034,0.100000000230,0.099999999876,0.100000000153
0.100000000123,0.099999999887,0.099999999954,0.099999999855,0.099999999910,0.099999999944,0.100000000038,0.100000000257,0.099999999861,0.100000000171
0.100000000175,0.099999999838,0.099999999934,0.099999999793,0.099999999872,0.099999999920,0.100000000054,0.100000000366,0.099999999803,0.100000000244
0.100000000184,0.099999999830,0.099999999931,0.099999999783,0.099999999865,0.099999999916,0.100000000057,0.100000000384,0.099999999793,0.100000000256
0.100000000100,0.099999999908,0.099999999963,0.099999999883,0.099999999927,0.099999999955,0.100000000031,0.100000000208,0.099999999888,0.100000000138
0.100000000137,0.099999999874,0.099999999948,0.099999999838,0.099999999900,0.099999999937,0.100000000043,0.100000000286,0.099999999846,0.100000000191
0.100000000163,0.099999999850,0.099999999939,0.099999999808,0.099999999881,0.099999999925,0.100000000051,0.100000000340,0.099999999816,0.100000000227
0.100000000211,0.099999999806,0.099999999921,0.099999999752,0.099999999846,0.099999999904,0.100000000065,0.100000000440,0.099999999763,0.100000000293
0.100000000140,0.099999999871,0.099999999947,0.099999999835,0.099999999898,0.099999999936,0.100000000043,0.100000000291,0.099999999843,0.100000000194
0.100000000188,0.099999999827,0.099999999929,0.099999999779,0.099999999863,0.099999999914,0.100000000058,0.100000000391,0.099999999789,0.100000000261
0.100000000224,0.099999999794,0.099999999916,0.099999999737,0.099999999837,0.099999999898,0.100000000069,0.100000000466,0.099999999749,0.100000000311
0.100000000197,0.099999999819,0.099999999926,0.099999999769,0.099999999856,0.099999999910,0.100000000061,0.100000000410,0.099999999779,0.100000000273
0.100000000094,0.099999999913,0.099999999964,0.099999999889,0.099999999931,0.099999999957,0.100000000029,0.100000000197,0.099999999894,0.100000000131
0.100000000106,0.099999999902,0.099999999960,0.099999999875,0.099999999923,0.099999999952,0.100000000033,0.100000000221,0.099999999881,0.100000000147
0.100000000225,0.099999999792,0.099999999915,0.099999999735,0.099999999835,0.099999999897,0.100000000069,0.100000000470,0.099999999747,0.100000000313
0.100000000123,0.099999999887,0.099999999954,0.099999999855,0.099999999910,0.099999999944,0.100000000038,0.100000000256,0.099999999862,0.100000000171
0.100000000095,0.099999999913,0.099999999964,0.099999999889,0.099999999931,0.099999999957,0.100000000029,0.100000000197,0.099999999894,0.100000000131
0.100000000130,0.099999999880,0.099999999951,0.099999999846,0.099999999905,0.099999999940,0.100000000040,0.100000000272,0.099999999853,0.100000000181
0.100000000144,0.099999999868,0.099999999946,0.099999999831,0.099999999895,0.099999999934,0.100000000045,0.100000000300,0.099999999838,0.100000000200
0.100000000091,0.099999999916,0.099999999966,0.099999999892,0.099999999934,0.099999999958,0.100000000029,0.100000000190,0.099999999897,0.100000000127
0.100000000148,0.099999999864,0.099999999944,0.099999999826,0.099999999892,0.099999999932,0.100000000046,0.100000000308,0.099999999834,0.100000000206
0.100000000145,0.099999999866,0.099999999945,0.099999999829,0.099999999894,0.099999999934,0.100000000045,0.100000000302,0.099999999837,0.100000000202
0.100000000057,0.099999999947,0.099999999978,0.099999999933,0.099999999958,0.099999999974,0.100000000018,0.100000000120,0.099999999936,0.100000000080
0.100000000162,0.099999999850,0.099999999939,0.099999999809,0.099999999881,0.099999999926,0.100000000050,0.100000000339,0.099999999818,0.100000000226
0.100000000177,0.099999999837,0.099999999934,0.099999999792,0.099999999871,0.099999999919,0.100000000055,0.100000000369,0.099999999801,0.100000000246
0.099999999781,0.100000000202,0.100000000082,0.100000000258,0.100000000160,0.100000000100,0.099999999932,0.099999999544,0.100000000246,0.099999999696
0.099999999890,0.100000000101,0.100000000041,0.100000000130,0.100000000080,0.100000000050,0.099999999966,0.099999999770,0.100000000124,0.099999999847
0.099999999796,0.100000000188,0.100000000077,0.100000000241,0.100000000149,0.100000000093,0.099999999936,0.099999999574,0.100000000230,0.099999999716
0.099999999758,0.100000000223,0.100000000091,0.100000000286,0.100000000177,0.100000000111,0.099999999925,0.099999999495,0.100000000272,0.099999999663
0.099999999901,0.100000000091,0.100000000037,0.100000000116,0.100000000072,0.100000000045,0.099999999970,0.099999999795,0.100000000111,0.099999999863
0.099999999814,0.100000000171,0.100000000070,0.100000000219,0.100000000136,0.100000000085,0.099999999942,0.099999999613,0.100000000209,0.099999999742
0.100000000111,0.099999999897,0.099999999958,0.099999999870,0.099999999919,0.099999999949,0.100000000034,0.100000000232,0.099999999875,0.100000000154
0.099999999990,0.100000000009,0.100000000004,0.100000000011,0.100000000007,0.100000000004,0.099999999997,0.099999999980,0.100000000011,0.099999999987
0.100000000159,0.099999999854,0.099999999940,0.099999999813,0.099999999884,0.099999999927,0.100000000049,0.100000000331,0.099999999822,0.100000000221
0.100000000095,0.099999999913,0.099999999964,0.099999999888,0.099999999931,0.099999999957,0.100000000030,0.100000000198,0.099999999893,0.100000000132
0.099999999675,0.100000000307,0.100000000123,0.100000000379,0.100000000244,0.100000000148,0.099999999904,0.099999999313,0.100000000361,0.099999999547
0.099999999905,0.100000000088,0.100000000036,0.100000000112,0.100000000070,0.100000000044,0.099999999971,0.099999999801,0.100000000107,0.099999999868
0.099999999926,0.100000000068,0.100000000028,0.100000000087,0.100000000054,0.100000000034,0.099999999977,0.099999999846,0.100000000083,0.099999999898
0.099999999851,0.100000000137,0.100000000056,0.100000000175,0.100000000108,0.100000000068,0.099999999954,0.099999999690,0.100000000167,0.099999999793
0.099999999898,0.100000000094,0.100000000038,0.100000000120,0.100000000074,0.100000000047,0.099999999968,0.099999999788,0.100000000115,0.099999999858
0.099999999870,0.100000000120,0.100000000049,0.100000000153,0.100000000095,0.100000000060,0.099999999960,0.099999999729,0.100000000146,0.099999999819
0.099999999920,0.100000000073,0.100000000030,0.100000000094,0.100000000058,0.100000000037,0.099999999975,0.099999999834,0.100000000090,0.099999999889
0.100000000169,0.099999999845,0.099999999937,0.099999999802,0.099999999877,0.099999999923,0.100000000052,0.100000000351,0.099999999811,0.100000000234
0.100000000146,0.099999999865,0.099999999945,0.099999999828,0.099999999893,0.099999999933,0.100000000045,0.100000000305,0.099999999836,0.100000000203
0.100000000076,0.099999999930,0.099999999971,0.099999999910,0.099999999944,0.099999999965,0.100000000024,0.100000000159,0.099999999914,0.100000000106
0.099999999925,0.100000000069,0.100000000028,0.100000000088,0.100000000055,0.100000000034,0.099999999977,0.099999999844,0.100000000084,0.099999999896
0.100000000063,0.099999999942,0.099999999976,0.099999999926,0.099999999954,0.099999999971,0.100000000020,0.100000000132,0.099999999929,0.100000000088
0.099999999939,0.100000000056,0.100000000023,0.100000000071,0.100000000045,0.100000000028,0.099999999981,0.099999999873,0.100000000068,0.099999999916
0.100000000070,0.099999999935,0.099999999974,0.099999999917,0.099999999949,0.099999999968,0.100000000022,0.100000000147,0.099999999921,0.100000000098
0.100000000000,0.100000000000,0.100000000000,0.100000000000,0.100000000000,0.100000000000,0.100000000000,0.100000000000,0.100000000000,0.100000000000
0.100000000088,0.099999999919,0.099999999967,0.099999999896,0.099999999936,0.099999999960,0.100000000028,0.100000000184,0.099999999901,0.100000000123
0.100000000091,0.099999999916,0.099999999966,0.099999999894,0.099999999934,0.099999999959,0.100000000028,0.100000000189,0.099999999898,0.100000000126
0.100000000150,0.099999999862,0.099999999944,0.099999999823,0.099999999890,0.099999999931,0.100000000046,0.100000000313,0.099999999831,0.100000000209
0.100000000119,0.099999999890,0.099999999955,0.099999999860,0.099999999913,0.099999999946,0.100000000037,0.100000000248,0.099999999867,0.100000000165
0.100000000152,0.099999999860,0.099999999943,0.099999999821,0.099999999889,0.099999999930,0.100000000047,0.100000000317,0.099999999829,0.100000000211
0.100000000138,0.099999999873,0.099999999948,0.099999999838,0.099999999899,0.099999999937,0.100000000043,0.100000000288,0.099999999845,0.100000000192
0.100000000024,0.099999999978,0.099999999991,0.099999999972,0.099999999983,0.099999999989,0.100000000007,0.100000000050,0.099999999973,0.100000000033
0.100000000047,0.099999999957,0.099999999982,0.099999999945,0.099999999966,0.099999999979,0.100000000014,0.100000000098,0.099999999948,0.100000000065
0.100000000055,0.099999999949,0.099999999979,0.099999999935,0.099999999960,0.099999999975,0.100000000017,0.100000000115,0.099999999937,0.100000000077
0.100000000121,0.099999999889,0.099999999955,0.099999999858,0.099999999912,0.099999999945,0.100000000037,0.100000000251,0.099999999864,0.100000000168
0.100000000147,0.099999999865,0.099999999945,0.099999999827,0.099999999893,0.099999999933,0.100000000045,0.100000000306,0.099999999835,0.100000000204
0.100000000090,0.099999999917,0.099999999966,0.099999999894,0.099999999935,0.099999999959,0.100000000028,0.100000000187,0.099999999899,0.100000000125
0.100000000023,0.099999999978,0.099999999991,0.099999999972,0.099999999983,0.099999999989,0.100000000007,0.100000000049,0.099999999974,0.100000000033
0.100000000196,0.099999999820,0.099999999926,0.099999999770,0.099999999857,0.099999999911,0.100000000061,0.100000000408,0.099999999780,0.100000000272
0.099999999925,0.100000000068,0.100000000028,0.100000000088,0.100000000054,0.100000000034,0.099999999977,0.099999999845,0.100000000084,0.099999999896
0.100000000024,0.099999999978,0.099999999991,0.099999999972,0.099999999982,0.099999999989,0.100000000007,0.100000000050,0.099999999973,0.100000000033
0.100000000169,0.099999999844,0.099999999937,0.099999999802,0.099999999877,0.099999999923,0.100000000052,0.100000000352,0.099999999811,0.100000000234
0.100000000063,0.099999999942,0.099999999976,0.099999999926,0.099999999954,0.099999999971,0.100000000020,0.100000000131,0.099999999929,0.100000000088
0.100000000165,0.099999999848,0.099999999938,0.099999999806,0.099999999880,0.099999999925,0.100000000051,0.100000000343,0.099999999815,0.100000000229
0.100000000097,0.099999999910,0.099999999963,0.099999999885,0.099999999929,0.099999999956,0.100000000030,0.100000000203,0.099999999891,0.100000000135
0.100000000218,0.099999999799,0.099999999918,0.099999999744,0.099999999841,0.099999999900,0.100000000067,0.100000000454,0.099999999755,0.100000000303
0.100000000099,0.099999999908,0.099999999963,0.099999999883,0.099999999927,0.099999999955,0.100000000031,0.100000000207,0.099999999889,0.100000000138
0.100000000148,0.099999999863,0.099999999944,0.099999999825,0.099999999891,0.099999999932,0.100000000046,0.100000000310,0.099999999833,0.100000000207
0.100000000162,0.099999999850,0.099999999939,0.099999999809,0.099999999881,0.099999999926,0.100000000050,0.100000000339,0.099999999818,0.100000000226
0.100000000102,0.099999999906,0.099999999962,0.099999999879,0.099999999925,0.099999999953,0.100000000032,0.100000000213,0.099999999885,0.100000000142
0.100000000085,0.099999999922,0.099999999968,0.099999999900,0.099999999938,0.099999999961,0.100000000026,0.100000000177,0.099999999905,0.100000000118
0.100000000090,0.099999999917,0.099999999966,0.099999999894,0.099999999935,0.099999999959,0.100000000028,0.100000000187,0.099999999899,0.100000000125
0.100000000102,0.099999999906,0.099999999962,0.099999999880,0.099999999926,0.099999999953,0.100000000032,0.100000000212,0.099999999885,0.100000000142
0.099999999812,0.100000000173,0.100000000071,0.100000000221,0.100000000137,0.100000000086,0.099999999942,0.099999999609,0.100000000211,0.099999999739
0.099999999804,0.100000000181,0.100000000074,0.100000000231,0.100000000143,0.100000000090,0.099999999939,0.099999999591,0.100000000221,0.099999999727
0.099999999845,0.100000000143,0.100000000058,0.100000000183,0.100000000113,0.100000000071,0.099999999952,0.099999999677,0.100000000174,0.099999999785
0.100000000181,0.099999999833,0.099999999932,0.099999999787,0.099999999868,0.099999999917,0.100000000056,0.100000000378,0.099999999796,0.100000000252
0.100000000228,0.099999999790,0.099999999914,0.099999999732,0.099999999833,0.099999999896,0.100000000070,0.100000000475,0.099999999744,0.100000000317
0.099999999871,0.100000000119,0.100000000049,0.100000000152,0.100000000094,0.100000000059,0.099999999960,0.099999999731,0.100000000146,0.099999999820
0.100000000124,0.099999999886,0.099999999954,0.099999999854,0.099999999910,0.099999999944,0.100000000038,0.100000000258,0.099999999861,0.100000000172
0.100000000111,0.099999999898,0.099999999958,0.099999999870,0.099999999919,0.099999999949,0.100000000034,0.100000000231,0.099999999876,0.100000000154
0.100000000120,0.099999999890,0.099999999955,0.099999999859,0.099999999913,0.099999999945,0.100000000037,0.100000000250,0.099999999866,0.100000000166
0.100000000187,0.099999999827,0.099999999930,0.099999999779,0.099999999863,0.099999999914,0.100000000058,0.100000000391,0.099999999789,0.100000000260
0.100000000110,0.099999999899,0.099999999959,0.099999999870,0.099999999920,0.099999999950,0.100000000034,0.100000000230,0.099999999876,0.100000000153
0.100000000122,0.099999999888,0.099999999954,0.099999999857,0.099999999911,0.099999999944,0.100000000038,0.100000000254,0.099999999863,0.100000000169
0.100000000192,0.099999999823,0.099999999928,0.099999999774,0.099999999859,0.099999999912,0.100000000059,0.100000000401,0.099999999784,0.100000000267
0.100000000104,0.099999999904,0.099999999961,0.099999999877,0.099999999924,0.099999999952,0.100000000032,0.100000000217,0.099999999883,0.100000000145
0.100000000178,0.099999999836,0.099999999933,0.099999999790,0.099999999870,0.099999999919,0.100000000055,0.100000000372,0.099999999800,0.100000000248
0.100000000182,0.099999999832,0.099999999931,0.099999999785,0.099999999867,0.099999999917,0.100000000056,0.100000000381,0.099999999795,0.100000000254
0.100000000149,0.099999999863,0.099999999944,0.099999999825,0.099999999891,0.099999999932,0.100000000046,0.100000000310,0.099999999833,0.100000000207
0.100000000152,0.099999999860,0.099999999943,0.099999999821,0.099999999889,0.099999999931,0.100000000047,0.100000000317,0.099999999829,0.100000000211
0.100000000143,0.099999999869,0.099999999946,0.099999999832,0.099999999896,0.099999999935,0.100000000044,0.100000000298,0.099999999839,0.100000000198
0.100000000064,0.099999999941,0.099999999976,0.099999999925,0.099999999954,0.099999999971,0.100000000020,0.100000000133,0.099999999928,0.100000000089
0.100000000136,0.099999999875,0.099999999949,0.099999999840,0.099999999901,0.099999999938,0.100000000042,0.100000000283,0.099999999848,0.100000000188
0.100000000159,0.099999999854,0.099999999940,0.099999999813,0.099999999884,0.099999999927,0.100000000049,0.100000000331,0.099999999822,0.100000000221
0.100000000113,0.099999999896,0.099999999957,0.099999999866,0.099999999917,0.099999999948,0.100000000035,0.100000000236,0.099999999872,0.100000000158
0.100000000148,0.099999999864,0.099999999944,0.099999999826,0.099999999892,0.099999999932,0.100000000046,0.100000000309,0.099999999834,0.100000000206
0.100000000130,0.099999999880,0.099999999951,0.099999999847,0.099999999905,0.099999999941,0.100000000040,0.100000000271,0.099999999854,0.100000000180
0.100000000250,0.099999999770,0.099999999906,0.099999999706,0.099999999818,0.099999999886,0.100000000077,0.100000000521,0.099999999719,0.100000000347
0.100000000210,0.099999999806,0.099999999921,0.099999999753,0.099999999846,0.099999999904,0.100000000065,0.100000000438,0.099999999764,0.100000000292
0.100000000022,0.099999999979,0.099999999992,0.099999999974,0.099999999984,0.099999999990,0.100000000007,0.100000000047,0.099999999975,0.100000000031
0.100000000162,0.099999999851,0.099999999939,0.099999999809,0.099999999882,0.099999999926,0.100000000050,0.100000000338,0.099999999818,0.100000000225
0.100000000123,0.099999999887,0.099999999954,0.099999999855,0.099999999910,0.099999999944,0.100000000038,0.100000000257,0.099999999862,0.100000000171
0.100000000134,0.099999999877,0.099999999950,0.099999999843,0.099999999903,0.099999999939,0.100000000041,0.100000000278,0.099999999850,0.100000000186
0.100000000108,0.099999999901,0.099999999959,0.099999999873,0.099999999921,0.099999999951,0.100000000033,0.100000000225,0.099999999879,0.100000000150
0.100000000144,0.099999999867,0.099999999946,0.099999999830,0.099999999895,0.099999999934,0.100000000045,0.100000000300,0.099999999838,0.100000000200
0.100000000165,0.099999999848,0.099999999938,0.099999999806,0.099999999879,0.099999999925,0.100000000051,0.100000000344,0.099999999815,0.100000000229
0.100000000047,0.099999999957,0.099999999982,0.099999999944,0.099999999966,0.099999999978,0.100000000015,0.100000000098,0.099999999947,0.100000000065
0.100000000069,0.099999999936,0.099999999974,0.099999999918,0.099999999950,0.099999999968,0.100000000022,0.100000000144,0.099999999922,0.100000000096
0.100000000166,0.099999999847,0.099999999937,0.099999999804,0.099999999879,0.099999999924,0.100000000052,0.100000000347,0.099999999813,0.100000000231
0.100000000060,0.099999999944,0.099999999977,0.099999999929,0.099999999956,0.099999999972,0.100000000019,0.100000000126,0.099999999932,0.100000000084
0.100000000164,0.099999999848,0.099999999938,0.099999999807,0.099999999880,0.099999999925,0.100000000051,0.100000000343,0.099999999816,0.100000000228
0.100000000051,0.099999999953,0.099999999981,0.099999999940,0.099999999963,0.099999999977,0.100000000016,0.100000000106,0.099999999943,0.100000000071
0.100000000162,0.099999999851,0.099999999939,0.099999999810,0.099999999882,0.099999999926,0.100000000050,0.100000000337,0.099999999819,0.100000000225
0.100000000177,0.099999999837,0.099999999933,0.099999999791,0.099999999871,0.099999999919,0.100000000055,0.100000000369,0.099999999801,0.100000000246
0.100000000177,0.099999999837,0.099999999933,0.099999999792,0.099999999871,0.099999999919,0.100000000055,0.100000000369,0.099999999801,0.100000000246
0.100000000160,0.099999999852,0.099999999940,0.099999999811,0.099999999883,0.099999999927,0.100000000050,0.100000000334,0.099999999820,0.100000000223
0.100000000077,0.099999999929,0.099999999971,0.099999999910,0.099999999944,0.099999999965,0.100000000024,0.100000000160,0.099999999914,0.100000000107
0.100000000135,0.099999999876,0.099999999949,0.099999999841,0.099999999901,0.099999999938,0.100000000042,0.100000000281,0.099999999849,0.100000000188
0.100000000208,0.099999999808,0.099999999922,0.099999999755,0.099999999848,0.099999999905,0.100000000065,0.100000000434,0.099999999766,0.100000000290
0.100000000139,0.099999999872,0.099999999948,0.099999999836,0.099999999898,0.099999999936,0.100000000043,0.100000000290,0.099999999844,0.100000000193
0.100000000149,0.099999999863,0.099999999944,0.099999999825,0.099999999891,0.099999999932,0.100000000046,0.100000000311,0.099999999833,0.100000000207
0.100000000142,0.099999999869,0.099999999947,0.099999999833,0.099999999896,0.099999999935,0.100000000044,0.100000000296,0.099999999840,0.100000000197
0.100000000182,0.099999999832,0.099999999931,0.099999999785,0.099999999867,0.099999999917,0.100000000056,0.100000000381,0.099999999795,0.100000000254
0.100000000118,0.099999999892,0.099999999956,0.099999999861,0.099999999915,0.099999999946,0.100000000037,0.100000000245,0.099999999868,0.100000000163
0.100000000228,0.099999999790,0.099999999914,0.099999999732,0.099999999834,0.099999999896,0.100000000070,0.100000000475,0.099999999744,0.100000000317
0.100000000203,0.099999999813,0.099999999924,0.099999999762,0.099999999852,0.099999999908,0.100000000063,0.100000000422,0.099999999772,0.100000000281
0.100000000208,0.099999999808,0.099999999922,0.099999999755,0.099999999848,0.099999999905,0.100000000064,0.100000000434,0.099999999766,0.100000000289
0.100000000076,0.099999999930,0.099999999972,0.099999999911,0.099999999945,0.099999999965,0.100000000023,0.100000000158,0.099999999915,0.100000000105
0.100000000174,0.099999999840,0.099999999935,0.099999999795,0.099999999873,0.099999999920,0.100000000054,0.100000000363,0.099999999804,0.100000000242
0.100000000127,0.099999999883,0.099999999952,0.099999999850,0.099999999907,0.099999999942,0.100000000039,0.100000000266,0.099999999857,0.100000000177
0.100000000178,0.099999999836,0.099999999933,0.099999999790,0.099999999870,0.099999999919,0.100000000055,0.100000000372,0.099999999800,0.100000000248
0.100000000107,0.099999999901,0.099999999960,0.099999999873,0.099999999922,0.099999999951,0.100000000033,0.100000000224,0.099999999879,0.100000000149
0.100000000170,0.099999999843,0.099999999936,0.099999999799,0.099999999876,0.099999999922,0.100000000053,0.100000000355,0.099999999808,0.100000000237
0.100000000144,0.099999999868,0.099999999946,0.099999999831,0.099999999895,0.099999999934,0.100000000044,0.100000000300,0.099999999839,0.100000000200
0.100000000138,0.099999999873,0.099999999948,0.099999999838,0.099999999899,0.099999999937,0.100000000043,0.100000000287,0.099999999845,0.100000000192
0.100000000117,0.099999999892,0.099999999956,0.099999999863,0.099999999915,0.099999999947,0.100000000036,0.100000000244,0.099999999869,0.100000000162
0.100000000071,0.099999999934,0.099999999973,0.099999999916,0.099999999948,0.099999999967,0.100000000022,0.100000000149,0.099999999920,0.100000000099
0.100000000085,0.099999999922,0.099999999968,0.099999999900,0.099999999938,0.099999999961,0.100000000026,0.100000000177,0.099999999905,0.100000000118
0.100000000157,0.099999999855,0.099999999941,0.099999999815,0.099999999885,0.099999999928,0.100000000049,0.100000000327,0.099999999823,0.100000000218
0.100000000167,0.099999999846,0.099999999937,0.099999999803,0.099999999878,0.099999999924,0.100000000052,0.100000000348,0.099999999812,0.100000000232
0.100000000114,0.099999999895,0.099999999957,0.099999999866,0.099999999917,0.099999999948,0.100000000035,0.100000000237,0.099999999872,0.100000000158
0.100000000140,0.099999999871,0.099999999947,0.099999999835,0.099999999898,0.099999999936,0.100000000043,0.100000000292,0.099999999843,0.100000000194
0.100000000206,0.099999999811,0.099999999923,0.099999999758,0.099999999850,0.099999999906,0.100000000064,0.100000000429,0.099999999769,0.100000000286
0.100000000155,0.099999999857,0.099999999942,0.099999999817,0.099999999886,0.099999999929,0.100000000048,0.100000000324,0.099999999826,0.100000000216
0.100000000172,0.099999999842,0.099999999935,0.099999999798,0.099999999874,0.099999999921,0.100000000053,0.100000000359,0.099999999807,0.100000000239
0.100000000065,0.099999999940,0.099999999976,0.099999999923,0.099999999952,0.099999999970,0.100000000020,0.100000000136,0.099999999927,0.100000000091
0.100000000078,0.099999999928,0.099999999971,0.099999999908,0.099999999943,0.099999999964,0.100000000024,0.100000000163,0.099999999912,0.100000000109
0.100000000166,0.099999999847,0.099999999938,0.099999999805,0.099999999879,0.099999999924,0.100000000051,0.100000000346,0.099999999814,0.100000000230
0.100000000133,0.099999999878,0.099999999950,0.099999999844,0.099999999903,0.099999999939,0.100000000041,0.100000000277,0.099999999851,0.100000000184
0.100000000153,0.099999999859,0.099999999942,0.099999999820,0.099999999888,0.099999999930,0.100000000047,0.100000000319,0.099999999828,0.100000000213
0.100000000095,0.099999999913,0.099999999964,0.099999999888,0.099999999931,0.099999999957,0.100000000029,0.100000000198,0.099999999893,0.100000000132
0.100000000144,0.099999999867,0.099999999946,0.099999999831,0.099999999895,0.099999999934,0.100000000044,0.100000000300,0.099999999839,0.100000000200
0.100000000159,0.099999999854,0.099999999940,0.099999999813,0.099999999884,0.099999999927,0.100000000049,0.100000000331,0.099999999822,0.100000000221
0.100000000082,0.099999999924,0.099999999969,0.099999999903,0.099999999940,0.099999999962,0.100000000025,0.100000000172,0.099999999908,0.100000000115
0.100000000143,0.099999999868,0.099999999946,0.099999999832,0.099999999896,0.099999999935,0.100000000044,0.100000000298,0.099999999840,0.100000000199
0.100000000190,0.099999999825,0.099999999929,0.099999999776,0.099999999861,0.099999999913,0.100000000059,0.100000000397,0.099999999787,0.100000000264
0.100000000121,0.099999999888,0.099999999954,0.099999999857,0.099999999911,0.099999999945,0.100000000037,0.100000000253,0.099999999864,0.100000000169
0.100000000191,0.099999999824,0.099999999928,0.099999999775,0.099999999860,0.099999999913,0.100000000059,0.100000000399,0.099999999785,0.100000000266
0.100000000120,0.099999999889,0.099999999955,0.099999999859,0.099999999912,0.099999999945,0.100000000037,0.100000000251,0.099999999865,0.100000000167
0.100000000123,0.099999999887,0.099999999954,0.099999999855,0.099999999910,0.099999999944,0.100000000038,0.100000000256,0.099999999862,0.100000000171
0.100000000152,0.099999999860,0.099999999943,0.099999999821,0.099999999889,0.099999999931,0.100000000047,0.100000000317,0.099999999829,0.100000000211
0.100000000161,0.099999999852,0.099999999940,0.099999999811,0.099999999883,0.099999999927,0.100000000050,0.100000000334,0.099999999819,0.100000000223
0.100000000241,0.099999999778,0.099999999909,0.099999999716,0.099999999824,0.099999999890,0.100000000075,0.100000000503,0.099999999729,0.100000000335
0.100000000142,0.099999999869,0.099999999946,0.099999999832,0.099999999896,0.099999999935,0.100000000044,0.100000000297,0.099999999840,0.100000000198
0.100000000148,0.099999999863,0.099999999944,0.099999999825,0.099999999892,0.099999999932,0.100000000046,0.100000000309,0.099999999833,0.100000000206
0.100000000142,0.099999999869,0.099999999947,0.099999999832,0.099999999896,0.099999999935,0.100000000044,0.100000000297,0.099999999840,0.100000000198
0.100000000141,0.099999999870,0.099999999947,0.099999999834,0.099999999897,0.099999999935,0.100000000044,0.100000000295,0.099999999841,0.100000000197
0.100000000092,0.099999999915,0.099999999965,0.099999999892,0.099999999933,0.099999999958,0.100000000029,0.100000000192,0.099999999897,0.100000000128
0.100000000176,0.099999999838,0.099999999934,0.099999999793,0.099999999872,0.099999999920,0.100000000054,0.100000000366,0.099999999803,0.100000000244
0.100000000003,0.099999999997,0.099999999999,0.099999999996,0.099999999998,0.099999999999,0.100000000001,0.100000000007,0.099999999996,0.100000000005
0.100000000088,0.099999999919,0.099999999967,0.099999999896,0.099999999936,0.099999999960,0.100000000027,0.100000000184,0.099999999901,0.100000000123
0.100000000188,0.099999999827,0.099999999929,0.099999999779,0.099999999863,0.099999999914,0.100000000058,0.100000000391,0.099999999789,0.100000000261
0.100000000068,0.099999999937,0.099999999974,0.099999999919,0.099999999950,0.099999999969,0.100000000021,0.100000000143,0.099999999923,0.100000000095
0.100000000198,0.099999999818,0.099999999926,0.099999999767,0.099999999856,0.099999999910,0.100000000061,0.100000000413,0.099999999778,0.100000000275
0.100000000216,0.099999999801,0.099999999919,0.099999999746,0.099999999842,0.099999999901,0.100000000067,0.100000000451,0.099999999757,0.100000000300
0.100000000109,0.099999999900,0.099999999959,0.099999999872,0.099999999921,0.099999999950,0.100000000034,0.100000000227,0.099999999878,0.100000000151
0.100000000117,0.099999999892,0.099999999956,0.099999999863,0.099999999915,0.099999999947,0.100000000036,0.100000000243,0.099999999869,0.100000000162
0.100000000077,0.099999999929,0.099999999971,0.099999999909,0.099999999943,0.099999999965,0.100000000024,0.100000000161,0.099999999913,0.100000000108
0.100000000184,0.099999999830,0.099999999931,0.099999999783,0.099999999865,0.099999999916,0.100000000057,0.100000000385,0.099999999793,0.100000000257
0.100000000162,0.099999999851,0.099999999939,0.099999999810,0.099999999882,0.099999999926,0.100000000050,0.100000000338,0.099999999818,0.100000000225
0.100000000163,0.099999999850,0.099999999939,0.099999999808,0.099999999881,0.099999999925,0.100000000050,0.100000000340,0.099999999817,0.100000000227
0.100000000140,0.099999999871,0.099999999947,0.099999999835,0.099999999898,0.099999999936,0.100000000043,0.100000000292,0.099999999843,0.100000000194
0.100000000125,0.099999999885,0.099999999953,0.099999999853,0.099999999909,0.099999999943,0.100000000039,0.100000000261,0.099999999859,0.100000000174
0.100000000152,0.099999999860,0.099999999943,0.099999999821,0.099999999889,0.099999999930,0.100000000047,0.100000000317,0.099999999829,0.100000000212
0.100000000135,0.099999999876,0.099999999949,0.099999999841,0.099999999902,0.099999999938,0.100000000042,0.100000000281,0.099999999849,0.100000000187
0.100000000145,0.099999999866,0.099999999946,0.099999999830,0.099999999894,0.099999999934,0.100000000045,0.100000000302,0.099999999838,0.100000000201
0.100000000102,0.099999999905,0.099999999961,0.099999999879,0.099999999925,0.099999999953,0.100000000032,0.100000000214,0.099999999885,0.100000000142
0.100000000041,0.099999999962,0.099999999985,0.099999999952,0.099999999970,0.099999999981,0.100000000013,0.100000000085,0.099999999954,0.100000000057
0.100000000045,0.099999999958,0.099999999983,0.099999999947,0.099999999967,0.099999999979,0.100000000014,0.100000000094,0.099999999949,0.100000000063
0.100000000064,0.099999999941,0.099999999976,0.099999999925,0.099999999953,0.099999999971,0.100000000020,0.100000000133,0.099999999928,0.100000000089
0.100000000046,0.099999999958,0.099999999983,0.099999999946,0.099999999967,0.099999999979,0.100000000014,0.100000000096,0.099999999949,0.100000000064
0.100000000214,0.099999999803,0.099999999919,0.099999999748,0.099999999844,0.099999999902,0.100000000066,0.100000000447,0.099999999759,0.100000000298
0.100000000200,0.099999999816,0.099999999925,0.099999999765,0.099999999854,0.099999999909,0.100000000062,0.100000000416,0.099999999776,0.100000000277
0.100000000210,0.099999999806,0.099999999921,0.099999999753,0.099999999847,0.099999999904,0.100000000065,0.100000000438,0.099999999764,0.100000000292
0.100000000160,0.099999999852,0.099999999940,0.099999999811,0.099999999883,0.099999999927,0.100000000050,0.100000000334,0.099999999820,0.100000000223
0.100000000092,0.099999999915,0.099999999966,0.099999999892,0.099999999933,0.099999999958,0.100000000028,0.100000000191,0.099999999897,0.100000000127
0.100000000173,0.099999999841,0.099999999935,0.099999999797,0.099999999874,0.099999999921,0.100000000053,0.100000000360,0.099999999806,0.100000000240
0.100000000100,0.099999999908,0.099999999962,0.099999999882,0.099999999927,0.099999999954,0.100000000031,0.100000000209,0.099999999887,0.100000000139
0.100000000149,0.099999999863,0.099999999944,0.099999999825,0.099999999891,0.099999999932,0.100000000046,0.100000000311,0.099999999833,0.100000000207
0.100000000148,0.099999999863,0.099999999944,0.099999999825,0.099999999892,0.099999999932,0.100000000046,0.100000000310,0.099999999833,0.100000000206
0.100000000174,0.099999999840,0.099999999935,0.099999999795,0.099999999873,0.099999999921,0.100000000054,0.100000000363,0.099999999805,0.100000000242
0.100000000087,0.099999999920,0.099999999967,0.099999999898,0.099999999937,0.099999999960,0.100000000027,0.100000000181,0.099999999902,0.100000000121
0.100000000169,0.099999999844,0.099999999937,0.099999999801,0.099999999877,0.099999999923,0.100000000052,0.100000000352,0.099999999810,0.100000000235
0.100000000104,0.099999999904,0.099999999961,0.099999999878,0.099999999924,0.099999999952,0.100000000032,0.100000000217,0.099999999883,0.100000000145
0.100000000085,0.099999999922,0.099999999968,0.099999999900,0.099999999938,0.099999999961,0.100000000026,0.100000000176,0.099999999905,0.100000000118
0.100000000177,0.099999999836,0.099999999933,0.099999999791,0.099999999870,0.099999999919,0.100000000055,0.100000000370,0.099999999801,0.100000000247
0.100000000216,0.099999999801,0.099999999919,0.099999999746,0.099999999843,0.099999999902,0.100000000067,0.100000000450,0.099999999758,0.100000000300
0.100000000112,0.099999999896,0.099999999958,0.099999999868,0.099999999918,0.099999999949,0.100000000035,0.100000000234,0.099999999874,0.100000000156
0.100000000095,0.099999999912,0.099999999964,0.099999999888,0.099999999931,0.099999999957,0.100000000030,0.100000000198,0.099999999893,0.100000000132
0.100000000164,0.099999999849,0.099999999939,0.099999999808,0.099999999881,0.099999999925,0.100000000051,0.100000000341,0.099999999816,0.100000000227
0.100000000172,0.099999999841,0.099999999935,0.099999999798,0.099999999874,0.099999999921,0.100000000053,0.100000000359,0.099999999807,0.100000000239
0.100000000163,0.099999999849,0.099999999939,0.099999999808,0.099999999881,0.099999999925,0.100000000051,0.100000000341,0.099999999816,0.100000000227
0.100000000097,0.099999999911,0.099999999964,0.099999999886,0.099999999930,0.099999999956,0.100000000030,0.100000000201,0.099999999891,0.100000000134
0.100000000215,0.099999999802,0.099999999919,0.099999999747,0.099999999843,0.099999999902,0.100000000066,0.100000000448,0.099999999759,0.100000000299
0.100000000143,0.099999999868,0.099999999946,0.099999999832,0.099999999895,0.099999999935,0.100000000044,0.100000000299,0.099999999840,0.100000000199
0.100000000145,0.099999999866,0.099999999946,0.099999999829,0.099999999894,0.099999999934,0.100000000045,0.100000000302,0.099999999837,0.100000000202
0.100000000160,0.099999999853,0.099999999940,0.099999999812,0.099999999884,0.099999999927,0.100000000049,0.100000000333,0.099999999821,0.100000000222
0.100000000158,0.099999999854,0.099999999940,0.099999999814,0.099999999884,0.099999999928,0.100000000049,0.100000000330,0.099999999822,0.100000000220
0.100000000138,0.099999999873,0.099999999948,0.099999999838,0.099999999899,0.099999999937,0.100000000043,0.100000000287,0.099999999845,0.100000000192
0.100000000123,0.099999999886,0.099999999954,0.099999999855,0.099999999910,0.099999999944,0.100000000038,0.100000000257,0.099999999861,0.100000000172
0.100000000137,0.099999999874,0.099999999949,0.099999999839,0.099999999900,0.099999999938,0.100000000042,0.100000000285,0.099999999846,0.100000000190
0.100000000168,0.099999999845,0.099999999937,0.099999999802,0.099999999877,0.099999999923,0.100000000052,0.100000000351,0.099999999811,0.100000000234
0.100000000153,0.099999999859,0.099999999943,0.099999999820,0.099999999889,0.099999999930,0.100000000047,0.100000000318,0.099999999829,0.100000000212
0.100000000124,0.099999999886,0.099999999953,0.099999999854,0.099999999909,0.099999999943,0.100000000038,0.100000000259,0.099999999861,0.100000000173
0.099999999886,0.100000000105,0.100000000043,0.100000000134,0.100000000083,0.100000000052,0.099999999965,0.099999999763,0.100000000128,0.099999999842
0.100000000013,0.099999999989,0.099999999995,0.099999999985,0.099999999991,0.099999999994,0.100000000004,0.100000000026,0.099999999986,0.100000000018
0.099999999963,0.100000000034,0.100000000014,0.100000000044,0.100000000027,0.100000000017,0.099999999988,0.099999999923,0.100000000042,0.099999999948
0.100000000107,0.099999999902,0.099999999960,0.099999999874,0.099999999922,0.099999999951,0.100000000033,0.100000000223,0.099999999880,0.100000000149
0.100000000160,0.099999999852,0.099999999940,0.099999999812,0.099999999883,0.099999999927,0.100000000049,0.100000000334,0.099999999820,0.100000000222
0.100000000135,0.099999999876,0.099999999949,0.099999999841,0.099999999901,0.099999999938,0.100000000042,0.100000000281,0.099999999848,0.100000000188
0.100000000087,0.099999999920,0.099999999967,0.099999999898,0.099999999937,0.099999999960,0.100000000027,0.100000000181,0.099999999902,0.100000000120
0.100000000148,0.099999999863,0.099999999944,0.099999999826,0.099999999892,0.099999999932,0.100000000046,0.100000000309,0.099999999834,0.100000000206
0.100000000187,0.099999999828,0.099999999930,0.099999999780,0.099999999863,0.099999999915,0.100000000058,0.100000000390,0.099999999790,0.100000000260
0.100000000171,0.099999999842,0.099999999936,0.099999999798,0.099999999875,0.099999999922,0.100000000053,0.100000000358,0.099999999808,0.100000000238
0.099999999848,0.100000000140,0.100000000057,0.100000000179,0.100000000111,0.100000000069,0.099999999953,0.099999999683,0.100000000171,0.099999999789
0.100000000097,0.099999999911,0.099999999963,0.099999999885,0.099999999929,0.099999999956,0.100000000030,0.100000000202,0.099999999891,0.100000000135
0.100000000103,0.099999999906,0.099999999961,0.099999999879,0.099999999925,0.099999999953,0.100000000032,0.100000000214,0.099999999885,0.100000000142
0.100000000177,0.099999999837,0.099999999934,0.099999999792,0.099999999871,0.099999999919,0.100000000055,0.100000000369,0.099999999801,0.100000000246
0.100000000086,0.099999999921,0.099999999968,0.099999999899,0.099999999937,0.099999999961,0.100000000027,0.100000000179,0.099999999904,0.100000000119
0.100000000128,0.099999999882,0.099999999952,0.099999999850,0.099999999907,0.099999999942,0.100000000039,0.100000000266,0.099999999857,0.100000000178
0.100000000087,0.099999999920,0.099999999967,0.099999999897,0.099999999936,0.099999999960,0.100000000027,0.100000000182,0.099999999902,0.100000000121
0.100000000166,0.099999999847,0.099999999938,0.099999999804,0.099999999879,0.099999999924,0.100000000051,0.100000000347,0.099999999813,0.100000000231
0.100000000022,0.099999999980,0.099999999992,0.099999999974,0.099999999984,0.099999999990,0.100000000007,0.100000000045,0.099999999975,0.100000000030
0.100000000137,0.099999999874,0.099999999949,0.099999999839,0.099999999900,0.099999999938,0.100000000042,0.100000000285,0.099999999847,0.100000000190
0.100000000087,0.099999999920,0.099999999967,0.099999999897,0.099999999936,0.099999999960,0.100000000027,0.100000000182,0.099999999902,0.100000000122
0.100000000151,0.099999999860,0.099999999943,0.099999999822,0.099999999889,0.099999999931,0.100000000047,0.100000000316,0.099999999830,0.100000000210
0.100000000098,0.099999999910,0.099999999963,0.099999999885,0.099999999929,0.099999999955,0.100000000030,0.100000000204,0.099999999890,0.100000000136
0.100000000094,0.099999999913,0.099999999965,0.099999999889,0.099999999932,0.099999999957,0.100000000029,0.100000000196,0.099999999894,0.100000000131
0.100000000048,0.099999999956,0.099999999982,0.099999999944,0.099999999965,0.099999999978,0.100000000015,0.100000000100,0.099999999946,0.100000000066
0.100000000252,0.099999999768,0.099999999905,0.099999999704,0.099999999816,0.099999999885,0.100000000078,0.100000000525,0.099999999717,0.100000000350
0.100000000264,0.099999999756,0.099999999901,0.099999999689,0.099999999807,0.099999999879,0.100000000082,0.100000000551,0.099999999703,0.100000000367
0.100000000176,0.099999999838,0.099999999934,0.099999999793,0.099999999871,0.099999999920,0.100000000054,0.100000000367,0.099999999802,0.100000000244
0.100000000163,0.099999999850,0.099999999939,0.099999999808,0.099999999881,0.099999999926,0.100000000050,0.100000000339,0.099999999817,0.100000000226
0.100000000188,0.099999999827,0.099999999929,0.099999999779,0.099999999863,0.099999999914,0.100000000058,0.100000000391,0.099999999789,0.100000000261
0.100000000183,0.099999999831,0.099999999931,0.099999999785,0.099999999866,0.099999999916,0.100000000057,0.100000000382,0.099999999794,0.100000000254
0.100000000199,0.099999999816,0.099999999925,0.099999999766,0.099999999854,0.099999999909,0.100000000061,0.100000000416,0.099999999777,0.100000000277
0.100000000085,0.099999999922,0.099999999968,0.099999999899,0.099999999938,0.099999999961,0.100000000027,0.100000000178,0.099999999904,0.100000000119
0.100000000117,0.099999999892,0.099999999956,0.099999999862,0.099999999914,0.099999999946,0.100000000036,0.100000000245,0.099999999868,0.100000000163
0.100000000181,0.099999999834,0.099999999932,0.099999999788,0.099999999868,0.099999999918,0.100000000056,0.100000000376,0.099999999797,0.100000000251
0.100000000185,0.099999999829,0.099999999930,0.099999999782,0.099999999865,0.099999999915,0.100000000057,0.100000000387,0.099999999792,0.100000000258
0.100000000110,0.099999999899,0.099999999959,0.099999999871,0.099999999920,0.099999999950,0.100000000034,0.100000000229,0.099999999877,0.100000000153
0.100000000138,0.099999999873,0.099999999948,0.099999999837,0.099999999899,0.099999999937,0.100000000043,0.100000000288,0.099999999845,0.100000000192
0.100000000149,0.099999999863,0.099999999944,0.099999999825,0.099999999891,0.099999999932,0.100000000046,0.100000000311,0.099999999833,0.100000000207
0.100000000174,0.099999999839,0.099999999934,0.099999999795,0.099999999872,0.099999999920,0.100000000054,0.100000000364,0.099999999804,0.100000000242
0.100000000192,0.099999999823,0.099999999928,0.099999999774,0.099999999860,0.099999999912,0.100000000060,0.100000000401,0.099999999784,0.100000000267
0.100000000175,0.099999999839,0.099999999934,0.099999999794,0.099999999872,0.099999999920,0.100000000054,0.100000000365,0.099999999804,0.100000000243
0.100000000113,0.099999999896,0.099999999957,0.099999999867,0.099999999917,0.099999999948,0.100000000035,0.100000000236,0.099999999873,0.100000000157
0.100000000195,0.099999999821,0.099999999927,0.099999999771,0.099999999858,0.099999999911,0.100000000060,0.100000000406,0.099999999782,0.100000000271
0.100000000032,0.099999999971,0.099999999988,0.099999999962,0.099999999977,0.099999999985,0.100000000010,0.100000000067,0.099999999964,0.100000000044
0.100000000007,0.099999999993,0.099999999997,0.099999999992,0.099999999995,0.099999999997,0.100000000002,0.100000000015,0.099999999992,0.100000000010
0.100000000153,0.099999999859,0.099999999942,0.099999999820,0.099999999888,0.099999999930,0.100000000047,0.100000000319,0.099999999828,0.100000000213
0.100000000102,0.099999999906,0.099999999962,0.099999999880,0.099999999925,0.099999999953,0.100000000032,0.100000000213,0.099999999885,0.100000000142
0.100000000126,0.099999999884,0.099999999953,0.099999999852,0.099999999908,0.099999999943,0.100000000039,0.100000000263,0.099999999859,0.100000000175
0.100000000095,0.099999999913,0.099999999964,0.099999999888,0.099999999931,0.099999999957,0.100000000029,0.100000000197,0.099999999894,0.100000000132
0.100000000186,0.099999999828,0.099999999930,0.099999999781,0.099999999864,0.099999999915,0.100000000057,0.100000000388,0.099999999791,0.100000000259
0.100000000098,0.099999999910,0.099999999963,0.099999999884,0.099999999928,0.099999999955,0.100000000030,0.100000000205,0.099999999890,0.100000000136
0.100000000185,0.099999999829,0.099999999930,0.099999999782,0.099999999865,0.099999999915,0.100000000057,0.100000000386,0.099999999792,0.100000000257
0.100000000133,0.099999999877,0.099999999950,0.099999999844,0.099999999903,0.099999999939,0.100000000041,0.100000000277,0.099999999851,0.100000000185
0.100000000129,0.099999999881,0.099999999952,0.099999999848,0.099999999906,0.099999999941,0.100000000040,0.100000000269,0.099999999855,0.100000000179
0.100000000201,0.099999999814,0.099999999924,0.099999999763,0.099999999853,0.099999999908,0.100000000062,0.100000000420,0.099999999774,0.100000000280
0.100000000133,0.099999999877,0.099999999950,0.099999999844,0.099999999903,0.099999999939,0.100000000041,0.100000000278,0.099999999851,0.100000000185
0.100000000142,0.099999999869,0.099999999947,0.099999999833,0.099999999896,0.099999999935,0.100000000044,0.100000000296,0.099999999841,0.100000000197
0.100000000130,0.099999999880,0.099999999951,0.099999999847,0.099999999905,0.099999999940,0.100000000040,0.100000000272,0.099999999854,0.100000000181
0.100000000060,0.099999999944,0.099999999977,0.099999999929,0.099999999956,0.099999999972,0.100000000019,0.100000000126,0.099999999932,0.100000000084
0.100000000151,0.099999999861,0.099999999943,0.099999999822,0.099999999890,0.099999999931,0.100000000047,0.100000000315,0.099999999830,0.100000000210
0.100000000137,0.099999999874,0.099999999949,0.099999999839,0.099999999900,0.099999999937,0.100000000042,0.100000000286,0.099999999846,0.100000000190
0.100000000160,0.099999999852,0.099999999940,0.099999999811,0.099999999883,0.099999999927,0.100000000050,0.100000000334,0.099999999820,0.100000000223
0.100000000197,0.099999999818,0.099999999926,0.099999999768,0.099999999856,0.099999999910,0.100000000061,0.100000000411,0.099999999779,0.100000000274
0.100000000146,0.099999999866,0.099999999945,0.099999999829,0.099999999894,0.099999999933,0.100000000045,0.100000000304,0.099999999836,0.100000000202
0.100000000077,0.099999999929,0.099999999971,0.099999999909,0.099999999944,0.099999999965,0.100000000024,0.100000000161,0.099999999914,0.100000000107
0.100000000109,0.099999999899,0.099999999959,0.099999999871,0.099999999920,0.099999999950,0.100000000034,0.100000000228,0.099999999877,0.100000000152
0.100000000127,0.099999999883,0.099999999952,0.099999999851,0.099999999907,0.099999999942,0.100000000039,0.100000000265,0.099999999857,0.100000000176
0.100000000136,0.099999999875,0.099999999949,0.099999999840,0.099999999900,0.099999999938,0.100000000042,0.100000000284,0.099999999847,0.100000000189
0.100000000098,0.099999999910,0.099999999963,0.099999999885,0.099999999929,0.099999999955,0.100000000030,0.100000000204,0.099999999890,0.100000000136
0.100000000159,0.099999999853,0.099999999940,0.099999999812,0.099999999883,0.099999999927,0.100000000049,0.100000000333,0.099999999821,0.100000000222
0.100000000044,0.099999999960,0.099999999984,0.099999999948,0.099999999968,0.099999999980,0.100000000014,0.100000000091,0.099999999951,0.100000000061
0.100000000153,0.099999999859,0.099999999943,0.099999999820,0.099999999889,0.099999999930,0.100000000047,0.100000000318,0.099999999829,0.100000000212
0.100000000117,0.099999999892,0.099999999956,0.099999999862,0.099999999915,0.099999999947,0.100000000036,0.100000000244,0.099999999869,0.100000000163
0.100000000056,0.099999999948,0.099999999979,0.099999999934,0.099999999959,0.099999999974,0.100000000017,0.100000000117,0.099999999937,0.100000000078
0.100000000097,0.099999999911,0.099999999964,0.099999999886,0.099999999930,0.099999999956,0.100000000030,0.100000000201,0.099999999891,0.100000000134
0.100000000101,0.099999999907,0.099999999962,0.099999999881,0.099999999927,0.099999999954,0.100000000031,0.100000000210,0.099999999887,0.100000000140
0.100000000108,0.099999999901,0.099999999959,0.099999999873,0.099999999921,0.099999999951,0.100000000034,0.100000000225,0.099999999879,0.100000000150
0.100000000145,0.099999999867,0.099999999945,0.099999999829,0.099999999894,0.099999999934,0.100000000045,0.100000000302,0.099999999837,0.100000000201
0.100000000154,0.099999999858,0.099999999942,0.099999999819,0.099999999888,0.099999999930,0.100000000048,0.100000000321,0.099999999827,0.100000000214
0.100000000153,0.099999999859,0.099999999943,0.099999999820,0.099999999888,0.099999999930,0.100000000047,0.100000000319,0.099999999828,0.100000000212
0.100000000216,0.099999999801,0.099999999919,0.099999999746,0.099999999842,0.099999999901,0.100000000067,0.100000000451,0.099999999757,0.100000000300
0.100000000203,0.099999999813,0.099999999924,0.099999999762,0.099999999852,0.099999999907,0.100000000063,0.100000000423,0.099999999773,0.100000000282
0.100000000119,0.099999999890,0.099999999955,0.099999999860,0.099999999913,0.099999999946,0.100000000037,0.100000000248,0.099999999866,0.100000000165
0.100000000103,0.099999999905,0.099999999961,0.099999999879,0.099999999925,0.099999999953,0.100000000032,0.100000000214,0.099999999884,0.100000000143
0.100000000070,0.099999999935,0.099999999974,0.099999999917,0.099999999949,0.099999999968,0.100000000022,0.100000000147,0.099999999921,0.100000000098
0.100000000095,0.099999999913,0.099999999964,0.099999999888,0.099999999931,0.099999999957,0.100000000029,0.100000000198,0.099999999893,0.100000000132
0.100000000213,0.099999999804,0.099999999920,0.099999999750,0.099999999845,0.099999999903,0.100000000066,0.100000000444,0.099999999761,0.100000000296
0.100000000131,0.099999999879,0.099999999951,0.099999999846,0.099999999904,0.099999999940,0.100000000041,0.100000000273,0.099999999853,0.100000000182
0.100000000130,0.099999999880,0.099999999951,0.099999999847,0.099999999905,0.099999999941,0.100000000040,0.100000000270,0.099999999854,0.100000000180
0.100000000043,0.099999999960,0.099999999984,0.099999999949,0.099999999969,0.099999999980,0.100000000013,0.100000000090,0.099999999952,0.100000000060
0.100000000256,0.099999999764,0.099999999904,0.099999999699,0.099999999813,0.099999999883,0.100000000079,0.100000000534,0.099999999713,0.100000000356
0.100000000165,0.099999999848,0.099999999938,0.099999999806,0.099999999880,0.099999999925,0.100000000051,0.100000000344,0.099999999815,0.100000000229
0.100000000092,0.099999999916,0.099999999966,0.099999999892,0.099999999933,0.099999999958,0.100000000028,0.100000000191,0.099999999897,0.100000000127
0.100000000153,0.099999999859,0.099999999943,0.099999999820,0.099999999888,0.099999999930,0.100000000047,0.100000000319,0.099999999828,0.100000000213
0.100000000073,0.099999999933,0.099999999973,0.099999999914,0.099999999947,0.099999999967,0.100000000023,0.100000000152,0.099999999918,0.100000000101
0.100000000100,0.099999999908,0.099999999962,0.099999999882,0.099999999927,0.099999999954,0.100000000031,0.100000000209,0.099999999887,0.100000000139
0.100000000175,0.099999999838,0.099999999934,0.099999999794,0.099999999872,0.099999999920,0.100000000054,0.100000000366,0.099999999803,0.100000000244
0.100000000167,0.099999999846,0.099999999937,0.099999999804,0.099999999878,0.099999999924,0.100000000052,0.100000000348,0.099999999812,0.100000000232
0.100000000086,0.099999999920,0.099999999968,0.099999999899,0.099999999937,0.099999999961,0.100000000027,0.100000000180,0.099999999903,0.100000000120
0.100000000152,0.099999999860,0.099999999943,0.099999999822,0.099999999889,0.099999999931,0.100000000047,0.100000000316,0.099999999830,0.100000000211
0.099999999988,0.100000000011,0.100000000004,0.100000000014,0.100000000009,0.100000000005,0.099999999996,0.099999999975,0.100000000013,0.099999999984
0.100000000075,0.099999999931,0.099999999972,0.099999999912,0.099999999945,0.099999999966,0.100000000023,0.100000000157,0.099999999916,0.100000000104
0.100000000207,0.099999999809,0.099999999922,0.099999999756,0.099999999849,0.099999999905,0.100000000064,0.100000000432,0.099999999768,0.100000000288
0.100000000185,0.099999999829,0.099999999930,0.099999999782,0.099999999864,0.099999999915,0.100000000057,0.100000000387,0.099999999792,0.100000000257
0.100000000127,0.099999999883,0.099999999952,0.099999999851,0.099999999908,0.099999999942,0.100000000039,0.100000000264,0.099999999858,0.100000000176
0.100000000073,0.099999999933,0.099999999973,0.099999999914,0.099999999947,0.099999999967,0.100000000023,0.100000000152,0.099999999918,0.100000000101
0.100000000084,0.099999999923,0.099999999968,0.099999999901,0.099999999939,0.099999999962,0.100000000026,0.100000000175,0.099999999906,0.100000000117
0.100000000042,0.099999999962,0.099999999984,0.099999999951,0.099999999970,0.099999999981,0.100000000013,0.100000000086,0.099999999953,0.100000000058
0.100000000088,0.099999999919,0.099999999967,0.099999999897,0.099999999936,0.099999999960,0.100000000027,0.100000000182,0.099999999902,0.100000000122
0.100000000255,0.099999999765,0.099999999904,0.099999999700,0.099999999814,0.099999999884,0.100000000079,0.100000000532,0.099999999714,0.100000000354
0.100000000028,0.099999999974,0.099999999990,0.099999999967,0.099999999980,0.099999999987,0.100000000009,0.100000000058,0.099999999968,0.100000000039
0.100000000163,0.099999999850,0.099999999939,0.099999999809,0.099999999881,0.099999999926,0.100000000050,0.100000000339,0.099999999817,0.100000000226
0.100000000187,0.099999999827,0.099999999930,0.099999999780,0.099999999863,0.099999999915,0.100000000058,0.100000000391,0.099999999790,0.100000000260
0.100000000049,0.099999999955,0.099999999981,0.099999999942,0.099999999964,0.099999999977,0.100000000015,0.100000000103,0.099999999944,0.100000000069
0.100000000201,0.099999999814,0.099999999924,0.099999999764,0.099999999853,0.099999999908,0.100000000062,0.100000000420,0.099999999775,0.100000000279
0.100000000181,0.099999999834,0.099999999932,0.099999999788,0.099999999868,0.099999999918,0.100000000056,0.100000000377,0.099999999797,0.100000000251
0.100000000129,0.099999999881,0.099999999951,0.099999999848,0.099999999906,0.099999999941,0.100000000040,0.100000000269,0.099999999855,0.100000000180
0.100000000192,0.099999999823,0.099999999928,0.099999999774,0.099999999859,0.099999999912,0.100000000059,0.100000000401,0.099999999784,0.100000000267
0.100000000124,0.099999999886,0.099999999953,0.099999999854,0.099999999909,0.099999999943,0.100000000039,0.100000000259,0.099999999860,0.100000000173
0.100000000134,0.099999999876,0.099999999950,0.099999999842,0.099999999902,0.099999999939,0.100000000042,0.100000000280,0.099999999849,0.100000000186
0.100000000230,0.099999999788,0.099999999914,0.099999999730,0.099999999832,0.099999999895,0.100000000071,0.100000000479,0.099999999742,0.100000000319
0.100000000213,0.099999999803,0.099999999920,0.099999999749,0.099999999844,0.099999999903,0.100000000066,0.100000000445,0.099999999761,0.100000000296
0.100000000227,0.099999999791,0.099999999915,0.099999999733,0.099999999834,0.099999999896,0.100000000070,0.100000000474,0.099999999745,0.100000000316
0.100000000216,0.099999999801,0.099999999919,0.099999999745,0.099999999842,0.099999999901,0.100000000067,0.100000000451,0.099999999757,0.100000000301
0.100000000157,0.099999999855,0.099999999941,0.099999999816,0.099999999885,0.099999999928,0.100000000048,0.100000000327,0.099999999824,0.100000000218
0.100000000254,0.099999999766,0.099999999904,0.099999999701,0.099999999814,0.099999999884,0.100000000078,0.100000000530,0.099999999715,0.100000000353
0.100000000142,0.099999999870,0.099999999947,0.099999999833,0.099999999897,0.099999999935,0.100000000044,0.100000000295,0.099999999841,0.100000000197
0.100000000163,0.099999999850,0.099999999939,0.099999999808,0.099999999881,0.099999999926,0.100000000050,0.100000000340,0.099999999817,0.100000000227
0.100000000138,0.099999999873,0.099999999948,0.099999999838,0.099999999899,0.099999999937,0.100000000043,0.100000000287,0.099999999845,0.100000000191
0.100000000159,0.099999999854,0.099999999940,0.099999999813,0.099999999884,0.099999999927,0.100000000049,0.100000000331,0.099999999821,0.100000000221
0.100000000083,0.099999999923,0.099999999969,0.099999999902,0.099999999939,0.099999999962,0.100000000026,0.100000000174,0.099999999906,0.100000000116
0.100000000155,0.099999999857,0.099999999942,0.099999999818,0.099999999887,0.099999999929,0.100000000048,0.100000000322,0.099999999826,0.100000000215
0.100000000195,0.099999999820,0.099999999927,0.099999999771,0.099999999858,0.099999999911,0.100000000060,0.100000000407,0.099999999781,0.100000000271
0.100000000167,0.099999999846,0.099999999937,0.099999999804,0.099999999878,0.099999999924,0.100000000052,0.100000000348,0.099999999813,0.100000000232
0.100000000099,0.099999999908,0.099999999963,0.099999999883,0.099999999928,0.099999999955,0.100000000031,0.100000000207,0.099999999888,0.100000000138
0.100000000130,0.099999999880,0.099999999951,0.099999999847,0.099999999905,0.099999999941,0.100000000040,0.100000000271,0.099999999854,0.100000000181
0.100000000175,0.099999999838,0.099999999934,0.099999999794,0.099999999872,0.099999999920,0.100000000054,0.100000000366,0.099999999803,0.100000000244
0.100000000170,0.099999999843,0.099999999936,0.099999999800,0.099999999876,0.099999999922,0.100000000052,0.100000000355,0.099999999809,0.100000000236
0.100000000155,0.099999999857,0.099999999942,0.099999999817,0.099999999887,0.099999999929,0.100000000048,0.100000000324,0.099999999825,0.100000000216
0.100000000086,0.099999999921,0.099999999968,0.099999999899,0.099999999937,0.099999999961,0.100000000027,0.100000000179,0.099999999903,0.100000000119
0.100000000029,0.099999999973,0.099999999989,0.099999999966,0.099999999979,0.099999999987,0.100000000009,0.100000000061,0.099999999967,0.100000000041
0.100000000134,0.099999999877,0.099999999950,0.099999999842,0.099999999902,0.099999999939,0.100000000042,0.100000000279,0.099999999850,0.100000000186
0.100000000136,0.099999999875,0.099999999949,0.099999999839,0.099999999901,0.099999999938,0.100000000042,0.100000000284,0.099999999847,0.100000000189
0.100000000028,0.099999999974,0.099999999989,0.099999999967,0.099999999980,0.099999999987,0.100000000009,0.100000000059,0.099999999968,0.100000000039
0.100000000139,0.099999999872,0.099999999948,0.099999999837,0.099999999899,0.099999999937,0.100000000043,0.100000000289,0.099999999844,0.100000000193
0.100000000185,0.099999999829,0.099999999930,0.099999999782,0.099999999865,0.099999999915,0.100000000057,0.100000000386,0.099999999792,0.100000000257
0.100000000219,0.099999999798,0.099999999918,0.099999999742,0.099999999840,0.099999999900,0.100000000068,0.100000000457,0.099999999754,0.100000000304
0.100000000107,0.099999999902,0.099999999960,0.099999999874,0.099999999922,0.099999999951,0.100000000033,0.100000000223,0.099999999880,0.100000000149
0.099999999893,0.100000000098,0.100000000040,0.100000000126,0.100000000078,0.100000000049,0.099999999967,0.099999999777,0.100000000121,0.099999999851
0.100000000141,0.099999999870,0.099999999947,0.099999999834,0.099999999897,0.099999999936,0.100000000043,0.100000000294,0.099999999842,0.100000000196
0.100000000159,0.099999999854,0.099999999940,0.099999999813,0.099999999884,0.099999999927,0.100000000049,0.100000000331,0.099999999822,0.100000000221
0.100000000041,0.099999999962,0.099999999985,0.099999999952,0.099999999970,0.099999999981,0.100000000013,0.100000000086,0.099999999954,0.100000000057
0.100000000141,0.099999999870,0.099999999947,0.099999999834,0.099999999897,0.099999999936,0.100000000043,0.100000000294,0.099999999842,0.100000000196
0.100000000203,0.099999999813,0.099999999924,0.099999999762,0.099999999852,0.099999999907,0.100000000063,0.100000000423,0.099999999773,0.100000000282
0.100000000120,0.099999999890,0.099999999955,0.099999999859,0.099999999912,0.099999999945,0.100000000037,0.100000000250,0.099999999866,0.100000000166
0.100000000111,0.099999999897,0.099999999958,0.099999999869,0.099999999919,0.099999999949,0.100000000035,0.100000000232,0.099999999875,0.100000000155
0.100000000160,0.099999999852,0.099999999940,0.099999999811,0.099999999883,0.099999999927,0.100000000049,0.100000000335,0.099999999820,0.100000000223
0.100000000033,0.099999999970,0.099999999988,0.099999999962,0.099999999976,0.099999999985,0.100000000010,0.100000000068,0.099999999963,0.100000000045
0.100000000175,0.099999999838,0.099999999934,0.099999999794,0.099999999872,0.099999999920,0.100000000054,0.100000000366,0.099999999803,0.100000000244
0.100000000112,0.099999999897,0.099999999958,0.099999999869,0.099999999918,0.099999999949,0.100000000034,0.100000000233,0.099999999875,0.100000000155
0.100000000009,0.099999999991,0.099999999997,0.099999999989,0.099999999993,0.099999999996,0.100000000003,0.100000000020,0.099999999990,0.100000000013
0.100000000138,0.099999999872,0.099999999948,0.099999999837,0.099999999899,0.099999999937,0.100000000043,0.100000000289,0.099999999845,0.100000000192
0.100000000187,0.099999999827,0.099999999930,0.099999999780,0.099999999863,0.099999999915,0.100000000058,0.100000000391,0.099999999790,0.100000000260
0.100000000235,0.099999999783,0.099999999912,0.099999999724,0.099999999828,0.099999999893,0.100000000072,0.100000000490,0.099999999737,0.100000000326
0.100000000204,0.099999999812,0.099999999923,0.099999999760,0.099999999851,0.099999999907,0.100000000063,0.100000000426,0.099999999771,0.100000000284
0.100000000091,0.099999999916,0.099999999966,0.099999999893,0.099999999933,0.099999999958,0.100000000028,0.100000000190,0.099999999898,0.100000000126
0.100000000159,0.099999999853,0.099999999940,0.099999999813,0.099999999884,0.099999999927,0.100000000049,0.100000000332,0.099999999821,0.100000000221
0.100000000083,0.099999999923,0.099999999969,0.099999999902,0.099999999939,0.099999999962,0.100000000026,0.100000000173,0.099999999907,0.100000000115
0.100000000159,0.099999999853,0.099999999940,0.099999999813,0.099999999884,0.099999999927,0.100000000049,0.100000000332,0.099999999821,0.100000000221
0.100000000068,0.099999999937,0.099999999975,0.099999999920,0.099999999950,0.099999999969,0.100000000021,0.100000000141,0.099999999924,0.100000000094
0.100000000167,0.099999999846,0.099999999937,0.099999999803,0.099999999878,0.099999999924,0.100000000052,0.100000000348,0.099999999812,0.100000000232
0.100000000082,0.099999999924,0.099999999969,0.099999999904,0.099999999940,0.099999999963,0.100000000025,0.100000000171,0.099999999908,0.100000000114
0.100000000121,0.099999999888,0.099999999955,0.099999999858,0.099999999911,0.099999999945,0.100000000037,0.100000000253,0.099999999864,0.100000000168
0.100000000136,0.099999999874,0.099999999949,0.099999999839,0.099999999901,0.099999999938,0.100000000042,0.100000000284,0.099999999847,0.100000000189
0.100000000112,0.099999999897,0.099999999958,0.099999999868,0.099999999918,0.099999999949,0.100000000035,0.100000000234,0.099999999874,0.100000000156
0.100000000101,0.099999999906,0.099999999962,0.099999999881,0.099999999926,0.099999999954,0.100000000031,0.100000000212,0.099999999886,0.100000000141
0.100000000067,0.099999999938,0.099999999975,0.099999999921,0.099999999951,0.099999999970,0.100000000021,0.100000000139,0.099999999925,0.100000000093
0.100000000106,0.099999999902,0.099999999960,0.099999999875,0.099999999923,0.099999999951,0.100000000033,0.100000000221,0.099999999880,0.100000000148
0.100000000199,0.099999999816,0.099999999925,0.099999999766,0.099999999854,0.099999999909,0.100000000061,0.100000000416,0.099999999776,0.100000000277
0.100000000190,0.099999999824,0.099999999928,0.099999999776,0.099999999861,0.099999999913,0.100000000059,0.100000000397,0.099999999786,0.100000000265
0.100000000133,0.099999999877,0.099999999950,0.099999999843,0.099999999903,0.099999999939,0.100000000041,0.100000000278,0.099999999850,0.100000000185
0.100000000143,0.099999999868,0.099999999946,0.099999999832,0.099999999896,0.099999999935,0.100000000044,0.100000000298,0.099999999840,0.100000000199
0.100000000158,0.099999999854,0.099999999941,0.099999999814,0.099999999885,0.099999999928,0.100000000049,0.100000000329,0.099999999823,0.100000000219
0.100000000099,0.099999999908,0.099999999963,0.099999999883,0.099999999928,0.099999999955,0.100000000031,0.100000000207,0.099999999889,0.100000000138
0.100000000136,0.099999999875,0.099999999949,0.099999999840,0.099999999901,0.099999999938,0.100000000042,0.100000000283,0.099999999848,0.100000000189
0.100000000228,0.099999999790,0.099999999914,0.099999999731,0.099999999833,0.099999999896,0.100000000071,0.100000000476,0.099999999743,0.100000000317
0.100000000164,0.099999999849,0.099999999938,0.099999999807,0.099999999880,0.099999999925,0.100000000051,0.100000000342,0.099999999816,0.100000000228
0.100000000129,0.099999999882,0.099999999952,0.099999999848,0.099999999906,0.099999999941,0.100000000040,0.100000000268,0.099999999855,0.100000000179
0.100000000113,0.099999999896,0.099999999958,0.099999999867,0.099999999918,0.099999999948,0.100000000035,0.100000000235,0.099999999873,0.100000000157
0.100000000098,0.099999999909,0.099999999963,0.099999999884,0.099999999928,0.099999999955,0.100000000030,0.100000000205,0.099999999890,0.100000000137
0.100000000137,0.099999999874,0.099999999949,0.099999999839,0.099999999900,0.099999999937,0.100000000042,0.100000000286,0.099999999846,0.100000000190
0.100000000156,0.099999999856,0.099999999941,0.099999999816,0.099999999886,0.099999999929,0.100000000048,0.100000000326,0.099999999824,0.100000000217
0.100000000245,0.099999999774,0.099999999908,0.099999999711,0.099999999821,0.099999999888,0.100000000076,0.100000000512,0.099999999724,0.100000000341
0.100000000174,0.099999999840,0.099999999935,0.099999999796,0.099999999873,0.099999999921,0.100000000054,0.100000000362,0.099999999805,0.100000000241
0.100000000099,0.099999999909,0.099999999963,0.099999999883,0.099999999928,0.099999999955,0.100000000031,0.100000000207,0.099999999889,0.100000000138
0.100000000206,0.099999999810,0.099999999923,0.099999999758,0.099999999850,0.099999999906,0.100000000064,0.100000000429,0.099999999769,0.100000000286
0.100000000202,0.099999999813,0.099999999924,0.099999999762,0.099999999852,0.099999999908,0.100000000063,0.100000000422,0.099999999773,0.100000000281
0.100000000071,0.099999999934,0.099999999973,0.099999999916,0.099999999948,0.099999999967,0.100000000022,0.100000000149,0.099999999920,0.100000000099
0.100000000124,0.099999999886,0.099999999953,0.099999999854,0.099999999910,0.099999999943,0.100000000038,0.100000000258,0.099999999861,0.100000000172
0.100000000107,0.099999999902,0.099999999960,0.099999999874,0.099999999922,0.099999999951,0.100000000033,0.100000000222,0.099999999880,0.100000000148
0.100000000166,0.099999999847,0.099999999938,0.099999999805,0.099999999879,0.099999999924,0.100000000051,0.100000000346,0.099999999814,0.100000000230
0.100000000100,0.099999999908,0.099999999962,0.099999999882,0.099999999927,0.099999999954,0.100000000031,0.100000000208,0.099999999888,0.100000000139
0.100000000215,0.099999999802,0.099999999919,0.099999999747,0.099999999843,0.099999999902,0.100000000066,0.100000000448,0.099999999759,0.100000000299
0.100000000178,0.099999999836,0.099999999933,0.099999999791,0.099999999870,0.099999999919,0.100000000055,0.100000000371,0.099999999800,0.100000000247
0.100000000097,0.099999999910,0.099999999963,0.099999999885,0.099999999929,0.099999999956,0.100000000030,0.100000000203,0.099999999891,0.100000000135
0.100000000132,0.099999999878,0.099999999950,0.099999999844,0.099999999904,0.099999999940,0.100000000041,0.100000000276,0.099999999851,0.100000000184
0.100000000051,0.099999999954,0.099999999981,0.099999999940,0.099999999963,0.099999999977,0.100000000016,0.100000000105,0.099999999943,0.100000000070
0.100000000110,0.099999999899,0.099999999959,0.099999999870,0.099999999920,0.099999999950,0.100000000034,0.100000000229,0.099999999876,0.100000000153
0.100000000107,0.099999999902,0.099999999960,0.099999999874,0.099999999922,0.099999999951,0.100000000033,0.100000000222,0.099999999880,0.100000000148
0.100000000082,0.099999999925,0.099999999969,0.099999999903,0.099999999940,0.099999999962,0.100000000026,0.100000000171,0.099999999907,0.100000000114
0.100000000166,0.099999999847,0.099999999938,0.099999999805,0.099999999879,0.099999999924,0.100000000051,0.100000000346,0.099999999813,0.100000000231
0.100000000093,0.099999999915,0.099999999965,0.099999999891,0.099999999933,0.099999999958,0.100000000029,0.100000000193,0.099999999896,0.100000000129
0.100000000212,0.099999999804,0.099999999920,0.099999999750,0.099999999845,0.099999999903,0.100000000066,0.100000000443,0.099999999762,0.100000000295
0.100000000093,0.099999999915,0.099999999965,0.099999999891,0.099999999933,0.099999999958,0.100000000029,0.100000000193,0.099999999896,0.100000000129
0.100000000048,0.099999999956,0.099999999982,0.099999999944,0.099999999965,0.099999999978,0.100000000015,0.100000000100,0.099999999946,0.100000000067
0.100000000184,0.099999999830,0.099999999931,0.099999999783,0.099999999865,0.099999999916,0.100000000057,0.100000000385,0.099999999793,0.100000000257
0.100000000119,0.099999999891,0.099999999955,0.099999999860,0.099999999914,0.099999999946,0.100000000037,0.100000000247,0.099999999867,0.100000000165
0.100000000220,0.099999999798,0.099999999917,0.099999999741,0.099999999840,0.099999999900,0.100000000068,0.100000000458,0.099999999753,0.100000000306
0.100000000135,0.099999999875,0.099999999949,0.099999999841,0.099999999901,0.099999999938,0.100000000042,0.100000000282,0.099999999848,0.100000000188
0.100000000181,0.099999999833,0.099999999932,0.099999999787,0.099999999868,0.099999999917,0.100000000056,0.100000000378,0.099999999796,0.100000000252
0.100000000149,0.099999999863,0.099999999944,0.099999999825,0.099999999891,0.099999999932,0.100000000046,0.100000000311,0.099999999833,0.100000000207
0.100000000146,0.099999999865,0.099999999945,0.099999999828,0.099999999893,0.099999999933,0.100000000045,0.100000000304,0.099999999836,0.100000000203
0.100000000160,0.099999999852,0.099999999940,0.099999999811,0.099999999883,0.099999999927,0.100000000049,0.100000000335,0.099999999820,0.100000000223
0.100000000106,0.099999999902,0.099999999960,0.099999999876,0.099999999923,0.099999999952,0.100000000033,0.100000000221,0.099999999881,0.100000000147
0.100000000168,0.099999999845,0.099999999937,0.099999999802,0.099999999877,0.099999999923,0.100000000052,0.100000000351,0.099999999812,0.100000000234
0.100000000215,0.099999999802,0.099999999919,0.099999999748,0.099999999843,0.099999999902,0.100000000066,0.100000000448,0.099999999759,0.100000000298
0.100000000071,0.099999999935,0.099999999973,0.099999999916,0.099999999948,0.099999999968,0.100000000022,0.100000000148,0.099999999920,0.100000000099
0.100000000125,0.099999999885,0.099999999953,0.099999999853,0.099999999909,0.099999999943,0.100000000039,0.100000000260,0.099999999860,0.100000000173
0.100000000132,0.099999999879,0.099999999950,0.099999999845,0.099999999904,0.099999999940,0.100000000041,0.100000000275,0.099999999852,0.100000000183
0.100000000138,0.099999999873,0.099999999948,0.099999999838,0.099999999899,0.099999999937,0.100000000043,0.100000000288,0.099999999845,0.100000000192
0.100000000152,0.099999999860,0.099999999943,0.099999999822,0.099999999889,0.099999999931,0.100000000047,0.100000000316,0.099999999830,0.100000000211
0.100000000202,0.099999999814,0.099999999924,0.099999999763,0.099999999853,0.099999999908,0.100000000062,0.100000000421,0.099999999773,0.100000000280
0.100000000065,0.099999999940,0.099999999976,0.099999999924,0.099999999952,0.099999999970,0.100000000020,0.100000000136,0.099999999927,0.100000000090
0.100000000103,0.099999999905,0.099999999961,0.099999999878,0.099999999925,0.099999999953,0.100000000032,0.100000000215,0.099999999884,0.100000000144
0.100000000174,0.099999999840,0.099999999935,0.099999999795,0.099999999873,0.099999999920,0.100000000054,0.100000000363,0.099999999804,0.100000000242
0.100000000190,0.099999999825,0.099999999928,0.099999999776,0.099999999861,0.099999999913,0.100000000059,0.100000000397,0.099999999786,0.100000000264
0.100000000162,0.099999999851,0.099999999939,0.099999999810,0.099999999882,0.099999999926,0.100000000050,0.100000000337,0.099999999818,0.100000000225
0.100000000158,0.099999999854,0.099999999940,0.099999999814,0.099999999884,0.099999999928,0.100000000049,0.100000000331,0.099999999822,0.100000000220
0.100000000185,0.099999999830,0.099999999931,0.099999999782,0.099999999865,0.099999999916,0.100000000057,0.100000000385,0.099999999792,0.100000000257
0.100000000063,0.099999999942,0.099999999976,0.099999999926,0.099999999954,0.099999999971,0.100000000020,0.100000000131,0.099999999929,0.100000000088
0.100000000241,0.099999999778,0.099999999909,0.099999999717,0.099999999824,0.099999999890,0.100000000074,0.100000000503,0.099999999730,0.100000000335
0.100000000179,0.099999999835,0.099999999933,0.099999999790,0.099999999869,0.099999999918,0.100000000055,0.100000000373,0.099999999799,0.100000000248
0.100000000153,0.099999999859,0.099999999942,0.099999999820,0.099999999888,0.099999999930,0.100000000047,0.100000000319,0.099999999828,0.100000000213
0.100000000172,0.099999999841,0.099999999935,0.099999999798,0.099999999874,0.099999999921,0.100000000053,0.100000000359,0.099999999807,0.100000000239
0.100000000022,0.099999999979,0.099999999992,0.099999999974,0.099999999983,0.099999999990,0.100000000007,0.100000000047,0.099999999975,0.100000000031
0.100000000059,0.099999999946,0.099999999978,0.099999999931,0.099999999957,0.099999999973,0.100000000018,0.100000000123,0.099999999934,0.100000000082
0.100000000131,0.099999999879,0.099999999951,0.099999999846,0.099999999904,0.099999999940,0.100000000040,0.100000000274,0.099999999853,0.100000000182
0.100000000084,0.099999999922,0.099999999968,0.099999999901,0.099999999938,0.099999999961,0.100000000026,0.100000000176,0.099999999905,0.100000000117
0.100000000075,0.099999999931,0.099999999972,0.099999999912,0.099999999945,0.099999999966,0.100000000023,0.100000000157,0.099999999916,0.100000000104
0.100000000058,0.099999999946,0.099999999978,0.099999999932,0.099999999958,0.099999999973,0.100000000018,0.100000000121,0.099999999935,0.100000000081
0.100000000093,0.099999999914,0.099999999965,0.099999999890,0.099999999932,0.099999999957,0.100000000029,0.100000000195,0.099999999895,0.100000000130
0.100000000134,0.099999999877,0.099999999950,0.099999999843,0.099999999903,0.099999999939,0.100000000041,0.100000000279,0.099999999850,0.100000000186
0.100000000078,0.099999999928,0.099999999971,0.099999999908,0.099999999943,0.099999999964,0.100000000024,0.100000000162,0.099999999912,0.100000000108
0.100000000162,0.099999999851,0.099999999939,0.099999999809,0.099999999882,0.099999999926,0.100000000050,0.100000000338,0.099999999818,0.100000000225
0.100000000166,0.099999999847,0.099999999938,0.099999999805,0.099999999879,0.099999999924,0.100000000051,0.100000000346,0.099999999814,0.100000000231
0.100000000131,0.099999999879,0.099999999951,0.099999999846,0.099999999904,0.099999999940,0.100000000041,0.100000000273,0.099999999853,0.100000000182
0.100000000111,0.099999999898,0.099999999958,0.099999999869,0.099999999919,0.099999999949,0.100000000035,0.100000000231,0.099999999875,0.100000000154
0.100000000099,0.099999999909,0.099999999963,0.099999999884,0.099999999928,0.099999999955,0.100000000030,0.100000000206,0.099999999889,0.100000000137
0.100000000040,0.099999999963,0.099999999985,0.099999999952,0.099999999971,0.099999999982,0.100000000013,0.100000000084,0.099999999955,0.100000000056
0.100000000005,0.099999999995,0.099999999998,0.099999999994,0.099999999996,0.099999999998,0.100000000002,0.100000000011,0.099999999994,0.100000000007
0.100000000067,0.099999999938,0.099999999975,0.099999999921,0.099999999951,0.099999999969,0.100000000021,0.100000000140,0.099999999925,0.100000000093
0.100000000136,0.099999999875,0.099999999949,0.099999999840,0.099999999901,0.099999999938,0.100000000042,0.100000000283,0.099999999848,0.100000000189
0.100000000092,0.099999999916,0.099999999966,0.099999999892,0.099999999933,0.099999999958,0.100000000029,0.100000000191,0.099999999897,0.100000000127
0.100000000181,0.099999999833,0.099999999932,0.099999999787,0.099999999868,0.099999999918,0.100000000056,0.100000000377,0.099999999797,0.100000000251
0.100000000164,0.099999999849,0.099999999938,0.099999999807,0.099999999880,0.099999999925,0.100000000051,0.100000000341,0.099999999816,0.100000000228
0.100000000191,0.099999999824,0.099999999928,0.099999999776,0.099999999861,0.099999999913,0.100000000059,0.100000000397,0.099999999786,0.100000000265
0.100000000097,0.099999999911,0.099999999964,0.099999999886,0.099999999929,0.099999999956,0.100000000030,0.100000000202,0.099999999891,0.100000000135
0.100000000233,0.099999999785,0.099999999912,0.099999999725,0.099999999829,0.099999999893,0.100000000072,0.100000000487,0.099999999738,0.100000000325
0.100000000184,0.099999999831,0.099999999931,0.099999999784,0.099999999866,0.099999999916,0.100000000057,0.100000000383,0.099999999793,0.100000000255
0.100000000188,0.099999999826,0.099999999929,0.099999999779,0.099999999862,0.099999999914,0.100000000058,0.100000000393,0.099999999789,0.100000000262
0.100000000138,0.099999999873,0.099999999948,0.099999999838,0.099999999899,0.099999999937,0.100000000043,0.100000000288,0.099999999845,0.100000000192
0.100000000192,0.099999999823,0.099999999928,0.099999999774,0.099999999860,0.099999999912,0.100000000059,0.100000000401,0.099999999784,0.100000000267
0.100000000206,0.099999999810,0.099999999923,0.099999999757,0.099999999850,0.099999999906,0.100000000064,0.100000000430,0.099999999769,0.100000000286
0.100000000174,0.099999999840,0.099999999935,0.099999999796,0.099999999873,0.099999999921,0.100000000054,0.100000000362,0.099999999805,0.100000000241
0.100000000172,0.099999999842,0.099999999935,0.099999999798,0.099999999874,0.099999999921,0.100000000053,0.100000000359,0.099999999807,0.100000000239
0.100000000139,0.099999999872,0.099999999948,0.099999999836,0.099999999898,0.099999999936,0.100000000043,0.100000000290,0.099999999843,0.100000000194
0.100000000056,0.099999999948,0.099999999979,0.099999999934,0.099999999959,0.099999999974,0.100000000017,0.100000000117,0.099999999937,0.100000000078
0.100000000069,0.099999999937,0.099999999974,0.099999999919,0.099999999950,0.099999999969,0.100000000021,0.100000000143,0.099999999923,0.100000000095
0.100000000209,0.099999999807,0.099999999921,0.099999999754,0.099999999847,0.099999999905,0.100000000064,0.100000000436,0.099999999766,0.100000000290
0.100000000093,0.099999999915,0.099999999965,0.099999999891,0.099999999932,0.099999999958,0.100000000029,0.100000000193,0.099999999896,0.100000000129
0.099999999978,0.100000000021,0.100000000008,0.100000000026,0.100000000016,0.100000000010,0.099999999993,0.099999999953,0.100000000025,0.099999999969
0.100000000100,0.099999999908,0.099999999963,0.099999999883,0.099999999927,0.099999999955,0.100000000031,0.100000000208,0.099999999888,0.100000000138
0.100000000059,0.099999999945,0.099999999978,0.099999999931,0.099999999957,0.099999999973,0.100000000018,0.100000000123,0.099999999934,0.100000000082
0.100000000135,0.099999999875,0.099999999949,0.099999999841,0.099999999901,0.099999999938,0.100000000042,0.100000000282,0.099999999848,0.100000000188
0.100000000138,0.099999999873,0.099999999948,0.099999999838,0.099999999899,0.099999999937,0.100000000043,0.100000000288,0.099999999845,0.100000000192
0.100000000101,0.099999999906,0.099999999962,0.099999999881,0.099999999926,0.099999999954,0.100000000031,0.100000000212,0.099999999886,0.100000000141
0.100000000140,0.099999999871,0.099999999947,0.099999999836,0.099999999898,0.099999999936,0.100000000043,0.100000000292,0.099999999843,0.100000000195
0.100000000177,0.099999999837,0.099999999933,0.099999999792,0.099999999870,0.099999999919,0.100000000055,0.100000000370,0.099999999801,0.100000000246
0.100000000025,0.099999999977,0.099999999991,0.099999999971,0.099999999982,0.099999999989,0.100000000008,0.100000000051,0.099999999972,0.100000000034
0.100000000123,0.099999999886,0.099999999954,0.099999999855,0.099999999910,0.099999999944,0.100000000038,0.100000000257,0.099999999862,0.100000000171
0.100000000140,0.099999999871,0.099999999947,0.099999999835,0.099999999898,0.099999999936,0.100000000043,0.100000000292,0.099999999843,0.100000000194
0.100000000145,0.099999999866,0.099999999945,0.099999999829,0.099999999894,0.099999999934,0.100000000045,0.100000000303,0.099999999837,0.100000000202
0.100000000077,0.099999999929,0.099999999971,0.099999999909,0.099999999944,0.099999999965,0.100000000024,0.100000000160,0.099999999913,0.100000000107
0.100000000203,0.099999999813,0.099999999924,0.099999999761,0.099999999852,0.099999999907,0.100000000063,0.100000000424,0.099999999772,0.100000000282
0.100000000121,0.099999999889,0.099999999955,0.099999999857,0.099999999912,0.099999999945,0.100000000038,0.100000000252,0.099999999864,0.100000000168
0.100000000113,0.099999999896,0.099999999958,0.099999999867,0.099999999918,0.099999999949,0.100000000035,0.100000000235,0.099999999873,0.100000000157
0.100000000194,0.099999999821,0.099999999927,0.099999999772,0.099999999859,0.099999999911,0.100000000060,0.100000000404,0.099999999782,0.100000000269
0.100000000150,0.099999999861,0.099999999943,0.099999999823,0.099999999890,0.099999999931,0.100000000047,0.100000000314,0.099999999831,0.100000000209
0.100000000081,0.099999999926,0.099999999970,0.099999999904,0.099999999941,0.099999999963,0.100000000025,0.100000000169,0.099999999909,0.100000000113
0.100000000136,0.099999999875,0.099999999949,0.099999999840,0.099999999901,0.099999999938,0.100000000042,0.100000000282,0.099999999848,0.100000000188
0.100000000110,0.099999999898,0.099999999959,0.099999999870,0.099999999919,0.099999999950,0.100000000034,0.100000000230,0.099999999876,0.100000000153
0.100000000203,0.099999999812,0.099999999924,0.099999999761,0.099999999851,0.099999999907,0.100000000063,0.100000000424,0.099999999772,0.100000000283
0.100000000101,0.099999999907,0.099999999962,0.099999999882,0.099999999926,0.099999999954,0.100000000031,0.100000000210,0.099999999887,0.100000000140
0.100000000163,0.099999999850,0.099999999939,0.099999999808,0.099999999881,0.099999999926,0.100000000050,0.100000000340,0.099999999817,0.100000000227
0.100000000182,0.099999999832,0.099999999932,0.099999999786,0.099999999867,0.099999999917,0.100000000056,0.100000000379,0.099999999796,0.100000000253
0.100000000233,0.099999999785,0.099999999912,0.099999999725,0.099999999829,0.099999999893,0.100000000072,0.100000000487,0.099999999738,0.100000000325
0.100000000144,0.099999999868,0.099999999946,0.099999999830,0.099999999895,0.099999999934,0.100000000045,0.100000000300,0.099999999838,0.100000000200
0.100000000144,0.099999999868,0.099999999946,0.099999999830,0.099999999895,0.099999999934,0.100000000045,0.100000000300,0.099999999838,0.100000000200
0.100000000070,0.099999999936,0.099999999974,0.099999999918,0.099999999949,0.099999999968,0.100000000022,0.100000000145,0.099999999922,0.100000000097
0.100000000100,0.099999999908,0.099999999962,0.099999999882,0.099999999927,0.099999999954,0.100000000031,0.100000000208,0.099999999888,0.100000000139
0.100000000215,0.099999999802,0.099999999919,0.099999999747,0.099999999843,0.099999999902,0.100000000066,0.100000000448,0.099999999759,0.100000000299
0.100000000138,0.099999999873,0.099999999948,0.099999999838,0.099999999899,0.099999999937,0.100000000043,0.100000000287,0.099999999845,0.100000000192
0.100000000129,0.099999999881,0.099999999952,0.099999999848,0.099999999906,0.099999999941,0.100000000040,0.100000000269,0.099999999855,0.100000000179
0.100000000122,0.099999999888,0.099999999954,0.099999999856,0.099999999911,0.099999999944,0.100000000038,0.100000000254,0.099999999863,0.100000000170
0.100000000187,0.099999999827,0.099999999930,0.099999999779,0.099999999863,0.099999999914,0.100000000058,0.100000000391,0.099999999789,0.100000000260
0.100000000193,0.099999999823,0.099999999928,0.099999999773,0.099999999860,0.099999999912,0.100000000060,0.100000000402,0.099999999783,0.100000000268
0.100000000096,0.099999999912,0.099999999964,0.099999999887,0.099999999930,0.099999999956,0.100000000030,0.100000000200,0.099999999892,0.100000000133
0.100000000166,0.099999999847,0.099999999938,0.099999999805,0.099999999879,0.099999999924,0.100000000051,0.100000000345,0.099999999814,0.100000000230
0.100000000221,0.099999999796,0.099999999917,0.099999999740,0.099999999838,0.099999999899,0.100000000069,0.100000000461,0.099999999751,0.100000000308
0.100000000118,0.099999999891,0.099999999956,0.099999999861,0.099999999914,0.099999999946,0.100000000036,0.100000000246,0.099999999868,0.100000000164
0.100000000171,0.099999999842,0.099999999936,0.099999999799,0.099999999875,0.099999999922,0.100000000053,0.100000000357,0.099999999808,0.100000000238
0.100000000116,0.099999999894,0.099999999957,0.099999999864,0.099999999916,0.099999999947,0.100000000036,0.100000000241,0.099999999870,0.100000000161
0.100000000101,0.099999999907,0.099999999962,0.099999999881,0.099999999926,0.099999999954,0.100000000031,0.100000000211,0.099999999886,0.100000000141
0.100000000125,0.099999999885,0.099999999953,0.099999999853,0.099999999909,0.099999999943,0.100000000039,0.100000000261,0.099999999859,0.100000000174
0.100000000174,0.099999999839,0.099999999934,0.099999999795,0.099999999873,0.099999999920,0.100000000054,0.100000000363,0.099999999804,0.100000000242
0.100000000183,0.099999999831,0.099999999931,0.099999999785,0.099999999866,0.099999999916,0.100000000057,0.100000000382,0.099999999794,0.100000000255
0.100000000122,0.099999999887,0.099999999954,0.099999999856,0.099999999911,0.099999999944,0.100000000038,0.100000000255,0.099999999863,0.100000000170
0.100000000221,0.099999999796,0.099999999917,0.099999999740,0.099999999839,0.099999999899,0.100000000068,0.100000000461,0.099999999751,0.100000000307
0.099999999854,0.100000000135,0.100000000055,0.100000000172,0.100000000107,0.100000000067,0.099999999955,0.099999999696,0.100000000164,0.099999999797
0.100000000077,0.099999999929,0.099999999971,0.099999999910,0.099999999944,0.099999999965,0.100000000024,0.100000000160,0.099999999914,0.100000000107
0.100000000076,0.099999999930,0.099999999971,0.099999999910,0.099999999944,0.099999999965,0.100000000024,0.100000000159,0.099999999914,0.100000000106
0.100000000137,0.099999999874,0.099999999949,0.099999999839,0.099999999900,0.099999999938,0.100000000042,0.100000000285,0.099999999847,0.100000000190
0.100000000050,0.099999999953,0.099999999981,0.099999999941,0.099999999963,0.099999999977,0.100000000015,0.100000000106,0.099999999943,0.100000000070
0.100000000181,0.099999999833,0.099999999932,0.099999999787,0.099999999867,0.099999999917,0.100000000056,0.100000000378,0.099999999797,0.100000000252
0.100000000184,0.099999999831,0.099999999931,0.099999999784,0.099999999866,0.099999999916,0.100000000057,0.100000000383,0.099999999794,0.100000000255
0.100000000160,0.099999999852,0.099999999940,0.099999999812,0.099999999883,0.099999999927,0.100000000049,0.100000000334,0.099999999820,0.100000000223
0.100000000138,0.099999999872,0.099999999948,0.099999999837,0.099999999899,0.099999999937,0.100000000043,0.100000000288,0.099999999845,0.100000000192
0.100000000123,0.099999999887,0.099999999954,0.099999999855,0.099999999910,0.099999999944,0.100000000038,0.100000000256,0.099999999862,0.100000000171
0.099999999974,0.100000000024,0.100000000010,0.100000000030,0.100000000019,0.100000000012,0.099999999992,0.099999999946,0.100000000029,0.099999999964
0.100000000164,0.099999999849,0.099999999938,0.099999999807,0.099999999880,0.099999999925,0.100000000051,0.100000000342,0.099999999816,0.100000000228
0.100000000207,0.099999999809,0.099999999922,0.099999999756,0.099999999848,0.099999999905,0.100000000064,0.100000000433,0.099999999767,0.100000000288
0.100000000167,0.099999999846,0.099999999937,0.099999999803,0.099999999878,0.099999999924,0.100000000052,0.100000000349,0.099999999812,0.100000000232
0.100000000208,0.099999999808,0.099999999922,0.099999999756,0.099999999848,0.099999999905,0.100000000064,0.100000000434,0.099999999767,0.100000000289
0.100000000171,0.099999999842,0.099999999936,0.099999999798,0.099999999875,0.099999999922,0.100000000053,0.100000000357,0.099999999808,0.100000000238
0.100000000155,0.099999999857,0.099999999942,0.099999999817,0.099999999887,0.099999999929,0.100000000048,0.100000000324,0.099999999825,0.100000000216
0.100000000069,0.099999999936,0.099999999974,0.099999999919,0.099999999950,0.099999999969,0.100000000021,0.100000000144,0.099999999923,0.100000000095
0.100000000194,0.099999999821,0.099999999927,0.099999999772,0.099999999858,0.099999999911,0.100000000060,0.100000000405,0.099999999782,0.100000000270
0.100000000118,0.099999999891,0.099999999956,0.099999999861,0.099999999913,0.099999999946,0.100000000037,0.100000000247,0.099999999867,0.100000000165
0.100000000163,0.099999999850,0.099999999939,0.099999999809,0.099999999881,0.099999999926,0.100000000050,0.100000000340,0.099999999817,0.100000000226
0.100000000135,0.099999999875,0.099999999949,0.099999999841,0.099999999901,0.099999999938,0.100000000042,0.100000000282,0.099999999848,0.100000000188
0.100000000175,0.099999999838,0.099999999934,0.099999999793,0.099999999872,0.099999999920,0.100000000054,0.100000000366,0.099999999803,0.100000000244
0.100000000045,0.099999999959,0.099999999983,0.099999999947,0.099999999967,0.099999999980,0.100000000014,0.100000000094,0.099999999950,0.100000000062
0.100000000123,0.099999999887,0.099999999954,0.099999999855,0.099999999910,0.099999999944,0.100000000038,0.100000000257,0.099999999861,0.100000000171
0.100000000137,0.099999999874,0.099999999948,0.099999999838,0.099999999900,0.099999999937,0.100000000043,0.100000000286,0.099999999846,0.100000000191
0.100000000184,0.099999999830,0.099999999931,0.099999999783,0.099999999865,0.099999999916,0.100000000057,0.100000000384,0.099999999793,0.100000000256
0.100000000197,0.099999999819,0.099999999926,0.099999999769,0.099999999856,0.099999999910,0.100000000061,0.100000000410,0.099999999779,0.100000000273
0.100000000163,0.099999999850,0.099999999939,0.099999999808,0.099999999881,0.099999999925,0.100000000051,0.100000000340,0.099999999816,0.100000000227
0.100000000225,0.099999999792,0.099999999915,0.099999999735,0.099999999835,0.099999999897,0.100000000069,0.100000000470,0.099999999747,0.100000000313
0.100000000094,0.099999999913,0.099999999964,0.099999999889,0.099999999931,0.099999999957,0.100000000029,0.100000000197,0.099999999894,0.100000000131
0.100000000140,0.099999999871,0.099999999947,0.099999999835,0.099999999898,0.099999999936,0.100000000043,0.100000000291,0.099999999843,0.100000000194
0.100000000188,0.099999999827,0.099999999929,0.099999999779,0.099999999863,0.099999999914,0.100000000058,0.100000000391,0.099999999789,0.100000000261
0.100000000224,0.099999999794,0.099999999916,0.099999999737,0.099999999837,0.099999999898,0.100000000069,0.100000000466,0.099999999749,0.100000000311
0.100000000211,0.099999999806,0.099999999921,0.099999999752,0.099999999846,0.099999999904,0.100000000065,0.100000000440,0.099999999763,0.100000000293
0.100000000106,0.099999999902,0.099999999960,0.099999999875,0.099999999923,0.099999999952,0.100000000033,0.100000000221,0.099999999881,0.100000000147
0.100000000095,0.099999999913,0.099999999964,0.099999999889,0.099999999931,0.099999999957,0.100000000029,0.100000000197,0.099999999894,0.100000000131
0.099999999982,0.100000000017,0.100000000007,0.100000000021,0.100000000014,0.100000000008,0.099999999995,0.099999999961,0.100000000020,0.099999999974
0.100000000123,0.099999999887,0.099999999954,0.099999999855,0.099999999910,0.099999999944,0.100000000038,0.100000000256,0.099999999862,0.100000000171
0.100000000185,0.099999999829,0.099999999930,0.099999999782,0.099999999865,0.099999999915,0.100000000057,0.100000000386,0.099999999792,0.100000000257
0.100000000093,0.099999999914,0.099999999965,0.099999999890,0.099999999932,0.099999999957,0.100000000029,0.100000000194,0.099999999895,0.100000000130
0.100000000213,0.099999999804,0.099999999920,0.099999999749,0.099999999844,0.099999999903,0.100000000066,0.100000000444,0.099999999761,0.100000000296
0.099999999981,0.100000000018,0.100000000007,0.100000000023,0.100000000014,0.100000000009,0.099999999994,0.099999999959,0.100000000022,0.099999999973
0.100000000191,0.099999999824,0.099999999928,0.099999999776,0.099999999861,0.099999999913,0.100000000059,0.100000000398,0.099999999786,0.100000000265
0.100000000148,0.099999999863,0.099999999944,0.099999999825,0.099999999892,0.099999999932,0.100000000046,0.100000000310,0.099999999833,0.100000000206
0.100000000116,0.099999999893,0.099999999957,0.099999999864,0.099999999915,0.099999999947,0.100000000036,0.100000000242,0.099999999870,0.100000000161
0.100000000130,0.099999999880,0.099999999951,0.099999999846,0.099999999905,0.099999999940,0.100000000040,0.100000000272,0.099999999853,0.100000000181
0.100000000185,0.099999999829,0.099999999930,0.099999999782,0.099999999865,0.099999999915,0.100000000057,0.100000000386,0.099999999792,0.100000000257
0.100000000150,0.099999999862,0.099999999944,0.099999999824,0.099999999890,0.099999999932,0.100000000046,0.100000000313,0.099999999832,0.100000000208
0.100000000154,0.099999999858,0.099999999942,0.099999999819,0.099999999888,0.099999999930,0.100000000048,0.100000000321,0.099999999827,0.100000000214
0.100000000178,0.099999999836,0.099999999933,0.099999999791,0.099999999870,0.099999999919,0.100000000055,0.100000000371,0.099999999800,0.100000000247
0.100000000133,0.099999999878,0.099999999950,0.099999999844,0.099999999903,0.099999999939,0.100000000041,0.100000000277,0.099999999851,0.100000000184
0.100000000099,0.099999999909,0.099999999963,0.099999999883,0.099999999928,0.099999999955,0.100000000031,0.100000000207,0.099999999889,0.100000000138
0.100000000060,0.099999999945,0.099999999978,0.099999999930,0.099999999957,0.099999999973,0.100000000019,0.100000000124,0.099999999933,0.100000000083
0.100000000072,0.099999999934,0.099999999973,0.099999999916,0.099999999948,0.099999999967,0.100000000022,0.100000000149,0.099999999919,0.100000000100
0.100000000152,0.099999999860,0.099999999943,0.099999999821,0.099999999889,0.099999999931,0.100000000047,0.100000000317,0.099999999830,0.100000000211
0.100000000138,0.099999999873,0.099999999948,0.099999999838,0.099999999900,0.099999999937,0.100000000043,0.100000000287,0.099999999845,0.100000000191
0.100000000075,0.099999999931,0.099999999972,0.099999999912,0.099999999945,0.099999999966,0.100000000023,0.100000000156,0.099999999916,0.100000000104
0.100000000144,0.099999999868,0.099999999946,0.099999999831,0.099999999895,0.099999999934,0.100000000045,0.100000000300,0.099999999838,0.100000000200
0.100000000085,0.099999999922,0.099999999968,0.099999999900,0.099999999938,0.099999999961,0.100000000027,0.100000000177,0.099999999904,0.100000000118
0.100000000091,0.099999999916,0.099999999966,0.099999999892,0.099999999934,0.099999999958,0.100000000029,0.100000000190,0.099999999897,0.100000000127
0.100000000136,0.099999999875,0.099999999949,0.099999999840,0.099999999901,0.099999999938,0.100000000042,0.100000000284,0.099999999847,0.100000000189
0.099999999835,0.100000000152,0.100000000062,0.100000000195,0.100000000120,0.100000000075,0.099999999949,0.099999999656,0.100000000186,0.099999999770
0.100000000148,0.099999999864,0.099999999944,0.099999999826,0.099999999892,0.099999999932,0.100000000046,0.100000000308,0.099999999834,0.100000000206
0.100000000162,0.099999999850,0.099999999939,0.099999999809,0.099999999881,0.099999999926,0.100000000050,0.100000000339,0.099999999818,0.100000000226
0.100000000177,0.099999999837,0.099999999934,0.099999999792,0.099999999871,0.099999999919,0.100000000055,0.100000000369,0.099999999801,0.100000000246
0.100000000145,0.099999999866,0.099999999945,0.099999999829,0.099999999894,0.099999999934,0.100000000045,0.100000000302,0.099999999837,0.100000000202
0.100000000145,0.099999999866,0.099999999946,0.099999999829,0.099999999894,0.099999999934,0.100000000045,0.100000000302,0.099999999837,0.100000000201
0.100000000184,0.099999999830,0.099999999931,0.099999999783,0.099999999865,0.099999999916,0.100000000057,0.100000000384,0.099999999793,0.100000000256
0.100000000210,0.099999999806,0.099999999921,0.099999999753,0.099999999847,0.099999999904,0.100000000065,0.100000000438,0.099999999764,0.100000000292
0.100000000057,0.099999999947,0.099999999978,0.099999999933,0.099999999958,0.099999999974,0.100000000018,0.100000000120,0.099999999936,0.100000000080
0.100000000125,0.099999999885,0.099999999953,0.099999999853,0.099999999909,0.099999999943,0.100000000039,0.100000000260,0.099999999860,0.100000000173
0.100000000141,0.099999999870,0.099999999947,0.099999999834,0.099999999897,0.099999999935,0.100000000044,0.100000000295,0.099999999841,0.100000000196
0.100000000105,0.099999999903,0.099999999961,0.099999999877,0.099999999923,0.099999999952,0.100000000032,0.100000000219,0.099999999883,0.100000000146
0.100000000214,0.099999999803,0.099999999920,0.099999999749,0.099999999844,0.099999999902,0.100000000066,0.100000000446,0.099999999760,0.100000000297
0.100000000095,0.099999999912,0.099999999964,0.099999999888,0.099999999931,0.099999999956,0.100000000030,0.100000000198,0.099999999893,0.100000000132
0.100000000214,0.099999999802,0.099999999919,0.099999999748,0.099999999843,0.099999999902,0.100000000066,0.100000000447,0.099999999760,0.100000000298
0.099999999998,0.100000000002,0.100000000001,0.100000000003,0.100000000002,0.100000000001,0.099999999999,0.099999999995,0.100000000003,0.099999999997
0.100000000029,0.099999999973,0.099999999989,0.099999999965,0.099999999979,0.099999999987,0.100000000009,0.100000000061,0.099999999967,0.100000000041
0.100000000094,0.099999999913,0.099999999965,0.099999999890,0.099999999931,0.099999999957,0.100000000029,0.100000000196,0.099999999895,0.100000000131
0.100000000126,0.099999999884,0.099999999953,0.099999999852,0.099999999908,0.099999999943,0.100000000039,0.100000000262,0.099999999859,0.100000000175
0.100000000150,0.099999999862,0.099999999944,0.099999999823,0.099999999890,0.099999999931,0.100000000046,0.100000000313,0.099999999831,0.100000000208
0.100000000091,0.099999999917,0.099999999966,0.099999999893,0.099999999934,0.099999999959,0.100000000028,0.100000000189,0.099999999898,0.100000000126
0.100000000038,0.099999999965,0.099999999986,0.099999999955,0.099999999972,0.099999999983,0.100000000012,0.100000000079,0.099999999957,0.100000000053
0.100000000043,0.099999999960,0.099999999984,0.099999999949,0.099999999968,0.099999999980,0.100000000013,0.100000000091,0.099999999951,0.100000000060
0.100000000142,0.099999999869,0.099999999947,0.099999999833,0.099999999896,0.099999999935,0.100000000044,0.100000000297,0.099999999840,0.100000000198
0.100000000094,0.099999999914,0.099999999965,0.099999999889,0.099999999932,0.099999999957,0.100000000029,0.100000000196,0.099999999894,0.100000000131
0.100000000036,0.099999999967,0.099999999987,0.099999999958,0.099999999974,0.099999999984,0.100000000011,0.100000000075,0.099999999959,0.100000000050
0.100000000106,0.099999999902,0.099999999960,0.099999999875,0.099999999923,0.099999999952,0.100000000033,0.100000000221,0.099999999881,0.100000000147
0.100000000077,0.099999999929,0.099999999971,0.099999999909,0.099999999944,0.099999999965,0.100000000024,0.100000000161,0.099999999913,0.100000000108
0.100000000065,0.099999999940,0.099999999976,0.099999999924,0.099999999953,0.099999999970,0.100000000020,0.100000000136,0.099999999927,0.100000000090
0.100000000130,0.099999999880,0.099999999951,0.099999999847,0.099999999905,0.099999999941,0.100000000040,0.100000000271,0.099999999854,0.100000000181
0.100000000121,0.099999999888,0.099999999954,0.099999999858,0.099999999911,0.099999999945,0.100000000037,0.100000000253,0.099999999864,0.100000000169
0.100000000183,0.099999999832,0.099999999931,0.099999999785,0.099999999867,0.099999999917,0.100000000056,0.100000000381,0.099999999795,0.100000000254
0.100000000054,0.099999999950,0.099999999980,0.099999999937,0.099999999961,0.099999999975,0.100000000017,0.100000000112,0.099999999939,0.100000000075
0.100000000132,0.099999999878,0.099999999950,0.099999999844,0.099999999903,0.099999999940,0.100000000041,0.100000000276,0.099999999851,0.100000000184
0.100000000181,0.099999999833,0.099999999932,0.099999999787,0.099999999868,0.099999999917,0.100000000056,0.100000000377,0.099999999797,0.100000000251
0.100000000217,0.099999999800,0.099999999918,0.099999999744,0.099999999841,0.099999999901,0.100000000067,0.100000000453,0.099999999756,0.100000000302
0.100000000175,0.099999999838,0.099999999934,0.099999999794,0.099999999872,0.099999999920,0.100000000054,0.100000000366,0.099999999803,0.100000000244
0.100000000142,0.099999999869,0.099999999947,0.099999999833,0.099999999896,0.099999999935,0.100000000044,0.100000000296,0.099999999840,0.100000000197
0.100000000217,0.099999999799,0.099999999918,0.099999999745,0.099999999841,0.099999999901,0.100000000067,0.100000000453,0.099999999756,0.100000000302
0.100000000218,0.099999999798,0.099999999918,0.099999999743,0.099999999840,0.099999999900,0.100000000067,0.100000000456,0.099999999755,0.100000000304
0.100000000224,0.099999999794,0.099999999916,0.099999999737,0.099999999836,0.099999999898,0.100000000069,0.100000000467,0.099999999749,0.100000000311
0.100000000029,0.099999999974,0.099999999989,0.099999999966,0.099999999979,0.099999999987,0.100000000009,0.100000000060,0.099999999968,0.100000000040
0.100000000056,0.099999999948,0.099999999979,0.099999999934,0.099999999959,0.099999999974,0.100000000017,0.100000000118,0.099999999937,0.100000000078
0.100000000158,0.099999999855,0.099999999941,0.099999999814,0.099999999885,0.099999999928,0.100000000049,0.100000000329,0.099999999823,0.100000000219
0.100000000128,0.099999999882,0.099999999952,0.099999999850,0.099999999907,0.099999999942,0.100000000040,0.100000000267,0.099999999856,0.100000000178
0.100000000081,0.099999999925,0.099999999970,0.099999999905,0.099999999941,0.099999999963,0.100000000025,0.100000000169,0.099999999909,0.100000000113
0.100000000148,0.099999999863,0.099999999944,0.099999999825,0.099999999892,0.099999999932,0.100000000046,0.100000000309,0.099999999833,0.100000000206
0.100000000092,0.099999999915,0.099999999965,0.099999999892,0.099999999933,0.099999999958,0.100000000029,0.100000000191,0.099999999897,0.100000000128
0.100000000087,0.099999999920,0.099999999967,0.099999999897,0.099999999937,0.099999999960,0.100000000027,0.100000000181,0.099999999902,0.100000000121
0.100000000080,0.099999999926,0.099999999970,0.099999999906,0.099999999942,0.099999999964,0.100000000025,0.100000000167,0.099999999910,0.100000000111
0.100000000197,0.099999999819,0.099999999926,0.099999999769,0.099999999856,0.099999999910,0.100000000061,0.100000000410,0.099999999779,0.100000000273
0.100000000035,0.099999999968,0.099999999987,0.099999999959,0.099999999974,0.099999999984,0.100000000011,0.100000000073,0.099999999961,0.100000000049
0.100000000075,0.099999999931,0.099999999972,0.099999999911,0.099999999945,0.099999999966,0.100000000024,0.100000000157,0.099999999915,0.100000000105
0.100000000049,0.099999999955,0.099999999982,0.099999999942,0.099999999965,0.099999999978,0.100000000016,0.100000000102,0.099999999945,0.100000000068
0.100000000111,0.099999999897,0.099999999958,0.099999999870,0.099999999919,0.099999999949,0.100000000034,0.100000000232,0.099999999875,0.100000000154
0.100000000133,0.099999999877,0.099999999950,0.099999999843,0.099999999903,0.099999999939,0.100000000041,0.100000000278,0.099999999850,0.100000000185
0.099999999969,0.100000000029,0.100000000012,0.100000000037,0.100000000023,0.100000000014,0.099999999990,0.099999999935,0.100000000035,0.099999999957
0.100000000247,0.099999999772,0.099999999907,0.099999999709,0.099999999819,0.099999999887,0.100000000076,0.100000000516,0.099999999722,0.100000000344
0.100000000087,0.099999999920,0.099999999967,0.099999999898,0.099999999937,0.099999999961,0.100000000027,0.100000000181,0.099999999903,0.100000000120
0.100000000159,0.099999999854,0.099999999940,0.099999999813,0.099999999884,0.099999999927,0.100000000049,0.100000000331,0.099999999822,0.100000000221
0.100000000032,0.099999999971,0.099999999988,0.099999999962,0.099999999977,0.099999999985,0.100000000010,0.100000000066,0.099999999964,0.100000000044
0.100000000026,0.099999999975,0.099999999990,0.099999999969,0.099999999980,0.099999999988,0.100000000008,0.100000000055,0.099999999970,0.100000000037
0.100000000033,0.099999999970,0.099999999988,0.099999999961,0.099999999976,0.099999999985,0.100000000010,0.100000000069,0.099999999963,0.100000000046
0.100000000031,0.099999999972,0.099999999989,0.099999999964,0.099999999978,0.099999999986,0.100000000010,0.100000000063,0.099999999965,0.100000000043
0.100000000103,0.099999999905,0.099999999961,0.099999999879,0.099999999925,0.099999999953,0.100000000032,0.100000000214,0.099999999885,0.100000000143
0.100000000080,0.099999999927,0.099999999970,0.099999999906,0.099999999942,0.099999999963,0.100000000025,0.100000000166,0.099999999910,0.100000000111
0.099999999987,0.100000000012,0.100000000005,0.100000000016,0.100000000010,0.100000000006,0.099999999996,0.099999999972,0.100000000015,0.099999999981
0.099999999990,0.100000000009,0.100000000004,0.100000000011,0.100000000007,0.100000000004,0.099999999997,0.099999999980,0.100000000011,0.099999999987
0.100000000069,0.099999999936,0.099999999974,0.099999999919,0.099999999950,0.099999999968,0.100000000021,0.100000000144,0.099999999923,0.100000000096
0.100000000092,0.099999999915,0.099999999965,0.099999999892,0.099999999933,0.099999999958,0.100000000029,0.100000000192,0.099999999896,0.100000000128
0.100000000100,0.099999999908,0.099999999963,0.099999999882,0.099999999927,0.099999999954,0.100000000031,0.100000000208,0.099999999888,0.100000000139
0.099999999675,0.100000000307,0.100000000123,0.100000000379,0.100000000244,0.100000000148,0.099999999904,0.099999999313,0.100000000361,0.099999999547
0.100000000063,0.099999999942,0.099999999976,0.099999999925,0.099999999954,0.099999999971,0.100000000020,0.100000000132,0.099999999929,0.100000000088
0.100000000144,0.099999999867,0.099999999946,0.099999999831,0.099999999895,0.099999999934,0.100000000044,0.100000000300,0.099999999838,0.100000000200
0.100000000044,0.099999999960,0.099999999984,0.099999999948,0.099999999968,0.099999999980,0.100000000014,0.100000000091,0.099999999951,0.100000000061
0.100000000076,0.099999999930,0.099999999971,0.099999999910,0.099999999944,0.099999999965,0.100000000024,0.100000000159,0.099999999914,0.100000000106
0.100000000072,0.099999999933,0.099999999973,0.099999999915,0.099999999947,0.099999999967,0.100000000022,0.100000000151,0.099999999919,0.100000000101
0.100000000060,0.099999999945,0.099999999978,0.099999999930,0.099999999956,0.099999999973,0.100000000018,0.100000000124,0.099999999933,0.100000000083
0.100000000099,0.099999999909,0.099999999963,0.099999999883,0.099999999928,0.099999999955,0.100000000031,0.100000000207,0.099999999889,0.100000000138
0.100000000176,0.099999999838,0.099999999934,0.099999999793,0.099999999872,0.099999999920,0.100000000054,0.100000000367,0.099999999802,0.100000000244
0.100000000088,0.099999999919,0.099999999967,0.099999999896,0.099999999935,0.099999999960,0.100000000027,0.100000000184,0.099999999901,0.100000000123
0.100000000107,0.099999999901,0.099999999960,0.099999999874,0.099999999922,0.099999999951,0.100000000033,0.100000000223,0.099999999879,0.100000000149
0.100000000163,0.099999999849,0.099999999939,0.099999999808,0.099999999881,0.099999999925,0.100000000051,0.100000000341,0.099999999816,0.100000000227
0.100000000106,0.099999999903,0.099999999960,0.099999999876,0.099999999923,0.099999999952,0.100000000033,0.100000000220,0.099999999881,0.100000000147
0.100000000179,0.099999999835,0.099999999933,0.099999999789,0.099999999869,0.099999999918,0.100000000055,0.100000000374,0.099999999799,0.100000000249
0.100000000084,0.099999999922,0.099999999968,0.099999999901,0.099999999939,0.099999999962,0.100000000026,0.100000000175,0.099999999906,0.100000000117
0.100000000206,0.099999999810,0.099999999923,0.099999999758,0.099999999849,0.099999999906,0.100000000063,0.100000000429,0.099999999769,0.100000000286
0.100000000148,0.099999999863,0.099999999944,0.099999999825,0.099999999892,0.099999999932,0.100000000046,0.100000000309,0.099999999833,0.100000000206
0.100000000151,0.099999999861,0.099999999943,0.099999999822,0.099999999890,0.099999999931,0.100000000047,0.100000000315,0.099999999830,0.100000000210
0.100000000147,0.099999999865,0.099999999945,0.099999999827,0.099999999893,0.099999999933,0.100000000046,0.100000000306,0.099999999835,0.100000000204
0.100000000145,0.099999999866,0.099999999945,0.099999999829,0.099999999894,0.099999999934,0.100000000045,0.100000000303,0.099999999837,0.100000000202
0.100000000210,0.099999999806,0.099999999921,0.099999999753,0.099999999846,0.099999999904,0.100000000065,0.100000000439,0.099999999764,0.100000000292
0.100000000152,0.099999999860,0.099999999943,0.099999999821,0.099999999889,0.099999999931,0.100000000047,0.100000000317,0.099999999829,0.100000000211
0.100000000221,0.099999999797,0.099999999917,0.099999999740,0.099999999839,0.099999999899,0.100000000068,0.100000000460,0.099999999752,0.100000000307
0.100000000234,0.099999999784,0.099999999912,0.099999999724,0.099999999829,0.099999999893,0.100000000073,0.100000000489,0.099999999737,0.100000000326
0.100000000194,0.099999999821,0.099999999927,0.099999999772,0.099999999858,0.099999999911,0.100000000060,0.100000000405,0.099999999782,0.100000000270
0.100000000203,0.099999999813,0.099999999924,0.099999999761,0.099999999852,0.099999999907,0.100000000063,0.100000000424,0.099999999772,0.100000000282
0.100000000202,0.099999999814,0.099999999924,0.099999999763,0.099999999853,0.099999999908,0.100000000062,0.100000000420,0.099999999774,0.100000000280
0.100000000100,0.099999999908,0.099999999963,0.099999999882,0.099999999927,0.099999999954,0.100000000031,0.100000000208,0.099999999888,0.100000000139
0.100000000152,0.099999999860,0.099999999943,0.099999999821,0.099999999889,0.099999999931,0.100000000047,0.100000000317,0.099999999830,0.100000000211
0.100000000092,0.099999999915,0.099999999965,0.099999999892,0.099999999933,0.099999999958,0.100000000029,0.100000000192,0.099999999897,0.100000000128
0.100000000148,0.099999999863,0.099999999944,0.099999999826,0.099999999892,0.099999999932,0.100000000046,0.100000000309,0.099999999834,0.100000000206
0.100000000118,0.099999999891,0.099999999956,0.099999999861,0.099999999914,0.099999999946,0.100000000037,0.100000000246,0.099999999867,0.100000000164
0.100000000060,0.099999999945,0.099999999978,0.099999999930,0.099999999956,0.099999999973,0.100000000018,0.100000000125,0.099999999933,0.100000000083
0.100000000098,0.099999999910,0.099999999963,0.099999999885,0.099999999929,0.099999999955,0.100000000030,0.100000000203,0.099999999890,0.100000000136
0.100000000108,0.099999999900,0.099999999959,0.099999999873,0.099999999921,0.099999999951,0.100000000034,0.100000000225,0.099999999879,0.100000000150
0.100000000157,0.099999999855,0.099999999941,0.099999999815,0.099999999885,0.099999999928,0.100000000049,0.100000000327,0.099999999824,0.100000000218
0.100000000076,0.099999999930,0.099999999972,0.099999999911,0.099999999945,0.099999999965,0.100000000024,0.100000000158,0.099999999915,0.100000000105
0.100000000080,0.099999999926,0.099999999970,0.099999999905,0.099999999942,0.099999999963,0.100000000025,0.100000000167,0.099999999910,0.100000000112
0.100000000098,0.099999999910,0.099999999963,0.099999999885,0.099999999929,0.099999999955,0.100000000030,0.100000000204,0.099999999890,0.100000000136
0.100000000043,0.099999999961,0.099999999984,0.099999999949,0.099999999969,0.099999999980,0.100000000014,0.100000000089,0.099999999951,0.100000000060
0.100000000054,0.099999999950,0.099999999980,0.099999999936,0.099999999960,0.099999999975,0.100000000017,0.100000000113,0.099999999939,0.100000000076
0.100000000058,0.099999999947,0.099999999978,0.099999999932,0.099999999958,0.099999999974,0.100000000018,0.100000000120,0.099999999935,0.100000000080
0.100000000108,0.099999999900,0.099999999959,0.099999999873,0.099999999921,0.099999999951,0.100000000033,0.100000000226,0.099999999878,0.100000000151
0.100000000082,0.099999999925,0.099999999969,0.099999999904,0.099999999940,0.099999999963,0.100000000025,0.100000000170,0.099999999908,0.100000000113
0.100000000096,0.099999999911,0.099999999964,0.099999999886,0.099999999930,0.099999999956,0.100000000030,0.100000000201,0.099999999892,0.100000000134
0.100000000023,0.099999999979,0.099999999992,0.099999999973,0.099999999984,0.099999999990,0.100000000007,0.100000000047,0.099999999974,0.100000000031
0.100000000146,0.099999999865,0.099999999945,0.099999999828,0.099999999893,0.099999999933,0.100000000045,0.100000000305,0.099999999836,0.100000000203
0.100000000174,0.099999999839,0.099999999934,0.099999999795,0.099999999873,0.099999999920,0.100000000054,0.100000000364,0.099999999804,0.100000000242
0.100000000065,0.099999999940,0.099999999976,0.099999999923,0.099999999953,0.099999999970,0.100000000020,0.100000000136,0.099999999927,0.100000000091
0.100000000221,0.099999999796,0.099999999917,0.099999999740,0.099999999838,0.099999999899,0.100000000068,0.100000000461,0.099999999752,0.100000000308
0.100000000162,0.099999999850,0.099999999939,0.099999999809,0.099999999881,0.099999999926,0.100000000050,0.100000000339,0.099999999818,0.100000000226
0.100000000023,0.099999999979,0.099999999992,0.099999999973,0.099999999984,0.099999999990,0.100000000007,0.100000000047,0.099999999975,0.100000000031
0.100000000069,0.099999999936,0.099999999974,0.099999999918,0.099999999950,0.099999999968,0.100000000022,0.100000000144,0.099999999922,0.100000000096
0.100000000039,0.099999999964,0.099999999985,0.099999999954,0.099999999972,0.099999999982,0.100000000012,0.100000000081,0.099999999956,0.100000000054
0.100000000115,0.099999999894,0.099999999957,0.099999999865,0.099999999916,0.099999999947,0.100000000036,0.100000000240,0.099999999871,0.100000000160
0.100000000095,0.099999999913,0.099999999964,0.099999999888,0.099999999931,0.099999999957,0.100000000030,0.100000000198,0.099999999893,0.100000000132
0.100000000067,0.099999999938,0.099999999975,0.099999999921,0.099999999951,0.099999999969,0.100000000021,0.100000000140,0.099999999924,0.100000000094
0.100000000112,0.099999999897,0.099999999958,0.099999999869,0.099999999919,0.099999999949,0.100000000035,0.100000000232,0.099999999875,0.100000000155
0.100000000011,0.099999999990,0.099999999996,0.099999999987,0.099999999992,0.099999999995,0.100000000003,0.100000000022,0.099999999988,0.100000000015
0.100000000123,0.099999999886,0.099999999954,0.099999999855,0.099999999910,0.099999999944,0.100000000038,0.100000000257,0.099999999861,0.100000000172
0.099999999942,0.100000000053,0.100000000022,0.100000000068,0.100000000042,0.100000000026,0.099999999982,0.099999999880,0.100000000065,0.099999999920
0.100000000128,0.099999999883,0.099999999952,0.099999999850,0.099999999907,0.099999999942,0.100000000040,0.100000000266,0.099999999857,0.100000000177
0.100000000147,0.099999999864,0.099999999945,0.099999999827,0.099999999892,0.099999999933,0.100000000045,0.100000000308,0.099999999835,0.100000000205
0.100000000112,0.099999999897,0.099999999958,0.099999999868,0.099999999918,0.099999999949,0.100000000035,0.100000000233,0.099999999874,0.100000000155
0.100000000013,0.099999999988,0.099999999995,0.099999999984,0.099999999991,0.099999999994,0.100000000005,0.100000000027,0.099999999985,0.100000000018
0.100000000020,0.099999999982,0.099999999992,0.099999999976,0.099999999986,0.099999999991,0.100000000006,0.100000000042,0.099999999977,0.100000000028
0.100000000144,0.099999999868,0.099999999946,0.099999999831,0.099999999895,0.099999999934,0.100000000045,0.100000000299,0.099999999839,0.100000000200
0.100000000028,0.099999999974,0.099999999990,0.099999999967,0.099999999980,0.099999999987,0.100000000009,0.100000000058,0.099999999969,0.100000000039
0.100000000125,0.099999999885,0.099999999953,0.099999999852,0.099999999909,0.099999999943,0.100000000039,0.100000000261,0.099999999859,0.100000000174
0.100000000077,0.099999999929,0.099999999971,0.099999999909,0.099999999944,0.099999999965,0.100000000024,0.100000000161,0.099999999913,0.100000000107
0.100000000169,0.099999999845,0.099999999937,0.099999999802,0.099999999877,0.099999999923,0.100000000052,0.100000000351,0.099999999811,0.100000000234
0.100000000115,0.099999999895,0.099999999957,0.099999999865,0.099999999917,0.099999999948,0.100000000036,0.100000000238,0.099999999871,0.100000000159
0.100000000111,0.099999999897,0.099999999958,0.099999999869,0.099999999918,0.099999999949,0.100000000034,0.100000000233,0.099999999875,0.100000000155
0.100000000160,0.099999999853,0.099999999940,0.099999999812,0.099999999883,0.099999999927,0.100000000049,0.100000000333,0.099999999821,0.100000000222
0.100000000015,0.099999999986,0.099999999994,0.099999999982,0.099999999989,0.099999999993,0.100000000005,0.100000000032,0.099999999983,0.100000000021
0.100000000085,0.099999999922,0.099999999968,0.099999999900,0.099999999938,0.099999999961,0.100000000026,0.100000000177,0.099999999905,0.100000000118
0.099999999983,0.100000000016,0.100000000007,0.100000000020,0.100000000013,0.100000000008,0.099999999995,0.099999999964,0.100000000019,0.099999999976
0.099999999984,0.100000000015,0.100000000006,0.100000000018,0.100000000012,0.100000000007,0.099999999996,0.099999999967,0.100000000017,0.099999999978
0.100000000039,0.099999999964,0.099999999985,0.099999999954,0.099999999972,0.099999999982,0.100000000012,0.100000000081,0.099999999956,0.100000000054
0.100000000068,0.099999999937,0.099999999974,0.099999999920,0.099999999950,0.099999999969,0.100000000021,0.100000000142,0.099999999924,0.100000000095
0.100000000145,0.099999999866,0.099999999945,0.099999999829,0.099999999894,0.099999999934,0.100000000045,0.100000000303,0.099999999837,0.100000000202
0.100000000013,0.099999999988,0.099999999995,0.099999999984,0.099999999990,0.099999999994,0.100000000004,0.100000000028,0.099999999985,0.100000000018
0.100000000064,0.099999999941,0.099999999976,0.099999999925,0.099999999954,0.099999999971,0.100000000020,0.100000000133,0.099999999928,0.100000000089
0.100000000046,0.099999999958,0.099999999983,0.099999999946,0.099999999967,0.099999999979,0.100000000014,0.100000000095,0.099999999948,0.100000000064
0.099999999958,0.100000000038,0.100000000016,0.100000000049,0.100000000031,0.100000000019,0.099999999987,0.099999999913,0.100000000047,0.099999999942
0.100000000023,0.099999999979,0.099999999991,0.099999999973,0.099999999983,0.099999999989,0.100000000007,0.100000000049,0.099999999974,0.100000000032
0.100000000217,0.099999999800,0.099999999918,0.099999999745,0.099999999842,0.099999999901,0.100000000067,0.100000000453,0.099999999756,0.100000000302
0.100000000168,0.099999999846,0.099999999937,0.099999999803,0.099999999878,0.099999999923,0.100000000052,0.100000000350,0.099999999812,0.100000000233
0.100000000137,0.099999999874,0.099999999948,0.099999999838,0.099999999900,0.099999999937,0.100000000043,0.100000000286,0.099999999846,0.100000000191
0.100000000187,0.099999999828,0.099999999930,0.099999999780,0.099999999864,0.099999999915,0.100000000058,0.100000000389,0.099999999790,0.100000000259
0.100000000179,0.099999999834,0.099999999932,0.099999999789,0.099999999869,0.099999999918,0.100000000055,0.100000000375,0.099999999799,0.100000000250
0.100000000136,0.099999999875,0.099999999949,0.099999999840,0.099999999900,0.099999999938,0.100000000042,0.100000000284,0.099999999847,0.100000000189
0.100000000203,0.099999999813,0.099999999924,0.099999999762,0.099999999852,0.099999999907,0.100000000063,0.100000000423,0.099999999772,0.100000000282
0.100000000129,0.099999999881,0.099999999952,0.099999999848,0.099999999906,0.099999999941,0.100000000040,0.100000000269,0.099999999855,0.100000000179
0.100000000140,0.099999999871,0.099999999947,0.099999999835,0.099999999898,0.099999999936,0.100000000044,0.100000000293,0.099999999842,0.100000000195
0.100000000185,0.099999999830,0.099999999931,0.099999999783,0.099999999865,0.099999999916,0.100000000057,0.100000000385,0.099999999793,0.100000000257
0.100000000209,0.099999999807,0.099999999921,0.099999999754,0.099999999847,0.099999999904,0.100000000065,0.100000000437,0.099999999765,0.100000000291
0.100000000202,0.099999999814,0.099999999924,0.099999999762,0.099999999852,0.099999999908,0.100000000062,0.100000000422,0.099999999773,0.100000000281
0.100000000108,0.099999999900,0.099999999959,0.099999999873,0.099999999921,0.099999999951,0.100000000033,0.100000000226,0.099999999878,0.100000000150
0.100000000158,0.099999999854,0.099999999940,0.099999999814,0.099999999884,0.099999999928,0.100000000049,0.100000000331,0.099999999822,0.100000000220
0.100000000155,0.099999999857,0.099999999942,0.099999999817,0.099999999887,0.099999999929,0.100000000048,0.100000000323,0.099999999826,0.100000000215
0.100000000111,0.099999999898,0.099999999958,0.099999999870,0.099999999919,0.099999999949,0.100000000034,0.100000000231,0.099999999876,0.100000000154
0.100000000141,0.099999999870,0.099999999947,0.099999999834,0.099999999897,0.099999999936,0.100000000043,0.100000000294,0.099999999842,0.100000000196
0.100000000162,0.099999999851,0.099999999939,0.099999999810,0.099999999882,0.099999999926,0.100000000050,0.100000000337,0.099999999818,0.100000000225
0.099999999988,0.100000000011,0.100000000004,0.100000000014,0.100000000009,0.100000000005,0.099999999997,0.099999999975,0.100000000013,0.099999999984
0.100000000133,0.099999999877,0.099999999950,0.099999999843,0.099999999903,0.099999999939,0.100000000041,0.100000000278,0.099999999850,0.100000000185
0.099999999949,0.100000000047,0.100000000019,0.100000000060,0.100000000037,0.100000000023,0.099999999984,0.099999999893,0.100000000057,0.099999999929
0.100000000032,0.099999999970,0.099999999988,0.099999999962,0.099999999976,0.099999999985,0.100000000010,0.100000000067,0.099999999964,0.100000000045
0.100000000145,0.099999999867,0.099999999946,0.099999999830,0.099999999895,0.099999999934,0.100000000045,0.100000000302,0.099999999837,0.100000000201
0.100000000144,0.099999999868,0.099999999946,0.099999999831,0.099999999895,0.099999999934,0.100000000044,0.100000000299,0.099999999839,0.100000000199
0.100000000104,0.099999999904,0.099999999961,0.099999999878,0.099999999924,0.099999999953,0.100000000032,0.100000000216,0.099999999884,0.100000000144
0.100000000084,0.099999999923,0.099999999969,0.099999999902,0.099999999939,0.099999999962,0.100000000026,0.100000000175,0.099999999906,0.100000000116
0.099999999989,0.100000000010,0.100000000004,0.100000000013,0.100000000008,0.100000000005,0.099999999997,0.099999999978,0.100000000012,0.099999999985
0.099999999981,0.100000000018,0.100000000007,0.100000000023,0.100000000014,0.100000000009,0.099999999994,0.099999999960,0.100000000022,0.099999999973
0.100000000007,0.099999999994,0.099999999997,0.099999999992,0.099999999995,0.099999999997,0.100000000002,0.100000000014,0.099999999992,0.100000000010
0.099999999992,0.100000000007,0.100000000003,0.100000000009,0.100000000006,0.100000000004,0.099999999998,0.099999999983,0.100000000009,0.099999999989
0.099999999978,0.100000000020,0.100000000008,0.100000000026,0.100000000016,0.100000000010,0.099999999993,0.099999999955,0.100000000025,0.099999999970
0.099999999940,0.100000000055,0.100000000022,0.100000000070,0.100000000044,0.100000000027,0.099999999982,0.099999999876,0.100000000067,0.099999999917
0.100000000038,0.099999999965,0.099999999986,0.099999999955,0.099999999972,0.099999999983,0.100000000012,0.100000000079,0.099999999957,0.100000000053
0.100000000030,0.099999999972,0.099999999989,0.099999999964,0.099999999978,0.099999999986,0.100000000010,0.100000000063,0.099999999966,0.100000000042
0.100000000136,0.099999999875,0.099999999949,0.099999999840,0.099999999901,0.099999999938,0.100000000042,0.100000000284,0.099999999847,0.100000000189
0.100000000003,0.099999999997,0.099999999999,0.099999999997,0.099999999998,0.099999999999,0.100000000001,0.100000000006,0.099999999997,0.100000000004
0.099999999971,0.100000000027,0.100000000011,0.100000000034,0.100000000022,0.100000000013,0.099999999991,0.099999999939,0.100000000032,0.099999999960
0.100000000135,0.099999999876,0.099999999949,0.099999999841,0.099999999902,0.099999999939,0.100000000042,0.100000000281,0.099999999849,0.100000000187
0.099999999949,0.100000000047,0.100000000019,0.100000000060,0.100000000037,0.100000000023,0.099999999984,0.099999999894,0.100000000057,0.099999999929
0.100000000095,0.099999999912,0.099999999964,0.099999999888,0.099999999931,0.099999999956,0.100000000030,0.100000000198,0.099999999893,0.100000000132
0.100000000074,0.099999999931,0.099999999972,0.099999999913,0.099999999946,0.099999999966,0.100000000023,0.100000000155,0.099999999917,0.100000000103
0.100000000146,0.099999999866,0.099999999945,0.099999999829,0.099999999894,0.099999999933,0.100000000045,0.100000000304,0.099999999836,0.100000000203
0.100000000093,0.099999999914,0.099999999965,0.099999999890,0.099999999932,0.099999999957,0.100000000029,0.100000000194,0.099999999895,0.100000000129
0.100000000078,0.099999999928,0.099999999971,0.099999999908,0.099999999943,0.099999999964,0.100000000024,0.100000000163,0.099999999912,0.100000000109
0.100000000105,0.099999999903,0.099999999960,0.099999999876,0.099999999923,0.099999999952,0.100000000033,0.100000000219,0.099999999882,0.100000000146
0.100000000174,0.099999999840,0.099999999935,0.099999999796,0.099999999873,0.099999999921,0.100000000054,0.100000000362,0.099999999805,0.100000000241
0.100000000161,0.099999999852,0.099999999939,0.099999999810,0.099999999882,0.099999999926,0.100000000050,0.100000000336,0.099999999819,0.100000000224
0.100000000099,0.099999999909,0.099999999963,0.099999999883,0.099999999928,0.099999999955,0.100000000031,0.100000000206,0.099999999889,0.100000000137
0.100000000052,0.099999999952,0.099999999981,0.099999999939,0.099999999962,0.099999999976,0.100000000016,0.100000000108,0.099999999941,0.100000000072
0.100000000020,0.099999999981,0.099999999992,0.099999999976,0.099999999985,0.099999999991,0.100000000006,0.100000000042,0.099999999977,0.100000000028
0.100000000148,0.099999999864,0.099999999944,0.099999999826,0.099999999892,0.099999999932,0.100000000046,0.100000000308,0.099999999834,0.100000000205
0.100000000076,0.099999999930,0.099999999971,0.099999999910,0.099999999944,0.099999999965,0.100000000024,0.100000000159,0.099999999914,0.100000000106
0.100000000031,0.099999999972,0.099999999988,0.099999999964,0.099999999978,0.099999999986,0.100000000010,0.100000000064,0.099999999965,0.100000000043
0.100000000024,0.099999999978,0.099999999991,0.099999999972,0.099999999983,0.099999999989,0.100000000008,0.100000000050,0.099999999973,0.100000000033
0.100000000150,0.099999999862,0.099999999944,0.099999999823,0.099999999890,0.099999999931,0.100000000046,0.100000000313,0.099999999831,0.100000000209
0.100000000146,0.099999999865,0.099999999945,0.099999999828,0.099999999893,0.099999999933,0.100000000045,0.100000000305,0.099999999836,0.100000000203
0.100000000063,0.099999999942,0.099999999976,0.099999999926,0.099999999954,0.099999999971,0.100000000020,0.100000000132,0.099999999929,0.100000000088
0.100000000070,0.099999999935,0.099999999974,0.099999999917,0.099999999949,0.099999999968,0.100000000022,0.100000000147,0.099999999921,0.100000000098
0.100000000088,0.099999999919,0.099999999967,0.099999999896,0.099999999936,0.099999999960,0.100000000028,0.100000000184,0.099999999901,0.100000000123
0.100000000055,0.099999999949,0.099999999979,0.099999999935,0.099999999960,0.099999999975,0.100000000017,0.100000000115,0.099999999937,0.100000000077
0.100000000000,0.100000000000,0.100000000000,0.100000000000,0.100000000000,0.100000000000,0.100000000000,0.100000000000,0.100000000000,0.100000000000
0.100000000047,0.099999999957,0.099999999982,0.099999999945,0.099999999966,0.099999999979,0.100000000014,0.100000000098,0.099999999948,0.100000000065
0.100000000024,0.099999999978,0.099999999991,0.099999999972,0.099999999982,0.099999999989,0.100000000007,0.100000000050,0.099999999973,0.100000000033
0.100000000164,0.099999999849,0.099999999938,0.099999999807,0.099999999881,0.099999999925,0.100000000051,0.100000000341,0.099999999816,0.100000000228
0.100000000024,0.099999999978,0.099999999991,0.099999999972,0.099999999983,0.099999999989,0.100000000007,0.100000000050,0.099999999973,0.100000000033
0.100000000152,0.099999999860,0.099999999943,0.099999999821,0.099999999889,0.099999999930,0.100000000047,0.100000000317,0.099999999829,0.100000000211
0.100000000091,0.099999999916,0.099999999966,0.099999999894,0.099999999934,0.099999999959,0.100000000028,0.100000000189,0.099999999898,0.100000000126
0.100000000138,0.099999999873,0.099999999948,0.099999999838,0.099999999899,0.099999999937,0.100000000043,0.100000000288,0.099999999845,0.100000000192
0.100000000059,0.099999999946,0.099999999978,0.099999999930,0.099999999957,0.099999999973,0.100000000018,0.100000000122,0.099999999934,0.100000000082
0.100000000119,0.099999999890,0.099999999955,0.099999999860,0.099999999913,0.099999999946,0.100000000037,0.100000000248,0.099999999867,0.100000000165
0.100000000065,0.099999999940,0.099999999976,0.099999999923,0.099999999953,0.099999999970,0.100000000020,0.100000000136,0.099999999927,0.100000000091
0.100000000106,0.099999999903,0.099999999960,0.099999999876,0.099999999923,0.099999999952,0.100000000033,0.100000000220,0.099999999881,0.100000000147
0.100000000008,0.099999999992,0.099999999997,0.099999999990,0.099999999994,0.099999999996,0.100000000003,0.100000000017,0.099999999990,0.100000000012
0.100000000078,0.099999999928,0.099999999971,0.099999999908,0.099999999943,0.099999999965,0.100000000024,0.100000000162,0.099999999913,0.100000000108
0.100000000088,0.099999999919,0.099999999967,0.099999999896,0.099999999936,0.099999999960,0.100000000027,0.100000000184,0.099999999901,0.100000000123
0.100000000075,0.099999999931,0.099999999972,0.099999999912,0.099999999945,0.099999999966,0.100000000023,0.100000000156,0.099999999916,0.100000000104
0.100000000092,0.099999999915,0.099999999965,0.099999999891,0.099999999933,0.099999999958,0.100000000029,0.100000000193,0.099999999896,0.100000000128
0.100000000164,0.099999999849,0.099999999938,0.099999999807,0.099999999880,0.099999999925,0.100000000051,0.100000000342,0.099999999815,0.100000000228
0.100000000100,0.099999999908,0.099999999962,0.099999999882,0.099999999927,0.099999999954,0.100000000031,0.100000000209,0.099999999887,0.100000000140
0.100000000083,0.099999999924,0.099999999969,0.099999999902,0.099999999940,0.099999999962,0.100000000026,0.100000000173,0.099999999907,0.100000000115
0.100000000196,0.099999999820,0.099999999926,0.099999999770,0.099999999857,0.099999999911,0.100000000061,0.100000000408,0.099999999780,0.100000000272
0.100000000098,0.099999999909,0.099999999963,0.099999999884,0.099999999928,0.099999999955,0.100000000030,0.100000000205,0.099999999889,0.100000000137
0.100000000111,0.099999999898,0.099999999958,0.099999999870,0.099999999919,0.099999999950,0.100000000034,0.100000000231,0.099999999876,0.100000000154
0.100000000206,0.099999999810,0.099999999923,0.099999999758,0.099999999850,0.099999999906,0.100000000064,0.100000000429,0.099999999769,0.100000000286
0.100000000099,0.099999999909,0.099999999963,0.099999999884,0.099999999928,0.099999999955,0.100000000031,0.100000000205,0.099999999889,0.100000000137
0.100000000064,0.099999999941,0.099999999976,0.099999999925,0.099999999953,0.099999999971,0.100000000020,0.100000000133,0.099999999928,0.100000000089
0.100000000109,0.099999999899,0.099999999959,0.099999999871,0.099999999920,0.099999999950,0.100000000034,0.100000000228,0.099999999877,0.100000000152
0.100000000198,0.099999999818,0.099999999926,0.099999999767,0.099999999856,0.099999999910,0.100000000061,0.100000000412,0.099999999778,0.100000000275
0.100000000104,0.099999999905,0.099999999961,0.099999999877,0.099999999925,0.099999999952,0.100000000032,0.100000000216,0.099999999883,0.100000000144
0.100000000193,0.099999999822,0.099999999927,0.099999999773,0.099999999859,0.099999999912,0.100000000059,0.100000000403,0.099999999784,0.100000000268
0.100000000206,0.099999999810,0.099999999923,0.099999999757,0.099999999850,0.099999999906,0.100000000064,0.100000000430,0.099999999769,0.100000000286
0.100000000131,0.099999999879,0.099999999951,0.099999999846,0.099999999904,0.099999999940,0.100000000040,0.100000000273,0.099999999853,0.100000000182
0.100000000120,0.099999999889,0.099999999955,0.099999999859,0.099999999912,0.099999999945,0.100000000037,0.100000000251,0.099999999865,0.100000000167
0.100000000172,0.099999999841,0.099999999935,0.099999999798,0.099999999874,0.099999999922,0.100000000053,0.100000000359,0.099999999807,0.100000000239
0.100000000094,0.099999999913,0.099999999965,0.099999999889,0.099999999931,0.099999999957,0.100000000029,0.100000000196,0.099999999894,0.100000000131
0.100000000042,0.099999999962,0.099999999984,0.099999999951,0.099999999970,0.099999999981,0.100000000013,0.100000000087,0.099999999953,0.100000000058
0.100000000104,0.099999999905,0.099999999961,0.099999999878,0.099999999925,0.099999999953,0.100000000032,0.100000000216,0.099999999883,0.100000000144
0.100000000043,0.099999999960,0.099999999984,0.099999999950,0.099999999968,0.099999999980,0.100000000013,0.100000000090,0.099999999952,0.100000000060
0.100000000025,0.099999999977,0.099999999991,0.099999999970,0.099999999982,0.099999999989,0.100000000008,0.100000000052,0.099999999972,0.100000000035
0.099999999957,0.100000000040,0.100000000016,0.100000000051,0.100000000032,0.100000000020,0.099999999987,0.099999999910,0.100000000048,0.099999999940
0.100000000064,0.099999999941,0.099999999976,0.099999999925,0.099999999954,0.099999999971,0.100000000020,0.100000000132,0.099999999929,0.100000000088
0.100000000014,0.099999999987,0.099999999995,0.099999999983,0.099999999990,0.099999999993,0.100000000005,0.100000000030,0.099999999984,0.100000000020
0.099999999979,0.100000000020,0.100000000008,0.100000000025,0.100000000015,0.100000000010,0.099999999993,0.099999999956,0.100000000024,0.099999999970
0.100000000034,0.099999999969,0.099999999987,0.099999999960,0.099999999975,0.099999999984,0.100000000011,0.100000000071,0.099999999962,0.100000000047
0.100000000072,0.099999999933,0.099999999973,0.099999999915,0.099999999947,0.099999999967,0.100000000023,0.100000000151,0.099999999919,0.100000000100
0.100000000015,0.099999999986,0.099999999994,0.099999999982,0.099999999989,0.099999999993,0.100000000005,0.100000000031,0.099999999983,0.100000000021
0.100000000075,0.099999999931,0.099999999972,0.099999999911,0.099999999945,0.099999999966,0.100000000024,0.100000000157,0.099999999915,0.100000000105
0.100000000069,0.099999999936,0.099999999974,0.099999999918,0.099999999949,0.099999999968,0.100000000021,0.100000000145,0.099999999922,0.100000000097
0.100000000047,0.099999999957,0.099999999982,0.099999999945,0.099999999966,0.099999999979,0.100000000014,0.100000000097,0.099999999948,0.100000000065
0.100000000057,0.099999999947,0.099999999978,0.099999999933,0.099999999958,0.099999999974,0.100000000018,0.100000000119,0.099999999936,0.100000000080
0.100000000081,0.099999999925,0.099999999969,0.099999999904,0.099999999941,0.099999999963,0.100000000025,0.100000000169,0.099999999908,0.100000000113
0.100000000022,0.099999999980,0.099999999992,0.099999999974,0.099999999984,0.099999999990,0.100000000007,0.100000000046,0.099999999975,0.100000000031
0.100000000035,0.099999999968,0.099999999987,0.099999999959,0.099999999975,0.099999999984,0.100000000011,0.100000000072,0.099999999961,0.100000000048
0.100000000071,0.099999999935,0.099999999974,0.099999999917,0.099999999949,0.099999999968,0.100000000022,0.100000000147,0.099999999921,0.100000000098
0.100000000045,0.099999999959,0.099999999983,0.099999999948,0.099999999967,0.099999999980,0.100000000014,0.100000000093,0.099999999950,0.100000000062
0.100000000074,0.099999999932,0.099999999972,0.099999999912,0.099999999946,0.099999999966,0.100000000023,0.100000000155,0.099999999916,0.100000000103
0.100000000107,0.099999999902,0.099999999960,0.099999999875,0.099999999922,0.099999999951,0.100000000033,0.100000000222,0.099999999880,0.100000000148
0.100000000078,0.099999999928,0.099999999971,0.099999999909,0.099999999943,0.099999999965,0.100000000024,0.100000000162,0.099999999913,0.100000000108
0.100000000092,0.099999999915,0.099999999965,0.099999999891,0.099999999933,0.099999999958,0.100000000029,0.100000000192,0.099999999896,0.100000000128
0.100000000054,0.099999999950,0.099999999980,0.099999999936,0.099999999960,0.099999999975,0.100000000017,0.100000000113,0.099999999939,0.100000000076
0.100000000074,0.099999999932,0.099999999972,0.099999999913,0.099999999946,0.099999999966,0.100000000023,0.100000000154,0.099999999917,0.100000000103
0.100000000081,0.099999999925,0.099999999969,0.099999999904,0.099999999941,0.099999999963,0.100000000025,0.100000000169,0.099999999909,0.100000000113
0.100000000099,0.099999999908,0.099999999963,0.099999999883,0.099999999927,0.099999999955,0.100000000031,0.100000000207,0.099999999888,0.100000000138
0.100000000071,0.099999999934,0.099999999973,0.099999999916,0.099999999948,0.099999999967,0.100000000022,0.100000000149,0.099999999920,0.100000000099
0.100000000069,0.099999999937,0.099999999974,0.099999999919,0.099999999950,0.099999999969,0.100000000021,0.100000000143,0.099999999923,0.100000000095
0.100000000070,0.099999999935,0.099999999974,0.099999999918,0.099999999949,0.099999999968,0.100000000022,0.100000000146,0.099999999921,0.100000000097
0.100000000172,0.099999999842,0.099999999935,0.099999999798,0.099999999875,0.099999999922,0.100000000053,0.100000000358,0.099999999807,0.100000000239
0.100000000062,0.099999999942,0.099999999977,0.099999999927,0.099999999954,0.099999999972,0.100000000019,0.100000000130,0.099999999930,0.100000000087
0.100000000119,0.099999999890,0.099999999955,0.099999999861,0.099999999913,0.099999999946,0.100000000037,0.100000000248,0.099999999867,0.100000000165
0.099999999964,0.100000000034,0.100000000014,0.100000000043,0.100000000027,0.100000000017,0.099999999989,0.099999999924,0.100000000041,0.099999999950
0.100000000070,0.099999999936,0.099999999974,0.099999999918,0.099999999949,0.099999999968,0.100000000022,0.100000000146,0.099999999921,0.100000000097
0.100000000072,0.099999999933,0.099999999973,0.099999999915,0.099999999947,0.099999999967,0.100000000023,0.100000000151,0.099999999919,0.100000000101
0.100000000143,0.099999999869,0.099999999946,0.099999999832,0.099999999896,0.099999999935,0.100000000044,0.100000000297,0.099999999840,0.100000000198
0.100000000212,0.099999999805,0.099999999920,0.099999999751,0.099999999845,0.099999999903,0.100000000065,0.100000000442,0.099999999762,0.100000000294
0.100000000111,0.099999999897,0.099999999958,0.099999999869,0.099999999918,0.099999999949,0.100000000034,0.100000000233,0.099999999875,0.100000000155
0.100000000066,0.099999999939,0.099999999975,0.099999999922,0.099999999952,0.099999999970,0.100000000021,0.100000000138,0.099999999925,0.100000000092
0.100000000009,0.099999999991,0.099999999997,0.099999999989,0.099999999993,0.099999999996,0.100000000003,0.100000000019,0.099999999990,0.100000000013
0.100000000100,0.099999999908,0.099999999962,0.099999999882,0.099999999927,0.099999999954,0.100000000031,0.100000000209,0.099999999888,0.100000000139
0.100000000159,0.099999999853,0.099999999940,0.099999999812,0.099999999883,0.099999999927,0.100000000049,0.100000000333,0.099999999821,0.100000000222
0.100000000121,0.099999999889,0.099999999955,0.099999999858,0.099999999912,0.099999999945,0.100000000037,0.100000000251,0.099999999864,0.100000000168
0.100000000137,0.099999999874,0.099999999948,0.099999999839,0.099999999900,0.099999999937,0.100000000043,0.100000000286,0.099999999846,0.100000000191
0.100000000169,0.099999999844,0.099999999937,0.099999999802,0.099999999877,0.099999999923,0.100000000052,0.100000000352,0.099999999811,0.100000000234
0.100000000063,0.099999999942,0.099999999976,0.099999999926,0.099999999954,0.099999999971,0.100000000020,0.100000000131,0.099999999929,0.100000000088
0.100000000147,0.099999999865,0.099999999945,0.099999999827,0.099999999893,0.099999999933,0.100000000045,0.100000000306,0.099999999835,0.100000000204
0.100000000090,0.099999999917,0.099999999966,0.099999999894,0.099999999935,0.099999999959,0.100000000028,0.100000000187,0.099999999899,0.100000000125
0.100000000085,0.099999999922,0.099999999968,0.099999999900,0.099999999938,0.099999999961,0.100000000026,0.100000000177,0.099999999905,0.100000000118
0.100000000097,0.099999999910,0.099999999963,0.099999999885,0.099999999929,0.099999999956,0.100000000030,0.100000000203,0.099999999891,0.100000000135
0.100000000218,0.099999999799,0.099999999918,0.099999999744,0.099999999841,0.099999999900,0.100000000067,0.100000000454,0.099999999755,0.100000000303
0.100000000102,0.099999999906,0.099999999962,0.099999999879,0.099999999925,0.099999999953,0.100000000032,0.100000000213,0.099999999885,0.100000000142
0.100000000092,0.099999999915,0.099999999965,0.099999999892,0.099999999933,0.099999999958,0.100000000029,0.100000000192,0.099999999896,0.100000000128
0.100000000089,0.099999999918,0.099999999967,0.099999999895,0.099999999935,0.099999999959,0.100000000028,0.100000000186,0.099999999900,0.100000000124
0.100000000090,0.099999999917,0.099999999966,0.099999999894,0.099999999935,0.099999999959,0.100000000028,0.100000000187,0.099999999899,0.100000000125
0.100000000141,0.099999999870,0.099999999947,0.099999999834,0.099999999897,0.099999999935,0.100000000044,0.100000000295,0.099999999841,0.100000000196
0.100000000165,0.099999999848,0.099999999938,0.099999999806,0.099999999880,0.099999999925,0.100000000051,0.100000000343,0.099999999815,0.100000000229
0.100000000148,0.099999999863,0.099999999944,0.099999999825,0.099999999891,0.099999999932,0.100000000046,0.100000000310,0.099999999833,0.100000000207
0.100000000099,0.099999999909,0.099999999963,0.099999999884,0.099999999928,0.099999999955,0.100000000031,0.100000000206,0.099999999889,0.100000000137
0.100000000166,0.099999999847,0.099999999938,0.099999999805,0.099999999879,0.099999999924,0.100000000051,0.100000000346,0.099999999814,0.100000000230
0.100000000069,0.099999999936,0.099999999974,0.099999999918,0.099999999950,0.099999999968,0.100000000022,0.100000000144,0.099999999922,0.100000000096
0.100000000078,0.099999999928,0.099999999971,0.099999999909,0.099999999943,0.099999999965,0.100000000024,0.100000000162,0.099999999913,0.100000000108
0.100000000118,0.099999999892,0.099999999956,0.099999999861,0.099999999914,0.099999999946,0.100000000036,0.100000000245,0.099999999868,0.100000000164
0.100000000143,0.099999999869,0.099999999946,0.099999999832,0.099999999896,0.099999999935,0.100000000044,0.100000000297,0.099999999840,0.100000000198
0.100000000161,0.099999999852,0.099999999940,0.099999999811,0.099999999883,0.099999999927,0.100000000050,0.100000000335,0.099999999819,0.100000000223
0.100000000236,0.099999999782,0.099999999911,0.099999999722,0.099999999828,0.099999999892,0.100000000073,0.100000000492,0.099999999735,0.100000000328
0.100000000097,0.099999999911,0.099999999964,0.099999999886,0.099999999929,0.099999999956,0.100000000030,0.100000000201,0.099999999891,0.100000000134
0.100000000107,0.099999999902,0.099999999960,0.099999999874,0.099999999922,0.099999999951,0.100000000033,0.100000000223,0.099999999880,0.100000000148
0.100000000122,0.099999999887,0.099999999954,0.099999999856,0.099999999911,0.099999999944,0.100000000038,0.100000000255,0.099999999863,0.100000000170
0.100000000117,0.099999999893,0.099999999956,0.099999999863,0.099999999915,0.099999999947,0.100000000036,0.100000000243,0.099999999869,0.100000000162
0.100000000243,0.099999999776,0.099999999909,0.099999999714,0.099999999822,0.099999999889,0.100000000075,0.100000000508,0.099999999727,0.100000000338
0.100000000090,0.099999999917,0.099999999966,0.099999999894,0.099999999934,0.099999999959,0.100000000028,0.100000000187,0.099999999899,0.100000000125
0.100000000143,0.099999999867,0.099999999946,0.099999999831,0.099999999895,0.099999999934,0.100000000044,0.100000000300,0.099999999839,0.100000000200
0.100000000132,0.099999999878,0.099999999950,0.099999999844,0.099999999903,0.099999999940,0.100000000041,0.100000000276,0.099999999851,0.100000000184
0.100000000099,0.099999999909,0.099999999963,0.099999999884,0.099999999928,0.099999999955,0.100000000031,0.100000000206,0.099999999889,0.100000000137
0.100000000129,0.099999999881,0.099999999951,0.099999999848,0.099999999906,0.099999999941,0.100000000040,0.100000000270,0.099999999855,0.100000000180
0.100000000144,0.099999999867,0.099999999946,0.099999999830,0.099999999895,0.099999999934,0.100000000045,0.100000000301,0.099999999838,0.100000000200
0.100000000083,0.099999999923,0.099999999969,0.099999999902,0.099999999939,0.099999999962,0.100000000026,0.100000000173,0.099999999907,0.100000000116
0.100000000195,0.099999999820,0.099999999926,0.099999999770,0.099999999857,0.099999999911,0.100000000060,0.100000000408,0.099999999781,0.100000000272
0.100000000099,0.099999999908,0.099999999963,0.099999999883,0.099999999927,0.099999999955,0.100000000031,0.100000000207,0.099999999889,0.100000000138
0.100000000152,0.099999999860,0.099999999943,0.099999999821,0.099999999889,0.099999999931,0.100000000047,0.100000000316,0.099999999829,0.100000000211
0.100000000131,0.099999999879,0.099999999951,0.099999999846,0.099999999904,0.099999999940,0.100000000041,0.100000000273,0.099999999853,0.100000000182
0.100000000134,0.099999999876,0.099999999949,0.099999999842,0.099999999902,0.099999999939,0.100000000042,0.100000000280,0.099999999849,0.100000000187
0.100000000077,0.099999999928,0.099999999971,0.099999999909,0.099999999943,0.099999999965,0.100000000024,0.100000000162,0.099999999913,0.100000000108
0.100000000203,0.099999999812,0.099999999924,0.099999999761,0.099999999851,0.099999999907,0.100000000063,0.100000000425,0.099999999772,0.100000000283
0.100000000139,0.099999999872,0.099999999948,0.099999999836,0.099999999899,0.099999999937,0.100000000043,0.100000000290,0.099999999844,0.100000000193
0.100000000131,0.099999999879,0.099999999951,0.099999999846,0.099999999904,0.099999999940,0.100000000041,0.100000000273,0.099999999853,0.100000000182
0.100000000198,0.099999999818,0.099999999926,0.099999999768,0.099999999855,0.099999999910,0.100000000061,0.100000000412,0.099999999778,0.100000000275
0.100000000218,0.099999999799,0.099999999918,0.099999999744,0.099999999841,0.099999999901,0.100000000067,0.100000000454,0.099999999755,0.100000000303
0.100000000097,0.099999999910,0.099999999964,0.099999999886,0.099999999929,0.099999999956,0.100000000030,0.100000000202,0.099999999891,0.100000000135
0.100000000122,0.099999999888,0.099999999954,0.099999999857,0.099999999911,0.099999999944,0.100000000038,0.100000000253,0.099999999863,0.100000000169
0.100000000220,0.099999999797,0.099999999917,0.099999999741,0.099999999839,0.099999999900,0.100000000068,0.100000000459,0.099999999753,0.100000000306
0.100000000129,0.099999999881,0.099999999951,0.099999999848,0.099999999906,0.099999999941,0.100000000040,0.100000000269,0.099999999855,0.100000000179
0.100000000133,0.099999999878,0.099999999950,0.099999999844,0.099999999903,0.099999999939,0.100000000041,0.100000000277,0.099999999851,0.100000000185
0.100000000015,0.099999999987,0.099999999994,0.099999999982,0.099999999989,0.099999999993,0.100000000005,0.100000000030,0.099999999983,0.100000000020
0.100000000166,0.099999999848,0.099999999938,0.099999999805,0.099999999879,0.099999999924,0.100000000051,0.100000000345,0.099999999814,0.100000000230
0.100000000121,0.099999999888,0.099999999954,0.099999999857,0.099999999911,0.099999999945,0.100000000038,0.100000000253,0.099999999863,0.100000000169
0.100000000148,0.099999999864,0.099999999945,0.099999999826,0.099999999892,0.099999999933,0.100000000046,0.100000000308,0.099999999834,0.100000000205
0.100000000253,0.099999999767,0.099999999905,0.099999999703,0.099999999815,0.099999999885,0.100000000078,0.100000000527,0.099999999716,0.100000000351
0.100000000101,0.099999999907,0.099999999962,0.099999999881,0.099999999926,0.099999999954,0.100000000031,0.100000000210,0.099999999886,0.100000000140
0.100000000154,0.099999999859,0.099999999942,0.099999999819,0.099999999888,0.099999999930,0.100000000048,0.100000000320,0.099999999827,0.100000000214
0.100000000152,0.099999999860,0.099999999943,0.099999999821,0.099999999889,0.099999999931,0.100000000047,0.100000000317,0.099999999829,0.100000000211
0.099999999936,0.100000000059,0.100000000024,0.100000000075,0.100000000047,0.100000000029,0.099999999980,0.099999999867,0.100000000072,0.099999999911
0.100000000094,0.099999999914,0.099999999965,0.099999999889,0.099999999932,0.099999999957,0.100000000029,0.100000000195,0.099999999894,0.100000000130
0.100000000083,0.099999999924,0.099999999969,0.099999999903,0.099999999940,0.099999999962,0.100000000026,0.100000000172,0.099999999907,0.100000000115
0.100000000062,0.099999999943,0.099999999977,0.099999999927,0.099999999955,0.099999999972,0.100000000019,0.100000000129,0.099999999931,0.100000000086
0.099999999819,0.100000000166,0.100000000068,0.100000000213,0.100000000132,0.100000000083,0.099999999944,0.099999999623,0.100000000204,0.099999999748
0.099999999958,0.100000000039,0.100000000016,0.100000000050,0.100000000031,0.100000000019,0.099999999987,0.099999999912,0.100000000048,0.099999999941
0.100000000176,0.099999999838,0.099999999934,0.099999999793,0.099999999872,0.099999999920,0.100000000055,0.100000000367,0.099999999802,0.100000000245
0.100000000175,0.099999999839,0.099999999934,0.099999999795,0.099999999872,0.099999999920,0.100000000054,0.100000000365,0.099999999804,0.100000000243
0.100000000093,0.099999999914,0.099999999965,0.099999999891,0.099999999932,0.099999999958,0.100000000028,0.100000000194,0.099999999896,0.100000000129
0.100000000047,0.099999999957,0.099999999982,0.099999999945,0.099999999966,0.099999999979,0.100000000015,0.100000000097,0.099999999947,0.100000000065
0.100000000001,0.099999999999,0.100000000000,0.099999999999,0.099999999999,0.099999999999,0.100000000000,0.100000000002,0.099999999999,0.100000000002
0.100000000010,0.099999999991,0.099999999996,0.099999999988,0.099999999993,0.099999999995,0.100000000003,0.100000000021,0.099999999989,0.100000000014
0.100000000033,0.099999999969,0.099999999988,0.099999999961,0.099999999976,0.099999999985,0.100000000010,0.100000000069,0.099999999963,0.100000000046
0.100000000038,0.099999999965,0.099999999986,0.099999999955,0.099999999973,0.099999999983,0.100000000012,0.100000000079,0.099999999957,0.100000000053
0.100000000048,0.099999999956,0.099999999982,0.099999999944,0.099999999965,0.099999999978,0.100000000015,0.100000000099,0.099999999946,0.100000000066
0.100000000026,0.099999999977,0.099999999990,0.099999999969,0.099999999982,0.099999999988,0.100000000008,0.100000000053,0.099999999971,0.100000000036
0.100000000107,0.099999999901,0.099999999960,0.099999999874,0.099999999922,0.099999999951,0.100000000033,0.100000000224,0.099999999879,0.100000000149
0.100000000035,0.099999999968,0.099999999987,0.099999999959,0.099999999975,0.099999999984,0.100000000011,0.100000000072,0.099999999961,0.100000000048
0.099999999977,0.100000000021,0.100000000009,0.100000000027,0.100000000016,0.100000000010,0.099999999993,0.099999999953,0.100000000025,0.099999999969
0.099999999953,0.100000000044,0.100000000018,0.100000000056,0.100000000035,0.100000000022,0.099999999985,0.099999999901,0.100000000053,0.099999999934
0.100000000048,0.099999999956,0.099999999982,0.099999999943,0.099999999965,0.099999999978,0.100000000015,0.100000000101,0.099999999946,0.100000000067
0.100000000162,0.099999999850,0.099999999939,0.099999999809,0.099999999882,0.099999999926,0.100000000050,0.100000000339,0.099999999817,0.100000000226
0.100000000142,0.099999999868,0.099999999946,0.099999999833,0.099999999896,0.099999999935,0.100000000044,0.100000000297,0.099999999840,0.100000000198
0.100000000185,0.099999999830,0.099999999931,0.099999999783,0.099999999865,0.099999999916,0.100000000057,0.100000000385,0.099999999793,0.100000000257
0.100000000160,0.099999999853,0.099999999940,0.099999999812,0.099999999883,0.099999999927,0.100000000049,0.100000000333,0.099999999821,0.100000000222
0.100000000129,0.099999999881,0.099999999952,0.099999999848,0.099999999906,0.099999999941,0.100000000040,0.100000000269,0.099999999855,0.100000000179
0.100000000097,0.099999999910,0.099999999964,0.099999999886,0.099999999929,0.099999999956,0.100000000030,0.100000000202,0.099999999891,0.100000000135
0.100000000132,0.099999999878,0.099999999950,0.099999999844,0.099999999904,0.099999999940,0.100000000041,0.100000000275,0.099999999851,0.100000000184
0.100000000118,0.099999999891,0.099999999956,0.099999999861,0.099999999914,0.099999999946,0.100000000037,0.100000000246,0.099999999867,0.100000000164
0.100000000173,0.099999999841,0.099999999935,0.099999999797,0.099999999874,0.099999999921,0.100000000053,0.100000000360,0.099999999806,0.100000000240
0.100000000137,0.099999999874,0.099999999949,0.099999999839,0.099999999900,0.099999999938,0.100000000042,0.100000000285,0.099999999846,0.100000000190
0.100000000155,0.099999999856,0.099999999942,0.099999999817,0.099999999886,0.099999999929,0.100000000048,0.100000000325,0.099999999825,0.100000000216
0.100000000205,0.099999999811,0.099999999923,0.099999999759,0.099999999851,0.099999999907,0.100000000063,0.100000000427,0.099999999770,0.100000000284
0.100000000216,0.099999999801,0.099999999919,0.099999999746,0.099999999842,0.099999999901,0.100000000067,0.100000000451,0.099999999758,0.100000000300
0.100000000203,0.099999999813,0.099999999924,0.099999999761,0.099999999852,0.099999999907,0.100000000063,0.100000000423,0.099999999772,0.100000000282
0.099999999978,0.100000000020,0.100000000008,0.100000000026,0.100000000016,0.100000000010,0.099999999993,0.099999999954,0.100000000025,0.099999999970
0.100000000132,0.099999999879,0.099999999951,0.099999999845,0.099999999904,0.099999999940,0.100000000041,0.100000000275,0.099999999852,0.100000000183
0.100000000178,0.099999999835,0.099999999933,0.099999999790,0.099999999869,0.099999999919,0.100000000055,0.100000000372,0.099999999800,0.100000000248
0.100000000138,0.099999999873,0.099999999948,0.099999999838,0.099999999899,0.099999999937,0.100000000043,0.100000000287,0.099999999845,0.100000000191
0.100000000182,0.099999999831,0.099999999931,0.099999999786,0.099999999866,0.099999999917,0.100000000056,0.100000000381,0.099999999795,0.100000000254
0.100000000123,0.099999999886,0.099999999954,0.099999999855,0.099999999910,0.099999999944,0.100000000038,0.100000000257,0.099999999861,0.100000000171
0.100000000130,0.099999999881,0.099999999951,0.099999999848,0.099999999906,0.099999999941,0.100000000040,0.100000000270,0.099999999854,0.100000000180
0.100000000048,0.099999999956,0.099999999982,0.099999999944,0.099999999965,0.099999999978,0.100000000015,0.100000000100,0.099999999947,0.100000000066
0.100000000157,0.099999999855,0.099999999941,0.099999999815,0.099999999885,0.099999999928,0.100000000049,0.100000000327,0.099999999823,0.100000000218
0.100000000085,0.099999999921,0.099999999968,0.099999999899,0.099999999938,0.099999999961,0.100000000027,0.100000000178,0.099999999904,0.100000000119
0.100000000062,0.099999999943,0.099999999977,0.099999999927,0.099999999955,0.099999999972,0.100000000019,0.100000000128,0.099999999931,0.100000000086
0.100000000031,0.099999999971,0.099999999988,0.099999999963,0.099999999977,0.099999999986,0.100000000010,0.100000000065,0.099999999965,0.100000000044
0.100000000074,0.099999999932,0.099999999972,0.099999999913,0.099999999946,0.099999999966,0.100000000023,0.100000000154,0.099999999917,0.100000000103
0.099999999885,0.100000000106,0.100000000043,0.100000000136,0.100000000084,0.100000000053,0.099999999964,0.099999999759,0.100000000130,0.099999999839
0.100000000097,0.099999999910,0.099999999963,0.099999999885,0.099999999929,0.099999999956,0.100000000030,0.100000000203,0.099999999891,0.100000000135
0.100000000074,0.099999999931,0.099999999972,0.099999999913,0.099999999946,0.099999999966,0.100000000023,0.100000000155,0.099999999917,0.100000000103
0.100000000045,0.099999999958,0.099999999983,0.099999999947,0.099999999967,0.099999999979,0.100000000014,0.100000000094,0.099999999949,0.100000000063
0.100000000164,0.099999999849,0.099999999938,0.099999999807,0.099999999880,0.099999999925,0.100000000051,0.100000000341,0.099999999816,0.100000000228
0.100000000222,0.099999999796,0.099999999917,0.099999999739,0.099999999838,0.099999999899,0.100000000069,0.100000000462,0.099999999751,0.100000000308
0.100000000079,0.099999999927,0.099999999970,0.099999999907,0.099999999943,0.099999999964,0.100000000024,0.100000000164,0.099999999912,0.100000000109
0.100000000200,0.099999999815,0.099999999925,0.099999999764,0.099999999854,0.099999999908,0.100000000062,0.100000000418,0.099999999775,0.100000000279
0.100000000002,0.099999999998,0.099999999999,0.099999999997,0.099999999998,0.099999999999,0.100000000001,0.100000000005,0.099999999997,0.100000000003
0.100000000183,0.099999999831,0.099999999931,0.099999999785,0.099999999866,0.099999999916,0.100000000056,0.100000000381,0.099999999795,0.100000000254
0.100000000068,0.099999999938,0.099999999974,0.099999999920,0.099999999951,0.099999999969,0.100000000021,0.100000000141,0.099999999924,0.100000000094
0.100000000214,0.099999999803,0.099999999920,0.099999999749,0.099999999844,0.099999999902,0.100000000066,0.100000000445,0.099999999760,0.100000000297
0.100000000132,0.099999999879,0.099999999950,0.099999999845,0.099999999904,0.099999999940,0.100000000041,0.100000000275,0.099999999852,0.100000000183
0.100000000163,0.099999999850,0.099999999939,0.099999999808,0.099999999881,0.099999999925,0.100000000051,0.100000000341,0.099999999816,0.100000000227
0.100000000195,0.099999999821,0.099999999927,0.099999999771,0.099999999858,0.099999999911,0.100000000060,0.100000000406,0.099999999782,0.100000000270
0.100000000190,0.099999999824,0.099999999928,0.099999999776,0.099999999861,0.099999999913,0.100000000059,0.100000000398,0.099999999786,0.100000000265
0.100000000173,0.099999999841,0.099999999935,0.099999999797,0.099999999874,0.099999999921,0.100000000053,0.100000000360,0.099999999806,0.100000000240
0.100000000162,0.099999999850,0.099999999939,0.099999999809,0.099999999881,0.099999999926,0.100000000050,0.100000000339,0.099999999818,0.100000000226
0.100000000230,0.099999999787,0.099999999913,0.099999999729,0.099999999832,0.099999999895,0.100000000071,0.100000000481,0.099999999741,0.100000000321
0.100000000211,0.099999999805,0.099999999920,0.099999999751,0.099999999845,0.099999999903,0.100000000065,0.100000000441,0.099999999763,0.100000000294
0.100000000145,0.099999999867,0.099999999946,0.099999999830,0.099999999894,0.099999999934,0.100000000045,0.100000000302,0.099999999837,0.100000000201
0.100000000214,0.099999999803,0.099999999920,0.099999999748,0.099999999844,0.099999999902,0.100000000066,0.100000000446,0.099999999760,0.100000000297
0.100000000214,0.099999999803,0.099999999920,0.099999999749,0.099999999844,0.099999999902,0.100000000066,0.100000000446,0.099999999760,0.100000000297
0.100000000073,0.099999999933,0.099999999973,0.099999999914,0.099999999947,0.099999999967,0.100000000023,0.100000000152,0.099999999918,0.100000000101
0.100000000147,0.099999999865,0.099999999945,0.099999999827,0.099999999893,0.099999999933,0.100000000045,0.100000000306,0.099999999835,0.100000000204
0.100000000121,0.099999999888,0.099999999954,0.099999999858,0.099999999912,0.099999999945,0.100000000037,0.100000000253,0.099999999864,0.100000000168
0.100000000195,0.099999999820,0.099999999927,0.099999999771,0.099999999858,0.099999999911,0.100000000060,0.100000000406,0.099999999781,0.100000000271
0.100000000129,0.099999999882,0.099999999952,0.099999999849,0.099999999906,0.099999999941,0.100000000040,0.100000000268,0.099999999855,0.100000000179
0.100000000174,0.099999999839,0.099999999934,0.099999999795,0.099999999873,0.099999999920,0.100000000054,0.100000000364,0.099999999804,0.100000000242
0.100000000212,0.099999999805,0.099999999920,0.099999999750,0.099999999845,0.099999999903,0.100000000066,0.100000000442,0.099999999762,0.100000000295
0.100000000118,0.099999999891,0.099999999956,0.099999999861,0.099999999914,0.099999999946,0.100000000036,0.100000000247,0.099999999867,0.100000000164
0.100000000181,0.099999999833,0.099999999932,0.099999999787,0.099999999868,0.099999999917,0.100000000056,0.100000000378,0.099999999796,0.100000000252
0.100000000227,0.099999999791,0.099999999915,0.099999999733,0.099999999834,0.099999999896,0.100000000070,0.100000000474,0.099999999745,0.100000000315
0.100000000102,0.099999999906,0.099999999962,0.099999999880,0.099999999925,0.099999999953,0.100000000032,0.100000000213,0.099999999885,0.100000000142
0.100000000102,0.099999999906,0.099999999962,0.099999999880,0.099999999926,0.099999999953,0.100000000032,0.100000000212,0.099999999885,0.100000000142
0.100000000120,0.099999999890,0.099999999955,0.099999999859,0.099999999913,0.099999999945,0.100000000037,0.100000000250,0.099999999866,0.100000000166
0.100000000124,0.099999999886,0.099999999954,0.099999999854,0.099999999910,0.099999999944,0.100000000038,0.100000000258,0.099999999861,0.100000000172
0.100000000067,0.099999999938,0.099999999975,0.099999999921,0.099999999951,0.099999999969,0.100000000021,0.100000000139,0.099999999925,0.100000000093
0.100000000228,0.099999999790,0.099999999914,0.099999999732,0.099999999834,0.099999999896,0.100000000070,0.100000000475,0.099999999744,0.100000000316
0.100000000180,0.099999999834,0.099999999932,0.099999999788,0.099999999868,0.099999999918,0.100000000056,0.100000000376,0.099999999797,0.100000000251
0.100000000132,0.099999999879,0.099999999950,0.099999999845,0.099999999904,0.099999999940,0.100000000041,0.100000000275,0.099999999852,0.100000000183
0.100000000266,0.099999999755,0.099999999900,0.099999999687,0.099999999806,0.099999999879,0.100000000082,0.100000000554,0.099999999701,0.100000000369
0.100000000150,0.099999999862,0.099999999944,0.099999999824,0.099999999891,0.099999999932,0.100000000046,0.100000000312,0.099999999832,0.100000000208
0.100000000207,0.099999999809,0.099999999922,0.099999999757,0.099999999849,0.099999999906,0.100000000064,0.100000000431,0.099999999768,0.100000000287
0.100000000183,0.099999999832,0.099999999931,0.099999999785,0.099999999867,0.099999999917,0.100000000057,0.100000000381,0.099999999795,0.100000000254
0.100000000136,0.099999999874,0.099999999949,0.099999999840,0.099999999901,0.099999999938,0.100000000042,0.100000000284,0.099999999847,0.100000000189
0.100000000136,0.099999999875,0.099999999949,0.099999999840,0.099999999901,0.099999999938,0.100000000042,0.100000000283,0.099999999847,0.100000000189
0.100000000120,0.099999999890,0.099999999955,0.099999999859,0.099999999912,0.099999999945,0.100000000037,0.100000000250,0.099999999865,0.100000000167
0.100000000029,0.099999999974,0.099999999989,0.099999999966,0.099999999979,0.099999999987,0.100000000009,0.100000000060,0.099999999968,0.100000000040
0.099999999933,0.100000000062,0.100000000025,0.100000000079,0.100000000049,0.100000000031,0.099999999979,0.099999999861,0.100000000075,0.099999999907
0.100000000079,0.099999999927,0.099999999970,0.099999999908,0.099999999942,0.099999999964,0.100000000024,0.100000000164,0.099999999912,0.100000000109
0.100000000213,0.099999999804,0.099999999920,0.099999999750,0.099999999845,0.099999999903,0.100000000066,0.100000000444,0.099999999761,0.100000000296
0.100000000148,0.099999999864,0.099999999944,0.099999999826,0.099999999892,0.099999999932,0.100000000046,0.100000000308,0.099999999834,0.100000000205
0.100000000161,0.099999999852,0.099999999940,0.099999999811,0.099999999883,0.099999999927,0.100000000050,0.100000000335,0.099999999819,0.100000000223
0.100000000283,0.099999999739,0.099999999893,0.099999999667,0.099999999793,0.099999999871,0.100000000087,0.100000000591,0.099999999682,0.100000000394
0.100000000185,0.099999999830,0.099999999931,0.099999999783,0.099999999865,0.099999999916,0.100000000057,0.100000000385,0.099999999793,0.100000000257
0.100000000163,0.099999999850,0.099999999939,0.099999999809,0.099999999881,0.099999999926,0.100000000050,0.100000000339,0.099999999817,0.100000000226
0.100000000127,0.099999999883,0.099999999952,0.099999999851,0.099999999907,0.099999999942,0.100000000039,0.100000000264,0.099999999858,0.100000000176
0.100000000127,0.099999999883,0.099999999952,0.099999999850,0.099999999907,0.099999999942,0.100000000039,0.100000000266,0.099999999857,0.100000000177
0.100000000197,0.099999999818,0.099999999926,0.099999999768,0.099999999856,0.099999999910,0.100000000061,0.100000000411,0.099999999779,0.100000000274
0.100000000208,0.099999999807,0.099999999922,0.099999999755,0.099999999847,0.099999999905,0.100000000064,0.100000000435,0.099999999766,0.100000000290
0.100000000174,0.099999999840,0.099999999935,0.099999999795,0.099999999873,0.099999999921,0.100000000054,0.100000000362,0.099999999805,0.100000000242
0.100000000174,0.099999999840,0.099999999934,0.099999999795,0.099999999873,0.099999999920,0.100000000054,0.100000000363,0.099999999804,0.100000000242
0.100000000205,0.099999999811,0.099999999923,0.099999999759,0.099999999850,0.099999999906,0.100000000064,0.100000000428,0.099999999770,0.100000000285
0.100000000076,0.099999999930,0.099999999972,0.099999999911,0.099999999945,0.099999999965,0.100000000024,0.100000000158,0.099999999915,0.100000000105
0.100000000193,0.099999999822,0.099999999927,0.099999999773,0.099999999859,0.099999999912,0.100000000060,0.100000000402,0.099999999783,0.100000000268
0.100000000045,0.099999999958,0.099999999983,0.099999999947,0.099999999967,0.099999999979,0.100000000014,0.100000000094,0.099999999949,0.100000000063
0.100000000098,0.099999999910,0.099999999963,0.099999999884,0.099999999928,0.099999999955,0.100000000031,0.100000000205,0.099999999889,0.100000000137
0.100000000171,0.099999999842,0.099999999936,0.099999999799,0.099999999875,0.099999999922,0.100000000053,0.100000000357,0.099999999808,0.100000000238
0.100000000119,0.099999999890,0.099999999955,0.099999999860,0.099999999913,0.099999999946,0.100000000037,0.100000000248,0.099999999866,0.100000000166
0.100000000144,0.099999999867,0.099999999946,0.099999999830,0.099999999894,0.099999999934,0.100000000045,0.100000000301,0.099999999838,0.100000000201
0.100000000127,0.099999999883,0.099999999952,0.099999999851,0.099999999907,0.099999999942,0.100000000039,0.100000000264,0.099999999858,0.100000000176
0.100000000049,0.099999999955,0.099999999982,0.099999999943,0.099999999964,0.099999999978,0.100000000015,0.100000000102,0.099999999945,0.100000000068
0.100000000057,0.099999999947,0.099999999978,0.099999999933,0.099999999958,0.099999999974,0.100000000018,0.100000000120,0.099999999936,0.100000000080
0.100000000098,0.099999999909,0.099999999963,0.099999999884,0.099999999928,0.099999999955,0.100000000031,0.100000000205,0.099999999889,0.100000000137
0.100000000075,0.099999999931,0.099999999972,0.099999999912,0.099999999946,0.099999999966,0.100000000023,0.100000000155,0.099999999916,0.100000000104
0.100000000132,0.099999999878,0.099999999950,0.099999999845,0.099999999904,0.099999999940,0.100000000041,0.100000000275,0.099999999852,0.100000000183
0.100000000066,0.099999999939,0.099999999975,0.099999999922,0.099999999951,0.099999999970,0.100000000020,0.100000000138,0.099999999926,0.100000000092
0.100000000087,0.099999999920,0.099999999967,0.099999999897,0.099999999937,0.099999999960,0.100000000027,0.100000000182,0.099999999902,0.100000000121
0.100000000219,0.099999999798,0.099999999918,0.099999999743,0.099999999840,0.099999999900,0.100000000067,0.100000000456,0.099999999755,0.100000000304
0.100000000148,0.099999999863,0.099999999944,0.099999999826,0.099999999891,0.099999999932,0.100000000046,0.100000000310,0.099999999834,0.100000000206
0.100000000079,0.099999999928,0.099999999970,0.099999999907,0.099999999943,0.099999999964,0.100000000024,0.100000000164,0.099999999912,0.100000000109
0.100000000200,0.099999999816,0.099999999925,0.099999999765,0.099999999854,0.099999999909,0.100000000062,0.100000000417,0.099999999776,0.100000000278
0.100000000182,0.099999999832,0.099999999932,0.099999999786,0.099999999867,0.099999999917,0.100000000056,0.100000000380,0.099999999796,0.100000000253
0.100000000117,0.099999999892,0.099999999956,0.099999999863,0.099999999915,0.099999999947,0.100000000036,0.100000000244,0.099999999869,0.100000000162
0.100000000149,0.099999999862,0.099999999944,0.099999999824,0.099999999891,0.099999999932,0.100000000046,0.100000000312,0.099999999832,0.100000000208
0.100000000197,0.099999999819,0.099999999926,0.099999999769,0.099999999856,0.099999999910,0.100000000061,0.100000000410,0.099999999779,0.100000000273
0.100000000140,0.099999999871,0.099999999947,0.099999999835,0.099999999898,0.099999999936,0.100000000044,0.100000000292,0.099999999842,0.100000000195
0.100000000161,0.099999999851,0.099999999939,0.099999999810,0.099999999882,0.099999999926,0.100000000050,0.100000000337,0.099999999819,0.100000000225
0.100000000243,0.099999999776,0.099999999909,0.099999999714,0.099999999822,0.099999999889,0.100000000075,0.100000000507,0.099999999727,0.100000000338
0.100000000174,0.099999999839,0.099999999934,0.099999999795,0.099999999873,0.099999999920,0.100000000054,0.100000000364,0.099999999804,0.100000000242
0.100000000150,0.099999999862,0.099999999944,0.099999999823,0.099999999891,0.099999999932,0.100000000047,0.100000000312,0.099999999831,0.100000000208
0.100000000143,0.099999999868,0.099999999946,0.099999999832,0.099999999896,0.099999999935,0.100000000044,0.100000000298,0.099999999840,0.100000000198
0.100000000105,0.099999999903,0.099999999961,0.099999999877,0.099999999923,0.099999999952,0.100000000032,0.100000000219,0.099999999882,0.100000000146
0.100000000053,0.099999999951,0.099999999980,0.099999999937,0.099999999961,0.099999999976,0.100000000016,0.100000000111,0.099999999940,0.100000000074
0.100000000124,0.099999999885,0.099999999953,0.099999999854,0.099999999909,0.099999999943,0.100000000039,0.100000000259,0.099999999860,0.100000000173
0.100000000168,0.099999999846,0.099999999937,0.099999999803,0.099999999878,0.099999999923,0.100000000052,0.100000000350,0.099999999812,0.100000000233
0.100000000189,0.099999999826,0.099999999929,0.099999999778,0.099999999862,0.099999999914,0.100000000058,0.100000000394,0.099999999788,0.100000000263
0.100000000281,0.099999999741,0.099999999894,0.099999999670,0.099999999795,0.099999999872,0.100000000087,0.100000000585,0.099999999685,0.100000000390
0.100000000008,0.099999999993,0.099999999997,0.099999999990,0.099999999994,0.099999999996,0.100000000003,0.100000000017,0.099999999991,0.100000000011
0.100000000123,0.099999999887,0.099999999954,0.099999999855,0.099999999910,0.099999999944,0.100000000038,0.100000000256,0.099999999862,0.100000000171
0.100000000124,0.099999999885,0.099999999953,0.099999999854,0.099999999909,0.099999999943,0.100000000038,0.100000000259,0.099999999860,0.100000000173
0.100000000154,0.099999999858,0.099999999942,0.099999999819,0.099999999887,0.099999999930,0.100000000048,0.100000000321,0.099999999827,0.100000000214
0.100000000098,0.099999999909,0.099999999963,0.099999999884,0.099999999928,0.099999999955,0.100000000030,0.100000000205,0.099999999889,0.100000000137
0.100000000115,0.099999999894,0.099999999957,0.099999999865,0.099999999916,0.099999999947,0.100000000036,0.100000000239,0.099999999871,0.100000000160
0.100000000149,0.099999999862,0.099999999944,0.099999999824,0.099999999891,0.099999999932,0.100000000046,0.100000000312,0.099999999832,0.100000000208
0.100000000175,0.099999999839,0.099999999934,0.099999999794,0.099999999872,0.099999999920,0.100000000054,0.100000000365,0.099999999804,0.100000000243
0.100000000108,0.099999999900,0.099999999959,0.099999999872,0.099999999921,0.099999999951,0.100000000034,0.100000000226,0.099999999878,0.100000000150
0.100000000132,0.099999999879,0.099999999951,0.099999999845,0.099999999904,0.099999999940,0.100000000041,0.100000000274,0.099999999852,0.100000000183
0.100000000199,0.099999999816,0.099999999925,0.099999999766,0.099999999855,0.099999999909,0.100000000062,0.100000000415,0.099999999776,0.100000000277
0.100000000141,0.099999999870,0.099999999947,0.099999999834,0.099999999897,0.099999999936,0.100000000044,0.100000000294,0.099999999842,0.100000000196
0.100000000133,0.099999999877,0.099999999950,0.099999999843,0.099999999903,0.099999999939,0.100000000041,0.100000000277,0.099999999850,0.100000000185
0.100000000076,0.099999999929,0.099999999971,0.099999999910,0.099999999944,0.099999999965,0.100000000024,0.100000000160,0.099999999914,0.100000000106
0.100000000029,0.099999999973,0.099999999989,0.099999999966,0.099999999979,0.099999999987,0.100000000009,0.100000000060,0.099999999968,0.100000000040
0.100000000140,0.099999999871,0.099999999947,0.099999999835,0.099999999898,0.099999999936,0.100000000043,0.100000000291,0.099999999843,0.100000000194
0.100000000102,0.099999999906,0.099999999962,0.099999999880,0.099999999926,0.099999999954,0.100000000031,0.100000000212,0.099999999886,0.100000000142
0.100000000130,0.099999999880,0.099999999951,0.099999999847,0.099999999904,0.099999999940,0.100000000040,0.100000000272,0.099999999854,0.100000000181
0.100000000125,0.099999999885,0.099999999953,0.099999999853,0.099999999909,0.099999999943,0.100000000039,0.100000000261,0.099999999859,0.100000000174
0.100000000227,0.099999999791,0.099999999915,0.099999999733,0.099999999834,0.099999999896,0.100000000070,0.100000000473,0.099999999745,0.100000000315
0.100000000028,0.099999999974,0.099999999989,0.099999999967,0.099999999979,0.099999999987,0.100000000009,0.100000000059,0.099999999969,0.100000000039
0.100000000187,0.099999999827,0.099999999929,0.099999999779,0.099999999863,0.099999999914,0.100000000058,0.100000000391,0.099999999790,0.100000000261
0.100000000118,0.099999999891,0.099999999956,0.099999999861,0.099999999914,0.099999999946,0.100000000036,0.100000000246,0.099999999867,0.100000000164
0.100000000108,0.099999999901,0.099999999959,0.099999999873,0.099999999921,0.099999999951,0.100000000033,0.100000000225,0.099999999879,0.100000000150
0.100000000170,0.099999999844,0.099999999936,0.099999999801,0.099999999876,0.099999999923,0.100000000052,0.100000000354,0.099999999810,0.100000000236
0.100000000127,0.099999999883,0.099999999952,0.099999999851,0.099999999907,0.099999999942,0.100000000039,0.100000000265,0.099999999858,0.100000000176
0.100000000102,0.099999999906,0.099999999962,0.099999999880,0.099999999926,0.099999999953,0.100000000032,0.100000000213,0.099999999885,0.100000000142
0.100000000036,0.099999999967,0.099999999986,0.099999999957,0.099999999974,0.099999999983,0.100000000011,0.100000000076,0.099999999959,0.100000000051
0.100000000117,0.099999999892,0.099999999956,0.099999999862,0.099999999914,0.099999999947,0.100000000036,0.100000000244,0.099999999869,0.100000000163
0.100000000159,0.099999999854,0.099999999940,0.099999999813,0.099999999884,0.099999999927,0.100000000049,0.100000000331,0.099999999822,0.100000000221
0.100000000191,0.099999999824,0.099999999928,0.099999999776,0.099999999861,0.099999999913,0.100000000059,0.100000000397,0.099999999786,0.100000000265
0.100000000048,0.099999999955,0.099999999982,0.099999999943,0.099999999965,0.099999999978,0.100000000015,0.100000000101,0.099999999945,0.100000000067
0.100000000110,0.099999999899,0.099999999959,0.099999999870,0.099999999920,0.099999999950,0.100000000034,0.100000000230,0.099999999876,0.100000000153
0.100000000185,0.099999999829,0.099999999930,0.099999999782,0.099999999865,0.099999999915,0.100000000057,0.100000000386,0.099999999792,0.100000000257
0.100000000142,0.099999999869,0.099999999947,0.099999999833,0.099999999896,0.099999999935,0.100000000044,0.100000000296,0.099999999841,0.100000000197
0.100000000098,0.099999999910,0.099999999963,0.099999999885,0.099999999929,0.099999999955,0.100000000030,0.100000000203,0.099999999890,0.100000000136
0.100000000117,0.099999999892,0.099999999956,0.099999999862,0.099999999915,0.099999999947,0.100000000036,0.100000000244,0.099999999869,0.100000000162
0.100000000132,0.099999999879,0.099999999951,0.099999999845,0.099999999904,0.099999999940,0.100000000041,0.100000000274,0.099999999852,0.100000000183
0.100000000195,0.099999999821,0.099999999927,0.099999999771,0.099999999858,0.099999999911,0.100000000060,0.100000000406,0.099999999781,0.100000000271
0.100000000177,0.099999999837,0.099999999933,0.099999999792,0.099999999870,0.099999999919,0.100000000055,0.100000000370,0.099999999801,0.100000000246
0.100000000066,0.099999999939,0.099999999975,0.099999999922,0.099999999952,0.099999999970,0.100000000020,0.100000000138,0.099999999926,0.100000000092
0.100000000138,0.099999999873,0.099999999948,0.099999999838,0.099999999899,0.099999999937,0.100000000042,0.100000000288,0.099999999845,0.100000000192
0.100000000182,0.099999999832,0.099999999932,0.099999999786,0.099999999867,0.099999999917,0.100000000056,0.100000000380,0.099999999796,0.100000000253
0.100000000131,0.099999999879,0.099999999951,0.099999999846,0.099999999904,0.099999999940,0.100000000040,0.100000000274,0.099999999853,0.100000000182
0.100000000036,0.099999999967,0.099999999986,0.099999999958,0.099999999974,0.099999999984,0.100000000011,0.100000000075,0.099999999960,0.100000000050
0.100000000159,0.099999999853,0.099999999940,0.099999999813,0.099999999884,0.099999999927,0.100000000049,0.100000000332,0.099999999822,0.100000000221
0.099999999979,0.100000000019,0.100000000008,0.100000000024,0.100000000015,0.100000000009,0.099999999994,0.099999999957,0.100000000023,0.099999999971
0.099999999945,0.100000000050,0.100000000021,0.100000000065,0.100000000040,0.100000000025,0.099999999983,0.099999999886,0.100000000062,0.099999999924
0.099999999955,0.100000000042,0.100000000017,0.100000000053,0.100000000033,0.100000000021,0.099999999986,0.099999999905,0.100000000051,0.099999999937
0.099999999998,0.100000000002,0.100000000001,0.100000000002,0.100000000002,0.100000000001,0.099999999999,0.099999999996,0.100000000002,0.099999999997
0.100000000141,0.099999999870,0.099999999947,0.099999999834,0.099999999897,0.099999999935,0.100000000044,0.100000000295,0.099999999841,0.100000000197
0.100000000004,0.099999999996,0.099999999998,0.099999999995,0.099999999997,0.099999999998,0.100000000001,0.100000000009,0.099999999995,0.100000000006
0.099999999990,0.100000000009,0.100000000004,0.100000000012,0.100000000007,0.100000000005,0.099999999997,0.099999999979,0.100000000011,0.099999999986
0.099999999700,0.100000000277,0.100000000113,0.100000000354,0.100000000219,0.100000000137,0.099999999907,0.099999999374,0.100000000338,0.099999999583
0.099999999955,0.100000000042,0.100000000017,0.100000000053,0.100000000033,0.100000000020,0.099999999986,0.099999999906,0.100000000050,0.099999999938
0.099999999862,0.100000000127,0.100000000052,0.100000000163,0.100000000101,0.100000000063,0.099999999957,0.099999999712,0.100000000156,0.099999999808
0.099999999868,0.100000000121,0.100000000049,0.100000000155,0.100000000096,0.100000000060,0.099999999959,0.099999999726,0.100000000148,0.099999999817
0.100000000037,0.099999999966,0.099999999986,0.099999999957,0.099999999973,0.099999999983,0.100000000011,0.100000000077,0.099999999959,0.100000000051
0.099999999972,0.100000000026,0.100000000011,0.100000000033,0.100000000020,0.100000000013,0.099999999991,0.099999999942,0.100000000032,0.099999999961
0.099999999888,0.100000000103,0.100000000042,0.100000000132,0.100000000081,0.100000000051,0.099999999965,0.099999999767,0.100000000126,0.099999999845
0.099999999878,0.100000000113,0.100000000046,0.100000000144,0.100000000089,0.100000000056,0.099999999962,0.099999999745,0.100000000137,0.099999999830
0.099999999844,0.100000000144,0.100000000059,0.100000000184,0.100000000114,0.100000000071,0.099999999952,0.099999999675,0.100000000175,0.099999999783
0.099999999936,0.100000000059,0.100000000024,0.100000000075,0.100000000047,0.100000000029,0.099999999980,0.099999999866,0.100000000072,0.099999999911
0.099999999835,0.100000000152,0.100000000062,0.100000000194,0.100000000120,0.100000000075,0.099999999949,0.099999999656,0.100000000185,0.099999999771
0.099999999781,0.100000000201,0.100000000082,0.100000000258,0.100000000160,0.100000000100,0.099999999932,0.099999999544,0.100000000246,0.099999999696
0.099999999957,0.100000000039,0.100000000016,0.100000000050,0.100000000031,0.100000000019,0.099999999987,0.099999999911,0.100000000048,0.099999999941
0.099999999893,0.100000000098,0.100000000040,0.100000000126,0.100000000078,0.100000000049,0.099999999967,0.099999999778,0.100000000120,0.099999999852
0.099999999916,0.100000000077,0.100000000032,0.100000000099,0.100000000061,0.100000000038,0.099999999974,0.099999999825,0.100000000094,0.099999999883
0.099999999850,0.100000000138,0.100000000056,0.100000000176,0.100000000109,0.100000000068,0.099999999954,0.099999999688,0.100000000168,0.099999999792
0.099999999844,0.100000000144,0.100000000059,0.100000000184,0.100000000114,0.100000000071,0.099999999952,0.099999999675,0.100000000176,0.099999999783
0.099999999919,0.100000000074,0.100000000030,0.100000000095,0.100000000059,0.100000000037,0.099999999975,0.099999999832,0.100000000091,0.099999999888
0.099999999857,0.100000000132,0.100000000054,0.100000000169,0.100000000105,0.100000000066,0.099999999955,0.099999999701,0.100000000161,0.099999999801
0.099999999849,0.100000000139,0.100000000057,0.100000000177,0.100000000110,0.100000000069,0.099999999953,0.099999999686,0.100000000169,0.099999999791
0.099999999985,0.100000000014,0.100000000006,0.100000000018,0.100000000011,0.100000000007,0.099999999995,0.099999999969,0.100000000017,0.099999999979
0.099999999839,0.100000000149,0.100000000061,0.100000000190,0.100000000118,0.100000000074,0.099999999950,0.099999999663,0.100000000182,0.099999999776
0.099999999922,0.100000000072,0.100000000030,0.100000000092,0.100000000057,0.100000000036,0.099999999976,0.099999999836,0.100000000088,0.099999999891
0.099999999828,0.100000000158,0.100000000065,0.100000000203,0.100000000125,0.100000000079,0.099999999947,0.099999999642,0.100000000193,0.099999999761
0.099999999704,0.100000000273,0.100000000111,0.100000000349,0.100000000216,0.100000000135,0.099999999908,0.099999999382,0.100000000333,0.099999999588
0.099999999885,0.100000000106,0.100000000043,0.100000000136,0.100000000084,0.100000000053,0.099999999964,0.099999999759,0.100000000130,0.099999999840
0.099999999933,0.100000000062,0.100000000025,0.100000000079,0.100000000049,0.100000000031,0.099999999979,0.099999999859,0.100000000076,0.099999999906
0.099999999792,0.100000000191,0.100000000078,0.100000000245,0.100000000151,0.100000000095,0.099999999935,0.099999999567,0.100000000234,0.099999999711
0.099999999944,0.100000000052,0.100000000021,0.100000000066,0.100000000041,0.100000000026,0.099999999983,0.099999999882,0.100000000063,0.099999999922
0.099999999908,0.100000000085,0.100000000035,0.100000000109,0.100000000067,0.100000000042,0.099999999971,0.099999999807,0.100000000104,0.099999999871
0.099999999809,0.100000000176,0.100000000072,0.100000000225,0.100000000139,0.100000000087,0.099999999941,0.099999999602,0.100000000215,0.099999999734
0.099999999884,0.100000000107,0.100000000044,0.100000000136,0.100000000084,0.100000000053,0.099999999964,0.099999999759,0.100000000130,0.099999999839
0.099999999953,0.100000000044,0.100000000018,0.100000000055,0.100000000035,0.100000000021,0.099999999986,0.099999999902,0.100000000053,0.099999999935
0.099999999957,0.100000000040,0.100000000016,0.100000000051,0.100000000032,0.100000000020,0.099999999987,0.099999999909,0.100000000048,0.099999999940
0.099999999911,0.100000000082,0.100000000033,0.100000000105,0.100000000065,0.100000000041,0.099999999972,0.099999999815,0.100000000100,0.099999999876
0.099999999987,0.100000000012,0.100000000005,0.100000000015,0.100000000010,0.100000000006,0.099999999996,0.099999999973,0.100000000014,0.099999999982
0.099999999954,0.100000000042,0.100000000017,0.100000000054,0.100000000033,0.100000000021,0.099999999986,0.099999999905,0.100000000051,0.099999999937
0.099999999828,0.100000000159,0.100000000065,0.100000000203,0.100000000126,0.100000000079,0.099999999947,0.099999999641,0.100000000194,0.099999999760
0.099999999867,0.100000000122,0.100000000050,0.100000000156,0.100000000097,0.100000000061,0.099999999959,0.099999999724,0.100000000149,0.099999999816
0.099999999783,0.100000000200,0.100000000082,0.100000000256,0.100000000158,0.100000000099,0.099999999932,0.099999999547,0.100000000244,0.099999999698
0.099999999819,0.100000000166,0.100000000068,0.100000000213,0.100000000132,0.100000000083,0.099999999944,0.099999999624,0.100000000203,0.099999999749
0.099999999843,0.100000000144,0.100000000059,0.100000000185,0.100000000114,0.100000000072,0.099999999951,0.099999999673,0.100000000177,0.099999999782
0.099999999959,0.100000000038,0.100000000015,0.100000000048,0.100000000030,0.100000000019,0.099999999987,0.099999999914,0.100000000046,0.099999999943
0.099999999818,0.100000000168,0.100000000068,0.100000000214,0.100000000133,0.100000000083,0.099999999944,0.099999999621,0.100000000204,0.099999999747
0.099999999887,0.100000000104,0.100000000042,0.100000000133,0.100000000082,0.100000000052,0.099999999965,0.099999999765,0.100000000127,0.099999999843
0.099999999783,0.100000000200,0.100000000082,0.100000000256,0.100000000158,0.100000000099,0.099999999932,0.099999999547,0.100000000244,0.099999999698
0.099999999988,0.100000000011,0.100000000004,0.100000000014,0.100000000009,0.100000000005,0.099999999996,0.099999999975,0.100000000013,0.099999999984
0.099999999948,0.100000000048,0.100000000020,0.100000000062,0.100000000038,0.100000000024,0.099999999984,0.099999999891,0.100000000059,0.099999999927
0.099999999834,0.100000000153,0.100000000062,0.100000000195,0.100000000121,0.100000000076,0.099999999949,0.099999999655,0.100000000186,0.099999999770
0.099999999984,0.100000000015,0.100000000006,0.100000000019,0.100000000012,0.100000000007,0.099999999995,0.099999999966,0.100000000018,0.099999999977
0.099999999894,0.100000000098,0.100000000040,0.100000000125,0.100000000078,0.100000000049,0.099999999967,0.099999999778,0.100000000119,0.099999999852
0.099999999968,0.100000000029,0.100000000012,0.100000000037,0.100000000023,0.100000000015,0.099999999990,0.099999999934,0.100000000036,0.099999999956
0.099999999926,0.100000000068,0.100000000028,0.100000000087,0.100000000054,0.100000000034,0.099999999977,0.099999999846,0.100000000083,0.099999999897
0.099999999890,0.100000000101,0.100000000041,0.100000000130,0.100000000080,0.100000000050,0.099999999966,0.099999999771,0.100000000124,0.099999999847
0.099999999877,0.100000000114,0.100000000046,0.100000000145,0.100000000090,0.100000000056,0.099999999962,0.099999999742,0.100000000139,0.099999999828
0.099999999945,0.100000000051,0.100000000021,0.100000000064,0.100000000040,0.100000000025,0.099999999983,0.099999999886,0.100000000061,0.099999999924
0.099999999864,0.100000000126,0.100000000051,0.100000000161,0.100000000100,0.100000000062,0.099999999958,0.099999999716,0.100000000153,0.099999999810
0.099999999947,0.100000000049,0.100000000020,0.100000000062,0.100000000039,0.100000000024,0.099999999984,0.099999999890,0.100000000059,0.099999999927
0.099999999798,0.100000000186,0.100000000076,0.100000000238,0.100000000147,0.100000000092,0.099999999937,0.099999999578,0.100000000228,0.099999999719
0.099999999829,0.100000000158,0.100000000064,0.100000000202,0.100000000125,0.100000000078,0.099999999947,0.099999999643,0.100000000192,0.099999999762
0.099999999948,0.100000000048,0.100000000020,0.100000000062,0.100000000038,0.100000000024,0.099999999984,0.099999999891,0.100000000059,0.099999999927
0.099999999949,0.100000000047,0.100000000019,0.100000000059,0.100000000037,0.100000000023,0.099999999985,0.099999999894,0.100000000057,0.099999999930
0.099999999797,0.100000000187,0.100000000076,0.100000000239,0.100000000148,0.100000000093,0.099999999937,0.099999999577,0.100000000228,0.099999999718
0.099999999852,0.100000000136,0.100000000055,0.100000000174,0.100000000108,0.100000000067,0.099999999954,0.099999999692,0.100000000166,0.099999999795
0.099999999805,0.100000000180,0.100000000073,0.100000000229,0.100000000142,0.100000000089,0.099999999940,0.099999999594,0.100000000219,0.099999999729
0.099999999833,0.100000000154,0.100000000063,0.100000000197,0.100000000122,0.100000000076,0.099999999948,0.099999999651,0.100000000188,0.099999999767
0.099999999811,0.100000000174,0.100000000071,0.100000000223,0.100000000138,0.100000000087,0.099999999941,0.099999999605,0.100000000213,0.099999999737
0.099999999943,0.100000000053,0.100000000021,0.100000000067,0.100000000042,0.100000000026,0.099999999983,0.099999999881,0.100000000064,0.099999999921
0.099999999814,0.100000000171,0.100000000070,0.100000000220,0.100000000136,0.100000000085,0.099999999942,0.099999999612,0.100000000210,0.099999999741
0.099999999887,0.100000000104,0.100000000043,0.100000000133,0.100000000083,0.100000000052,0.099999999965,0.099999999764,0.100000000127,0.099999999843
0.099999999773,0.100000000209,0.100000000085,0.100000000268,0.100000000166,0.100000000104,0.099999999929,0.099999999527,0.100000000256,0.099999999684
0.099999999823,0.100000000162,0.100000000066,0.100000000208,0.100000000129,0.100000000081,0.099999999945,0.099999999632,0.100000000199,0.099999999754
0.099999999854,0.100000000135,0.100000000055,0.100000000172,0.100000000107,0.100000000067,0.099999999955,0.099999999696,0.100000000164,0.099999999797
0.099999999818,0.100000000168,0.100000000068,0.100000000215,0.100000000133,0.100000000083,0.099999999943,0.099999999620,0.100000000205,0.099999999747
0.099999999793,0.100000000190,0.100000000078,0.100000000243,0.100000000151,0.100000000094,0.099999999936,0.099999999570,0.100000000232,0.099999999713
0.099999999879,0.100000000111,0.100000000046,0.100000000143,0.100000000088,0.100000000055,0.099999999962,0.099999999747,0.100000000136,0.099999999831
0.099999999982,0.100000000017,0.100000000007,0.100000000021,0.100000000014,0.100000000008,0.099999999995,0.099999999961,0.100000000020,0.099999999974
0.099999999844,0.100000000144,0.100000000059,0.100000000184,0.100000000114,0.100000000071,0.099999999951,0.099999999674,0.100000000176,0.099999999783
0.099999999836,0.100000000151,0.100000000062,0.100000000193,0.100000000120,0.100000000075,0.099999999949,0.099999999658,0.100000000185,0.099999999772
0.099999999813,0.100000000172,0.100000000070,0.100000000221,0.100000000136,0.100000000086,0.099999999942,0.099999999610,0.100000000211,0.099999999740
0.099999999779,0.100000000203,0.100000000083,0.100000000260,0.100000000161,0.100000000101,0.099999999931,0.099999999539,0.100000000249,0.099999999693
0.099999999917,0.100000000077,0.100000000031,0.100000000098,0.100000000061,0.100000000038,0.099999999974,0.099999999826,0.100000000094,0.099999999884
0.099999999735,0.100000000244,0.100000000099,0.100000000312,0.100000000193,0.100000000121,0.099999999918,0.099999999448,0.100000000298,0.099999999632
0.099999999809,0.100000000176,0.100000000072,0.100000000225,0.100000000139,0.100000000087,0.099999999941,0.099999999602,0.100000000214,0.099999999735
0.099999999762,0.100000000219,0.100000000089,0.100000000281,0.100000000173,0.100000000109,0.099999999926,0.099999999504,0.100000000268,0.099999999669
0.099999999898,0.100000000094,0.100000000038,0.100000000120,0.100000000074,0.100000000046,0.099999999968,0.099999999788,0.100000000114,0.099999999859
0.099999999911,0.100000000083,0.100000000034,0.100000000105,0.100000000065,0.100000000041,0.099999999972,0.099999999813,0.100000000100,0.099999999876
0.099999999881,0.100000000110,0.100000000045,0.100000000141,0.100000000087,0.100000000054,0.099999999963,0.099999999751,0.100000000134,0.099999999834
0.099999999903,0.100000000089,0.100000000036,0.100000000114,0.100000000071,0.100000000044,0.099999999970,0.099999999798,0.100000000109,0.099999999865
0.099999999894,0.100000000098,0.100000000040,0.100000000125,0.100000000078,0.100000000049,0.099999999967,0.099999999778,0.100000000119,0.099999999852
0.099999999869,0.100000000121,0.100000000049,0.100000000154,0.100000000096,0.100000000060,0.099999999960,0.099999999726,0.100000000147,0.099999999818
0.099999999792,0.100000000192,0.100000000078,0.100000000245,0.100000000152,0.100000000095,0.099999999935,0.099999999566,0.100000000234,0.099999999710
0.099999999868,0.100000000122,0.100000000050,0.100000000155,0.100000000097,0.100000000060,0.099999999959,0.099999999724,0.100000000148,0.099999999816
0.099999999864,0.100000000126,0.100000000051,0.100000000161,0.100000000099,0.100000000062,0.099999999958,0.099999999716,0.100000000153,0.099999999810
0.099999999850,0.100000000138,0.100000000056,0.100000000177,0.100000000109,0.100000000068,0.099999999953,0.099999999688,0.100000000169,0.099999999792
0.099999999839,0.100000000149,0.100000000061,0.100000000190,0.100000000118,0.100000000074,0.099999999950,0.099999999664,0.100000000181,0.099999999776
0.099999999804,0.100000000180,0.100000000074,0.100000000231,0.100000000143,0.100000000089,0.099999999939,0.099999999592,0.100000000220,0.099999999728
0.099999999882,0.100000000109,0.100000000044,0.100000000139,0.100000000086,0.100000000054,0.099999999963,0.099999999754,0.100000000133,0.099999999836
0.099999999814,0.100000000171,0.100000000070,0.100000000219,0.100000000135,0.100000000085,0.099999999942,0.099999999613,0.100000000208,0.099999999742
0.099999999896,0.100000000096,0.100000000039,0.100000000123,0.100000000076,0.100000000048,0.099999999968,0.099999999782,0.100000000117,0.099999999855
0.099999999844,0.100000000144,0.100000000059,0.100000000184,0.100000000114,0.100000000071,0.099999999952,0.099999999674,0.100000000176,0.099999999783
0.099999999851,0.100000000138,0.100000000056,0.100000000176,0.100000000109,0.100000000068,0.099999999954,0.099999999688,0.100000000168,0.099999999792
0.099999999803,0.100000000181,0.100000000074,0.100000000232,0.100000000144,0.100000000090,0.099999999939,0.099999999589,0.100000000222,0.099999999726
0.099999999924,0.100000000069,0.100000000028,0.100000000089,0.100000000055,0.100000000035,0.099999999977,0.099999999842,0.100000000085,0.099999999895
0.099999999926,0.100000000068,0.100000000028,0.100000000087,0.100000000054,0.100000000034,0.099999999977,0.099999999845,0.100000000083,0.099999999897
0.099999999936,0.100000000059,0.100000000024,0.100000000075,0.100000000047,0.100000000029,0.099999999980,0.099999999867,0.100000000072,0.099999999911
0.099999999887,0.100000000104,0.100000000043,0.100000000133,0.100000000082,0.100000000052,0.099999999965,0.099999999765,0.100000000127,0.099999999843
0.099999999901,0.100000000091,0.100000000037,0.100000000116,0.100000000072,0.100000000045,0.099999999970,0.099999999795,0.100000000111,0.099999999863
0.099999999796,0.100000000188,0.100000000077,0.100000000241,0.100000000149,0.100000000093,0.099999999937,0.099999999575,0.100000000229,0.099999999716
0.099999999915,0.100000000079,0.100000000032,0.100000000101,0.100000000062,0.100000000039,0.099999999974,0.099999999822,0.100000000096,0.099999999881
0.099999999912,0.100000000081,0.100000000033,0.100000000103,0.100000000064,0.100000000040,0.099999999973,0.099999999817,0.100000000099,0.099999999878
0.100000000019,0.099999999983,0.099999999993,0.099999999978,0.099999999986,0.099999999991,0.100000000006,0.100000000039,0.099999999979,0.100000000026
0.099999999969,0.100000000029,0.100000000012,0.100000000037,0.100000000023,0.100000000014,0.099999999990,0.099999999935,0.100000000035,0.099999999957
0.100000000026,0.099999999976,0.099999999990,0.099999999969,0.099999999981,0.099999999988,0.100000000008,0.100000000055,0.099999999971,0.100000000037
0.099999999888,0.100000000103,0.100000000042,0.100000000132,0.100000000082,0.100000000051,0.099999999965,0.099999999766,0.100000000126,0.099999999844
0.099999999952,0.100000000044,0.100000000018,0.100000000057,0.100000000035,0.100000000022,0.099999999985,0.099999999899,0.100000000054,0.099999999933
0.099999999926,0.100000000068,0.100000000028,0.100000000087,0.100000000054,0.100000000034,0.099999999977,0.099999999846,0.100000000083,0.099999999898
0.099999999888,0.100000000103,0.100000000042,0.100000000132,0.100000000082,0.100000000051,0.099999999965,0.099999999766,0.100000000126,0.099999999844
0.099999999925,0.100000000069,0.100000000028,0.100000000088,0.100000000055,0.100000000034,0.099999999977,0.099999999844,0.100000000084,0.099999999896
0.099999999843,0.100000000145,0.100000000059,0.100000000185,0.100000000115,0.100000000072,0.099999999951,0.099999999673,0.100000000176,0.099999999782
0.099999999872,0.100000000118,0.100000000048,0.100000000151,0.100000000093,0.100000000058,0.099999999960,0.099999999734,0.100000000144,0.099999999822
0.099999999953,0.100000000043,0.100000000018,0.100000000056,0.100000000034,0.100000000022,0.099999999985,0.099999999902,0.100000000053,0.099999999934
0.099999999896,0.100000000096,0.100000000039,0.100000000122,0.100000000076,0.100000000048,0.099999999968,0.099999999783,0.100000000117,0.099999999856
0.099999999895,0.100000000097,0.100000000040,0.100000000124,0.100000000077,0.100000000048,0.099999999967,0.099999999780,0.100000000118,0.099999999854
0.099999999911,0.100000000081,0.100000000033,0.100000000104,0.100000000064,0.100000000040,0.099999999972,0.099999999816,0.100000000100,0.099999999877
0.099999999934,0.100000000060,0.100000000025,0.100000000077,0.100000000048,0.100000000030,0.099999999980,0.099999999863,0.100000000074,0.099999999909
0.099999999931,0.100000000063,0.100000000026,0.100000000081,0.100000000050,0.100000000031,0.099999999979,0.099999999857,0.100000000077,0.099999999904
0.099999999944,0.100000000052,0.100000000021,0.100000000066,0.100000000041,0.100000000026,0.099999999983,0.099999999882,0.100000000063,0.099999999922
0.099999999920,0.100000000073,0.100000000030,0.100000000094,0.100000000058,0.100000000037,0.099999999975,0.099999999834,0.100000000090,0.099999999889
0.099999999930,0.100000000065,0.100000000026,0.100000000083,0.100000000051,0.100000000032,0.099999999978,0.099999999854,0.100000000079,0.099999999902
0.099999999894,0.100000000098,0.100000000040,0.100000000125,0.100000000077,0.100000000048,0.099999999967,0.099999999779,0.100000000119,0.099999999853
0.099999999949,0.100000000047,0.100000000019,0.100000000060,0.100000000037,0.100000000023,0.099999999984,0.099999999893,0.100000000057,0.099999999929
0.099999999965,0.100000000032,0.100000000013,0.100000000041,0.100000000025,0.100000000016,0.099999999989,0.099999999927,0.100000000040,0.099999999951
0.099999999910,0.100000000083,0.100000000034,0.100000000106,0.100000000066,0.100000000041,0.099999999972,0.099999999812,0.100000000102,0.099999999874
0.099999999744,0.100000000235,0.100000000096,0.100000000301,0.100000000186,0.100000000117,0.099999999921,0.099999999467,0.100000000288,0.099999999645
0.099999999883,0.100000000108,0.100000000044,0.100000000137,0.100000000085,0.100000000053,0.099999999964,0.099999999757,0.100000000131,0.099999999838
0.099999999823,0.100000000163,0.100000000067,0.100000000209,0.100000000129,0.100000000081,0.099999999945,0.099999999631,0.100000000199,0.099999999754
0.099999999932,0.100000000063,0.100000000026,0.100000000080,0.100000000050,0.100000000031,0.099999999979,0.099999999858,0.100000000076,0.099999999906
0.099999999863,0.100000000127,0.100000000051,0.100000000161,0.100000000100,0.100000000063,0.099999999958,0.099999999714,0.100000000154,0.099999999810
0.100000000052,0.099999999952,0.099999999981,0.099999999939,0.099999999962,0.099999999976,0.100000000016,0.100000000108,0.099999999941,0.100000000072
0.099999999925,0.100000000068,0.100000000028,0.100000000088,0.100000000054,0.100000000034,0.099999999977,0.099999999845,0.100000000084,0.099999999896
0.099999999737,0.100000000242,0.100000000099,0.100000000310,0.100000000192,0.100000000120,0.099999999918,0.099999999452,0.100000000296,0.099999999634
0.099999999891,0.100000000100,0.100000000041,0.100000000129,0.100000000079,0.100000000050,0.099999999966,0.099999999773,0.100000000123,0.099999999848
0.099999999829,0.100000000157,0.100000000064,0.100000000201,0.100000000124,0.100000000078,0.099999999947,0.099999999644,0.100000000192,0.099999999763
0.099999999868,0.100000000121,0.100000000050,0.100000000156,0.100000000096,0.100000000060,0.099999999959,0.099999999725,0.100000000149,0.099999999816
0.099999999777,0.100000000206,0.100000000084,0.100000000263,0.100000000163,0.100000000102,0.099999999931,0.099999999535,0.100000000251,0.099999999690
0.099999999882,0.100000000108,0.100000000044,0.100000000139,0.100000000086,0.100000000054,0.099999999963,0.099999999754,0.100000000133,0.099999999836
0.099999999795,0.100000000189,0.100000000077,0.100000000242,0.100000000150,0.100000000094,0.099999999936,0.099999999572,0.100000000231,0.099999999714
0.099999999936,0.100000000059,0.100000000024,0.100000000075,0.100000000047,0.100000000029,0.099999999980,0.099999999866,0.100000000072,0.099999999911
0.099999999880,0.100000000111,0.100000000045,0.100000000142,0.100000000088,0.100000000055,0.099999999963,0.099999999749,0.100000000135,0.099999999833
0.099999999978,0.100000000020,0.100000000008,0.100000000026,0.100000000016,0.100000000010,0.099999999993,0.099999999954,0.100000000025,0.099999999970
0.099999999852,0.100000000137,0.100000000056,0.100000000175,0.100000000108,0.100000000068,0.099999999954,0.099999999691,0.100000000167,0.099999999794
0.099999999828,0.100000000159,0.100000000065,0.100000000203,0.100000000125,0.100000000079,0.099999999947,0.099999999641,0.100000000193,0.099999999761
0.099999999888,0.100000000104,0.100000000042,0.100000000132,0.100000000082,0.100000000051,0.099999999965,0.099999999766,0.100000000126,0.099999999844
0.099999999937,0.100000000058,0.100000000024,0.100000000074,0.100000000046,0.100000000029,0.099999999981,0.099999999870,0.100000000070,0.099999999913
0.099999999981,0.100000000017,0.100000000007,0.100000000022,0.100000000014,0.100000000009,0.099999999994,0.099999999960,0.100000000021,0.099999999974
0.099999999943,0.100000000053,0.100000000022,0.100000000068,0.100000000042,0.100000000026,0.099999999982,0.099999999880,0.100000000064,0.099999999920
0.099999999858,0.100000000131,0.100000000053,0.100000000167,0.100000000103,0.100000000065,0.099999999956,0.099999999705,0.100000000159,0.099999999803
0.099999999850,0.100000000138,0.100000000056,0.100000000177,0.100000000109,0.100000000069,0.099999999953,0.099999999687,0.100000000169,0.099999999791
0.099999999960,0.100000000037,0.100000000015,0.100000000047,0.100000000030,0.100000000018,0.099999999988,0.099999999916,0.100000000045,0.099999999944
0.099999999788,0.100000000195,0.100000000080,0.100000000250,0.100000000155,0.100000000097,0.099999999934,0.099999999558,0.100000000239,0.099999999705
0.099999999766,0.100000000215,0.100000000088,0.100000000276,0.100000000170,0.100000000107,0.099999999927,0.099999999513,0.100000000263,0.099999999675
0.099999999877,0.100000000113,0.100000000046,0.100000000144,0.100000000090,0.100000000056,0.099999999962,0.099999999744,0.100000000138,0.099999999829
0.099999999794,0.100000000189,0.100000000077,0.100000000242,0.100000000150,0.100000000094,0.099999999936,0.099999999572,0.100000000231,0.099999999714
0.099999999694,0.100000000282,0.100000000115,0.100000000361,0.100000000223,0.100000000140,0.099999999905,0.099999999362,0.100000000344,0.099999999574
0.099999999907,0.100000000085,0.100000000035,0.100000000109,0.100000000068,0.100000000042,0.099999999971,0.099999999807,0.100000000104,0.099999999871
0.099999999976,0.100000000023,0.100000000009,0.100000000027,0.100000000018,0.100000000011,0.099999999993,0.099999999949,0.100000000026,0.099999999967
0.099999999881,0.100000000110,0.100000000045,0.100000000140,0.100000000087,0.100000000054,0.099999999963,0.099999999752,0.100000000134,0.099999999835
0.099999999836,0.100000000151,0.100000000062,0.100000000193,0.100000000119,0.100000000075,0.099999999949,0.099999999659,0.100000000184,0.099999999772
0.099999999999,0.100000000001,0.100000000000,0.100000000001,0.100000000001,0.100000000001,0.100000000000,0.099999999997,0.100000000001,0.099999999998
0.099999999953,0.100000000043,0.100000000018,0.100000000055,0.100000000034,0.100000000022,0.099999999985,0.099999999902,0.100000000053,0.099999999935
0.099999999971,0.100000000026,0.100000000011,0.100000000034,0.100000000021,0.100000000013,0.099999999991,0.099999999940,0.100000000032,0.099999999960
0.099999999973,0.100000000025,0.100000000010,0.100000000032,0.100000000020,0.100000000012,0.099999999992,0.099999999943,0.100000000031,0.099999999962
0.099999999839,0.100000000149,0.100000000061,0.100000000190,0.100000000118,0.100000000074,0.099999999950,0.099999999663,0.100000000182,0.099999999776
0.100000000029,0.099999999973,0.099999999989,0.099999999965,0.099999999979,0.099999999987,0.100000000009,0.100000000061,0.099999999967,0.100000000041
0.099999999768,0.100000000214,0.100000000087,0.100000000274,0.100000000169,0.100000000106,0.099999999928,0.099999999516,0.100000000261,0.099999999677
0.099999999828,0.100000000158,0.100000000065,0.100000000203,0.100000000125,0.100000000079,0.099999999947,0.099999999642,0.100000000193,0.099999999761
0.099999999912,0.100000000081,0.100000000033,0.100000000104,0.100000000064,0.100000000040,0.099999999973,0.099999999816,0.100000000099,0.099999999878
0.099999999852,0.100000000136,0.100000000055,0.100000000174,0.100000000108,0.100000000067,0.099999999954,0.099999999692,0.100000000166,0.099999999795
0.099999999917,0.100000000077,0.100000000031,0.100000000098,0.100000000061,0.100000000038,0.099999999974,0.099999999826,0.100000000094,0.099999999884
0.099999999976,0.100000000022,0.100000000009,0.100000000028,0.100000000018,0.100000000011,0.099999999993,0.099999999949,0.100000000027,0.099999999966
0.099999999993,0.100000000007,0.100000000003,0.100000000008,0.100000000006,0.100000000003,0.099999999998,0.099999999984,0.100000000008,0.099999999990
0.099999999967,0.100000000031,0.100000000013,0.100000000039,0.100000000024,0.100000000015,0.099999999990,0.099999999930,0.100000000038,0.099999999954
0.099999999980,0.100000000019,0.100000000008,0.100000000024,0.100000000015,0.100000000009,0.099999999994,0.099999999958,0.100000000023,0.099999999972
0.099999999675,0.100000000307,0.100000000123,0.100000000379,0.100000000244,0.100000000148,0.099999999904,0.099999999313,0.100000000361,0.099999999547
0.100000000037,0.099999999966,0.099999999986,0.099999999956,0.099999999973,0.099999999983,0.100000000011,0.100000000077,0.099999999958,0.100000000052
0.100000000014,0.099999999987,0.099999999995,0.099999999983,0.099999999990,0.099999999993,0.100000000005,0.100000000030,0.099999999984,0.100000000020
0.099999999926,0.100000000068,0.100000000028,0.100000000087,0.100000000054,0.100000000034,0.099999999977,0.099999999847,0.100000000083,0.099999999898
0.099999999986,0.100000000013,0.100000000005,0.100000000016,0.100000000011,0.100000000006,0.099999999996,0.099999999971,0.100000000015,0.099999999981
0.099999999933,0.100000000062,0.100000000025,0.100000000079,0.100000000049,0.100000000031,0.099999999979,0.099999999859,0.100000000076,0.099999999906
0.099999999889,0.100000000102,0.100000000042,0.100000000131,0.100000000081,0.100000000051,0.099999999966,0.099999999768,0.100000000125,0.099999999846
0.099999999874,0.100000000116,0.100000000047,0.100000000148,0.100000000092,0.100000000057,0.099999999961,0.099999999738,0.100000000141,0.099999999825
0.099999999820,0.100000000166,0.100000000068,0.100000000212,0.100000000131,0.100000000082,0.099999999944,0.099999999625,0.100000000203,0.099999999750
0.099999999762,0.100000000219,0.100000000089,0.100000000281,0.100000000173,0.100000000109,0.099999999926,0.099999999504,0.100000000268,0.099999999669
0.099999999901,0.100000000091,0.100000000037,0.100000000117,0.100000000072,0.100000000045,0.099999999969,0.099999999793,0.100000000111,0.099999999862
0.099999999794,0.100000000190,0.100000000078,0.100000000243,0.100000000150,0.100000000094,0.099999999936,0.099999999571,0.100000000232,0.099999999713
0.099999999828,0.100000000159,0.100000000065,0.100000000203,0.100000000126,0.100000000079,0.099999999947,0.099999999641,0.100000000194,0.099999999761
0.099999999952,0.100000000045,0.100000000018,0.100000000056,0.100000000037,0.100000000022,0.099999999986,0.099999999898,0.100000000053,0.099999999933
0.099999999990,0.100000000009,0.100000000004,0.100000000011,0.100000000008,0.100000000004,0.099999999998,0.099999999979,0.100000000010,0.099999999987
0.099999999919,0.100000000075,0.100000000031,0.100000000096,0.100000000059,0.100000000037,0.099999999975,0.099999999830,0.100000000091,0.099999999887
0.099999999975,0.100000000023,0.100000000009,0.100000000029,0.100000000018,0.100000000011,0.099999999992,0.099999999948,0.100000000028,0.099999999965
0.099999999973,0.100000000025,0.100000000010,0.100000000031,0.100000000020,0.100000000012,0.099999999992,0.099999999944,0.100000000030,0.099999999963
0.099999999972,0.100000000026,0.100000000011,0.100000000033,0.100000000021,0.100000000013,0.099999999991,0.099999999941,0.100000000032,0.099999999961
0.099999999899,0.100000000094,0.100000000038,0.100000000119,0.100000000074,0.100000000046,0.099999999969,0.099999999789,0.100000000113,0.099999999859
0.099999999988,0.100000000012,0.100000000005,0.100000000014,0.100000000010,0.100000000006,0.099999999997,0.099999999974,0.100000000014,0.099999999983
0.099999999956,0.100000000041,0.100000000017,0.100000000052,0.100000000033,0.100000000020,0.099999999987,0.099999999907,0.100000000049,0.099999999938
0.099999999966,0.100000000032,0.100000000013,0.100000000040,0.100000000025,0.100000000016,0.099999999990,0.099999999928,0.100000000038,0.099999999952
0.099999999968,0.100000000029,0.100000000012,0.100000000037,0.100000000023,0.100000000015,0.099999999990,0.099999999933,0.100000000036,0.099999999956
0.099999999970,0.100000000028,0.100000000011,0.100000000035,0.100000000023,0.100000000014,0.099999999991,0.099999999936,0.100000000034,0.099999999958
0.099999999979,0.100000000020,0.100000000008,0.100000000024,0.100000000016,0.100000000009,0.099999999994,0.099999999955,0.100000000023,0.099999999971
0.099999999964,0.100000000034,0.100000000014,0.100000000042,0.100000000027,0.100000000016,0.099999999989,0.099999999924,0.100000000040,0.099999999950
0.099999999953,0.100000000044,0.100000000018,0.100000000055,0.100000000035,0.100000000021,0.099999999986,0.099999999901,0.100000000052,0.099999999935
0.099999999986,0.100000000014,0.100000000005,0.100000000016,0.100000000011,0.100000000007,0.099999999996,0.099999999969,0.100000000016,0.099999999980
0.099999999956,0.100000000041,0.100000000017,0.100000000051,0.100000000033,0.100000000020,0.099999999987,0.099999999908,0.100000000049,0.099999999939
0.099999999979,0.100000000020,0.100000000008,0.100000000024,0.100000000016,0.100000000010,0.099999999994,0.099999999955,0.100000000023,0.099999999971
0.099999999940,0.100000000055,0.100000000022,0.100000000070,0.100000000044,0.100000000027,0.099999999982,0.099999999875,0.100000000066,0.099999999917
0.099999999967,0.100000000031,0.100000000012,0.100000000038,0.100000000025,0.100000000015,0.099999999990,0.099999999931,0.100000000036,0.099999999954
0.100000000052,0.099999999952,0.099999999981,0.099999999939,0.099999999962,0.099999999976,0.100000000016,0.100000000108,0.099999999942,0.100000000072
0.099999999958,0.100000000039,0.100000000016,0.100000000048,0.100000000031,0.100000000019,0.099999999988,0.099999999912,0.100000000046,0.099999999942
0.099999999967,0.100000000031,0.100000000012,0.100000000038,0.100000000024,0.100000000015,0.099999999990,0.099999999931,0.100000000036,0.099999999955
0.100000000092,0.099999999916,0.099999999965,0.099999999891,0.099999999933,0.099999999958,0.100000000029,0.100000000191,0.099999999896,0.100000000128
0.099999999675,0.100000000307,0.100000000123,0.100000000379,0.100000000244,0.100000000148,0.099999999904,0.099999999313,0.100000000361,0.099999999547
0.099999999958,0.100000000039,0.100000000016,0.100000000050,0.100000000031,0.100000000019,0.099999999987,0.099999999911,0.100000000047,0.099999999941
0.100000000020,0.099999999982,0.099999999993,0.099999999977,0.099999999986,0.099999999991,0.100000000006,0.100000000040,0.099999999978,0.100000000027
0.100000000135,0.099999999875,0.099999999949,0.099999999841,0.099999999901,0.099999999938,0.100000000042,0.100000000282,0.099999999848,0.100000000188
0.099999999986,0.100000000013,0.100000000005,0.100000000016,0.100000000011,0.100000000006,0.099999999996,0.099999999971,0.100000000015,0.099999999981
0.100000000127,0.099999999883,0.099999999952,0.099999999850,0.099999999907,0.099999999942,0.100000000039,0.100000000266,0.099999999857,0.100000000177
0.099999999959,0.100000000038,0.100000000015,0.100000000048,0.100000000030,0.100000000019,0.099999999988,0.099999999914,0.100000000046,0.099999999943
0.100000000114,0.099999999895,0.099999999957,0.099999999866,0.099999999917,0.099999999948,0.100000000035,0.100000000237,0.099999999872,0.100000000158
0.100000000066,0.099999999940,0.099999999975,0.099999999922,0.099999999952,0.099999999970,0.100000000021,0.100000000137,0.099999999926,0.100000000092
0.099999999956,0.100000000042,0.100000000017,0.100000000051,0.100000000034,0.100000000020,0.099999999987,0.099999999906,0.100000000049,0.099999999938
0.100000000216,0.099999999801,0.099999999919,0.099999999746,0.099999999843,0.099999999902,0.100000000067,0.100000000450,0.099999999758,0.100000000300
0.099999999971,0.100000000028,0.100000000011,0.100000000033,0.100000000022,0.100000000013,0.099999999992,0.099999999938,0.100000000032,0.099999999960
0.099999999918,0.100000000076,0.100000000031,0.100000000097,0.100000000060,0.100000000038,0.099999999975,0.099999999828,0.100000000092,0.099999999885
0.099999999848,0.100000000140,0.100000000057,0.100000000179,0.100000000111,0.100000000069,0.099999999953,0.099999999683,0.100000000171,0.099999999789
0.099999999927,0.100000000068,0.100000000028,0.100000000086,0.100000000054,0.100000000033,0.099999999977,0.099999999847,0.100000000082,0.099999999898
0.099999999942,0.100000000053,0.100000000022,0.100000000068,0.100000000042,0.100000000026,0.099999999982,0.099999999879,0.100000000065,0.099999999920
0.099999999985,0.100000000014,0.100000000006,0.100000000017,0.100000000011,0.100000000007,0.099999999996,0.099999999968,0.100000000017,0.099999999979
0.099999999970,0.100000000028,0.100000000011,0.100000000035,0.100000000022,0.100000000014,0.099999999991,0.099999999937,0.100000000033,0.099999999958
0.099999999907,0.100000000085,0.100000000035,0.100000000109,0.100000000068,0.100000000042,0.099999999971,0.099999999807,0.100000000104,0.099999999871
0.099999999959,0.100000000039,0.100000000016,0.100000000048,0.100000000031,0.100000000019,0.099999999988,0.099999999913,0.100000000046,0.099999999942
0.099999999937,0.100000000059,0.100000000024,0.100000000074,0.100000000047,0.100000000029,0.099999999981,0.099999999867,0.100000000071,0.099999999912
0.100000000060,0.099999999944,0.099999999977,0.099999999929,0.099999999956,0.099999999972,0.100000000019,0.100000000126,0.099999999932,0.100000000084
0.099999999965,0.100000000033,0.100000000013,0.100000000041,0.100000000027,0.100000000016,0.099999999990,0.099999999925,0.100000000039,0.099999999951
0.099999999938,0.100000000058,0.100000000023,0.100000000073,0.100000000046,0.100000000028,0.099999999981,0.099999999870,0.100000000070,0.099999999913
0.100000000127,0.099999999883,0.099999999952,0.099999999851,0.099999999907,0.099999999942,0.100000000039,0.100000000265,0.099999999857,0.100000000176
0.099999999978,0.100000000021,0.100000000008,0.100000000025,0.100000000017,0.100000000010,0.099999999994,0.099999999953,0.100000000024,0.099999999969
0.100000000109,0.099999999899,0.099999999959,0.099999999871,0.099999999920,0.099999999950,0.100000000034,0.100000000228,0.099999999877,0.100000000152
0.099999999979,0.100000000020,0.100000000008,0.100000000024,0.100000000016,0.100000000009,0.099999999994,0.099999999956,0.100000000023,0.099999999971
0.100000000004,0.099999999996,0.099999999998,0.099999999995,0.099999999997,0.099999999998,0.100000000001,0.100000000009,0.099999999995,0.100000000006
0.099999999949,0.100000000047,0.100000000019,0.100000000060,0.100000000038,0.100000000023,0.099999999985,0.099999999893,0.100000000057,0.099999999929
0.100000000139,0.099999999872,0.099999999948,0.099999999837,0.099999999899,0.099999999937,0.100000000043,0.100000000289,0.099999999844,0.100000000193
0.099999999983,0.100000000016,0.100000000006,0.100000000020,0.100000000013,0.100000000008,0.099999999995,0.099999999964,0.100000000019,0.099999999976
0.099999999989,0.100000000010,0.100000000004,0.100000000013,0.100000000008,0.100000000005,0.099999999997,0.099999999977,0.100000000012,0.099999999985
0.100000000009,0.099999999992,0.099999999997,0.099999999990,0.099999999994,0.099999999996,0.100000000003,0.100000000018,0.099999999990,0.100000000012
0.099999999951,0.100000000046,0.100000000019,0.100000000057,0.100000000037,0.100000000022,0.099999999986,0.099999999897,0.100000000054,0.099999999932
0.100000000136,0.099999999875,0.099999999949,0.099999999840,0.099999999900,0.099999999938,0.100000000042,0.100000000284,0.099999999847,0.100000000189
0.099999999985,0.100000000014,0.100000000006,0.100000000017,0.100000000011,0.100000000007,0.099999999996,0.099999999969,0.100000000016,0.099999999979
0.099999999943,0.100000000053,0.100000000022,0.100000000067,0.100000000042,0.100000000026,0.099999999983,0.099999999880,0.100000000064,0.099999999920
0.099999999956,0.100000000040,0.100000000016,0.100000000051,0.100000000032,0.100000000020,0.099999999987,0.099999999909,0.100000000049,0.099999999939
0.099999999871,0.100000000119,0.100000000049,0.100000000152,0.100000000094,0.100000000059,0.099999999960,0.099999999730,0.100000000145,0.099999999820
0.100000000027,0.099999999975,0.099999999990,0.099999999968,0.099999999980,0.099999999988,0.100000000009,0.100000000057,0.099999999969,0.100000000038
0.099999999978,0.100000000021,0.100000000008,0.100000000025,0.100000000017,0.100000000010,0.099999999994,0.099999999953,0.100000000024,0.099999999969
0.099999999928,0.100000000067,0.100000000027,0.100000000085,0.100000000053,0.100000000033,0.099999999978,0.099999999849,0.100000000081,0.099999999900
0.099999999964,0.100000000033,0.100000000014,0.100000000042,0.100000000026,0.100000000016,0.099999999989,0.099999999925,0.100000000040,0.099999999950
0.099999999946,0.100000000050,0.100000000020,0.100000000063,0.100000000040,0.100000000025,0.099999999984,0.099999999887,0.100000000060,0.099999999925
0.099999999924,0.100000000071,0.100000000029,0.100000000090,0.100000000056,0.100000000035,0.099999999977,0.099999999841,0.100000000086,0.099999999894
0.099999999982,0.100000000017,0.100000000007,0.100000000021,0.100000000014,0.100000000008,0.099999999995,0.099999999962,0.100000000020,0.099999999975
0.099999999937,0.100000000058,0.100000000024,0.100000000074,0.100000000046,0.100000000029,0.099999999981,0.099999999869,0.100000000070,0.099999999913
0.099999999963,0.100000000035,0.100000000014,0.100000000044,0.100000000027,0.100000000017,0.099999999989,0.099999999922,0.100000000042,0.099999999948
0.099999999998,0.100000000002,0.100000000001,0.100000000002,0.100000000001,0.100000000001,0.100000000000,0.099999999996,0.100000000002,0.099999999998
0.099999999952,0.100000000044,0.100000000018,0.100000000056,0.100000000035,0.100000000022,0.099999999985,0.099999999901,0.100000000053,0.099999999934
0.099999999987,0.100000000012,0.100000000005,0.100000000015,0.100000000010,0.100000000006,0.099999999996,0.099999999973,0.100000000014,0.099999999982
0.099999999995,0.100000000006,0.100000000002,0.100000000006,0.100000000005,0.100000000002,0.099999999999,0.099999999988,0.100000000006,0.099999999992
0.099999999935,0.100000000060,0.100000000024,0.100000000076,0.100000000048,0.100000000030,0.099999999981,0.099999999864,0.100000000072,0.099999999910
0.099999999969,0.100000000030,0.100000000012,0.100000000036,0.100000000024,0.100000000014,0.099999999991,0.099999999934,0.100000000034,0.099999999956
0.099999999972,0.100000000026,0.100000000010,0.100000000033,0.100000000020,0.100000000013,0.099999999992,0.099999999942,0.100000000031,0.099999999961
0.100000000019,0.099999999982,0.099999999993,0.099999999977,0.099999999986,0.099999999991,0.100000000006,0.100000000040,0.099999999978,0.100000000027
0.099999999675,0.100000000307,0.100000000123,0.100000000379,0.100000000244,0.100000000148,0.099999999904,0.099999999313,0.100000000361,0.099999999547
0.099999999936,0.100000000059,0.100000000024,0.100000000075,0.100000000047,0.100000000029,0.099999999980,0.099999999866,0.100000000072,0.099999999911
0.099999999907,0.100000000086,0.100000000035,0.100000000110,0.100000000068,0.100000000043,0.099999999971,0.099999999805,0.100000000105,0.099999999870
0.099999999962,0.100000000035,0.100000000014,0.100000000044,0.100000000028,0.100000000017,0.099999999989,0.099999999921,0.100000000042,0.099999999948
0.099999999972,0.100000000026,0.100000000011,0.100000000033,0.100000000021,0.100000000013,0.099999999991,0.099999999941,0.100000000032,0.099999999960
0.099999999993,0.100000000006,0.100000000003,0.100000000008,0.100000000005,0.100000000003,0.099999999998,0.099999999986,0.100000000007,0.099999999991
0.099999999987,0.100000000012,0.100000000005,0.100000000015,0.100000000010,0.100000000006,0.099999999996,0.099999999973,0.100000000014,0.099999999982
0.099999999963,0.100000000035,0.100000000014,0.100000000043,0.100000000028,0.100000000017,0.099999999989,0.099999999922,0.100000000041,0.099999999949
0.099999999974,0.100000000024,0.100000000010,0.100000000030,0.100000000019,0.100000000012,0.099999999992,0.099999999946,0.100000000029,0.099999999964
0.099999999980,0.100000000019,0.100000000008,0.100000000024,0.100000000015,0.100000000009,0.099999999994,0.099999999957,0.100000000023,0.099999999972
0.099999999982,0.100000000017,0.100000000007,0.100000000020,0.100000000014,0.100000000008,0.099999999995,0.099999999962,0.100000000019,0.099999999975
0.099999999993,0.100000000007,0.100000000003,0.100000000008,0.100000000006,0.100000000003,0.099999999998,0.099999999984,0.100000000008,0.099999999990
0.099999999995,0.100000000005,0.100000000002,0.100000000005,0.100000000004,0.100000000002,0.099999999999,0.099999999990,0.100000000005,0.099999999993
0.099999999979,0.100000000019,0.100000000008,0.100000000024,0.100000000015,0.100000000009,0.099999999994,0.099999999957,0.100000000023,0.099999999971
0.100000000009,0.099999999993,0.099999999997,0.099999999990,0.099999999994,0.099999999996,0.100000000003,0.100000000017,0.099999999990,0.100000000012
0.099999999965,0.100000000032,0.100000000013,0.100000000041,0.100000000026,0.100000000016,0.099999999989,0.099999999927,0.100000000039,0.099999999951
0.099999999935,0.100000000060,0.100000000024,0.100000000076,0.100000000047,0.100000000030,0.099999999980,0.099999999865,0.100000000073,0.099999999910
0.099999999675,0.100000000307,0.100000000123,0.100000000379,0.100000000244,0.100000000148,0.099999999904,0.099999999313,0.100000000361,0.099999999547
0.099999999938,0.100000000058,0.100000000023,0.100000000073,0.100000000046,0.100000000028,0.099999999981,0.099999999870,0.100000000069,0.099999999914
0.099999999994,0.100000000006,0.100000000002,0.100000000007,0.100000000005,0.100000000003,0.099999999998,0.099999999986,0.100000000007,0.099999999991
0.099999999912,0.100000000081,0.100000000033,0.100000000103,0.100000000064,0.100000000040,0.099999999973,0.099999999816,0.100000000099,0.099999999878
0.099999999955,0.100000000042,0.100000000017,0.100000000053,0.100000000033,0.100000000020,0.099999999987,0.099999999906,0.100000000050,0.099999999938
0.099999999954,0.100000000042,0.100000000017,0.100000000053,0.100000000034,0.100000000021,0.099999999986,0.099999999904,0.100000000051,0.099999999937
0.099999999912,0.100000000082,0.100000000033,0.100000000104,0.100000000065,0.100000000040,0.099999999973,0.099999999815,0.100000000099,0.099999999877
0.099999999979,0.100000000020,0.100000000008,0.100000000025,0.100000000016,0.100000000010,0.099999999994,0.099999999956,0.100000000023,0.099999999971
0.099999999897,0.100000000095,0.100000000039,0.100000000121,0.100000000075,0.100000000047,0.099999999968,0.099999999785,0.100000000116,0.099999999857
0.099999999930,0.100000000064,0.100000000026,0.100000000082,0.100000000051,0.100000000032,0.099999999979,0.099999999854,0.100000000078,0.099999999903
0.099999999973,0.100000000025,0.100000000010,0.100000000031,0.100000000020,0.100000000012,0.099999999992,0.099999999944,0.100000000030,0.099999999963
0.099999999865,0.100000000124,0.100000000051,0.100000000159,0.100000000098,0.100000000062,0.099999999958,0.099999999719,0.100000000151,0.099999999813
0.099999999904,0.100000000089,0.100000000036,0.100000000113,0.100000000070,0.100000000044,0.099999999970,0.099999999800,0.100000000108,0.099999999867
0.099999999917,0.100000000077,0.100000000031,0.100000000098,0.100000000061,0.100000000038,0.099999999975,0.099999999826,0.100000000093,0.099999999884
0.100000000005,0.099999999996,0.099999999998,0.099999999994,0.099999999996,0.099999999998,0.100000000002,0.100000000010,0.099999999994,0.100000000007
0.099999999993,0.100000000007,0.100000000003,0.100000000008,0.100000000005,0.100000000003,0.099999999998,0.099999999985,0.100000000007,0.099999999991
0.099999999874,0.100000000116,0.100000000047,0.100000000148,0.100000000092,0.100000000057,0.099999999961,0.099999999738,0.100000000141,0.099999999825
0.099999999864,0.100000000126,0.100000000051,0.100000000161,0.100000000100,0.100000000062,0.099999999958,0.099999999715,0.100000000153,0.099999999810
0.099999999934,0.100000000061,0.100000000025,0.100000000078,0.100000000049,0.100000000030,0.099999999980,0.099999999861,0.100000000074,0.099999999908
0.099999999915,0.100000000079,0.100000000032,0.100000000100,0.100000000062,0.100000000039,0.099999999974,0.099999999822,0.100000000096,0.099999999882
0.099999999935,0.100000000060,0.100000000025,0.100000000077,0.100000000048,0.100000000030,0.099999999980,0.099999999864,0.100000000073,0.099999999909
0.099999999972,0.100000000026,0.100000000011,0.100000000033,0.100000000021,0.100000000013,0.099999999992,0.099999999941,0.100000000031,0.099999999961
0.099999999950,0.100000000047,0.100000000019,0.100000000059,0.100000000037,0.100000000023,0.099999999985,0.099999999894,0.100000000056,0.099999999930
0.099999999976,0.100000000023,0.100000000009,0.100000000027,0.100000000018,0.100000000011,0.099999999993,0.099999999949,0.100000000026,0.099999999967
0.099999999889,0.100000000103,0.100000000042,0.100000000131,0.100000000081,0.100000000051,0.099999999966,0.099999999768,0.100000000125,0.099999999845
0.099999999899,0.100000000093,0.100000000038,0.100000000119,0.100000000074,0.100000000046,0.099999999969,0.099999999789,0.100000000113,0.099999999860
0.100000000001,0.099999999999,0.100000000000,0.099999999998,0.099999999999,0.099999999999,0.100000000000,0.100000000003,0.099999999998,0.100000000002
0.099999999970,0.100000000028,0.100000000011,0.100000000035,0.100000000022,0.100000000014,0.099999999991,0.099999999937,0.100000000033,0.099999999958
0.099999999946,0.100000000051,0.100000000020,0.100000000063,0.100000000040,0.100000000025,0.099999999984,0.099999999886,0.100000000060,0.099999999925
0.099999999902,0.100000000091,0.100000000037,0.100000000115,0.100000000072,0.100000000045,0.099999999970,0.099999999794,0.100000000110,0.099999999864
0.099999999964,0.100000000033,0.100000000013,0.100000000042,0.100000000026,0.100000000016,0.099999999989,0.099999999926,0.100000000040,0.099999999951
0.099999999959,0.100000000038,0.100000000015,0.100000000048,0.100000000031,0.100000000019,0.099999999988,0.099999999914,0.100000000045,0.099999999943
0.100000000153,0.099999999859,0.099999999942,0.099999999820,0.099999999888,0.099999999930,0.100000000047,0.100000000319,0.099999999828,0.100000000213
0.099999999835,0.100000000152,0.100000000062,0.100000000194,0.100000000120,0.100000000075,0.099999999949,0.099999999657,0.100000000185,0.099999999771
0.099999999675,0.100000000307,0.100000000123,0.100000000379,0.100000000244,0.100000000148,0.099999999904,0.099999999313,0.100000000361,0.099999999547
0.100000000194,0.099999999821,0.099999999927,0.099999999772,0.099999999859,0.099999999911,0.100000000060,0.100000000404,0.099999999782,0.100000000269
0.100000000085,0.099999999922,0.099999999968,0.099999999899,0.099999999938,0.099999999961,0.100000000027,0.100000000178,0.099999999904,0.100000000119
0.100000000017,0.099999999985,0.099999999994,0.099999999979,0.099999999988,0.099999999992,0.100000000006,0.100000000035,0.099999999980,0.100000000024
0.100000000070,0.099999999936,0.099999999974,0.099999999918,0.099999999949,0.099999999968,0.100000000022,0.100000000145,0.099999999922,0.100000000097
0.099999999950,0.100000000046,0.100000000019,0.100000000058,0.100000000036,0.100000000023,0.099999999985,0.099999999896,0.100000000055,0.099999999931
0.100000000016,0.099999999985,0.099999999994,0.099999999981,0.099999999988,0.099999999993,0.100000000005,0.100000000034,0.099999999982,0.100000000023
0.099999999947,0.100000000049,0.100000000020,0.100000000062,0.100000000039,0.100000000024,0.099999999984,0.099999999889,0.100000000059,0.099999999927
0.099999999997,0.100000000003,0.100000000001,0.100000000003,0.100000000002,0.100000000001,0.099999999999,0.099999999994,0.100000000003,0.099999999996
0.099999999978,0.100000000021,0.100000000008,0.100000000026,0.100000000017,0.100000000010,0.099999999994,0.099999999952,0.100000000025,0.099999999969
0.099999999961,0.100000000035,0.100000000015,0.100000000045,0.100000000028,0.100000000018,0.099999999988,0.099999999920,0.100000000043,0.099999999946
0.099999999961,0.100000000036,0.100000000015,0.100000000045,0.100000000029,0.100000000018,0.099999999989,0.099999999918,0.100000000043,0.099999999946
0.100000000040,0.099999999963,0.099999999985,0.099999999953,0.099999999971,0.099999999982,0.100000000013,0.100000000084,0.099999999955,0.100000000056
0.100000000022,0.099999999980,0.099999999992,0.099999999974,0.099999999984,0.099999999990,0.100000000007,0.100000000045,0.099999999975,0.100000000030
0.100000000099,0.099999999909,0.099999999963,0.099999999883,0.099999999928,0.099999999955,0.100000000031,0.100000000207,0.099999999889,0.100000000138
0.099999999949,0.100000000047,0.100000000019,0.100000000060,0.100000000037,0.100000000023,0.099999999984,0.099999999894,0.100000000057,0.099999999929
0.099999999985,0.100000000014,0.100000000006,0.100000000018,0.100000000011,0.100000000007,0.099999999995,0.099999999968,0.100000000017,0.099999999978
0.099999999977,0.100000000021,0.100000000009,0.100000000027,0.100000000017,0.100000000010,0.099999999993,0.099999999952,0.100000000026,0.099999999968
0.099999999675,0.100000000307,0.100000000123,0.100000000379,0.100000000244,0.100000000148,0.099999999904,0.099999999313,0.100000000361,0.099999999547
0.099999999933,0.100000000062,0.100000000025,0.100000000079,0.100000000049,0.100000000031,0.099999999979,0.099999999860,0.100000000075,0.099999999907
0.099999999940,0.100000000055,0.100000000023,0.100000000070,0.100000000044,0.100000000027,0.099999999982,0.099999999875,0.100000000067,0.099999999917
0.099999999979,0.100000000020,0.100000000008,0.100000000025,0.100000000016,0.100000000010,0.099999999994,0.099999999955,0.100000000024,0.099999999970
0.099999999675,0.100000000307,0.100000000123,0.100000000379,0.100000000244,0.100000000148,0.099999999904,0.099999999313,0.100000000361,0.099999999547
0.099999999908,0.100000000084,0.100000000035,0.100000000108,0.100000000067,0.100000000042,0.099999999972,0.099999999809,0.100000000103,0.099999999873
0.099999999919,0.100000000074,0.100000000030,0.100000000095,0.100000000059,0.100000000037,0.099999999975,0.099999999832,0.100000000091,0.099999999888
0.099999999921,0.100000000073,0.100000000030,0.100000000093,0.100000000058,0.100000000036,0.099999999976,0.099999999835,0.100000000089,0.099999999890
0.099999999939,0.100000000056,0.100000000023,0.100000000071,0.100000000045,0.100000000028,0.099999999982,0.099999999873,0.100000000068,0.099999999915
0.099999999960,0.100000000037,0.100000000015,0.100000000046,0.100000000029,0.100000000018,0.099999999988,0.099999999917,0.100000000044,0.099999999945
0.099999999996,0.100000000004,0.100000000002,0.100000000005,0.100000000003,0.100000000002,0.099999999999,0.099999999991,0.100000000005,0.099999999994
0.099999999962,0.100000000036,0.100000000014,0.100000000045,0.100000000028,0.100000000017,0.099999999989,0.099999999920,0.100000000042,0.099999999947
0.099999999984,0.100000000015,0.100000000006,0.100000000018,0.100000000012,0.100000000007,0.099999999996,0.099999999967,0.100000000017,0.099999999978
0.099999999907,0.100000000085,0.100000000035,0.100000000109,0.100000000068,0.100000000042,0.099999999972,0.099999999807,0.100000000104,0.099999999871
0.099999999965,0.100000000033,0.100000000013,0.100000000040,0.100000000026,0.100000000016,0.099999999990,0.099999999927,0.100000000038,0.099999999952
0.099999999927,0.100000000067,0.100000000027,0.100000000085,0.100000000053,0.100000000033,0.099999999978,0.099999999848,0.100000000081,0.099999999899
0.099999999956,0.100000000042,0.100000000017,0.100000000051,0.100000000034,0.100000000020,0.099999999987,0.099999999906,0.100000000049,0.099999999938
0.100000000101,0.099999999907,0.099999999962,0.099999999881,0.099999999926,0.099999999954,0.100000000031,0.100000000211,0.099999999886,0.100000000141
0.099999999962,0.100000000035,0.100000000014,0.100000000044,0.100000000028,0.100000000017,0.099999999989,0.099999999921,0.100000000042,0.099999999947
0.099999999954,0.100000000043,0.100000000017,0.100000000053,0.100000000035,0.100000000021,0.099999999987,0.099999999903,0.100000000051,0.099999999936
0.100000000023,0.099999999979,0.099999999991,0.099999999972,0.099999999983,0.099999999989,0.100000000008,0.100000000048,0.099999999973,0.100000000032
0.100000000000,0.100000000000,0.100000000000,0.099999999999,0.100000000000,0.100000000000,0.100000000000,0.100000000001,0.099999999999,0.100000000001
0.100000000083,0.099999999924,0.099999999969,0.099999999902,0.099999999940,0.099999999962,0.100000000026,0.100000000172,0.099999999907,0.100000000115
0.099999999944,0.100000000052,0.100000000021,0.100000000065,0.100000000041,0.100000000025,0.099999999983,0.099999999883,0.100000000062,0.099999999922
0.099999999923,0.100000000071,0.100000000029,0.100000000090,0.100000000056,0.100000000035,0.099999999976,0.099999999839,0.100000000086,0.099999999893
0.100000000059,0.099999999946,0.099999999978,0.099999999930,0.099999999957,0.099999999973,0.100000000018,0.100000000122,0.099999999934,0.100000000082
0.100000000008,0.099999999992,0.099999999997,0.099999999990,0.099999999994,0.099999999996,0.100000000003,0.100000000017,0.099999999990,0.100000000012
0.099999999965,0.100000000033,0.100000000013,0.100000000040,0.100000000026,0.100000000016,0.099999999990,0.099999999927,0.100000000039,0.099999999952
0.099999999912,0.100000000081,0.100000000033,0.100000000104,0.100000000064,0.100000000040,0.099999999973,0.099999999816,0.100000000099,0.099999999877
0.099999999941,0.100000000054,0.100000000022,0.100000000069,0.100000000043,0.100000000027,0.099999999982,0.099999999877,0.100000000066,0.099999999918
0.099999999978,0.100000000021,0.100000000008,0.100000000026,0.100000000017,0.100000000010,0.099999999994,0.099999999952,0.100000000024,0.099999999969
0.099999999952,0.100000000045,0.100000000018,0.100000000056,0.100000000036,0.100000000022,0.099999999986,0.099999999899,0.100000000054,0.099999999933
0.099999999974,0.100000000024,0.100000000010,0.100000000030,0.100000000019,0.100000000012,0.099999999993,0.099999999946,0.100000000028,0.099999999964
0.099999999958,0.100000000040,0.100000000016,0.100000000049,0.100000000032,0.100000000019,0.099999999987,0.099999999911,0.100000000047,0.099999999941
0.099999999959,0.100000000038,0.100000000015,0.100000000048,0.100000000030,0.100000000019,0.099999999988,0.099999999914,0.100000000045,0.099999999943
0.099999999962,0.100000000036,0.100000000014,0.100000000044,0.100000000029,0.100000000017,0.099999999989,0.099999999919,0.100000000042,0.099999999947
0.099999999964,0.100000000034,0.100000000014,0.100000000042,0.100000000027,0.100000000016,0.099999999990,0.099999999923,0.100000000040,0.099999999950
0.100000000013,0.099999999988,0.099999999995,0.099999999985,0.099999999991,0.099999999994,0.100000000004,0.100000000026,0.099999999985,0.100000000018
0.099999999991,0.100000000008,0.100000000003,0.100000000010,0.100000000007,0.100000000004,0.099999999998,0.099999999981,0.100000000010,0.099999999988
0.099999999675,0.100000000307,0.100000000123,0.100000000379,0.100000000244,0.100000000148,0.099999999904,0.099999999313,0.100000000361,0.099999999547
0.099999999988,0.100000000012,0.100000000005,0.100000000014,0.100000000010,0.100000000006,0.099999999996,0.099999999973,0.100000000014,0.099999999983
0.099999999966,0.100000000032,0.100000000013,0.100000000039,0.100000000026,0.100000000015,0.099999999990,0.099999999928,0.100000000038,0.099999999953
0.099999999962,0.100000000035,0.100000000014,0.100000000044,0.100000000028,0.100000000017,0.099999999989,0.099999999920,0.100000000042,0.099999999947
0.099999999976,0.100000000022,0.100000000009,0.100000000028,0.100000000017,0.100000000011,0.099999999993,0.099999999950,0.100000000027,0.099999999967
0.099999999988,0.100000000011,0.100000000004,0.100000000013,0.100000000009,0.100000000005,0.099999999997,0.099999999975,0.100000000013,0.099999999984
0.099999999965,0.100000000033,0.100000000013,0.100000000040,0.100000000026,0.100000000016,0.099999999990,0.099999999927,0.100000000038,0.099999999952
0.099999999992,0.100000000008,0.100000000003,0.100000000010,0.100000000006,0.100000000004,0.099999999998,0.099999999982,0.100000000009,0.099999999988
0.099999999965,0.100000000033,0.100000000013,0.100000000041,0.100000000027,0.100000000016,0.099999999990,0.099999999925,0.100000000039,0.099999999951
0.099999999969,0.100000000030,0.100000000012,0.100000000036,0.100000000024,0.100000000014,0.099999999991,0.099999999934,0.100000000035,0.099999999956
0.099999999979,0.100000000020,0.100000000008,0.100000000024,0.100000000016,0.100000000009,0.099999999994,0.099999999956,0.100000000022,0.099999999971
0.099999999959,0.100000000039,0.100000000016,0.100000000048,0.100000000032,0.100000000019,0.099999999988,0.099999999912,0.100000000046,0.099999999942
0.099999999962,0.100000000035,0.100000000014,0.100000000043,0.100000000029,0.100000000017,0.099999999989,0.099999999920,0.100000000041,0.099999999948
0.099999999976,0.100000000023,0.100000000009,0.100000000028,0.100000000019,0.100000000011,0.099999999993,0.099999999948,0.100000000027,0.099999999966
0.099999999966,0.100000000032,0.100000000013,0.100000000039,0.100000000026,0.100000000016,0.099999999990,0.099999999928,0.100000000038,0.099999999953
0.099999999982,0.100000000017,0.100000000007,0.100000000020,0.100000000014,0.100000000008,0.099999999995,0.099999999962,0.100000000019,0.099999999976
0.099999999987,0.100000000013,0.100000000005,0.100000000015,0.100000000010,0.100000000006,0.099999999996,0.099999999971,0.100000000015,0.099999999981
0.099999999968,0.100000000030,0.100000000012,0.100000000037,0.100000000024,0.100000000015,0.099999999991,0.099999999932,0.100000000035,0.099999999955
0.099999999920,0.100000000074,0.100000000030,0.100000000094,0.100000000059,0.100000000037,0.099999999975,0.099999999832,0.100000000090,0.099999999888
0.099999999982,0.100000000017,0.100000000007,0.100000000021,0.100000000014,0.100000000008,0.099999999995,0.099999999962,0.100000000020,0.099999999975
0.099999999961,0.100000000036,0.100000000015,0.100000000045,0.100000000029,0.100000000018,0.099999999988,0.099999999919,0.100000000043,0.099999999946
0.099999999907,0.100000000086,0.100000000035,0.100000000109,0.100000000068,0.100000000042,0.099999999972,0.099999999806,0.100000000104,0.099999999871
0.099999999945,0.100000000051,0.100000000021,0.100000000065,0.100000000041,0.100000000025,0.099999999983,0.099999999884,0.100000000062,0.099999999923
0.099999999969,0.100000000028,0.100000000011,0.100000000036,0.100000000022,0.100000000014,0.099999999991,0.099999999936,0.100000000034,0.099999999958
0.099999999956,0.100000000040,0.100000000017,0.100000000052,0.100000000032,0.100000000020,0.099999999987,0.099999999908,0.100000000049,0.099999999939
0.099999999874,0.100000000116,0.100000000047,0.100000000149,0.100000000092,0.100000000058,0.099999999961,0.099999999737,0.100000000142,0.099999999825
0.099999999949,0.100000000048,0.100000000019,0.100000000060,0.100000000038,0.100000000023,0.099999999985,0.099999999892,0.100000000057,0.099999999929
0.099999999988,0.100000000011,0.100000000004,0.100000000013,0.100000000009,0.100000000005,0.099999999997,0.099999999975,0.100000000012,0.099999999984
0.099999999910,0.100000000083,0.100000000034,0.100000000105,0.100000000066,0.100000000041,0.099999999973,0.099999999812,0.100000000100,0.099999999875
0.099999999974,0.100000000024,0.100000000010,0.100000000030,0.100000000019,0.100000000012,0.099999999993,0.099999999946,0.100000000028,0.099999999964
0.099999999864,0.100000000126,0.100000000051,0.100000000159,0.100000000100,0.100000000062,0.099999999958,0.099999999716,0.100000000152,0.099999999811
0.099999999956,0.100000000041,0.100000000017,0.100000000051,0.100000000033,0.100000000020,0.099999999987,0.099999999907,0.100000000049,0.099999999939
0.099999999941,0.100000000055,0.100000000022,0.100000000069,0.100000000044,0.100000000027,0.099999999982,0.099999999876,0.100000000066,0.099999999918
0.099999999968,0.100000000030,0.100000000012,0.100000000038,0.100000000024,0.100000000015,0.099999999991,0.099999999932,0.100000000036,0.099999999955
0.099999999941,0.100000000054,0.100000000022,0.100000000069,0.100000000043,0.100000000027,0.099999999982,0.099999999878,0.100000000066,0.099999999919
0.099999999974,0.100000000024,0.100000000010,0.100000000029,0.100000000020,0.100000000012,0.099999999993,0.099999999945,0.100000000028,0.099999999964
0.099999999973,0.100000000026,0.100000000010,0.100000000032,0.100000000021,0.100000000012,0.099999999992,0.099999999942,0.100000000030,0.099999999962
0.099999999975,0.100000000024,0.100000000010,0.100000000029,0.100000000019,0.100000000011,0.099999999993,0.099999999946,0.100000000028,0.099999999965
0.099999999987,0.100000000013,0.100000000005,0.100000000015,0.100000000010,0.100000000006,0.099999999996,0.099999999972,0.100000000015,0.099999999982
0.099999999964,0.100000000034,0.100000000014,0.100000000042,0.100000000027,0.100000000016,0.099999999989,0.099999999924,0.100000000040,0.099999999950
0.099999999969,0.100000000029,0.100000000012,0.100000000036,0.100000000024,0.100000000014,0.099999999991,0.099999999934,0.100000000034,0.099999999957
0.099999999903,0.100000000090,0.100000000036,0.100000000113,0.100000000071,0.100000000044,0.099999999971,0.099999999798,0.100000000108,0.099999999866
0.099999999960,0.100000000037,0.100000000015,0.100000000047,0.100000000030,0.100000000018,0.099999999988,0.099999999916,0.100000000045,0.099999999944
0.099999999975,0.100000000024,0.100000000009,0.100000000029,0.100000000019,0.100000000011,0.099999999993,0.099999999947,0.100000000028,0.099999999965
0.099999999957,0.100000000040,0.100000000016,0.100000000051,0.100000000032,0.100000000020,0.099999999987,0.099999999909,0.100000000049,0.099999999940
0.099999999932,0.100000000063,0.100000000025,0.100000000079,0.100000000050,0.100000000031,0.099999999980,0.099999999858,0.100000000076,0.099999999906
0.100000000032,0.099999999970,0.099999999988,0.099999999962,0.099999999976,0.099999999985,0.100000000010,0.100000000067,0.099999999964,0.100000000045
0.099999999972,0.100000000025,0.100000000010,0.100000000032,0.100000000020,0.100000000013,0.099999999992,0.099999999942,0.100000000031,0.099999999962
0.099999999977,0.100000000021,0.100000000009,0.100000000027,0.100000000017,0.100000000010,0.099999999993,0.099999999952,0.100000000025,0.099999999968
0.099999999869,0.100000000121,0.100000000049,0.100000000154,0.100000000096,0.100000000060,0.099999999960,0.099999999725,0.100000000147,0.099999999817
0.099999999944,0.100000000051,0.100000000021,0.100000000065,0.100000000041,0.100000000025,0.099999999983,0.099999999884,0.100000000062,0.099999999923
0.099999999901,0.100000000091,0.100000000037,0.100000000116,0.100000000072,0.100000000045,0.099999999970,0.099999999793,0.100000000111,0.099999999863
0.099999999926,0.100000000068,0.100000000028,0.100000000086,0.100000000054,0.100000000034,0.099999999978,0.099999999846,0.100000000082,0.099999999898
0.099999999989,0.100000000011,0.100000000004,0.100000000013,0.100000000009,0.100000000005,0.099999999997,0.099999999975,0.100000000012,0.099999999984
0.099999999931,0.100000000064,0.100000000026,0.100000000081,0.100000000051,0.100000000032,0.099999999979,0.099999999855,0.100000000077,0.099999999904
0.099999999982,0.100000000017,0.100000000007,0.100000000021,0.100000000013,0.100000000008,0.099999999994,0.099999999962,0.100000000020,0.099999999975
0.099999999931,0.100000000063,0.100000000026,0.100000000081,0.100000000050,0.100000000031,0.099999999979,0.099999999857,0.100000000077,0.099999999905
0.099999999994,0.100000000006,0.100000000003,0.100000000007,0.100000000005,0.100000000003,0.099999999999,0.099999999986,0.100000000007,0.099999999991
0.099999999920,0.100000000074,0.100000000030,0.100000000095,0.100000000059,0.100000000037,0.099999999975,0.099999999832,0.100000000091,0.099999999888
0.099999999903,0.100000000090,0.100000000037,0.100000000115,0.100000000071,0.100000000044,0.099999999970,0.099999999796,0.100000000109,0.099999999865
0.099999999999,0.100000000001,0.100000000000,0.100000000000,0.100000000001,0.100000000000,0.100000000001,0.099999999998,0.100000000000,0.099999999999
0.099999999970,0.100000000028,0.100000000011,0.100000000035,0.100000000023,0.100000000014,0.099999999991,0.099999999936,0.100000000033,0.099999999958
0.099999999946,0.100000000051,0.100000000021,0.100000000064,0.100000000040,0.100000000025,0.099999999984,0.099999999886,0.100000000061,0.099999999924
0.100000000052,0.099999999952,0.099999999980,0.099999999938,0.099999999962,0.099999999976,0.100000000016,0.100000000109,0.099999999941,0.100000000073
0.099999999926,0.100000000068,0.100000000028,0.100000000087,0.100000000054,0.100000000034,0.099999999977,0.099999999846,0.100000000083,0.099999999897
0.100000000070,0.099999999936,0.099999999974,0.099999999917,0.099999999949,0.099999999968,0.100000000022,0.100000000145,0.099999999921,0.100000000097
0.100000000011,0.099999999990,0.099999999996,0.099999999987,0.099999999992,0.099999999995,0.100000000004,0.100000000023,0.099999999987,0.100000000015
0.099999999891,0.100000000101,0.100000000041,0.100000000129,0.100000000080,0.100000000050,0.099999999966,0.099999999772,0.100000000123,0.099999999848
0.099999999966,0.100000000032,0.100000000013,0.100000000039,0.100000000026,0.100000000015,0.099999999990,0.099999999929,0.100000000037,0.099999999953
0.099999999675,0.100000000307,0.100000000123,0.100000000379,0.100000000244,0.100000000148,0.099999999904,0.099999999313,0.100000000361,0.099999999547
0.099999999968,0.100000000030,0.100000000012,0.100000000038,0.100000000024,0.100000000015,0.099999999990,0.099999999932,0.100000000036,0.099999999955
0.099999999925,0.100000000070,0.100000000028,0.100000000088,0.100000000055,0.100000000034,0.099999999977,0.099999999843,0.100000000084,0.099999999895
0.099999999914,0.100000000079,0.100000000032,0.100000000101,0.100000000063,0.100000000039,0.099999999974,0.099999999821,0.100000000096,0.099999999881
0.099999999936,0.100000000059,0.100000000024,0.100000000075,0.100000000047,0.100000000029,0.099999999980,0.099999999867,0.100000000072,0.099999999911
0.099999999932,0.100000000063,0.100000000026,0.100000000080,0.100000000050,0.100000000031,0.099999999979,0.099999999858,0.100000000076,0.099999999905
0.099999999965,0.100000000033,0.100000000013,0.100000000041,0.100000000026,0.100000000016,0.099999999989,0.099999999926,0.100000000040,0.099999999951
0.099999999952,0.100000000045,0.100000000018,0.100000000056,0.100000000035,0.100000000022,0.099999999985,0.099999999899,0.100000000054,0.099999999933
0.100000000029,0.099999999974,0.099999999989,0.099999999966,0.099999999979,0.099999999987,0.100000000009,0.100000000060,0.099999999967,0.100000000040
0.100000000011,0.099999999990,0.099999999996,0.099999999987,0.099999999992,0.099999999995,0.100000000004,0.100000000023,0.099999999987,0.100000000015
0.099999999675,0.100000000307,0.100000000123,0.100000000379,0.100000000244,0.100000000148,0.099999999904,0.099999999313,0.100000000361,0.099999999547
0.099999999675,0.100000000307,0.100000000123,0.100000000379,0.100000000244,0.100000000148,0.099999999904,0.099999999313,0.100000000361,0.099999999547
0.099999999908,0.100000000085,0.100000000035,0.100000000109,0.100000000067,0.100000000042,0.099999999971,0.099999999807,0.100000000104,0.099999999871
0.100000000029,0.099999999974,0.099999999989,0.099999999966,0.099999999979,0.099999999987,0.100000000009,0.100000000060,0.099999999967,0.100000000040
0.099999999926,0.100000000068,0.100000000028,0.100000000087,0.100000000054,0.100000000034,0.099999999977,0.099999999845,0.100000000083,0.099999999897
0.099999999910,0.100000000083,0.100000000034,0.100000000106,0.100000000066,0.100000000041,0.099999999972,0.099999999812,0.100000000102,0.099999999875
0.099999999932,0.100000000062,0.100000000025,0.100000000080,0.100000000049,0.100000000031,0.099999999979,0.099999999859,0.100000000076,0.099999999906
0.099999999947,0.100000000049,0.100000000020,0.100000000062,0.100000000039,0.100000000024,0.099999999984,0.099999999890,0.100000000059,0.099999999927
0.099999999945,0.100000000051,0.100000000021,0.100000000065,0.100000000040,0.100000000025,0.099999999983,0.099999999884,0.100000000062,0.099999999923
0.099999999675,0.100000000307,0.100000000123,0.100000000379,0.100000000244,0.100000000148,0.099999999904,0.099999999313,0.100000000361,0.099999999547
0.099999999845,0.100000000143,0.100000000058,0.100000000183,0.100000000113,0.100000000071,0.099999999952,0.099999999677,0.100000000174,0.099999999784
0.099999999675,0.100000000307,0.100000000123,0.100000000379,0.100000000244,0.100000000148,0.099999999904,0.099999999313,0.100000000361,0.099999999547
0.099999999833,0.100000000154,0.100000000063,0.100000000197,0.100000000122,0.100000000076,0.099999999948,0.099999999652,0.100000000188,0.099999999768
0.099999999879,0.100000000111,0.100000000046,0.100000000143,0.100000000088,0.100000000055,0.099999999962,0.099999999748,0.100000000136,0.099999999832
0.099999999908,0.100000000084,0.100000000034,0.100000000108,0.100000000067,0.100000000042,0.099999999972,0.099999999809,0.100000000103,0.099999999873
0.099999999918,0.100000000076,0.100000000031,0.100000000097,0.100000000060,0.100000000038,0.099999999975,0.099999999828,0.100000000092,0.099999999886
0.099999999904,0.100000000088,0.100000000036,0.100000000113,0.100000000070,0.100000000044,0.099999999970,0.099999999800,0.100000000108,0.099999999867
0.099999999675,0.100000000307,0.100000000123,0.100000000379,0.100000000244,0.100000000148,0.099999999904,0.099999999313,0.100000000361,0.099999999547
0.099999999845,0.100000000142,0.100000000058,0.100000000183,0.100000000113,0.100000000071,0.099999999952,0.099999999677,0.100000000174,0.099999999785
0.099999999883,0.100000000108,0.100000000044,0.100000000138,0.100000000085,0.100000000054,0.099999999963,0.099999999756,0.100000000132,0.099999999837
0.099999999886,0.100000000105,0.100000000043,0.100000000135,0.100000000083,0.100000000052,0.099999999964,0.099999999762,0.100000000129,0.099999999841
0.099999999894,0.100000000098,0.100000000040,0.100000000125,0.100000000078,0.100000000049,0.099999999967,0.099999999778,0.100000000120,0.099999999852
0.099999999859,0.100000000130,0.100000000053,0.100000000166,0.100000000103,0.100000000064,0.099999999956,0.099999999706,0.100000000159,0.099999999804
0.099999999839,0.100000000148,0.100000000061,0.100000000190,0.100000000117,0.100000000074,0.099999999950,0.099999999664,0.100000000181,0.099999999776
0.099999999894,0.100000000097,0.100000000040,0.100000000124,0.100000000077,0.100000000048,0.099999999967,0.099999999780,0.100000000119,0.099999999853
0.099999999868,0.100000000121,0.100000000050,0.100000000156,0.100000000096,0.100000000060,0.099999999959,0.099999999725,0.100000000149,0.099999999816
0.099999999827,0.100000000160,0.100000000065,0.100000000204,0.100000000126,0.100000000079,0.099999999946,0.099999999639,0.100000000195,0.099999999759
0.099999999884,0.100000000107,0.100000000044,0.100000000137,0.100000000085,0.100000000053,0.099999999964,0.099999999758,0.100000000131,0.099999999839
0.099999999832,0.100000000155,0.100000000063,0.100000000198,0.100000000123,0.100000000077,0.099999999948,0.099999999649,0.100000000189,0.099999999766
0.099999999884,0.100000000107,0.100000000044,0.100000000137,0.100000000085,0.100000000053,0.099999999964,0.099999999758,0.100000000131,0.099999999838
0.099999999851,0.100000000137,0.100000000056,0.100000000175,0.100000000108,0.100000000068,0.099999999954,0.099999999690,0.100000000167,0.099999999793
0.099999999919,0.100000000075,0.100000000031,0.100000000095,0.100000000059,0.100000000037,0.099999999975,0.099999999831,0.100000000091,0.099999999887
0.099999999835,0.100000000152,0.100000000062,0.100000000194,0.100000000120,0.100000000075,0.099999999949,0.099999999656,0.100000000186,0.099999999771
0.099999999913,0.100000000080,0.100000000033,0.100000000102,0.100000000063,0.100000000040,0.099999999973,0.099999999820,0.100000000097,0.099999999880
0.099999999888,0.100000000103,0.100000000042,0.100000000132,0.100000000082,0.100000000051,0.099999999965,0.099999999766,0.100000000126,0.099999999844
0.099999999829,0.100000000157,0.100000000064,0.100000000201,0.100000000124,0.100000000078,0.099999999947,0.099999999645,0.100000000192,0.099999999763
0.099999999859,0.100000000129,0.100000000053,0.100000000166,0.100000000103,0.100000000064,0.099999999956,0.099999999707,0.100000000158,0.099999999804
0.099999999926,0.100000000068,0.100000000028,0.100000000087,0.100000000054,0.100000000034,0.099999999977,0.099999999846,0.100000000083,0.099999999897
0.099999999851,0.100000000137,0.100000000056,0.100000000175,0.100000000108,0.100000000068,0.099999999954,0.099999999690,0.100000000167,0.099999999793
0.099999999909,0.100000000084,0.100000000034,0.100000000107,0.100000000066,0.100000000042,0.099999999972,0.099999999810,0.100000000102,0.099999999873
0.099999999860,0.100000000129,0.100000000053,0.100000000165,0.100000000102,0.100000000064,0.099999999957,0.099999999708,0.100000000158,0.099999999805
0.099999999895,0.100000000097,0.100000000040,0.100000000124,0.100000000077,0.100000000048,0.099999999967,0.099999999781,0.100000000118,0.099999999854
0.099999999913,0.100000000080,0.100000000033,0.100000000102,0.100000000063,0.100000000040,0.099999999973,0.099999999819,0.100000000097,0.099999999880
0.099999999944,0.100000000052,0.100000000021,0.100000000066,0.100000000041,0.100000000026,0.099999999983,0.099999999883,0.100000000063,0.099999999922
0.099999999874,0.100000000116,0.100000000047,0.100000000148,0.100000000092,0.100000000058,0.099999999961,0.099999999737,0.100000000142,0.099999999825
0.099999999920,0.100000000073,0.100000000030,0.100000000093,0.100000000058,0.100000000036,0.099999999976,0.099999999834,0.100000000089,0.099999999889
0.099999999882,0.100000000108,0.100000000044,0.100000000139,0.100000000086,0.100000000054,0.099999999963,0.099999999755,0.100000000132,0.099999999836
0.099999999943,0.100000000053,0.100000000021,0.100000000067,0.100000000042,0.100000000026,0.099999999983,0.099999999881,0.100000000064,0.099999999921
0.099999999844,0.100000000143,0.100000000059,0.100000000184,0.100000000114,0.100000000071,0.099999999952,0.099999999675,0.100000000176,0.099999999783
0.099999999838,0.100000000149,0.100000000061,0.100000000191,0.100000000118,0.100000000074,0.099999999950,0.099999999662,0.100000000182,0.099999999775
0.099999999906,0.100000000086,0.100000000035,0.100000000111,0.100000000069,0.100000000043,0.099999999971,0.099999999804,0.100000000106,0.099999999869
0.099999999920,0.100000000073,0.100000000030,0.100000000094,0.100000000058,0.100000000036,0.099999999975,0.099999999834,0.100000000089,0.099999999889
0.099999999896,0.100000000095,0.100000000039,0.100000000122,0.100000000075,0.100000000047,0.099999999968,0.099999999784,0.100000000117,0.099999999856
0.099999999927,0.100000000067,0.100000000028,0.100000000086,0.100000000053,0.100000000033,0.099999999977,0.099999999848,0.100000000082,0.099999999898
0.100000000149,0.099999999863,0.099999999944,0.099999999825,0.099999999891,0.099999999932,0.100000000046,0.100000000311,0.099999999833,0.100000000207
0.099999999888,0.100000000103,0.100000000042,0.100000000131,0.100000000081,0.100000000051,0.099999999965,0.099999999767,0.100000000125,0.099999999845
0.099999999971,0.100000000028,0.100000000011,0.100000000033,0.100000000022,0.100000000013,0.099999999992,0.099999999938,0.100000000032,0.099999999960
0.099999999960,0.100000000037,0.100000000015,0.100000000047,0.100000000030,0.100000000018,0.099999999988,0.099999999916,0.100000000045,0.099999999944
0.100000000163,0.099999999849,0.099999999939,0.099999999808,0.099999999881,0.099999999925,0.100000000051,0.100000000341,0.099999999816,0.100000000227
0.099999999871,0.100000000119,0.100000000049,0.100000000152,0.100000000094,0.100000000059,0.099999999960,0.099999999731,0.100000000145,0.099999999821
0.099999999956,0.100000000042,0.100000000017,0.100000000051,0.100000000034,0.100000000020,0.099999999987,0.099999999906,0.100000000049,0.099999999938
0.099999999949,0.100000000047,0.100000000019,0.100000000060,0.100000000038,0.100000000023,0.099999999985,0.099999999893,0.100000000057,0.099999999929
0.099999999887,0.100000000104,0.100000000042,0.100000000133,0.100000000082,0.100000000052,0.099999999965,0.099999999765,0.100000000127,0.099999999843
0.099999999824,0.100000000161,0.100000000066,0.100000000207,0.100000000128,0.100000000080,0.099999999945,0.099999999634,0.100000000198,0.099999999756
0.099999999988,0.100000000011,0.100000000004,0.100000000014,0.100000000009,0.100000000005,0.099999999996,0.099999999975,0.100000000013,0.099999999984
0.100000000167,0.099999999846,0.099999999937,0.099999999804,0.099999999878,0.099999999924,0.100000000052,0.100000000348,0.099999999812,0.100000000232
0.099999999884,0.100000000107,0.100000000044,0.100000000136,0.100000000085,0.100000000053,0.099999999964,0.099999999758,0.100000000130,0.099999999839
0.100000000245,0.099999999774,0.099999999908,0.099999999711,0.099999999821,0.099999999888,0.100000000076,0.100000000512,0.099999999724,0.100000000341
0.100000000201,0.099999999814,0.099999999924,0.099999999764,0.099999999853,0.099999999908,0.100000000062,0.100000000420,0.099999999775,0.100000000279
0.099999999923,0.100000000071,0.100000000029,0.100000000090,0.100000000056,0.100000000035,0.099999999976,0.099999999840,0.100000000086,0.099999999893
0.099999999974,0.100000000024,0.100000000010,0.100000000030,0.100000000019,0.100000000012,0.099999999992,0.099999999946,0.100000000029,0.099999999964
0.099999999995,0.100000000005,0.100000000002,0.100000000005,0.100000000004,0.100000000002,0.099999999999,0.099999999990,0.100000000005,0.099999999993
0.100000000001,0.099999999999,0.100000000000,0.099999999998,0.099999999999,0.099999999999,0.100000000000,0.100000000003,0.099999999998,0.100000000002
0.099999999913,0.100000000080,0.100000000033,0.100000000102,0.100000000063,0.100000000040,0.099999999973,0.099999999819,0.100000000097,0.099999999880
0.099999999987,0.100000000012,0.100000000005,0.100000000015,0.100000000010,0.100000000006,0.099999999996,0.099999999973,0.100000000014,0.099999999982
0.100000000185,0.099999999829,0.099999999930,0.099999999782,0.099999999865,0.099999999915,0.100000000057,0.100000000386,0.099999999792,0.100000000257
0.100000000152,0.099999999860,0.099999999943,0.099999999822,0.099999999889,0.099999999931,0.100000000047,0.100000000316,0.099999999830,0.100000000211
0.099999999982,0.100000000017,0.100000000007,0.100000000021,0.100000000014,0.100000000008,0.099999999995,0.099999999961,0.100000000020,0.099999999974
0.100000000167,0.099999999846,0.099999999937,0.099999999803,0.099999999878,0.099999999924,0.100000000052,0.100000000349,0.099999999812,0.100000000232
0.099999999976,0.100000000023,0.100000000009,0.100000000027,0.100000000018,0.100000000011,0.099999999993,0.099999999949,0.100000000026,0.099999999967
0.100000000190,0.099999999825,0.099999999928,0.099999999776,0.099999999861,0.099999999913,0.100000000059,0.100000000397,0.099999999786,0.100000000264
0.100000000217,0.099999999799,0.099999999918,0.099999999745,0.099999999841,0.099999999901,0.100000000067,0.100000000453,0.099999999756,0.100000000302
0.100000000178,0.099999999836,0.099999999933,0.099999999791,0.099999999870,0.099999999919,0.100000000055,0.100000000371,0.099999999800,0.100000000247
0.100000000148,0.099999999863,0.099999999944,0.099999999825,0.099999999892,0.099999999932,0.100000000046,0.100000000309,0.099999999833,0.100000000206
0.100000000087,0.099999999920,0.099999999967,0.099999999898,0.099999999937,0.099999999961,0.100000000027,0.100000000181,0.099999999903,0.100000000120
0.099999999969,0.100000000029,0.100000000012,0.100000000037,0.100000000023,0.100000000014,0.099999999990,0.099999999935,0.100000000035,0.099999999957
0.099999999853,0.100000000136,0.100000000055,0.100000000173,0.100000000107,0.100000000067,0.099999999954,0.099999999693,0.100000000166,0.099999999795
0.100000000247,0.099999999772,0.099999999907,0.099999999709,0.099999999819,0.099999999887,0.100000000076,0.100000000516,0.099999999722,0.100000000344
0.099999999890,0.100000000101,0.100000000041,0.100000000129,0.100000000080,0.100000000050,0.099999999966,0.099999999771,0.100000000123,0.099999999847
0.099999999868,0.100000000121,0.100000000050,0.100000000156,0.100000000096,0.100000000060,0.099999999959,0.099999999725,0.100000000149,0.099999999817
0.099999999949,0.100000000047,0.100000000019,0.100000000060,0.100000000037,0.100000000023,0.099999999984,0.099999999893,0.100000000057,0.099999999929
0.099999999978,0.100000000020,0.100000000008,0.100000000026,0.100000000016,0.100000000010,0.099999999993,0.099999999954,0.100000000025,0.099999999970
0.100000000135,0.099999999876,0.099999999949,0.099999999841,0.099999999902,0.099999999939,0.100000000042,0.100000000281,0.099999999849,0.100000000187
0.100000000216,0.099999999801,0.099999999919,0.099999999746,0.099999999842,0.099999999901,0.100000000067,0.100000000451,0.099999999758,0.100000000300
0.100000000200,0.099999999816,0.099999999925,0.099999999765,0.099999999854,0.099999999909,0.100000000062,0.100000000417,0.099999999776,0.100000000278
0.100000000178,0.099999999835,0.099999999933,0.099999999790,0.099999999869,0.099999999919,0.100000000055,0.100000000372,0.099999999800,0.100000000248
0.100000000203,0.099999999813,0.099999999924,0.099999999761,0.099999999852,0.099999999907,0.100000000063,0.100000000423,0.099999999772,0.100000000282
0.099999999951,0.100000000045,0.100000000018,0.100000000057,0.100000000035,0.100000000022,0.099999999985,0.099999999899,0.100000000055,0.099999999932
0.100000000182,0.099999999831,0.099999999931,0.099999999786,0.099999999866,0.099999999917,0.100000000056,0.100000000381,0.099999999795,0.100000000254
0.100000000211,0.099999999805,0.099999999920,0.099999999751,0.099999999845,0.099999999903,0.100000000065,0.100000000441,0.099999999763,0.100000000294
0.099999999779,0.100000000203,0.100000000083,0.100000000260,0.100000000161,0.100000000101,0.099999999931,0.099999999540,0.100000000248,0.099999999693
0.100000000205,0.099999999811,0.099999999923,0.099999999759,0.099999999851,0.099999999907,0.100000000063,0.100000000427,0.099999999770,0.100000000284
0.099999999975,0.100000000023,0.100000000010,0.100000000030,0.100000000018,0.100000000012,0.099999999992,0.099999999947,0.100000000029,0.099999999965
0.100000000182,0.099999999832,0.099999999932,0.099999999786,0.099999999867,0.099999999917,0.100000000056,0.100000000380,0.099999999796,0.100000000253
0.099999999913,0.100000000080,0.100000000033,0.100000000102,0.100000000063,0.100000000040,0.099999999973,0.099999999819,0.100000000098,0.099999999879
0.099999999935,0.100000000060,0.100000000025,0.100000000077,0.100000000047,0.100000000030,0.099999999980,0.099999999864,0.100000000073,0.099999999910
0.099999999904,0.100000000088,0.100000000036,0.100000000113,0.100000000070,0.100000000044,0.099999999970,0.099999999799,0.100000000108,0.099999999866
0.099999999970,0.100000000027,0.100000000011,0.100000000035,0.100000000022,0.100000000014,0.099999999991,0.099999999938,0.100000000034,0.099999999958
0.099999999869,0.100000000121,0.100000000049,0.100000000155,0.100000000096,0.100000000060,0.099999999959,0.099999999726,0.100000000148,0.099999999817
0.099999999935,0.100000000060,0.100000000025,0.100000000077,0.100000000047,0.100000000030,0.099999999980,0.099999999864,0.100000000073,0.099999999909
0.099999999935,0.100000000060,0.100000000025,0.100000000077,0.100000000048,0.100000000030,0.099999999980,0.099999999864,0.100000000074,0.099999999909
0.099999999948,0.100000000048,0.100000000020,0.100000000062,0.100000000038,0.100000000024,0.099999999984,0.099999999891,0.100000000059,0.099999999927
0.099999999854,0.100000000134,0.100000000055,0.100000000172,0.100000000106,0.100000000067,0.099999999955,0.099999999696,0.100000000164,0.099999999797
0.099999999798,0.100000000186,0.100000000076,0.100000000238,0.100000000147,0.100000000092,0.099999999937,0.099999999580,0.100000000227,0.099999999720
0.099999999675,0.100000000307,0.100000000123,0.100000000379,0.100000000244,0.100000000148,0.099999999904,0.099999999313,0.100000000361,0.099999999547
0.099999999957,0.100000000040,0.100000000016,0.100000000051,0.100000000032,0.100000000020,0.099999999987,0.099999999909,0.100000000049,0.099999999940
0.099999999939,0.100000000056,0.100000000023,0.100000000071,0.100000000045,0.100000000028,0.099999999982,0.099999999873,0.100000000068,0.099999999915
0.099999999979,0.100000000020,0.100000000008,0.100000000025,0.100000000016,0.100000000010,0.099999999994,0.099999999955,0.100000000024,0.099999999970
0.099999999908,0.100000000084,0.100000000035,0.100000000108,0.100000000067,0.100000000042,0.099999999972,0.099999999809,0.100000000103,0.099999999873
0.099999999921,0.100000000073,0.100000000030,0.100000000093,0.100000000058,0.100000000036,0.099999999976,0.099999999835,0.100000000089,0.099999999890
0.099999999933,0.100000000062,0.100000000025,0.100000000079,0.100000000049,0.100000000031,0.099999999979,0.099999999860,0.100000000075,0.099999999907
0.099999999960,0.100000000037,0.100000000015,0.100000000046,0.100000000029,0.100000000018,0.099999999988,0.099999999917,0.100000000044,0.099999999945
0.099999999866,0.100000000124,0.100000000050,0.100000000158,0.100000000098,0.100000000061,0.099999999958,0.099999999720,0.100000000151,0.099999999814
0.099999999919,0.100000000074,0.100000000030,0.100000000095,0.100000000059,0.100000000037,0.099999999975,0.099999999832,0.100000000091,0.099999999888
0.099999999927,0.100000000067,0.100000000027,0.100000000085,0.100000000053,0.100000000033,0.099999999978,0.099999999848,0.100000000081,0.099999999899
0.099999999907,0.100000000085,0.100000000035,0.100000000109,0.100000000068,0.100000000042,0.099999999972,0.099999999807,0.100000000104,0.099999999871
0.099999999816,0.100000000170,0.100000000069,0.100000000217,0.100000000134,0.100000000084,0.099999999943,0.099999999616,0.100000000207,0.099999999744
0.099999999868,0.100000000122,0.100000000049,0.100000000155,0.100000000096,0.100000000060,0.099999999959,0.099999999725,0.100000000148,0.099999999817
0.099999999867,0.100000000123,0.100000000050,0.100000000157,0.100000000097,0.100000000061,0.099999999959,0.099999999723,0.100000000150,0.099999999815
0.099999999828,0.100000000159,0.100000000065,0.100000000203,0.100000000126,0.100000000079,0.099999999946,0.099999999641,0.100000000194,0.099999999761
0.100000000135,0.099999999876,0.099999999949,0.099999999841,0.099999999901,0.099999999938,0.100000000042,0.100000000281,0.099999999849,0.100000000188
0.099999999813,0.100000000173,0.100000000070,0.100000000221,0.100000000137,0.100000000086,0.099999999942,0.099999999609,0.100000000211,0.099999999740
0.099999999837,0.100000000150,0.100000000061,0.100000000192,0.100000000119,0.100000000075,0.099999999949,0.099999999660,0.100000000183,0.099999999773
0.099999999854,0.100000000135,0.100000000055,0.100000000172,0.100000000107,0.100000000067,0.099999999955,0.099999999695,0.100000000164,0.099999999797
0.099999999858,0.100000000131,0.100000000053,0.100000000167,0.100000000103,0.100000000065,0.099999999956,0.099999999705,0.100000000159,0.099999999803
0.099999999884,0.100000000107,0.100000000044,0.100000000137,0.100000000085,0.100000000053,0.099999999964,0.099999999758,0.100000000131,0.099999999838
0.099999999864,0.100000000125,0.100000000051,0.100000000160,0.100000000099,0.100000000062,0.099999999958,0.099999999717,0.100000000152,0.099999999811
0.099999999937,0.100000000059,0.100000000024,0.100000000074,0.100000000047,0.100000000029,0.099999999981,0.099999999867,0.100000000071,0.099999999912
0.099999999815,0.100000000171,0.100000000070,0.100000000218,0.100000000135,0.100000000085,0.099999999943,0.099999999614,0.100000000208,0.099999999742
0.099999999848,0.100000000140,0.100000000057,0.100000000179,0.100000000111,0.100000000069,0.099999999953,0.099999999683,0.100000000171,0.099999999789
0.100000000181,0.099999999834,0.099999999932,0.099999999788,0.099999999868,0.099999999918,0.100000000056,0.100000000376,0.099999999797,0.100000000251
0.099999999822,0.100000000164,0.100000000067,0.100000000210,0.100000000130,0.100000000081,0.099999999945,0.099999999629,0.100000000200,0.099999999752
0.099999999985,0.100000000014,0.100000000006,0.100000000017,0.100000000011,0.100000000007,0.099999999996,0.099999999968,0.100000000017,0.099999999979
0.099999999818,0.100000000168,0.100000000068,0.100000000215,0.100000000133,0.100000000083,0.099999999943,0.099999999620,0.100000000205,0.099999999747
0.099999999784,0.100000000199,0.100000000081,0.100000000254,0.100000000158,0.100000000099,0.099999999933,0.099999999550,0.100000000243,0.099999999700
0.099999999793,0.100000000191,0.100000000078,0.100000000244,0.100000000151,0.100000000094,0.099999999936,0.099999999569,0.100000000232,0.099999999713
0.099999999874,0.100000000116,0.100000000047,0.100000000148,0.100000000092,0.100000000057,0.099999999961,0.099999999738,0.100000000141,0.099999999825
0.099999999893,0.100000000099,0.100000000040,0.100000000127,0.100000000079,0.100000000049,0.099999999967,0.099999999776,0.100000000121,0.099999999851
0.099999999825,0.100000000161,0.100000000066,0.100000000206,0.100000000127,0.100000000080,0.099999999946,0.099999999636,0.100000000196,0.099999999757
0.099999999884,0.100000000107,0.100000000043,0.100000000136,0.100000000085,0.100000000053,0.099999999964,0.099999999759,0.100000000130,0.099999999839
0.099999999870,0.100000000120,0.100000000049,0.100000000153,0.100000000095,0.100000000060,0.099999999960,0.099999999728,0.100000000146,0.099999999819
0.099999999908,0.100000000085,0.100000000035,0.100000000108,0.100000000067,0.100000000042,0.099999999972,0.099999999808,0.100000000103,0.099999999872
0.099999999897,0.100000000095,0.100000000039,0.100000000122,0.100000000075,0.100000000047,0.099999999968,0.099999999785,0.100000000116,0.099999999856
0.100000000155,0.099999999857,0.099999999942,0.099999999817,0.099999999887,0.099999999929,0.100000000048,0.100000000324,0.099999999825,0.100000000216
0.099999999834,0.100000000153,0.100000000062,0.100000000195,0.100000000121,0.100000000076,0.099999999948,0.099999999654,0.100000000186,0.099999999769
0.099999999822,0.100000000164,0.100000000067,0.100000000209,0.100000000130,0.100000000081,0.099999999945,0.099999999629,0.100000000200,0.099999999753
0.099999999911,0.100000000083,0.100000000033,0.100000000105,0.100000000065,0.100000000041,0.099999999973,0.099999999814,0.100000000100,0.099999999876
0.099999999827,0.100000000159,0.100000000065,0.100000000204,0.100000000126,0.100000000079,0.099999999946,0.099999999639,0.100000000195,0.099999999759
0.099999999921,0.100000000073,0.100000000030,0.100000000093,0.100000000058,0.100000000036,0.099999999975,0.099999999834,0.100000000089,0.099999999890
0.099999999945,0.100000000051,0.100000000021,0.100000000064,0.100000000040,0.100000000025,0.099999999983,0.099999999885,0.100000000061,0.099999999924
0.099999999978,0.100000000021,0.100000000008,0.100000000025,0.100000000017,0.100000000010,0.099999999994,0.099999999953,0.100000000024,0.099999999969
0.099999999902,0.100000000090,0.100000000037,0.100000000115,0.100000000072,0.100000000045,0.099999999970,0.099999999796,0.100000000110,0.099999999864
0.099999999844,0.100000000144,0.100000000059,0.100000000184,0.100000000114,0.100000000071,0.099999999951,0.099999999674,0.100000000176,0.099999999783
0.100000000132,0.099999999879,0.099999999950,0.099999999845,0.099999999904,0.099999999940,0.100000000041,0.100000000275,0.099999999852,0.100000000183
0.099999999933,0.100000000062,0.100000000025,0.100000000079,0.100000000049,0.100000000031,0.099999999979,0.099999999860,0.100000000076,0.099999999907
0.099999999871,0.100000000119,0.100000000049,0.100000000152,0.100000000094,0.100000000059,0.099999999960,0.099999999731,0.100000000145,0.099999999820
0.099999999901,0.100000000092,0.100000000037,0.100000000117,0.100000000073,0.100000000045,0.099999999969,0.099999999793,0.100000000112,0.099999999862
0.099999999841,0.100000000146,0.100000000060,0.100000000187,0.100000000116,0.100000000073,0.099999999951,0.099999999669,0.100000000179,0.099999999779
0.100000000095,0.099999999913,0.099999999964,0.099999999889,0.099999999931,0.099999999957,0.100000000029,0.100000000197,0.099999999894,0.100000000131
0.099999999823,0.100000000163,0.100000000067,0.100000000209,0.100000000129,0.100000000081,0.099999999945,0.099999999631,0.100000000199,0.099999999754
0.099999999884,0.100000000107,0.100000000043,0.100000000136,0.100000000085,0.100000000053,0.099999999964,0.099999999759,0.100000000130,0.099999999839
0.100000000087,0.099999999920,0.099999999967,0.099999999897,0.099999999937,0.099999999960,0.100000000027,0.100000000181,0.099999999902,0.100000000121
0.099999999887,0.100000000104,0.100000000043,0.100000000133,0.100000000082,0.100000000052,0.099999999965,0.099999999765,0.100000000127,0.099999999843
0.099999999823,0.100000000163,0.100000000066,0.100000000208,0.100000000129,0.100000000081,0.099999999945,0.099999999632,0.100000000198,0.099999999754
0.099999999848,0.100000000140,0.100000000057,0.100000000179,0.100000000111,0.100000000069,0.099999999953,0.099999999683,0.100000000171,0.099999999789
0.099999999896,0.100000000096,0.100000000039,0.100000000123,0.100000000076,0.100000000048,0.099999999968,0.099999999783,0.100000000117,0.099999999855
0.099999999846,0.100000000141,0.100000000058,0.100000000181,0.100000000112,0.100000000070,0.099999999952,0.099999999680,0.100000000173,0.099999999787
0.099999999855,0.100000000134,0.100000000054,0.100000000171,0.100000000106,0.100000000066,0.099999999955,0.099999999697,0.100000000163,0.099999999798
0.099999999888,0.100000000103,0.100000000042,0.100000000131,0.100000000081,0.100000000051,0.099999999965,0.099999999767,0.100000000125,0.099999999845
0.100000000147,0.099999999865,0.099999999945,0.099999999827,0.099999999893,0.099999999933,0.100000000045,0.100000000306,0.099999999835,0.100000000204
0.099999999867,0.100000000123,0.100000000050,0.100000000157,0.100000000097,0.100000000061,0.099999999959,0.099999999722,0.100000000150,0.099999999815
0.099999999830,0.100000000157,0.100000000064,0.100000000200,0.100000000124,0.100000000078,0.099999999947,0.099999999646,0.100000000191,0.099999999764
0.099999999838,0.100000000149,0.100000000061,0.100000000191,0.100000000118,0.100000000074,0.099999999949,0.099999999662,0.100000000183,0.099999999774
0.099999999843,0.100000000145,0.100000000059,0.100000000185,0.100000000115,0.100000000072,0.099999999951,0.099999999673,0.100000000177,0.099999999782
0.100000000121,0.099999999889,0.099999999955,0.099999999858,0.099999999912,0.099999999945,0.100000000037,0.100000000251,0.099999999864,0.100000000168
0.100000000090,0.099999999917,0.099999999966,0.099999999894,0.099999999935,0.099999999959,0.100000000028,0.100000000187,0.099999999899,0.100000000125
0.099999999862,0.100000000127,0.100000000052,0.100000000163,0.100000000101,0.100000000063,0.099999999957,0.099999999712,0.100000000155,0.099999999808
0.099999999909,0.100000000084,0.100000000034,0.100000000108,0.100000000067,0.100000000042,0.099999999972,0.099999999810,0.100000000103,0.099999999873
0.100000000123,0.099999999886,0.099999999954,0.099999999855,0.099999999910,0.099999999944,0.100000000038,0.100000000257,0.099999999861,0.100000000171
0.100000000161,0.099999999852,0.099999999940,0.099999999811,0.099999999883,0.099999999927,0.100000000050,0.100000000335,0.099999999819,0.100000000223
0.099999999865,0.100000000124,0.100000000051,0.100000000158,0.100000000098,0.100000000061,0.099999999958,0.099999999719,0.100000000151,0.099999999813
0.099999999918,0.100000000075,0.100000000031,0.100000000096,0.100000000060,0.100000000037,0.099999999975,0.099999999829,0.100000000092,0.099999999886
0.100000000127,0.099999999883,0.099999999952,0.099999999850,0.099999999907,0.099999999942,0.100000000039,0.100000000266,0.099999999857,0.100000000177
0.099999999827,0.100000000160,0.100000000065,0.100000000204,0.100000000126,0.100000000079,0.099999999946,0.099999999639,0.100000000195,0.099999999759
0.099999999805,0.100000000179,0.100000000073,0.100000000229,0.100000000142,0.100000000089,0.099999999940,0.099999999594,0.100000000219,0.099999999729
0.100000000149,0.099999999862,0.099999999944,0.099999999824,0.099999999891,0.099999999932,0.100000000046,0.100000000311,0.099999999832,0.100000000208
0.100000000100,0.099999999908,0.099999999962,0.099999999882,0.099999999927,0.099999999954,0.100000000031,0.100000000209,0.099999999887,0.100000000139
0.100000000028,0.099999999975,0.099999999990,0.099999999967,0.099999999980,0.099999999987,0.100000000009,0.100000000057,0.099999999969,0.100000000038
0.100000000041,0.099999999962,0.099999999985,0.099999999952,0.099999999970,0.099999999981,0.100000000013,0.100000000085,0.099999999954,0.100000000057
0.100000000108,0.099999999900,0.099999999959,0.099999999873,0.099999999921,0.099999999951,0.100000000033,0.100000000226,0.099999999879,0.100000000150
0.100000000095,0.099999999912,0.099999999964,0.099999999888,0.099999999931,0.099999999957,0.100000000030,0.100000000198,0.099999999893,0.100000000132
0.099999999916,0.100000000077,0.100000000032,0.100000000099,0.100000000061,0.100000000038,0.099999999974,0.099999999825,0.100000000094,0.099999999883
0.100000000109,0.099999999899,0.099999999959,0.099999999871,0.099999999920,0.099999999950,0.100000000034,0.100000000228,0.099999999877,0.100000000152
0.100000000041,0.099999999962,0.099999999984,0.099999999951,0.099999999970,0.099999999981,0.100000000013,0.100000000086,0.099999999954,0.100000000057
0.100000000136,0.099999999875,0.099999999949,0.099999999840,0.099999999900,0.099999999938,0.100000000042,0.100000000284,0.099999999847,0.100000000189
0.100000000127,0.099999999883,0.099999999952,0.099999999851,0.099999999907,0.099999999942,0.100000000039,0.100000000265,0.099999999857,0.100000000176
0.100000000138,0.099999999873,0.099999999948,0.099999999838,0.099999999899,0.099999999937,0.100000000043,0.100000000287,0.099999999845,0.100000000192
0.099999999984,0.100000000015,0.100000000006,0.100000000019,0.100000000012,0.100000000007,0.099999999995,0.099999999966,0.100000000018,0.099999999977
0.099999999980,0.100000000018,0.100000000007,0.100000000023,0.100000000015,0.100000000009,0.099999999994,0.099999999958,0.100000000022,0.099999999972
0.100000000065,0.099999999940,0.099999999976,0.099999999924,0.099999999953,0.099999999970,0.100000000020,0.100000000135,0.099999999927,0.100000000090
0.100000000112,0.099999999897,0.099999999958,0.099999999868,0.099999999918,0.099999999949,0.100000000035,0.100000000234,0.099999999874,0.100000000156
0.100000000113,0.099999999896,0.099999999958,0.099999999867,0.099999999918,0.099999999948,0.100000000035,0.100000000235,0.099999999873,0.100000000157
0.100000000060,0.099999999944,0.099999999977,0.099999999929,0.099999999956,0.099999999972,0.100000000019,0.100000000126,0.099999999932,0.100000000084
0.100000000086,0.099999999921,0.099999999968,0.099999999899,0.099999999938,0.099999999961,0.100000000027,0.100000000179,0.099999999904,0.100000000119
0.100000000126,0.099999999884,0.099999999952,0.099999999851,0.099999999908,0.099999999942,0.100000000039,0.100000000263,0.099999999858,0.100000000176
0.100000000142,0.099999999869,0.099999999947,0.099999999833,0.099999999896,0.099999999935,0.100000000044,0.100000000296,0.099999999841,0.100000000197
0.100000000138,0.099999999873,0.099999999948,0.099999999838,0.099999999899,0.099999999937,0.100000000043,0.100000000288,0.099999999845,0.100000000192
0.100000000153,0.099999999859,0.099999999942,0.099999999820,0.099999999888,0.099999999930,0.100000000047,0.100000000319,0.099999999828,0.100000000213
0.100000000054,0.099999999951,0.099999999980,0.099999999937,0.099999999961,0.099999999976,0.100000000017,0.100000000111,0.099999999940,0.100000000074
0.100000000068,0.099999999938,0.099999999975,0.099999999920,0.099999999951,0.099999999969,0.100000000021,0.100000000141,0.099999999924,0.100000000094
0.100000000059,0.099999999945,0.099999999978,0.099999999930,0.099999999957,0.099999999973,0.100000000018,0.100000000124,0.099999999933,0.100000000082
0.100000000130,0.099999999881,0.099999999951,0.099999999847,0.099999999905,0.099999999941,0.100000000040,0.100000000271,0.099999999854,0.100000000180
0.100000000048,0.099999999956,0.099999999982,0.099999999943,0.099999999965,0.099999999978,0.100000000015,0.100000000100,0.099999999946,0.100000000067
0.099999999675,0.100000000307,0.100000000123,0.100000000379,0.100000000244,0.100000000148,0.099999999904,0.099999999313,0.100000000361,0.099999999547
0.100000000017,0.099999999985,0.099999999994,0.099999999980,0.099999999988,0.099999999992,0.100000000005,0.100000000035,0.099999999981,0.100000000023
0.100000000023,0.099999999979,0.099999999992,0.099999999973,0.099999999983,0.099999999990,0.100000000007,0.100000000047,0.099999999975,0.100000000031
0.100000000079,0.099999999927,0.099999999970,0.099999999906,0.099999999942,0.099999999964,0.100000000024,0.100000000166,0.099999999911,0.100000000111
0.100000000057,0.099999999947,0.099999999979,0.099999999933,0.099999999958,0.099999999974,0.100000000018,0.100000000119,0.099999999936,0.100000000079
0.100000000143,0.099999999868,0.099999999946,0.099999999832,0.099999999896,0.099999999935,0.100000000044,0.100000000298,0.099999999840,0.100000000198
0.100000000119,0.099999999891,0.099999999955,0.099999999860,0.099999999913,0.099999999946,0.100000000037,0.100000000247,0.099999999866,0.100000000165
0.100000000049,0.099999999955,0.099999999982,0.099999999942,0.099999999964,0.099999999978,0.100000000015,0.100000000102,0.099999999945,0.100000000068
0.100000000213,0.099999999803,0.099999999920,0.099999999749,0.099999999844,0.099999999903,0.100000000066,0.100000000445,0.099999999760,0.100000000296
0.100000000099,0.099999999909,0.099999999963,0.099999999883,0.099999999928,0.099999999955,0.100000000031,0.100000000207,0.099999999889,0.100000000138
0.100000000064,0.099999999941,0.099999999976,0.099999999924,0.099999999953,0.099999999971,0.100000000020,0.100000000134,0.099999999928,0.100000000089
0.100000000164,0.099999999849,0.099999999938,0.099999999807,0.099999999880,0.099999999925,0.100000000051,0.100000000342,0.099999999815,0.100000000228
0.100000000128,0.099999999883,0.099999999952,0.099999999850,0.099999999907,0.099999999942,0.100000000040,0.100000000266,0.099999999857,0.100000000177
0.100000000060,0.099999999945,0.099999999977,0.099999999929,0.099999999956,0.099999999972,0.100000000019,0.100000000126,0.099999999932,0.100000000084
0.100000000136,0.099999999875,0.099999999949,0.099999999840,0.099999999900,0.099999999938,0.100000000042,0.100000000284,0.099999999847,0.100000000189
0.100000000099,0.099999999909,0.099999999963,0.099999999884,0.099999999928,0.099999999955,0.100000000031,0.100000000206,0.099999999889,0.100000000137
0.100000000103,0.099999999905,0.099999999961,0.099999999878,0.099999999925,0.099999999953,0.100000000032,0.100000000215,0.099999999884,0.100000000144
0.100000000065,0.099999999940,0.099999999975,0.099999999923,0.099999999952,0.099999999970,0.100000000020,0.100000000136,0.099999999927,0.100000000091
0.100000000091,0.099999999916,0.099999999966,0.099999999893,0.099999999934,0.099999999958,0.100000000028,0.100000000189,0.099999999898,0.100000000126
0.100000000120,0.099999999890,0.099999999955,0.099999999859,0.099999999912,0.099999999945,0.100000000037,0.100000000250,0.099999999866,0.100000000166
0.100000000124,0.099999999886,0.099999999953,0.099999999854,0.099999999910,0.099999999943,0.100000000039,0.100000000259,0.099999999860,0.100000000173
0.100000000032,0.099999999971,0.099999999988,0.099999999963,0.099999999977,0.099999999985,0.100000000010,0.100000000066,0.099999999964,0.100000000044
0.100000000120,0.099999999889,0.099999999955,0.099999999859,0.099999999912,0.099999999945,0.100000000037,0.100000000251,0.099999999865,0.100000000167
0.100000000037,0.099999999966,0.099999999986,0.099999999956,0.099999999973,0.099999999983,0.100000000012,0.100000000078,0.099999999958,0.100000000052
0.100000000102,0.099999999906,0.099999999962,0.099999999880,0.099999999926,0.099999999954,0.100000000032,0.100000000212,0.099999999886,0.100000000141
0.100000000126,0.099999999884,0.099999999953,0.099999999852,0.099999999908,0.099999999942,0.100000000039,0.100000000263,0.099999999858,0.100000000175
0.100000000074,0.099999999932,0.099999999972,0.099999999912,0.099999999946,0.099999999966,0.100000000023,0.100000000155,0.099999999916,0.100000000103
0.100000000038,0.099999999965,0.099999999986,0.099999999955,0.099999999972,0.099999999982,0.100000000012,0.100000000080,0.099999999957,0.100000000053
0.100000000187,0.099999999827,0.099999999930,0.099999999779,0.099999999863,0.099999999914,0.100000000058,0.100000000391,0.099999999789,0.100000000260
0.099999999980,0.100000000018,0.100000000007,0.100000000023,0.100000000015,0.100000000009,0.099999999994,0.099999999958,0.100000000022,0.099999999972
0.100000000053,0.099999999951,0.099999999980,0.099999999937,0.099999999961,0.099999999976,0.100000000017,0.100000000111,0.099999999940,0.100000000074
0.100000000228,0.099999999790,0.099999999914,0.099999999732,0.099999999833,0.099999999896,0.100000000070,0.100000000475,0.099999999744,0.100000000317
0.099999999916,0.100000000077,0.100000000032,0.100000000099,0.100000000061,0.100000000038,0.099999999974,0.099999999825,0.100000000094,0.099999999883
0.100000000178,0.099999999836,0.099999999933,0.099999999790,0.099999999870,0.099999999919,0.100000000055,0.100000000372,0.099999999800,0.100000000248
0.100000000136,0.099999999875,0.099999999949,0.099999999840,0.099999999901,0.099999999938,0.100000000042,0.100000000283,0.099999999848,0.100000000188
0.100000000048,0.099999999956,0.099999999982,0.099999999944,0.099999999965,0.099999999978,0.100000000015,0.100000000100,0.099999999947,0.100000000066
0.100000000138,0.099999999873,0.099999999948,0.099999999838,0.099999999899,0.099999999937,0.100000000043,0.100000000287,0.099999999845,0.100000000192
0.100000000228,0.099999999790,0.099999999914,0.099999999732,0.099999999834,0.099999999896,0.100000000070,0.100000000475,0.099999999744,0.100000000317
0.100000000160,0.099999999852,0.099999999940,0.099999999811,0.099999999883,0.099999999927,0.100000000050,0.100000000334,0.099999999820,0.100000000223
0.100000000157,0.099999999855,0.099999999941,0.099999999815,0.099999999885,0.099999999928,0.100000000049,0.100000000327,0.099999999823,0.100000000218
0.100000000149,0.099999999863,0.099999999944,0.099999999825,0.099999999891,0.099999999932,0.100000000046,0.100000000311,0.099999999833,0.100000000207
0.100000000153,0.099999999859,0.099999999942,0.099999999820,0.099999999888,0.099999999930,0.100000000047,0.100000000319,0.099999999828,0.100000000213
0.100000000159,0.099999999854,0.099999999940,0.099999999813,0.099999999884,0.099999999927,0.100000000049,0.100000000331,0.099999999822,0.100000000221
0.100000000082,0.099999999924,0.099999999969,0.099999999903,0.099999999940,0.099999999962,0.100000000025,0.100000000172,0.099999999908,0.100000000115
0.100000000167,0.099999999846,0.099999999937,0.099999999803,0.099999999878,0.099999999924,0.100000000052,0.100000000348,0.099999999812,0.100000000232
0.100000000191,0.099999999824,0.099999999928,0.099999999775,0.099999999860,0.099999999913,0.100000000059,0.100000000399,0.099999999785,0.100000000266
0.100000000117,0.099999999892,0.099999999956,0.099999999863,0.099999999915,0.099999999947,0.100000000036,0.100000000244,0.099999999869,0.100000000162
0.100000000120,0.099999999889,0.099999999955,0.099999999859,0.099999999912,0.099999999945,0.100000000037,0.100000000251,0.099999999865,0.100000000167
0.100000000123,0.099999999887,0.099999999954,0.099999999855,0.099999999910,0.099999999944,0.100000000038,0.100000000256,0.099999999862,0.100000000171
0.100000000190,0.099999999825,0.099999999929,0.099999999776,0.099999999861,0.099999999913,0.100000000059,0.100000000397,0.099999999787,0.100000000264
0.100000000152,0.099999999860,0.099999999943,0.099999999821,0.099999999889,0.099999999931,0.100000000047,0.100000000317,0.099999999829,0.100000000211
0.100000000143,0.099999999868,0.099999999946,0.099999999832,0.099999999896,0.099999999935,0.100000000044,0.100000000298,0.099999999840,0.100000000199
0.100000000077,0.099999999929,0.099999999971,0.099999999909,0.099999999943,0.099999999965,0.100000000024,0.100000000161,0.099999999913,0.100000000108
0.100000000121,0.099999999888,0.099999999954,0.099999999857,0.099999999911,0.099999999945,0.100000000037,0.100000000253,0.099999999864,0.100000000169
0.100000000162,0.099999999851,0.099999999939,0.099999999810,0.099999999882,0.099999999926,0.100000000050,0.100000000338,0.099999999818,0.100000000225
0.099999999956,0.100000000042,0.100000000017,0.100000000051,0.100000000034,0.100000000020,0.099999999987,0.099999999906,0.100000000049,0.099999999938
0.099999999971,0.100000000028,0.100000000011,0.100000000033,0.100000000022,0.100000000013,0.099999999992,0.099999999938,0.100000000032,0.099999999960
0.100000000100,0.099999999908,0.099999999962,0.099999999882,0.099999999927,0.099999999954,0.100000000031,0.100000000209,0.099999999887,0.100000000139
0.100000000149,0.099999999863,0.099999999944,0.099999999825,0.099999999891,0.099999999932,0.100000000046,0.100000000311,0.099999999833,0.100000000207
0.100000000216,0.099999999801,0.099999999919,0.099999999746,0.099999999843,0.099999999902,0.100000000067,0.100000000450,0.099999999758,0.100000000300
0.100000000163,0.099999999849,0.099999999939,0.099999999808,0.099999999881,0.099999999925,0.100000000051,0.100000000341,0.099999999816,0.100000000227
0.100000000177,0.099999999836,0.099999999933,0.099999999791,0.099999999870,0.099999999919,0.100000000055,0.100000000370,0.099999999801,0.100000000247
0.100000000087,0.099999999920,0.099999999967,0.099999999898,0.099999999937,0.099999999960,0.100000000027,0.100000000181,0.099999999902,0.100000000120
0.100000000148,0.099999999863,0.099999999944,0.099999999826,0.099999999892,0.099999999932,0.100000000046,0.100000000309,0.099999999834,0.100000000206
0.100000000045,0.099999999958,0.099999999983,0.099999999947,0.099999999967,0.099999999979,0.100000000014,0.100000000094,0.099999999949,0.100000000063
0.100000000168,0.099999999845,0.099999999937,0.099999999802,0.099999999877,0.099999999923,0.100000000052,0.100000000351,0.099999999811,0.100000000234
0.100000000138,0.099999999873,0.099999999948,0.099999999838,0.099999999899,0.099999999937,0.100000000043,0.100000000287,0.099999999845,0.100000000192
0.100000000187,0.099999999828,0.099999999930,0.099999999780,0.099999999863,0.099999999915,0.100000000058,0.100000000390,0.099999999790,0.100000000260
0.100000000160,0.099999999853,0.099999999940,0.099999999812,0.099999999884,0.099999999927,0.100000000049,0.100000000333,0.099999999821,0.100000000222
0.100000000135,0.099999999876,0.099999999949,0.099999999841,0.099999999901,0.099999999938,0.100000000042,0.100000000281,0.099999999848,0.100000000188
0.099999999985,0.100000000014,0.100000000006,0.100000000017,0.100000000011,0.100000000007,0.099999999996,0.099999999968,0.100000000017,0.099999999979
0.100000000095,0.099999999913,0.099999999964,0.099999999888,0.099999999931,0.099999999957,0.100000000029,0.100000000197,0.099999999894,0.100000000132
0.099999999916,0.100000000077,0.100000000032,0.100000000099,0.100000000061,0.100000000038,0.099999999974,0.099999999825,0.100000000094,0.099999999883
0.099999999944,0.100000000052,0.100000000021,0.100000000066,0.100000000041,0.100000000026,0.099999999983,0.099999999882,0.100000000063,0.099999999922
0.100000000174,0.099999999839,0.099999999934,0.099999999795,0.099999999872,0.099999999920,0.100000000054,0.100000000364,0.099999999804,0.100000000242
0.100000000151,0.099999999860,0.099999999943,0.099999999822,0.099999999889,0.099999999931,0.100000000047,0.100000000316,0.099999999830,0.100000000210
0.100000000126,0.099999999884,0.099999999953,0.099999999852,0.099999999908,0.099999999943,0.100000000039,0.100000000263,0.099999999859,0.100000000175
0.099999999858,0.100000000131,0.100000000053,0.100000000167,0.100000000103,0.100000000065,0.099999999956,0.099999999705,0.100000000159,0.099999999803
0.100000000137,0.099999999874,0.099999999949,0.099999999839,0.099999999900,0.099999999937,0.100000000042,0.100000000286,0.099999999846,0.100000000190
0.099999999933,0.100000000062,0.100000000025,0.100000000079,0.100000000049,0.100000000031,0.099999999979,0.099999999859,0.100000000076,0.099999999906
0.100000000197,0.099999999818,0.099999999926,0.099999999768,0.099999999856,0.099999999910,0.100000000061,0.100000000411,0.099999999779,0.100000000274
0.100000000073,0.099999999933,0.099999999973,0.099999999914,0.099999999947,0.099999999967,0.100000000023,0.100000000152,0.099999999918,0.100000000101
0.099999999973,0.100000000024,0.100000000010,0.100000000031,0.100000000019,0.100000000012,0.099999999992,0.099999999945,0.100000000030,0.099999999963
0.099999999979,0.100000000020,0.100000000008,0.100000000024,0.100000000016,0.100000000009,0.099999999994,0.099999999956,0.100000000023,0.099999999971
0.100000000175,0.099999999838,0.099999999934,0.099999999794,0.099999999872,0.099999999920,0.100000000054,0.100000000366,0.099999999803,0.100000000244
0.099999999934,0.100000000061,0.100000000025,0.100000000078,0.100000000048,0.100000000030,0.099999999980,0.099999999863,0.100000000074,0.099999999908
0.100000000136,0.099999999875,0.099999999949,0.099999999840,0.099999999900,0.099999999938,0.100000000042,0.100000000284,0.099999999847,0.100000000189
0.100000000075,0.099999999931,0.099999999972,0.099999999912,0.099999999945,0.099999999966,0.100000000023,0.100000000157,0.099999999916,0.100000000104
0.100000000185,0.099999999829,0.099999999930,0.099999999782,0.099999999864,0.099999999915,0.100000000057,0.100000000387,0.099999999792,0.100000000257
0.100000000201,0.099999999814,0.099999999924,0.099999999764,0.099999999853,0.099999999908,0.100000000062,0.100000000420,0.099999999775,0.100000000279
0.100000000170,0.099999999843,0.099999999936,0.099999999800,0.099999999876,0.099999999922,0.100000000052,0.100000000355,0.099999999809,0.100000000236
0.099999999935,0.100000000060,0.100000000025,0.100000000077,0.100000000047,0.100000000030,0.099999999980,0.099999999864,0.100000000073,0.099999999909
0.099999999675,0.100000000307,0.100000000123,0.100000000379,0.100000000244,0.100000000148,0.099999999904,0.099999999313,0.100000000361,0.099999999547
0.099999999935,0.100000000060,0.100000000025,0.100000000077,0.100000000048,0.100000000030,0.099999999980,0.099999999864,0.100000000074,0.099999999909
0.099999999970,0.100000000027,0.100000000011,0.100000000035,0.100000000022,0.100000000014,0.099999999991,0.099999999938,0.100000000034,0.099999999958
0.099999999874,0.100000000116,0.100000000047,0.100000000148,0.100000000092,0.100000000057,0.099999999961,0.099999999738,0.100000000141,0.099999999825
0.099999999869,0.100000000121,0.100000000049,0.100000000155,0.100000000096,0.100000000060,0.099999999959,0.099999999726,0.100000000148,0.099999999817
0.100000000134,0.099999999877,0.099999999950,0.099999999842,0.099999999902,0.099999999939,0.100000000042,0.100000000279,0.099999999850,0.100000000186
0.099999999904,0.100000000088,0.100000000036,0.100000000113,0.100000000070,0.100000000044,0.099999999970,0.099999999799,0.100000000108,0.099999999866
0.099999999984,0.100000000015,0.100000000006,0.100000000019,0.100000000012,0.100000000007,0.099999999995,0.099999999966,0.100000000018,0.099999999977
0.100000000112,0.099999999897,0.099999999958,0.099999999869,0.099999999918,0.099999999949,0.100000000034,0.100000000233,0.099999999875,0.100000000155
0.099999999917,0.100000000077,0.100000000031,0.100000000098,0.100000000061,0.100000000038,0.099999999974,0.099999999826,0.100000000094,0.099999999884
0.100000000203,0.099999999813,0.099999999924,0.099999999762,0.099999999852,0.099999999907,0.100000000063,0.100000000423,0.099999999773,0.100000000282
0.099999999864,0.100000000126,0.100000000051,0.100000000161,0.100000000100,0.100000000062,0.099999999958,0.099999999716,0.100000000153,0.099999999810
0.100000000111,0.099999999897,0.099999999958,0.099999999869,0.099999999919,0.099999999949,0.100000000035,0.100000000232,0.099999999875,0.100000000155
0.100000000033,0.099999999970,0.099999999988,0.099999999962,0.099999999976,0.099999999985,0.100000000010,0.100000000068,0.099999999963,0.100000000045
0.099999999866,0.100000000123,0.100000000050,0.100000000157,0.100000000097,0.100000000061,0.099999999958,0.099999999722,0.100000000150,0.099999999814
0.099999999842,0.100000000146,0.100000000059,0.100000000186,0.100000000115,0.100000000072,0.099999999951,0.099999999670,0.100000000178,0.099999999780
0.099999999895,0.100000000097,0.100000000040,0.100000000124,0.100000000077,0.100000000048,0.099999999967,0.099999999780,0.100000000119,0.099999999853
0.099999999862,0.100000000127,0.100000000052,0.100000000163,0.100000000100,0.100000000063,0.099999999957,0.099999999713,0.100000000155,0.099999999808
0.099999999947,0.100000000049,0.100000000020,0.100000000062,0.100000000039,0.100000000024,0.099999999984,0.099999999890,0.100000000059,0.099999999927
0.099999999846,0.100000000142,0.100000000058,0.100000000182,0.100000000112,0.100000000070,0.099999999952,0.099999999679,0.100000000173,0.099999999786
0.099999999883,0.100000000107,0.100000000044,0.100000000137,0.100000000085,0.100000000053,0.099999999964,0.099999999757,0.100000000131,0.099999999838
0.099999999866,0.100000000124,0.100000000050,0.100000000158,0.100000000098,0.100000000061,0.099999999958,0.099999999720,0.100000000151,0.099999999813
0.100000000160,0.099999999852,0.099999999940,0.099999999811,0.099999999883,0.099999999927,0.100000000049,0.100000000335,0.099999999820,0.100000000223
0.099999999994,0.100000000005,0.100000000002,0.100000000007,0.100000000004,0.100000000003,0.099999999998,0.099999999988,0.100000000006,0.099999999992
0.100000000187,0.099999999827,0.099999999930,0.099999999780,0.099999999863,0.099999999915,0.100000000058,0.100000000391,0.099999999790,0.100000000260
0.100000000175,0.099999999838,0.099999999934,0.099999999794,0.099999999872,0.099999999920,0.100000000054,0.100000000366,0.099999999803,0.100000000244
0.100000000009,0.099999999991,0.099999999997,0.099999999989,0.099999999993,0.099999999996,0.100000000003,0.100000000020,0.099999999990,0.100000000013
0.100000000138,0.099999999872,0.099999999948,0.099999999837,0.099999999899,0.099999999937,0.100000000043,0.100000000289,0.099999999845,0.100000000192
0.099999999971,0.100000000027,0.100000000011,0.100000000034,0.100000000021,0.100000000013,0.099999999991,0.099999999939,0.100000000032,0.099999999960
0.100000000120,0.099999999890,0.099999999955,0.099999999859,0.099999999912,0.099999999945,0.100000000037,0.100000000250,0.099999999866,0.100000000166
0.100000000159,0.099999999853,0.099999999940,0.099999999813,0.099999999884,0.099999999927,0.100000000049,0.100000000332,0.099999999821,0.100000000221
0.099999999877,0.100000000114,0.100000000046,0.100000000145,0.100000000090,0.100000000056,0.099999999962,0.099999999742,0.100000000139,0.099999999828
0.100000000083,0.099999999923,0.099999999969,0.099999999902,0.099999999939,0.099999999962,0.100000000026,0.100000000173,0.099999999907,0.100000000115
0.100000000204,0.099999999812,0.099999999923,0.099999999760,0.099999999851,0.099999999907,0.100000000063,0.100000000426,0.099999999771,0.100000000284
0.100000000082,0.099999999924,0.099999999969,0.099999999904,0.099999999940,0.099999999963,0.100000000025,0.100000000171,0.099999999908,0.100000000114
0.100000000121,0.099999999888,0.099999999955,0.099999999858,0.099999999911,0.099999999945,0.100000000037,0.100000000253,0.099999999864,0.100000000168
0.100000000235,0.099999999783,0.099999999912,0.099999999724,0.099999999828,0.099999999893,0.100000000072,0.100000000490,0.099999999737,0.100000000326
0.100000000068,0.099999999937,0.099999999975,0.099999999920,0.099999999950,0.099999999969,0.100000000021,0.100000000141,0.099999999924,0.100000000094
0.099999999928,0.100000000067,0.100000000027,0.100000000085,0.100000000053,0.100000000033,0.099999999978,0.099999999849,0.100000000081,0.099999999900
0.100000000098,0.099999999909,0.099999999963,0.099999999884,0.099999999928,0.099999999955,0.100000000030,0.100000000205,0.099999999890,0.100000000137
0.100000000013,0.099999999988,0.099999999995,0.099999999984,0.099999999990,0.099999999994,0.100000000004,0.100000000028,0.099999999985,0.100000000019
0.100000000113,0.099999999896,0.099999999958,0.099999999867,0.099999999918,0.099999999948,0.100000000035,0.100000000235,0.099999999873,0.100000000157
0.100000000143,0.099999999868,0.099999999946,0.099999999832,0.099999999896,0.099999999935,0.100000000044,0.100000000298,0.099999999840,0.100000000199
0.100000000158,0.099999999854,0.099999999941,0.099999999814,0.099999999885,0.099999999928,0.100000000049,0.100000000329,0.099999999823,0.100000000219
0.099999999969,0.100000000028,0.100000000012,0.100000000036,0.100000000022,0.100000000014,0.099999999990,0.099999999936,0.100000000035,0.099999999957
0.099999999870,0.100000000119,0.100000000049,0.100000000153,0.100000000094,0.100000000059,0.099999999960,0.099999999730,0.100000000146,0.099999999820
0.099999999943,0.100000000053,0.100000000022,0.100000000067,0.100000000042,0.100000000026,0.099999999983,0.099999999880,0.100000000064,0.099999999920
0.100000000027,0.099999999975,0.099999999990,0.099999999968,0.099999999980,0.099999999988,0.100000000009,0.100000000057,0.099999999969,0.100000000038
0.099999999924,0.100000000071,0.100000000029,0.100000000090,0.100000000056,0.100000000035,0.099999999977,0.099999999841,0.100000000086,0.099999999894
0.099999999946,0.100000000050,0.100000000020,0.100000000063,0.100000000040,0.100000000025,0.099999999984,0.099999999887,0.100000000060,0.099999999925
0.100000000048,0.099999999956,0.099999999982,0.099999999944,0.099999999965,0.099999999978,0.100000000015,0.100000000100,0.099999999946,0.100000000067
0.099999999924,0.100000000070,0.100000000029,0.100000000089,0.100000000056,0.100000000035,0.099999999977,0.099999999841,0.100000000085,0.099999999894
0.099999999937,0.100000000058,0.100000000024,0.100000000074,0.100000000046,0.100000000029,0.099999999981,0.099999999869,0.100000000070,0.099999999913
0.099999999952,0.100000000044,0.100000000018,0.100000000056,0.100000000035,0.100000000022,0.099999999985,0.099999999901,0.100000000053,0.099999999934
0.099999999963,0.100000000035,0.100000000014,0.100000000044,0.100000000027,0.100000000017,0.099999999989,0.099999999922,0.100000000042,0.099999999948
0.099999999998,0.100000000002,0.100000000001,0.100000000002,0.100000000001,0.100000000001,0.100000000000,0.099999999996,0.100000000002,0.099999999998
0.099999999995,0.100000000006,0.100000000002,0.100000000006,0.100000000005,0.100000000002,0.099999999999,0.099999999988,0.100000000006,0.099999999992
0.099999999969,0.100000000030,0.100000000012,0.100000000036,0.100000000024,0.100000000014,0.099999999991,0.099999999934,0.100000000034,0.099999999956
0.099999999972,0.100000000026,0.100000000010,0.100000000033,0.100000000020,0.100000000013,0.099999999992,0.099999999942,0.100000000031,0.099999999961
0.099999999993,0.100000000006,0.100000000003,0.100000000008,0.100000000005,0.100000000003,0.099999999998,0.099999999986,0.100000000007,0.099999999991
0.099999999972,0.100000000026,0.100000000011,0.100000000033,0.100000000021,0.100000000013,0.099999999991,0.099999999941,0.100000000032,0.099999999960
0.099999999987,0.100000000012,0.100000000005,0.100000000015,0.100000000010,0.100000000006,0.099999999996,0.099999999973,0.100000000014,0.099999999982
0.099999999982,0.100000000017,0.100000000007,0.100000000021,0.100000000014,0.100000000008,0.099999999995,0.099999999962,0.100000000020,0.099999999975
0.099999999907,0.100000000086,0.100000000035,0.100000000110,0.100000000068,0.100000000043,0.099999999971,0.099999999805,0.100000000105,0.099999999870
0.099999999675,0.100000000307,0.100000000123,0.100000000379,0.100000000244,0.100000000148,0.099999999904,0.099999999313,0.100000000361,0.099999999547
0.099999999993,0.100000000007,0.100000000003,0.100000000008,0.100000000006,0.100000000003,0.099999999998,0.099999999984,0.100000000008,0.099999999990
0.099999999980,0.100000000019,0.100000000008,0.100000000024,0.100000000015,0.100000000009,0.099999999994,0.099999999957,0.100000000023,0.099999999972
0.099999999995,0.100000000005,0.100000000002,0.100000000005,0.100000000004,0.100000000002,0.099999999999,0.099999999990,0.100000000005,0.099999999993
0.099999999962,0.100000000035,0.100000000014,0.100000000044,0.100000000028,0.100000000017,0.099999999989,0.099999999921,0.100000000042,0.099999999948
0.099999999974,0.100000000024,0.100000000010,0.100000000030,0.100000000019,0.100000000012,0.099999999992,0.099999999946,0.100000000029,0.099999999964
0.099999999987,0.100000000012,0.100000000005,0.100000000015,0.100000000010,0.100000000006,0.099999999996,0.099999999973,0.100000000014,0.099999999982
0.099999999965,0.100000000032,0.100000000013,0.100000000041,0.100000000026,0.100000000016,0.099999999989,0.099999999927,0.100000000039,0.099999999951
0.099999999979,0.100000000019,0.100000000008,0.100000000024,0.100000000015,0.100000000009,0.099999999994,0.099999999957,0.100000000023,0.099999999971
0.099999999675,0.100000000307,0.100000000123,0.100000000379,0.100000000244,0.100000000148,0.099999999904,0.099999999313,0.100000000361,0.099999999547
0.099999999955,0.100000000042,0.100000000017,0.100000000053,0.100000000033,0.100000000020,0.099999999987,0.099999999906,0.100000000050,0.099999999938
0.099999999912,0.100000000082,0.100000000033,0.100000000104,0.100000000065,0.100000000040,0.099999999973,0.099999999815,0.100000000099,0.099999999877
0.099999999935,0.100000000060,0.100000000024,0.100000000076,0.100000000047,0.100000000030,0.099999999980,0.099999999865,0.100000000073,0.099999999910
0.099999999994,0.100000000006,0.100000000002,0.100000000007,0.100000000005,0.100000000003,0.099999999998,0.099999999986,0.100000000007,0.099999999991
0.099999999976,0.100000000023,0.100000000009,0.100000000027,0.100000000018,0.100000000011,0.099999999993,0.099999999949,0.100000000026,0.099999999967
0.099999999938,0.100000000058,0.100000000023,0.100000000073,0.100000000046,0.100000000028,0.099999999981,0.099999999870,0.100000000069,0.099999999914
0.100000000009,0.099999999993,0.099999999997,0.099999999990,0.099999999994,0.099999999996,0.100000000003,0.100000000017,0.099999999990,0.100000000012
0.100000000001,0.099999999999,0.100000000000,0.099999999998,0.099999999999,0.099999999999,0.100000000000,0.100000000003,0.099999999998,0.100000000002
0.099999999954,0.100000000042,0.100000000017,0.100000000053,0.100000000034,0.100000000021,0.099999999986,0.099999999904,0.100000000051,0.099999999937
0.100000000190,0.099999999825,0.099999999928,0.099999999776,0.099999999861,0.099999999913,0.100000000059,0.100000000397,0.099999999786,0.100000000264
0.100000000106,0.099999999902,0.099999999960,0.099999999876,0.099999999923,0.099999999952,0.100000000033,0.100000000221,0.099999999881,0.100000000147
0.099999999861,0.100000000128,0.100000000052,0.100000000164,0.100000000101,0.100000000063,0.099999999957,0.099999999710,0.100000000156,0.099999999807
0.100000000059,0.099999999946,0.099999999978,0.099999999931,0.099999999957,0.099999999973,0.100000000018,0.100000000123,0.099999999934,0.100000000082
0.100000000138,0.099999999873,0.099999999948,0.099999999838,0.099999999899,0.099999999937,0.100000000043,0.100000000288,0.099999999845,0.100000000192
0.100000000084,0.099999999922,0.099999999968,0.099999999901,0.099999999938,0.099999999961,0.100000000026,0.100000000176,0.099999999905,0.100000000117
0.099999999929,0.100000000065,0.100000000027,0.100000000083,0.100000000051,0.100000000032,0.099999999978,0.099999999853,0.100000000079,0.099999999902
0.100000000058,0.099999999946,0.099999999978,0.099999999932,0.099999999958,0.099999999973,0.100000000018,0.100000000121,0.099999999935,0.100000000081
0.100000000131,0.099999999879,0.099999999951,0.099999999846,0.099999999904,0.099999999940,0.100000000040,0.100000000274,0.099999999853,0.100000000182
0.100000000153,0.099999999859,0.099999999942,0.099999999820,0.099999999888,0.099999999930,0.100000000047,0.100000000319,0.099999999828,0.100000000213
0.099999999884,0.100000000106,0.100000000043,0.100000000136,0.100000000084,0.100000000053,0.099999999964,0.099999999759,0.100000000130,0.099999999839
0.100000000093,0.099999999914,0.099999999965,0.099999999890,0.099999999932,0.099999999957,0.100000000029,0.100000000195,0.099999999895,0.100000000130
0.099999999810,0.100000000175,0.100000000071,0.100000000224,0.100000000139,0.100000000087,0.099999999941,0.099999999603,0.100000000214,0.099999999735
0.100000000172,0.099999999841,0.099999999935,0.099999999798,0.099999999874,0.099999999921,0.100000000053,0.100000000359,0.099999999807,0.100000000239
0.099999999675,0.100000000307,0.100000000123,0.100000000379,0.100000000244,0.100000000148,0.099999999904,0.099999999313,0.100000000361,0.099999999547
0.100000000069,0.099999999937,0.099999999974,0.099999999919,0.099999999950,0.099999999969,0.100000000021,0.100000000143,0.099999999923,0.100000000095
0.100000000138,0.099999999873,0.099999999948,0.099999999838,0.099999999899,0.099999999937,0.100000000043,0.100000000288,0.099999999845,0.100000000192
0.100000000056,0.099999999948,0.099999999979,0.099999999934,0.099999999959,0.099999999974,0.100000000017,0.100000000117,0.099999999937,0.100000000078
0.100000000101,0.099999999907,0.099999999962,0.099999999881,0.099999999926,0.099999999954,0.100000000031,0.100000000211,0.099999999886,0.100000000141
0.099999999823,0.100000000162,0.100000000066,0.100000000208,0.100000000129,0.100000000081,0.099999999945,0.099999999632,0.100000000199,0.099999999754
0.100000000050,0.099999999953,0.099999999981,0.099999999941,0.099999999963,0.099999999977,0.100000000015,0.100000000106,0.099999999943,0.100000000070
0.099999999879,0.100000000111,0.100000000046,0.100000000143,0.100000000088,0.100000000055,0.099999999962,0.099999999747,0.100000000136,0.099999999831
0.099999999863,0.100000000126,0.100000000051,0.100000000161,0.100000000100,0.100000000062,0.099999999958,0.099999999715,0.100000000154,0.099999999810
0.100000000207,0.099999999809,0.099999999922,0.099999999756,0.099999999848,0.099999999905,0.100000000064,0.100000000433,0.099999999767,0.100000000288
0.100000000183,0.099999999831,0.099999999931,0.099999999785,0.099999999866,0.099999999916,0.100000000057,0.100000000382,0.099999999794,0.100000000255
0.100000000077,0.099999999929,0.099999999971,0.099999999910,0.099999999944,0.099999999965,0.100000000024,0.100000000160,0.099999999914,0.100000000107
0.099999999974,0.100000000024,0.100000000010,0.100000000030,0.100000000019,0.100000000012,0.099999999992,0.099999999946,0.100000000029,0.099999999964
0.100000000160,0.099999999852,0.099999999940,0.099999999812,0.099999999883,0.099999999927,0.100000000049,0.100000000334,0.099999999820,0.100000000223
0.099999999869,0.100000000121,0.100000000049,0.100000000155,0.100000000096,0.100000000060,0.099999999959,0.099999999726,0.100000000148,0.099999999817
0.099999999795,0.100000000189,0.100000000077,0.100000000241,0.100000000149,0.100000000093,0.099999999937,0.099999999574,0.100000000230,0.099999999716
0.100000000137,0.099999999874,0.099999999949,0.099999999839,0.099999999900,0.099999999938,0.100000000042,0.100000000285,0.099999999847,0.100000000190
0.100000000184,0.099999999831,0.099999999931,0.099999999784,0.099999999866,0.099999999916,0.100000000057,0.100000000383,0.099999999794,0.100000000255
0.099999999873,0.100000000116,0.100000000048,0.100000000149,0.100000000092,0.100000000058,0.099999999961,0.099999999737,0.100000000142,0.099999999824
0.100000000181,0.099999999833,0.099999999932,0.099999999787,0.099999999867,0.099999999917,0.100000000056,0.100000000378,0.099999999797,0.100000000252
0.100000000164,0.099999999849,0.099999999938,0.099999999807,0.099999999880,0.099999999925,0.100000000051,0.100000000342,0.099999999816,0.100000000228
0.100000000019,0.099999999982,0.099999999993,0.099999999978,0.099999999986,0.099999999991,0.100000000006,0.100000000039,0.099999999979,0.100000000026
0.099999999826,0.100000000160,0.100000000065,0.100000000205,0.100000000127,0.100000000079,0.099999999946,0.099999999638,0.100000000196,0.099999999758
0.100000000123,0.099999999887,0.099999999954,0.099999999855,0.099999999910,0.099999999944,0.100000000038,0.100000000256,0.099999999862,0.100000000171
0.100000000208,0.099999999808,0.099999999922,0.099999999756,0.099999999848,0.099999999905,0.100000000064,0.100000000434,0.099999999767,0.100000000289
0.100000000015,0.099999999986,0.099999999994,0.099999999982,0.099999999988,0.099999999993,0.100000000005,0.100000000032,0.099999999983,0.100000000021
0.100000000069,0.099999999936,0.099999999974,0.099999999919,0.099999999950,0.099999999969,0.100000000021,0.100000000144,0.099999999923,0.100000000095
0.100000000163,0.099999999850,0.099999999939,0.099999999809,0.099999999881,0.099999999926,0.100000000050,0.100000000340,0.099999999817,0.100000000226
0.100000000135,0.099999999875,0.099999999949,0.099999999841,0.099999999901,0.099999999938,0.100000000042,0.100000000282,0.099999999848,0.100000000188
0.100000000138,0.099999999872,0.099999999948,0.099999999837,0.099999999899,0.099999999937,0.100000000043,0.100000000288,0.099999999845,0.100000000192
0.099999999965,0.100000000033,0.100000000013,0.100000000042,0.100000000026,0.100000000016,0.099999999989,0.099999999926,0.100000000040,0.099999999951
0.100000000150,0.099999999862,0.099999999944,0.099999999824,0.099999999890,0.099999999932,0.100000000046,0.100000000313,0.099999999832,0.100000000208
0.100000000116,0.099999999893,0.099999999957,0.099999999864,0.099999999915,0.099999999947,0.100000000036,0.100000000242,0.099999999870,0.100000000161
0.100000000178,0.099999999836,0.099999999933,0.099999999791,0.099999999870,0.099999999919,0.100000000055,0.100000000371,0.099999999800,0.100000000247
0.099999999835,0.100000000152,0.100000000062,0.100000000195,0.100000000120,0.100000000075,0.099999999949,0.099999999656,0.100000000186,0.099999999770
0.100000000185,0.099999999829,0.099999999930,0.099999999782,0.099999999865,0.099999999915,0.100000000057,0.100000000386,0.099999999792,0.100000000257
0.099999999795,0.100000000189,0.100000000077,0.100000000242,0.100000000149,0.100000000094,0.099999999936,0.099999999572,0.100000000231,0.099999999715
0.099999999854,0.100000000134,0.100000000055,0.100000000172,0.100000000106,0.100000000067,0.099999999955,0.099999999696,0.100000000164,0.099999999797
0.100000000150,0.099999999862,0.099999999944,0.099999999823,0.099999999890,0.099999999931,0.100000000046,0.100000000313,0.099999999831,0.100000000208
0.100000000125,0.099999999885,0.099999999953,0.099999999853,0.099999999909,0.099999999943,0.100000000039,0.100000000260,0.099999999860,0.100000000173
0.099999999855,0.100000000133,0.100000000054,0.100000000171,0.100000000106,0.100000000066,0.099999999955,0.099999999698,0.100000000163,0.099999999799
0.100000000214,0.099999999802,0.099999999919,0.099999999748,0.099999999843,0.099999999902,0.100000000066,0.100000000447,0.099999999760,0.100000000298
0.100000000007,0.099999999994,0.099999999998,0.099999999992,0.099999999995,0.099999999997,0.100000000002,0.100000000014,0.099999999993,0.100000000009
0.100000000218,0.099999999798,0.099999999918,0.099999999743,0.099999999840,0.099999999900,0.100000000067,0.100000000456,0.099999999755,0.100000000304
0.099999999844,0.100000000144,0.100000000059,0.100000000184,0.100000000114,0.100000000072,0.099999999951,0.099999999674,0.100000000176,0.099999999782
0.100000000217,0.099999999800,0.099999999918,0.099999999744,0.099999999841,0.099999999901,0.100000000067,0.100000000453,0.099999999756,0.100000000302
0.100000000224,0.099999999794,0.099999999916,0.099999999737,0.099999999836,0.099999999898,0.100000000069,0.100000000467,0.099999999749,0.100000000311
0.100000000175,0.099999999838,0.099999999934,0.099999999794,0.099999999872,0.099999999920,0.100000000054,0.100000000366,0.099999999803,0.100000000244
0.100000000247,0.099999999772,0.099999999907,0.099999999709,0.099999999819,0.099999999887,0.100000000076,0.100000000516,0.099999999722,0.100000000344
0.100000000197,0.099999999819,0.099999999926,0.099999999769,0.099999999856,0.099999999910,0.100000000061,0.100000000410,0.099999999779,0.100000000273
0.099999999896,0.100000000096,0.100000000039,0.100000000122,0.100000000076,0.100000000047,0.099999999968,0.099999999784,0.100000000117,0.099999999856
0.100000000217,0.099999999799,0.099999999918,0.099999999745,0.099999999841,0.099999999901,0.100000000067,0.100000000453,0.099999999756,0.100000000302
0.100000000087,0.099999999920,0.099999999967,0.099999999898,0.099999999937,0.099999999961,0.100000000027,0.100000000181,0.099999999903,0.100000000120
0.100000000033,0.099999999970,0.099999999988,0.099999999961,0.099999999976,0.099999999985,0.100000000010,0.100000000069,0.099999999963,0.100000000046
0.099999999930,0.100000000064,0.100000000026,0.100000000082,0.100000000051,0.100000000032,0.099999999978,0.099999999855,0.100000000078,0.099999999903
0.099999999961,0.100000000036,0.100000000015,0.100000000045,0.100000000029,0.100000000018,0.099999999989,0.099999999918,0.100000000043,0.099999999946
0.100000000144,0.099999999868,0.099999999946,0.099999999831,0.099999999895,0.099999999934,0.100000000045,0.100000000299,0.099999999839,0.100000000200
0.100000000145,0.099999999866,0.099999999945,0.099999999829,0.099999999894,0.099999999934,0.100000000045,0.100000000303,0.099999999837,0.100000000202
0.100000000084,0.099999999922,0.099999999968,0.099999999901,0.099999999939,0.099999999962,0.100000000026,0.100000000175,0.099999999906,0.100000000117
0.100000000007,0.099999999994,0.099999999997,0.099999999992,0.099999999995,0.099999999997,0.100000000002,0.100000000014,0.099999999993,0.100000000009
0.100000000125,0.099999999885,0.099999999953,0.099999999852,0.099999999909,0.099999999943,0.100000000039,0.100000000261,0.099999999859,0.100000000174
0.099999999888,0.100000000103,0.100000000042,0.100000000132,0.100000000082,0.100000000051,0.099999999965,0.099999999766,0.100000000126,0.099999999844
0.100000000160,0.099999999853,0.099999999940,0.099999999812,0.099999999883,0.099999999927,0.100000000049,0.100000000333,0.099999999821,0.100000000222
0.100000000140,0.099999999871,0.099999999947,0.099999999835,0.099999999898,0.099999999936,0.100000000044,0.100000000293,0.099999999842,0.100000000195
0.100000000203,0.099999999813,0.099999999924,0.099999999762,0.099999999852,0.099999999907,0.100000000063,0.100000000423,0.099999999772,0.100000000282
0.099999999861,0.100000000128,0.100000000052,0.100000000163,0.100000000101,0.100000000063,0.099999999957,0.099999999711,0.100000000156,0.099999999807
0.100000000042,0.099999999961,0.099999999984,0.099999999951,0.099999999969,0.099999999981,0.100000000013,0.100000000088,0.099999999953,0.100000000058
0.100000000111,0.099999999898,0.099999999958,0.099999999870,0.099999999919,0.099999999949,0.100000000034,0.100000000231,0.099999999876,0.100000000154
0.100000000185,0.099999999830,0.099999999931,0.099999999783,0.099999999865,0.099999999916,0.100000000057,0.100000000385,0.099999999793,0.100000000257
0.100000000018,0.099999999983,0.099999999993,0.099999999978,0.099999999986,0.099999999992,0.100000000006,0.100000000039,0.099999999980,0.100000000026
0.100000000136,0.099999999875,0.099999999949,0.099999999840,0.099999999900,0.099999999938,0.100000000042,0.100000000284,0.099999999847,0.100000000189
0.100000000162,0.099999999851,0.099999999939,0.099999999810,0.099999999882,0.099999999926,0.100000000050,0.100000000337,0.099999999818,0.100000000225
0.100000000095,0.099999999912,0.099999999964,0.099999999888,0.099999999931,0.099999999956,0.100000000030,0.100000000198,0.099999999893,0.100000000132
0.100000000161,0.099999999852,0.099999999939,0.099999999810,0.099999999882,0.099999999926,0.100000000050,0.100000000336,0.099999999819,0.100000000224
0.100000000108,0.099999999900,0.099999999959,0.099999999873,0.099999999921,0.099999999951,0.100000000033,0.100000000226,0.099999999878,0.100000000150
0.100000000003,0.099999999997,0.099999999999,0.099999999997,0.099999999998,0.099999999999,0.100000000001,0.100000000006,0.099999999997,0.100000000004
0.100000000084,0.099999999923,0.099999999969,0.099999999902,0.099999999939,0.099999999962,0.100000000026,0.100000000175,0.099999999906,0.100000000116
0.100000000136,0.099999999875,0.099999999949,0.099999999840,0.099999999901,0.099999999938,0.100000000042,0.100000000284,0.099999999847,0.100000000189
0.100000000174,0.099999999840,0.099999999935,0.099999999796,0.099999999873,0.099999999921,0.100000000054,0.100000000362,0.099999999805,0.100000000241
0.099999999991,0.100000000008,0.100000000003,0.100000000010,0.100000000007,0.100000000004,0.099999999998,0.099999999981,0.100000000010,0.099999999988
0.099999999965,0.100000000033,0.100000000013,0.100000000040,0.100000000026,0.100000000016,0.099999999990,0.099999999927,0.100000000038,0.099999999952
0.099999999962,0.100000000036,0.100000000014,0.100000000044,0.100000000029,0.100000000017,0.099999999989,0.099999999919,0.100000000042,0.099999999947
0.099999999992,0.100000000008,0.100000000003,0.100000000010,0.100000000006,0.100000000004,0.099999999998,0.099999999982,0.100000000009,0.099999999988
0.099999999675,0.100000000307,0.100000000123,0.100000000379,0.100000000244,0.100000000148,0.099999999904,0.099999999313,0.100000000361,0.099999999547
0.100000000013,0.099999999988,0.099999999995,0.099999999985,0.099999999991,0.099999999994,0.100000000004,0.100000000026,0.099999999985,0.100000000018
0.099999999966,0.100000000032,0.100000000013,0.100000000039,0.100000000026,0.100000000015,0.099999999990,0.099999999928,0.100000000038,0.099999999953
0.099999999968,0.100000000030,0.100000000012,0.100000000037,0.100000000024,0.100000000015,0.099999999991,0.099999999932,0.100000000035,0.099999999955
0.099999999982,0.100000000017,0.100000000007,0.100000000020,0.100000000014,0.100000000008,0.099999999995,0.099999999962,0.100000000019,0.099999999976
0.099999999962,0.100000000035,0.100000000014,0.100000000044,0.100000000028,0.100000000017,0.099999999989,0.099999999920,0.100000000042,0.099999999947
0.099999999907,0.100000000085,0.100000000035,0.100000000109,0.100000000068,0.100000000042,0.099999999971,0.099999999807,0.100000000104,0.099999999871
0.100000000198,0.099999999818,0.099999999926,0.099999999767,0.099999999856,0.099999999910,0.100000000061,0.100000000412,0.099999999778,0.100000000275
0.100000000119,0.099999999890,0.099999999955,0.099999999861,0.099999999913,0.099999999946,0.100000000037,0.100000000248,0.099999999867,0.100000000165
0.099999999871,0.100000000119,0.100000000048,0.100000000151,0.100000000094,0.100000000059,0.099999999960,0.099999999732,0.100000000144,0.099999999821
0.099999999976,0.100000000023,0.100000000009,0.100000000028,0.100000000019,0.100000000011,0.099999999993,0.099999999948,0.100000000027,0.099999999966
0.099999999959,0.100000000039,0.100000000016,0.100000000048,0.100000000032,0.100000000019,0.099999999988,0.099999999912,0.100000000046,0.099999999942
0.100000000111,0.099999999897,0.099999999958,0.099999999869,0.099999999918,0.099999999949,0.100000000034,0.100000000233,0.099999999875,0.100000000155
0.100000000009,0.099999999991,0.099999999997,0.099999999989,0.099999999993,0.099999999996,0.100000000003,0.100000000019,0.099999999990,0.100000000013
0.099999999777,0.100000000206,0.100000000084,0.100000000263,0.100000000163,0.100000000102,0.099999999931,0.099999999535,0.100000000251,0.099999999690
0.100000000172,0.099999999842,0.099999999935,0.099999999798,0.099999999875,0.099999999922,0.100000000053,0.100000000358,0.099999999807,0.100000000239
0.100000000143,0.099999999867,0.099999999946,0.099999999831,0.099999999895,0.099999999934,0.100000000044,0.100000000300,0.099999999839,0.100000000200
0.099999999866,0.100000000124,0.100000000051,0.100000000158,0.100000000098,0.100000000061,0.099999999958,0.099999999720,0.100000000151,0.099999999813
0.100000000100,0.099999999908,0.099999999962,0.099999999882,0.099999999927,0.099999999954,0.100000000031,0.100000000209,0.099999999888,0.100000000139
0.100000000133,0.099999999878,0.099999999950,0.099999999844,0.099999999903,0.099999999939,0.100000000041,0.100000000277,0.099999999851,0.100000000185
0.100000000203,0.099999999812,0.099999999924,0.099999999761,0.099999999851,0.099999999907,0.100000000063,0.100000000425,0.099999999772,0.100000000283
0.100000000218,0.099999999799,0.099999999918,0.099999999744,0.099999999841,0.099999999901,0.100000000067,0.100000000454,0.099999999755,0.100000000303
0.099999999795,0.100000000189,0.100000000077,0.100000000242,0.100000000150,0.100000000094,0.099999999936,0.099999999572,0.100000000231,0.099999999714
0.100000000243,0.099999999776,0.099999999909,0.099999999714,0.099999999822,0.099999999889,0.100000000075,0.100000000508,0.099999999727,0.100000000338
0.100000000097,0.099999999910,0.099999999964,0.099999999886,0.099999999929,0.099999999956,0.100000000030,0.100000000202,0.099999999891,0.100000000135
0.100000000198,0.099999999818,0.099999999926,0.099999999768,0.099999999855,0.099999999910,0.100000000061,0.100000000412,0.099999999778,0.100000000275
0.100000000122,0.099999999888,0.099999999954,0.099999999857,0.099999999911,0.099999999944,0.100000000038,0.100000000253,0.099999999863,0.100000000169
0.100000000077,0.099999999928,0.099999999971,0.099999999909,0.099999999943,0.099999999965,0.100000000024,0.100000000162,0.099999999913,0.100000000108
0.100000000129,0.099999999881,0.099999999951,0.099999999848,0.099999999906,0.099999999941,0.100000000040,0.100000000269,0.099999999855,0.100000000179
0.100000000148,0.099999999864,0.099999999945,0.099999999826,0.099999999892,0.099999999933,0.100000000046,0.100000000308,0.099999999834,0.100000000205
0.100000000220,0.099999999797,0.099999999917,0.099999999741,0.099999999839,0.099999999900,0.100000000068,0.100000000459,0.099999999753,0.100000000306
0.100000000175,0.099999999839,0.099999999934,0.099999999795,0.099999999872,0.099999999920,0.100000000054,0.100000000365,0.099999999804,0.100000000243
0.100000000154,0.099999999859,0.099999999942,0.099999999819,0.099999999888,0.099999999930,0.100000000048,0.100000000320,0.099999999827,0.100000000214
0.100000000166,0.099999999848,0.099999999938,0.099999999805,0.099999999879,0.099999999924,0.100000000051,0.100000000345,0.099999999814,0.100000000230
0.100000000015,0.099999999987,0.099999999994,0.099999999982,0.099999999989,0.099999999993,0.100000000005,0.100000000030,0.099999999983,0.100000000020
0.100000000142,0.099999999868,0.099999999946,0.099999999833,0.099999999896,0.099999999935,0.100000000044,0.100000000297,0.099999999840,0.100000000198
0.100000000101,0.099999999907,0.099999999962,0.099999999881,0.099999999926,0.099999999954,0.100000000031,0.100000000210,0.099999999886,0.100000000140
0.100000000205,0.099999999811,0.099999999923,0.099999999759,0.099999999851,0.099999999907,0.100000000063,0.100000000427,0.099999999770,0.100000000284
0.100000000178,0.099999999835,0.099999999933,0.099999999790,0.099999999869,0.099999999919,0.100000000055,0.100000000372,0.099999999800,0.100000000248
0.100000000121,0.099999999888,0.099999999954,0.099999999857,0.099999999911,0.099999999945,0.100000000038,0.100000000253,0.099999999863,0.100000000169
0.100000000216,0.099999999801,0.099999999919,0.099999999746,0.099999999842,0.099999999901,0.100000000067,0.100000000451,0.099999999758,0.100000000300
0.100000000155,0.099999999856,0.099999999942,0.099999999817,0.099999999886,0.099999999929,0.100000000048,0.100000000325,0.099999999825,0.100000000216
0.100000000182,0.099999999831,0.099999999931,0.099999999786,0.099999999866,0.099999999917,0.100000000056,0.100000000381,0.099999999795,0.100000000254
0.099999999848,0.100000000140,0.100000000057,0.100000000179,0.100000000111,0.100000000069,0.099999999953,0.099999999683,0.100000000171,0.099999999789
0.100000000203,0.099999999813,0.099999999924,0.099999999761,0.099999999852,0.099999999907,0.100000000063,0.100000000423,0.099999999772,0.100000000282
0.099999999851,0.100000000138,0.100000000056,0.100000000176,0.100000000109,0.100000000068,0.099999999954,0.099999999689,0.100000000168,0.099999999792
0.099999999881,0.100000000109,0.100000000045,0.100000000140,0.100000000086,0.100000000054,0.099999999963,0.099999999753,0.100000000133,0.099999999835
0.100000000208,0.099999999807,0.099999999922,0.099999999755,0.099999999847,0.099999999905,0.100000000064,0.100000000435,0.099999999766,0.100000000290
0.099999999923,0.100000000071,0.100000000029,0.100000000091,0.100000000056,0.100000000035,0.099999999976,0.099999999839,0.100000000087,0.099999999893
0.099999999941,0.100000000054,0.100000000022,0.100000000070,0.100000000043,0.100000000027,0.099999999982,0.099999999877,0.100000000066,0.099999999918
0.100000000136,0.099999999875,0.099999999949,0.099999999840,0.099999999901,0.099999999938,0.100000000042,0.100000000283,0.099999999847,0.100000000189
0.100000000174,0.099999999840,0.099999999934,0.099999999795,0.099999999873,0.099999999920,0.100000000054,0.100000000363,0.099999999804,0.100000000242
0.100000000127,0.099999999883,0.099999999952,0.099999999851,0.099999999907,0.099999999942,0.100000000039,0.100000000264,0.099999999858,0.100000000176
0.100000000205,0.099999999811,0.099999999923,0.099999999759,0.099999999850,0.099999999906,0.100000000064,0.100000000428,0.099999999770,0.100000000285
0.100000000171,0.099999999842,0.099999999936,0.099999999799,0.099999999875,0.099999999922,0.100000000053,0.100000000357,0.099999999808,0.100000000238
0.100000000049,0.099999999955,0.099999999982,0.099999999943,0.099999999964,0.099999999978,0.100000000015,0.100000000102,0.099999999945,0.100000000068
0.100000000193,0.099999999822,0.099999999927,0.099999999773,0.099999999859,0.099999999912,0.100000000060,0.100000000402,0.099999999783,0.100000000268
0.100000000045,0.099999999958,0.099999999983,0.099999999947,0.099999999967,0.099999999979,0.100000000014,0.100000000094,0.099999999949,0.100000000063
0.100000000119,0.099999999890,0.099999999955,0.099999999860,0.099999999913,0.099999999946,0.100000000037,0.100000000248,0.099999999866,0.100000000166
0.100000000144,0.099999999867,0.099999999946,0.099999999830,0.099999999894,0.099999999934,0.100000000045,0.100000000301,0.099999999838,0.100000000201
0.100000000057,0.099999999947,0.099999999978,0.099999999933,0.099999999958,0.099999999974,0.100000000018,0.100000000120,0.099999999936,0.100000000080
0.100000000219,0.099999999798,0.099999999918,0.099999999743,0.099999999840,0.099999999900,0.100000000067,0.100000000456,0.099999999755,0.100000000304
0.100000000066,0.099999999939,0.099999999975,0.099999999922,0.099999999951,0.099999999970,0.100000000020,0.100000000138,0.099999999926,0.100000000092
0.100000000148,0.099999999863,0.099999999944,0.099999999826,0.099999999891,0.099999999932,0.100000000046,0.100000000310,0.099999999834,0.100000000206
0.100000000098,0.099999999909,0.099999999963,0.099999999884,0.099999999928,0.099999999955,0.100000000031,0.100000000205,0.099999999889,0.100000000137
0.100000000117,0.099999999892,0.099999999956,0.099999999863,0.099999999915,0.099999999947,0.100000000036,0.100000000244,0.099999999869,0.100000000162
0.100000000105,0.099999999903,0.099999999961,0.099999999877,0.099999999923,0.099999999952,0.100000000032,0.100000000219,0.099999999882,0.100000000146
0.100000000132,0.099999999878,0.099999999950,0.099999999845,0.099999999904,0.099999999940,0.100000000041,0.100000000275,0.099999999852,0.100000000183
0.100000000075,0.099999999931,0.099999999972,0.099999999912,0.099999999946,0.099999999966,0.100000000023,0.100000000155,0.099999999916,0.100000000104
0.100000000197,0.099999999819,0.099999999926,0.099999999769,0.099999999856,0.099999999910,0.100000000061,0.100000000410,0.099999999779,0.100000000273
0.100000000200,0.099999999816,0.099999999925,0.099999999765,0.099999999854,0.099999999909,0.100000000062,0.100000000417,0.099999999776,0.100000000278
0.100000000079,0.099999999928,0.099999999970,0.099999999907,0.099999999943,0.099999999964,0.100000000024,0.100000000164,0.099999999912,0.100000000109
0.100000000124,0.099999999885,0.099999999953,0.099999999854,0.099999999909,0.099999999943,0.100000000038,0.100000000259,0.099999999860,0.100000000173
0.100000000182,0.099999999832,0.099999999932,0.099999999786,0.099999999867,0.099999999917,0.100000000056,0.100000000380,0.099999999796,0.100000000253
0.100000000108,0.099999999900,0.099999999959,0.099999999872,0.099999999921,0.099999999951,0.100000000034,0.100000000226,0.099999999878,0.100000000150
0.100000000161,0.099999999851,0.099999999939,0.099999999810,0.099999999882,0.099999999926,0.100000000050,0.100000000337,0.099999999819,0.100000000225
0.100000000189,0.099999999826,0.099999999929,0.099999999778,0.099999999862,0.099999999914,0.100000000058,0.100000000394,0.099999999788,0.100000000263
0.100000000154,0.099999999858,0.099999999942,0.099999999819,0.099999999887,0.099999999930,0.100000000048,0.100000000321,0.099999999827,0.100000000214
0.100000000008,0.099999999993,0.099999999997,0.099999999990,0.099999999994,0.099999999996,0.100000000003,0.100000000017,0.099999999991,0.100000000011
0.100000000123,0.099999999887,0.099999999954,0.099999999855,0.099999999910,0.099999999944,0.100000000038,0.100000000256,0.099999999862,0.100000000171
0.100000000098,0.099999999909,0.099999999963,0.099999999884,0.099999999928,0.099999999955,0.100000000030,0.100000000205,0.099999999889,0.100000000137
0.100000000175,0.099999999839,0.099999999934,0.099999999794,0.099999999872,0.099999999920,0.100000000054,0.100000000365,0.099999999804,0.100000000243
0.100000000149,0.099999999862,0.099999999944,0.099999999824,0.099999999891,0.099999999932,0.100000000046,0.100000000312,0.099999999832,0.100000000208
0.100000000132,0.099999999879,0.099999999951,0.099999999845,0.099999999904,0.099999999940,0.100000000041,0.100000000274,0.099999999852,0.100000000183
0.099999999990,0.100000000009,0.100000000004,0.100000000012,0.100000000007,0.100000000005,0.099999999997,0.099999999980,0.100000000011,0.099999999986
0.100000000115,0.099999999894,0.099999999957,0.099999999865,0.099999999916,0.099999999947,0.100000000036,0.100000000239,0.099999999871,0.100000000160
0.100000000199,0.099999999816,0.099999999925,0.099999999766,0.099999999855,0.099999999909,0.100000000062,0.100000000415,0.099999999776,0.100000000277
0.100000000133,0.099999999877,0.099999999950,0.099999999843,0.099999999903,0.099999999939,0.100000000041,0.100000000277,0.099999999850,0.100000000185
0.100000000076,0.099999999929,0.099999999971,0.099999999910,0.099999999944,0.099999999965,0.100000000024,0.100000000160,0.099999999914,0.100000000106
0.100000000029,0.099999999973,0.099999999989,0.099999999966,0.099999999979,0.099999999987,0.100000000009,0.100000000060,0.099999999968,0.100000000040
0.100000000140,0.099999999871,0.099999999947,0.099999999835,0.099999999898,0.099999999936,0.100000000043,0.100000000291,0.099999999843,0.100000000194
0.100000000227,0.099999999791,0.099999999915,0.099999999733,0.099999999834,0.099999999896,0.100000000070,0.100000000473,0.099999999745,0.100000000315
0.100000000141,0.099999999870,0.099999999947,0.099999999834,0.099999999897,0.099999999936,0.100000000044,0.100000000294,0.099999999842,0.100000000196
0.100000000127,0.099999999883,0.099999999952,0.099999999851,0.099999999907,0.099999999942,0.100000000039,0.100000000265,0.099999999858,0.100000000176
0.100000000130,0.099999999880,0.099999999951,0.099999999847,0.099999999904,0.099999999940,0.100000000040,0.100000000272,0.099999999854,0.100000000181
0.100000000125,0.099999999885,0.099999999953,0.099999999853,0.099999999909,0.099999999943,0.100000000039,0.100000000261,0.099999999859,0.100000000174
0.100000000108,0.099999999901,0.099999999959,0.099999999873,0.099999999921,0.099999999951,0.100000000033,0.100000000225,0.099999999879,0.100000000150
0.100000000187,0.099999999827,0.099999999929,0.099999999779,0.099999999863,0.099999999914,0.100000000058,0.100000000391,0.099999999790,0.100000000261
0.100000000102,0.099999999906,0.099999999962,0.099999999880,0.099999999926,0.099999999954,0.100000000031,0.100000000212,0.099999999886,0.100000000142
0.100000000102,0.099999999906,0.099999999962,0.099999999880,0.099999999926,0.099999999953,0.100000000032,0.100000000213,0.099999999885,0.100000000142
0.100000000028,0.099999999974,0.099999999989,0.099999999967,0.099999999979,0.099999999987,0.100000000009,0.100000000059,0.099999999969,0.100000000039
0.100000000036,0.099999999967,0.099999999986,0.099999999957,0.099999999974,0.099999999983,0.100000000011,0.100000000076,0.099999999959,0.100000000051
0.099999999772,0.100000000210,0.100000000086,0.100000000269,0.100000000166,0.100000000104,0.099999999929,0.099999999524,0.100000000257,0.099999999683
0.100000000138,0.099999999873,0.099999999948,0.099999999838,0.099999999899,0.099999999937,0.100000000042,0.100000000288,0.099999999845,0.100000000192
0.100000000170,0.099999999844,0.099999999936,0.099999999801,0.099999999876,0.099999999923,0.100000000052,0.100000000354,0.099999999810,0.100000000236
0.099999999898,0.100000000094,0.100000000038,0.100000000120,0.100000000074,0.100000000047,0.099999999968,0.099999999787,0.100000000115,0.099999999858
0.100000000118,0.099999999891,0.099999999956,0.099999999861,0.099999999914,0.099999999946,0.100000000036,0.100000000246,0.099999999867,0.100000000164
0.100000000182,0.099999999832,0.099999999932,0.099999999786,0.099999999867,0.099999999917,0.100000000056,0.100000000380,0.099999999796,0.100000000253
0.099999999993,0.100000000006,0.100000000003,0.100000000008,0.100000000005,0.100000000003,0.099999999998,0.099999999986,0.100000000008,0.099999999990
0.100000000111,0.099999999898,0.099999999958,0.099999999870,0.099999999919,0.099999999949,0.100000000034,0.100000000231,0.099999999876,0.100000000154
0.100000000177,0.099999999837,0.099999999933,0.099999999792,0.099999999870,0.099999999919,0.100000000055,0.100000000370,0.099999999801,0.100000000246
0.100000000148,0.099999999864,0.099999999944,0.099999999826,0.099999999892,0.099999999932,0.100000000046,0.100000000309,0.099999999834,0.100000000206
0.100000000192,0.099999999823,0.099999999928,0.099999999774,0.099999999859,0.099999999912,0.100000000059,0.100000000401,0.099999999784,0.100000000267
0.100000000149,0.099999999863,0.099999999944,0.099999999825,0.099999999891,0.099999999932,0.100000000046,0.100000000310,0.099999999833,0.100000000207
0.100000000134,0.099999999877,0.099999999950,0.099999999843,0.099999999903,0.099999999939,0.100000000041,0.100000000278,0.099999999850,0.100000000186
0.100000000152,0.099999999860,0.099999999943,0.099999999821,0.099999999889,0.099999999931,0.100000000047,0.100000000317,0.099999999829,0.100000000211
0.100000000113,0.099999999896,0.099999999957,0.099999999866,0.099999999917,0.099999999948,0.100000000035,0.100000000236,0.099999999872,0.100000000158
0.099999999936,0.100000000059,0.100000000024,0.100000000075,0.100000000047,0.100000000029,0.099999999980,0.099999999866,0.100000000072,0.099999999911
0.100000000064,0.099999999941,0.099999999976,0.099999999925,0.099999999954,0.099999999971,0.100000000020,0.100000000133,0.099999999928,0.100000000089
0.100000000143,0.099999999869,0.099999999946,0.099999999832,0.099999999896,0.099999999935,0.100000000044,0.100000000298,0.099999999839,0.100000000198
0.100000000188,0.099999999827,0.099999999929,0.099999999779,0.099999999863,0.099999999914,0.100000000058,0.100000000391,0.099999999789,0.100000000261
0.100000000095,0.099999999913,0.099999999964,0.099999999888,0.099999999931,0.099999999957,0.100000000029,0.100000000198,0.099999999893,0.100000000132
0.100000000182,0.099999999832,0.099999999931,0.099999999785,0.099999999867,0.099999999917,0.100000000056,0.100000000381,0.099999999795,0.100000000254
0.100000000138,0.099999999873,0.099999999948,0.099999999837,0.099999999899,0.099999999937,0.100000000043,0.100000000288,0.099999999845,0.100000000192
0.100000000155,0.099999999857,0.099999999942,0.099999999817,0.099999999886,0.099999999929,0.100000000048,0.100000000324,0.099999999826,0.100000000216
0.100000000192,0.099999999823,0.099999999928,0.099999999774,0.099999999860,0.099999999912,0.100000000060,0.100000000401,0.099999999784,0.100000000267
0.100000000153,0.099999999859,0.099999999942,0.099999999820,0.099999999888,0.099999999930,0.100000000047,0.100000000319,0.099999999828,0.100000000213
0.100000000186,0.099999999828,0.099999999930,0.099999999781,0.099999999864,0.099999999915,0.100000000057,0.100000000388,0.099999999791,0.100000000259
0.100000000195,0.099999999821,0.099999999927,0.099999999771,0.099999999858,0.099999999911,0.100000000060,0.100000000406,0.099999999782,0.100000000271
0.099999999957,0.100000000040,0.100000000016,0.100000000050,0.100000000031,0.100000000019,0.099999999987,0.099999999911,0.100000000048,0.099999999941
0.100000000129,0.099999999881,0.099999999952,0.099999999848,0.099999999906,0.099999999941,0.100000000040,0.100000000269,0.099999999855,0.100000000179
0.100000000145,0.099999999867,0.099999999945,0.099999999829,0.099999999894,0.099999999934,0.100000000045,0.100000000302,0.099999999837,0.100000000201
0.100000000160,0.099999999852,0.099999999940,0.099999999811,0.099999999883,0.099999999927,0.100000000050,0.100000000334,0.099999999820,0.100000000223
0.100000000102,0.099999999906,0.099999999962,0.099999999880,0.099999999925,0.099999999953,0.100000000032,0.100000000213,0.099999999885,0.100000000142
0.100000000146,0.099999999866,0.099999999945,0.099999999829,0.099999999894,0.099999999933,0.100000000045,0.100000000304,0.099999999836,0.100000000202
0.100000000187,0.099999999827,0.099999999930,0.099999999780,0.099999999863,0.099999999915,0.100000000058,0.100000000391,0.099999999790,0.100000000260
0.099999999954,0.100000000043,0.100000000017,0.100000000054,0.100000000034,0.100000000021,0.099999999986,0.099999999904,0.100000000052,0.099999999936
0.100000000049,0.099999999955,0.099999999981,0.099999999942,0.099999999964,0.099999999977,0.100000000015,0.100000000103,0.099999999944,0.100000000069
0.100000000129,0.099999999881,0.099999999951,0.099999999848,0.099999999906,0.099999999941,0.100000000040,0.100000000269,0.099999999855,0.100000000180
0.100000000163,0.099999999850,0.099999999939,0.099999999809,0.099999999881,0.099999999926,0.100000000050,0.100000000339,0.099999999817,0.100000000226
0.100000000255,0.099999999765,0.099999999904,0.099999999700,0.099999999814,0.099999999884,0.100000000079,0.100000000532,0.099999999714,0.100000000354
0.100000000042,0.099999999962,0.099999999984,0.099999999951,0.099999999970,0.099999999981,0.100000000013,0.100000000086,0.099999999953,0.100000000058
0.100000000181,0.099999999834,0.099999999932,0.099999999788,0.099999999868,0.099999999918,0.100000000056,0.100000000377,0.099999999797,0.100000000251
0.100000000192,0.099999999823,0.099999999928,0.099999999774,0.099999999859,0.099999999912,0.100000000059,0.100000000401,0.099999999784,0.100000000267
0.100000000134,0.099999999876,0.099999999950,0.099999999842,0.099999999902,0.099999999939,0.100000000042,0.100000000280,0.099999999849,0.100000000186
0.100000000124,0.099999999886,0.099999999953,0.099999999854,0.099999999909,0.099999999943,0.100000000039,0.100000000259,0.099999999860,0.100000000173
0.100000000157,0.099999999855,0.099999999941,0.099999999816,0.099999999885,0.099999999928,0.100000000048,0.100000000327,0.099999999824,0.100000000218
0.100000000254,0.099999999766,0.099999999904,0.099999999701,0.099999999814,0.099999999884,0.100000000078,0.100000000530,0.099999999715,0.100000000353
0.100000000142,0.099999999870,0.099999999947,0.099999999833,0.099999999897,0.099999999935,0.100000000044,0.100000000295,0.099999999841,0.100000000197
0.100000000227,0.099999999791,0.099999999915,0.099999999733,0.099999999834,0.099999999896,0.100000000070,0.100000000474,0.099999999745,0.100000000316
0.100000000195,0.099999999820,0.099999999927,0.099999999771,0.099999999858,0.099999999911,0.100000000060,0.100000000407,0.099999999781,0.100000000271
0.100000000213,0.099999999803,0.099999999920,0.099999999749,0.099999999844,0.099999999903,0.100000000066,0.100000000445,0.099999999761,0.100000000296
0.100000000230,0.099999999788,0.099999999914,0.099999999730,0.099999999832,0.099999999895,0.100000000071,0.100000000479,0.099999999742,0.100000000319
0.100000000216,0.099999999801,0.099999999919,0.099999999745,0.099999999842,0.099999999901,0.100000000067,0.100000000451,0.099999999757,0.100000000301
0.099999999945,0.100000000051,0.100000000021,0.100000000064,0.100000000040,0.100000000025,0.099999999983,0.099999999886,0.100000000061,0.099999999924
0.100000000175,0.099999999838,0.099999999934,0.099999999794,0.099999999872,0.099999999920,0.100000000054,0.100000000366,0.099999999803,0.100000000244
0.100000000155,0.099999999857,0.099999999942,0.099999999818,0.099999999887,0.099999999929,0.100000000048,0.100000000322,0.099999999826,0.100000000215
0.099999999918,0.100000000075,0.100000000031,0.100000000096,0.100000000060,0.100000000037,0.099999999975,0.099999999830,0.100000000092,0.099999999886
0.099999999951,0.100000000045,0.100000000018,0.100000000057,0.100000000036,0.100000000022,0.099999999985,0.099999999898,0.100000000055,0.099999999932
0.099999999933,0.100000000062,0.100000000025,0.100000000079,0.100000000049,0.100000000031,0.099999999979,0.099999999859,0.100000000076,0.099999999906
0.099999999964,0.100000000034,0.100000000014,0.100000000042,0.100000000027,0.100000000017,0.099999999989,0.099999999924,0.100000000041,0.099999999950
0.099999999930,0.100000000064,0.100000000026,0.100000000082,0.100000000051,0.100000000032,0.099999999979,0.099999999855,0.100000000078,0.099999999903
0.099999999895,0.100000000097,0.100000000040,0.100000000124,0.100000000077,0.100000000048,0.099999999968,0.099999999780,0.100000000118,0.099999999854
0.100000000194,0.099999999821,0.099999999927,0.099999999772,0.099999999858,0.099999999911,0.100000000060,0.100000000405,0.099999999782,0.100000000270
0.100000000097,0.099999999910,0.099999999963,0.099999999885,0.099999999929,0.099999999956,0.100000000030,0.100000000203,0.099999999891,0.100000000135
0.099999999947,0.100000000049,0.100000000020,0.100000000062,0.100000000039,0.100000000024,0.099999999984,0.099999999890,0.100000000059,0.099999999927
0.100000000209,0.099999999807,0.099999999921,0.099999999754,0.099999999847,0.099999999905,0.100000000064,0.100000000436,0.099999999766,0.100000000290
0.099999999867,0.100000000123,0.100000000050,0.100000000157,0.100000000097,0.100000000061,0.099999999959,0.099999999722,0.100000000150,0.099999999815
0.099999999984,0.100000000015,0.100000000006,0.100000000018,0.100000000012,0.100000000007,0.099999999996,0.099999999967,0.100000000017,0.099999999978
0.099999999861,0.100000000128,0.100000000052,0.100000000163,0.100000000101,0.100000000063,0.099999999957,0.099999999711,0.100000000156,0.099999999807
0.100000000184,0.099999999830,0.099999999931,0.099999999783,0.099999999865,0.099999999916,0.100000000057,0.100000000385,0.099999999793,0.100000000257
0.100000000066,0.099999999939,0.099999999975,0.099999999922,0.099999999952,0.099999999970,0.100000000021,0.100000000138,0.099999999925,0.100000000092
0.099999999895,0.100000000097,0.100000000040,0.100000000124,0.100000000077,0.100000000048,0.099999999967,0.099999999780,0.100000000118,0.099999999853
0.100000000148,0.099999999863,0.099999999944,0.099999999825,0.099999999892,0.099999999932,0.100000000046,0.100000000309,0.099999999833,0.100000000206
0.100000000134,0.099999999876,0.099999999949,0.099999999842,0.099999999902,0.099999999939,0.100000000042,0.100000000280,0.099999999849,0.100000000187
0.099999999938,0.100000000057,0.100000000023,0.100000000073,0.100000000045,0.100000000028,0.099999999981,0.099999999871,0.100000000069,0.099999999914
0.100000000152,0.099999999860,0.099999999943,0.099999999821,0.099999999889,0.099999999931,0.100000000047,0.100000000316,0.099999999829,0.100000000211
0.099999999957,0.100000000040,0.100000000016,0.100000000051,0.100000000032,0.100000000020,0.099999999987,0.099999999909,0.100000000048,0.099999999940
0.099999999936,0.100000000059,0.100000000024,0.100000000075,0.100000000047,0.100000000029,0.099999999980,0.099999999866,0.100000000072,0.099999999911
0.100000000139,0.099999999872,0.099999999948,0.099999999836,0.099999999899,0.099999999937,0.100000000043,0.100000000290,0.099999999844,0.100000000193
0.099999999965,0.100000000033,0.100000000013,0.100000000041,0.100000000026,0.100000000016,0.099999999989,0.099999999926,0.100000000040,0.099999999951
0.100000000130,0.099999999881,0.099999999951,0.099999999848,0.099999999906,0.099999999941,0.100000000040,0.100000000270,0.099999999854,0.100000000180
0.100000000131,0.099999999879,0.099999999951,0.099999999846,0.099999999904,0.099999999940,0.100000000041,0.100000000273,0.099999999853,0.100000000182
0.100000000131,0.099999999879,0.099999999951,0.099999999846,0.099999999904,0.099999999940,0.100000000041,0.100000000273,0.099999999853,0.100000000182
0.100000000195,0.099999999820,0.099999999927,0.099999999771,0.099999999858,0.099999999911,0.100000000060,0.100000000406,0.099999999781,0.100000000271
0.099999999981,0.100000000017,0.100000000007,0.100000000022,0.100000000014,0.100000000009,0.099999999994,0.099999999960,0.100000000021,0.099999999974
0.100000000121,0.099999999888,0.099999999954,0.099999999858,0.099999999912,0.099999999945,0.100000000037,0.100000000253,0.099999999864,0.100000000168
0.100000000102,0.099999999906,0.099999999962,0.099999999880,0.099999999925,0.099999999953,0.100000000032,0.100000000213,0.099999999885,0.100000000142
0.100000000213,0.099999999804,0.099999999920,0.099999999750,0.099999999845,0.099999999903,0.100000000066,0.100000000444,0.099999999761,0.100000000296
0.100000000073,0.099999999933,0.099999999973,0.099999999914,0.099999999947,0.099999999967,0.100000000023,0.100000000152,0.099999999918,0.100000000101
0.100000000212,0.099999999805,0.099999999920,0.099999999750,0.099999999845,0.099999999903,0.100000000066,0.100000000442,0.099999999762,0.100000000295
0.100000000207,0.099999999809,0.099999999922,0.099999999757,0.099999999849,0.099999999906,0.100000000064,0.100000000431,0.099999999768,0.100000000287
0.100000000048,0.099999999955,0.099999999982,0.099999999943,0.099999999965,0.099999999978,0.100000000015,0.100000000101,0.099999999945,0.100000000067
0.099999999889,0.100000000102,0.100000000042,0.100000000131,0.100000000081,0.100000000051,0.099999999966,0.099999999769,0.100000000125,0.099999999846
0.099999999957,0.100000000040,0.100000000016,0.100000000050,0.100000000031,0.100000000019,0.099999999987,0.099999999911,0.100000000048,0.099999999941
0.099999999874,0.100000000116,0.100000000047,0.100000000148,0.100000000092,0.100000000058,0.099999999961,0.099999999737,0.100000000141,0.099999999825
0.099999999929,0.100000000066,0.100000000027,0.100000000084,0.100000000052,0.100000000033,0.099999999978,0.099999999851,0.100000000080,0.099999999901
0.099999999954,0.100000000043,0.100000000017,0.100000000054,0.100000000034,0.100000000021,0.099999999986,0.099999999904,0.100000000052,0.099999999936
0.099999999962,0.100000000035,0.100000000014,0.100000000044,0.100000000028,0.100000000017,0.099999999988,0.099999999922,0.100000000042,0.099999999948
0.099999999862,0.100000000127,0.100000000052,0.100000000162,0.100000000100,0.100000000063,0.099999999957,0.099999999713,0.100000000155,0.099999999809
0.099999999907,0.100000000086,0.100000000035,0.100000000109,0.100000000068,0.100000000042,0.099999999971,0.099999999806,0.100000000104,0.099999999871
0.099999999831,0.100000000156,0.100000000064,0.100000000200,0.100000000124,0.100000000077,0.099999999947,0.099999999647,0.100000000190,0.099999999764
0.099999999994,0.100000000005,0.100000000002,0.100000000007,0.100000000004,0.100000000003,0.099999999998,0.099999999988,0.100000000006,0.099999999992
0.099999999839,0.100000000149,0.100000000061,0.100000000190,0.100000000118,0.100000000074,0.099999999950,0.099999999663,0.100000000181,0.099999999776
0.099999999936,0.100000000060,0.100000000024,0.100000000076,0.100000000047,0.100000000029,0.099999999980,0.099999999865,0.100000000072,0.099999999910
0.099999999856,0.100000000133,0.100000000054,0.100000000169,0.100000000105,0.100000000065,0.099999999956,0.099999999700,0.100000000161,0.099999999800
0.099999999850,0.100000000138,0.100000000056,0.100000000176,0.100000000109,0.100000000068,0.099999999954,0.099999999688,0.100000000168,0.099999999792
0.099999999892,0.100000000100,0.100000000040,0.100000000127,0.100000000079,0.100000000049,0.099999999967,0.099999999776,0.100000000121,0.099999999851
0.099999999896,0.100000000096,0.100000000039,0.100000000122,0.100000000076,0.100000000047,0.099999999968,0.099999999784,0.100000000116,0.099999999856
0.099999999894,0.100000000098,0.100000000040,0.100000000124,0.100000000077,0.100000000048,0.099999999967,0.099999999780,0.100000000118,0.099999999853
0.099999999832,0.100000000155,0.100000000063,0.100000000198,0.100000000123,0.100000000077,0.099999999948,0.099999999649,0.100000000189,0.099999999766
0.099999999916,0.100000000078,0.100000000031,0.100000000099,0.100000000061,0.100000000038,0.099999999974,0.099999999825,0.100000000094,0.099999999883
0.099999999862,0.100000000128,0.100000000052,0.100000000163,0.100000000101,0.100000000063,0.099999999957,0.099999999711,0.100000000155,0.099999999808
0.099999999907,0.100000000087,0.100000000035,0.100000000110,0.100000000068,0.100000000043,0.099999999971,0.099999999805,0.100000000105,0.099999999870
0.099999999872,0.100000000118,0.100000000048,0.100000000150,0.100000000093,0.100000000058,0.099999999961,0.099999999734,0.100000000143,0.099999999823
0.099999999911,0.100000000083,0.100000000033,0.100000000105,0.100000000065,0.100000000041,0.099999999973,0.099999999814,0.100000000100,0.099999999876
0.099999999834,0.100000000153,0.100000000062,0.100000000195,0.100000000121,0.100000000076,0.099999999948,0.099999999654,0.100000000186,0.099999999769
0.099999999894,0.100000000099,0.100000000040,0.100000000125,0.100000000078,0.100000000048,0.099999999967,0.099999999778,0.100000000119,0.099999999852
0.099999999863,0.100000000127,0.100000000051,0.100000000161,0.100000000100,0.100000000063,0.099999999958,0.099999999713,0.100000000154,0.099999999809
0.099999999877,0.100000000113,0.100000000046,0.100000000144,0.100000000090,0.100000000056,0.099999999962,0.099999999744,0.100000000138,0.099999999830
0.099999999923,0.100000000072,0.100000000029,0.100000000091,0.100000000057,0.100000000035,0.099999999976,0.099999999839,0.100000000087,0.099999999893
0.099999999853,0.100000000136,0.100000000055,0.100000000174,0.100000000108,0.100000000067,0.099999999954,0.099999999692,0.100000000165,0.099999999795
0.099999999841,0.100000000146,0.100000000060,0.100000000187,0.100000000116,0.100000000073,0.099999999951,0.099999999669,0.100000000178,0.099999999779
0.099999999969,0.100000000029,0.100000000012,0.100000000036,0.100000000023,0.100000000014,0.099999999991,0.099999999935,0.100000000035,0.099999999957
0.099999999817,0.100000000168,0.100000000069,0.100000000215,0.100000000133,0.100000000083,0.099999999943,0.099999999620,0.100000000205,0.099999999746
0.099999999896,0.100000000097,0.100000000039,0.100000000123,0.100000000076,0.100000000048,0.099999999968,0.099999999782,0.100000000117,0.099999999855
0.099999999958,0.100000000039,0.100000000016,0.100000000049,0.100000000031,0.100000000019,0.099999999987,0.099999999913,0.100000000046,0.099999999942
0.099999999945,0.100000000051,0.100000000021,0.100000000064,0.100000000040,0.100000000025,0.099999999983,0.099999999885,0.100000000061,0.099999999924
0.099999999922,0.100000000072,0.100000000029,0.100000000092,0.100000000057,0.100000000036,0.099999999976,0.099999999838,0.100000000087,0.099999999892
0.099999999856,0.100000000133,0.100000000054,0.100000000170,0.100000000105,0.100000000066,0.099999999955,0.099999999699,0.100000000162,0.099999999800
0.099999999930,0.100000000065,0.100000000026,0.100000000082,0.100000000051,0.100000000032,0.099999999978,0.099999999854,0.100000000078,0.099999999903
0.099999999741,0.100000000238,0.100000000097,0.100000000305,0.100000000189,0.100000000118,0.099999999920,0.099999999461,0.100000000291,0.099999999640
0.099999999807,0.100000000177,0.100000000073,0.100000000228,0.100000000141,0.100000000088,0.099999999940,0.099999999598,0.100000000217,0.099999999732
0.099999999940,0.100000000056,0.100000000023,0.100000000070,0.100000000044,0.100000000027,0.099999999982,0.099999999875,0.100000000067,0.099999999917
0.099999999860,0.100000000129,0.100000000053,0.100000000165,0.100000000102,0.100000000064,0.099999999957,0.099999999708,0.100000000157,0.099999999805
0.099999999935,0.100000000060,0.100000000024,0.100000000076,0.100000000047,0.100000000030,0.099999999980,0.099999999865,0.100000000073,0.099999999910
0.099999999981,0.100000000018,0.100000000007,0.100000000023,0.100000000014,0.100000000009,0.099999999994,0.099999999959,0.100000000022,0.099999999973
0.099999999839,0.100000000149,0.100000000061,0.100000000190,0.100000000118,0.100000000074,0.099999999950,0.099999999663,0.100000000181,0.099999999776
0.099999999897,0.100000000094,0.100000000039,0.100000000121,0.100000000075,0.100000000047,0.099999999968,0.099999999786,0.100000000116,0.099999999857
0.100000000069,0.099999999936,0.099999999974,0.099999999918,0.099999999950,0.099999999968,0.100000000022,0.100000000144,0.099999999922,0.100000000096
0.099999999810,0.100000000175,0.100000000071,0.100000000224,0.100000000138,0.100000000087,0.099999999941,0.099999999604,0.100000000214,0.099999999736
0.099999999892,0.100000000100,0.100000000041,0.100000000127,0.100000000079,0.100000000049,0.099999999966,0.099999999774,0.100000000122,0.099999999850
0.100000000177,0.099999999837,0.099999999933,0.099999999792,0.099999999871,0.099999999919,0.100000000055,0.100000000369,0.099999999801,0.100000000246
0.100000000047,0.099999999957,0.099999999982,0.099999999944,0.099999999966,0.099999999978,0.100000000015,0.100000000098,0.099999999947,0.100000000065
0.099999999899,0.100000000094,0.100000000038,0.100000000119,0.100000000074,0.100000000046,0.099999999969,0.099999999789,0.100000000113,0.099999999859
0.099999999700,0.100000000277,0.100000000113,0.100000000354,0.100000000219,0.100000000137,0.099999999907,0.099999999374,0.100000000338,0.099999999583
0.099999999972,0.100000000026,0.100000000011,0.100000000033,0.100000000021,0.100000000013,0.099999999991,0.099999999941,0.100000000032,0.099999999961
0.100000000164,0.099999999848,0.099999999938,0.099999999807,0.099999999880,0.099999999925,0.100000000051,0.100000000343,0.099999999816,0.100000000228
0.099999999824,0.100000000162,0.100000000066,0.100000000207,0.100000000129,0.100000000080,0.099999999945,0.099999999633,0.100000000198,0.099999999755
0.099999999966,0.100000000032,0.100000000013,0.100000000040,0.100000000025,0.100000000016,0.099999999990,0.099999999928,0.100000000038,0.099999999952
0.099999999975,0.100000000023,0.100000000009,0.100000000029,0.100000000018,0.100000000011,0.099999999992,0.099999999948,0.100000000028,0.099999999965
0.099999999968,0.100000000029,0.100000000012,0.100000000037,0.100000000023,0.100000000015,0.099999999990,0.099999999933,0.100000000036,0.099999999956
0.099999999956,0.100000000041,0.100000000017,0.100000000052,0.100000000033,0.100000000020,0.099999999987,0.099999999907,0.100000000049,0.099999999938
0.099999999988,0.100000000012,0.100000000005,0.100000000014,0.100000000010,0.100000000006,0.099999999997,0.099999999974,0.100000000014,0.099999999983
0.099999999964,0.100000000034,0.100000000014,0.100000000042,0.100000000027,0.100000000016,0.099999999989,0.099999999924,0.100000000040,0.099999999950
0.099999999979,0.100000000020,0.100000000008,0.100000000024,0.100000000016,0.100000000009,0.099999999994,0.099999999955,0.100000000023,0.099999999971
0.099999999970,0.100000000028,0.100000000011,0.100000000035,0.100000000023,0.100000000014,0.099999999991,0.099999999936,0.100000000034,0.099999999958
0.100000000208,0.099999999808,0.099999999922,0.099999999755,0.099999999848,0.099999999905,0.100000000064,0.100000000434,0.099999999766,0.100000000289
0.099999999940,0.100000000055,0.100000000022,0.100000000070,0.100000000044,0.100000000027,0.099999999982,0.099999999875,0.100000000066,0.099999999917
0.100000000170,0.099999999843,0.099999999936,0.099999999799,0.099999999876,0.099999999922,0.100000000053,0.100000000355,0.099999999808,0.100000000237
0.100000000161,0.099999999852,0.099999999940,0.099999999811,0.099999999883,0.099999999927,0.100000000050,0.100000000334,0.099999999819,0.100000000223
0.100000000107,0.099999999901,0.099999999960,0.099999999873,0.099999999922,0.099999999951,0.100000000033,0.100000000224,0.099999999879,0.100000000149
0.100000000178,0.099999999836,0.099999999933,0.099999999790,0.099999999870,0.099999999919,0.100000000055,0.100000000372,0.099999999800,0.100000000248
0.099999999936,0.100000000059,0.100000000024,0.100000000075,0.100000000047,0.100000000029,0.099999999980,0.099999999866,0.100000000072,0.099999999911
0.100000000118,0.099999999892,0.099999999956,0.099999999861,0.099999999915,0.099999999946,0.100000000037,0.100000000245,0.099999999868,0.100000000163
0.100000000174,0.099999999840,0.099999999935,0.099999999795,0.099999999873,0.099999999920,0.100000000054,0.100000000363,0.099999999804,0.100000000242
0.100000000142,0.099999999869,0.099999999946,0.099999999832,0.099999999896,0.099999999935,0.100000000044,0.100000000297,0.099999999840,0.100000000198
0.100000000148,0.099999999863,0.099999999944,0.099999999825,0.099999999892,0.099999999932,0.100000000046,0.100000000309,0.099999999833,0.100000000206
0.099999999835,0.100000000152,0.100000000062,0.100000000194,0.100000000120,0.100000000075,0.099999999949,0.099999999656,0.100000000185,0.099999999771
0.100000000164,0.099999999849,0.099999999939,0.099999999808,0.099999999881,0.099999999925,0.100000000051,0.100000000341,0.099999999816,0.100000000227
0.100000000158,0.099999999854,0.099999999940,0.099999999814,0.099999999884,0.099999999928,0.100000000049,0.100000000330,0.099999999822,0.100000000220
0.100000000085,0.099999999922,0.099999999968,0.099999999900,0.099999999938,0.099999999961,0.100000000026,0.100000000176,0.099999999905,0.100000000118
0.100000000104,0.099999999904,0.099999999961,0.099999999878,0.099999999924,0.099999999952,0.100000000032,0.100000000217,0.099999999883,0.100000000145
0.100000000169,0.099999999844,0.099999999937,0.099999999801,0.099999999877,0.099999999923,0.100000000052,0.100000000352,0.099999999810,0.100000000235
0.099999999988,0.100000000011,0.100000000005,0.100000000015,0.100000000009,0.100000000006,0.099999999996,0.099999999974,0.100000000014,0.099999999983
0.100000000112,0.099999999896,0.099999999958,0.099999999868,0.099999999918,0.099999999949,0.100000000035,0.100000000234,0.099999999874,0.100000000156
0.100000000013,0.099999999989,0.099999999995,0.099999999985,0.099999999991,0.099999999994,0.100000000004,0.100000000026,0.099999999986,0.100000000018
0.100000000032,0.099999999971,0.099999999988,0.099999999962,0.099999999977,0.099999999985,0.100000000010,0.100000000067,0.099999999964,0.100000000044
0.100000000201,0.099999999814,0.099999999924,0.099999999763,0.099999999853,0.099999999908,0.100000000062,0.100000000420,0.099999999774,0.100000000280
0.100000000153,0.099999999859,0.099999999943,0.099999999820,0.099999999889,0.099999999930,0.100000000047,0.100000000318,0.099999999829,0.100000000212
0.100000000175,0.099999999839,0.099999999934,0.099999999794,0.099999999872,0.099999999920,0.100000000054,0.100000000365,0.099999999804,0.100000000243
0.099999999963,0.100000000034,0.100000000014,0.100000000044,0.100000000027,0.100000000017,0.099999999988,0.099999999923,0.100000000042,0.099999999948
0.100000000098,0.099999999910,0.099999999963,0.099999999885,0.099999999929,0.099999999955,0.100000000030,0.100000000204,0.099999999890,0.100000000136
0.100000000159,0.099999999853,0.099999999940,0.099999999812,0.099999999883,0.099999999927,0.100000000049,0.100000000333,0.099999999821,0.100000000222
0.100000000097,0.099999999911,0.099999999964,0.099999999886,0.099999999930,0.099999999956,0.100000000030,0.100000000201,0.099999999891,0.100000000134
0.099999999751,0.100000000229,0.100000000093,0.100000000293,0.100000000181,0.100000000114,0.099999999923,0.099999999482,0.100000000280,0.099999999654
0.099999999764,0.100000000217,0.100000000089,0.100000000278,0.100000000172,0.100000000108,0.099999999926,0.099999999508,0.100000000266,0.099999999672
0.100000000172,0.099999999841,0.099999999935,0.099999999798,0.099999999874,0.099999999921,0.100000000053,0.100000000359,0.099999999807,0.100000000239
0.100000000099,0.099999999908,0.099999999963,0.099999999883,0.099999999928,0.099999999955,0.100000000031,0.100000000207,0.099999999888,0.100000000138
0.099999999913,0.100000000080,0.100000000033,0.100000000103,0.100000000064,0.100000000040,0.099999999973,0.099999999818,0.100000000098,0.099999999879
0.099999999819,0.100000000167,0.100000000068,0.100000000214,0.100000000132,0.100000000083,0.099999999944,0.099999999622,0.100000000204,0.099999999748
0.100000000011,0.099999999990,0.099999999996,0.099999999987,0.099999999992,0.099999999995,0.100000000004,0.100000000023,0.099999999987,0.100000000015
0.099999999853,0.100000000135,0.100000000055,0.100000000173,0.100000000107,0.100000000067,0.099999999955,0.099999999694,0.100000000165,0.099999999796
0.099999999849,0.100000000139,0.100000000057,0.100000000178,0.100000000110,0.100000000069,0.099999999953,0.099999999685,0.100000000170,0.099999999790
0.099999999889,0.100000000103,0.100000000042,0.100000000131,0.100000000081,0.100000000051,0.099999999966,0.099999999767,0.100000000125,0.099999999845
0.100000000215,0.099999999802,0.099999999919,0.099999999747,0.099999999843,0.099999999902,0.100000000066,0.100000000448,0.099999999759,0.100000000299
0.099999999845,0.100000000143,0.100000000058,0.100000000183,0.100000000113,0.100000000071,0.099999999952,0.099999999676,0.100000000174,0.099999999784
0.099999999874,0.100000000116,0.100000000047,0.100000000148,0.100000000092,0.100000000058,0.099999999961,0.099999999738,0.100000000141,0.099999999825
0.099999999979,0.100000000020,0.100000000008,0.100000000025,0.100000000016,0.100000000010,0.099999999994,0.099999999956,0.100000000023,0.099999999971
0.099999999831,0.100000000155,0.100000000064,0.100000000199,0.100000000123,0.100000000077,0.099999999948,0.099999999648,0.100000000190,0.099999999765
0.100000000111,0.099999999898,0.099999999958,0.099999999869,0.099999999919,0.099999999949,0.100000000035,0.100000000231,0.099999999875,0.100000000154
0.100000000063,0.099999999942,0.099999999976,0.099999999926,0.099999999954,0.099999999971,0.100000000020,0.100000000131,0.099999999929,0.100000000088
0.100000000040,0.099999999963,0.099999999985,0.099999999952,0.099999999971,0.099999999982,0.100000000013,0.100000000084,0.099999999955,0.100000000056
0.100000000099,0.099999999909,0.099999999963,0.099999999884,0.099999999928,0.099999999955,0.100000000030,0.100000000206,0.099999999889,0.100000000137
0.100000000162,0.099999999851,0.099999999939,0.099999999809,0.099999999882,0.099999999926,0.100000000050,0.100000000338,0.099999999818,0.100000000225
0.100000000134,0.099999999877,0.099999999950,0.099999999843,0.099999999903,0.099999999939,0.100000000041,0.100000000279,0.099999999850,0.100000000186
0.100000000166,0.099999999847,0.099999999938,0.099999999805,0.099999999879,0.099999999924,0.100000000051,0.100000000346,0.099999999814,0.100000000231
0.100000000078,0.099999999928,0.099999999971,0.099999999908,0.099999999943,0.099999999964,0.100000000024,0.100000000162,0.099999999912,0.100000000108
0.100000000005,0.099999999995,0.099999999998,0.099999999994,0.099999999996,0.099999999998,0.100000000002,0.100000000011,0.099999999994,0.100000000007
0.100000000092,0.099999999916,0.099999999966,0.099999999892,0.099999999933,0.099999999958,0.100000000029,0.100000000191,0.099999999897,0.100000000127
0.100000000097,0.099999999911,0.099999999964,0.099999999886,0.099999999929,0.099999999956,0.100000000030,0.100000000202,0.099999999891,0.100000000135
0.100000000131,0.099999999879,0.099999999951,0.099999999846,0.099999999904,0.099999999940,0.100000000041,0.100000000273,0.099999999853,0.100000000182
0.100000000181,0.099999999833,0.099999999932,0.099999999787,0.099999999868,0.099999999918,0.100000000056,0.100000000377,0.099999999797,0.100000000251
0.099999999762,0.100000000219,0.100000000089,0.100000000280,0.100000000173,0.100000000109,0.099999999926,0.099999999504,0.100000000268,0.099999999669
0.100000000067,0.099999999938,0.099999999975,0.099999999921,0.099999999951,0.099999999969,0.100000000021,0.100000000140,0.099999999925,0.100000000093
0.100000000101,0.099999999906,0.099999999962,0.099999999881,0.099999999926,0.099999999954,0.100000000031,0.100000000212,0.099999999886,0.100000000141
0.100000000138,0.099999999873,0.099999999948,0.099999999838,0.099999999899,0.099999999937,0.100000000043,0.100000000288,0.099999999845,0.100000000192
0.100000000136,0.099999999875,0.099999999949,0.099999999840,0.099999999901,0.099999999938,0.100000000042,0.100000000283,0.099999999848,0.100000000189
0.100000000194,0.099999999821,0.099999999927,0.099999999772,0.099999999859,0.099999999911,0.100000000060,0.100000000404,0.099999999782,0.100000000269
0.100000000081,0.099999999926,0.099999999970,0.099999999904,0.099999999941,0.099999999963,0.100000000025,0.100000000169,0.099999999909,0.100000000113
0.100000000177,0.099999999837,0.099999999933,0.099999999792,0.099999999870,0.099999999919,0.100000000055,0.100000000370,0.099999999801,0.100000000246
0.100000000145,0.099999999866,0.099999999945,0.099999999829,0.099999999894,0.099999999934,0.100000000045,0.100000000303,0.099999999837,0.100000000202
0.100000000077,0.099999999929,0.099999999971,0.099999999909,0.099999999944,0.099999999965,0.100000000024,0.100000000160,0.099999999913,0.100000000107
0.100000000140,0.099999999871,0.099999999947,0.099999999835,0.099999999898,0.099999999936,0.100000000043,0.100000000292,0.099999999843,0.100000000194
0.100000000113,0.099999999896,0.099999999958,0.099999999867,0.099999999918,0.099999999949,0.100000000035,0.100000000235,0.099999999873,0.100000000157
0.100000000118,0.099999999891,0.099999999956,0.099999999861,0.099999999914,0.099999999946,0.100000000036,0.100000000246,0.099999999868,0.100000000164
0.100000000203,0.099999999813,0.099999999924,0.099999999761,0.099999999852,0.099999999907,0.100000000063,0.100000000424,0.099999999772,0.100000000282
0.100000000136,0.099999999875,0.099999999949,0.099999999840,0.099999999901,0.099999999938,0.100000000042,0.100000000282,0.099999999848,0.100000000188
0.100000000171,0.099999999842,0.099999999936,0.099999999798,0.099999999875,0.099999999922,0.100000000053,0.100000000357,0.099999999808,0.100000000238
0.099999999995,0.100000000005,0.100000000002,0.100000000007,0.100000000004,0.100000000002,0.099999999998,0.099999999989,0.100000000006,0.099999999992
0.100000000060,0.099999999945,0.099999999978,0.099999999930,0.099999999957,0.099999999973,0.100000000019,0.100000000124,0.099999999933,0.100000000083
0.099999999981,0.100000000018,0.100000000007,0.100000000023,0.100000000014,0.100000000009,0.099999999994,0.099999999959,0.100000000022,0.099999999973
0.100000000138,0.099999999873,0.099999999948,0.099999999838,0.099999999900,0.099999999937,0.100000000043,0.100000000287,0.099999999845,0.100000000191
0.100000000085,0.099999999922,0.099999999968,0.099999999900,0.099999999938,0.099999999961,0.100000000027,0.100000000177,0.099999999904,0.100000000118
0.100000000091,0.099999999916,0.099999999966,0.099999999892,0.099999999934,0.099999999958,0.100000000029,0.100000000190,0.099999999897,0.100000000127
0.100000000152,0.099999999860,0.099999999943,0.099999999821,0.099999999889,0.099999999931,0.100000000047,0.100000000317,0.099999999830,0.100000000211
0.099999999986,0.100000000012,0.100000000005,0.100000000016,0.100000000010,0.100000000006,0.099999999996,0.099999999972,0.100000000015,0.099999999981
0.100000000145,0.099999999866,0.099999999946,0.099999999829,0.099999999894,0.099999999934,0.100000000045,0.100000000302,0.099999999837,0.100000000201
0.099999999779,0.100000000204,0.100000000083,0.100000000261,0.100000000161,0.100000000101,0.099999999931,0.099999999539,0.100000000249,0.099999999692
0.100000000136,0.099999999875,0.099999999949,0.099999999840,0.099999999901,0.099999999938,0.100000000042,0.100000000284,0.099999999847,0.100000000189
0.099999999929,0.100000000066,0.100000000027,0.100000000084,0.100000000052,0.100000000033,0.099999999978,0.099999999851,0.100000000080,0.099999999901
0.099999999835,0.100000000152,0.100000000062,0.100000000195,0.100000000120,0.100000000076,0.099999999949,0.099999999656,0.100000000186,0.099999999770
0.100000000019,0.099999999982,0.099999999993,0.099999999977,0.099999999986,0.099999999991,0.100000000006,0.100000000040,0.099999999978,0.100000000027
0.100000000022,0.099999999980,0.099999999992,0.099999999974,0.099999999984,0.099999999990,0.100000000007,0.100000000045,0.099999999975,0.100000000030
0.099999999978,0.100000000021,0.100000000008,0.100000000026,0.100000000017,0.100000000010,0.099999999994,0.099999999952,0.100000000025,0.099999999969
0.100000000106,0.099999999903,0.099999999960,0.099999999876,0.099999999923,0.099999999952,0.100000000033,0.100000000220,0.099999999881,0.100000000147
0.100000000155,0.099999999857,0.099999999942,0.099999999817,0.099999999887,0.099999999929,0.100000000048,0.100000000323,0.099999999826,0.100000000215
0.099999999888,0.100000000103,0.100000000042,0.100000000132,0.100000000082,0.100000000051,0.099999999965,0.099999999766,0.100000000126,0.099999999844
0.099999999951,0.100000000045,0.100000000018,0.100000000058,0.100000000036,0.100000000022,0.099999999985,0.099999999898,0.100000000055,0.099999999932
0.100000000141,0.099999999870,0.099999999947,0.099999999834,0.099999999897,0.099999999936,0.100000000043,0.100000000294,0.099999999842,0.100000000196
0.100000000015,0.099999999986,0.099999999994,0.099999999982,0.099999999989,0.099999999993,0.100000000005,0.100000000032,0.099999999983,0.100000000021
0.099999999940,0.100000000055,0.100000000023,0.100000000070,0.100000000044,0.100000000027,0.099999999982,0.099999999875,0.100000000067,0.099999999917
0.100000000151,0.099999999861,0.099999999943,0.099999999822,0.099999999890,0.099999999931,0.100000000047,0.100000000315,0.099999999830,0.100000000210
0.099999999944,0.100000000052,0.100000000021,0.100000000065,0.100000000041,0.100000000025,0.099999999983,0.099999999883,0.100000000062,0.099999999922
0.099999999988,0.100000000011,0.100000000004,0.100000000014,0.100000000009,0.100000000005,0.099999999997,0.099999999975,0.100000000013,0.099999999984
0.099999999989,0.100000000010,0.100000000004,0.100000000013,0.100000000008,0.100000000005,0.099999999997,0.099999999978,0.100000000012,0.099999999985
0.100000000032,0.099999999970,0.099999999988,0.099999999962,0.099999999976,0.099999999985,0.100000000010,0.100000000067,0.099999999964,0.100000000045
0.100000000145,0.099999999867,0.099999999946,0.099999999830,0.099999999895,0.099999999934,0.100000000045,0.100000000302,0.099999999837,0.100000000201
0.099999999940,0.100000000055,0.100000000022,0.100000000070,0.100000000044,0.100000000027,0.099999999982,0.099999999876,0.100000000067,0.099999999917
0.099999999981,0.100000000018,0.100000000007,0.100000000023,0.100000000014,0.100000000009,0.099999999994,0.099999999960,0.100000000022,0.099999999973
0.099999999992,0.100000000007,0.100000000003,0.100000000009,0.100000000006,0.100000000004,0.099999999998,0.099999999983,0.100000000009,0.099999999989
0.099999999971,0.100000000027,0.100000000011,0.100000000034,0.100000000022,0.100000000013,0.099999999991,0.099999999939,0.100000000032,0.099999999960
0.100000000038,0.099999999965,0.099999999986,0.099999999955,0.099999999972,0.099999999983,0.100000000012,0.100000000079,0.099999999957,0.100000000053
0.099999999949,0.100000000047,0.100000000019,0.100000000060,0.100000000037,0.100000000023,0.099999999984,0.099999999894,0.100000000057,0.099999999929
0.100000000007,0.099999999994,0.099999999997,0.099999999992,0.099999999995,0.099999999997,0.100000000002,0.100000000014,0.099999999992,0.100000000010
0.099999999978,0.100000000020,0.100000000008,0.100000000026,0.100000000016,0.100000000010,0.099999999993,0.099999999955,0.100000000025,0.099999999970
0.100000000099,0.099999999909,0.099999999963,0.099999999883,0.099999999928,0.099999999955,0.100000000031,0.100000000206,0.099999999889,0.100000000137
0.100000000105,0.099999999903,0.099999999960,0.099999999876,0.099999999923,0.099999999952,0.100000000033,0.100000000219,0.099999999882,0.100000000146
0.100000000093,0.099999999914,0.099999999965,0.099999999890,0.099999999932,0.099999999957,0.100000000029,0.100000000194,0.099999999895,0.100000000129
0.100000000030,0.099999999972,0.099999999989,0.099999999964,0.099999999978,0.099999999986,0.100000000010,0.100000000063,0.099999999966,0.100000000042
0.100000000024,0.099999999978,0.099999999991,0.099999999972,0.099999999983,0.099999999989,0.100000000008,0.100000000050,0.099999999973,0.100000000033
0.100000000031,0.099999999972,0.099999999988,0.099999999964,0.099999999978,0.099999999986,0.100000000010,0.100000000064,0.099999999965,0.100000000043
0.100000000148,0.099999999864,0.099999999944,0.099999999826,0.099999999892,0.099999999932,0.100000000046,0.100000000308,0.099999999834,0.100000000205
0.100000000045,0.099999999959,0.099999999983,0.099999999947,0.099999999967,0.099999999980,0.100000000014,0.100000000093,0.099999999950,0.100000000062
0.100000000052,0.099999999952,0.099999999981,0.099999999939,0.099999999962,0.099999999976,0.100000000016,0.100000000108,0.099999999941,0.100000000072
0.099999999814,0.100000000171,0.100000000070,0.100000000219,0.100000000136,0.100000000085,0.099999999942,0.099999999613,0.100000000209,0.099999999742
0.099999999988,0.100000000011,0.100000000004,0.100000000013,0.100000000009,0.100000000005,0.099999999997,0.099999999975,0.100000000012,0.099999999984
0.100000000065,0.099999999940,0.099999999976,0.099999999923,0.099999999953,0.099999999970,0.100000000020,0.100000000136,0.099999999927,0.100000000091
0.100000000020,0.099999999981,0.099999999992,0.099999999976,0.099999999985,0.099999999991,0.100000000006,0.100000000042,0.099999999977,0.100000000028
0.099999999793,0.100000000191,0.100000000078,0.100000000244,0.100000000151,0.100000000095,0.099999999936,0.099999999568,0.100000000233,0.099999999712
0.100000000206,0.099999999810,0.099999999923,0.099999999757,0.099999999850,0.099999999906,0.100000000064,0.100000000430,0.099999999769,0.100000000286
0.100000000120,0.099999999889,0.099999999955,0.099999999859,0.099999999912,0.099999999945,0.100000000037,0.100000000251,0.099999999865,0.100000000167
0.100000000117,0.099999999893,0.099999999956,0.099999999863,0.099999999915,0.099999999947,0.100000000036,0.100000000243,0.099999999869,0.100000000162
0.099999999949,0.100000000047,0.100000000019,0.100000000060,0.100000000037,0.100000000023,0.099999999984,0.099999999894,0.100000000057,0.099999999929
0.100000000222,0.099999999796,0.099999999917,0.099999999739,0.099999999838,0.099999999899,0.100000000069,0.100000000462,0.099999999751,0.100000000308
0.099999999943,0.100000000053,0.100000000022,0.100000000068,0.100000000042,0.100000000026,0.099999999982,0.099999999880,0.100000000064,0.099999999920
0.099999999873,0.100000000116,0.100000000048,0.100000000149,0.100000000092,0.100000000058,0.099999999961,0.099999999736,0.100000000142,0.099999999824
0.100000000214,0.099999999803,0.099999999920,0.099999999749,0.099999999844,0.099999999902,0.100000000066,0.100000000445,0.099999999760,0.100000000297
0.100000000138,0.099999999873,0.099999999948,0.099999999838,0.099999999899,0.099999999937,0.100000000043,0.100000000287,0.099999999845,0.100000000191
0.099999999926,0.100000000068,0.100000000028,0.100000000087,0.100000000054,0.100000000034,0.099999999977,0.099999999846,0.100000000083,0.099999999897
0.099999999946,0.100000000051,0.100000000021,0.100000000064,0.100000000040,0.100000000025,0.099999999984,0.099999999886,0.100000000061,0.099999999924
0.100000000104,0.099999999904,0.099999999961,0.099999999877,0.099999999924,0.099999999952,0.100000000032,0.100000000217,0.099999999883,0.100000000145
0.100000000182,0.099999999832,0.099999999931,0.099999999785,0.099999999867,0.099999999917,0.100000000056,0.100000000381,0.099999999795,0.100000000254
0.100000000162,0.099999999851,0.099999999939,0.099999999809,0.099999999882,0.099999999926,0.100000000050,0.100000000338,0.099999999818,0.100000000225
0.100000000070,0.099999999936,0.099999999974,0.099999999917,0.099999999949,0.099999999968,0.100000000022,0.100000000145,0.099999999921,0.100000000097
0.100000000141,0.099999999870,0.099999999947,0.099999999834,0.099999999897,0.099999999935,0.100000000044,0.100000000295,0.099999999841,0.100000000197
0.100000000130,0.099999999880,0.099999999951,0.099999999847,0.099999999905,0.099999999941,0.100000000040,0.100000000271,0.099999999854,0.100000000180
0.100000000123,0.099999999887,0.099999999954,0.099999999855,0.099999999910,0.099999999944,0.100000000038,0.100000000257,0.099999999862,0.100000000171
0.100000000011,0.099999999990,0.099999999996,0.099999999987,0.099999999992,0.099999999995,0.100000000004,0.100000000023,0.099999999987,0.100000000015
0.100000000180,0.099999999834,0.099999999932,0.099999999788,0.099999999868,0.099999999918,0.100000000056,0.100000000376,0.099999999797,0.100000000251
0.100000000250,0.099999999770,0.099999999906,0.099999999706,0.099999999818,0.099999999886,0.100000000077,0.100000000521,0.099999999719,0.100000000347
0.100000000173,0.099999999841,0.099999999935,0.099999999797,0.099999999874,0.099999999921,0.100000000053,0.100000000360,0.099999999806,0.100000000240
0.100000000160,0.099999999852,0.099999999940,0.099999999811,0.099999999883,0.099999999927,0.100000000050,0.100000000334,0.099999999820,0.100000000223
0.100000000064,0.099999999941,0.099999999976,0.099999999925,0.099999999953,0.099999999971,0.100000000020,0.100000000133,0.099999999928,0.100000000089
0.100000000200,0.099999999816,0.099999999925,0.099999999765,0.099999999854,0.099999999909,0.100000000062,0.100000000416,0.099999999776,0.100000000277
0.100000000123,0.099999999886,0.099999999954,0.099999999855,0.099999999910,0.099999999944,0.100000000038,0.100000000257,0.099999999861,0.100000000172
0.100000000177,0.099999999837,0.099999999934,0.099999999792,0.099999999871,0.099999999919,0.100000000055,0.100000000369,0.099999999801,0.100000000246
0.100000000087,0.099999999920,0.099999999967,0.099999999897,0.099999999936,0.099999999960,0.100000000027,0.100000000182,0.099999999902,0.100000000122
0.100000000187,0.099999999828,0.099999999930,0.099999999780,0.099999999863,0.099999999915,0.100000000058,0.100000000390,0.099999999790,0.100000000260
0.100000000045,0.099999999958,0.099999999983,0.099999999947,0.099999999967,0.099999999979,0.100000000014,0.100000000094,0.099999999949,0.100000000063
0.100000000070,0.099999999935,0.099999999974,0.099999999917,0.099999999949,0.099999999968,0.100000000022,0.100000000147,0.099999999921,0.100000000098
0.100000000152,0.099999999860,0.099999999943,0.099999999822,0.099999999889,0.099999999931,0.100000000047,0.100000000316,0.099999999830,0.100000000211
0.100000000022,0.099999999980,0.099999999992,0.099999999974,0.099999999984,0.099999999990,0.100000000007,0.100000000045,0.099999999975,0.100000000030
0.100000000098,0.099999999910,0.099999999963,0.099999999885,0.099999999929,0.099999999955,0.100000000030,0.100000000204,0.099999999890,0.100000000136
0.100000000073,0.099999999933,0.099999999973,0.099999999914,0.099999999947,0.099999999967,0.100000000023,0.100000000152,0.099999999918,0.100000000101
0.100000000094,0.099999999913,0.099999999965,0.099999999889,0.099999999932,0.099999999957,0.100000000029,0.100000000196,0.099999999894,0.100000000131
0.100000000085,0.099999999922,0.099999999968,0.099999999899,0.099999999938,0.099999999961,0.100000000027,0.100000000178,0.099999999904,0.100000000119
0.100000000199,0.099999999816,0.099999999925,0.099999999766,0.099999999854,0.099999999909,0.100000000061,0.100000000416,0.099999999776,0.100000000277
0.100000000153,0.099999999859,0.099999999943,0.099999999820,0.099999999888,0.099999999930,0.100000000047,0.100000000319,0.099999999828,0.100000000213
0.100000000073,0.099999999933,0.099999999973,0.099999999914,0.099999999947,0.099999999967,0.100000000023,0.100000000152,0.099999999918,0.100000000101
0.100000000113,0.099999999896,0.099999999958,0.099999999867,0.099999999918,0.099999999948,0.100000000035,0.100000000235,0.099999999873,0.100000000157
0.100000000088,0.099999999919,0.099999999967,0.099999999897,0.099999999936,0.099999999960,0.100000000027,0.100000000182,0.099999999902,0.100000000122
0.100000000059,0.099999999946,0.099999999978,0.099999999931,0.099999999957,0.099999999973,0.100000000018,0.100000000123,0.099999999934,0.100000000082
0.100000000084,0.099999999923,0.099999999968,0.099999999901,0.099999999939,0.099999999962,0.100000000026,0.100000000175,0.099999999906,0.100000000117
0.100000000098,0.099999999909,0.099999999963,0.099999999884,0.099999999928,0.099999999955,0.100000000030,0.100000000205,0.099999999890,0.100000000137
0.100000000022,0.099999999979,0.099999999992,0.099999999974,0.099999999983,0.099999999990,0.100000000007,0.100000000047,0.099999999975,0.100000000031
0.100000000101,0.099999999907,0.099999999962,0.099999999881,0.099999999926,0.099999999954,0.100000000031,0.100000000211,0.099999999886,0.100000000141
0.100000000172,0.099999999841,0.099999999935,0.099999999798,0.099999999874,0.099999999921,0.100000000053,0.100000000359,0.099999999807,0.100000000239
0.100000000076,0.099999999930,0.099999999971,0.099999999910,0.099999999944,0.099999999965,0.100000000024,0.100000000159,0.099999999914,0.100000000106
0.100000000131,0.099999999879,0.099999999951,0.099999999846,0.099999999904,0.099999999940,0.100000000040,0.100000000274,0.099999999853,0.100000000182
0.100000000075,0.099999999931,0.099999999972,0.099999999912,0.099999999945,0.099999999966,0.100000000023,0.100000000157,0.099999999916,0.100000000104
0.100000000058,0.099999999946,0.099999999978,0.099999999932,0.099999999958,0.099999999973,0.100000000018,0.100000000121,0.099999999935,0.100000000081
0.100000000084,0.099999999922,0.099999999968,0.099999999901,0.099999999938,0.099999999961,0.100000000026,0.100000000176,0.099999999905,0.100000000117
0.100000000183,0.099999999831,0.099999999931,0.099999999785,0.099999999866,0.099999999916,0.100000000057,0.100000000382,0.099999999794,0.100000000255
0.100000000105,0.099999999903,0.099999999961,0.099999999877,0.099999999923,0.099999999952,0.100000000032,0.100000000219,0.099999999883,0.100000000146
0.100000000077,0.099999999929,0.099999999971,0.099999999910,0.099999999944,0.099999999965,0.100000000024,0.100000000160,0.099999999914,0.100000000107
0.100000000207,0.099999999809,0.099999999922,0.099999999756,0.099999999848,0.099999999905,0.100000000064,0.100000000433,0.099999999767,0.100000000288
0.100000000084,0.099999999922,0.099999999968,0.099999999901,0.099999999939,0.099999999962,0.100000000026,0.100000000175,0.099999999906,0.100000000117
0.100000000133,0.099999999877,0.099999999950,0.099999999843,0.099999999903,0.099999999939,0.100000000041,0.100000000278,0.099999999850,0.100000000185
0.100000000050,0.099999999953,0.099999999981,0.099999999941,0.099999999963,0.099999999977,0.100000000015,0.100000000106,0.099999999943,0.100000000070
0.099999999998,0.100000000002,0.100000000001,0.100000000003,0.100000000002,0.100000000001,0.099999999999,0.099999999995,0.100000000003,0.099999999997
0.100000000125,0.099999999885,0.099999999953,0.099999999853,0.099999999909,0.099999999943,0.100000000039,0.100000000260,0.099999999860,0.100000000173
0.099999999870,0.100000000120,0.100000000049,0.100000000153,0.100000000095,0.100000000059,0.099999999960,0.099999999729,0.100000000146,0.099999999819
0.100000000103,0.099999999905,0.099999999961,0.099999999879,0.099999999925,0.099999999953,0.100000000032,0.100000000214,0.099999999885,0.100000000143
0.100000000095,0.099999999912,0.099999999964,0.099999999888,0.099999999931,0.099999999956,0.100000000030,0.100000000198,0.099999999893,0.100000000132
0.100000000011,0.099999999990,0.099999999996,0.099999999987,0.099999999992,0.099999999995,0.100000000003,0.100000000022,0.099999999988,0.100000000015
0.100000000106,0.099999999903,0.099999999960,0.099999999876,0.099999999923,0.099999999952,0.100000000033,0.100000000220,0.099999999881,0.100000000147
0.100000000111,0.099999999898,0.099999999958,0.099999999870,0.099999999919,0.099999999949,0.100000000034,0.100000000231,0.099999999876,0.100000000154
0.100000000088,0.099999999919,0.099999999967,0.099999999896,0.099999999936,0.099999999960,0.100000000027,0.100000000184,0.099999999901,0.100000000123
0.100000000083,0.099999999924,0.099999999969,0.099999999902,0.099999999940,0.099999999962,0.100000000026,0.100000000173,0.099999999907,0.100000000115
0.100000000164,0.099999999849,0.099999999938,0.099999999807,0.099999999880,0.099999999925,0.100000000051,0.100000000342,0.099999999815,0.100000000228
0.100000000100,0.099999999908,0.099999999962,0.099999999882,0.099999999927,0.099999999954,0.100000000031,0.100000000209,0.099999999887,0.100000000140
0.100000000098,0.099999999909,0.099999999963,0.099999999884,0.099999999928,0.099999999955,0.100000000030,0.100000000205,0.099999999889,0.100000000137
0.100000000206,0.099999999810,0.099999999923,0.099999999758,0.099999999850,0.099999999906,0.100000000064,0.100000000429,0.099999999769,0.100000000286
0.100000000075,0.099999999931,0.099999999972,0.099999999912,0.099999999945,0.099999999966,0.100000000023,0.100000000156,0.099999999916,0.100000000104
0.100000000092,0.099999999915,0.099999999965,0.099999999891,0.099999999933,0.099999999958,0.100000000029,0.100000000193,0.099999999896,0.100000000128
0.100000000078,0.099999999928,0.099999999971,0.099999999908,0.099999999943,0.099999999965,0.100000000024,0.100000000162,0.099999999913,0.100000000108
0.100000000214,0.099999999803,0.099999999920,0.099999999749,0.099999999844,0.099999999902,0.100000000066,0.100000000446,0.099999999760,0.100000000297
0.100000000111,0.099999999898,0.099999999958,0.099999999870,0.099999999919,0.099999999950,0.100000000034,0.100000000231,0.099999999876,0.100000000154
0.100000000136,0.099999999874,0.099999999949,0.099999999840,0.099999999901,0.099999999938,0.100000000042,0.100000000284,0.099999999847,0.100000000189
0.100000000099,0.099999999909,0.099999999963,0.099999999884,0.099999999928,0.099999999955,0.100000000031,0.100000000205,0.099999999889,0.100000000137
0.100000000124,0.099999999885,0.099999999953,0.099999999854,0.099999999909,0.099999999943,0.100000000038,0.100000000259,0.099999999860,0.100000000173
0.100000000008,0.099999999993,0.099999999997,0.099999999990,0.099999999994,0.099999999996,0.100000000003,0.100000000017,0.099999999991,0.100000000011
0.100000000149,0.099999999862,0.099999999944,0.099999999824,0.099999999891,0.099999999932,0.100000000046,0.100000000312,0.099999999832,0.100000000208
0.100000000079,0.099999999927,0.099999999970,0.099999999908,0.099999999942,0.099999999964,0.100000000024,0.100000000164,0.099999999912,0.100000000109
0.100000000115,0.099999999894,0.099999999957,0.099999999865,0.099999999916,0.099999999947,0.100000000036,0.100000000239,0.099999999871,0.100000000160
0.100000000132,0.099999999879,0.099999999951,0.099999999845,0.099999999904,0.099999999940,0.100000000041,0.100000000274,0.099999999852,0.100000000183
0.100000000123,0.099999999887,0.099999999954,0.099999999855,0.099999999910,0.099999999944,0.100000000038,0.100000000256,0.099999999862,0.100000000171
0.099999999990,0.100000000009,0.100000000004,0.100000000012,0.100000000007,0.100000000005,0.099999999997,0.099999999980,0.100000000011,0.099999999986
0.100000000133,0.099999999877,0.099999999950,0.099999999843,0.099999999903,0.099999999939,0.100000000041,0.100000000277,0.099999999850,0.100000000185
0.100000000175,0.099999999839,0.099999999934,0.099999999794,0.099999999872,0.099999999920,0.100000000054,0.100000000365,0.099999999804,0.100000000243
0.100000000029,0.099999999973,0.099999999989,0.099999999966,0.099999999979,0.099999999987,0.100000000009,0.100000000060,0.099999999968,0.100000000040
0.100000000108,0.099999999900,0.099999999959,0.099999999872,0.099999999921,0.099999999951,0.100000000034,0.100000000226,0.099999999878,0.100000000150
0.100000000140,0.099999999871,0.099999999947,0.099999999835,0.099999999898,0.099999999936,0.100000000043,0.100000000291,0.099999999843,0.100000000194
0.100000000102,0.099999999906,0.099999999962,0.099999999880,0.099999999926,0.099999999954,0.100000000031,0.100000000212,0.099999999886,0.100000000142
0.100000000098,0.099999999909,0.099999999963,0.099999999884,0.099999999928,0.099999999955,0.100000000030,0.100000000205,0.099999999889,0.100000000137
0.100000000199,0.099999999816,0.099999999925,0.099999999766,0.099999999855,0.099999999909,0.100000000062,0.100000000415,0.099999999776,0.100000000277
0.100000000076,0.099999999929,0.099999999971,0.099999999910,0.099999999944,0.099999999965,0.100000000024,0.100000000160,0.099999999914,0.100000000106
0.100000000227,0.099999999791,0.099999999915,0.099999999733,0.099999999834,0.099999999896,0.100000000070,0.100000000473,0.099999999745,0.100000000315
0.100000000141,0.099999999870,0.099999999947,0.099999999834,0.099999999897,0.099999999936,0.100000000044,0.100000000294,0.099999999842,0.100000000196
0.100000000125,0.099999999885,0.099999999953,0.099999999853,0.099999999909,0.099999999943,0.100000000039,0.100000000261,0.099999999859,0.100000000174
0.100000000130,0.099999999880,0.099999999951,0.099999999847,0.099999999904,0.099999999940,0.100000000040,0.100000000272,0.099999999854,0.100000000181
0.100000000187,0.099999999827,0.099999999929,0.099999999779,0.099999999863,0.099999999914,0.100000000058,0.100000000391,0.099999999790,0.100000000261
0.100000000108,0.099999999901,0.099999999959,0.099999999873,0.099999999921,0.099999999951,0.100000000033,0.100000000225,0.099999999879,0.100000000150
0.100000000036,0.099999999967,0.099999999986,0.099999999957,0.099999999974,0.099999999983,0.100000000011,0.100000000076,0.099999999959,0.100000000051
0.100000000028,0.099999999974,0.099999999989,0.099999999967,0.099999999979,0.099999999987,0.100000000009,0.100000000059,0.099999999969,0.100000000039
0.100000000127,0.099999999883,0.099999999952,0.099999999851,0.099999999907,0.099999999942,0.100000000039,0.100000000265,0.099999999858,0.100000000176
0.100000000102,0.099999999906,0.099999999962,0.099999999880,0.099999999926,0.099999999953,0.100000000032,0.100000000213,0.099999999885,0.100000000142
0.100000000170,0.099999999844,0.099999999936,0.099999999801,0.099999999876,0.099999999923,0.100000000052,0.100000000354,0.099999999810,0.100000000236
0.100000000118,0.099999999891,0.099999999956,0.099999999861,0.099999999914,0.099999999946,0.100000000036,0.100000000246,0.099999999867,0.100000000164
0.099999999999,0.100000000001,0.100000000000,0.100000000001,0.100000000001,0.100000000001,0.100000000000,0.099999999997,0.100000000001,0.099999999998
0.099999999865,0.100000000124,0.100000000051,0.100000000159,0.100000000098,0.100000000062,0.099999999958,0.099999999718,0.100000000152,0.099999999812
0.099999999971,0.100000000026,0.100000000011,0.100000000034,0.100000000021,0.100000000013,0.099999999991,0.099999999940,0.100000000032,0.099999999960
0.099999999953,0.100000000043,0.100000000018,0.100000000055,0.100000000034,0.100000000022,0.099999999985,0.099999999902,0.100000000053,0.099999999935
0.099999999976,0.100000000023,0.100000000009,0.100000000027,0.100000000018,0.100000000011,0.099999999993,0.099999999949,0.100000000026,0.099999999967
0.100000000250,0.099999999770,0.099999999906,0.099999999706,0.099999999818,0.099999999886,0.100000000077,0.100000000521,0.099999999719,0.100000000347
0.099999999846,0.100000000142,0.100000000058,0.100000000181,0.100000000112,0.100000000070,0.099999999952,0.099999999679,0.100000000173,0.099999999786
0.100000000130,0.099999999880,0.099999999951,0.099999999847,0.099999999905,0.099999999941,0.100000000040,0.100000000271,0.099999999854,0.100000000180
0.100000000160,0.099999999852,0.099999999940,0.099999999811,0.099999999883,0.099999999927,0.100000000050,0.100000000334,0.099999999820,0.100000000223
0.100000000200,0.099999999816,0.099999999925,0.099999999765,0.099999999854,0.099999999909,0.100000000062,0.100000000416,0.099999999776,0.100000000277
0.100000000064,0.099999999941,0.099999999976,0.099999999925,0.099999999953,0.099999999971,0.100000000020,0.100000000133,0.099999999928,0.100000000089
0.099999999918,0.100000000076,0.100000000031,0.100000000097,0.100000000060,0.100000000038,0.099999999975,0.099999999828,0.100000000092,0.099999999886
0.099999999878,0.100000000113,0.100000000046,0.100000000144,0.100000000089,0.100000000056,0.099999999962,0.099999999745,0.100000000137,0.099999999830
0.100000000123,0.099999999886,0.099999999954,0.099999999855,0.099999999910,0.099999999944,0.100000000038,0.100000000257,0.099999999861,0.100000000172
0.099999999768,0.100000000214,0.100000000087,0.100000000274,0.100000000169,0.100000000106,0.099999999928,0.099999999516,0.100000000261,0.099999999677
0.099999999985,0.100000000014,0.100000000006,0.100000000018,0.100000000011,0.100000000007,0.099999999995,0.099999999969,0.100000000017,0.099999999979
0.099999999849,0.100000000139,0.100000000057,0.100000000177,0.100000000110,0.100000000069,0.099999999953,0.099999999686,0.100000000169,0.099999999791
0.099999999912,0.100000000081,0.100000000033,0.100000000104,0.100000000064,0.100000000040,0.099999999973,0.099999999816,0.100000000099,0.099999999878
0.099999999907,0.100000000085,0.100000000035,0.100000000109,0.100000000068,0.100000000042,0.099999999971,0.099999999807,0.100000000104,0.099999999871
0.099999999931,0.100000000063,0.100000000026,0.100000000081,0.100000000050,0.100000000031,0.099999999979,0.099999999856,0.100000000077,0.099999999904
0.099999999892,0.100000000099,0.100000000040,0.100000000127,0.100000000079,0.100000000049,0.099999999967,0.099999999776,0.100000000121,0.099999999850
0.099999999940,0.100000000055,0.100000000023,0.100000000071,0.100000000044,0.100000000028,0.099999999981,0.099999999874,0.100000000068,0.099999999916
0.099999999944,0.100000000052,0.100000000021,0.100000000066,0.100000000041,0.100000000026,0.099999999983,0.099999999882,0.100000000063,0.099999999922
0.100000000073,0.099999999933,0.099999999973,0.099999999914,0.099999999947,0.099999999967,0.100000000023,0.100000000152,0.099999999918,0.100000000101
0.100000000152,0.099999999860,0.099999999943,0.099999999822,0.099999999889,0.099999999931,0.100000000047,0.100000000316,0.099999999830,0.100000000211
0.100000000088,0.099999999919,0.099999999967,0.099999999897,0.099999999936,0.099999999960,0.100000000027,0.100000000182,0.099999999902,0.100000000122
0.099999999935,0.100000000060,0.100000000025,0.100000000077,0.100000000047,0.100000000030,0.099999999980,0.099999999864,0.100000000073,0.099999999910
0.099999999942,0.100000000054,0.100000000022,0.100000000069,0.100000000043,0.100000000027,0.099999999982,0.099999999878,0.100000000066,0.099999999919
0.099999999839,0.100000000148,0.100000000060,0.100000000189,0.100000000117,0.100000000073,0.099999999950,0.099999999666,0.100000000181,0.099999999777
0.100000000084,0.099999999923,0.099999999968,0.099999999901,0.099999999939,0.099999999962,0.100000000026,0.100000000175,0.099999999906,0.100000000117
0.099999999928,0.100000000067,0.100000000027,0.100000000085,0.100000000053,0.100000000033,0.099999999978,0.099999999849,0.100000000081,0.099999999900
0.099999999979,0.100000000020,0.100000000008,0.100000000024,0.100000000016,0.100000000009,0.099999999994,0.099999999956,0.100000000023,0.099999999971
0.100000000177,0.099999999837,0.099999999934,0.099999999792,0.099999999871,0.099999999919,0.100000000055,0.100000000369,0.099999999801,0.100000000246
0.099999999926,0.100000000068,0.100000000028,0.100000000087,0.100000000054,0.100000000034,0.099999999977,0.099999999846,0.100000000083,0.099999999897
0.099999999895,0.100000000097,0.100000000040,0.100000000124,0.100000000077,0.100000000048,0.099999999967,0.099999999781,0.100000000118,0.099999999854
0.099999999827,0.100000000159,0.100000000065,0.100000000204,0.100000000126,0.100000000079,0.099999999946,0.099999999639,0.100000000195,0.099999999759
0.099999999913,0.100000000080,0.100000000033,0.100000000102,0.100000000063,0.100000000040,0.099999999973,0.099999999819,0.100000000097,0.099999999880
0.099999999955,0.100000000042,0.100000000017,0.100000000053,0.100000000033,0.100000000021,0.099999999986,0.099999999906,0.100000000051,0.099999999937
0.099999999920,0.100000000073,0.100000000030,0.100000000093,0.100000000058,0.100000000036,0.099999999976,0.099999999834,0.100000000089,0.099999999889
0.099999999857,0.100000000132,0.100000000054,0.100000000168,0.100000000104,0.100000000065,0.099999999956,0.099999999702,0.100000000161,0.099999999801
0.099999999844,0.100000000143,0.100000000059,0.100000000184,0.100000000114,0.100000000071,0.099999999952,0.099999999675,0.100000000176,0.099999999783
0.099999999849,0.100000000139,0.100000000057,0.100000000178,0.100000000110,0.100000000069,0.099999999953,0.099999999686,0.100000000170,0.099999999790
0.099999999802,0.100000000182,0.100000000074,0.100000000233,0.100000000144,0.100000000091,0.099999999938,0.099999999587,0.100000000223,0.099999999725
0.099999999943,0.100000000053,0.100000000021,0.100000000067,0.100000000042,0.100000000026,0.099999999983,0.099999999881,0.100000000064,0.099999999921
0.099999999860,0.100000000129,0.100000000053,0.100000000165,0.100000000102,0.100000000064,0.099999999957,0.099999999708,0.100000000158,0.099999999805
0.099999999852,0.100000000136,0.100000000056,0.100000000175,0.100000000108,0.100000000068,0.099999999954,0.099999999691,0.100000000167,0.099999999794
0.099999999871,0.100000000119,0.100000000049,0.100000000152,0.100000000094,0.100000000059,0.099999999960,0.099999999731,0.100000000145,0.099999999820
0.099999999944,0.100000000051,0.100000000021,0.100000000065,0.100000000041,0.100000000025,0.099999999983,0.099999999884,0.100000000062,0.099999999923
0.099999999895,0.100000000096,0.100000000039,0.100000000124,0.100000000076,0.100000000048,0.099999999967,0.099999999781,0.100000000118,0.099999999854
0.099999999928,0.100000000066,0.100000000027,0.100000000085,0.100000000053,0.100000000033,0.099999999978,0.099999999850,0.100000000081,0.099999999900
0.099999999922,0.100000000072,0.100000000029,0.100000000092,0.100000000057,0.100000000036,0.099999999976,0.099999999838,0.100000000087,0.099999999892
0.099999999905,0.100000000087,0.100000000036,0.100000000112,0.100000000069,0.100000000043,0.099999999971,0.099999999802,0.100000000106,0.099999999868
0.099999999865,0.100000000124,0.100000000051,0.100000000159,0.100000000098,0.100000000062,0.099999999958,0.099999999719,0.100000000152,0.099999999813
0.099999999893,0.100000000099,0.100000000040,0.100000000126,0.100000000078,0.100000000049,0.099999999967,0.099999999777,0.100000000121,0.099999999851
0.099999999975,0.100000000024,0.100000000010,0.100000000030,0.100000000019,0.100000000012,0.099999999992,0.099999999947,0.100000000028,0.099999999965
0.099999999924,0.100000000070,0.100000000029,0.100000000089,0.100000000056,0.100000000035,0.099999999977,0.099999999841,0.100000000085,0.099999999894
0.099999999924,0.100000000071,0.100000000029,0.100000000090,0.100000000056,0.100000000035,0.099999999977,0.099999999841,0.100000000086,0.099999999894
0.099999999943,0.100000000053,0.100000000022,0.100000000067,0.100000000042,0.100000000026,0.099999999983,0.099999999880,0.100000000064,0.099999999920
0.099999999937,0.100000000058,0.100000000024,0.100000000074,0.100000000046,0.100000000029,0.099999999981,0.099999999869,0.100000000070,0.099999999913
0.099999999946,0.100000000050,0.100000000020,0.100000000063,0.100000000040,0.100000000025,0.099999999984,0.099999999887,0.100000000060,0.099999999925
0.099999999969,0.100000000030,0.100000000012,0.100000000036,0.100000000024,0.100000000014,0.099999999991,0.099999999934,0.100000000034,0.099999999956
0.099999999995,0.100000000006,0.100000000002,0.100000000006,0.100000000005,0.100000000002,0.099999999999,0.099999999988,0.100000000006,0.099999999992
0.099999999972,0.100000000026,0.100000000010,0.100000000033,0.100000000020,0.100000000013,0.099999999992,0.099999999942,0.100000000031,0.099999999961
0.099999999963,0.100000000035,0.100000000014,0.100000000044,0.100000000027,0.100000000017,0.099999999989,0.099999999922,0.100000000042,0.099999999948
0.099999999907,0.100000000086,0.100000000035,0.100000000110,0.100000000068,0.100000000043,0.099999999971,0.099999999805,0.100000000105,0.099999999870
0.099999999935,0.100000000060,0.100000000024,0.100000000076,0.100000000048,0.100000000030,0.099999999981,0.099999999864,0.100000000072,0.099999999910
0.099999999963,0.100000000035,0.100000000014,0.100000000043,0.100000000028,0.100000000017,0.099999999989,0.099999999922,0.100000000041,0.099999999949
0.099999999982,0.100000000017,0.100000000007,0.100000000020,0.100000000014,0.100000000008,0.099999999995,0.099999999962,0.100000000019,0.099999999975
0.099999999965,0.100000000032,0.100000000013,0.100000000041,0.100000000026,0.100000000016,0.099999999989,0.099999999927,0.100000000039,0.099999999951
0.099999999912,0.100000000081,0.100000000033,0.100000000103,0.100000000064,0.100000000040,0.099999999973,0.099999999816,0.100000000099,0.099999999878
0.099999999935,0.100000000060,0.100000000024,0.100000000076,0.100000000047,0.100000000030,0.099999999980,0.099999999865,0.100000000073,0.099999999910
0.100000000009,0.099999999993,0.099999999997,0.099999999990,0.099999999994,0.099999999996,0.100000000003,0.100000000017,0.099999999990,0.100000000012
0.099999999955,0.100000000042,0.100000000017,0.100000000053,0.100000000033,0.100000000020,0.099999999987,0.099999999906,0.100000000050,0.099999999938
0.099999999912,0.100000000082,0.100000000033,0.100000000104,0.100000000065,0.100000000040,0.099999999973,0.099999999815,0.100000000099,0.099999999877
0.099999999938,0.100000000058,0.100000000023,0.100000000073,0.100000000046,0.100000000028,0.099999999981,0.099999999870,0.100000000069,0.099999999914
0.099999999994,0.100000000006,0.100000000002,0.100000000007,0.100000000005,0.100000000003,0.099999999998,0.099999999986,0.100000000007,0.099999999991
0.099999999874,0.100000000116,0.100000000047,0.100000000148,0.100000000092,0.100000000057,0.099999999961,0.099999999738,0.100000000141,0.099999999825
0.099999999865,0.100000000124,0.100000000051,0.100000000159,0.100000000098,0.100000000062,0.099999999958,0.099999999719,0.100000000151,0.099999999813
0.099999999954,0.100000000042,0.100000000017,0.100000000053,0.100000000034,0.100000000021,0.099999999986,0.099999999904,0.100000000051,0.099999999937
0.099999999930,0.100000000064,0.100000000026,0.100000000082,0.100000000051,0.100000000032,0.099999999979,0.099999999854,0.100000000078,0.099999999903
0.099999999973,0.100000000025,0.100000000010,0.100000000031,0.100000000020,0.100000000012,0.099999999992,0.099999999944,0.100000000030,0.099999999963
0.099999999864,0.100000000126,0.100000000051,0.100000000161,0.100000000100,0.100000000062,0.099999999958,0.099999999715,0.100000000153,0.099999999810
0.099999999897,0.100000000095,0.100000000039,0.100000000121,0.100000000075,0.100000000047,0.099999999968,0.099999999785,0.100000000116,0.099999999857
0.099999999904,0.100000000089,0.100000000036,0.100000000113,0.100000000070,0.100000000044,0.099999999970,0.099999999800,0.100000000108,0.099999999867
0.099999999935,0.100000000060,0.100000000025,0.100000000077,0.100000000048,0.100000000030,0.099999999980,0.099999999864,0.100000000073,0.099999999909
0.099999999917,0.100000000077,0.100000000031,0.100000000098,0.100000000061,0.100000000038,0.099999999975,0.099999999826,0.100000000093,0.099999999884
0.099999999993,0.100000000007,0.100000000003,0.100000000008,0.100000000005,0.100000000003,0.099999999998,0.099999999985,0.100000000007,0.099999999991
0.099999999915,0.100000000079,0.100000000032,0.100000000100,0.100000000062,0.100000000039,0.099999999974,0.099999999822,0.100000000096,0.099999999882
0.099999999999,0.100000000001,0.100000000000,0.100000000001,0.100000000001,0.100000000000,0.100000000000,0.099999999997,0.100000000001,0.099999999998
0.100000000005,0.099999999996,0.099999999998,0.099999999994,0.099999999996,0.099999999998,0.100000000002,0.100000000010,0.099999999994,0.100000000007
0.099999999899,0.100000000093,0.100000000038,0.100000000119,0.100000000074,0.100000000046,0.099999999969,0.099999999789,0.100000000113,0.099999999860
0.099999999945,0.100000000051,0.100000000021,0.100000000065,0.100000000040,0.100000000025,0.099999999983,0.099999999885,0.100000000062,0.099999999923
0.099999999934,0.100000000061,0.100000000025,0.100000000078,0.100000000049,0.100000000030,0.099999999980,0.099999999861,0.100000000074,0.099999999908
0.099999999950,0.100000000047,0.100000000019,0.100000000059,0.100000000037,0.100000000023,0.099999999985,0.099999999894,0.100000000056,0.099999999930
0.099999999935,0.100000000061,0.100000000025,0.100000000076,0.100000000048,0.100000000030,0.099999999980,0.099999999863,0.100000000073,0.099999999909
0.099999999872,0.100000000118,0.100000000048,0.100000000151,0.100000000093,0.100000000059,0.099999999960,0.099999999733,0.100000000144,0.099999999822
0.099999999894,0.100000000098,0.100000000040,0.100000000125,0.100000000077,0.100000000048,0.099999999967,0.099999999779,0.100000000119,0.099999999852
0.099999999987,0.100000000012,0.100000000005,0.100000000015,0.100000000010,0.100000000006,0.099999999996,0.099999999973,0.100000000015,0.099999999982
0.100000000075,0.099999999931,0.099999999972,0.099999999912,0.099999999945,0.099999999966,0.100000000023,0.100000000157,0.099999999916,0.100000000104
0.099999999935,0.100000000060,0.100000000025,0.100000000076,0.100000000048,0.100000000030,0.099999999980,0.099999999864,0.100000000073,0.099999999909
0.100000000153,0.099999999859,0.099999999942,0.099999999820,0.099999999888,0.099999999930,0.100000000047,0.100000000319,0.099999999828,0.100000000213
0.100000000022,0.099999999979,0.099999999992,0.099999999974,0.099999999983,0.099999999990,0.100000000007,0.100000000047,0.099999999975,0.100000000031
0.099999999836,0.100000000151,0.100000000062,0.100000000194,0.100000000120,0.100000000075,0.099999999949,0.099999999658,0.100000000185,0.099999999772
0.099999999858,0.100000000131,0.100000000053,0.100000000167,0.100000000104,0.100000000065,0.099999999956,0.099999999704,0.100000000160,0.099999999802
0.099999999899,0.100000000093,0.100000000038,0.100000000119,0.100000000074,0.100000000046,0.099999999969,0.099999999789,0.100000000114,0.099999999859
0.099999999876,0.100000000115,0.100000000047,0.100000000146,0.100000000091,0.100000000057,0.099999999962,0.099999999741,0.100000000140,0.099999999827
0.099999999960,0.100000000037,0.100000000015,0.100000000047,0.100000000029,0.100000000018,0.099999999988,0.099999999917,0.100000000045,0.099999999944
0.099999999894,0.100000000098,0.100000000040,0.100000000124,0.100000000077,0.100000000048,0.099999999968,0.099999999779,0.100000000118,0.099999999853
0.099999999879,0.100000000111,0.100000000046,0.100000000143,0.100000000088,0.100000000055,0.099999999962,0.099999999747,0.100000000136,0.099999999831
0.099999999850,0.100000000138,0.100000000057,0.100000000177,0.100000000110,0.100000000069,0.099999999953,0.099999999687,0.100000000169,0.099999999791
0.099999999873,0.100000000117,0.100000000048,0.100000000150,0.100000000093,0.100000000058,0.099999999960,0.099999999735,0.100000000143,0.099999999823
0.099999999919,0.100000000075,0.100000000030,0.100000000095,0.100000000059,0.100000000037,0.099999999975,0.099999999831,0.100000000091,0.099999999887
0.099999999882,0.100000000108,0.100000000044,0.100000000139,0.100000000086,0.100000000054,0.099999999963,0.099999999755,0.100000000132,0.099999999836
0.099999999860,0.100000000129,0.100000000053,0.100000000165,0.100000000102,0.100000000064,0.099999999957,0.099999999708,0.100000000157,0.099999999805
0.099999999960,0.100000000037,0.100000000015,0.100000000046,0.100000000029,0.100000000018,0.099999999988,0.099999999917,0.100000000044,0.099999999945
0.099999999976,0.100000000023,0.100000000009,0.100000000028,0.100000000018,0.100000000011,0.099999999993,0.099999999949,0.100000000027,0.099999999966
0.099999999950,0.100000000046,0.100000000019,0.100000000058,0.100000000036,0.100000000023,0.099999999985,0.099999999896,0.100000000055,0.099999999931
0.099999999949,0.100000000047,0.100000000019,0.100000000060,0.100000000037,0.100000000023,0.099999999984,0.099999999894,0.100000000057,0.099999999929
0.099999999901,0.100000000092,0.100000000037,0.100000000117,0.100000000073,0.100000000045,0.099999999970,0.099999999793,0.100000000111,0.099999999862
0.099999999942,0.100000000054,0.100000000022,0.100000000068,0.100000000043,0.100000000027,0.099999999982,0.099999999879,0.100000000065,0.099999999919
0.099999999799,0.100000000185,0.100000000075,0.100000000237,0.100000000146,0.100000000092,0.099999999938,0.099999999582,0.100000000226,0.099999999721
0.100000000103,0.099999999905,0.099999999961,0.099999999879,0.099999999925,0.099999999953,0.100000000032,0.100000000214,0.099999999885,0.100000000143
0.099999999998,0.100000000002,0.100000000001,0.100000000003,0.100000000002,0.100000000001,0.099999999999,0.099999999995,0.100000000003,0.099999999997
0.099999999834,0.100000000153,0.100000000063,0.100000000196,0.100000000121,0.100000000076,0.099999999948,0.099999999654,0.100000000187,0.099999999769
0.099999999754,0.100000000226,0.100000000092,0.100000000290,0.100000000179,0.100000000112,0.099999999924,0.099999999488,0.100000000277,0.099999999658
0.099999999908,0.100000000085,0.100000000035,0.100000000108,0.100000000068,0.100000000042,0.099999999972,0.099999999807,0.100000000103,0.099999999872
0.099999999838,0.100000000149,0.100000000061,0.100000000191,0.100000000118,0.100000000074,0.099999999950,0.099999999662,0.100000000182,0.099999999775
0.100000000011,0.099999999990,0.099999999996,0.099999999987,0.099999999992,0.099999999995,0.100000000003,0.100000000022,0.099999999988,0.100000000015
0.099999999798,0.100000000186,0.100000000076,0.100000000238,0.100000000147,0.100000000092,0.099999999937,0.099999999580,0.100000000227,0.099999999720
0.099999999870,0.100000000120,0.100000000049,0.100000000153,0.100000000095,0.100000000059,0.099999999960,0.099999999729,0.100000000146,0.099999999819
0.099999999954,0.100000000043,0.100000000017,0.100000000054,0.100000000034,0.100000000021,0.099999999986,0.099999999903,0.100000000052,0.099999999936
0.099999999921,0.100000000073,0.100000000030,0.100000000093,0.100000000058,0.100000000036,0.099999999976,0.099999999835,0.100000000089,0.099999999890
0.099999999675,0.100000000307,0.100000000123,0.100000000379,0.100000000244,0.100000000148,0.099999999904,0.099999999313,0.100000000361,0.099999999547
0.099999999979,0.100000000020,0.100000000008,0.100000000025,0.100000000016,0.100000000010,0.099999999994,0.099999999955,0.100000000024,0.099999999970
0.099999999933,0.100000000062,0.100000000025,0.100000000079,0.100000000049,0.100000000031,0.099999999979,0.099999999860,0.100000000075,0.099999999907
0.099999999919,0.100000000074,0.100000000030,0.100000000095,0.100000000059,0.100000000037,0.099999999975,0.099999999832,0.100000000091,0.099999999888
0.099999999980,0.100000000019,0.100000000008,0.100000000024,0.100000000015,0.100000000009,0.099999999994,0.099999999958,0.100000000023,0.099999999972
0.099999999908,0.100000000084,0.100000000035,0.100000000108,0.100000000067,0.100000000042,0.099999999972,0.099999999809,0.100000000103,0.099999999873
0.099999999939,0.100000000056,0.100000000023,0.100000000071,0.100000000045,0.100000000028,0.099999999982,0.099999999873,0.100000000068,0.099999999915
0.100000000037,0.099999999966,0.099999999986,0.099999999956,0.099999999973,0.099999999983,0.100000000011,0.100000000077,0.099999999958,0.100000000052
0.099999999927,0.100000000067,0.100000000027,0.100000000085,0.100000000053,0.100000000033,0.099999999978,0.099999999848,0.100000000081,0.099999999899
0.099999999967,0.100000000031,0.100000000013,0.100000000039,0.100000000024,0.100000000015,0.099999999990,0.099999999930,0.100000000038,0.099999999954
0.099999999675,0.100000000307,0.100000000123,0.100000000379,0.100000000244,0.100000000148,0.099999999904,0.099999999313,0.100000000361,0.099999999547
0.099999999960,0.100000000037,0.100000000015,0.100000000046,0.100000000029,0.100000000018,0.099999999988,0.099999999917,0.100000000044,0.099999999945
0.099999999986,0.100000000013,0.100000000005,0.100000000016,0.100000000011,0.100000000006,0.099999999996,0.099999999971,0.100000000015,0.099999999981
0.099999999993,0.100000000007,0.100000000003,0.100000000008,0.100000000006,0.100000000003,0.099999999998,0.099999999984,0.100000000008,0.099999999990
0.099999999907,0.100000000085,0.100000000035,0.100000000109,0.100000000068,0.100000000042,0.099999999972,0.099999999807,0.100000000104,0.099999999871
0.100000000101,0.099999999907,0.099999999962,0.099999999881,0.099999999926,0.099999999954,0.100000000031,0.100000000211,0.099999999886,0.100000000141
0.099999999996,0.100000000004,0.100000000002,0.100000000005,0.100000000003,0.100000000002,0.099999999999,0.099999999991,0.100000000005,0.099999999994
0.100000000083,0.099999999924,0.099999999969,0.099999999902,0.099999999940,0.099999999962,0.100000000026,0.100000000172,0.099999999907,0.100000000115
0.099999999816,0.100000000169,0.100000000069,0.100000000217,0.100000000134,0.100000000084,0.099999999943,0.099999999617,0.100000000207,0.099999999744
0.099999999922,0.100000000073,0.100000000030,0.100000000092,0.100000000058,0.100000000036,0.099999999976,0.099999999836,0.100000000088,0.099999999891
0.099999999867,0.100000000123,0.100000000050,0.100000000157,0.100000000097,0.100000000061,0.099999999959,0.099999999722,0.100000000150,0.099999999815
0.099999999857,0.100000000132,0.100000000054,0.100000000169,0.100000000104,0.100000000066,0.099999999955,0.099999999701,0.100000000162,0.099999999801
0.099999999923,0.100000000071,0.100000000029,0.100000000090,0.100000000056,0.100000000035,0.099999999976,0.099999999839,0.100000000086,0.099999999893
0.099999999903,0.100000000089,0.100000000037,0.100000000114,0.100000000071,0.100000000044,0.099999999970,0.099999999798,0.100000000109,0.099999999865
0.099999999911,0.100000000082,0.100000000033,0.100000000105,0.100000000065,0.100000000041,0.099999999972,0.099999999815,0.100000000100,0.099999999877
0.099999999941,0.100000000054,0.100000000022,0.100000000069,0.100000000043,0.100000000027,0.099999999982,0.099999999877,0.100000000066,0.099999999918
0.099999999952,0.100000000045,0.100000000018,0.100000000056,0.100000000036,0.100000000022,0.099999999986,0.099999999899,0.100000000054,0.099999999933
0.099999999962,0.100000000036,0.100000000014,0.100000000044,0.100000000029,0.100000000017,0.099999999989,0.099999999919,0.100000000042,0.099999999947
0.099999999962,0.100000000035,0.100000000014,0.100000000044,0.100000000028,0.100000000017,0.099999999989,0.099999999920,0.100000000042,0.099999999947
0.099999999675,0.100000000307,0.100000000123,0.100000000379,0.100000000244,0.100000000148,0.099999999904,0.099999999313,0.100000000361,0.099999999547
0.099999999965,0.100000000033,0.100000000013,0.100000000040,0.100000000026,0.100000000016,0.099999999990,0.099999999927,0.100000000038,0.099999999952
0.099999999992,0.100000000008,0.100000000003,0.100000000010,0.100000000006,0.100000000004,0.099999999998,0.099999999982,0.100000000009,0.099999999988
0.099999999988,0.100000000011,0.100000000004,0.100000000013,0.100000000009,0.100000000005,0.099999999997,0.099999999975,0.100000000013,0.099999999984
0.099999999976,0.100000000022,0.100000000009,0.100000000028,0.100000000017,0.100000000011,0.099999999993,0.099999999950,0.100000000027,0.099999999967
0.099999999982,0.100000000017,0.100000000007,0.100000000020,0.100000000014,0.100000000008,0.099999999995,0.099999999962,0.100000000019,0.099999999976
0.099999999966,0.100000000032,0.100000000013,0.100000000039,0.100000000026,0.100000000016,0.099999999990,0.099999999928,0.100000000038,0.099999999953
0.099999999959,0.100000000039,0.100000000016,0.100000000048,0.100000000032,0.100000000019,0.099999999988,0.099999999912,0.100000000046,0.099999999942
0.099999999965,0.100000000033,0.100000000013,0.100000000041,0.100000000027,0.100000000016,0.099999999990,0.099999999925,0.100000000039,0.099999999951
0.099999999962,0.100000000035,0.100000000014,0.100000000043,0.100000000029,0.100000000017,0.099999999989,0.099999999920,0.100000000041,0.099999999948
0.099999999976,0.100000000023,0.100000000009,0.100000000028,0.100000000019,0.100000000011,0.099999999993,0.099999999948,0.100000000027,0.099999999966
0.099999999956,0.100000000040,0.100000000017,0.100000000052,0.100000000032,0.100000000020,0.099999999987,0.099999999908,0.100000000049,0.099999999939
0.099999999969,0.100000000028,0.100000000011,0.100000000036,0.100000000022,0.100000000014,0.099999999991,0.099999999936,0.100000000034,0.099999999958
0.099999999968,0.100000000030,0.100000000012,0.100000000037,0.100000000024,0.100000000015,0.099999999991,0.099999999932,0.100000000035,0.099999999955
0.099999999961,0.100000000036,0.100000000015,0.100000000045,0.100000000029,0.100000000018,0.099999999988,0.099999999919,0.100000000043,0.099999999946
0.099999999920,0.100000000074,0.100000000030,0.100000000094,0.100000000059,0.100000000037,0.099999999975,0.099999999832,0.100000000090,0.099999999888
0.099999999945,0.100000000051,0.100000000021,0.100000000065,0.100000000041,0.100000000025,0.099999999983,0.099999999884,0.100000000062,0.099999999923
0.099999999874,0.100000000116,0.100000000047,0.100000000149,0.100000000092,0.100000000058,0.099999999961,0.099999999737,0.100000000142,0.099999999825
0.099999999941,0.100000000054,0.100000000022,0.100000000069,0.100000000043,0.100000000027,0.099999999982,0.099999999878,0.100000000066,0.099999999919
0.099999999949,0.100000000048,0.100000000019,0.100000000060,0.100000000038,0.100000000023,0.099999999985,0.099999999892,0.100000000057,0.099999999929
0.100000000075,0.099999999931,0.099999999972,0.099999999912,0.099999999945,0.099999999966,0.100000000023,0.100000000156,0.099999999916,0.100000000104
0.099999999960,0.100000000037,0.100000000015,0.100000000047,0.100000000029,0.100000000018,0.099999999988,0.099999999917,0.100000000044,0.099999999945
0.100000000098,0.099999999909,0.099999999963,0.099999999884,0.099999999928,0.099999999955,0.100000000030,0.100000000205,0.099999999889,0.100000000137
0.100000000088,0.099999999919,0.099999999967,0.099999999896,0.099999999936,0.099999999960,0.100000000027,0.100000000184,0.099999999901,0.100000000123
0.100000000164,0.099999999849,0.099999999938,0.099999999807,0.099999999880,0.099999999925,0.100000000051,0.100000000342,0.099999999815,0.100000000228
0.100000000100,0.099999999908,0.099999999962,0.099999999882,0.099999999927,0.099999999954,0.100000000031,0.100000000209,0.099999999887,0.100000000140
0.099999999932,0.100000000063,0.100000000026,0.100000000080,0.100000000050,0.100000000031,0.099999999979,0.099999999858,0.100000000076,0.099999999906
0.099999999845,0.100000000143,0.100000000058,0.100000000183,0.100000000113,0.100000000071,0.099999999952,0.099999999676,0.100000000175,0.099999999784
0.099999999793,0.100000000191,0.100000000078,0.100000000244,0.100000000151,0.100000000095,0.099999999936,0.099999999568,0.100000000233,0.099999999712
0.100000000083,0.099999999924,0.099999999969,0.099999999902,0.099999999940,0.099999999962,0.100000000026,0.100000000173,0.099999999907,0.100000000115
0.099999999809,0.100000000176,0.100000000072,0.100000000225,0.100000000139,0.100000000087,0.099999999941,0.099999999603,0.100000000214,0.099999999735
0.100000000078,0.099999999928,0.099999999971,0.099999999908,0.099999999943,0.099999999965,0.100000000024,0.100000000162,0.099999999913,0.100000000108
0.099999999900,0.100000000092,0.100000000038,0.100000000118,0.100000000073,0.100000000046,0.099999999969,0.099999999792,0.100000000112,0.099999999861
0.100000000206,0.099999999810,0.099999999923,0.099999999758,0.099999999850,0.099999999906,0.100000000064,0.100000000429,0.099999999769,0.100000000286
0.099999999889,0.100000000102,0.100000000042,0.100000000130,0.100000000081,0.100000000051,0.099999999966,0.099999999770,0.100000000124,0.099999999846
0.099999999805,0.100000000180,0.100000000073,0.100000000230,0.100000000142,0.100000000089,0.099999999939,0.099999999594,0.100000000219,0.099999999729
0.099999999846,0.100000000141,0.100000000058,0.100000000181,0.100000000112,0.100000000070,0.099999999952,0.099999999680,0.100000000173,0.099999999786
0.099999999901,0.100000000091,0.100000000037,0.100000000116,0.100000000072,0.100000000045,0.099999999970,0.099999999793,0.100000000111,0.099999999863
0.099999999795,0.100000000189,0.100000000077,0.100000000242,0.100000000150,0.100000000094,0.099999999936,0.099999999572,0.100000000231,0.099999999714
0.099999999921,0.100000000072,0.100000000030,0.100000000092,0.100000000057,0.100000000036,0.099999999976,0.099999999836,0.100000000088,0.099999999891
0.099999999823,0.100000000162,0.100000000066,0.100000000208,0.100000000129,0.100000000081,0.099999999945,0.099999999632,0.100000000199,0.099999999755
0.099999999866,0.100000000124,0.100000000051,0.100000000158,0.100000000098,0.100000000061,0.099999999958,0.099999999720,0.100000000151,0.099999999813
0.099999999960,0.100000000037,0.100000000015,0.100000000047,0.100000000029,0.100000000018,0.099999999988,0.099999999916,0.100000000045,0.099999999944
0.099999999903,0.100000000090,0.100000000037,0.100000000115,0.100000000071,0.100000000044,0.099999999970,0.099999999796,0.100000000109,0.099999999865
0.099999999931,0.100000000064,0.100000000026,0.100000000081,0.100000000051,0.100000000032,0.099999999979,0.099999999855,0.100000000077,0.099999999904
0.099999999944,0.100000000051,0.100000000021,0.100000000065,0.100000000041,0.100000000025,0.099999999983,0.099999999884,0.100000000062,0.099999999923
0.099999999926,0.100000000068,0.100000000028,0.100000000086,0.100000000054,0.100000000034,0.099999999978,0.099999999846,0.100000000082,0.099999999898
0.100000000136,0.099999999874,0.099999999949,0.099999999840,0.099999999901,0.099999999938,0.100000000042,0.100000000284,0.099999999847,0.100000000189
0.099999999999,0.100000000001,0.100000000000,0.100000000000,0.100000000001,0.100000000000,0.100000000001,0.099999999998,0.100000000000,0.099999999999
0.099999999891,0.100000000101,0.100000000041,0.100000000129,0.100000000080,0.100000000050,0.099999999966,0.099999999772,0.100000000123,0.099999999848
0.100000000214,0.099999999803,0.099999999920,0.099999999749,0.099999999844,0.099999999902,0.100000000066,0.100000000446,0.099999999760,0.100000000297
0.099999999965,0.100000000033,0.100000000013,0.100000000041,0.100000000026,0.100000000016,0.099999999989,0.099999999926,0.100000000040,0.099999999951
0.099999999979,0.100000000020,0.100000000008,0.100000000025,0.100000000016,0.100000000010,0.099999999994,0.099999999956,0.100000000023,0.099999999971
0.099999999766,0.100000000215,0.100000000088,0.100000000276,0.100000000170,0.100000000107,0.099999999927,0.099999999513,0.100000000263,0.099999999675
0.099999999952,0.100000000045,0.100000000018,0.100000000056,0.100000000035,0.100000000022,0.099999999985,0.099999999899,0.100000000054,0.099999999933
0.099999999806,0.100000000179,0.100000000073,0.100000000229,0.100000000142,0.100000000089,0.099999999940,0.099999999595,0.100000000219,0.099999999730
0.099999999939,0.100000000056,0.100000000023,0.100000000072,0.100000000044,0.100000000028,0.099999999981,0.099999999873,0.100000000068,0.099999999915
0.099999999914,0.100000000079,0.100000000032,0.100000000101,0.100000000063,0.100000000039,0.099999999974,0.099999999821,0.100000000096,0.099999999881
0.099999999978,0.100000000021,0.100000000008,0.100000000025,0.100000000017,0.100000000010,0.099999999994,0.099999999953,0.100000000024,0.099999999969
0.100000000137,0.099999999874,0.099999999949,0.099999999839,0.099999999900,0.099999999938,0.100000000042,0.100000000285,0.099999999847,0.100000000190
0.099999999932,0.100000000063,0.100000000026,0.100000000080,0.100000000050,0.100000000031,0.099999999979,0.099999999858,0.100000000076,0.099999999905
0.099999999986,0.100000000014,0.100000000005,0.100000000016,0.100000000011,0.100000000007,0.099999999996,0.099999999969,0.100000000016,0.099999999980
0.099999999965,0.100000000033,0.100000000013,0.100000000041,0.100000000027,0.100000000016,0.099999999990,0.099999999925,0.100000000039,0.099999999951
0.099999999758,0.100000000224,0.100000000091,0.100000000285,0.100000000177,0.100000000111,0.099999999925,0.099999999495,0.100000000272,0.099999999663
0.099999999968,0.100000000030,0.100000000012,0.100000000038,0.100000000024,0.100000000015,0.099999999990,0.099999999932,0.100000000036,0.099999999955
0.100000000101,0.099999999907,0.099999999962,0.099999999881,0.099999999927,0.099999999954,0.100000000031,0.100000000210,0.099999999887,0.100000000140
0.099999999879,0.100000000111,0.100000000046,0.100000000143,0.100000000088,0.100000000055,0.099999999962,0.099999999748,0.100000000136,0.099999999832
0.099999999865,0.100000000124,0.100000000051,0.100000000159,0.100000000098,0.100000000061,0.099999999958,0.099999999719,0.100000000151,0.099999999813
0.100000000133,0.099999999877,0.099999999950,0.099999999844,0.099999999903,0.099999999939,0.100000000041,0.100000000278,0.099999999851,0.100000000185
0.099999999926,0.100000000068,0.100000000028,0.100000000087,0.100000000054,0.100000000034,0.099999999977,0.099999999845,0.100000000083,0.099999999897
0.099999999910,0.100000000083,0.100000000034,0.100000000106,0.100000000066,0.100000000041,0.099999999972,0.099999999812,0.100000000102,0.099999999875
0.099999999826,0.100000000160,0.100000000066,0.100000000205,0.100000000127,0.100000000080,0.099999999946,0.099999999637,0.100000000196,0.099999999758
0.099999999741,0.100000000238,0.100000000097,0.100000000305,0.100000000189,0.100000000118,0.099999999920,0.099999999461,0.100000000291,0.099999999640
0.099999999945,0.100000000051,0.100000000021,0.100000000065,0.100000000040,0.100000000025,0.099999999983,0.099999999884,0.100000000062,0.099999999923
0.099999999790,0.100000000193,0.100000000079,0.100000000247,0.100000000153,0.100000000096,0.099999999935,0.099999999563,0.100000000236,0.099999999708
0.100000000159,0.099999999854,0.099999999940,0.099999999813,0.099999999884,0.099999999927,0.100000000049,0.100000000331,0.099999999821,0.100000000221
0.099999999947,0.100000000049,0.100000000020,0.100000000062,0.100000000039,0.100000000024,0.099999999984,0.099999999890,0.100000000059,0.099999999927
0.099999999856,0.100000000133,0.100000000054,0.100000000170,0.100000000105,0.100000000066,0.099999999955,0.099999999699,0.100000000162,0.099999999799
0.099999999817,0.100000000168,0.100000000069,0.100000000215,0.100000000133,0.100000000083,0.099999999943,0.099999999620,0.100000000205,0.099999999746
0.100000000129,0.099999999882,0.099999999952,0.099999999848,0.099999999906,0.099999999941,0.100000000040,0.100000000268,0.099999999855,0.100000000179
0.099999999794,0.100000000189,0.100000000077,0.100000000242,0.100000000150,0.100000000094,0.099999999936,0.099999999572,0.100000000231,0.099999999714
0.099999999907,0.100000000086,0.100000000035,0.100000000109,0.100000000068,0.100000000042,0.099999999971,0.099999999806,0.100000000104,0.099999999871
0.099999999829,0.100000000158,0.100000000064,0.100000000202,0.100000000125,0.100000000078,0.099999999947,0.099999999643,0.100000000192,0.099999999762
0.100000000156,0.099999999856,0.099999999941,0.099999999816,0.099999999886,0.099999999929,0.100000000048,0.100000000326,0.099999999824,0.100000000217
0.100000000164,0.099999999849,0.099999999938,0.099999999807,0.099999999880,0.099999999925,0.100000000051,0.100000000342,0.099999999816,0.100000000228
0.100000000137,0.099999999874,0.099999999949,0.099999999839,0.099999999900,0.099999999937,0.100000000042,0.100000000286,0.099999999846,0.100000000190
0.100000000202,0.099999999813,0.099999999924,0.099999999762,0.099999999852,0.099999999908,0.100000000063,0.100000000422,0.099999999773,0.100000000281
0.099999999778,0.100000000205,0.100000000083,0.100000000262,0.100000000162,0.100000000102,0.099999999931,0.099999999537,0.100000000250,0.099999999691
0.100000000101,0.099999999907,0.099999999962,0.099999999882,0.099999999926,0.099999999954,0.100000000031,0.100000000210,0.099999999887,0.100000000140
0.100000000071,0.099999999934,0.099999999973,0.099999999916,0.099999999948,0.099999999967,0.100000000022,0.100000000149,0.099999999920,0.100000000099
0.100000000110,0.099999999898,0.099999999959,0.099999999870,0.099999999919,0.099999999950,0.100000000034,0.100000000230,0.099999999876,0.100000000153
0.100000000213,0.099999999804,0.099999999920,0.099999999749,0.099999999844,0.099999999903,0.100000000066,0.100000000444,0.099999999761,0.100000000296
0.100000000141,0.099999999870,0.099999999947,0.099999999834,0.099999999897,0.099999999935,0.100000000044,0.100000000295,0.099999999841,0.100000000196
0.100000000045,0.099999999959,0.099999999983,0.099999999947,0.099999999967,0.099999999980,0.100000000014,0.100000000094,0.099999999950,0.100000000062
0.100000000080,0.099999999927,0.099999999970,0.099999999906,0.099999999942,0.099999999963,0.100000000025,0.100000000166,0.099999999910,0.100000000111
0.100000000144,0.099999999867,0.099999999946,0.099999999831,0.099999999895,0.099999999934,0.100000000044,0.100000000300,0.099999999838,0.100000000200
0.099999999737,0.100000000242,0.100000000099,0.100000000310,0.100000000191,0.100000000120,0.099999999918,0.099999999453,0.100000000295,0.099999999635
0.099999999790,0.100000000193,0.100000000079,0.100000000248,0.100000000153,0.100000000096,0.099999999935,0.099999999562,0.100000000236,0.099999999708
0.099999999709,0.100000000268,0.100000000109,0.100000000343,0.100000000212,0.100000000133,0.099999999909,0.099999999393,0.100000000328,0.099999999595
0.100000000046,0.099999999957,0.099999999983,0.099999999946,0.099999999966,0.099999999979,0.100000000014,0.100000000096,0.099999999948,0.100000000064
0.099999999781,0.100000000202,0.100000000082,0.100000000258,0.100000000160,0.100000000100,0.099999999932,0.099999999544,0.100000000246,0.099999999696
0.099999999865,0.100000000124,0.100000000051,0.100000000159,0.100000000098,0.100000000062,0.099999999958,0.099999999719,0.100000000152,0.099999999812
0.099999999870,0.100000000120,0.100000000049,0.100000000153,0.100000000095,0.100000000060,0.099999999960,0.099999999729,0.100000000146,0.099999999819
0.100000000070,0.099999999935,0.099999999974,0.099999999917,0.099999999949,0.099999999968,0.100000000022,0.100000000147,0.099999999921,0.100000000098
0.100000000088,0.099999999919,0.099999999967,0.099999999896,0.099999999936,0.099999999960,0.100000000028,0.100000000184,0.099999999901,0.100000000123
0.099999999675,0.100000000307,0.100000000123,0.100000000379,0.100000000244,0.100000000148,0.099999999904,0.099999999313,0.100000000361,0.099999999547
0.100000000119,0.099999999890,0.099999999955,0.099999999860,0.099999999913,0.099999999946,0.100000000037,0.100000000248,0.099999999867,0.100000000165
0.100000000063,0.099999999942,0.099999999976,0.099999999926,0.099999999954,0.099999999971,0.100000000020,0.100000000132,0.099999999929,0.100000000088
0.100000000024,0.099999999978,0.099999999991,0.099999999972,0.099999999982,0.099999999989,0.100000000007,0.100000000050,0.099999999973,0.100000000033
0.100000000138,0.099999999873,0.099999999948,0.099999999838,0.099999999899,0.099999999937,0.100000000043,0.100000000288,0.099999999845,0.100000000192
0.099999999974,0.100000000024,0.100000000010,0.100000000029,0.100000000020,0.100000000012,0.099999999993,0.099999999945,0.100000000028,0.099999999964
0.099999999974,0.100000000024,0.100000000010,0.100000000030,0.100000000019,0.100000000012,0.099999999993,0.099999999946,0.100000000028,0.099999999964
0.099999999979,0.100000000020,0.100000000008,0.100000000024,0.100000000016,0.100000000009,0.099999999994,0.099999999956,0.100000000022,0.099999999971
0.100000000008,0.099999999992,0.099999999997,0.099999999990,0.099999999994,0.099999999996,0.100000000003,0.100000000017,0.099999999990,0.100000000012
0.100000000164,0.099999999849,0.099999999938,0.099999999807,0.099999999881,0.099999999925,0.100000000051,0.100000000341,0.099999999816,0.100000000228
0.099999999910,0.100000000083,0.100000000034,0.100000000105,0.100000000066,0.100000000041,0.099999999973,0.099999999812,0.100000000100,0.099999999875
0.099999999978,0.100000000021,0.100000000008,0.100000000026,0.100000000017,0.100000000010,0.099999999994,0.099999999952,0.100000000024,0.099999999969
0.099999999975,0.100000000024,0.100000000010,0.100000000029,0.100000000019,0.100000000011,0.099999999993,0.099999999946,0.100000000028,0.099999999965
0.099999999966,0.100000000032,0.100000000013,0.100000000039,0.100000000026,0.100000000015,0.099999999990,0.099999999928,0.100000000038,0.099999999953
0.099999999968,0.100000000030,0.100000000012,0.100000000038,0.100000000024,0.100000000015,0.099999999991,0.099999999932,0.100000000036,0.099999999955
0.099999999969,0.100000000029,0.100000000012,0.100000000036,0.100000000024,0.100000000014,0.099999999991,0.099999999934,0.100000000034,0.099999999957
0.099999999974,0.100000000024,0.100000000010,0.100000000030,0.100000000019,0.100000000012,0.099999999993,0.099999999946,0.100000000028,0.099999999964
0.099999999956,0.100000000041,0.100000000017,0.100000000051,0.100000000033,0.100000000020,0.099999999987,0.099999999907,0.100000000049,0.099999999939
0.099999999964,0.100000000034,0.100000000014,0.100000000042,0.100000000027,0.100000000016,0.099999999989,0.099999999924,0.100000000040,0.099999999950
0.099999999987,0.100000000013,0.100000000005,0.100000000015,0.100000000010,0.100000000006,0.099999999996,0.099999999972,0.100000000015,0.099999999982
0.099999999975,0.100000000024,0.100000000009,0.100000000029,0.100000000019,0.100000000011,0.099999999993,0.099999999947,0.100000000028,0.099999999965
0.099999999973,0.100000000026,0.100000000010,0.100000000032,0.100000000021,0.100000000012,0.099999999992,0.099999999942,0.100000000030,0.099999999962
0.099999999868,0.100000000121,0.100000000050,0.100000000156,0.100000000096,0.100000000060,0.099999999959,0.099999999725,0.100000000149,0.099999999816
0.099999999903,0.100000000090,0.100000000036,0.100000000113,0.100000000071,0.100000000044,0.099999999971,0.099999999798,0.100000000108,0.099999999866
0.099999999737,0.100000000242,0.100000000099,0.100000000310,0.100000000192,0.100000000120,0.099999999918,0.099999999452,0.100000000296,0.099999999634
0.099999999841,0.100000000146,0.100000000060,0.100000000188,0.100000000116,0.100000000073,0.099999999950,0.099999999668,0.100000000179,0.099999999778
0.099999999787,0.100000000196,0.100000000080,0.100000000251,0.100000000155,0.100000000097,0.099999999934,0.099999999556,0.100000000240,0.099999999704
0.099999999828,0.100000000159,0.100000000065,0.100000000203,0.100000000126,0.100000000079,0.099999999947,0.099999999641,0.100000000194,0.099999999761
0.099999999855,0.100000000133,0.100000000054,0.100000000170,0.100000000105,0.100000000066,0.099999999955,0.099999999699,0.100000000163,0.099999999799
0.100000000127,0.099999999883,0.099999999952,0.099999999851,0.099999999907,0.099999999942,0.100000000039,0.100000000264,0.099999999858,0.100000000176
0.100000000185,0.099999999830,0.099999999931,0.099999999783,0.099999999865,0.099999999916,0.100000000057,0.100000000385,0.099999999793,0.100000000257
0.099999999818,0.100000000168,0.100000000068,0.100000000215,0.100000000133,0.100000000083,0.099999999943,0.099999999621,0.100000000205,0.099999999747
0.100000000283,0.099999999739,0.099999999893,0.099999999667,0.099999999793,0.099999999871,0.100000000087,0.100000000591,0.099999999682,0.100000000394
0.099999999825,0.100000000161,0.100000000066,0.100000000206,0.100000000128,0.100000000080,0.099999999946,0.099999999635,0.100000000197,0.099999999757
0.100000000127,0.099999999883,0.099999999952,0.099999999850,0.099999999907,0.099999999942,0.100000000039,0.100000000266,0.099999999857,0.100000000177
0.100000000174,0.099999999840,0.099999999935,0.099999999795,0.099999999873,0.099999999921,0.100000000054,0.100000000362,0.099999999805,0.100000000242
0.099999999908,0.100000000085,0.100000000035,0.100000000108,0.100000000067,0.100000000042,0.099999999972,0.099999999808,0.100000000103,0.099999999872
0.099999999967,0.100000000030,0.100000000012,0.100000000038,0.100000000024,0.100000000015,0.099999999990,0.099999999932,0.100000000037,0.099999999955
0.099999999892,0.100000000099,0.100000000040,0.100000000127,0.100000000079,0.100000000049,0.099999999967,0.099999999776,0.100000000121,0.099999999850
0.099999999865,0.100000000124,0.100000000051,0.100000000159,0.100000000098,0.100000000062,0.099999999958,0.099999999718,0.100000000152,0.099999999812
0.099999999942,0.100000000054,0.100000000022,0.100000000069,0.100000000043,0.100000000027,0.099999999982,0.099999999878,0.100000000066,0.099999999919
0.099999999940,0.100000000055,0.100000000023,0.100000000071,0.100000000044,0.100000000028,0.099999999981,0.099999999874,0.100000000068,0.099999999916
0.100000000197,0.099999999818,0.099999999926,0.099999999768,0.099999999856,0.099999999910,0.100000000061,0.100000000411,0.099999999779,0.100000000274
0.099999999930,0.100000000064,0.100000000026,0.100000000082,0.100000000051,0.100000000032,0.099999999979,0.099999999855,0.100000000078,0.099999999903
0.099999999971,0.100000000027,0.100000000011,0.100000000034,0.100000000021,0.100000000013,0.099999999991,0.099999999939,0.100000000032,0.099999999960
0.099999999918,0.100000000075,0.100000000031,0.100000000096,0.100000000060,0.100000000037,0.099999999975,0.099999999830,0.100000000092,0.099999999886
0.099999999951,0.100000000045,0.100000000018,0.100000000057,0.100000000036,0.100000000022,0.099999999985,0.099999999898,0.100000000055,0.099999999932
0.099999999870,0.100000000120,0.100000000049,0.100000000153,0.100000000095,0.100000000060,0.099999999960,0.099999999728,0.100000000146,0.099999999819
0.099999999964,0.100000000034,0.100000000014,0.100000000042,0.100000000027,0.100000000017,0.099999999989,0.099999999924,0.100000000041,0.099999999950
0.099999999866,0.100000000124,0.100000000050,0.100000000158,0.100000000098,0.100000000061,0.099999999958,0.099999999720,0.100000000151,0.099999999813
0.099999999933,0.100000000062,0.100000000025,0.100000000079,0.100000000049,0.100000000031,0.099999999979,0.099999999859,0.100000000076,0.099999999906
0.099999999800,0.100000000184,0.100000000075,0.100000000236,0.100000000146,0.100000000091,0.099999999938,0.099999999583,0.100000000225,0.099999999722
0.099999999960,0.100000000037,0.100000000015,0.100000000047,0.100000000029,0.100000000018,0.099999999988,0.099999999916,0.100000000045,0.099999999944
0.099999999996,0.100000000003,0.100000000001,0.100000000004,0.100000000003,0.100000000002,0.099999999999,0.099999999992,0.100000000004,0.099999999995
0.099999999962,0.100000000035,0.100000000014,0.100000000044,0.100000000028,0.100000000017,0.099999999989,0.099999999920,0.100000000042,0.099999999947
0.099999999913,0.100000000080,0.100000000033,0.100000000103,0.100000000064,0.100000000040,0.099999999973,0.099999999818,0.100000000098,0.099999999879
0.099999999939,0.100000000056,0.100000000023,0.100000000072,0.100000000044,0.100000000028,0.099999999981,0.099999999873,0.100000000068,0.099999999915
0.099999999954,0.100000000042,0.100000000017,0.100000000054,0.100000000033,0.100000000021,0.099999999986,0.099999999904,0.100000000052,0.099999999936
0.099999999944,0.100000000052,0.100000000021,0.100000000066,0.100000000041,0.100000000026,0.099999999983,0.099999999883,0.100000000063,0.099999999922
0.099999999916,0.100000000077,0.100000000031,0.100000000098,0.100000000061,0.100000000038,0.099999999974,0.099999999826,0.100000000094,0.099999999884
0.099999999981,0.100000000018,0.100000000007,0.100000000022,0.100000000014,0.100000000009,0.099999999994,0.099999999960,0.100000000021,0.099999999973
0.099999999997,0.100000000003,0.100000000001,0.100000000004,0.100000000003,0.100000000001,0.099999999999,0.099999999992,0.100000000003,0.099999999995
0.100000000011,0.099999999990,0.099999999996,0.099999999987,0.099999999992,0.099999999995,0.100000000004,0.100000000023,0.099999999987,0.100000000015
0.099999999987,0.100000000012,0.100000000005,0.100000000015,0.100000000010,0.100000000006,0.099999999996,0.099999999973,0.100000000014,0.099999999982
0.099999999675,0.100000000307,0.100000000123,0.100000000379,0.100000000244,0.100000000148,0.099999999904,0.099999999313,0.100000000361,0.099999999547
0.100000000003,0.099999999998,0.099999999999,0.099999999997,0.099999999998,0.099999999999,0.100000000001,0.100000000005,0.099999999997,0.100000000003
0.099999999779,0.100000000203,0.100000000083,0.100000000260,0.100000000161,0.100000000101,0.099999999931,0.099999999540,0.100000000248,0.099999999693
0.099999999934,0.100000000061,0.100000000025,0.100000000078,0.100000000048,0.100000000030,0.099999999980,0.099999999863,0.100000000074,0.099999999908
0.099999999964,0.100000000033,0.100000000014,0.100000000042,0.100000000026,0.100000000016,0.099999999989,0.099999999925,0.100000000040,0.099999999950
0.099999999976,0.100000000022,0.100000000009,0.100000000028,0.100000000017,0.100000000011,0.099999999993,0.099999999951,0.100000000027,0.099999999967
0.099999999931,0.100000000064,0.100000000026,0.100000000082,0.100000000051,0.100000000032,0.099999999979,0.099999999855,0.100000000078,0.099999999904
0.099999999956,0.100000000041,0.100000000017,0.100000000052,0.100000000032,0.100000000020,0.099999999987,0.099999999908,0.100000000049,0.099999999939
0.099999999923,0.100000000071,0.100000000029,0.100000000090,0.100000000056,0.100000000035,0.099999999977,0.099999999840,0.100000000086,0.099999999893
0.099999999899,0.100000000093,0.100000000038,0.100000000119,0.100000000074,0.100000000046,0.099999999969,0.099999999789,0.100000000114,0.099999999859
0.099999999922,0.100000000072,0.100000000029,0.100000000091,0.100000000057,0.100000000036,0.099999999976,0.099999999838,0.100000000087,0.099999999892
0.099999999929,0.100000000065,0.100000000027,0.100000000083,0.100000000052,0.100000000032,0.099999999978,0.099999999853,0.100000000079,0.099999999902
0.099999999868,0.100000000121,0.100000000049,0.100000000155,0.100000000096,0.100000000060,0.099999999959,0.099999999725,0.100000000148,0.099999999817
0.099999999874,0.100000000116,0.100000000047,0.100000000148,0.100000000092,0.100000000058,0.099999999961,0.099999999737,0.100000000142,0.099999999825
0.099999999965,0.100000000033,0.100000000013,0.100000000042,0.100000000026,0.100000000016,0.099999999989,0.099999999926,0.100000000040,0.099999999951
0.099999999675,0.100000000307,0.100000000123,0.100000000379,0.100000000244,0.100000000148,0.099999999904,0.099999999313,0.100000000361,0.099999999547
0.099999999944,0.100000000052,0.100000000021,0.100000000066,0.100000000041,0.100000000026,0.099999999983,0.099999999883,0.100000000063,0.099999999922
0.099999999817,0.100000000168,0.100000000069,0.100000000215,0.100000000133,0.100000000084,0.099999999943,0.099999999619,0.100000000206,0.099999999746
0.099999999878,0.100000000112,0.100000000046,0.100000000144,0.100000000089,0.100000000056,0.099999999962,0.099999999746,0.100000000137,0.099999999830
0.099999999923,0.100000000071,0.100000000029,0.100000000091,0.100000000056,0.100000000035,0.099999999976,0.099999999839,0.100000000087,0.099999999893
0.099999999913,0.100000000080,0.100000000033,0.100000000103,0.100000000063,0.100000000040,0.099999999973,0.099999999819,0.100000000098,0.099999999879
0.099999999954,0.100000000042,0.100000000017,0.100000000054,0.100000000033,0.100000000021,0.099999999986,0.099999999904,0.100000000052,0.099999999936
0.099999999901,0.100000000091,0.100000000037,0.100000000117,0.100000000072,0.100000000045,0.099999999969,0.099999999794,0.100000000111,0.099999999862
0.099999999845,0.100000000142,0.100000000058,0.100000000182,0.100000000113,0.100000000071,0.099999999952,0.099999999678,0.100000000174,0.099999999785
0.099999999825,0.100000000161,0.100000000066,0.100000000206,0.100000000127,0.100000000080,0.099999999946,0.099999999636,0.100000000196,0.099999999757
0.099999999837,0.100000000150,0.100000000061,0.100000000192,0.100000000119,0.100000000075,0.099999999949,0.099999999660,0.100000000183,0.099999999773
0.099999999880,0.100000000111,0.100000000045,0.100000000142,0.100000000088,0.100000000055,0.099999999963,0.099999999749,0.100000000135,0.099999999833
0.099999999781,0.100000000201,0.100000000082,0.100000000258,0.100000000160,0.100000000100,0.099999999932,0.099999999544,0.100000000246,0.099999999696
0.099999999845,0.100000000143,0.100000000058,0.100000000183,0.100000000113,0.100000000071,0.099999999952,0.099999999676,0.100000000175,0.099999999784
0.099999999957,0.100000000039,0.100000000016,0.100000000050,0.100000000031,0.100000000019,0.099999999987,0.099999999911,0.100000000048,0.099999999941
0.100000000174,0.099999999840,0.099999999935,0.099999999795,0.099999999873,0.099999999920,0.100000000054,0.100000000363,0.099999999804,0.100000000242
0.100000000117,0.099999999892,0.099999999956,0.099999999863,0.099999999915,0.099999999947,0.100000000036,0.100000000243,0.099999999869,0.100000000162
0.099999999700,0.100000000277,0.100000000113,0.100000000354,0.100000000219,0.100000000137,0.099999999907,0.099999999374,0.100000000338,0.099999999583
0.099999999806,0.100000000179,0.100000000073,0.100000000229,0.100000000142,0.100000000089,0.099999999940,0.099999999595,0.100000000219,0.099999999730
0.100000000163,0.099999999849,0.099999999939,0.099999999808,0.099999999881,0.099999999925,0.100000000051,0.100000000341,0.099999999816,0.100000000227
0.099999999783,0.100000000200,0.100000000082,0.100000000256,0.100000000158,0.100000000099,0.099999999932,0.099999999547,0.100000000244,0.099999999698
0.099999999834,0.100000000152,0.100000000062,0.100000000195,0.100000000121,0.100000000076,0.099999999948,0.099999999655,0.100000000186,0.099999999770
0.100000000004,0.099999999996,0.099999999998,0.099999999995,0.099999999997,0.099999999998,0.100000000001,0.100000000009,0.099999999995,0.100000000006
0.100000000130,0.099999999880,0.099999999951,0.099999999847,0.099999999905,0.099999999940,0.100000000040,0.100000000272,0.099999999854,0.100000000181
0.100000000159,0.099999999853,0.099999999940,0.099999999812,0.099999999883,0.099999999927,0.100000000049,0.100000000333,0.099999999821,0.100000000222
0.099999999774,0.100000000208,0.100000000085,0.100000000266,0.100000000165,0.100000000103,0.099999999930,0.099999999529,0.100000000254,0.099999999686
0.100000000136,0.099999999875,0.099999999949,0.099999999839,0.099999999901,0.099999999938,0.100000000042,0.100000000284,0.099999999847,0.100000000189
0.099999999818,0.100000000168,0.100000000068,0.100000000214,0.100000000133,0.100000000083,0.099999999944,0.099999999621,0.100000000204,0.099999999747
0.099999999983,0.100000000016,0.100000000006,0.100000000020,0.100000000013,0.100000000008,0.099999999995,0.099999999964,0.100000000019,0.099999999976
0.099999999843,0.100000000144,0.100000000059,0.100000000185,0.100000000114,0.100000000072,0.099999999951,0.099999999673,0.100000000177,0.099999999782
0.100000000207,0.099999999809,0.099999999922,0.099999999756,0.099999999849,0.099999999905,0.100000000064,0.100000000432,0.099999999768,0.100000000288
0.099999999871,0.100000000119,0.100000000049,0.100000000152,0.100000000094,0.100000000059,0.099999999960,0.099999999731,0.100000000145,0.099999999820
0.099999999811,0.100000000174,0.100000000071,0.100000000223,0.100000000138,0.100000000087,0.099999999941,0.099999999605,0.100000000213,0.099999999737
0.099999999878,0.100000000113,0.100000000046,0.100000000144,0.100000000089,0.100000000056,0.099999999962,0.099999999745,0.100000000137,0.099999999830
0.100000000100,0.099999999908,0.099999999962,0.099999999882,0.099999999927,0.099999999954,0.100000000031,0.100000000208,0.099999999888,0.100000000139
0.099999999831,0.100000000155,0.100000000064,0.100000000199,0.100000000123,0.100000000077,0.099999999948,0.099999999648,0.100000000190,0.099999999765
0.100000000215,0.099999999802,0.099999999919,0.099999999747,0.099999999843,0.099999999902,0.100000000066,0.100000000448,0.099999999759,0.100000000299
0.099999999798,0.100000000186,0.100000000076,0.100000000238,0.100000000147,0.100000000092,0.099999999937,0.099999999578,0.100000000228,0.099999999719
0.099999999919,0.100000000075,0.100000000031,0.100000000096,0.100000000059,0.100000000037,0.099999999975,0.099999999831,0.100000000091,0.099999999887
0.100000000135,0.099999999875,0.099999999949,0.099999999841,0.099999999901,0.099999999938,0.100000000042,0.100000000282,0.099999999848,0.100000000188
0.100000000181,0.099999999833,0.099999999932,0.099999999787,0.099999999868,0.099999999917,0.100000000056,0.100000000378,0.099999999796,0.100000000252
0.100000000149,0.099999999863,0.099999999944,0.099999999825,0.099999999891,0.099999999932,0.100000000046,0.100000000311,0.099999999833,0.100000000207
0.099999999801,0.100000000183,0.100000000075,0.100000000234,0.100000000145,0.100000000091,0.099999999938,0.099999999586,0.100000000224,0.099999999724
0.100000000124,0.099999999886,0.099999999953,0.099999999854,0.099999999910,0.099999999943,0.100000000038,0.100000000258,0.099999999861,0.100000000172
0.100000000168,0.099999999845,0.099999999937,0.099999999802,0.099999999877,0.099999999923,0.100000000052,0.100000000351,0.099999999812,0.100000000234
0.099999999886,0.100000000105,0.100000000043,0.100000000135,0.100000000083,0.100000000052,0.099999999965,0.099999999762,0.100000000128,0.099999999841
0.099999999817,0.100000000168,0.100000000069,0.100000000215,0.100000000133,0.100000000084,0.099999999943,0.099999999619,0.100000000206,0.099999999746
0.099999999805,0.100000000180,0.100000000073,0.100000000229,0.100000000142,0.100000000089,0.099999999940,0.099999999594,0.100000000219,0.099999999729
0.099999999814,0.100000000171,0.100000000070,0.100000000220,0.100000000136,0.100000000085,0.099999999942,0.099999999612,0.100000000210,0.099999999741
0.099999999879,0.100000000111,0.100000000046,0.100000000142,0.100000000088,0.100000000055,0.099999999963,0.099999999748,0.100000000136,0.099999999832
0.100000000179,0.099999999835,0.099999999933,0.099999999790,0.099999999869,0.099999999918,0.100000000055,0.100000000373,0.099999999799,0.100000000248
0.099999999747,0.100000000233,0.100000000095,0.100000000298,0.100000000184,0.100000000115,0.099999999921,0.099999999473,0.100000000284,0.099999999649
0.099999999844,0.100000000143,0.100000000059,0.100000000184,0.100000000114,0.100000000071,0.099999999951,0.099999999675,0.100000000176,0.099999999783
0.099999999798,0.100000000186,0.100000000076,0.100000000238,0.100000000147,0.100000000092,0.099999999937,0.099999999579,0.100000000227,0.099999999719
0.099999999911,0.100000000082,0.100000000033,0.100000000105,0.100000000065,0.100000000041,0.099999999972,0.099999999814,0.100000000100,0.099999999876
0.099999999997,0.100000000003,0.100000000001,0.100000000003,0.100000000002,0.100000000001,0.099999999999,0.099999999994,0.100000000003,0.099999999996
0.099999999875,0.100000000115,0.100000000047,0.100000000147,0.100000000091,0.100000000057,0.099999999961,0.099999999740,0.100000000140,0.099999999827
0.099999999961,0.100000000035,0.100000000015,0.100000000045,0.100000000028,0.100000000018,0.099999999988,0.099999999920,0.100000000043,0.099999999946
0.099999999890,0.100000000101,0.100000000041,0.100000000130,0.100000000080,0.100000000050,0.099999999966,0.099999999771,0.100000000124,0.099999999847
0.099999999861,0.100000000128,0.100000000052,0.100000000163,0.100000000102,0.100000000063,0.099999999957,0.099999999710,0.100000000156,0.099999999807
0.100000000016,0.099999999985,0.099999999994,0.099999999981,0.099999999988,0.099999999993,0.100000000005,0.100000000034,0.099999999982,0.100000000023
0.099999999881,0.100000000110,0.100000000045,0.100000000141,0.100000000087,0.100000000055,0.099999999963,0.099999999751,0.100000000134,0.099999999834
0.099999999921,0.100000000072,0.100000000030,0.100000000093,0.100000000057,0.100000000036,0.099999999976,0.099999999836,0.100000000088,0.099999999891
0.100000000040,0.099999999963,0.099999999985,0.099999999953,0.099999999971,0.099999999982,0.100000000013,0.100000000084,0.099999999955,0.100000000056
0.099999999888,0.100000000103,0.100000000042,0.100000000132,0.100000000082,0.100000000051,0.099999999965,0.099999999766,0.100000000126,0.099999999844
0.100000000234,0.099999999784,0.099999999912,0.099999999724,0.099999999829,0.099999999893,0.100000000073,0.100000000489,0.099999999737,0.100000000326
0.100000000148,0.099999999863,0.099999999944,0.099999999825,0.099999999892,0.099999999932,0.100000000046,0.100000000309,0.099999999833,0.100000000206
0.099999999895,0.100000000097,0.100000000040,0.100000000124,0.100000000077,0.100000000048,0.099999999967,0.099999999780,0.100000000119,0.099999999853
0.100000000046,0.099999999958,0.099999999983,0.099999999946,0.099999999966,0.099999999979,0.100000000014,0.100000000096,0.099999999949,0.100000000064
0.099999999832,0.100000000154,0.100000000063,0.100000000197,0.100000000122,0.100000000077,0.099999999948,0.099999999651,0.100000000188,0.099999999767
0.099999999982,0.100000000017,0.100000000007,0.100000000021,0.100000000013,0.100000000008,0.099999999994,0.099999999962,0.100000000020,0.099999999975
0.099999999932,0.100000000063,0.100000000026,0.100000000080,0.100000000050,0.100000000031,0.099999999979,0.099999999858,0.100000000076,0.099999999906
0.100000000032,0.099999999970,0.099999999988,0.099999999962,0.099999999976,0.099999999985,0.100000000010,0.100000000067,0.099999999964,0.100000000045
0.099999999915,0.100000000078,0.100000000032,0.100000000100,0.100000000062,0.100000000039,0.099999999974,0.099999999823,0.100000000095,0.099999999882
0.099999999892,0.100000000099,0.100000000041,0.100000000127,0.100000000079,0.100000000049,0.099999999966,0.099999999775,0.100000000121,0.099999999850
0.099999999815,0.100000000171,0.100000000070,0.100000000218,0.100000000135,0.100000000085,0.099999999942,0.099999999614,0.100000000209,0.099999999742
0.099999999824,0.100000000162,0.100000000066,0.100000000208,0.100000000128,0.100000000081,0.099999999945,0.099999999633,0.100000000198,0.099999999755
0.099999999943,0.100000000053,0.100000000022,0.100000000068,0.100000000042,0.100000000026,0.099999999982,0.099999999880,0.100000000064,0.099999999920
0.100000000222,0.099999999796,0.099999999917,0.099999999739,0.099999999838,0.099999999899,0.100000000069,0.100000000462,0.099999999751,0.100000000308
0.099999999788,0.100000000195,0.100000000080,0.100000000250,0.100000000155,0.100000000097,0.099999999934,0.099999999558,0.100000000239,0.099999999705
0.099999999919,0.100000000075,0.100000000030,0.100000000095,0.100000000059,0.100000000037,0.099999999975,0.099999999831,0.100000000091,0.099999999887
0.100000000173,0.099999999841,0.099999999935,0.099999999797,0.099999999874,0.099999999921,0.100000000053,0.100000000360,0.099999999806,0.100000000240
0.099999999867,0.100000000123,0.100000000050,0.100000000157,0.100000000097,0.100000000061,0.099999999959,0.099999999722,0.100000000150,0.099999999815
0.099999999882,0.100000000109,0.100000000044,0.100000000139,0.100000000086,0.100000000054,0.099999999963,0.099999999754,0.100000000133,0.099999999836
0.100000000214,0.099999999803,0.099999999920,0.099999999749,0.099999999844,0.099999999902,0.100000000066,0.100000000445,0.099999999760,0.100000000297
0.099999999850,0.100000000138,0.100000000056,0.100000000177,0.100000000109,0.100000000069,0.099999999953,0.099999999687,0.100000000169,0.099999999791
0.100000000227,0.099999999791,0.099999999915,0.099999999733,0.099999999834,0.099999999896,0.100000000070,0.100000000474,0.099999999745,0.100000000315
0.100000000148,0.099999999864,0.099999999944,0.099999999826,0.099999999892,0.099999999932,0.100000000046,0.100000000308,0.099999999834,0.100000000205
0.099999999846,0.100000000142,0.100000000058,0.100000000181,0.100000000112,0.100000000070,0.099999999952,0.099999999679,0.100000000173,0.099999999786
0.100000000161,0.099999999852,0.099999999940,0.099999999811,0.099999999883,0.099999999927,0.100000000050,0.100000000335,0.099999999819,0.100000000223
0.100000000174,0.099999999839,0.099999999934,0.099999999795,0.099999999873,0.099999999920,0.100000000054,0.100000000364,0.099999999804,0.100000000242
0.099999999907,0.100000000086,0.100000000035,0.100000000109,0.100000000068,0.100000000042,0.099999999971,0.099999999806,0.100000000104,0.099999999871
0.100000000213,0.099999999804,0.099999999920,0.099999999750,0.099999999845,0.099999999903,0.100000000066,0.100000000444,0.099999999761,0.100000000296
0.099999999939,0.100000000056,0.100000000023,0.100000000072,0.100000000044,0.100000000028,0.099999999981,0.099999999873,0.100000000068,0.099999999915
0.099999999836,0.100000000151,0.100000000062,0.100000000193,0.100000000119,0.100000000075,0.099999999949,0.099999999659,0.100000000184,0.099999999772
0.100000000163,0.099999999850,0.099999999939,0.099999999809,0.099999999881,0.099999999926,0.100000000050,0.100000000339,0.099999999817,0.100000000226
0.099999999933,0.100000000062,0.100000000025,0.100000000079,0.100000000049,0.100000000031,0.099999999979,0.099999999861,0.100000000075,0.099999999907
0.099999999794,0.100000000189,0.100000000077,0.100000000242,0.100000000150,0.100000000094,0.099999999936,0.099999999572,0.100000000231,0.099999999714
0.099999999835,0.100000000152,0.100000000062,0.100000000194,0.100000000120,0.100000000075,0.099999999949,0.099999999657,0.100000000185,0.099999999771
0.100000000110,0.099999999899,0.099999999959,0.099999999870,0.099999999920,0.099999999950,0.100000000034,0.100000000230,0.099999999876,0.100000000153
0.099999999843,0.100000000144,0.100000000059,0.100000000184,0.100000000114,0.100000000071,0.099999999951,0.099999999674,0.100000000176,0.099999999782
0.099999999844,0.100000000144,0.100000000059,0.100000000184,0.100000000114,0.100000000071,0.099999999952,0.099999999675,0.100000000175,0.099999999783
0.099999999899,0.100000000094,0.100000000038,0.100000000119,0.100000000074,0.100000000046,0.099999999969,0.099999999788,0.100000000114,0.099999999859
0.099999999800,0.100000000184,0.100000000075,0.100000000236,0.100000000146,0.100000000091,0.099999999938,0.099999999583,0.100000000225,0.099999999722
0.100000000011,0.099999999990,0.099999999996,0.099999999987,0.099999999992,0.099999999995,0.100000000004,0.100000000023,0.099999999987,0.100000000015
0.099999999943,0.100000000053,0.100000000022,0.100000000068,0.100000000042,0.100000000026,0.099999999982,0.099999999880,0.100000000064,0.099999999920
0.099999999793,0.100000000190,0.100000000078,0.100000000244,0.100000000150,0.100000000094,0.099999999936,0.099999999570,0.100000000232,0.099999999713
0.099999999852,0.100000000137,0.100000000056,0.100000000175,0.100000000108,0.100000000068,0.099999999954,0.099999999691,0.100000000167,0.099999999794
0.099999999957,0.100000000039,0.100000000016,0.100000000050,0.100000000031,0.100000000019,0.099999999987,0.099999999911,0.100000000048,0.099999999941
0.099999999768,0.100000000214,0.100000000087,0.100000000274,0.100000000169,0.100000000106,0.099999999928,0.099999999516,0.100000000261,0.099999999677
0.099999999774,0.100000000208,0.100000000085,0.100000000266,0.100000000165,0.100000000103,0.099999999930,0.099999999529,0.100000000254,0.099999999686
0.099999999922,0.100000000072,0.100000000030,0.100000000092,0.100000000057,0.100000000036,0.099999999976,0.099999999836,0.100000000088,0.099999999891
0.099999999973,0.100000000025,0.100000000010,0.100000000032,0.100000000020,0.100000000012,0.099999999992,0.099999999943,0.100000000031,0.099999999962
0.099999999850,0.100000000138,0.100000000056,0.100000000176,0.100000000109,0.100000000068,0.099999999954,0.099999999688,0.100000000168,0.099999999792
0.099999999828,0.100000000158,0.100000000065,0.100000000203,0.100000000125,0.100000000079,0.099999999947,0.099999999642,0.100000000193,0.099999999761
0.099999999874,0.100000000116,0.100000000047,0.100000000148,0.100000000092,0.100000000058,0.099999999961,0.099999999737,0.100000000141,0.099999999825
0.099999999845,0.100000000143,0.100000000058,0.100000000183,0.100000000113,0.100000000071,0.099999999952,0.099999999676,0.100000000175,0.099999999784
0.099999999839,0.100000000149,0.100000000061,0.100000000190,0.100000000118,0.100000000074,0.099999999950,0.099999999663,0.100000000182,0.099999999776
0.099999999858,0.100000000130,0.100000000053,0.100000000167,0.100000000103,0.100000000065,0.099999999956,0.099999999705,0.100000000159,0.099999999803
0.099999999889,0.100000000102,0.100000000042,0.100000000130,0.100000000081,0.100000000051,0.099999999966,0.099999999770,0.100000000124,0.099999999846
0.099999999874,0.100000000116,0.100000000047,0.100000000148,0.100000000092,0.100000000058,0.099999999961,0.099999999738,0.100000000142,0.099999999825
0.099999999758,0.100000000224,0.100000000091,0.100000000285,0.100000000177,0.100000000111,0.099999999925,0.099999999495,0.100000000272,0.099999999663
0.100000000042,0.099999999961,0.099999999984,0.099999999951,0.099999999969,0.099999999981,0.100000000013,0.100000000087,0.099999999953,0.100000000058
0.099999999864,0.100000000125,0.100000000051,0.100000000160,0.100000000099,0.100000000062,0.099999999958,0.099999999717,0.100000000153,0.099999999811
0.099999999704,0.100000000273,0.100000000111,0.100000000349,0.100000000216,0.100000000135,0.099999999908,0.099999999382,0.100000000333,0.099999999588
0.099999999824,0.100000000162,0.100000000066,0.100000000208,0.100000000129,0.100000000081,0.099999999945,0.099999999633,0.100000000198,0.099999999755
0.099999999813,0.100000000172,0.100000000070,0.100000000221,0.100000000137,0.100000000086,0.099999999942,0.099999999610,0.100000000211,0.099999999740
0.099999999880,0.100000000111,0.100000000045,0.100000000141,0.100000000088,0.100000000055,0.099999999963,0.099999999750,0.100000000135,0.099999999833
0.099999999926,0.100000000068,0.100000000028,0.100000000087,0.100000000054,0.100000000034,0.099999999977,0.099999999845,0.100000000083,0.099999999897
0.099999999838,0.100000000149,0.100000000061,0.100000000191,0.100000000118,0.100000000074,0.099999999950,0.099999999663,0.100000000182,0.099999999775
0.099999999852,0.100000000136,0.100000000055,0.100000000174,0.100000000108,0.100000000067,0.099999999954,0.099999999692,0.100000000166,0.099999999795
0.099999999926,0.100000000068,0.100000000028,0.100000000087,0.100000000054,0.100000000034,0.099999999977,0.099999999846,0.100000000083,0.099999999897
0.099999999827,0.100000000160,0.100000000065,0.100000000204,0.100000000127,0.100000000079,0.099999999946,0.099999999639,0.100000000195,0.099999999759
0.099999999777,0.100000000205,0.100000000084,0.100000000263,0.100000000162,0.100000000102,0.099999999930,0.099999999535,0.100000000251,0.099999999690
0.099999999831,0.100000000156,0.100000000064,0.100000000200,0.100000000124,0.100000000077,0.099999999947,0.099999999647,0.100000000190,0.099999999764
0.099999999907,0.100000000086,0.100000000035,0.100000000109,0.100000000068,0.100000000042,0.099999999971,0.099999999806,0.100000000104,0.099999999871
0.099999999916,0.100000000078,0.100000000031,0.100000000099,0.100000000061,0.100000000038,0.099999999974,0.099999999825,0.100000000094,0.099999999883
0.099999999862,0.100000000127,0.100000000052,0.100000000162,0.100000000100,0.100000000063,0.099999999957,0.099999999713,0.100000000155,0.099999999809
0.099999999936,0.100000000060,0.100000000024,0.100000000076,0.100000000047,0.100000000029,0.099999999980,0.099999999865,0.100000000072,0.099999999910
0.099999999832,0.100000000155,0.100000000063,0.100000000198,0.100000000123,0.100000000077,0.099999999948,0.099999999649,0.100000000189,0.099999999766
0.099999999896,0.100000000096,0.100000000039,0.100000000122,0.100000000076,0.100000000047,0.099999999968,0.099999999784,0.100000000116,0.099999999856
0.099999999907,0.100000000087,0.100000000035,0.100000000110,0.100000000068,0.100000000043,0.099999999971,0.099999999805,0.100000000105,0.099999999870
0.099999999839,0.100000000149,0.100000000061,0.100000000190,0.100000000118,0.100000000074,0.099999999950,0.099999999663,0.100000000181,0.099999999776
0.099999999850,0.100000000138,0.100000000056,0.100000000176,0.100000000109,0.100000000068,0.099999999954,0.099999999688,0.100000000168,0.099999999792
0.099999999911,0.100000000083,0.100000000033,0.100000000105,0.100000000065,0.100000000041,0.099999999973,0.099999999814,0.100000000100,0.099999999876
0.099999999892,0.100000000100,0.100000000040,0.100000000127,0.100000000079,0.100000000049,0.099999999967,0.099999999776,0.100000000121,0.099999999851
0.099999999862,0.100000000128,0.100000000052,0.100000000163,0.100000000101,0.100000000063,0.099999999957,0.099999999711,0.100000000155,0.099999999808
0.099999999856,0.100000000133,0.100000000054,0.100000000169,0.100000000105,0.100000000065,0.099999999956,0.099999999700,0.100000000161,0.099999999800
0.099999999894,0.100000000098,0.100000000040,0.100000000124,0.100000000077,0.100000000048,0.099999999967,0.099999999780,0.100000000118,0.099999999853
0.099999999834,0.100000000153,0.100000000062,0.100000000195,0.100000000121,0.100000000076,0.099999999948,0.099999999654,0.100000000186,0.099999999769
0.099999999894,0.100000000099,0.100000000040,0.100000000125,0.100000000078,0.100000000048,0.099999999967,0.099999999778,0.100000000119,0.099999999852
0.099999999872,0.100000000118,0.100000000048,0.100000000150,0.100000000093,0.100000000058,0.099999999961,0.099999999734,0.100000000143,0.099999999823
0.099999999863,0.100000000127,0.100000000051,0.100000000161,0.100000000100,0.100000000063,0.099999999958,0.099999999713,0.100000000154,0.099999999809
0.099999999877,0.100000000113,0.100000000046,0.100000000144,0.100000000090,0.100000000056,0.099999999962,0.099999999744,0.100000000138,0.099999999830
0.099999999853,0.100000000136,0.100000000055,0.100000000174,0.100000000108,0.100000000067,0.099999999954,0.099999999692,0.100000000165,0.099999999795
0.099999999923,0.100000000072,0.100000000029,0.100000000091,0.100000000057,0.100000000035,0.099999999976,0.099999999839,0.100000000087,0.099999999893
0.099999999945,0.100000000051,0.100000000021,0.100000000064,0.100000000040,0.100000000025,0.099999999983,0.099999999885,0.100000000061,0.099999999924
0.099999999930,0.100000000065,0.100000000026,0.100000000082,0.100000000051,0.100000000032,0.099999999978,0.099999999854,0.100000000078,0.099999999903
0.099999999969,0.100000000029,0.100000000012,0.100000000036,0.100000000023,0.100000000014,0.099999999991,0.099999999935,0.100000000035,0.099999999957
0.099999999857,0.100000000132,0.100000000054,0.100000000168,0.100000000104,0.100000000065,0.099999999956,0.099999999702,0.100000000161,0.099999999801
0.099999999896,0.100000000097,0.100000000039,0.100000000123,0.100000000076,0.100000000048,0.099999999968,0.099999999782,0.100000000117,0.099999999855
0.099999999841,0.100000000146,0.100000000060,0.100000000187,0.100000000116,0.100000000073,0.099999999951,0.099999999669,0.100000000178,0.099999999779
0.099999999958,0.100000000039,0.100000000016,0.100000000049,0.100000000031,0.100000000019,0.099999999987,0.099999999913,0.100000000046,0.099999999942
0.099999999856,0.100000000133,0.100000000054,0.100000000170,0.100000000105,0.100000000066,0.099999999955,0.099999999699,0.100000000162,0.099999999800
0.099999999972,0.100000000026,0.100000000011,0.100000000033,0.100000000021,0.100000000013,0.099999999992,0.099999999941,0.100000000031,0.099999999961
0.099999999911,0.100000000082,0.100000000034,0.100000000105,0.100000000065,0.100000000041,0.099999999972,0.099999999814,0.100000000100,0.099999999876
0.099999999821,0.100000000164,0.100000000067,0.100000000211,0.100000000130,0.100000000082,0.099999999944,0.099999999628,0.100000000201,0.099999999751
0.099999999785,0.100000000198,0.100000000081,0.100000000253,0.100000000157,0.100000000098,0.099999999933,0.099999999552,0.100000000242,0.099999999701
0.099999999784,0.100000000199,0.100000000081,0.100000000255,0.100000000158,0.100000000099,0.099999999933,0.099999999549,0.100000000243,0.099999999699
0.099999999833,0.100000000154,0.100000000063,0.100000000197,0.100000000122,0.100000000076,0.099999999948,0.099999999651,0.100000000188,0.099999999767
0.099999999823,0.100000000163,0.100000000067,0.100000000209,0.100000000129,0.100000000081,0.099999999945,0.099999999631,0.100000000199,0.099999999754
0.099999999791,0.100000000193,0.100000000079,0.100000000246,0.100000000152,0.100000000095,0.099999999935,0.099999999564,0.100000000235,0.099999999709
0.099999999870,0.100000000120,0.100000000049,0.100000000153,0.100000000095,0.100000000059,0.099999999960,0.099999999729,0.100000000146,0.099999999819
0.099999999848,0.100000000140,0.100000000057,0.100000000179,0.100000000111,0.100000000070,0.099999999953,0.099999999683,0.100000000171,0.099999999788
0.099999999826,0.100000000160,0.100000000065,0.100000000205,0.100000000127,0.100000000079,0.099999999946,0.099999999638,0.100000000195,0.099999999758
0.099999999886,0.100000000105,0.100000000043,0.100000000135,0.100000000083,0.100000000052,0.099999999965,0.099999999762,0.100000000128,0.099999999841
0.099999999932,0.100000000063,0.100000000026,0.100000000080,0.100000000050,0.100000000031,0.099999999979,0.099999999858,0.100000000077,0.099999999905
0.099999999857,0.100000000132,0.100000000054,0.100000000169,0.100000000105,0.100000000065,0.099999999956,0.099999999701,0.100000000161,0.099999999801
0.099999999840,0.100000000148,0.100000000060,0.100000000189,0.100000000117,0.100000000073,0.099999999950,0.099999999666,0.100000000180,0.099999999777
0.099999999735,0.100000000244,0.100000000099,0.100000000312,0.100000000193,0.100000000121,0.099999999918,0.099999999448,0.100000000298,0.099999999632
0.099999999825,0.100000000161,0.100000000066,0.100000000206,0.100000000127,0.100000000080,0.099999999946,0.099999999636,0.100000000196,0.099999999757
0.099999999839,0.100000000148,0.100000000061,0.100000000190,0.100000000117,0.100000000074,0.099999999950,0.099999999664,0.100000000181,0.099999999776
0.099999999836,0.100000000151,0.100000000062,0.100000000193,0.100000000120,0.100000000075,0.099999999949,0.099999999658,0.100000000185,0.099999999772
0.099999999835,0.100000000152,0.100000000062,0.100000000195,0.100000000120,0.100000000075,0.099999999949,0.099999999656,0.100000000186,0.099999999770
0.099999999776,0.100000000206,0.100000000084,0.100000000264,0.100000000163,0.100000000102,0.099999999931,0.099999999534,0.100000000251,0.099999999689
0.099999999776,0.100000000206,0.100000000084,0.100000000264,0.100000000163,0.100000000102,0.099999999930,0.099999999534,0.100000000252,0.099999999689
0.099999999860,0.100000000129,0.100000000053,0.100000000165,0.100000000102,0.100000000064,0.099999999957,0.099999999708,0.100000000157,0.099999999805
0.099999999809,0.100000000176,0.100000000072,0.100000000225,0.100000000139,0.100000000087,0.099999999941,0.099999999602,0.100000000215,0.099999999734
0.099999999813,0.100000000172,0.100000000070,0.100000000221,0.100000000136,0.100000000086,0.099999999942,0.099999999610,0.100000000211,0.099999999740
0.099999999798,0.100000000186,0.100000000076,0.100000000238,0.100000000147,0.100000000092,0.099999999937,0.099999999580,0.100000000227,0.099999999720
0.099999999767,0.100000000214,0.100000000087,0.100000000274,0.100000000169,0.100000000106,0.099999999928,0.099999999515,0.100000000262,0.099999999677
0.099999999756,0.100000000224,0.100000000092,0.100000000287,0.100000000178,0.100000000111,0.099999999924,0.099999999492,0.100000000274,0.099999999661
0.099999999835,0.100000000152,0.100000000062,0.100000000194,0.100000000120,0.100000000075,0.099999999949,0.099999999656,0.100000000186,0.099999999771
0.099999999895,0.100000000097,0.100000000039,0.100000000123,0.100000000077,0.100000000048,0.099999999968,0.099999999781,0.100000000118,0.099999999854
0.099999999779,0.100000000203,0.100000000083,0.100000000260,0.100000000161,0.100000000101,0.099999999931,0.099999999539,0.100000000249,0.099999999693
0.099999999894,0.100000000098,0.100000000040,0.100000000125,0.100000000078,0.100000000049,0.099999999967,0.099999999778,0.100000000119,0.099999999852
0.099999999917,0.100000000077,0.100000000031,0.100000000098,0.100000000061,0.100000000038,0.099999999974,0.099999999826,0.100000000094,0.099999999884
0.099999999809,0.100000000176,0.100000000072,0.100000000225,0.100000000139,0.100000000087,0.099999999941,0.099999999602,0.100000000214,0.099999999735
0.099999999869,0.100000000121,0.100000000049,0.100000000154,0.100000000096,0.100000000060,0.099999999960,0.099999999726,0.100000000147,0.099999999818
0.099999999868,0.100000000122,0.100000000050,0.100000000155,0.100000000097,0.100000000060,0.099999999959,0.099999999724,0.100000000148,0.099999999816
0.099999999898,0.100000000094,0.100000000038,0.100000000120,0.100000000074,0.100000000046,0.099999999968,0.099999999788,0.100000000114,0.099999999859
0.099999999881,0.100000000110,0.100000000045,0.100000000141,0.100000000087,0.100000000054,0.099999999963,0.099999999751,0.100000000134,0.099999999834
0.099999999864,0.100000000126,0.100000000051,0.100000000161,0.100000000099,0.100000000062,0.099999999958,0.099999999716,0.100000000153,0.099999999810
0.099999999911,0.100000000083,0.100000000034,0.100000000105,0.100000000065,0.100000000041,0.099999999972,0.099999999813,0.100000000100,0.099999999876
0.099999999903,0.100000000089,0.100000000036,0.100000000114,0.100000000071,0.100000000044,0.099999999970,0.099999999798,0.100000000109,0.099999999865
0.099999999792,0.100000000192,0.100000000078,0.100000000245,0.100000000152,0.100000000095,0.099999999935,0.099999999566,0.100000000234,0.099999999710
0.099999999882,0.100000000109,0.100000000044,0.100000000139,0.100000000086,0.100000000054,0.099999999963,0.099999999754,0.100000000133,0.099999999836
0.099999999804,0.100000000180,0.100000000074,0.100000000231,0.100000000143,0.100000000089,0.099999999939,0.099999999592,0.100000000220,0.099999999728
0.099999999839,0.100000000149,0.100000000061,0.100000000190,0.100000000118,0.100000000074,0.099999999950,0.099999999664,0.100000000181,0.099999999776
0.099999999814,0.100000000171,0.100000000070,0.100000000219,0.100000000135,0.100000000085,0.099999999942,0.099999999613,0.100000000208,0.099999999742
0.099999999803,0.100000000181,0.100000000074,0.100000000232,0.100000000144,0.100000000090,0.099999999939,0.099999999589,0.100000000222,0.099999999726
0.099999999844,0.100000000144,0.100000000059,0.100000000184,0.100000000114,0.100000000071,0.099999999952,0.099999999674,0.100000000176,0.099999999783
0.099999999796,0.100000000188,0.100000000077,0.100000000241,0.100000000149,0.100000000093,0.099999999937,0.099999999575,0.100000000229,0.099999999716
0.099999999807,0.100000000177,0.100000000073,0.100000000228,0.100000000141,0.100000000088,0.099999999940,0.099999999598,0.100000000217,0.099999999732
0.099999999850,0.100000000138,0.100000000056,0.100000000177,0.100000000109,0.100000000068,0.099999999953,0.099999999688,0.100000000169,0.099999999792
0.099999999936,0.100000000059,0.100000000024,0.100000000075,0.100000000047,0.100000000029,0.099999999980,0.099999999867,0.100000000072,0.099999999911
0.099999999924,0.100000000069,0.100000000028,0.100000000089,0.100000000055,0.100000000035,0.099999999977,0.099999999842,0.100000000085,0.099999999895
0.099999999851,0.100000000138,0.100000000056,0.100000000176,0.100000000109,0.100000000068,0.099999999954,0.099999999688,0.100000000168,0.099999999792
0.099999999796,0.100000000188,0.100000000077,0.100000000241,0.100000000149,0.100000000093,0.099999999937,0.099999999575,0.100000000230,0.099999999716
0.099999999896,0.100000000096,0.100000000039,0.100000000123,0.100000000076,0.100000000048,0.099999999968,0.099999999782,0.100000000117,0.099999999855
0.099999999762,0.100000000219,0.100000000089,0.100000000281,0.100000000174,0.100000000109,0.099999999926,0.099999999504,0.100000000268,0.099999999669
0.099999999811,0.100000000174,0.100000000071,0.100000000222,0.100000000138,0.100000000086,0.099999999942,0.099999999606,0.100000000212,0.099999999738
0.099999999839,0.100000000149,0.100000000061,0.100000000190,0.100000000118,0.100000000074,0.099999999950,0.099999999664,0.100000000181,0.099999999776
0.099999999926,0.100000000068,0.100000000028,0.100000000087,0.100000000054,0.100000000034,0.099999999977,0.099999999846,0.100000000083,0.099999999897
0.099999999843,0.100000000144,0.100000000059,0.100000000185,0.100000000114,0.100000000072,0.099999999951,0.099999999673,0.100000000177,0.099999999782
0.099999999838,0.100000000149,0.100000000061,0.100000000191,0.100000000118,0.100000000074,0.099999999950,0.099999999662,0.100000000183,0.099999999774
0.099999999802,0.100000000182,0.100000000074,0.100000000233,0.100000000144,0.100000000090,0.099999999939,0.099999999588,0.100000000223,0.099999999725
0.099999999724,0.100000000255,0.100000000104,0.100000000326,0.100000000201,0.100000000126,0.099999999914,0.099999999424,0.100000000311,0.099999999616
0.099999999746,0.100000000233,0.100000000095,0.100000000299,0.100000000185,0.100000000116,0.099999999921,0.099999999472,0.100000000285,0.099999999647
0.099999999821,0.100000000164,0.100000000067,0.100000000210,0.100000000130,0.100000000082,0.099999999944,0.099999999628,0.100000000201,0.099999999752
0.099999999827,0.100000000159,0.100000000065,0.100000000204,0.100000000126,0.100000000079,0.099999999946,0.099999999639,0.100000000195,0.099999999759
0.099999999830,0.100000000156,0.100000000064,0.100000000200,0.100000000124,0.100000000077,0.099999999947,0.099999999647,0.100000000191,0.099999999764
0.099999999843,0.100000000144,0.100000000059,0.100000000185,0.100000000114,0.100000000072,0.099999999951,0.099999999673,0.100000000176,0.099999999782
0.099999999822,0.100000000164,0.100000000067,0.100000000210,0.100000000130,0.100000000081,0.099999999945,0.099999999629,0.100000000200,0.099999999752
0.099999999910,0.100000000083,0.100000000034,0.100000000107,0.100000000066,0.100000000041,0.099999999972,0.099999999812,0.100000000102,0.099999999874
0.099999999769,0.100000000212,0.100000000087,0.100000000272,0.100000000168,0.100000000105,0.099999999928,0.099999999520,0.100000000259,0.099999999680
0.099999999753,0.100000000227,0.100000000093,0.100000000290,0.100000000180,0.100000000113,0.099999999923,0.099999999486,0.100000000277,0.099999999657
0.099999999936,0.100000000059,0.100000000024,0.100000000075,0.100000000047,0.100000000029,0.099999999980,0.099999999867,0.100000000071,0.099999999911
0.099999999856,0.100000000133,0.100000000054,0.100000000170,0.100000000105,0.100000000066,0.099999999955,0.099999999700,0.100000000162,0.099999999800
0.099999999876,0.100000000114,0.100000000046,0.100000000146,0.100000000090,0.100000000056,0.099999999962,0.099999999743,0.100000000139,0.099999999828
0.099999999827,0.100000000160,0.100000000065,0.100000000204,0.100000000126,0.100000000079,0.099999999946,0.099999999640,0.100000000194,0.099999999760
0.099999999782,0.100000000200,0.100000000082,0.100000000257,0.100000000159,0.100000000099,0.099999999932,0.099999999546,0.100000000245,0.099999999697
0.099999999740,0.100000000239,0.100000000098,0.100000000306,0.100000000189,0.100000000119,0.099999999919,0.099999999459,0.100000000292,0.099999999639
0.099999999868,0.100000000122,0.100000000050,0.100000000156,0.100000000096,0.100000000060,0.099999999959,0.099999999724,0.100000000149,0.099999999816
0.099999999827,0.100000000159,0.100000000065,0.100000000204,0.100000000126,0.100000000079,0.099999999946,0.099999999640,0.100000000194,0.099999999760
0.099999999777,0.100000000206,0.100000000084,0.100000000263,0.100000000163,0.100000000102,0.099999999931,0.099999999535,0.100000000251,0.099999999690
0.099999999788,0.100000000195,0.100000000080,0.100000000249,0.100000000154,0.100000000097,0.099999999934,0.099999999559,0.100000000238,0.099999999706
0.099999999819,0.100000000167,0.100000000068,0.100000000213,0.100000000132,0.100000000083,0.099999999944,0.099999999623,0.100000000204,0.099999999748
0.099999999804,0.100000000181,0.100000000074,0.100000000232,0.100000000143,0.100000000090,0.099999999939,0.099999999591,0.100000000221,0.099999999727
0.099999999817,0.100000000169,0.100000000069,0.100000000216,0.100000000134,0.100000000084,0.099999999943,0.099999999618,0.100000000206,0.099999999745
0.099999999804,0.100000000180,0.100000000074,0.100000000231,0.100000000143,0.100000000089,0.099999999939,0.099999999592,0.100000000220,0.099999999728
0.099999999859,0.100000000130,0.100000000053,0.100000000166,0.100000000103,0.100000000065,0.099999999956,0.099999999705,0.100000000159,0.099999999803
0.099999999891,0.100000000101,0.100000000041,0.100000000129,0.100000000080,0.100000000050,0.099999999966,0.099999999772,0.100000000123,0.099999999848
0.099999999849,0.100000000139,0.100000000057,0.100000000178,0.100000000110,0.100000000069,0.099999999953,0.099999999686,0.100000000170,0.099999999791
0.099999999822,0.100000000164,0.100000000067,0.100000000209,0.100000000130,0.100000000081,0.099999999945,0.099999999629,0.100000000200,0.099999999753
0.099999999791,0.100000000193,0.100000000079,0.100000000246,0.100000000152,0.100000000095,0.099999999935,0.099999999564,0.100000000235,0.099999999709
0.099999999861,0.100000000128,0.100000000052,0.100000000164,0.100000000101,0.100000000063,0.099999999957,0.099999999711,0.100000000156,0.099999999807
0.099999999881,0.100000000110,0.100000000045,0.100000000140,0.100000000087,0.100000000054,0.099999999963,0.099999999752,0.100000000133,0.099999999835
0.099999999853,0.100000000135,0.100000000055,0.100000000173,0.100000000107,0.100000000067,0.099999999954,0.099999999695,0.100000000165,0.099999999796
0.099999999806,0.100000000178,0.100000000073,0.100000000228,0.100000000141,0.100000000088,0.099999999940,0.099999999597,0.100000000218,0.099999999731
0.099999999864,0.100000000126,0.100000000051,0.100000000161,0.100000000099,0.100000000062,0.099999999958,0.099999999716,0.100000000153,0.099999999810
0.099999999844,0.100000000144,0.100000000059,0.100000000184,0.100000000114,0.100000000071,0.099999999951,0.099999999674,0.100000000176,0.099999999783
0.099999999893,0.100000000098,0.100000000040,0.100000000126,0.100000000078,0.100000000049,0.099999999967,0.099999999777,0.100000000120,0.099999999851
0.099999999820,0.100000000166,0.100000000067,0.100000000211,0.100000000131,0.100000000082,0.099999999944,0.099999999626,0.100000000202,0.099999999750
0.099999999900,0.100000000092,0.100000000038,0.100000000118,0.100000000073,0.100000000046,0.099999999969,0.099999999791,0.100000000113,0.099999999860
0.099999999873,0.100000000117,0.100000000048,0.100000000150,0.100000000093,0.100000000058,0.099999999960,0.099999999734,0.100000000143,0.099999999823
0.099999999780,0.100000000203,0.100000000083,0.100000000259,0.100000000160,0.100000000100,0.099999999932,0.099999999542,0.100000000247,0.099999999694
0.099999999763,0.100000000219,0.100000000089,0.100000000279,0.100000000173,0.100000000108,0.099999999926,0.099999999506,0.100000000267,0.099999999670
0.099999999841,0.100000000146,0.100000000060,0.100000000187,0.100000000116,0.100000000072,0.099999999951,0.099999999670,0.100000000178,0.099999999780
0.099999999867,0.100000000122,0.100000000050,0.100000000157,0.100000000097,0.100000000061,0.099999999959,0.099999999723,0.100000000150,0.099999999815
0.099999999709,0.100000000268,0.100000000109,0.100000000343,0.100000000212,0.100000000133,0.099999999910,0.099999999395,0.100000000327,0.099999999596
0.099999999805,0.100000000180,0.100000000073,0.100000000230,0.100000000142,0.100000000089,0.099999999939,0.099999999593,0.100000000220,0.099999999729
0.099999999932,0.100000000063,0.100000000026,0.100000000080,0.100000000050,0.100000000031,0.099999999979,0.099999999858,0.100000000076,0.099999999906
0.099999999896,0.100000000096,0.100000000039,0.100000000123,0.100000000076,0.100000000048,0.099999999968,0.099999999783,0.100000000117,0.099999999855
0.099999999850,0.100000000138,0.100000000056,0.100000000176,0.100000000109,0.100000000068,0.099999999954,0.099999999688,0.100000000168,0.099999999792
0.099999999778,0.100000000204,0.100000000083,0.100000000261,0.100000000161,0.100000000101,0.099999999931,0.099999999538,0.100000000249,0.099999999692
0.099999999898,0.100000000094,0.100000000038,0.100000000120,0.100000000074,0.100000000047,0.099999999968,0.099999999788,0.100000000115,0.099999999858
0.099999999905,0.100000000088,0.100000000036,0.100000000112,0.100000000070,0.100000000044,0.099999999971,0.099999999801,0.100000000107,0.099999999868
0.099999999869,0.100000000121,0.100000000049,0.100000000154,0.100000000096,0.100000000060,0.099999999959,0.099999999727,0.100000000147,0.099999999818
0.099999999769,0.100000000213,0.100000000087,0.100000000273,0.100000000168,0.100000000106,0.099999999928,0.099999999518,0.100000000260,0.099999999679
0.099999999743,0.100000000237,0.100000000097,0.100000000303,0.100000000187,0.100000000117,0.099999999920,0.099999999464,0.100000000289,0.099999999643
0.099999999874,0.100000000117,0.100000000047,0.100000000149,0.100000000092,0.100000000058,0.099999999961,0.099999999736,0.100000000142,0.099999999824
0.099999999770,0.100000000212,0.100000000086,0.100000000271,0.100000000168,0.100000000105,0.099999999928,0.099999999521,0.100000000259,0.099999999680
0.099999999844,0.100000000145,0.100000000059,0.100000000184,0.100000000114,0.100000000071,0.099999999952,0.099999999674,0.100000000176,0.099999999783
0.099999999880,0.100000000112,0.100000000045,0.100000000141,0.100000000088,0.100000000055,0.099999999963,0.099999999749,0.100000000135,0.099999999833
0.099999999912,0.100000000081,0.100000000033,0.100000000103,0.100000000064,0.100000000040,0.099999999973,0.099999999817,0.100000000099,0.099999999878
0.099999999843,0.100000000145,0.100000000059,0.100000000185,0.100000000115,0.100000000072,0.099999999951,0.099999999673,0.100000000176,0.099999999782
0.099999999839,0.100000000148,0.100000000060,0.100000000189,0.100000000117,0.100000000073,0.099999999950,0.099999999666,0.100000000181,0.099999999777
0.099999999937,0.100000000058,0.100000000024,0.100000000074,0.100000000046,0.100000000029,0.099999999981,0.099999999868,0.100000000071,0.099999999912
0.099999999861,0.100000000128,0.100000000052,0.100000000164,0.100000000101,0.100000000063,0.099999999957,0.099999999711,0.100000000156,0.099999999807
0.099999999772,0.100000000210,0.100000000085,0.100000000268,0.100000000166,0.100000000104,0.099999999929,0.099999999526,0.100000000256,0.099999999684
0.099999999835,0.100000000152,0.100000000062,0.100000000194,0.100000000120,0.100000000075,0.099999999949,0.099999999656,0.100000000186,0.099999999770
0.099999999836,0.100000000151,0.100000000062,0.100000000193,0.100000000119,0.100000000075,0.099999999949,0.099999999659,0.100000000184,0.099999999772
0.099999999861,0.100000000128,0.100000000052,0.100000000163,0.100000000101,0.100000000063,0.099999999957,0.099999999711,0.100000000156,0.099999999807
0.099999999943,0.100000000053,0.100000000022,0.100000000068,0.100000000042,0.100000000026,0.099999999982,0.099999999881,0.100000000065,0.099999999920
0.099999999822,0.100000000164,0.100000000067,0.100000000210,0.100000000130,0.100000000081,0.099999999945,0.099999999629,0.100000000200,0.099999999753
0.099999999883,0.100000000108,0.100000000044,0.100000000138,0.100000000086,0.100000000054,0.099999999964,0.099999999755,0.100000000132,0.099999999837
0.099999999993,0.100000000006,0.100000000002,0.100000000008,0.100000000005,0.100000000003,0.099999999998,0.099999999986,0.100000000007,0.099999999991
0.099999999832,0.100000000154,0.100000000063,0.100000000197,0.100000000122,0.100000000077,0.099999999948,0.099999999651,0.100000000188,0.099999999767
0.099999999884,0.100000000107,0.100000000044,0.100000000136,0.100000000084,0.100000000053,0.099999999964,0.099999999759,0.100000000130,0.099999999839
0.099999999850,0.100000000138,0.100000000056,0.100000000177,0.100000000109,0.100000000069,0.099999999953,0.099999999687,0.100000000169,0.099999999791
0.099999999904,0.100000000089,0.100000000036,0.100000000114,0.100000000070,0.100000000044,0.099999999970,0.099999999799,0.100000000108,0.099999999866
0.099999999840,0.100000000147,0.100000000060,0.100000000189,0.100000000117,0.100000000073,0.099999999950,0.099999999666,0.100000000180,0.099999999777
0.099999999909,0.100000000084,0.100000000034,0.100000000107,0.100000000066,0.100000000041,0.099999999972,0.099999999811,0.100000000102,0.099999999874
0.099999999940,0.100000000056,0.100000000023,0.100000000071,0.100000000044,0.100000000028,0.099999999981,0.099999999874,0.100000000068,0.099999999916
0.099999999797,0.100000000187,0.100000000076,0.100000000239,0.100000000148,0.100000000093,0.099999999937,0.099999999577,0.100000000228,0.099999999718
0.099999999852,0.100000000136,0.100000000056,0.100000000174,0.100000000108,0.100000000068,0.099999999954,0.099999999691,0.100000000167,0.099999999794
0.099999999915,0.100000000078,0.100000000032,0.100000000100,0.100000000062,0.100000000039,0.099999999974,0.099999999824,0.100000000095,0.099999999882
0.099999999951,0.100000000045,0.100000000018,0.100000000058,0.100000000036,0.100000000022,0.099999999985,0.099999999898,0.100000000055,0.099999999932
0.099999999950,0.100000000046,0.100000000019,0.100000000059,0.100000000037,0.100000000023,0.099999999984,0.099999999895,0.100000000056,0.099999999930
0.099999999856,0.100000000132,0.100000000054,0.100000000169,0.100000000105,0.100000000066,0.099999999955,0.099999999700,0.100000000161,0.099999999800
0.099999999973,0.100000000025,0.100000000010,0.100000000032,0.100000000020,0.100000000012,0.099999999992,0.099999999944,0.100000000030,0.099999999963
0.099999999945,0.100000000051,0.100000000021,0.100000000064,0.100000000041,0.100000000025,0.099999999983,0.099999999885,0.100000000061,0.099999999924
0.099999999884,0.100000000107,0.100000000044,0.100000000136,0.100000000084,0.100000000053,0.099999999964,0.099999999759,0.100000000130,0.099999999839
0.099999999931,0.100000000063,0.100000000026,0.100000000081,0.100000000050,0.100000000031,0.099999999979,0.099999999857,0.100000000077,0.099999999904
0.099999999801,0.100000000183,0.100000000075,0.100000000234,0.100000000145,0.100000000091,0.099999999938,0.099999999586,0.100000000223,0.099999999724
0.099999999780,0.100000000203,0.100000000083,0.100000000259,0.100000000160,0.100000000101,0.099999999932,0.099999999541,0.100000000248,0.099999999694
0.099999999851,0.100000000137,0.100000000056,0.100000000176,0.100000000109,0.100000000068,0.099999999953,0.099999999689,0.100000000168,0.099999999793
0.099999999907,0.100000000086,0.100000000035,0.100000000110,0.100000000068,0.100000000043,0.099999999971,0.099999999805,0.100000000105,0.099999999870
0.099999999775,0.100000000207,0.100000000085,0.100000000265,0.100000000164,0.100000000103,0.099999999930,0.099999999531,0.100000000253,0.099999999687
0.099999999769,0.100000000213,0.100000000087,0.100000000273,0.100000000168,0.100000000106,0.099999999928,0.099999999518,0.100000000260,0.099999999679
0.099999999892,0.100000000100,0.100000000041,0.100000000127,0.100000000079,0.100000000049,0.099999999966,0.099999999774,0.100000000122,0.099999999850
0.099999999930,0.100000000065,0.100000000026,0.100000000083,0.100000000051,0.100000000032,0.099999999978,0.099999999854,0.100000000079,0.099999999902
0.099999999746,0.100000000234,0.100000000096,0.100000000300,0.100000000185,0.100000000116,0.099999999921,0.099999999470,0.100000000286,0.099999999646
0.099999999838,0.100000000149,0.100000000061,0.100000000191,0.100000000118,0.100000000074,0.099999999950,0.099999999662,0.100000000182,0.099999999775
0.099999999754,0.100000000226,0.100000000093,0.100000000290,0.100000000179,0.100000000113,0.099999999923,0.099999999487,0.100000000277,0.099999999658
0.099999999883,0.100000000108,0.100000000044,0.100000000137,0.100000000085,0.100000000053,0.099999999964,0.099999999757,0.100000000131,0.099999999838
0.099999999841,0.100000000146,0.100000000060,0.100000000187,0.100000000115,0.100000000072,0.099999999951,0.099999999670,0.100000000178,0.099999999780
0.099999999746,0.100000000234,0.100000000096,0.100000000300,0.100000000185,0.100000000116,0.099999999921,0.099999999470,0.100000000286,0.099999999646
0.099999999775,0.100000000207,0.100000000085,0.100000000266,0.100000000164,0.100000000103,0.099999999930,0.099999999530,0.100000000254,0.099999999687
0.099999999829,0.100000000157,0.100000000064,0.100000000201,0.100000000124,0.100000000078,0.099999999947,0.099999999644,0.100000000192,0.099999999763
0.099999999838,0.100000000149,0.100000000061,0.100000000191,0.100000000118,0.100000000074,0.099999999949,0.099999999662,0.100000000183,0.099999999774
0.099999999902,0.100000000090,0.100000000037,0.100000000115,0.100000000071,0.100000000045,0.099999999970,0.099999999796,0.100000000110,0.099999999864
0.099999999862,0.100000000127,0.100000000052,0.100000000163,0.100000000101,0.100000000063,0.099999999957,0.099999999712,0.100000000155,0.099999999808
0.099999999843,0.100000000145,0.100000000059,0.100000000185,0.100000000115,0.100000000072,0.099999999951,0.099999999673,0.100000000177,0.099999999782
0.100000000020,0.099999999981,0.099999999993,0.099999999976,0.099999999985,0.099999999991,0.100000000006,0.100000000042,0.099999999978,0.100000000028
0.099999999809,0.100000000175,0.100000000072,0.100000000225,0.100000000139,0.100000000087,0.099999999941,0.099999999603,0.100000000214,0.099999999735
0.099999999777,0.100000000206,0.100000000084,0.100000000263,0.100000000163,0.100000000102,0.099999999931,0.099999999535,0.100000000251,0.099999999690
0.099999999873,0.100000000116,0.100000000048,0.100000000149,0.100000000092,0.100000000058,0.099999999961,0.099999999736,0.100000000142,0.099999999824
0.099999999916,0.100000000077,0.100000000032,0.100000000099,0.100000000061,0.100000000038,0.099999999974,0.099999999825,0.100000000094,0.099999999883
0.099999999901,0.100000000091,0.100000000037,0.100000000117,0.100000000072,0.100000000045,0.099999999969,0.099999999794,0.100000000111,0.099999999862
0.099999999853,0.100000000135,0.100000000055,0.100000000173,0.100000000107,0.100000000067,0.099999999954,0.099999999694,0.100000000165,0.099999999796
0.099999999880,0.100000000111,0.100000000045,0.100000000142,0.100000000088,0.100000000055,0.099999999963,0.099999999749,0.100000000135,0.099999999833
0.099999999858,0.100000000131,0.100000000053,0.100000000167,0.100000000103,0.100000000065,0.099999999956,0.099999999705,0.100000000159,0.099999999803
0.099999999882,0.100000000108,0.100000000044,0.100000000139,0.100000000086,0.100000000054,0.099999999963,0.099999999754,0.100000000133,0.099999999836
0.099999999804,0.100000000181,0.100000000074,0.100000000231,0.100000000143,0.100000000090,0.099999999939,0.099999999591,0.100000000221,0.099999999727
0.099999999768,0.100000000214,0.100000000087,0.100000000274,0.100000000169,0.100000000106,0.099999999928,0.099999999516,0.100000000261,0.099999999677
0.099999999897,0.100000000095,0.100000000039,0.100000000121,0.100000000075,0.100000000047,0.099999999968,0.099999999785,0.100000000116,0.099999999857
0.099999999810,0.100000000175,0.100000000071,0.100000000224,0.100000000138,0.100000000087,0.099999999941,0.099999999604,0.100000000214,0.099999999736
0.099999999835,0.100000000152,0.100000000062,0.100000000194,0.100000000120,0.100000000075,0.099999999949,0.099999999657,0.100000000185,0.099999999771
0.099999999818,0.100000000167,0.100000000068,0.100000000214,0.100000000132,0.100000000083,0.099999999944,0.099999999621,0.100000000204,0.099999999747
0.099999999826,0.100000000161,0.100000000066,0.100000000205,0.100000000127,0.100000000080,0.099999999946,0.099999999636,0.100000000196,0.099999999758
0.099999999842,0.100000000146,0.100000000059,0.100000000187,0.100000000116,0.100000000072,0.099999999951,0.099999999670,0.100000000178,0.099999999780
0.099999999867,0.100000000122,0.100000000050,0.100000000156,0.100000000097,0.100000000061,0.099999999959,0.099999999724,0.100000000149,0.099999999815
0.099999999862,0.100000000127,0.100000000052,0.100000000163,0.100000000101,0.100000000063,0.099999999957,0.099999999712,0.100000000156,0.099999999808
0.100000000077,0.099999999929,0.099999999971,0.099999999910,0.099999999944,0.099999999965,0.100000000024,0.100000000160,0.099999999914,0.100000000107
0.099999999810,0.100000000175,0.100000000071,0.100000000224,0.100000000139,0.100000000087,0.099999999941,0.099999999604,0.100000000214,0.099999999736
0.100000000177,0.099999999837,0.099999999933,0.099999999791,0.099999999871,0.099999999919,0.100000000055,0.100000000369,0.099999999801,0.100000000246
0.099999999802,0.100000000183,0.100000000074,0.100000000234,0.100000000145,0.100000000091,0.099999999938,0.099999999587,0.100000000223,0.099999999724
0.099999999851,0.100000000137,0.100000000056,0.100000000175,0.100000000109,0.100000000068,0.099999999954,0.099999999690,0.100000000167,0.099999999793
0.099999999727,0.100000000251,0.100000000103,0.100000000322,0.100000000199,0.100000000125,0.099999999915,0.099999999431,0.100000000307,0.099999999620
0.099999999820,0.100000000166,0.100000000068,0.100000000212,0.100000000131,0.100000000082,0.099999999944,0.099999999624,0.100000000203,0.099999999749
0.100000000060,0.099999999944,0.099999999977,0.099999999929,0.099999999956,0.099999999972,0.100000000019,0.100000000126,0.099999999932,0.100000000084
0.100000000144,0.099999999868,0.099999999946,0.099999999831,0.099999999895,0.099999999934,0.100000000044,0.100000000300,0.099999999839,0.100000000200
0.099999999967,0.100000000031,0.100000000012,0.100000000038,0.100000000024,0.100000000015,0.099999999990,0.099999999931,0.100000000036,0.099999999955
0.099999999958,0.100000000039,0.100000000016,0.100000000050,0.100000000031,0.100000000019,0.099999999987,0.099999999911,0.100000000047,0.099999999941
0.100000000140,0.099999999871,0.099999999947,0.099999999835,0.099999999898,0.099999999936,0.100000000043,0.100000000292,0.099999999843,0.100000000194
0.100000000166,0.099999999847,0.099999999937,0.099999999804,0.099999999879,0.099999999924,0.100000000052,0.100000000347,0.099999999813,0.100000000231
0.100000000097,0.099999999911,0.099999999964,0.099999999886,0.099999999930,0.099999999956,0.100000000030,0.100000000201,0.099999999891,0.100000000134
0.100000000124,0.099999999886,0.099999999953,0.099999999854,0.099999999909,0.099999999943,0.100000000038,0.100000000259,0.099999999861,0.100000000173
0.099999999919,0.100000000074,0.100000000030,0.100000000095,0.100000000059,0.100000000037,0.099999999975,0.099999999832,0.100000000091,0.099999999888
0.099999999822,0.100000000164,0.100000000067,0.100000000210,0.100000000130,0.100000000081,0.099999999945,0.099999999629,0.100000000200,0.099999999752
0.099999999848,0.100000000140,0.100000000057,0.100000000179,0.100000000111,0.100000000069,0.099999999953,0.099999999684,0.100000000170,0.099999999789
0.099999999828,0.100000000158,0.100000000064,0.100000000202,0.100000000125,0.100000000078,0.099999999947,0.099999999642,0.100000000193,0.099999999762
0.099999999776,0.100000000206,0.100000000084,0.100000000264,0.100000000163,0.100000000102,0.099999999930,0.099999999533,0.100000000252,0.099999999689
0.100000000048,0.099999999956,0.099999999982,0.099999999944,0.099999999965,0.099999999978,0.100000000015,0.100000000100,0.099999999946,0.100000000066
0.100000000139,0.099999999872,0.099999999948,0.099999999837,0.099999999899,0.099999999937,0.100000000043,0.100000000289,0.099999999844,0.100000000193
0.100000000130,0.099999999880,0.099999999951,0.099999999847,0.099999999905,0.099999999941,0.100000000040,0.100000000270,0.099999999854,0.100000000180
0.100000000130,0.099999999880,0.099999999951,0.099999999847,0.099999999905,0.099999999941,0.100000000040,0.100000000271,0.099999999854,0.100000000181
0.100000000028,0.099999999974,0.099999999989,0.099999999967,0.099999999980,0.099999999987,0.100000000009,0.100000000059,0.099999999968,0.100000000039
0.100000000099,0.099999999908,0.099999999963,0.099999999883,0.099999999928,0.099999999955,0.100000000031,0.100000000207,0.099999999889,0.100000000138
0.100000000136,0.099999999875,0.099999999949,0.099999999840,0.099999999901,0.099999999938,0.100000000042,0.100000000283,0.099999999848,0.100000000189
0.099999999903,0.100000000089,0.100000000036,0.100000000114,0.100000000071,0.100000000044,0.099999999970,0.099999999799,0.100000000108,0.099999999866
0.099999999881,0.100000000110,0.100000000045,0.100000000141,0.100000000087,0.100000000055,0.099999999963,0.099999999751,0.100000000134,0.099999999834
0.099999999783,0.100000000200,0.100000000082,0.100000000256,0.100000000158,0.100000000099,0.099999999932,0.099999999547,0.100000000244,0.099999999698
0.099999999911,0.100000000082,0.100000000034,0.100000000105,0.100000000065,0.100000000041,0.099999999972,0.099999999814,0.100000000100,0.099999999876
0.100000000172,0.099999999842,0.099999999935,0.099999999798,0.099999999874,0.099999999921,0.100000000053,0.100000000359,0.099999999807,0.100000000239
0.099999999786,0.100000000197,0.100000000080,0.100000000252,0.100000000156,0.100000000098,0.099999999933,0.099999999554,0.100000000241,0.099999999703
0.100000000121,0.099999999889,0.099999999955,0.099999999857,0.099999999912,0.099999999945,0.100000000038,0.100000000252,0.099999999864,0.100000000168
0.099999999833,0.100000000154,0.100000000063,0.100000000197,0.100000000122,0.100000000076,0.099999999948,0.099999999651,0.100000000188,0.099999999767
0.100000000182,0.099999999832,0.099999999932,0.099999999786,0.099999999867,0.099999999917,0.100000000056,0.100000000379,0.099999999796,0.100000000253
0.100000000025,0.099999999977,0.099999999991,0.099999999971,0.099999999982,0.099999999989,0.100000000008,0.100000000051,0.099999999972,0.100000000034
0.100000000123,0.099999999886,0.099999999954,0.099999999855,0.099999999910,0.099999999944,0.100000000038,0.100000000257,0.099999999862,0.100000000171
0.100000000070,0.099999999936,0.099999999974,0.099999999918,0.099999999949,0.099999999968,0.100000000022,0.100000000145,0.099999999922,0.100000000097
0.100000000144,0.099999999868,0.099999999946,0.099999999830,0.099999999895,0.099999999934,0.100000000045,0.100000000300,0.099999999838,0.100000000200
0.100000000203,0.099999999812,0.099999999924,0.099999999761,0.099999999851,0.099999999907,0.100000000063,0.100000000424,0.099999999772,0.100000000283
0.100000000144,0.099999999868,0.099999999946,0.099999999830,0.099999999895,0.099999999934,0.100000000045,0.100000000300,0.099999999838,0.100000000200
0.100000000233,0.099999999785,0.099999999912,0.099999999725,0.099999999829,0.099999999893,0.100000000072,0.100000000487,0.099999999738,0.100000000325
0.100000000163,0.099999999850,0.099999999939,0.099999999808,0.099999999881,0.099999999926,0.100000000050,0.100000000340,0.099999999817,0.100000000227
0.100000000187,0.099999999827,0.099999999930,0.099999999779,0.099999999863,0.099999999914,0.100000000058,0.100000000391,0.099999999789,0.100000000260
0.100000000215,0.099999999802,0.099999999919,0.099999999747,0.099999999843,0.099999999902,0.100000000066,0.100000000448,0.099999999759,0.100000000299
0.100000000100,0.099999999908,0.099999999962,0.099999999882,0.099999999927,0.099999999954,0.100000000031,0.100000000208,0.099999999888,0.100000000139
0.100000000138,0.099999999873,0.099999999948,0.099999999838,0.099999999899,0.099999999937,0.100000000043,0.100000000287,0.099999999845,0.100000000192
0.100000000129,0.099999999881,0.099999999952,0.099999999848,0.099999999906,0.099999999941,0.100000000040,0.100000000269,0.099999999855,0.100000000179
0.100000000166,0.099999999847,0.099999999938,0.099999999805,0.099999999879,0.099999999924,0.100000000051,0.100000000345,0.099999999814,0.100000000230
0.100000000221,0.099999999796,0.099999999917,0.099999999740,0.099999999839,0.099999999899,0.100000000068,0.100000000461,0.099999999751,0.100000000307
0.100000000096,0.099999999912,0.099999999964,0.099999999887,0.099999999930,0.099999999956,0.100000000030,0.100000000200,0.099999999892,0.100000000133
0.100000000122,0.099999999888,0.099999999954,0.099999999856,0.099999999911,0.099999999944,0.100000000038,0.100000000254,0.099999999863,0.100000000170
0.100000000122,0.099999999887,0.099999999954,0.099999999856,0.099999999911,0.099999999944,0.100000000038,0.100000000255,0.099999999863,0.100000000170
0.100000000193,0.099999999823,0.099999999928,0.099999999773,0.099999999860,0.099999999912,0.100000000060,0.100000000402,0.099999999783,0.100000000268
0.100000000171,0.099999999842,0.099999999936,0.099999999799,0.099999999875,0.099999999922,0.100000000053,0.100000000357,0.099999999808,0.100000000238
0.099999999864,0.100000000125,0.100000000051,0.100000000160,0.100000000099,0.100000000062,0.099999999958,0.099999999717,0.100000000153,0.099999999811
0.100000000125,0.099999999885,0.099999999953,0.099999999853,0.099999999909,0.099999999943,0.100000000039,0.100000000261,0.099999999859,0.100000000174
0.100000000155,0.099999999857,0.099999999942,0.099999999817,0.099999999887,0.099999999929,0.100000000048,0.100000000324,0.099999999825,0.100000000216
0.100000000221,0.099999999796,0.099999999917,0.099999999740,0.099999999838,0.099999999899,0.100000000069,0.100000000461,0.099999999751,0.100000000308
0.100000000174,0.099999999839,0.099999999934,0.099999999795,0.099999999873,0.099999999920,0.100000000054,0.100000000363,0.099999999804,0.100000000242
0.099999999852,0.100000000137,0.100000000056,0.100000000175,0.100000000108,0.100000000068,0.099999999954,0.099999999691,0.100000000167,0.099999999794
0.100000000118,0.099999999891,0.099999999956,0.099999999861,0.099999999913,0.099999999946,0.100000000037,0.100000000247,0.099999999867,0.100000000165
0.100000000126,0.099999999884,0.099999999953,0.099999999852,0.099999999908,0.099999999943,0.100000000039,0.100000000262,0.099999999859,0.100000000175
0.099999999857,0.100000000132,0.100000000054,0.100000000169,0.100000000104,0.100000000065,0.099999999956,0.099999999702,0.100000000161,0.099999999801
0.099999999850,0.100000000138,0.100000000057,0.100000000177,0.100000000110,0.100000000069,0.099999999953,0.099999999687,0.100000000169,0.099999999791
0.099999999947,0.100000000049,0.100000000020,0.100000000062,0.100000000039,0.100000000024,0.099999999984,0.099999999889,0.100000000059,0.099999999927
0.100000000087,0.099999999920,0.099999999967,0.099999999897,0.099999999937,0.099999999960,0.100000000027,0.100000000181,0.099999999902,0.100000000121
0.099999999906,0.100000000086,0.100000000035,0.100000000110,0.100000000068,0.100000000043,0.099999999971,0.099999999805,0.100000000105,0.099999999870
0.099999999873,0.100000000116,0.100000000048,0.100000000149,0.100000000092,0.100000000058,0.099999999961,0.099999999736,0.100000000142,0.099999999824
0.099999999832,0.100000000155,0.100000000063,0.100000000198,0.100000000122,0.100000000077,0.099999999948,0.099999999650,0.100000000189,0.099999999767
0.099999999845,0.100000000143,0.100000000058,0.100000000183,0.100000000113,0.100000000071,0.099999999952,0.099999999677,0.100000000174,0.099999999785
0.100000000049,0.099999999955,0.099999999982,0.099999999942,0.099999999965,0.099999999978,0.100000000016,0.100000000102,0.099999999945,0.100000000068
0.100000000075,0.099999999931,0.099999999972,0.099999999911,0.099999999945,0.099999999966,0.100000000024,0.100000000157,0.099999999915,0.100000000105
0.100000000081,0.099999999925,0.099999999970,0.099999999905,0.099999999941,0.099999999963,0.100000000025,0.100000000169,0.099999999909,0.100000000113
0.099999999833,0.100000000153,0.100000000063,0.100000000196,0.100000000121,0.100000000076,0.099999999948,0.099999999653,0.100000000188,0.099999999768
0.099999999887,0.100000000104,0.100000000043,0.100000000133,0.100000000082,0.100000000052,0.099999999965,0.099999999765,0.100000000127,0.099999999843
0.099999999887,0.100000000104,0.100000000043,0.100000000133,0.100000000083,0.100000000052,0.099999999965,0.099999999764,0.100000000127,0.099999999842
0.099999999848,0.100000000140,0.100000000057,0.100000000179,0.100000000111,0.100000000069,0.099999999953,0.099999999683,0.100000000171,0.099999999789
0.099999999814,0.100000000171,0.100000000070,0.100000000219,0.100000000136,0.100000000085,0.099999999942,0.099999999613,0.100000000209,0.099999999742
0.099999999675,0.100000000307,0.100000000123,0.100000000379,0.100000000244,0.100000000148,0.099999999904,0.099999999313,0.100000000361,0.099999999547
0.100000000092,0.099999999915,0.099999999965,0.099999999892,0.099999999933,0.099999999958,0.100000000029,0.100000000192,0.099999999896,0.100000000128
0.099999999900,0.100000000092,0.100000000038,0.100000000118,0.100000000073,0.100000000046,0.099999999969,0.099999999791,0.100000000113,0.099999999861
0.100000000092,0.099999999915,0.099999999965,0.099999999892,0.099999999933,0.099999999958,0.100000000029,0.100000000191,0.099999999897,0.100000000128
0.099999999800,0.100000000184,0.100000000075,0.100000000236,0.100000000146,0.100000000091,0.099999999938,0.099999999583,0.100000000225,0.099999999722
0.100000000076,0.099999999930,0.099999999971,0.099999999910,0.099999999944,0.099999999965,0.100000000024,0.100000000159,0.099999999914,0.100000000106
0.100000000152,0.099999999860,0.099999999943,0.099999999821,0.099999999889,0.099999999931,0.100000000047,0.100000000317,0.099999999829,0.100000000211
0.100000000072,0.099999999933,0.099999999973,0.099999999915,0.099999999947,0.099999999967,0.100000000022,0.100000000151,0.099999999919,0.100000000101
0.100000000210,0.099999999806,0.099999999921,0.099999999753,0.099999999846,0.099999999904,0.100000000065,0.100000000439,0.099999999764,0.100000000292
0.100000000100,0.099999999908,0.099999999963,0.099999999882,0.099999999927,0.099999999954,0.100000000031,0.100000000208,0.099999999888,0.100000000139
0.100000000098,0.099999999910,0.099999999963,0.099999999885,0.099999999929,0.099999999955,0.100000000030,0.100000000203,0.099999999890,0.100000000136
0.100000000092,0.099999999915,0.099999999965,0.099999999892,0.099999999933,0.099999999958,0.100000000029,0.100000000192,0.099999999897,0.100000000128
0.100000000147,0.099999999865,0.099999999945,0.099999999827,0.099999999893,0.099999999933,0.100000000046,0.100000000306,0.099999999835,0.100000000204
0.100000000080,0.099999999926,0.099999999970,0.099999999905,0.099999999942,0.099999999963,0.100000000025,0.100000000167,0.099999999910,0.100000000112
0.100000000157,0.099999999855,0.099999999941,0.099999999815,0.099999999885,0.099999999928,0.100000000049,0.100000000327,0.099999999824,0.100000000218
0.100000000118,0.099999999891,0.099999999956,0.099999999861,0.099999999914,0.099999999946,0.100000000037,0.100000000246,0.099999999867,0.100000000164
0.100000000108,0.099999999900,0.099999999959,0.099999999873,0.099999999921,0.099999999951,0.100000000034,0.100000000225,0.099999999879,0.100000000150
0.100000000060,0.099999999945,0.099999999978,0.099999999930,0.099999999956,0.099999999973,0.100000000018,0.100000000125,0.099999999933,0.100000000083
0.100000000076,0.099999999930,0.099999999972,0.099999999911,0.099999999945,0.099999999965,0.100000000024,0.100000000158,0.099999999915,0.100000000105
0.100000000054,0.099999999950,0.099999999980,0.099999999936,0.099999999960,0.099999999975,0.100000000017,0.100000000113,0.099999999939,0.100000000076
0.100000000043,0.099999999961,0.099999999984,0.099999999949,0.099999999969,0.099999999980,0.100000000014,0.100000000089,0.099999999951,0.100000000060
0.100000000082,0.099999999925,0.099999999969,0.099999999904,0.099999999940,0.099999999963,0.100000000025,0.100000000170,0.099999999908,0.100000000113
0.100000000098,0.099999999910,0.099999999963,0.099999999885,0.099999999929,0.099999999955,0.100000000030,0.100000000204,0.099999999890,0.100000000136
0.100000000058,0.099999999947,0.099999999978,0.099999999932,0.099999999958,0.099999999974,0.100000000018,0.100000000120,0.099999999935,0.100000000080
0.100000000023,0.099999999979,0.099999999992,0.099999999973,0.099999999984,0.099999999990,0.100000000007,0.100000000047,0.099999999974,0.100000000031
0.100000000096,0.099999999911,0.099999999964,0.099999999886,0.099999999930,0.099999999956,0.100000000030,0.100000000201,0.099999999892,0.100000000134
0.100000000108,0.099999999900,0.099999999959,0.099999999873,0.099999999921,0.099999999951,0.100000000033,0.100000000226,0.099999999878,0.100000000151
0.100000000146,0.099999999865,0.099999999945,0.099999999828,0.099999999893,0.099999999933,0.100000000045,0.100000000305,0.099999999836,0.100000000203
0.099999999807,0.100000000177,0.100000000072,0.100000000227,0.100000000140,0.100000000088,0.099999999940,0.099999999598,0.100000000217,0.099999999732
0.100000000221,0.099999999796,0.099999999917,0.099999999740,0.099999999838,0.099999999899,0.100000000068,0.100000000461,0.099999999752,0.100000000308
0.100000000069,0.099999999936,0.099999999974,0.099999999918,0.099999999950,0.099999999968,0.100000000022,0.100000000144,0.099999999922,0.100000000096
0.100000000174,0.099999999839,0.099999999934,0.099999999795,0.099999999873,0.099999999920,0.100000000054,0.100000000364,0.099999999804,0.100000000242
0.100000000123,0.099999999886,0.099999999954,0.099999999855,0.099999999910,0.099999999944,0.100000000038,0.100000000257,0.099999999861,0.100000000172
0.100000000065,0.099999999940,0.099999999976,0.099999999923,0.099999999953,0.099999999970,0.100000000020,0.100000000136,0.099999999927,0.100000000091
0.100000000023,0.099999999979,0.099999999992,0.099999999973,0.099999999984,0.099999999990,0.100000000007,0.100000000047,0.099999999975,0.100000000031
0.100000000147,0.099999999864,0.099999999945,0.099999999827,0.099999999892,0.099999999933,0.100000000045,0.100000000308,0.099999999835,0.100000000205
0.100000000020,0.099999999982,0.099999999992,0.099999999976,0.099999999986,0.099999999991,0.100000000006,0.100000000042,0.099999999977,0.100000000028
0.100000000115,0.099999999894,0.099999999957,0.099999999865,0.099999999916,0.099999999947,0.100000000036,0.100000000240,0.099999999871,0.100000000160
0.100000000013,0.099999999988,0.099999999995,0.099999999984,0.099999999991,0.099999999994,0.100000000005,0.100000000027,0.099999999985,0.100000000018
0.100000000077,0.099999999929,0.099999999971,0.099999999909,0.099999999944,0.099999999965,0.100000000024,0.100000000161,0.099999999913,0.100000000107
0.100000000068,0.099999999937,0.099999999974,0.099999999920,0.099999999950,0.099999999969,0.100000000021,0.100000000142,0.099999999924,0.100000000095
0.100000000112,0.099999999897,0.099999999958,0.099999999868,0.099999999918,0.099999999949,0.100000000035,0.100000000233,0.099999999874,0.100000000155
0.100000000085,0.099999999922,0.099999999968,0.099999999900,0.099999999938,0.099999999961,0.100000000026,0.100000000177,0.099999999905,0.100000000118
0.100000000115,0.099999999895,0.099999999957,0.099999999865,0.099999999917,0.099999999948,0.100000000036,0.100000000238,0.099999999871,0.100000000159
0.100000000013,0.099999999988,0.099999999995,0.099999999984,0.099999999990,0.099999999994,0.100000000004,0.100000000028,0.099999999985,0.100000000018
0.099999999983,0.100000000016,0.100000000007,0.100000000020,0.100000000013,0.100000000008,0.099999999995,0.099999999964,0.100000000019,0.099999999976
0.100000000145,0.099999999866,0.099999999945,0.099999999829,0.099999999894,0.099999999934,0.100000000045,0.100000000303,0.099999999837,0.100000000202
0.100000000039,0.099999999964,0.099999999985,0.099999999954,0.099999999972,0.099999999982,0.100000000012,0.100000000081,0.099999999956,0.100000000054
0.100000000028,0.099999999974,0.099999999990,0.099999999967,0.099999999980,0.099999999987,0.100000000009,0.100000000058,0.099999999969,0.100000000039
0.100000000023,0.099999999979,0.099999999991,0.099999999973,0.099999999983,0.099999999989,0.100000000007,0.100000000049,0.099999999974,0.100000000032
0.100000000064,0.099999999941,0.099999999976,0.099999999925,0.099999999954,0.099999999971,0.100000000020,0.100000000133,0.099999999928,0.100000000089
0.099999999958,0.100000000038,0.100000000016,0.100000000049,0.100000000031,0.100000000019,0.099999999987,0.099999999913,0.100000000047,0.099999999942
0.100000000129,0.099999999881,0.099999999952,0.099999999848,0.099999999906,0.099999999941,0.100000000040,0.100000000269,0.099999999855,0.100000000179
0.100000000046,0.099999999958,0.099999999983,0.099999999946,0.099999999967,0.099999999979,0.100000000014,0.100000000095,0.099999999948,0.100000000064
0.099999999932,0.100000000062,0.100000000026,0.100000000080,0.100000000049,0.100000000031,0.099999999979,0.099999999859,0.100000000076,0.099999999906
0.099999999770,0.100000000212,0.100000000086,0.100000000271,0.100000000168,0.100000000105,0.099999999928,0.099999999520,0.100000000259,0.099999999680
0.099999999904,0.100000000088,0.100000000036,0.100000000113,0.100000000070,0.100000000044,0.099999999970,0.099999999801,0.100000000108,0.099999999867
0.099999999965,0.100000000033,0.100000000013,0.100000000040,0.100000000026,0.100000000016,0.099999999990,0.099999999927,0.100000000039,0.099999999952
0.099999999974,0.100000000024,0.100000000010,0.100000000030,0.100000000019,0.100000000012,0.099999999993,0.099999999946,0.100000000028,0.099999999964
0.099999999974,0.100000000024,0.100000000010,0.100000000030,0.100000000019,0.100000000012,0.099999999993,0.099999999946,0.100000000028,0.099999999964
0.099999999974,0.100000000024,0.100000000010,0.100000000029,0.100000000020,0.100000000012,0.099999999993,0.099999999945,0.100000000028,0.099999999964
0.099999999988,0.100000000011,0.100000000004,0.100000000013,0.100000000009,0.100000000005,0.099999999997,0.099999999975,0.100000000012,0.099999999984
0.099999999910,0.100000000083,0.100000000034,0.100000000105,0.100000000066,0.100000000041,0.099999999973,0.099999999812,0.100000000100,0.099999999875
0.099999999968,0.100000000030,0.100000000012,0.100000000038,0.100000000024,0.100000000015,0.099999999991,0.099999999932,0.100000000036,0.099999999955
0.099999999956,0.100000000041,0.100000000017,0.100000000051,0.100000000033,0.100000000020,0.099999999987,0.099999999907,0.100000000049,0.099999999939
0.099999999975,0.100000000024,0.100000000010,0.100000000029,0.100000000019,0.100000000011,0.099999999993,0.099999999946,0.100000000028,0.099999999965
0.099999999969,0.100000000029,0.100000000012,0.100000000036,0.100000000024,0.100000000014,0.099999999991,0.099999999934,0.100000000034,0.099999999957
0.099999999896,0.100000000096,0.100000000039,0.100000000123,0.100000000076,0.100000000048,0.099999999968,0.099999999783,0.100000000117,0.099999999855
0.099999999975,0.100000000024,0.100000000009,0.100000000029,0.100000000019,0.100000000011,0.099999999993,0.099999999947,0.100000000028,0.099999999965
0.099999999832,0.100000000155,0.100000000063,0.100000000198,0.100000000123,0.100000000077,0.099999999948,0.099999999649,0.100000000189,0.099999999766
0.099999999840,0.100000000147,0.100000000060,0.100000000188,0.100000000116,0.100000000073,0.099999999950,0.099999999667,0.100000000180,0.099999999778
0.099999999964,0.100000000034,0.100000000014,0.100000000042,0.100000000027,0.100000000016,0.099999999989,0.099999999924,0.100000000040,0.099999999950
0.099999999793,0.100000000191,0.100000000078,0.100000000244,0.100000000151,0.100000000095,0.099999999936,0.099999999568,0.100000000233,0.099999999712
0.099999999973,0.100000000026,0.100000000010,0.100000000032,0.100000000021,0.100000000012,0.099999999992,0.099999999942,0.100000000030,0.099999999962
0.099999999987,0.100000000013,0.100000000005,0.100000000015,0.100000000010,0.100000000006,0.099999999996,0.099999999972,0.100000000015,0.099999999982
0.099999999903,0.100000000090,0.100000000036,0.100000000113,0.100000000071,0.100000000044,0.099999999971,0.099999999798,0.100000000108,0.099999999866
0.099999999761,0.100000000220,0.100000000090,0.100000000282,0.100000000174,0.100000000109,0.099999999926,0.099999999502,0.100000000269,0.099999999668
0.099999999942,0.100000000053,0.100000000022,0.100000000068,0.100000000042,0.100000000026,0.099999999982,0.099999999879,0.100000000065,0.099999999920
0.099999999940,0.100000000056,0.100000000023,0.100000000070,0.100000000044,0.100000000027,0.099999999982,0.099999999875,0.100000000067,0.099999999917
0.100000000094,0.099999999913,0.099999999965,0.099999999889,0.099999999931,0.099999999957,0.100000000029,0.100000000196,0.099999999894,0.100000000131
0.100000000131,0.099999999879,0.099999999951,0.099999999846,0.099999999904,0.099999999940,0.100000000040,0.100000000273,0.099999999853,0.100000000182
0.100000000025,0.099999999977,0.099999999991,0.099999999970,0.099999999982,0.099999999989,0.100000000008,0.100000000052,0.099999999972,0.100000000035
0.099999999957,0.100000000040,0.100000000016,0.100000000051,0.100000000032,0.100000000020,0.099999999987,0.099999999910,0.100000000048,0.099999999940
0.100000000014,0.099999999987,0.099999999995,0.099999999983,0.099999999990,0.099999999993,0.100000000005,0.100000000030,0.099999999984,0.100000000020
0.100000000043,0.099999999960,0.099999999984,0.099999999950,0.099999999968,0.099999999980,0.100000000013,0.100000000090,0.099999999952,0.100000000060
0.100000000104,0.099999999905,0.099999999961,0.099999999878,0.099999999925,0.099999999953,0.100000000032,0.100000000216,0.099999999883,0.100000000144
0.099999999979,0.100000000020,0.100000000008,0.100000000025,0.100000000015,0.100000000010,0.099999999993,0.099999999956,0.100000000024,0.099999999970
0.100000000069,0.099999999936,0.099999999974,0.099999999918,0.099999999949,0.099999999968,0.100000000021,0.100000000145,0.099999999922,0.100000000097
0.100000000064,0.099999999941,0.099999999976,0.099999999925,0.099999999954,0.099999999971,0.100000000020,0.100000000132,0.099999999929,0.100000000088
0.100000000057,0.099999999947,0.099999999978,0.099999999933,0.099999999958,0.099999999974,0.100000000018,0.100000000119,0.099999999936,0.100000000080
0.100000000081,0.099999999925,0.099999999969,0.099999999904,0.099999999941,0.099999999963,0.100000000025,0.100000000169,0.099999999908,0.100000000113
0.100000000072,0.099999999933,0.099999999973,0.099999999915,0.099999999947,0.099999999967,0.100000000023,0.100000000151,0.099999999919,0.100000000100
0.100000000047,0.099999999957,0.099999999982,0.099999999945,0.099999999966,0.099999999979,0.100000000014,0.100000000097,0.099999999948,0.100000000065
0.100000000075,0.099999999931,0.099999999972,0.099999999911,0.099999999945,0.099999999966,0.100000000024,0.100000000157,0.099999999915,0.100000000105
0.100000000034,0.099999999969,0.099999999987,0.099999999960,0.099999999975,0.099999999984,0.100000000011,0.100000000071,0.099999999962,0.100000000047
0.100000000022,0.099999999980,0.099999999992,0.099999999974,0.099999999984,0.099999999990,0.100000000007,0.100000000046,0.099999999975,0.100000000031
0.100000000015,0.099999999986,0.099999999994,0.099999999982,0.099999999989,0.099999999993,0.100000000005,0.100000000031,0.099999999983,0.100000000021
0.100000000054,0.099999999950,0.099999999980,0.099999999936,0.099999999960,0.099999999975,0.100000000017,0.100000000113,0.099999999939,0.100000000076
0.100000000035,0.099999999968,0.099999999987,0.099999999959,0.099999999975,0.099999999984,0.100000000011,0.100000000072,0.099999999961,0.100000000048
0.100000000045,0.099999999959,0.099999999983,0.099999999948,0.099999999967,0.099999999980,0.100000000014,0.100000000093,0.099999999950,0.100000000062
0.100000000099,0.099999999908,0.099999999963,0.099999999883,0.099999999927,0.099999999955,0.100000000031,0.100000000207,0.099999999888,0.100000000138
0.100000000107,0.099999999902,0.099999999960,0.099999999875,0.099999999922,0.099999999951,0.100000000033,0.100000000222,0.099999999880,0.100000000148
0.100000000071,0.099999999935,0.099999999974,0.099999999917,0.099999999949,0.099999999968,0.100000000022,0.100000000147,0.099999999921,0.100000000098
0.100000000070,0.099999999935,0.099999999974,0.099999999918,0.099999999949,0.099999999968,0.100000000022,0.100000000146,0.099999999921,0.100000000097
0.100000000074,0.099999999932,0.099999999972,0.099999999913,0.099999999946,0.099999999966,0.100000000023,0.100000000154,0.099999999917,0.100000000103
0.100000000074,0.099999999932,0.099999999972,0.099999999912,0.099999999946,0.099999999966,0.100000000023,0.100000000155,0.099999999916,0.100000000103
0.100000000078,0.099999999928,0.099999999971,0.099999999909,0.099999999943,0.099999999965,0.100000000024,0.100000000162,0.099999999913,0.100000000108
0.100000000069,0.099999999937,0.099999999974,0.099999999919,0.099999999950,0.099999999969,0.100000000021,0.100000000143,0.099999999923,0.100000000095
0.099999999824,0.100000000162,0.100000000066,0.100000000208,0.100000000128,0.100000000081,0.099999999945,0.099999999633,0.100000000198,0.099999999755
0.100000000071,0.099999999934,0.099999999973,0.099999999916,0.099999999948,0.099999999967,0.100000000022,0.100000000149,0.099999999920,0.100000000099
0.100000000092,0.099999999915,0.099999999965,0.099999999891,0.099999999933,0.099999999958,0.100000000029,0.100000000192,0.099999999896,0.100000000128
0.100000000081,0.099999999925,0.099999999969,0.099999999904,0.099999999941,0.099999999963,0.100000000025,0.100000000169,0.099999999909,0.100000000113
0.099999999867,0.100000000123,0.100000000050,0.100000000157,0.100000000097,0.100000000061,0.099999999959,0.099999999722,0.100000000150,0.099999999815
0.099999999863,0.100000000127,0.100000000051,0.100000000161,0.100000000100,0.100000000063,0.099999999958,0.099999999714,0.100000000154,0.099999999810
0.099999999964,0.100000000034,0.100000000014,0.100000000043,0.100000000027,0.100000000017,0.099999999989,0.099999999924,0.100000000041,0.099999999950
0.099999999815,0.100000000171,0.100000000070,0.100000000218,0.100000000135,0.100000000085,0.099999999942,0.099999999614,0.100000000209,0.099999999742
0.100000000072,0.099999999933,0.099999999973,0.099999999915,0.099999999947,0.099999999967,0.100000000023,0.100000000151,0.099999999919,0.100000000101
0.100000000141,0.099999999870,0.099999999947,0.099999999834,0.099999999897,0.099999999935,0.100000000044,0.100000000295,0.099999999841,0.100000000196
0.099999999974,0.100000000024,0.100000000010,0.100000000031,0.100000000019,0.100000000012,0.099999999992,0.099999999946,0.100000000029,0.099999999964
0.100000000118,0.099999999892,0.099999999956,0.099999999861,0.099999999914,0.099999999946,0.100000000036,0.100000000245,0.099999999868,0.100000000164
0.099999999829,0.100000000158,0.100000000064,0.100000000201,0.100000000125,0.100000000078,0.099999999947,0.099999999643,0.100000000192,0.099999999762
0.100000000090,0.099999999917,0.099999999966,0.099999999894,0.099999999934,0.099999999959,0.100000000028,0.100000000187,0.099999999899,0.100000000125
0.099999999777,0.100000000206,0.100000000084,0.100000000263,0.100000000163,0.100000000102,0.099999999931,0.099999999535,0.100000000251,0.099999999690
0.100000000099,0.099999999909,0.099999999963,0.099999999884,0.099999999928,0.099999999955,0.100000000031,0.100000000206,0.099999999889,0.100000000137
0.099999999882,0.100000000109,0.100000000044,0.100000000139,0.100000000086,0.100000000054,0.099999999963,0.099999999754,0.100000000133,0.099999999836
0.100000000166,0.099999999847,0.099999999938,0.099999999805,0.099999999879,0.099999999924,0.100000000051,0.100000000346,0.099999999814,0.100000000230
0.099999999818,0.100000000167,0.100000000068,0.100000000214,0.100000000132,0.100000000083,0.099999999944,0.099999999621,0.100000000204,0.099999999747
0.099999999957,0.100000000039,0.100000000016,0.100000000050,0.100000000031,0.100000000020,0.099999999987,0.099999999911,0.100000000048,0.099999999941
0.099999999975,0.100000000023,0.100000000010,0.100000000030,0.100000000018,0.100000000012,0.099999999992,0.099999999947,0.100000000028,0.099999999965
0.099999999966,0.100000000032,0.100000000013,0.100000000039,0.100000000026,0.100000000015,0.099999999990,0.099999999929,0.100000000037,0.099999999953
0.100000000124,0.099999999885,0.099999999953,0.099999999854,0.099999999909,0.099999999943,0.100000000039,0.100000000259,0.099999999860,0.100000000173
0.100000000029,0.099999999974,0.099999999989,0.099999999966,0.099999999979,0.099999999987,0.100000000009,0.100000000060,0.099999999968,0.100000000040
0.100000000168,0.099999999846,0.099999999937,0.099999999803,0.099999999878,0.099999999923,0.100000000052,0.100000000350,0.099999999812,0.100000000233
0.100000000243,0.099999999776,0.099999999909,0.099999999714,0.099999999822,0.099999999889,0.100000000075,0.100000000507,0.099999999727,0.100000000338
0.099999999955,0.100000000042,0.100000000017,0.100000000053,0.100000000033,0.100000000020,0.099999999986,0.099999999906,0.100000000050,0.099999999938
0.099999999972,0.100000000026,0.100000000011,0.100000000033,0.100000000020,0.100000000013,0.099999999991,0.099999999942,0.100000000032,0.099999999961
0.100000000140,0.099999999871,0.099999999947,0.099999999835,0.099999999898,0.099999999936,0.100000000044,0.100000000292,0.099999999842,0.100000000195
0.099999999810,0.100000000175,0.100000000071,0.100000000224,0.100000000139,0.100000000087,0.099999999941,0.099999999604,0.100000000214,0.099999999736
0.100000000110,0.099999999899,0.099999999959,0.099999999870,0.099999999920,0.099999999950,0.100000000034,0.100000000230,0.099999999876,0.100000000153
0.099999999727,0.100000000251,0.100000000103,0.100000000322,0.100000000199,0.100000000125,0.099999999915,0.099999999431,0.100000000307,0.099999999620
0.100000000131,0.099999999879,0.099999999951,0.099999999846,0.099999999904,0.099999999940,0.100000000040,0.100000000274,0.099999999853,0.100000000182
0.099999999826,0.100000000161,0.100000000066,0.100000000205,0.100000000127,0.100000000080,0.099999999946,0.099999999636,0.100000000196,0.099999999758
0.100000000149,0.099999999862,0.099999999944,0.099999999824,0.099999999891,0.099999999932,0.100000000046,0.100000000312,0.099999999832,0.100000000208
0.099999999986,0.100000000013,0.100000000005,0.100000000016,0.100000000010,0.100000000006,0.099999999996,0.099999999970,0.100000000016,0.099999999981
0.100000000159,0.099999999853,0.099999999940,0.099999999813,0.099999999884,0.099999999927,0.100000000049,0.100000000332,0.099999999822,0.100000000221
0.100000000036,0.099999999967,0.099999999986,0.099999999958,0.099999999974,0.099999999984,0.100000000011,0.100000000075,0.099999999960,0.100000000050
0.100000000162,0.099999999851,0.099999999939,0.099999999810,0.099999999882,0.099999999926,0.100000000050,0.100000000337,0.099999999819,0.100000000225
0.100000000135,0.099999999876,0.099999999949,0.099999999841,0.099999999901,0.099999999938,0.100000000042,0.100000000281,0.099999999849,0.100000000188
0.100000000037,0.099999999966,0.099999999986,0.099999999956,0.099999999973,0.099999999983,0.100000000011,0.100000000077,0.099999999958,0.100000000052
0.100000000208,0.099999999808,0.099999999922,0.099999999755,0.099999999848,0.099999999905,0.100000000065,0.100000000434,0.099999999766,0.100000000290
0.099999999813,0.100000000173,0.100000000070,0.100000000221,0.100000000137,0.100000000086,0.099999999942,0.099999999609,0.100000000211,0.099999999740
0.100000000003,0.099999999997,0.099999999999,0.099999999996,0.099999999998,0.099999999999,0.100000000001,0.100000000007,0.099999999996,0.100000000005
0.100000000172,0.099999999842,0.099999999935,0.099999999798,0.099999999874,0.099999999921,0.100000000053,0.100000000359,0.099999999807,0.100000000239
0.100000000092,0.099999999915,0.099999999965,0.099999999892,0.099999999933,0.099999999958,0.100000000029,0.100000000192,0.099999999897,0.100000000128
0.100000000203,0.099999999813,0.099999999924,0.099999999762,0.099999999852,0.099999999908,0.100000000063,0.100000000422,0.099999999772,0.100000000281
0.100000000142,0.099999999869,0.099999999947,0.099999999832,0.099999999896,0.099999999935,0.100000000044,0.100000000297,0.099999999840,0.100000000198
0.100000000088,0.099999999919,0.099999999967,0.099999999896,0.099999999936,0.099999999960,0.100000000027,0.100000000184,0.099999999901,0.100000000123
0.100000000141,0.099999999870,0.099999999947,0.099999999834,0.099999999897,0.099999999935,0.100000000044,0.100000000295,0.099999999841,0.100000000197
0.100000000198,0.099999999818,0.099999999926,0.099999999767,0.099999999856,0.099999999910,0.100000000061,0.100000000413,0.099999999778,0.100000000275
0.100000000176,0.099999999838,0.099999999934,0.099999999793,0.099999999872,0.099999999920,0.100000000054,0.100000000366,0.099999999803,0.100000000244
0.100000000188,0.099999999827,0.099999999929,0.099999999779,0.099999999863,0.099999999914,0.100000000058,0.100000000391,0.099999999789,0.100000000261
0.100000000068,0.099999999937,0.099999999974,0.099999999919,0.099999999950,0.099999999969,0.100000000021,0.100000000143,0.099999999923,0.100000000095
0.099999999962,0.100000000035,0.100000000014,0.100000000044,0.100000000028,0.100000000017,0.099999999988,0.099999999922,0.100000000042,0.099999999948
0.100000000160,0.099999999852,0.099999999940,0.099999999812,0.099999999883,0.099999999927,0.100000000049,0.100000000334,0.099999999820,0.100000000222
0.100000000041,0.099999999962,0.099999999985,0.099999999952,0.099999999970,0.099999999981,0.100000000013,0.100000000085,0.099999999954,0.100000000057
0.099999999929,0.100000000066,0.100000000027,0.100000000084,0.100000000052,0.100000000033,0.099999999978,0.099999999851,0.100000000080,0.099999999901
0.100000000128,0.099999999882,0.099999999952,0.099999999850,0.099999999907,0.099999999942,0.100000000039,0.100000000266,0.099999999857,0.100000000178
0.099999999802,0.100000000183,0.100000000074,0.100000000233,0.100000000145,0.100000000091,0.099999999938,0.099999999587,0.100000000223,0.099999999724
0.100000000017,0.099999999985,0.099999999994,0.099999999980,0.099999999988,0.099999999992,0.100000000005,0.100000000035,0.099999999981,0.100000000023
0.100000000199,0.099999999816,0.099999999925,0.099999999766,0.099999999854,0.099999999909,0.100000000061,0.100000000416,0.099999999777,0.100000000277
0.100000000117,0.099999999892,0.099999999956,0.099999999862,0.099999999914,0.099999999946,0.100000000036,0.100000000245,0.099999999868,0.100000000163
0.099999999867,0.100000000122,0.100000000050,0.100000000156,0.100000000097,0.100000000061,0.099999999959,0.099999999724,0.100000000149,0.099999999816
0.100000000185,0.099999999829,0.099999999930,0.099999999782,0.099999999865,0.099999999915,0.100000000057,0.100000000386,0.099999999792,0.100000000257
0.100000000176,0.099999999838,0.099999999934,0.099999999793,0.099999999871,0.099999999920,0.100000000054,0.100000000367,0.099999999802,0.100000000244
0.100000000133,0.099999999877,0.099999999950,0.099999999844,0.099999999903,0.099999999939,0.100000000041,0.100000000277,0.099999999851,0.100000000185
0.100000000087,0.099999999920,0.099999999967,0.099999999897,0.099999999936,0.099999999960,0.100000000027,0.100000000182,0.099999999902,0.100000000121
0.100000000151,0.099999999861,0.099999999943,0.099999999822,0.099999999890,0.099999999931,0.100000000047,0.100000000315,0.099999999830,0.100000000210
0.099999999825,0.100000000161,0.100000000066,0.100000000206,0.100000000127,0.100000000080,0.099999999946,0.099999999636,0.100000000197,0.099999999757
0.099999999956,0.100000000042,0.100000000017,0.100000000052,0.100000000033,0.100000000020,0.099999999987,0.099999999907,0.100000000049,0.099999999938
0.099999999884,0.100000000107,0.100000000043,0.100000000136,0.100000000085,0.100000000053,0.099999999964,0.099999999759,0.100000000130,0.099999999839
0.099999999959,0.100000000038,0.100000000015,0.100000000048,0.100000000030,0.100000000019,0.099999999987,0.099999999914,0.100000000046,0.099999999943
0.099999999822,0.100000000164,0.100000000067,0.100000000209,0.100000000130,0.100000000081,0.099999999945,0.099999999629,0.100000000200,0.099999999753
0.099999999968,0.100000000029,0.100000000012,0.100000000037,0.100000000023,0.100000000015,0.099999999990,0.099999999934,0.100000000036,0.099999999956
0.099999999958,0.100000000039,0.100000000016,0.100000000049,0.100000000031,0.100000000019,0.099999999987,0.099999999913,0.100000000046,0.099999999942
0.099999999975,0.100000000023,0.100000000009,0.100000000029,0.100000000018,0.100000000011,0.099999999992,0.099999999948,0.100000000028,0.099999999966
0.099999999969,0.100000000029,0.100000000012,0.100000000036,0.100000000023,0.100000000014,0.099999999991,0.099999999935,0.100000000035,0.099999999957
0.100000000100,0.099999999908,0.099999999962,0.099999999882,0.099999999927,0.099999999954,0.100000000031,0.100000000208,0.099999999888,0.100000000139
0.100000000166,0.099999999847,0.099999999938,0.099999999805,0.099999999879,0.099999999924,0.100000000051,0.100000000346,0.099999999814,0.100000000230
0.100000000107,0.099999999902,0.099999999960,0.099999999874,0.099999999922,0.099999999951,0.100000000033,0.100000000222,0.099999999880,0.100000000148
0.100000000132,0.099999999878,0.099999999950,0.099999999844,0.099999999904,0.099999999940,0.100000000041,0.100000000276,0.099999999851,0.100000000184
0.100000000178,0.099999999836,0.099999999933,0.099999999791,0.099999999870,0.099999999919,0.100000000055,0.100000000371,0.099999999800,0.100000000247
0.100000000119,0.099999999891,0.099999999955,0.099999999860,0.099999999914,0.099999999946,0.100000000037,0.100000000247,0.099999999867,0.100000000165
0.100000000107,0.099999999902,0.099999999960,0.099999999874,0.099999999922,0.099999999951,0.100000000033,0.100000000222,0.099999999880,0.100000000148
0.100000000110,0.099999999899,0.099999999959,0.099999999870,0.099999999920,0.099999999950,0.100000000034,0.100000000229,0.099999999876,0.100000000153
0.100000000146,0.099999999865,0.099999999945,0.099999999828,0.099999999893,0.099999999933,0.100000000045,0.100000000304,0.099999999836,0.100000000203
0.100000000051,0.099999999954,0.099999999981,0.099999999940,0.099999999963,0.099999999977,0.100000000016,0.100000000105,0.099999999943,0.100000000070
0.100000000136,0.099999999874,0.099999999949,0.099999999839,0.099999999900,0.099999999938,0.100000000042,0.100000000285,0.099999999847,0.100000000190
0.099999999844,0.100000000144,0.100000000059,0.100000000184,0.100000000114,0.100000000071,0.099999999951,0.099999999674,0.100000000176,0.099999999783
0.100000000166,0.099999999847,0.099999999938,0.099999999805,0.099999999879,0.099999999924,0.100000000051,0.100000000346,0.099999999813,0.100000000231
0.100000000059,0.099999999945,0.099999999978,0.099999999931,0.099999999957,0.099999999973,0.100000000018,0.100000000123,0.099999999934,0.100000000082
0.100000000075,0.099999999931,0.099999999972,0.099999999912,0.099999999945,0.099999999966,0.100000000023,0.100000000156,0.099999999916,0.100000000104
0.100000000031,0.099999999972,0.099999999989,0.099999999964,0.099999999978,0.099999999986,0.100000000010,0.100000000063,0.099999999965,0.100000000043
0.100000000093,0.099999999915,0.099999999965,0.099999999891,0.099999999932,0.099999999958,0.100000000029,0.100000000193,0.099999999896,0.100000000129
0.100000000140,0.099999999871,0.099999999947,0.099999999836,0.099999999898,0.099999999936,0.100000000043,0.100000000292,0.099999999843,0.100000000195
0.100000000152,0.099999999860,0.099999999943,0.099999999821,0.099999999889,0.099999999931,0.100000000047,0.100000000317,0.099999999830,0.100000000211
0.100000000176,0.099999999838,0.099999999934,0.099999999793,0.099999999872,0.099999999920,0.100000000054,0.100000000367,0.099999999802,0.100000000244
0.100000000044,0.099999999960,0.099999999984,0.099999999948,0.099999999968,0.099999999980,0.100000000014,0.100000000091,0.099999999951,0.100000000061
0.099999999876,0.100000000114,0.100000000047,0.100000000146,0.100000000090,0.100000000057,0.099999999961,0.099999999742,0.100000000140,0.099999999828
0.100000000111,0.099999999897,0.099999999958,0.099999999869,0.099999999918,0.099999999949,0.100000000034,0.100000000233,0.099999999875,0.100000000155
0.099999999883,0.100000000108,0.100000000044,0.100000000138,0.100000000085,0.100000000053,0.099999999964,0.099999999756,0.100000000131,0.099999999837
0.099999999853,0.100000000135,0.100000000055,0.100000000173,0.100000000107,0.100000000067,0.099999999954,0.099999999694,0.100000000165,0.099999999796
0.100000000187,0.099999999828,0.099999999930,0.099999999780,0.099999999864,0.099999999915,0.100000000058,0.100000000389,0.099999999790,0.100000000259
0.100000000202,0.099999999814,0.099999999924,0.099999999762,0.099999999852,0.099999999908,0.100000000062,0.100000000422,0.099999999773,0.100000000281
0.100000000168,0.099999999846,0.099999999937,0.099999999803,0.099999999878,0.099999999923,0.100000000052,0.100000000350,0.099999999812,0.100000000233
0.099999999811,0.100000000174,0.100000000071,0.100000000223,0.100000000138,0.100000000086,0.099999999941,0.099999999606,0.100000000212,0.099999999737
0.099999999988,0.100000000012,0.100000000005,0.100000000014,0.100000000010,0.100000000006,0.099999999996,0.099999999973,0.100000000014,0.099999999983
0.100000000217,0.099999999800,0.099999999918,0.099999999745,0.099999999842,0.099999999901,0.100000000067,0.100000000453,0.099999999756,0.100000000302
0.099999999888,0.100000000103,0.100000000042,0.100000000131,0.100000000081,0.100000000051,0.099999999965,0.099999999767,0.100000000125,0.099999999845
0.099999999965,0.100000000032,0.100000000013,0.100000000041,0.100000000025,0.100000000016,0.099999999989,0.099999999927,0.100000000040,0.099999999951
0.099999999964,0.100000000034,0.100000000014,0.100000000042,0.100000000027,0.100000000016,0.099999999990,0.099999999923,0.100000000040,0.099999999950
0.100000000109,0.099999999899,0.099999999959,0.099999999871,0.099999999920,0.099999999950,0.100000000034,0.100000000228,0.099999999877,0.100000000152
0.099999999877,0.100000000113,0.100000000046,0.100000000144,0.100000000089,0.100000000056,0.099999999962,0.099999999745,0.100000000138,0.099999999830
0.099999999909,0.100000000084,0.100000000034,0.100000000108,0.100000000067,0.100000000042,0.099999999972,0.099999999810,0.100000000103,0.099999999873
0.100000000144,0.099999999867,0.099999999946,0.099999999830,0.099999999895,0.099999999934,0.100000000045,0.100000000301,0.099999999838,0.100000000200
0.099999999891,0.100000000100,0.100000000041,0.100000000128,0.100000000079,0.100000000050,0.099999999966,0.099999999774,0.100000000122,0.099999999849
0.099999999875,0.100000000115,0.100000000047,0.100000000148,0.100000000091,0.100000000057,0.099999999961,0.099999999739,0.100000000141,0.099999999826
0.100000000212,0.099999999805,0.099999999920,0.099999999751,0.099999999845,0.099999999903,0.100000000065,0.100000000442,0.099999999762,0.100000000294
0.100000000230,0.099999999787,0.099999999913,0.099999999729,0.099999999832,0.099999999895,0.100000000071,0.100000000481,0.099999999741,0.100000000321
0.100000000137,0.099999999874,0.099999999948,0.099999999839,0.099999999900,0.099999999937,0.100000000043,0.100000000286,0.099999999846,0.100000000191
0.100000000214,0.099999999803,0.099999999920,0.099999999748,0.099999999844,0.099999999902,0.100000000066,0.100000000446,0.099999999760,0.100000000297
0.099999999919,0.100000000075,0.100000000030,0.100000000095,0.100000000059,0.100000000037,0.099999999975,0.099999999831,0.100000000091,0.099999999887
0.100000000132,0.099999999879,0.099999999950,0.099999999845,0.099999999904,0.099999999940,0.100000000041,0.100000000275,0.099999999852,0.100000000183
0.100000000132,0.099999999879,0.099999999951,0.099999999845,0.099999999904,0.099999999940,0.100000000041,0.100000000274,0.099999999852,0.100000000183
0.100000000183,0.099999999832,0.099999999931,0.099999999785,0.099999999867,0.099999999917,0.100000000057,0.100000000381,0.099999999795,0.100000000254
0.099999999959,0.100000000037,0.100000000015,0.100000000048,0.100000000030,0.100000000019,0.099999999988,0.099999999915,0.100000000045,0.099999999944
0.100000000191,0.099999999824,0.099999999928,0.099999999776,0.099999999861,0.099999999913,0.100000000059,0.100000000397,0.099999999786,0.100000000265
0.100000000195,0.099999999821,0.099999999927,0.099999999771,0.099999999858,0.099999999911,0.100000000060,0.100000000406,0.099999999781,0.100000000271
0.100000000159,0.099999999854,0.099999999940,0.099999999813,0.099999999884,0.099999999927,0.100000000049,0.100000000331,0.099999999822,0.100000000221
0.100000000117,0.099999999892,0.099999999956,0.099999999862,0.099999999915,0.099999999947,0.100000000036,0.100000000244,0.099999999869,0.100000000162
0.100000000266,0.099999999755,0.099999999900,0.099999999687,0.099999999806,0.099999999879,0.100000000082,0.100000000554,0.099999999701,0.100000000369
0.100000000133,0.099999999878,0.099999999950,0.099999999844,0.099999999903,0.099999999939,0.100000000041,0.100000000277,0.099999999851,0.100000000184
0.100000000066,0.099999999939,0.099999999975,0.099999999922,0.099999999952,0.099999999970,0.100000000020,0.100000000138,0.099999999926,0.100000000092
0.100000000172,0.099999999842,0.099999999935,0.099999999798,0.099999999874,0.099999999921,0.100000000053,0.100000000359,0.099999999807,0.100000000239
0.100000000166,0.099999999847,0.099999999938,0.099999999805,0.099999999879,0.099999999924,0.100000000051,0.100000000346,0.099999999814,0.100000000230
0.099999999750,0.100000000230,0.100000000094,0.100000000295,0.100000000182,0.100000000114,0.099999999922,0.099999999479,0.100000000281,0.099999999653
0.100000000216,0.099999999801,0.099999999919,0.099999999746,0.099999999842,0.099999999901,0.100000000067,0.100000000451,0.099999999757,0.100000000300
0.100000000184,0.099999999830,0.099999999931,0.099999999783,0.099999999865,0.099999999916,0.100000000057,0.100000000385,0.099999999793,0.100000000257
0.099999999870,0.100000000120,0.100000000049,0.100000000153,0.100000000095,0.100000000059,0.099999999960,0.099999999729,0.100000000146,0.099999999819
0.100000000140,0.099999999871,0.099999999947,0.099999999836,0.099999999898,0.099999999936,0.100000000043,0.100000000292,0.099999999843,0.100000000195
0.099999999840,0.100000000148,0.100000000060,0.100000000189,0.100000000117,0.100000000073,0.099999999950,0.099999999666,0.100000000180,0.099999999777
0.099999999744,0.100000000235,0.100000000096,0.100000000301,0.100000000186,0.100000000117,0.099999999921,0.099999999467,0.100000000288,0.099999999645
0.099999999837,0.100000000150,0.100000000061,0.100000000192,0.100000000119,0.100000000075,0.099999999949,0.099999999660,0.100000000183,0.099999999773
0.100000000043,0.099999999960,0.099999999984,0.099999999949,0.099999999969,0.099999999980,0.100000000013,0.100000000090,0.099999999952,0.100000000060
0.100000000160,0.099999999852,0.099999999940,0.099999999811,0.099999999883,0.099999999927,0.100000000049,0.100000000335,0.099999999820,0.100000000223
0.099999999931,0.100000000063,0.100000000026,0.100000000081,0.100000000050,0.100000000031,0.099999999979,0.099999999857,0.100000000077,0.099999999904
0.100000000163,0.099999999850,0.099999999939,0.099999999809,0.099999999881,0.099999999926,0.100000000050,0.100000000339,0.099999999817,0.100000000226
0.100000000051,0.099999999953,0.099999999981,0.099999999940,0.099999999963,0.099999999977,0.100000000016,0.100000000106,0.099999999943,0.100000000071
0.099999999930,0.100000000065,0.100000000026,0.100000000083,0.100000000051,0.100000000032,0.099999999978,0.099999999854,0.100000000079,0.099999999902
0.099999999843,0.100000000144,0.100000000059,0.100000000184,0.100000000114,0.100000000071,0.099999999951,0.099999999674,0.100000000176,0.099999999782
0.100000000172,0.099999999841,0.099999999935,0.099999999798,0.099999999874,0.099999999922,0.100000000053,0.100000000359,0.099999999807,0.100000000239
0.099999999793,0.100000000190,0.100000000078,0.100000000244,0.100000000150,0.100000000094,0.099999999936,0.099999999570,0.100000000232,0.099999999713
0.099999999791,0.100000000192,0.100000000079,0.100000000246,0.100000000152,0.100000000096,0.099999999935,0.099999999565,0.100000000235,0.099999999709
0.099999999802,0.100000000183,0.100000000074,0.100000000234,0.100000000145,0.100000000091,0.099999999938,0.099999999587,0.100000000223,0.099999999724
0.099999999855,0.100000000134,0.100000000055,0.100000000171,0.100000000106,0.100000000066,0.099999999955,0.099999999697,0.100000000163,0.099999999798
0.099999999787,0.100000000196,0.100000000080,0.100000000251,0.100000000155,0.100000000097,0.099999999934,0.099999999556,0.100000000240,0.099999999704
0.099999999694,0.100000000282,0.100000000115,0.100000000361,0.100000000223,0.100000000140,0.099999999905,0.099999999362,0.100000000344,0.099999999574
0.099999999834,0.100000000152,0.100000000062,0.100000000195,0.100000000121,0.100000000076,0.099999999948,0.099999999655,0.100000000186,0.099999999770
0.099999999777,0.100000000205,0.100000000084,0.100000000263,0.100000000162,0.100000000102,0.099999999930,0.099999999535,0.100000000251,0.099999999690
0.099999999827,0.100000000160,0.100000000065,0.100000000204,0.100000000127,0.100000000079,0.099999999946,0.099999999639,0.100000000195,0.099999999759
0.099999999903,0.100000000089,0.100000000036,0.100000000114,0.100000000071,0.100000000044,0.099999999970,0.099999999799,0.100000000108,0.099999999866
0.099999999785,0.100000000198,0.100000000081,0.100000000253,0.100000000157,0.100000000098,0.099999999933,0.099999999552,0.100000000242,0.099999999701
0.099999999903,0.100000000089,0.100000000036,0.100000000114,0.100000000070,0.100000000044,0.099999999970,0.099999999799,0.100000000109,0.099999999866
0.099999999873,0.100000000117,0.100000000048,0.100000000149,0.100000000092,0.100000000058,0.099999999961,0.099999999736,0.100000000142,0.099999999824
0.099999999865,0.100000000124,0.100000000051,0.100000000159,0.100000000098,0.100000000062,0.099999999958,0.099999999719,0.100000000151,0.099999999813
0.099999999821,0.100000000164,0.100000000067,0.100000000211,0.100000000130,0.100000000082,0.099999999944,0.099999999628,0.100000000201,0.099999999751
0.099999999857,0.100000000132,0.100000000054,0.100000000168,0.100000000104,0.100000000065,0.099999999956,0.099999999702,0.100000000161,0.099999999801
0.099999999784,0.100000000199,0.100000000081,0.100000000255,0.100000000158,0.100000000099,0.099999999933,0.099999999549,0.100000000243,0.099999999699
0.099999999833,0.100000000154,0.100000000063,0.100000000197,0.100000000122,0.100000000076,0.099999999948,0.099999999651,0.100000000188,0.099999999767
0.099999999886,0.100000000105,0.100000000043,0.100000000134,0.100000000083,0.100000000052,0.099999999964,0.099999999762,0.100000000128,0.099999999841
0.099999999762,0.100000000219,0.100000000089,0.100000000280,0.100000000173,0.100000000109,0.099999999926,0.099999999504,0.100000000268,0.099999999669
0.099999999844,0.100000000144,0.100000000059,0.100000000184,0.100000000114,0.100000000071,0.099999999951,0.099999999674,0.100000000176,0.099999999783
0.099999999826,0.100000000160,0.100000000065,0.100000000205,0.100000000127,0.100000000079,0.099999999946,0.099999999638,0.100000000195,0.099999999758
0.099999999737,0.100000000242,0.100000000099,0.100000000310,0.100000000191,0.100000000120,0.099999999918,0.099999999453,0.100000000295,0.099999999635
0.099999999858,0.100000000131,0.100000000053,0.100000000167,0.100000000104,0.100000000065,0.099999999956,0.099999999704,0.100000000160,0.099999999802
0.099999999776,0.100000000206,0.100000000084,0.100000000264,0.100000000163,0.100000000102,0.099999999930,0.099999999534,0.100000000252,0.099999999689
0.099999999776,0.100000000206,0.100000000084,0.100000000264,0.100000000163,0.100000000102,0.099999999931,0.099999999534,0.100000000251,0.099999999689
0.099999999781,0.100000000202,0.100000000082,0.100000000258,0.100000000160,0.100000000100,0.099999999932,0.099999999544,0.100000000246,0.099999999696
0.099999999855,0.100000000133,0.100000000054,0.100000000171,0.100000000106,0.100000000066,0.099999999955,0.099999999698,0.100000000163,0.099999999799
0.099999999850,0.100000000138,0.100000000057,0.100000000177,0.100000000110,0.100000000069,0.099999999953,0.099999999687,0.100000000169,0.099999999791
0.099999999895,0.100000000097,0.100000000039,0.100000000123,0.100000000077,0.100000000048,0.099999999968,0.099999999781,0.100000000118,0.099999999854
0.099999999814,0.100000000171,0.100000000070,0.100000000219,0.100000000135,0.100000000085,0.099999999942,0.099999999613,0.100000000209,0.099999999742
0.099999999884,0.100000000107,0.100000000043,0.100000000136,0.100000000085,0.100000000053,0.099999999964,0.099999999759,0.100000000130,0.099999999839
0.099999999823,0.100000000163,0.100000000066,0.100000000208,0.100000000129,0.100000000081,0.099999999945,0.099999999632,0.100000000198,0.099999999754
0.099999999833,0.100000000153,0.100000000063,0.100000000196,0.100000000121,0.100000000076,0.099999999948,0.099999999653,0.100000000188,0.099999999768
0.099999999868,0.100000000121,0.100000000050,0.100000000156,0.100000000096,0.100000000060,0.099999999959,0.099999999725,0.100000000149,0.099999999817
0.099999999798,0.100000000186,0.100000000076,0.100000000238,0.100000000147,0.100000000092,0.099999999937,0.099999999580,0.100000000227,0.099999999720
0.099999999835,0.100000000152,0.100000000062,0.100000000194,0.100000000120,0.100000000075,0.099999999949,0.099999999656,0.100000000186,0.099999999770
0.099999999779,0.100000000204,0.100000000083,0.100000000261,0.100000000161,0.100000000101,0.099999999931,0.099999999539,0.100000000249,0.099999999692
0.099999999836,0.100000000151,0.100000000062,0.100000000193,0.100000000119,0.100000000075,0.099999999949,0.099999999659,0.100000000184,0.099999999772
0.099999999770,0.100000000212,0.100000000086,0.100000000271,0.100000000168,0.100000000105,0.099999999928,0.099999999521,0.100000000259,0.099999999680
0.099999999937,0.100000000058,0.100000000024,0.100000000074,0.100000000046,0.100000000029,0.099999999981,0.099999999868,0.100000000071,0.099999999912
0.100000000060,0.099999999945,0.099999999978,0.099999999930,0.099999999956,0.099999999973,0.100000000018,0.100000000124,0.099999999933,0.100000000083
0.099999999896,0.100000000096,0.100000000039,0.100000000123,0.100000000076,0.100000000048,0.099999999968,0.099999999783,0.100000000117,0.099999999855
0.099999999807,0.100000000177,0.100000000072,0.100000000227,0.100000000140,0.100000000088,0.099999999940,0.099999999598,0.100000000217,0.099999999732
0.099999999839,0.100000000148,0.100000000060,0.100000000189,0.100000000117,0.100000000073,0.099999999950,0.099999999666,0.100000000181,0.099999999777
0.099999999867,0.100000000123,0.100000000050,0.100000000157,0.100000000097,0.100000000061,0.099999999959,0.099999999722,0.100000000150,0.099999999815
0.099999999882,0.100000000108,0.100000000044,0.100000000139,0.100000000086,0.100000000054,0.099999999963,0.099999999755,0.100000000133,0.099999999836
0.099999999776,0.100000000206,0.100000000084,0.100000000263,0.100000000163,0.100000000102,0.099999999930,0.099999999534,0.100000000251,0.099999999689
0.099999999772,0.100000000210,0.100000000085,0.100000000268,0.100000000166,0.100000000104,0.099999999929,0.099999999526,0.100000000256,0.099999999684
0.099999999827,0.100000000160,0.100000000065,0.100000000204,0.100000000126,0.100000000079,0.099999999946,0.099999999639,0.100000000195,0.099999999759
0.099999999782,0.100000000201,0.100000000082,0.100000000257,0.100000000159,0.100000000100,0.099999999932,0.099999999545,0.100000000245,0.099999999697
0.099999999738,0.100000000241,0.100000000098,0.100000000308,0.100000000191,0.100000000120,0.099999999919,0.099999999455,0.100000000294,0.099999999636
0.099999999857,0.100000000132,0.100000000054,0.100000000169,0.100000000104,0.100000000066,0.099999999955,0.099999999701,0.100000000162,0.099999999801
0.099999999872,0.100000000117,0.100000000048,0.100000000151,0.100000000093,0.100000000058,0.099999999960,0.099999999734,0.100000000144,0.099999999822
0.099999999814,0.100000000171,0.100000000070,0.100000000219,0.100000000136,0.100000000085,0.099999999942,0.099999999613,0.100000000209,0.099999999742
0.099999999829,0.100000000158,0.100000000064,0.100000000201,0.100000000125,0.100000000078,0.099999999947,0.099999999643,0.100000000192,0.099999999762
0.100000000097,0.099999999911,0.099999999964,0.099999999886,0.099999999929,0.099999999956,0.100000000030,0.100000000201,0.099999999891,0.100000000134
0.099999999851,0.100000000137,0.100000000056,0.100000000176,0.100000000109,0.100000000068,0.099999999953,0.099999999689,0.100000000168,0.099999999793
0.099999999793,0.100000000191,0.100000000078,0.100000000244,0.100000000151,0.100000000095,0.099999999936,0.099999999568,0.100000000233,0.099999999712
0.099999999847,0.100000000140,0.100000000057,0.100000000180,0.100000000111,0.100000000070,0.099999999953,0.099999999682,0.100000000172,0.099999999788
0.099999999761,0.100000000220,0.100000000090,0.100000000282,0.100000000174,0.100000000109,0.099999999926,0.099999999502,0.100000000269,0.099999999668
0.099999999818,0.100000000167,0.100000000068,0.100000000214,0.100000000132,0.100000000083,0.099999999944,0.099999999621,0.100000000204,0.099999999747
0.099999999805,0.100000000179,0.100000000073,0.100000000229,0.100000000142,0.100000000089,0.099999999940,0.099999999594,0.100000000219,0.099999999729
0.099999999779,0.100000000203,0.100000000083,0.100000000260,0.100000000161,0.100000000101,0.099999999931,0.099999999540,0.100000000248,0.099999999693
0.099999999804,0.100000000181,0.100000000074,0.100000000231,0.100000000143,0.100000000090,0.099999999939,0.099999999591,0.100000000221,0.099999999727
0.099999999855,0.100000000133,0.100000000055,0.100000000171,0.100000000106,0.100000000066,0.099999999955,0.099999999698,0.100000000163,0.099999999798
0.099999999853,0.100000000135,0.100000000055,0.100000000173,0.100000000107,0.100000000067,0.099999999954,0.099999999694,0.100000000166,0.099999999796
0.099999999867,0.100000000122,0.100000000050,0.100000000156,0.100000000097,0.100000000061,0.099999999959,0.099999999724,0.100000000149,0.099999999815
0.099999999832,0.100000000155,0.100000000063,0.100000000198,0.100000000122,0.100000000077,0.099999999948,0.099999999650,0.100000000189,0.099999999767
0.099999999810,0.100000000175,0.100000000071,0.100000000224,0.100000000139,0.100000000087,0.099999999941,0.099999999604,0.100000000214,0.099999999736
0.099999999824,0.100000000161,0.100000000066,0.100000000207,0.100000000128,0.100000000080,0.099999999945,0.099999999634,0.100000000198,0.099999999756
0.099999999955,0.100000000042,0.100000000017,0.100000000053,0.100000000033,0.100000000021,0.099999999986,0.099999999905,0.100000000051,0.099999999937
0.099999999851,0.100000000137,0.100000000056,0.100000000175,0.100000000109,0.100000000068,0.099999999954,0.099999999690,0.100000000167,0.099999999793
0.099999999826,0.100000000160,0.100000000065,0.100000000205,0.100000000127,0.100000000079,0.099999999946,0.099999999638,0.100000000196,0.099999999758
0.099999999988,0.100000000011,0.100000000005,0.100000000015,0.100000000009,0.100000000006,0.099999999996,0.099999999974,0.100000000014,0.099999999983
0.099999999946,0.100000000050,0.100000000020,0.100000000064,0.100000000040,0.100000000025,0.099999999983,0.099999999886,0.100000000061,0.099999999924
0.099999999758,0.100000000222,0.100000000091,0.100000000284,0.100000000176,0.100000000110,0.099999999925,0.099999999497,0.100000000272,0.099999999664
0.099999999727,0.100000000251,0.100000000103,0.100000000322,0.100000000199,0.100000000125,0.099999999915,0.099999999431,0.100000000307,0.099999999620
0.099999999932,0.100000000063,0.100000000026,0.100000000080,0.100000000050,0.100000000031,0.099999999979,0.099999999858,0.100000000077,0.099999999905
0.099999999998,0.100000000002,0.100000000001,0.100000000002,0.100000000002,0.100000000001,0.099999999999,0.099999999996,0.100000000002,0.099999999997
0.099999999918,0.100000000076,0.100000000031,0.100000000097,0.100000000060,0.100000000038,0.099999999975,0.099999999828,0.100000000092,0.099999999886
0.099999999675,0.100000000307,0.100000000123,0.100000000379,0.100000000244,0.100000000148,0.099999999904,0.099999999313,0.100000000361,0.099999999547
0.099999999979,0.100000000019,0.100000000008,0.100000000024,0.100000000015,0.100000000009,0.099999999994,0.099999999957,0.100000000023,0.099999999971
0.099999999926,0.100000000068,0.100000000028,0.100000000087,0.100000000054,0.100000000034,0.099999999977,0.099999999845,0.100000000083,0.099999999897
0.099999999675,0.100000000307,0.100000000123,0.100000000379,0.100000000244,0.100000000148,0.099999999904,0.099999999313,0.100000000361,0.099999999547
0.099999999893,0.100000000099,0.100000000040,0.100000000127,0.100000000079,0.100000000049,0.099999999967,0.099999999776,0.100000000121,0.099999999851
0.099999999881,0.100000000110,0.100000000045,0.100000000141,0.100000000087,0.100000000055,0.099999999963,0.099999999751,0.100000000134,0.099999999834
0.099999999822,0.100000000164,0.100000000067,0.100000000209,0.100000000130,0.100000000081,0.099999999945,0.099999999629,0.100000000200,0.099999999753
0.100000000013,0.099999999988,0.099999999995,0.099999999984,0.099999999990,0.099999999994,0.100000000004,0.100000000028,0.099999999985,0.100000000019
0.099999999851,0.100000000137,0.100000000056,0.100000000175,0.100000000108,0.100000000068,0.099999999954,0.099999999690,0.100000000167,0.099999999793
0.099999999955,0.100000000042,0.100000000017,0.100000000053,0.100000000033,0.100000000021,0.099999999986,0.099999999906,0.100000000051,0.099999999937
0.099999999957,0.100000000040,0.100000000016,0.100000000051,0.100000000032,0.100000000020,0.099999999987,0.099999999909,0.100000000049,0.099999999940
0.099999999880,0.100000000111,0.100000000045,0.100000000141,0.100000000088,0.100000000055,0.099999999963,0.099999999750,0.100000000135,0.099999999833
0.100000000042,0.099999999961,0.099999999984,0.099999999951,0.099999999969,0.099999999981,0.100000000013,0.100000000087,0.099999999953,0.100000000058
0.099999999844,0.100000000144,0.100000000059,0.100000000184,0.100000000114,0.100000000071,0.099999999951,0.099999999674,0.100000000176,0.099999999783
0.099999999919,0.100000000075,0.100000000031,0.100000000096,0.100000000059,0.100000000037,0.099999999975,0.099999999831,0.100000000091,0.099999999887
0.099999999902,0.100000000090,0.100000000037,0.100000000115,0.100000000072,0.100000000045,0.099999999970,0.099999999796,0.100000000110,0.099999999864
0.099999999879,0.100000000111,0.100000000046,0.100000000142,0.100000000088,0.100000000055,0.099999999963,0.099999999748,0.100000000136,0.099999999832
0.099999999911,0.100000000082,0.100000000034,0.100000000105,0.100000000065,0.100000000041,0.099999999972,0.099999999814,0.100000000100,0.099999999876
0.100000000037,0.099999999966,0.099999999986,0.099999999957,0.099999999973,0.099999999983,0.100000000011,0.100000000077,0.099999999959,0.100000000051
0.099999999921,0.100000000073,0.100000000030,0.100000000093,0.100000000058,0.100000000036,0.099999999975,0.099999999834,0.100000000089,0.099999999890
0.099999999969,0.100000000028,0.100000000012,0.100000000036,0.100000000022,0.100000000014,0.099999999990,0.099999999936,0.100000000035,0.099999999957
0.099999999795,0.100000000189,0.100000000077,0.100000000241,0.100000000149,0.100000000093,0.099999999937,0.099999999574,0.100000000230,0.099999999716
0.099999999933,0.100000000062,0.100000000025,0.100000000079,0.100000000049,0.100000000031,0.099999999979,0.099999999860,0.100000000076,0.099999999907
0.099999999986,0.100000000012,0.100000000005,0.100000000016,0.100000000010,0.100000000006,0.099999999996,0.099999999972,0.100000000015,0.099999999981
0.099999999864,0.100000000125,0.100000000051,0.100000000160,0.100000000099,0.100000000062,0.099999999958,0.099999999717,0.100000000153,0.099999999811
0.100000000019,0.099999999982,0.099999999993,0.099999999978,0.099999999986,0.099999999991,0.100000000006,0.100000000039,0.099999999979,0.100000000026
0.100000000015,0.099999999986,0.099999999994,0.099999999982,0.099999999988,0.099999999993,0.100000000005,0.100000000032,0.099999999983,0.100000000021
0.100000000019,0.099999999982,0.099999999993,0.099999999977,0.099999999986,0.099999999991,0.100000000006,0.100000000040,0.099999999978,0.100000000027
0.100000000007,0.099999999994,0.099999999998,0.099999999992,0.099999999995,0.099999999997,0.100000000002,0.100000000014,0.099999999993,0.100000000009
0.099999999795,0.100000000189,0.100000000077,0.100000000242,0.100000000149,0.100000000094,0.099999999936,0.099999999572,0.100000000231,0.099999999715
0.099999999995,0.100000000005,0.100000000002,0.100000000007,0.100000000004,0.100000000002,0.099999999998,0.099999999989,0.100000000006,0.099999999992
0.099999999845,0.100000000143,0.100000000058,0.100000000183,0.100000000113,0.100000000071,0.099999999952,0.099999999677,0.100000000174,0.099999999785
0.099999999929,0.100000000066,0.100000000027,0.100000000084,0.100000000052,0.100000000033,0.099999999978,0.099999999851,0.100000000080,0.099999999901
0.099999999932,0.100000000063,0.100000000026,0.100000000080,0.100000000050,0.100000000031,0.099999999979,0.099999999858,0.100000000077,0.099999999905
0.099999999903,0.100000000089,0.100000000036,0.100000000114,0.100000000071,0.100000000044,0.099999999970,0.099999999798,0.100000000109,0.099999999866
0.099999999887,0.100000000104,0.100000000043,0.100000000133,0.100000000083,0.100000000052,0.099999999965,0.099999999764,0.100000000127,0.099999999842
0.099999999855,0.100000000134,0.100000000054,0.100000000171,0.100000000106,0.100000000066,0.099999999955,0.099999999697,0.100000000163,0.099999999798
0.099999999900,0.100000000092,0.100000000038,0.100000000118,0.100000000073,0.100000000046,0.099999999969,0.099999999791,0.100000000113,0.099999999861
0.099999999870,0.100000000120,0.100000000049,0.100000000153,0.100000000095,0.100000000060,0.099999999960,0.099999999729,0.100000000146,0.099999999819
0.099999999838,0.100000000149,0.100000000061,0.100000000191,0.100000000118,0.100000000074,0.099999999950,0.099999999662,0.100000000182,0.099999999775
0.099999999951,0.100000000045,0.100000000018,0.100000000058,0.100000000036,0.100000000022,0.099999999985,0.099999999898,0.100000000055,0.099999999932
0.099999999939,0.100000000056,0.100000000023,0.100000000071,0.100000000045,0.100000000028,0.099999999981,0.099999999873,0.100000000068,0.099999999916
0.099999999772,0.100000000210,0.100000000085,0.100000000268,0.100000000166,0.100000000104,0.099999999929,0.099999999526,0.100000000256,0.099999999684
0.099999999790,0.100000000193,0.100000000079,0.100000000248,0.100000000153,0.100000000096,0.099999999935,0.099999999562,0.100000000236,0.099999999708
0.099999999830,0.100000000157,0.100000000064,0.100000000200,0.100000000124,0.100000000078,0.099999999947,0.099999999646,0.100000000191,0.099999999764
0.099999999948,0.100000000048,0.100000000020,0.100000000062,0.100000000038,0.100000000024,0.099999999984,0.099999999891,0.100000000059,0.099999999927
0.099999999947,0.100000000048,0.100000000020,0.100000000062,0.100000000038,0.100000000024,0.099999999984,0.099999999890,0.100000000059,0.099999999927
0.099999999943,0.100000000053,0.100000000022,0.100000000068,0.100000000042,0.100000000026,0.099999999982,0.099999999881,0.100000000065,0.099999999920
0.100000000046,0.099999999957,0.099999999983,0.099999999946,0.099999999966,0.099999999979,0.100000000014,0.100000000096,0.099999999948,0.100000000064
0.099999999874,0.100000000116,0.100000000048,0.100000000149,0.100000000092,0.100000000058,0.099999999961,0.099999999737,0.100000000142,0.099999999824
0.099999999895,0.100000000097,0.100000000040,0.100000000124,0.100000000077,0.100000000048,0.099999999967,0.099999999780,0.100000000119,0.099999999853
0.099999999868,0.100000000122,0.100000000050,0.100000000156,0.100000000096,0.100000000060,0.099999999959,0.099999999725,0.100000000149,0.099999999816
0.099999999865,0.100000000124,0.100000000051,0.100000000159,0.100000000098,0.100000000062,0.099999999958,0.099999999719,0.100000000152,0.099999999812
0.099999999940,0.100000000056,0.100000000023,0.100000000071,0.100000000044,0.100000000028,0.099999999981,0.099999999874,0.100000000068,0.099999999916
0.100000000018,0.099999999983,0.099999999993,0.099999999978,0.099999999986,0.099999999992,0.100000000006,0.100000000039,0.099999999980,0.100000000026
0.099999999840,0.100000000147,0.100000000060,0.100000000189,0.100000000117,0.100000000073,0.099999999950,0.099999999667,0.100000000180,0.099999999778
0.100000000046,0.099999999958,0.099999999983,0.099999999946,0.099999999966,0.099999999979,0.100000000014,0.100000000096,0.099999999949,0.100000000064
0.100000000042,0.099999999961,0.099999999984,0.099999999951,0.099999999969,0.099999999981,0.100000000013,0.100000000088,0.099999999953,0.100000000058
0.099999999904,0.100000000089,0.100000000036,0.100000000114,0.100000000070,0.100000000044,0.099999999970,0.099999999799,0.100000000108,0.099999999866
0.099999999932,0.100000000062,0.100000000026,0.100000000080,0.100000000049,0.100000000031,0.099999999979,0.099999999859,0.100000000076,0.099999999906
0.099999999909,0.100000000084,0.100000000034,0.100000000107,0.100000000066,0.100000000041,0.099999999972,0.099999999811,0.100000000102,0.099999999874
0.099999999911,0.100000000082,0.100000000033,0.100000000105,0.100000000065,0.100000000041,0.099999999972,0.099999999815,0.100000000100,0.099999999877
0.099999999884,0.100000000107,0.100000000044,0.100000000136,0.100000000084,0.100000000053,0.099999999964,0.099999999759,0.100000000130,0.099999999839
0.099999999822,0.100000000164,0.100000000067,0.100000000210,0.100000000130,0.100000000081,0.099999999945,0.099999999629,0.100000000200,0.099999999753
0.099999999852,0.100000000136,0.100000000056,0.100000000174,0.100000000108,0.100000000068,0.099999999954,0.099999999691,0.100000000167,0.099999999794
0.099999999840,0.100000000147,0.100000000060,0.100000000189,0.100000000117,0.100000000073,0.099999999950,0.099999999666,0.100000000180,0.099999999777
0.099999999850,0.100000000138,0.100000000056,0.100000000177,0.100000000109,0.100000000069,0.099999999953,0.099999999687,0.100000000169,0.099999999791
0.099999999797,0.100000000187,0.100000000076,0.100000000239,0.100000000148,0.100000000093,0.099999999937,0.099999999577,0.100000000228,0.099999999718
0.099999999951,0.100000000045,0.100000000018,0.100000000058,0.100000000036,0.100000000022,0.099999999985,0.099999999898,0.100000000055,0.099999999932
0.099999999883,0.100000000108,0.100000000044,0.100000000138,0.100000000086,0.100000000054,0.099999999964,0.099999999755,0.100000000132,0.099999999837
0.099999999993,0.100000000006,0.100000000002,0.100000000008,0.100000000005,0.100000000003,0.099999999998,0.099999999986,0.100000000007,0.099999999991
0.099999999907,0.100000000086,0.100000000035,0.100000000110,0.100000000068,0.100000000043,0.099999999971,0.099999999805,0.100000000105,0.099999999870
0.099999999856,0.100000000132,0.100000000054,0.100000000169,0.100000000105,0.100000000066,0.099999999955,0.099999999700,0.100000000161,0.099999999800
0.099999999973,0.100000000025,0.100000000010,0.100000000032,0.100000000020,0.100000000012,0.099999999992,0.099999999944,0.100000000030,0.099999999963
0.099999999915,0.100000000078,0.100000000032,0.100000000100,0.100000000062,0.100000000039,0.099999999974,0.099999999824,0.100000000095,0.099999999882
0.099999999836,0.100000000151,0.100000000062,0.100000000193,0.100000000119,0.100000000075,0.099999999949,0.099999999659,0.100000000184,0.099999999772
0.099999999884,0.100000000107,0.100000000044,0.100000000136,0.100000000084,0.100000000053,0.099999999964,0.099999999759,0.100000000130,0.099999999839
0.099999999911,0.100000000082,0.100000000033,0.100000000104,0.100000000065,0.100000000041,0.099999999972,0.099999999815,0.100000000100,0.099999999877
0.099999999950,0.100000000046,0.100000000019,0.100000000059,0.100000000037,0.100000000023,0.099999999984,0.099999999895,0.100000000056,0.099999999930
0.099999999904,0.100000000088,0.100000000036,0.100000000113,0.100000000070,0.100000000044,0.099999999970,0.099999999801,0.100000000108,0.099999999867
0.099999999903,0.100000000089,0.100000000037,0.100000000114,0.100000000071,0.100000000044,0.099999999970,0.099999999798,0.100000000109,0.099999999865
0.099999999945,0.100000000051,0.100000000021,0.100000000064,0.100000000041,0.100000000025,0.099999999983,0.099999999885,0.100000000061,0.099999999924
0.099999999900,0.100000000092,0.100000000037,0.100000000117,0.100000000073,0.100000000045,0.099999999969,0.099999999792,0.100000000112,0.099999999862
0.099999999990,0.100000000009,0.100000000004,0.100000000012,0.100000000007,0.100000000005,0.099999999997,0.099999999979,0.100000000011,0.099999999986
0.099999999891,0.100000000101,0.100000000041,0.100000000129,0.100000000080,0.100000000050,0.099999999966,0.099999999772,0.100000000123,0.099999999848
0.099999999949,0.100000000047,0.100000000019,0.100000000060,0.100000000037,0.100000000023,0.099999999984,0.099999999894,0.100000000057,0.099999999929
0.099999999974,0.100000000024,0.100000000010,0.100000000031,0.100000000019,0.100000000012,0.099999999992,0.099999999946,0.100000000029,0.099999999964
0.099999999823,0.100000000163,0.100000000067,0.100000000209,0.100000000129,0.100000000081,0.099999999945,0.099999999630,0.100000000199,0.099999999754
0.100000000045,0.099999999959,0.099999999983,0.099999999947,0.099999999967,0.099999999980,0.100000000014,0.100000000093,0.099999999950,0.100000000062
0.099999999904,0.100000000089,0.100000000036,0.100000000113,0.100000000070,0.100000000044,0.099999999970,0.099999999799,0.100000000108,0.099999999866
0.099999999879,0.100000000111,0.100000000045,0.100000000142,0.100000000088,0.100000000055,0.099999999962,0.099999999748,0.100000000136,0.099999999832
0.100000000020,0.099999999981,0.099999999993,0.099999999976,0.099999999985,0.099999999991,0.100000000006,0.100000000042,0.099999999978,0.100000000028
0.099999999846,0.100000000142,0.100000000058,0.100000000182,0.100000000112,0.100000000070,0.099999999952,0.099999999679,0.100000000173,0.099999999786
0.099999999916,0.100000000077,0.100000000032,0.100000000099,0.100000000061,0.100000000038,0.099999999974,0.099999999825,0.100000000094,0.099999999883
0.099999999941,0.100000000054,0.100000000022,0.100000000070,0.100000000043,0.100000000027,0.099999999982,0.099999999877,0.100000000066,0.099999999918
0.099999999882,0.100000000108,0.100000000044,0.100000000139,0.100000000086,0.100000000054,0.099999999963,0.099999999754,0.100000000133,0.099999999836
0.099999999865,0.100000000124,0.100000000051,0.100000000158,0.100000000098,0.100000000061,0.099999999958,0.099999999719,0.100000000151,0.099999999813
0.099999999907,0.100000000086,0.100000000035,0.100000000109,0.100000000068,0.100000000042,0.099999999971,0.099999999806,0.100000000104,0.099999999871
0.099999999881,0.100000000109,0.100000000045,0.100000000140,0.100000000086,0.100000000054,0.099999999963,0.099999999753,0.100000000133,0.099999999835
0.099999999865,0.100000000124,0.100000000051,0.100000000159,0.100000000099,0.100000000062,0.099999999958,0.099999999718,0.100000000152,0.099999999812
0.099999999895,0.100000000097,0.100000000040,0.100000000124,0.100000000077,0.100000000048,0.099999999967,0.099999999780,0.100000000118,0.099999999854
0.099999999952,0.100000000044,0.100000000018,0.100000000057,0.100000000035,0.100000000022,0.099999999985,0.099999999899,0.100000000054,0.099999999933
0.099999999896,0.100000000096,0.100000000039,0.100000000122,0.100000000076,0.100000000048,0.099999999968,0.099999999783,0.100000000117,0.099999999856
0.099999999911,0.100000000081,0.100000000033,0.100000000104,0.100000000064,0.100000000040,0.099999999972,0.099999999816,0.100000000100,0.099999999877
0.099999999990,0.100000000009,0.100000000004,0.100000000012,0.100000000007,0.100000000005,0.099999999997,0.099999999980,0.100000000011,0.099999999986
0.099999999872,0.100000000118,0.100000000048,0.100000000151,0.100000000093,0.100000000058,0.099999999960,0.099999999734,0.100000000144,0.099999999822
0.099999999910,0.100000000083,0.100000000034,0.100000000106,0.100000000066,0.100000000041,0.099999999972,0.099999999812,0.100000000102,0.099999999874
0.099999999975,0.100000000023,0.100000000010,0.100000000030,0.100000000018,0.100000000012,0.099999999992,0.099999999947,0.100000000029,0.099999999965
0.099999999944,0.100000000052,0.100000000021,0.100000000066,0.100000000041,0.100000000026,0.099999999983,0.099999999882,0.100000000063,0.099999999922
0.099999999953,0.100000000043,0.100000000018,0.100000000056,0.100000000034,0.100000000022,0.099999999985,0.099999999902,0.100000000053,0.099999999934
0.099999999934,0.100000000060,0.100000000025,0.100000000077,0.100000000048,0.100000000030,0.099999999980,0.099999999863,0.100000000074,0.099999999909
0.100000000110,0.099999999899,0.099999999959,0.099999999871,0.099999999920,0.099999999950,0.100000000034,0.100000000229,0.099999999877,0.100000000153
0.100000000108,0.099999999901,0.099999999959,0.099999999873,0.099999999921,0.099999999951,0.100000000034,0.100000000225,0.099999999879,0.100000000150
0.099999999937,0.100000000058,0.100000000024,0.100000000074,0.100000000046,0.100000000029,0.099999999981,0.099999999870,0.100000000070,0.099999999913
0.099999999890,0.100000000101,0.100000000041,0.100000000130,0.100000000080,0.100000000050,0.099999999966,0.099999999771,0.100000000124,0.099999999847
0.100000000086,0.099999999921,0.099999999968,0.099999999899,0.099999999937,0.099999999961,0.100000000027,0.100000000179,0.099999999904,0.100000000119
0.100000000093,0.099999999915,0.099999999965,0.099999999891,0.099999999933,0.099999999958,0.100000000029,0.100000000193,0.099999999896,0.100000000129
0.100000000093,0.099999999915,0.099999999965,0.099999999891,0.099999999933,0.099999999958,0.100000000029,0.100000000193,0.099999999896,0.100000000129
0.099999999888,0.100000000103,0.100000000042,0.100000000132,0.100000000081,0.100000000051,0.099999999965,0.099999999767,0.100000000126,0.099999999845
0.100000000117,0.099999999892,0.099999999956,0.099999999862,0.099999999915,0.099999999947,0.100000000036,0.100000000244,0.099999999869,0.100000000163
0.099999999865,0.100000000124,0.100000000051,0.100000000159,0.100000000098,0.100000000062,0.099999999958,0.099999999719,0.100000000151,0.099999999813
0.099999999917,0.100000000076,0.100000000031,0.100000000098,0.100000000061,0.100000000038,0.099999999974,0.099999999827,0.100000000093,0.099999999885
0.100000000194,0.099999999821,0.099999999927,0.099999999772,0.099999999858,0.099999999911,0.100000000060,0.100000000405,0.099999999782,0.100000000270
0.100000000072,0.099999999934,0.099999999973,0.099999999916,0.099999999948,0.099999999967,0.100000000022,0.100000000149,0.099999999919,0.100000000100
0.100000000112,0.099999999897,0.099999999958,0.099999999869,0.099999999919,0.099999999949,0.100000000035,0.100000000232,0.099999999875,0.100000000155
0.099999999826,0.100000000160,0.100000000065,0.100000000205,0.100000000127,0.100000000079,0.099999999946,0.099999999638,0.100000000195,0.099999999758
0.099999999910,0.100000000083,0.100000000034,0.100000000106,0.100000000066,0.100000000041,0.099999999972,0.099999999812,0.100000000101,0.099999999875
0.100000000026,0.099999999976,0.099999999990,0.099999999969,0.099999999981,0.099999999988,0.100000000008,0.100000000055,0.099999999971,0.100000000037
0.100000000221,0.099999999797,0.099999999917,0.099999999740,0.099999999839,0.099999999899,0.100000000068,0.100000000460,0.099999999752,0.100000000307
0.100000000203,0.099999999813,0.099999999924,0.099999999761,0.099999999852,0.099999999907,0.100000000063,0.100000000424,0.099999999772,0.100000000282
0.099999999894,0.100000000098,0.100000000040,0.100000000125,0.100000000077,0.100000000048,0.099999999967,0.099999999779,0.100000000119,0.099999999853
0.100000000067,0.099999999938,0.099999999975,0.099999999921,0.099999999951,0.099999999969,0.100000000021,0.100000000139,0.099999999925,0.100000000093
0.100000000195,0.099999999820,0.099999999926,0.099999999770,0.099999999857,0.099999999911,0.100000000060,0.100000000408,0.099999999781,0.100000000272
0.099999999901,0.100000000091,0.100000000037,0.100000000117,0.100000000072,0.100000000045,0.099999999969,0.099999999794,0.100000000111,0.099999999862
0.099999999918,0.100000000075,0.100000000031,0.100000000096,0.100000000060,0.100000000037,0.099999999975,0.099999999829,0.100000000092,0.099999999886
0.099999999793,0.100000000190,0.100000000078,0.100000000244,0.100000000150,0.100000000094,0.099999999936,0.099999999570,0.100000000232,0.099999999713
0.100000000193,0.099999999822,0.099999999927,0.099999999773,0.099999999859,0.099999999912,0.100000000059,0.100000000403,0.099999999784,0.100000000268
0.099999999853,0.100000000135,0.100000000055,0.100000000173,0.100000000107,0.100000000067,0.099999999954,0.099999999694,0.100000000165,0.099999999796
0.100000000173,0.099999999841,0.099999999935,0.099999999797,0.099999999874,0.099999999921,0.100000000053,0.100000000360,0.099999999806,0.100000000240
0.100000000148,0.099999999863,0.099999999944,0.099999999825,0.099999999892,0.099999999932,0.100000000046,0.100000000310,0.099999999833,0.100000000206
0.099999999907,0.100000000085,0.100000000035,0.100000000109,0.100000000068,0.100000000042,0.099999999971,0.099999999807,0.100000000104,0.099999999871
0.100000000174,0.099999999840,0.099999999935,0.099999999795,0.099999999873,0.099999999921,0.100000000054,0.100000000363,0.099999999805,0.100000000242
0.100000000210,0.099999999806,0.099999999921,0.099999999753,0.099999999847,0.099999999904,0.100000000065,0.100000000438,0.099999999764,0.100000000292
0.100000000087,0.099999999920,0.099999999967,0.099999999898,0.099999999937,0.099999999960,0.100000000027,0.100000000181,0.099999999902,0.100000000121
0.099999999976,0.100000000022,0.100000000009,0.100000000028,0.100000000018,0.100000000011,0.099999999993,0.099999999950,0.100000000027,0.099999999967
0.099999999873,0.100000000117,0.100000000048,0.100000000149,0.100000000093,0.100000000058,0.099999999961,0.099999999735,0.100000000143,0.099999999823
0.100000000091,0.099999999916,0.099999999966,0.099999999893,0.099999999933,0.099999999958,0.100000000028,0.100000000190,0.099999999898,0.100000000126
0.100000000009,0.099999999991,0.099999999997,0.099999999989,0.099999999993,0.099999999996,0.100000000003,0.100000000020,0.099999999990,0.100000000013
0.100000000067,0.099999999938,0.099999999975,0.099999999921,0.099999999951,0.099999999970,0.100000000021,0.100000000139,0.099999999925,0.100000000093
0.099999999996,0.100000000003,0.100000000001,0.100000000004,0.100000000003,0.100000000002,0.099999999999,0.099999999992,0.100000000004,0.099999999995
0.100000000093,0.099999999914,0.099999999965,0.099999999890,0.099999999932,0.099999999957,0.100000000029,0.100000000194,0.099999999895,0.100000000130
0.100000000129,0.099999999882,0.099999999952,0.099999999849,0.099999999906,0.099999999941,0.100000000040,0.100000000268,0.099999999855,0.100000000179
0.100000000143,0.099999999868,0.099999999946,0.099999999832,0.099999999895,0.099999999935,0.100000000044,0.100000000299,0.099999999840,0.100000000199
0.099999999784,0.100000000199,0.100000000081,0.100000000255,0.100000000158,0.100000000099,0.099999999933,0.099999999549,0.100000000243,0.099999999699
0.100000000080,0.099999999926,0.099999999970,0.099999999906,0.099999999942,0.099999999964,0.100000000025,0.100000000167,0.099999999910,0.100000000111
0.100000000133,0.099999999878,0.099999999950,0.099999999844,0.099999999903,0.099999999939,0.100000000041,0.100000000277,0.099999999851,0.100000000184
0.100000000065,0.099999999940,0.099999999976,0.099999999924,0.099999999952,0.099999999970,0.100000000020,0.100000000136,0.099999999927,0.100000000090
0.100000000035,0.099999999968,0.099999999987,0.099999999959,0.099999999974,0.099999999984,0.100000000011,0.100000000073,0.099999999961,0.100000000049
0.100000000144,0.099999999868,0.099999999946,0.099999999831,0.099999999895,0.099999999934,0.100000000044,0.100000000299,0.099999999839,0.100000000199
0.100000000179,0.099999999835,0.099999999933,0.099999999789,0.099999999869,0.099999999918,0.100000000055,0.100000000374,0.099999999799,0.100000000249
0.099999999738,0.100000000241,0.100000000098,0.100000000308,0.100000000191,0.100000000120,0.099999999919,0.099999999455,0.100000000294,0.099999999636
0.100000000176,0.099999999838,0.099999999934,0.099999999793,0.099999999872,0.099999999920,0.100000000055,0.100000000367,0.099999999802,0.100000000245
0.100000000104,0.099999999904,0.099999999961,0.099999999878,0.099999999924,0.099999999953,0.100000000032,0.100000000216,0.099999999884,0.100000000144
0.100000000147,0.099999999865,0.099999999945,0.099999999827,0.099999999893,0.099999999933,0.100000000045,0.100000000306,0.099999999835,0.100000000204
0.100000000133,0.099999999877,0.099999999950,0.099999999843,0.099999999903,0.099999999939,0.100000000041,0.100000000278,0.099999999850,0.100000000185
0.099999999882,0.100000000108,0.100000000044,0.100000000139,0.100000000086,0.100000000054,0.099999999963,0.099999999755,0.100000000133,0.099999999836
0.100000000151,0.099999999861,0.099999999943,0.099999999822,0.099999999890,0.099999999931,0.100000000047,0.100000000315,0.099999999830,0.100000000210
0.100000000159,0.099999999853,0.099999999940,0.099999999812,0.099999999883,0.099999999927,0.100000000049,0.100000000333,0.099999999821,0.100000000222
0.100000000102,0.099999999906,0.099999999962,0.099999999880,0.099999999925,0.099999999953,0.100000000032,0.100000000213,0.099999999885,0.100000000142
0.100000000228,0.099999999790,0.099999999914,0.099999999731,0.099999999833,0.099999999896,0.100000000071,0.100000000476,0.099999999743,0.100000000317
0.100000000163,0.099999999850,0.099999999939,0.099999999808,0.099999999881,0.099999999926,0.100000000050,0.100000000340,0.099999999817,0.100000000227
0.100000000184,0.099999999830,0.099999999931,0.099999999783,0.099999999865,0.099999999916,0.100000000057,0.100000000385,0.099999999793,0.100000000257
0.100000000097,0.099999999911,0.099999999963,0.099999999885,0.099999999929,0.099999999956,0.100000000030,0.100000000202,0.099999999891,0.100000000135
0.100000000185,0.099999999830,0.099999999931,0.099999999782,0.099999999865,0.099999999916,0.100000000057,0.100000000385,0.099999999792,0.100000000257
0.100000000166,0.099999999847,0.099999999938,0.099999999805,0.099999999879,0.099999999924,0.100000000051,0.100000000346,0.099999999814,0.100000000230
0.100000000158,0.099999999854,0.099999999940,0.099999999814,0.099999999884,0.099999999928,0.100000000049,0.100000000331,0.099999999822,0.100000000220
0.100000000069,0.099999999936,0.099999999974,0.099999999919,0.099999999950,0.099999999968,0.100000000021,0.100000000144,0.099999999923,0.100000000096
0.100000000139,0.099999999872,0.099999999948,0.099999999836,0.099999999898,0.099999999936,0.100000000043,0.100000000290,0.099999999843,0.100000000194
0.100000000214,0.099999999803,0.099999999920,0.099999999749,0.099999999844,0.099999999902,0.100000000066,0.100000000446,0.099999999760,0.100000000297
0.100000000188,0.099999999826,0.099999999929,0.099999999779,0.099999999862,0.099999999914,0.100000000058,0.100000000393,0.099999999789,0.100000000262
0.100000000103,0.099999999905,0.099999999961,0.099999999878,0.099999999925,0.099999999953,0.100000000032,0.100000000215,0.099999999884,0.100000000144
0.100000000162,0.099999999851,0.099999999939,0.099999999810,0.099999999882,0.099999999926,0.100000000050,0.100000000337,0.099999999818,0.100000000225
0.100000000206,0.099999999810,0.099999999923,0.099999999757,0.099999999850,0.099999999906,0.100000000064,0.100000000430,0.099999999769,0.100000000286
0.100000000195,0.099999999820,0.099999999927,0.099999999771,0.099999999858,0.099999999911,0.100000000060,0.100000000406,0.099999999781,0.100000000271
0.100000000195,0.099999999820,0.099999999926,0.099999999770,0.099999999857,0.099999999911,0.100000000060,0.100000000408,0.099999999781,0.100000000272
0.100000000130,0.099999999881,0.099999999951,0.099999999848,0.099999999906,0.099999999941,0.100000000040,0.100000000270,0.099999999854,0.100000000180
0.100000000112,0.099999999897,0.099999999958,0.099999999869,0.099999999919,0.099999999949,0.100000000035,0.100000000232,0.099999999875,0.100000000155
0.100000000185,0.099999999830,0.099999999931,0.099999999783,0.099999999865,0.099999999916,0.100000000057,0.100000000385,0.099999999793,0.100000000257
0.099999999862,0.100000000127,0.100000000052,0.100000000163,0.100000000101,0.100000000063,0.099999999957,0.099999999712,0.100000000155,0.099999999808
0.099999999868,0.100000000122,0.100000000050,0.100000000156,0.100000000097,0.100000000060,0.099999999959,0.099999999724,0.100000000149,0.099999999816
0.100000000102,0.099999999906,0.099999999962,0.099999999880,0.099999999925,0.099999999953,0.100000000032,0.100000000213,0.099999999885,0.100000000142
0.100000000228,0.099999999790,0.099999999914,0.099999999732,0.099999999834,0.099999999896,0.100000000070,0.100000000475,0.099999999744,0.100000000316
0.100000000070,0.099999999936,0.099999999974,0.099999999918,0.099999999949,0.099999999968,0.100000000022,0.100000000146,0.099999999921,0.100000000097
0.100000000120,0.099999999890,0.099999999955,0.099999999859,0.099999999912,0.099999999945,0.100000000037,0.100000000250,0.099999999865,0.100000000167
0.099999999867,0.100000000123,0.100000000050,0.100000000157,0.100000000097,0.100000000061,0.099999999959,0.099999999723,0.100000000150,0.099999999815
0.099999999779,0.100000000203,0.100000000083,0.100000000260,0.100000000161,0.100000000101,0.099999999931,0.099999999540,0.100000000248,0.099999999693
0.099999999816,0.100000000170,0.100000000069,0.100000000217,0.100000000134,0.100000000084,0.099999999943,0.099999999616,0.100000000207,0.099999999744
0.099999999810,0.100000000175,0.100000000071,0.100000000224,0.100000000138,0.100000000087,0.099999999941,0.099999999604,0.100000000214,0.099999999736
0.099999999910,0.100000000083,0.100000000034,0.100000000106,0.100000000066,0.100000000041,0.099999999972,0.099999999813,0.100000000101,0.099999999875
0.099999999868,0.100000000122,0.100000000049,0.100000000155,0.100000000096,0.100000000060,0.099999999959,0.099999999725,0.100000000148,0.099999999817
0.099999999866,0.100000000124,0.100000000050,0.100000000158,0.100000000098,0.100000000061,0.099999999958,0.099999999720,0.100000000151,0.099999999814
0.099999999854,0.100000000135,0.100000000055,0.100000000172,0.100000000107,0.100000000067,0.099999999955,0.099999999695,0.100000000164,0.099999999797
0.099999999916,0.100000000077,0.100000000032,0.100000000099,0.100000000061,0.100000000038,0.099999999974,0.099999999825,0.100000000094,0.099999999883
0.099999999828,0.100000000159,0.100000000065,0.100000000203,0.100000000126,0.100000000079,0.099999999946,0.099999999641,0.100000000194,0.099999999761
0.099999999858,0.100000000131,0.100000000053,0.100000000167,0.100000000103,0.100000000065,0.099999999956,0.099999999705,0.100000000159,0.099999999803
0.099999999899,0.100000000094,0.100000000038,0.100000000119,0.100000000074,0.100000000046,0.099999999969,0.099999999788,0.100000000114,0.099999999859
0.099999999820,0.100000000166,0.100000000068,0.100000000212,0.100000000131,0.100000000082,0.099999999944,0.099999999624,0.100000000203,0.099999999749
0.099999999750,0.100000000230,0.100000000094,0.100000000295,0.100000000182,0.100000000114,0.099999999922,0.099999999479,0.100000000281,0.099999999653
0.099999999795,0.100000000189,0.100000000077,0.100000000242,0.100000000150,0.100000000094,0.099999999936,0.099999999572,0.100000000231,0.099999999714
0.099999999936,0.100000000059,0.100000000024,0.100000000075,0.100000000047,0.100000000029,0.099999999980,0.099999999866,0.100000000072,0.099999999911
0.099999999747,0.100000000233,0.100000000095,0.100000000298,0.100000000184,0.100000000116,0.099999999921,0.099999999473,0.100000000285,0.099999999648
0.100000000037,0.099999999966,0.099999999986,0.099999999956,0.099999999973,0.099999999983,0.100000000011,0.100000000077,0.099999999958,0.100000000052
0.099999999815,0.100000000170,0.100000000069,0.100000000218,0.100000000135,0.100000000084,0.099999999942,0.099999999615,0.100000000208,0.099999999743
0.099999999986,0.100000000013,0.100000000005,0.100000000016,0.100000000010,0.100000000006,0.099999999996,0.099999999970,0.100000000016,0.099999999981
0.099999999943,0.100000000053,0.100000000022,0.100000000068,0.100000000042,0.100000000026,0.099999999982,0.099999999880,0.100000000064,0.099999999920
0.099999999813,0.100000000173,0.100000000070,0.100000000221,0.100000000137,0.100000000086,0.099999999942,0.099999999609,0.100000000211,0.099999999740
0.099999999837,0.100000000150,0.100000000061,0.100000000192,0.100000000119,0.100000000075,0.099999999949,0.099999999660,0.100000000183,0.099999999773
0.099999999834,0.100000000152,0.100000000062,0.100000000195,0.100000000121,0.100000000076,0.099999999949,0.099999999655,0.100000000186,0.099999999770
0.099999999846,0.100000000142,0.100000000058,0.100000000181,0.100000000112,0.100000000070,0.099999999952,0.099999999679,0.100000000173,0.099999999786
0.099999999845,0.100000000143,0.100000000058,0.100000000183,0.100000000113,0.100000000071,0.099999999952,0.099999999676,0.100000000175,0.099999999784
0.099999999852,0.100000000137,0.100000000056,0.100000000175,0.100000000108,0.100000000068,0.099999999954,0.099999999691,0.100000000167,0.099999999794
0.099999999793,0.100000000190,0.100000000078,0.100000000244,0.100000000150,0.100000000094,0.099999999936,0.099999999570,0.100000000232,0.099999999713
0.099999999878,0.100000000113,0.100000000046,0.100000000144,0.100000000089,0.100000000056,0.099999999962,0.099999999745,0.100000000137,0.099999999830
0.099999999918,0.100000000076,0.100000000031,0.100000000097,0.100000000060,0.100000000038,0.099999999975,0.099999999828,0.100000000092,0.099999999886
0.099999999888,0.100000000103,0.100000000042,0.100000000131,0.100000000081,0.100000000051,0.099999999965,0.099999999767,0.100000000125,0.099999999845
0.099999999806,0.100000000179,0.100000000073,0.100000000229,0.100000000142,0.100000000089,0.099999999940,0.099999999595,0.100000000219,0.099999999730
0.099999999913,0.100000000080,0.100000000033,0.100000000102,0.100000000063,0.100000000040,0.099999999973,0.099999999819,0.100000000098,0.099999999879
0.099999999855,0.100000000134,0.100000000055,0.100000000171,0.100000000106,0.100000000066,0.099999999955,0.099999999697,0.100000000163,0.099999999798
0.099999999931,0.100000000063,0.100000000026,0.100000000081,0.100000000050,0.100000000031,0.099999999979,0.099999999856,0.100000000077,0.099999999904
0.099999999815,0.100000000171,0.100000000070,0.100000000218,0.100000000135,0.100000000085,0.099999999943,0.099999999614,0.100000000208,0.099999999742
0.099999999787,0.100000000196,0.100000000080,0.100000000251,0.100000000155,0.100000000097,0.099999999934,0.099999999556,0.100000000240,0.099999999704
0.099999999884,0.100000000107,0.100000000044,0.100000000137,0.100000000085,0.100000000053,0.099999999964,0.099999999758,0.100000000131,0.099999999838
0.099999999838,0.100000000149,0.100000000061,0.100000000191,0.100000000118,0.100000000074,0.099999999950,0.099999999662,0.100000000182,0.099999999775
0.099999999848,0.100000000140,0.100000000057,0.100000000179,0.100000000111,0.100000000069,0.099999999953,0.099999999683,0.100000000171,0.099999999789
0.100000000004,0.099999999996,0.099999999998,0.099999999995,0.099999999997,0.099999999998,0.100000000001,0.100000000009,0.099999999995,0.100000000006
0.099999999864,0.100000000125,0.100000000051,0.100000000160,0.100000000099,0.100000000062,0.099999999958,0.099999999717,0.100000000152,0.099999999811
0.099999999802,0.100000000183,0.100000000074,0.100000000233,0.100000000145,0.100000000091,0.099999999938,0.099999999587,0.100000000223,0.099999999724
0.099999999945,0.100000000050,0.100000000021,0.100000000065,0.100000000040,0.100000000025,0.099999999983,0.099999999886,0.100000000062,0.099999999924
0.099999999784,0.100000000199,0.100000000081,0.100000000254,0.100000000158,0.100000000099,0.099999999933,0.099999999550,0.100000000243,0.099999999700
0.099999999828,0.100000000158,0.100000000064,0.100000000202,0.100000000125,0.100000000078,0.099999999947,0.099999999642,0.100000000193,0.099999999762
0.099999999774,0.100000000208,0.100000000085,0.100000000266,0.100000000165,0.100000000103,0.099999999930,0.099999999529,0.100000000254,0.099999999686
0.099999999787,0.100000000195,0.100000000080,0.100000000250,0.100000000155,0.100000000097,0.099999999934,0.099999999557,0.100000000239,0.099999999705
0.099999999768,0.100000000214,0.100000000087,0.100000000274,0.100000000169,0.100000000106,0.099999999928,0.099999999516,0.100000000261,0.099999999677
0.099999999916,0.100000000077,0.100000000032,0.100000000099,0.100000000061,0.100000000038,0.099999999974,0.099999999825,0.100000000094,0.099999999883
0.099999999793,0.100000000191,0.100000000078,0.100000000244,0.100000000151,0.100000000094,0.099999999936,0.099999999569,0.100000000232,0.099999999713
0.099999999818,0.100000000168,0.100000000068,0.100000000215,0.100000000133,0.100000000083,0.099999999943,0.099999999620,0.100000000205,0.099999999747
0.099999999820,0.100000000166,0.100000000068,0.100000000212,0.100000000131,0.100000000082,0.099999999944,0.099999999625,0.100000000203,0.099999999750
0.099999999826,0.100000000160,0.100000000066,0.100000000205,0.100000000127,0.100000000080,0.099999999946,0.099999999637,0.100000000196,0.099999999758
0.099999999858,0.100000000130,0.100000000053,0.100000000167,0.100000000103,0.100000000065,0.099999999956,0.099999999705,0.100000000159,0.099999999803
0.099999999889,0.100000000102,0.100000000042,0.100000000131,0.100000000081,0.100000000051,0.099999999966,0.099999999768,0.100000000125,0.099999999846
0.099999999858,0.100000000131,0.100000000053,0.100000000167,0.100000000103,0.100000000065,0.099999999956,0.099999999705,0.100000000159,0.099999999803
0.099999999758,0.100000000224,0.100000000091,0.100000000285,0.100000000177,0.100000000111,0.099999999925,0.099999999495,0.100000000272,0.099999999663
0.099999999874,0.100000000116,0.100000000047,0.100000000148,0.100000000092,0.100000000058,0.099999999961,0.099999999738,0.100000000142,0.099999999825
0.099999999865,0.100000000124,0.100000000051,0.100000000159,0.100000000098,0.100000000061,0.099999999958,0.099999999719,0.100000000151,0.099999999813
0.099999999889,0.100000000102,0.100000000042,0.100000000130,0.100000000081,0.100000000051,0.099999999966,0.099999999770,0.100000000124,0.099999999846
0.099999999825,0.100000000161,0.100000000066,0.100000000206,0.100000000127,0.100000000080,0.099999999946,0.099999999636,0.100000000197,0.099999999757
0.099999999776,0.100000000206,0.100000000084,0.100000000264,0.100000000163,0.100000000102,0.099999999930,0.099999999533,0.100000000252,0.099999999689
0.099999999768,0.100000000214,0.100000000087,0.100000000274,0.100000000169,0.100000000106,0.099999999928,0.099999999516,0.100000000261,0.099999999677
0.099999999938,0.100000000057,0.100000000023,0.100000000073,0.100000000045,0.100000000028,0.099999999981,0.099999999870,0.100000000070,0.099999999914
0.099999999838,0.100000000149,0.100000000061,0.100000000190,0.100000000118,0.100000000074,0.099999999950,0.099999999663,0.100000000181,0.099999999775
0.099999999956,0.100000000041,0.100000000017,0.100000000052,0.100000000032,0.100000000020,0.099999999987,0.099999999908,0.100000000049,0.099999999939
0.099999999832,0.100000000155,0.100000000063,0.100000000198,0.100000000122,0.100000000077,0.099999999948,0.099999999650,0.100000000189,0.099999999766
0.099999999934,0.100000000061,0.100000000025,0.100000000078,0.100000000048,0.100000000030,0.099999999980,0.099999999863,0.100000000074,0.099999999908
0.099999999897,0.100000000095,0.100000000039,0.100000000122,0.100000000075,0.100000000047,0.099999999968,0.099999999785,0.100000000116,0.099999999856
0.099999999845,0.100000000143,0.100000000058,0.100000000183,0.100000000113,0.100000000071,0.099999999952,0.099999999677,0.100000000174,0.099999999784
0.099999999822,0.100000000164,0.100000000067,0.100000000210,0.100000000130,0.100000000081,0.099999999945,0.099999999629,0.100000000200,0.099999999752
0.099999999796,0.100000000188,0.100000000077,0.100000000240,0.100000000149,0.100000000093,0.099999999937,0.099999999575,0.100000000230,0.099999999716
0.099999999839,0.100000000148,0.100000000061,0.100000000190,0.100000000117,0.100000000074,0.099999999950,0.099999999664,0.100000000181,0.099999999776
0.099999999894,0.100000000097,0.100000000040,0.100000000124,0.100000000077,0.100000000048,0.099999999967,0.099999999780,0.100000000119,0.099999999853
0.099999999845,0.100000000142,0.100000000058,0.100000000183,0.100000000113,0.100000000071,0.099999999952,0.099999999677,0.100000000174,0.099999999785
0.099999999894,0.100000000098,0.100000000040,0.100000000125,0.100000000078,0.100000000049,0.099999999967,0.099999999778,0.100000000120,0.099999999852
0.099999999832,0.100000000155,0.100000000063,0.100000000198,0.100000000123,0.100000000077,0.099999999948,0.099999999649,0.100000000189,0.099999999766
0.099999999859,0.100000000130,0.100000000053,0.100000000166,0.100000000103,0.100000000064,0.099999999956,0.099999999706,0.100000000159,0.099999999804
0.099999999886,0.100000000105,0.100000000043,0.100000000135,0.100000000083,0.100000000052,0.099999999964,0.099999999762,0.100000000129,0.099999999841
0.099999999827,0.100000000160,0.100000000065,0.100000000204,0.100000000126,0.100000000079,0.099999999946,0.099999999639,0.100000000195,0.099999999759
0.099999999884,0.100000000107,0.100000000044,0.100000000137,0.100000000085,0.100000000053,0.099999999964,0.099999999758,0.100000000131,0.099999999839
0.099999999868,0.100000000121,0.100000000050,0.100000000156,0.100000000096,0.100000000060,0.099999999959,0.099999999725,0.100000000149,0.099999999816
0.099999999913,0.100000000080,0.100000000033,0.100000000102,0.100000000063,0.100000000040,0.099999999973,0.099999999820,0.100000000097,0.099999999880
0.099999999851,0.100000000137,0.100000000056,0.100000000175,0.100000000108,0.100000000068,0.099999999954,0.099999999690,0.100000000167,0.099999999793
0.099999999888,0.100000000103,0.100000000042,0.100000000132,0.100000000082,0.100000000051,0.099999999965,0.099999999766,0.100000000126,0.099999999844
0.099999999919,0.100000000075,0.100000000031,0.100000000095,0.100000000059,0.100000000037,0.099999999975,0.099999999831,0.100000000091,0.099999999887
0.099999999829,0.100000000157,0.100000000064,0.100000000201,0.100000000124,0.100000000078,0.099999999947,0.099999999645,0.100000000192,0.099999999763
0.099999999835,0.100000000152,0.100000000062,0.100000000194,0.100000000120,0.100000000075,0.099999999949,0.099999999656,0.100000000186,0.099999999771
0.099999999859,0.100000000129,0.100000000053,0.100000000166,0.100000000103,0.100000000064,0.099999999956,0.099999999707,0.100000000158,0.099999999804
0.099999999884,0.100000000107,0.100000000044,0.100000000137,0.100000000085,0.100000000053,0.099999999964,0.099999999758,0.100000000131,0.099999999838
0.099999999851,0.100000000137,0.100000000056,0.100000000175,0.100000000108,0.100000000068,0.099999999954,0.099999999690,0.100000000167,0.099999999793
0.099999999839,0.100000000148,0.100000000060,0.100000000189,0.100000000117,0.100000000073,0.099999999950,0.099999999666,0.100000000181,0.099999999777
0.099999999936,0.100000000059,0.100000000024,0.100000000076,0.100000000046,0.100000000029,0.099999999980,0.099999999867,0.100000000072,0.099999999911
0.099999999909,0.100000000084,0.100000000034,0.100000000107,0.100000000066,0.100000000042,0.099999999972,0.099999999810,0.100000000102,0.099999999873
0.099999999838,0.100000000150,0.100000000061,0.100000000191,0.100000000118,0.100000000074,0.099999999950,0.099999999661,0.100000000183,0.099999999774
0.099999999877,0.100000000113,0.100000000046,0.100000000145,0.100000000090,0.100000000056,0.099999999962,0.099999999744,0.100000000138,0.099999999829
0.099999999828,0.100000000158,0.100000000065,0.100000000203,0.100000000125,0.100000000079,0.099999999947,0.099999999642,0.100000000193,0.099999999761
0.099999999864,0.100000000125,0.100000000051,0.100000000160,0.100000000099,0.100000000062,0.099999999958,0.099999999717,0.100000000153,0.099999999811
0.099999999849,0.100000000139,0.100000000057,0.100000000178,0.100000000110,0.100000000069,0.099999999953,0.099999999685,0.100000000170,0.099999999790
0.099999999775,0.100000000207,0.100000000084,0.100000000265,0.100000000164,0.100000000103,0.099999999930,0.099999999531,0.100000000253,0.099999999687
0.099999999824,0.100000000162,0.100000000066,0.100000000208,0.100000000129,0.100000000081,0.099999999945,0.099999999633,0.100000000198,0.099999999755
0.099999999764,0.100000000217,0.100000000089,0.100000000278,0.100000000172,0.100000000108,0.099999999926,0.099999999508,0.100000000266,0.099999999672
0.099999999843,0.100000000145,0.100000000059,0.100000000185,0.100000000114,0.100000000072,0.099999999951,0.099999999673,0.100000000177,0.099999999782
0.099999999762,0.100000000219,0.100000000089,0.100000000280,0.100000000173,0.100000000109,0.099999999926,0.099999999505,0.100000000267,0.099999999670
0.099999999751,0.100000000229,0.100000000093,0.100000000293,0.100000000181,0.100000000114,0.099999999923,0.099999999482,0.100000000280,0.099999999654
0.099999999874,0.100000000116,0.100000000047,0.100000000148,0.100000000092,0.100000000057,0.099999999961,0.099999999738,0.100000000141,0.099999999825
0.099999999847,0.100000000140,0.100000000057,0.100000000180,0.100000000111,0.100000000070,0.099999999953,0.099999999682,0.100000000172,0.099999999788
0.099999999917,0.100000000077,0.100000000031,0.100000000098,0.100000000061,0.100000000038,0.099999999974,0.099999999826,0.100000000094,0.099999999884
0.099999999802,0.100000000182,0.100000000075,0.100000000234,0.100000000144,0.100000000091,0.099999999938,0.099999999587,0.100000000223,0.099999999724
0.099999999884,0.100000000107,0.100000000043,0.100000000136,0.100000000085,0.100000000053,0.099999999964,0.099999999759,0.100000000130,0.099999999839
0.099999999742,0.100000000238,0.100000000097,0.100000000304,0.100000000188,0.100000000118,0.099999999920,0.099999999462,0.100000000290,0.099999999641
0.099999999866,0.100000000123,0.100000000050,0.100000000157,0.100000000097,0.100000000061,0.099999999958,0.099999999722,0.100000000150,0.099999999814
0.099999999947,0.100000000049,0.100000000020,0.100000000062,0.100000000039,0.100000000024,0.099999999984,0.099999999890,0.100000000059,0.099999999927
0.099999999842,0.100000000146,0.100000000059,0.100000000186,0.100000000115,0.100000000072,0.099999999951,0.099999999670,0.100000000178,0.099999999780
0.099999999883,0.100000000107,0.100000000044,0.100000000137,0.100000000085,0.100000000053,0.099999999964,0.099999999757,0.100000000131,0.099999999838
0.099999999827,0.100000000160,0.100000000065,0.100000000204,0.100000000127,0.100000000079,0.099999999946,0.099999999639,0.100000000195,0.099999999759
0.099999999828,0.100000000159,0.100000000065,0.100000000203,0.100000000126,0.100000000079,0.099999999947,0.099999999641,0.100000000194,0.099999999761
0.099999999884,0.100000000107,0.100000000044,0.100000000136,0.100000000085,0.100000000053,0.099999999964,0.099999999758,0.100000000130,0.099999999839
0.099999999846,0.100000000142,0.100000000058,0.100000000182,0.100000000112,0.100000000070,0.099999999952,0.099999999679,0.100000000173,0.099999999786
0.099999999862,0.100000000127,0.100000000052,0.100000000163,0.100000000100,0.100000000063,0.099999999957,0.099999999713,0.100000000155,0.099999999808
0.099999999923,0.100000000071,0.100000000029,0.100000000090,0.100000000056,0.100000000035,0.099999999977,0.099999999840,0.100000000086,0.099999999893
0.099999999895,0.100000000097,0.100000000040,0.100000000124,0.100000000077,0.100000000048,0.099999999967,0.099999999780,0.100000000119,0.099999999853
0.099999999857,0.100000000132,0.100000000054,0.100000000168,0.100000000104,0.100000000065,0.099999999956,0.099999999702,0.100000000161,0.099999999801
0.099999999922,0.100000000072,0.100000000029,0.100000000091,0.100000000057,0.100000000036,0.099999999976,0.099999999838,0.100000000087,0.099999999892
0.099999999929,0.100000000065,0.100000000027,0.100000000083,0.100000000052,0.100000000032,0.099999999978,0.099999999853,0.100000000079,0.099999999902
0.099999999853,0.100000000135,0.100000000055,0.100000000173,0.100000000107,0.100000000067,0.099999999955,0.099999999694,0.100000000165,0.099999999796
0.099999999919,0.100000000075,0.100000000031,0.100000000096,0.100000000059,0.100000000037,0.099999999975,0.099999999830,0.100000000091,0.099999999887
0.099999999819,0.100000000167,0.100000000068,0.100000000214,0.100000000132,0.100000000083,0.099999999944,0.099999999622,0.100000000204,0.099999999748
0.099999999845,0.100000000143,0.100000000058,0.100000000183,0.100000000113,0.100000000071,0.099999999952,0.099999999676,0.100000000174,0.099999999784
0.099999999675,0.100000000307,0.100000000123,0.100000000379,0.100000000244,0.100000000148,0.099999999904,0.099999999313,0.100000000361,0.099999999547
0.099999999862,0.100000000127,0.100000000052,0.100000000162,0.100000000100,0.100000000063,0.099999999957,0.099999999713,0.100000000155,0.099999999809
0.099999999874,0.100000000116,0.100000000047,0.100000000148,0.100000000092,0.100000000058,0.099999999961,0.099999999738,0.100000000141,0.099999999825
0.099999999777,0.100000000205,0.100000000084,0.100000000263,0.100000000162,0.100000000102,0.099999999930,0.099999999535,0.100000000251,0.099999999690
0.099999999907,0.100000000086,0.100000000035,0.100000000109,0.100000000068,0.100000000042,0.099999999971,0.099999999806,0.100000000104,0.099999999871
0.099999999831,0.100000000156,0.100000000064,0.100000000200,0.100000000124,0.100000000077,0.099999999947,0.099999999647,0.100000000190,0.099999999764
0.099999999889,0.100000000103,0.100000000042,0.100000000131,0.100000000081,0.100000000051,0.099999999966,0.099999999767,0.100000000125,0.099999999845
0.099999999839,0.100000000149,0.100000000061,0.100000000190,0.100000000118,0.100000000074,0.099999999950,0.099999999663,0.100000000181,0.099999999776
0.099999999850,0.100000000138,0.100000000056,0.100000000176,0.100000000109,0.100000000068,0.099999999954,0.099999999688,0.100000000168,0.099999999792
0.099999999936,0.100000000060,0.100000000024,0.100000000076,0.100000000047,0.100000000029,0.099999999980,0.099999999865,0.100000000072,0.099999999910
0.099999999832,0.100000000155,0.100000000063,0.100000000198,0.100000000123,0.100000000077,0.099999999948,0.099999999649,0.100000000189,0.099999999766
0.099999999896,0.100000000096,0.100000000039,0.100000000122,0.100000000076,0.100000000047,0.099999999968,0.099999999784,0.100000000116,0.099999999856
0.099999999907,0.100000000087,0.100000000035,0.100000000110,0.100000000068,0.100000000043,0.099999999971,0.099999999805,0.100000000105,0.099999999870
0.099999999894,0.100000000098,0.100000000040,0.100000000124,0.100000000077,0.100000000048,0.099999999967,0.099999999780,0.100000000118,0.099999999853
0.099999999892,0.100000000100,0.100000000040,0.100000000127,0.100000000079,0.100000000049,0.099999999967,0.099999999776,0.100000000121,0.099999999851
0.099999999916,0.100000000078,0.100000000031,0.100000000099,0.100000000061,0.100000000038,0.099999999974,0.099999999825,0.100000000094,0.099999999883
0.099999999862,0.100000000128,0.100000000052,0.100000000163,0.100000000101,0.100000000063,0.099999999957,0.099999999711,0.100000000155,0.099999999808
0.099999999856,0.100000000133,0.100000000054,0.100000000169,0.100000000105,0.100000000065,0.099999999956,0.099999999700,0.100000000161,0.099999999800
0.099999999911,0.100000000083,0.100000000033,0.100000000105,0.100000000065,0.100000000041,0.099999999973,0.099999999814,0.100000000100,0.099999999876
0.099999999872,0.100000000118,0.100000000048,0.100000000150,0.100000000093,0.100000000058,0.099999999961,0.099999999734,0.100000000143,0.099999999823
0.099999999841,0.100000000146,0.100000000060,0.100000000187,0.100000000116,0.100000000073,0.099999999951,0.099999999669,0.100000000178,0.099999999779
0.099999999834,0.100000000153,0.100000000062,0.100000000195,0.100000000121,0.100000000076,0.099999999948,0.099999999654,0.100000000186,0.099999999769
0.099999999894,0.100000000099,0.100000000040,0.100000000125,0.100000000078,0.100000000048,0.099999999967,0.099999999778,0.100000000119,0.099999999852
0.099999999853,0.100000000136,0.100000000055,0.100000000174,0.100000000108,0.100000000067,0.099999999954,0.099999999692,0.100000000165,0.099999999795
0.099999999923,0.100000000072,0.100000000029,0.100000000091,0.100000000057,0.100000000035,0.099999999976,0.099999999839,0.100000000087,0.099999999893
0.099999999958,0.100000000039,0.100000000016,0.100000000049,0.100000000031,0.100000000019,0.099999999987,0.099999999913,0.100000000046,0.099999999942
0.099999999856,0.100000000133,0.100000000054,0.100000000170,0.100000000105,0.100000000066,0.099999999955,0.099999999699,0.100000000162,0.099999999800
0.099999999863,0.100000000127,0.100000000051,0.100000000161,0.100000000100,0.100000000063,0.099999999958,0.099999999713,0.100000000154,0.099999999809
0.099999999877,0.100000000113,0.100000000046,0.100000000144,0.100000000090,0.100000000056,0.099999999962,0.099999999744,0.100000000138,0.099999999830
0.099999999896,0.100000000097,0.100000000039,0.100000000123,0.100000000076,0.100000000048,0.099999999968,0.099999999782,0.100000000117,0.099999999855
0.099999999945,0.100000000051,0.100000000021,0.100000000064,0.100000000040,0.100000000025,0.099999999983,0.099999999885,0.100000000061,0.099999999924
0.099999999930,0.100000000065,0.100000000026,0.100000000082,0.100000000051,0.100000000032,0.099999999978,0.099999999854,0.100000000078,0.099999999903
0.099999999878,0.100000000113,0.100000000046,0.100000000144,0.100000000089,0.100000000056,0.099999999962,0.099999999745,0.100000000137,0.099999999830
0.099999999827,0.100000000159,0.100000000065,0.100000000204,0.100000000126,0.100000000079,0.099999999946,0.099999999639,0.100000000195,0.099999999759
0.099999999969,0.100000000029,0.100000000012,0.100000000036,0.100000000023,0.100000000014,0.099999999991,0.099999999935,0.100000000035,0.099999999957
0.099999999715,0.100000000263,0.100000000107,0.100000000336,0.100000000208,0.100000000130,0.099999999911,0.099999999405,0.100000000321,0.099999999603
0.099999999860,0.100000000129,0.100000000053,0.100000000165,0.100000000102,0.100000000064,0.099999999957,0.099999999708,0.100000000158,0.099999999805
0.099999999895,0.100000000097,0.100000000040,0.100000000124,0.100000000077,0.100000000048,0.099999999967,0.099999999781,0.100000000118,0.099999999854
0.099999999943,0.100000000053,0.100000000021,0.100000000067,0.100000000042,0.100000000026,0.099999999983,0.099999999881,0.100000000064,0.099999999921
0.099999999844,0.100000000143,0.100000000059,0.100000000184,0.100000000114,0.100000000071,0.099999999952,0.099999999675,0.100000000176,0.099999999783
0.099999999849,0.100000000139,0.100000000057,0.100000000178,0.100000000110,0.100000000069,0.099999999953,0.099999999686,0.100000000170,0.099999999790
0.099999999913,0.100000000080,0.100000000033,0.100000000102,0.100000000063,0.100000000040,0.099999999973,0.099999999819,0.100000000097,0.099999999880
0.099999999920,0.100000000073,0.100000000030,0.100000000093,0.100000000058,0.100000000036,0.099999999976,0.099999999834,0.100000000089,0.099999999889
0.099999999802,0.100000000182,0.100000000074,0.100000000233,0.100000000144,0.100000000091,0.099999999938,0.099999999587,0.100000000223,0.099999999725
0.099999999926,0.100000000068,0.100000000028,0.100000000087,0.100000000054,0.100000000034,0.099999999977,0.099999999846,0.100000000083,0.099999999897
0.099999999905,0.100000000087,0.100000000036,0.100000000112,0.100000000069,0.100000000043,0.099999999971,0.099999999802,0.100000000106,0.099999999868
0.099999999928,0.100000000066,0.100000000027,0.100000000085,0.100000000053,0.100000000033,0.099999999978,0.099999999850,0.100000000081,0.099999999900
0.099999999944,0.100000000051,0.100000000021,0.100000000065,0.100000000041,0.100000000025,0.099999999983,0.099999999884,0.100000000062,0.099999999923
0.099999999888,0.100000000103,0.100000000042,0.100000000132,0.100000000081,0.100000000051,0.099999999965,0.099999999767,0.100000000126,0.099999999845
0.099999999865,0.100000000124,0.100000000051,0.100000000159,0.100000000098,0.100000000062,0.099999999958,0.099999999719,0.100000000152,0.099999999813
0.099999999794,0.100000000189,0.100000000077,0.100000000242,0.100000000150,0.100000000094,0.099999999936,0.099999999572,0.100000000231,0.099999999714
0.099999999895,0.100000000096,0.100000000039,0.100000000124,0.100000000076,0.100000000048,0.099999999967,0.099999999781,0.100000000118,0.099999999854
0.099999999852,0.100000000136,0.100000000056,0.100000000175,0.100000000108,0.100000000068,0.099999999954,0.099999999691,0.100000000167,0.099999999794
0.099999999901,0.100000000092,0.100000000037,0.100000000117,0.100000000073,0.100000000045,0.099999999969,0.099999999793,0.100000000112,0.099999999862
0.099999999871,0.100000000119,0.100000000049,0.100000000152,0.100000000094,0.100000000059,0.099999999960,0.099999999731,0.100000000145,0.099999999820
0.099999999757,0.100000000223,0.100000000091,0.100000000286,0.100000000177,0.100000000111,0.099999999924,0.099999999494,0.100000000273,0.099999999663
0.099999999790,0.100000000193,0.100000000079,0.100000000247,0.100000000153,0.100000000096,0.099999999935,0.099999999563,0.100000000236,0.099999999708
0.099999999856,0.100000000133,0.100000000054,0.100000000170,0.100000000105,0.100000000066,0.099999999955,0.099999999699,0.100000000162,0.099999999799
0.099999999907,0.100000000086,0.100000000035,0.100000000109,0.100000000068,0.100000000042,0.099999999971,0.099999999806,0.100000000104,0.099999999871
0.099999999924,0.100000000070,0.100000000029,0.100000000089,0.100000000056,0.100000000035,0.099999999977,0.099999999841,0.100000000085,0.099999999894
0.099999999870,0.100000000119,0.100000000049,0.100000000153,0.100000000094,0.100000000059,0.099999999960,0.099999999730,0.100000000146,0.099999999820
0.099999999831,0.100000000155,0.100000000064,0.100000000199,0.100000000123,0.100000000077,0.099999999948,0.099999999648,0.100000000190,0.099999999765
0.099999999881,0.100000000110,0.100000000045,0.100000000140,0.100000000087,0.100000000054,0.099999999963,0.099999999752,0.100000000134,0.099999999834
0.099999999975,0.100000000024,0.100000000010,0.100000000030,0.100000000019,0.100000000012,0.099999999992,0.099999999947,0.100000000028,0.099999999965
0.099999999893,0.100000000099,0.100000000040,0.100000000126,0.100000000078,0.100000000049,0.099999999967,0.099999999777,0.100000000121,0.099999999851
0.099999999944,0.100000000052,0.100000000021,0.100000000066,0.100000000041,0.100000000026,0.099999999983,0.099999999882,0.100000000063,0.099999999921
0.099999999806,0.100000000179,0.100000000073,0.100000000229,0.100000000142,0.100000000089,0.099999999940,0.099999999595,0.100000000219,0.099999999730
0.099999999894,0.100000000098,0.100000000040,0.100000000125,0.100000000077,0.100000000048,0.099999999967,0.099999999779,0.100000000119,0.099999999852
0.099999999844,0.100000000143,0.100000000059,0.100000000184,0.100000000114,0.100000000071,0.099999999951,0.099999999675,0.100000000176,0.099999999783
0.099999999999,0.100000000001,0.100000000000,0.100000000001,0.100000000001,0.100000000000,0.100000000000,0.099999999997,0.100000000001,0.099999999998
0.099999999944,0.100000000052,0.100000000021,0.100000000066,0.100000000041,0.100000000026,0.099999999983,0.099999999883,0.100000000063,0.099999999922
0.099999999801,0.100000000183,0.100000000075,0.100000000234,0.100000000145,0.100000000091,0.099999999938,0.099999999586,0.100000000224,0.099999999724
0.099999999848,0.100000000140,0.100000000057,0.100000000179,0.100000000111,0.100000000070,0.099999999953,0.099999999683,0.100000000171,0.099999999788
0.099999999874,0.100000000116,0.100000000047,0.100000000148,0.100000000092,0.100000000058,0.099999999961,0.099999999737,0.100000000142,0.099999999825
0.099999999935,0.100000000061,0.100000000025,0.100000000076,0.100000000048,0.100000000030,0.099999999980,0.099999999863,0.100000000073,0.099999999909
0.099999999945,0.100000000051,0.100000000021,0.100000000065,0.100000000040,0.100000000025,0.099999999983,0.099999999885,0.100000000062,0.099999999923
0.099999999786,0.100000000197,0.100000000080,0.100000000252,0.100000000156,0.100000000098,0.099999999933,0.099999999554,0.100000000241,0.099999999703
0.099999999861,0.100000000128,0.100000000052,0.100000000164,0.100000000101,0.100000000063,0.099999999957,0.099999999710,0.100000000156,0.099999999807
0.099999999747,0.100000000233,0.100000000095,0.100000000298,0.100000000184,0.100000000115,0.099999999921,0.099999999473,0.100000000284,0.099999999649
0.099999999886,0.100000000105,0.100000000043,0.100000000135,0.100000000083,0.100000000052,0.099999999965,0.099999999762,0.100000000128,0.099999999841
0.099999999929,0.100000000065,0.100000000027,0.100000000083,0.100000000051,0.100000000032,0.099999999978,0.099999999853,0.100000000079,0.099999999902
0.099999999817,0.100000000168,0.100000000069,0.100000000215,0.100000000133,0.100000000084,0.099999999943,0.099999999619,0.100000000206,0.099999999746
0.099999999884,0.100000000106,0.100000000043,0.100000000136,0.100000000084,0.100000000053,0.099999999964,0.099999999759,0.100000000130,0.099999999839
0.099999999872,0.100000000118,0.100000000048,0.100000000151,0.100000000093,0.100000000059,0.099999999960,0.099999999733,0.100000000144,0.099999999822
0.099999999810,0.100000000175,0.100000000071,0.100000000224,0.100000000139,0.100000000087,0.099999999941,0.099999999603,0.100000000214,0.099999999735
0.099999999987,0.100000000012,0.100000000005,0.100000000015,0.100000000010,0.100000000006,0.099999999996,0.099999999973,0.100000000015,0.099999999982
0.099999999935,0.100000000060,0.100000000025,0.100000000076,0.100000000048,0.100000000030,0.099999999980,0.099999999864,0.100000000073,0.099999999909
0.099999999870,0.100000000120,0.100000000049,0.100000000153,0.100000000095,0.100000000059,0.099999999960,0.099999999729,0.100000000146,0.099999999819
0.099999999836,0.100000000151,0.100000000062,0.100000000194,0.100000000120,0.100000000075,0.099999999949,0.099999999658,0.100000000185,0.099999999772
0.099999999737,0.100000000242,0.100000000099,0.100000000310,0.100000000191,0.100000000120,0.099999999918,0.099999999453,0.100000000295,0.099999999635
0.099999999762,0.100000000219,0.100000000089,0.100000000280,0.100000000173,0.100000000109,0.099999999926,0.099999999504,0.100000000268,0.099999999669
0.099999999755,0.100000000226,0.100000000092,0.100000000289,0.100000000179,0.100000000112,0.099999999924,0.099999999489,0.100000000276,0.099999999659
0.099999999826,0.100000000160,0.100000000065,0.100000000205,0.100000000127,0.100000000079,0.099999999946,0.099999999638,0.100000000196,0.099999999758
0.099999999834,0.100000000153,0.100000000062,0.100000000195,0.100000000121,0.100000000076,0.099999999948,0.099999999654,0.100000000187,0.099999999769
0.099999999789,0.100000000194,0.100000000079,0.100000000248,0.100000000154,0.100000000096,0.099999999935,0.099999999561,0.100000000237,0.099999999707
0.099999999869,0.100000000121,0.100000000049,0.100000000155,0.100000000096,0.100000000060,0.099999999959,0.099999999726,0.100000000148,0.099999999817
0.099999999863,0.100000000126,0.100000000051,0.100000000161,0.100000000100,0.100000000062,0.099999999958,0.099999999715,0.100000000154,0.099999999810
0.099999999826,0.100000000160,0.100000000065,0.100000000205,0.100000000127,0.100000000079,0.099999999946,0.099999999638,0.100000000195,0.099999999758
0.099999999873,0.100000000116,0.100000000048,0.100000000149,0.100000000092,0.100000000058,0.099999999961,0.099999999737,0.100000000142,0.099999999824
0.099999999784,0.100000000199,0.100000000081,0.100000000255,0.100000000158,0.100000000099,0.099999999933,0.099999999549,0.100000000243,0.099999999699
0.099999999852,0.100000000137,0.100000000056,0.100000000175,0.100000000108,0.100000000068,0.099999999954,0.099999999691,0.100000000167,0.099999999794
0.099999999873,0.100000000117,0.100000000048,0.100000000150,0.100000000093,0.100000000058,0.099999999960,0.099999999735,0.100000000143,0.099999999823
0.099999999798,0.100000000186,0.100000000076,0.100000000238,0.100000000147,0.100000000092,0.099999999937,0.099999999579,0.100000000227,0.099999999719
0.099999999960,0.100000000037,0.100000000015,0.100000000047,0.100000000029,0.100000000018,0.099999999988,0.099999999917,0.100000000045,0.099999999944
0.099999999823,0.100000000163,0.100000000067,0.100000000209,0.100000000129,0.100000000081,0.099999999945,0.099999999631,0.100000000199,0.099999999754
0.099999999899,0.100000000093,0.100000000038,0.100000000119,0.100000000074,0.100000000046,0.099999999969,0.099999999789,0.100000000114,0.099999999859
0.099999999840,0.100000000148,0.100000000060,0.100000000189,0.100000000117,0.100000000073,0.099999999950,0.099999999666,0.100000000180,0.099999999777
0.099999999894,0.100000000098,0.100000000040,0.100000000124,0.100000000077,0.100000000048,0.099999999968,0.099999999779,0.100000000118,0.099999999853
0.099999999825,0.100000000161,0.100000000066,0.100000000206,0.100000000127,0.100000000080,0.099999999946,0.099999999636,0.100000000196,0.099999999757
0.099999999791,0.100000000193,0.100000000079,0.100000000246,0.100000000152,0.100000000095,0.099999999935,0.099999999564,0.100000000235,0.099999999709
0.099999999841,0.100000000146,0.100000000060,0.100000000187,0.100000000116,0.100000000073,0.099999999951,0.099999999669,0.100000000179,0.099999999779
0.099999999882,0.100000000108,0.100000000044,0.100000000139,0.100000000086,0.100000000054,0.099999999963,0.099999999755,0.100000000132,0.099999999836
0.099999999839,0.100000000148,0.100000000061,0.100000000190,0.100000000117,0.100000000074,0.099999999950,0.099999999664,0.100000000181,0.099999999776
0.099999999854,0.100000000134,0.100000000055,0.100000000172,0.100000000106,0.100000000067,0.099999999955,0.099999999696,0.100000000164,0.099999999797
0.099999999758,0.100000000223,0.100000000091,0.100000000286,0.100000000177,0.100000000111,0.099999999925,0.099999999495,0.100000000272,0.099999999663
0.099999999776,0.100000000206,0.100000000084,0.100000000264,0.100000000163,0.100000000102,0.099999999930,0.099999999534,0.100000000252,0.099999999689
0.099999999835,0.100000000152,0.100000000062,0.100000000195,0.100000000120,0.100000000075,0.099999999949,0.099999999656,0.100000000186,0.099999999770
0.099999999917,0.100000000076,0.100000000031,0.100000000098,0.100000000061,0.100000000038,0.099999999974,0.099999999827,0.100000000093,0.099999999885
0.099999999919,0.100000000075,0.100000000030,0.100000000095,0.100000000059,0.100000000037,0.099999999975,0.099999999831,0.100000000091,0.099999999887
0.099999999890,0.100000000101,0.100000000041,0.100000000130,0.100000000080,0.100000000050,0.099999999966,0.099999999770,0.100000000124,0.099999999847
0.099999999855,0.100000000133,0.100000000054,0.100000000171,0.100000000106,0.100000000066,0.099999999955,0.099999999698,0.100000000163,0.099999999799
0.099999999781,0.100000000202,0.100000000082,0.100000000258,0.100000000160,0.100000000100,0.099999999932,0.099999999544,0.100000000246,0.099999999696
0.099999999921,0.100000000072,0.100000000030,0.100000000093,0.100000000057,0.100000000036,0.099999999976,0.099999999836,0.100000000088,0.099999999891
0.099999999861,0.100000000128,0.100000000052,0.100000000163,0.100000000102,0.100000000063,0.099999999957,0.099999999710,0.100000000156,0.099999999807
0.099999999960,0.100000000037,0.100000000015,0.100000000046,0.100000000029,0.100000000018,0.099999999988,0.099999999917,0.100000000044,0.099999999945
0.099999999796,0.100000000188,0.100000000077,0.100000000241,0.100000000149,0.100000000093,0.099999999936,0.099999999574,0.100000000230,0.099999999716
0.099999999756,0.100000000224,0.100000000092,0.100000000287,0.100000000178,0.100000000111,0.099999999924,0.099999999492,0.100000000274,0.099999999661
0.099999999844,0.100000000144,0.100000000059,0.100000000184,0.100000000114,0.100000000072,0.099999999951,0.099999999674,0.100000000176,0.099999999782
0.099999999767,0.100000000214,0.100000000087,0.100000000274,0.100000000169,0.100000000106,0.099999999928,0.099999999515,0.100000000262,0.099999999677
0.099999999890,0.100000000101,0.100000000041,0.100000000130,0.100000000080,0.100000000050,0.099999999966,0.099999999771,0.100000000124,0.099999999847
0.099999999835,0.100000000152,0.100000000062,0.100000000194,0.100000000120,0.100000000075,0.099999999949,0.099999999656,0.100000000186,0.099999999771
0.099999999809,0.100000000176,0.100000000072,0.100000000225,0.100000000139,0.100000000087,0.099999999941,0.099999999602,0.100000000215,0.099999999734
0.099999999799,0.100000000185,0.100000000075,0.100000000237,0.100000000146,0.100000000092,0.099999999938,0.099999999582,0.100000000226,0.099999999721
0.099999999846,0.100000000141,0.100000000058,0.100000000181,0.100000000112,0.100000000070,0.099999999952,0.099999999680,0.100000000173,0.099999999787
0.099999999864,0.100000000125,0.100000000051,0.100000000160,0.100000000099,0.100000000062,0.099999999958,0.099999999717,0.100000000153,0.099999999811
0.099999999942,0.100000000054,0.100000000022,0.100000000068,0.100000000043,0.100000000027,0.099999999982,0.099999999879,0.100000000065,0.099999999919
0.099999999857,0.100000000132,0.100000000054,0.100000000169,0.100000000104,0.100000000065,0.099999999956,0.099999999702,0.100000000161,0.099999999801
0.099999999901,0.100000000092,0.100000000037,0.100000000117,0.100000000073,0.100000000045,0.099999999970,0.099999999793,0.100000000111,0.099999999862
0.099999999976,0.100000000023,0.100000000009,0.100000000028,0.100000000018,0.100000000011,0.099999999993,0.099999999949,0.100000000027,0.099999999966
0.099999999881,0.100000000110,0.100000000045,0.100000000141,0.100000000087,0.100000000055,0.099999999963,0.099999999751,0.100000000134,0.099999999834
0.099999999875,0.100000000115,0.100000000047,0.100000000147,0.100000000091,0.100000000057,0.099999999961,0.099999999740,0.100000000140,0.099999999827
0.099999999796,0.100000000188,0.100000000077,0.100000000241,0.100000000149,0.100000000093,0.099999999937,0.099999999575,0.100000000230,0.099999999716
0.099999999906,0.100000000086,0.100000000035,0.100000000110,0.100000000068,0.100000000043,0.099999999971,0.099999999805,0.100000000105,0.099999999870
0.099999999746,0.100000000233,0.100000000095,0.100000000299,0.100000000185,0.100000000116,0.099999999921,0.099999999472,0.100000000285,0.099999999647
0.099999999926,0.100000000068,0.100000000028,0.100000000087,0.100000000054,0.100000000034,0.099999999977,0.099999999846,0.100000000083,0.099999999897
0.099999999839,0.100000000149,0.100000000061,0.100000000190,0.100000000118,0.100000000074,0.099999999950,0.099999999664,0.100000000181,0.099999999776
0.099999999832,0.100000000155,0.100000000063,0.100000000198,0.100000000122,0.100000000077,0.099999999948,0.099999999650,0.100000000189,0.099999999767
0.099999999838,0.100000000149,0.100000000061,0.100000000191,0.100000000118,0.100000000074,0.099999999950,0.099999999662,0.100000000183,0.099999999774
0.099999999873,0.100000000116,0.100000000048,0.100000000149,0.100000000092,0.100000000058,0.099999999961,0.099999999736,0.100000000142,0.099999999824
0.099999999762,0.100000000219,0.100000000089,0.100000000281,0.100000000174,0.100000000109,0.099999999926,0.099999999504,0.100000000268,0.099999999669
0.099999999811,0.100000000174,0.100000000071,0.100000000222,0.100000000138,0.100000000086,0.099999999942,0.099999999606,0.100000000212,0.099999999738
0.099999999910,0.100000000083,0.100000000034,0.100000000107,0.100000000066,0.100000000041,0.099999999972,0.099999999812,0.100000000102,0.099999999874
0.099999999769,0.100000000212,0.100000000087,0.100000000272,0.100000000168,0.100000000105,0.099999999928,0.099999999520,0.100000000259,0.099999999680
0.099999999724,0.100000000255,0.100000000104,0.100000000326,0.100000000201,0.100000000126,0.099999999914,0.099999999424,0.100000000311,0.099999999616
0.099999999843,0.100000000144,0.100000000059,0.100000000185,0.100000000114,0.100000000072,0.099999999951,0.099999999673,0.100000000177,0.099999999782
0.099999999802,0.100000000182,0.100000000074,0.100000000233,0.100000000144,0.100000000090,0.099999999939,0.099999999588,0.100000000223,0.099999999725
0.099999999822,0.100000000164,0.100000000067,0.100000000210,0.100000000130,0.100000000081,0.099999999945,0.099999999629,0.100000000200,0.099999999752
0.099999999830,0.100000000156,0.100000000064,0.100000000200,0.100000000124,0.100000000077,0.099999999947,0.099999999647,0.100000000191,0.099999999764
0.099999999827,0.100000000159,0.100000000065,0.100000000204,0.100000000126,0.100000000079,0.099999999946,0.099999999639,0.100000000195,0.099999999759
0.099999999821,0.100000000164,0.100000000067,0.100000000210,0.100000000130,0.100000000082,0.099999999944,0.099999999628,0.100000000201,0.099999999752
0.099999999753,0.100000000227,0.100000000093,0.100000000290,0.100000000180,0.100000000113,0.099999999923,0.099999999486,0.100000000277,0.099999999657
0.099999999936,0.100000000059,0.100000000024,0.100000000075,0.100000000047,0.100000000029,0.099999999980,0.099999999867,0.100000000071,0.099999999911
0.099999999843,0.100000000144,0.100000000059,0.100000000185,0.100000000114,0.100000000072,0.099999999951,0.099999999673,0.100000000176,0.099999999782
0.099999999782,0.100000000200,0.100000000082,0.100000000257,0.100000000159,0.100000000099,0.099999999932,0.099999999546,0.100000000245,0.099999999697
0.099999999827,0.100000000160,0.100000000065,0.100000000204,0.100000000126,0.100000000079,0.099999999946,0.099999999640,0.100000000194,0.099999999760
0.099999999856,0.100000000133,0.100000000054,0.100000000170,0.100000000105,0.100000000066,0.099999999955,0.099999999700,0.100000000162,0.099999999800
0.099999999804,0.100000000181,0.100000000074,0.100000000232,0.100000000143,0.100000000090,0.099999999939,0.099999999591,0.100000000221,0.099999999727
0.099999999876,0.100000000114,0.100000000046,0.100000000146,0.100000000090,0.100000000056,0.099999999962,0.099999999743,0.100000000139,0.099999999828
0.099999999891,0.100000000101,0.100000000041,0.100000000129,0.100000000080,0.100000000050,0.099999999966,0.099999999772,0.100000000123,0.099999999848
0.099999999827,0.100000000159,0.100000000065,0.100000000204,0.100000000126,0.100000000079,0.099999999946,0.099999999640,0.100000000194,0.099999999760
0.099999999740,0.100000000239,0.100000000098,0.100000000306,0.100000000189,0.100000000119,0.099999999919,0.099999999459,0.100000000292,0.099999999639
0.099999999868,0.100000000122,0.100000000050,0.100000000156,0.100000000096,0.100000000060,0.099999999959,0.099999999724,0.100000000149,0.099999999816
0.099999999788,0.100000000195,0.100000000080,0.100000000249,0.100000000154,0.100000000097,0.099999999934,0.099999999559,0.100000000238,0.099999999706
0.099999999777,0.100000000206,0.100000000084,0.100000000263,0.100000000163,0.100000000102,0.099999999931,0.099999999535,0.100000000251,0.099999999690
0.099999999849,0.100000000139,0.100000000057,0.100000000178,0.100000000110,0.100000000069,0.099999999953,0.099999999686,0.100000000170,0.099999999791
0.099999999804,0.100000000180,0.100000000074,0.100000000231,0.100000000143,0.100000000089,0.099999999939,0.099999999592,0.100000000220,0.099999999728
0.099999999817,0.100000000169,0.100000000069,0.100000000216,0.100000000134,0.100000000084,0.099999999943,0.099999999618,0.100000000206,0.099999999745
0.099999999819,0.100000000167,0.100000000068,0.100000000213,0.100000000132,0.100000000083,0.099999999944,0.099999999623,0.100000000204,0.099999999748
0.099999999864,0.100000000126,0.100000000051,0.100000000161,0.100000000099,0.100000000062,0.099999999958,0.099999999716,0.100000000153,0.099999999810
0.099999999861,0.100000000128,0.100000000052,0.100000000164,0.100000000101,0.100000000063,0.099999999957,0.099999999711,0.100000000156,0.099999999807
0.099999999844,0.100000000144,0.100000000059,0.100000000184,0.100000000114,0.100000000071,0.099999999951,0.099999999674,0.100000000176,0.099999999783
0.099999999853,0.100000000135,0.100000000055,0.100000000173,0.100000000107,0.100000000067,0.099999999954,0.099999999695,0.100000000165,0.099999999796
0.099999999806,0.100000000178,0.100000000073,0.100000000228,0.100000000141,0.100000000088,0.099999999940,0.099999999597,0.100000000218,0.099999999731
0.099999999791,0.100000000193,0.100000000079,0.100000000246,0.100000000152,0.100000000095,0.099999999935,0.099999999564,0.100000000235,0.099999999709
0.099999999881,0.100000000110,0.100000000045,0.100000000140,0.100000000087,0.100000000054,0.099999999963,0.099999999752,0.100000000133,0.099999999835
0.099999999873,0.100000000117,0.100000000048,0.100000000150,0.100000000093,0.100000000058,0.099999999960,0.099999999734,0.100000000143,0.099999999823
0.099999999859,0.100000000130,0.100000000053,0.100000000166,0.100000000103,0.100000000065,0.099999999956,0.099999999705,0.100000000159,0.099999999803
0.099999999893,0.100000000098,0.100000000040,0.100000000126,0.100000000078,0.100000000049,0.099999999967,0.099999999777,0.100000000120,0.099999999851
0.099999999822,0.100000000164,0.100000000067,0.100000000209,0.100000000130,0.100000000081,0.099999999945,0.099999999629,0.100000000200,0.099999999753
0.099999999841,0.100000000146,0.100000000060,0.100000000187,0.100000000116,0.100000000072,0.099999999951,0.099999999670,0.100000000178,0.099999999780
0.099999999820,0.100000000166,0.100000000067,0.100000000211,0.100000000131,0.100000000082,0.099999999944,0.099999999626,0.100000000202,0.099999999750
0.099999999900,0.100000000092,0.100000000038,0.100000000118,0.100000000073,0.100000000046,0.099999999969,0.099999999791,0.100000000113,0.099999999860
0.099999999780,0.100000000203,0.100000000083,0.100000000259,0.100000000160,0.100000000100,0.099999999932,0.099999999542,0.100000000247,0.099999999694
0.099999999850,0.100000000138,0.100000000056,0.100000000176,0.100000000109,0.100000000068,0.099999999954,0.099999999688,0.100000000168,0.099999999792
0.099999999743,0.100000000237,0.100000000097,0.100000000303,0.100000000187,0.100000000117,0.099999999920,0.099999999464,0.100000000289,0.099999999643
0.099999999709,0.100000000268,0.100000000109,0.100000000343,0.100000000212,0.100000000133,0.099999999910,0.099999999395,0.100000000327,0.099999999596
0.099999999833,0.100000000153,0.100000000063,0.100000000196,0.100000000121,0.100000000076,0.099999999948,0.099999999653,0.100000000188,0.099999999768
0.099999999763,0.100000000219,0.100000000089,0.100000000279,0.100000000173,0.100000000108,0.099999999926,0.099999999506,0.100000000267,0.099999999670
0.099999999769,0.100000000213,0.100000000087,0.100000000273,0.100000000168,0.100000000106,0.099999999928,0.099999999518,0.100000000260,0.099999999679
0.099999999867,0.100000000122,0.100000000050,0.100000000157,0.100000000097,0.100000000061,0.099999999959,0.099999999723,0.100000000150,0.099999999815
0.099999999805,0.100000000180,0.100000000073,0.100000000230,0.100000000142,0.100000000089,0.099999999939,0.099999999593,0.100000000220,0.099999999729
0.099999999806,0.100000000178,0.100000000073,0.100000000228,0.100000000141,0.100000000088,0.099999999940,0.099999999597,0.100000000218,0.099999999731
0.099999999997,0.100000000002,0.100000000001,0.100000000003,0.100000000002,0.100000000001,0.099999999999,0.099999999995,0.100000000003,0.099999999996
0.099999999848,0.100000000140,0.100000000057,0.100000000179,0.100000000111,0.100000000069,0.099999999953,0.099999999683,0.100000000171,0.099999999789
0.099999999932,0.100000000063,0.100000000026,0.100000000080,0.100000000050,0.100000000031,0.099999999979,0.099999999858,0.100000000076,0.099999999906
0.099999999903,0.100000000089,0.100000000036,0.100000000115,0.100000000070,0.100000000044,0.099999999970,0.099999999798,0.100000000109,0.099999999865
0.099999999853,0.100000000136,0.100000000055,0.100000000173,0.100000000107,0.100000000067,0.099999999954,0.099999999693,0.100000000166,0.099999999795
0.099999999814,0.100000000171,0.100000000070,0.100000000219,0.100000000136,0.100000000085,0.099999999942,0.099999999613,0.100000000209,0.099999999742
0.099999999896,0.100000000096,0.100000000039,0.100000000122,0.100000000076,0.100000000047,0.099999999968,0.099999999784,0.100000000117,0.099999999856
0.099999999895,0.100000000097,0.100000000040,0.100000000124,0.100000000077,0.100000000048,0.099999999968,0.099999999780,0.100000000118,0.099999999854
0.099999999896,0.100000000096,0.100000000039,0.100000000123,0.100000000076,0.100000000048,0.099999999968,0.099999999783,0.100000000117,0.099999999855
0.099999999898,0.100000000094,0.100000000038,0.100000000120,0.100000000074,0.100000000047,0.099999999968,0.099999999788,0.100000000115,0.099999999858
0.099999999870,0.100000000120,0.100000000049,0.100000000153,0.100000000095,0.100000000059,0.099999999960,0.099999999729,0.100000000146,0.099999999819
0.099999999835,0.100000000152,0.100000000062,0.100000000195,0.100000000120,0.100000000076,0.099999999949,0.099999999656,0.100000000186,0.099999999770
0.099999999834,0.100000000153,0.100000000063,0.100000000196,0.100000000121,0.100000000076,0.099999999948,0.099999999654,0.100000000187,0.099999999769
0.099999999910,0.100000000083,0.100000000034,0.100000000106,0.100000000066,0.100000000041,0.099999999972,0.099999999812,0.100000000101,0.099999999875
0.099999999853,0.100000000135,0.100000000055,0.100000000173,0.100000000107,0.100000000067,0.099999999954,0.099999999694,0.100000000165,0.099999999796
0.099999999905,0.100000000088,0.100000000036,0.100000000112,0.100000000070,0.100000000044,0.099999999971,0.099999999801,0.100000000107,0.099999999868
0.099999999754,0.100000000226,0.100000000092,0.100000000290,0.100000000179,0.100000000112,0.099999999924,0.099999999488,0.100000000277,0.099999999658
0.099999999908,0.100000000085,0.100000000035,0.100000000108,0.100000000068,0.100000000042,0.099999999972,0.099999999807,0.100000000103,0.099999999872
0.099999999954,0.100000000043,0.100000000017,0.100000000054,0.100000000034,0.100000000021,0.099999999986,0.099999999903,0.100000000052,0.099999999936
0.099999999827,0.100000000160,0.100000000065,0.100000000204,0.100000000126,0.100000000079,0.099999999946,0.099999999639,0.100000000195,0.099999999759
0.099999999876,0.100000000114,0.100000000047,0.100000000146,0.100000000090,0.100000000057,0.099999999961,0.099999999742,0.100000000140,0.099999999828
0.099999999709,0.100000000268,0.100000000109,0.100000000343,0.100000000212,0.100000000133,0.099999999909,0.099999999393,0.100000000328,0.099999999595
0.099999999798,0.100000000186,0.100000000076,0.100000000238,0.100000000147,0.100000000092,0.099999999937,0.099999999580,0.100000000227,0.099999999720
0.099999999851,0.100000000137,0.100000000056,0.100000000175,0.100000000108,0.100000000068,0.099999999954,0.099999999690,0.100000000167,0.099999999793
0.099999999883,0.100000000108,0.100000000044,0.100000000138,0.100000000085,0.100000000053,0.099999999964,0.099999999756,0.100000000131,0.099999999837
0.099999999759,0.100000000221,0.100000000090,0.100000000283,0.100000000175,0.100000000110,0.099999999925,0.099999999499,0.100000000271,0.099999999666
0.099999999861,0.100000000128,0.100000000052,0.100000000163,0.100000000101,0.100000000063,0.099999999957,0.099999999711,0.100000000156,0.099999999807
0.099999999888,0.100000000103,0.100000000042,0.100000000131,0.100000000081,0.100000000051,0.099999999965,0.099999999767,0.100000000125,0.099999999845
0.099999999764,0.100000000217,0.100000000089,0.100000000278,0.100000000172,0.100000000108,0.099999999927,0.099999999509,0.100000000265,0.099999999672
0.099999999839,0.100000000148,0.100000000060,0.100000000189,0.100000000117,0.100000000073,0.099999999950,0.099999999666,0.100000000181,0.099999999777
0.099999999861,0.100000000128,0.100000000052,0.100000000164,0.100000000101,0.100000000063,0.099999999957,0.099999999711,0.100000000156,0.099999999807
0.099999999816,0.100000000169,0.100000000069,0.100000000217,0.100000000134,0.100000000084,0.099999999943,0.099999999617,0.100000000207,0.099999999744
0.099999999922,0.100000000073,0.100000000030,0.100000000092,0.100000000058,0.100000000036,0.099999999976,0.099999999836,0.100000000088,0.099999999891
0.099999999811,0.100000000174,0.100000000071,0.100000000223,0.100000000138,0.100000000086,0.099999999941,0.099999999606,0.100000000212,0.099999999737
0.099999999770,0.100000000212,0.100000000086,0.100000000271,0.100000000168,0.100000000105,0.099999999928,0.099999999520,0.100000000259,0.099999999680
0.099999999901,0.100000000091,0.100000000037,0.100000000117,0.100000000072,0.100000000045,0.099999999969,0.099999999793,0.100000000111,0.099999999862
0.099999999867,0.100000000123,0.100000000050,0.100000000157,0.100000000097,0.100000000061,0.099999999959,0.099999999722,0.100000000150,0.099999999815
0.099999999804,0.100000000180,0.100000000074,0.100000000231,0.100000000143,0.100000000090,0.099999999939,0.099999999591,0.100000000220,0.099999999728
0.099999999861,0.100000000128,0.100000000052,0.100000000163,0.100000000101,0.100000000063,0.099999999957,0.099999999711,0.100000000156,0.099999999807
0.099999999950,0.100000000046,0.100000000019,0.100000000059,0.100000000036,0.100000000023,0.099999999984,0.099999999896,0.100000000056,0.099999999931
0.099999999832,0.100000000154,0.100000000063,0.100000000197,0.100000000122,0.100000000077,0.099999999948,0.099999999651,0.100000000188,0.099999999767
0.099999999952,0.100000000044,0.100000000018,0.100000000057,0.100000000035,0.100000000022,0.099999999985,0.099999999899,0.100000000054,0.099999999933
0.099999999896,0.100000000096,0.100000000039,0.100000000122,0.100000000076,0.100000000048,0.099999999968,0.099999999783,0.100000000117,0.099999999856
0.099999999913,0.100000000080,0.100000000033,0.100000000102,0.100000000063,0.100000000040,0.099999999973,0.099999999819,0.100000000098,0.099999999879
0.099999999872,0.100000000118,0.100000000048,0.100000000151,0.100000000093,0.100000000058,0.099999999960,0.099999999734,0.100000000144,0.099999999822
0.099999999944,0.100000000052,0.100000000021,0.100000000066,0.100000000041,0.100000000026,0.099999999983,0.099999999882,0.100000000063,0.099999999922
0.099999999953,0.100000000043,0.100000000018,0.100000000056,0.100000000034,0.100000000022,0.099999999985,0.099999999902,0.100000000053,0.099999999934
0.099999999934,0.100000000060,0.100000000025,0.100000000077,0.100000000048,0.100000000030,0.099999999980,0.099999999863,0.100000000074,0.099999999909
0.099999999911,0.100000000081,0.100000000033,0.100000000104,0.100000000064,0.100000000040,0.099999999972,0.099999999816,0.100000000100,0.099999999877
0.099999999895,0.100000000097,0.100000000040,0.100000000124,0.100000000077,0.100000000048,0.099999999967,0.099999999780,0.100000000118,0.099999999853
0.099999999895,0.100000000097,0.100000000040,0.100000000124,0.100000000077,0.100000000048,0.099999999967,0.099999999780,0.100000000118,0.099999999854
0.099999999882,0.100000000108,0.100000000044,0.100000000139,0.100000000086,0.100000000054,0.099999999963,0.099999999755,0.100000000133,0.099999999836
0.099999999857,0.100000000132,0.100000000054,0.100000000169,0.100000000104,0.100000000066,0.099999999955,0.099999999701,0.100000000162,0.099999999801
0.099999999860,0.100000000129,0.100000000052,0.100000000164,0.100000000102,0.100000000064,0.099999999957,0.099999999709,0.100000000157,0.099999999806
0.099999999905,0.100000000087,0.100000000036,0.100000000112,0.100000000069,0.100000000043,0.099999999971,0.099999999803,0.100000000107,0.099999999868
0.099999999814,0.100000000171,0.100000000070,0.100000000219,0.100000000136,0.100000000085,0.099999999942,0.099999999613,0.100000000209,0.099999999742
0.099999999906,0.100000000086,0.100000000035,0.100000000111,0.100000000069,0.100000000043,0.099999999971,0.099999999804,0.100000000106,0.099999999869
0.099999999896,0.100000000096,0.100000000039,0.100000000123,0.100000000076,0.100000000048,0.099999999968,0.099999999783,0.100000000117,0.099999999855
0.099999999841,0.100000000146,0.100000000060,0.100000000187,0.100000000115,0.100000000072,0.099999999951,0.099999999670,0.100000000178,0.099999999780
0.099999999780,0.100000000203,0.100000000083,0.100000000259,0.100000000160,0.100000000101,0.099999999932,0.099999999541,0.100000000248,0.099999999694
0.099999999910,0.100000000083,0.100000000034,0.100000000106,0.100000000066,0.100000000041,0.099999999972,0.099999999812,0.100000000102,0.099999999874
0.099999999851,0.100000000137,0.100000000056,0.100000000176,0.100000000109,0.100000000068,0.099999999953,0.099999999689,0.100000000168,0.099999999793
0.099999999801,0.100000000183,0.100000000075,0.100000000234,0.100000000145,0.100000000091,0.099999999938,0.099999999586,0.100000000223,0.099999999724
0.099999999793,0.100000000191,0.100000000078,0.100000000244,0.100000000151,0.100000000095,0.099999999936,0.099999999568,0.100000000233,0.099999999712
0.099999999838,0.100000000149,0.100000000061,0.100000000191,0.100000000118,0.100000000074,0.099999999950,0.099999999662,0.100000000182,0.099999999775
0.099999999746,0.100000000234,0.100000000096,0.100000000300,0.100000000185,0.100000000116,0.099999999921,0.099999999470,0.100000000286,0.099999999646
0.099999999794,0.100000000190,0.100000000078,0.100000000243,0.100000000150,0.100000000094,0.099999999936,0.099999999571,0.100000000232,0.099999999713
0.099999999769,0.100000000213,0.100000000087,0.100000000273,0.100000000168,0.100000000106,0.099999999928,0.099999999518,0.100000000260,0.099999999679
0.099999999845,0.100000000143,0.100000000058,0.100000000183,0.100000000113,0.100000000071,0.099999999952,0.099999999676,0.100000000175,0.099999999784
0.100000000023,0.099999999978,0.099999999991,0.099999999972,0.099999999983,0.099999999989,0.100000000007,0.100000000049,0.099999999974,0.100000000033
0.099999999832,0.100000000155,0.100000000063,0.100000000198,0.100000000123,0.100000000077,0.099999999948,0.099999999649,0.100000000189,0.099999999766
0.099999999877,0.100000000113,0.100000000046,0.100000000144,0.100000000089,0.100000000056,0.099999999962,0.099999999745,0.100000000138,0.099999999830
0.099999999892,0.100000000100,0.100000000041,0.100000000127,0.100000000079,0.100000000049,0.099999999966,0.099999999774,0.100000000122,0.099999999850
0.099999999840,0.100000000147,0.100000000060,0.100000000188,0.100000000116,0.100000000073,0.099999999950,0.099999999667,0.100000000180,0.099999999778
0.099999999900,0.100000000092,0.100000000038,0.100000000118,0.100000000073,0.100000000046,0.099999999969,0.099999999792,0.100000000112,0.099999999861
0.099999999793,0.100000000191,0.100000000078,0.100000000244,0.100000000151,0.100000000095,0.099999999936,0.099999999568,0.100000000233,0.099999999712
0.099999999815,0.100000000170,0.100000000069,0.100000000218,0.100000000135,0.100000000084,0.099999999943,0.099999999615,0.100000000208,0.099999999743
0.099999999875,0.100000000115,0.100000000047,0.100000000148,0.100000000091,0.100000000057,0.099999999961,0.099999999739,0.100000000141,0.099999999826
0.099999999872,0.100000000117,0.100000000048,0.100000000151,0.100000000093,0.100000000058,0.099999999960,0.099999999734,0.100000000144,0.099999999822
0.099999999809,0.100000000176,0.100000000072,0.100000000225,0.100000000139,0.100000000087,0.099999999941,0.099999999603,0.100000000214,0.099999999735
0.099999999841,0.100000000146,0.100000000060,0.100000000188,0.100000000116,0.100000000073,0.099999999950,0.099999999668,0.100000000179,0.099999999778
0.099999999846,0.100000000141,0.100000000058,0.100000000181,0.100000000112,0.100000000070,0.099999999952,0.099999999680,0.100000000173,0.099999999786
0.099999999871,0.100000000119,0.100000000048,0.100000000151,0.100000000094,0.100000000059,0.099999999960,0.099999999732,0.100000000144,0.099999999821
0.099999999942,0.100000000053,0.100000000022,0.100000000068,0.100000000042,0.100000000026,0.099999999982,0.099999999879,0.100000000065,0.099999999920
0.099999999775,0.100000000207,0.100000000085,0.100000000265,0.100000000164,0.100000000103,0.099999999930,0.099999999531,0.100000000253,0.099999999687
0.099999999746,0.100000000234,0.100000000096,0.100000000300,0.100000000185,0.100000000116,0.099999999921,0.099999999470,0.100000000286,0.099999999646
0.099999999765,0.100000000216,0.100000000088,0.100000000277,0.100000000171,0.100000000107,0.099999999927,0.099999999510,0.100000000264,0.099999999673
0.099999999891,0.100000000100,0.100000000041,0.100000000128,0.100000000079,0.100000000050,0.099999999966,0.099999999774,0.100000000122,0.099999999849
0.099999999775,0.100000000207,0.100000000085,0.100000000266,0.100000000164,0.100000000103,0.099999999930,0.099999999530,0.100000000254,0.099999999687
0.099999999754,0.100000000226,0.100000000093,0.100000000290,0.100000000179,0.100000000113,0.099999999923,0.099999999487,0.100000000277,0.099999999658
0.099999999902,0.100000000090,0.100000000037,0.100000000115,0.100000000071,0.100000000045,0.099999999970,0.099999999796,0.100000000110,0.099999999864
0.099999999907,0.100000000085,0.100000000035,0.100000000109,0.100000000068,0.100000000042,0.099999999971,0.099999999807,0.100000000104,0.099999999871
0.099999999915,0.100000000078,0.100000000032,0.100000000100,0.100000000062,0.100000000039,0.099999999974,0.099999999823,0.100000000095,0.099999999882
0.099999999805,0.100000000180,0.100000000073,0.100000000230,0.100000000142,0.100000000089,0.099999999939,0.099999999594,0.100000000219,0.099999999729
0.099999999892,0.100000000099,0.100000000041,0.100000000127,0.100000000079,0.100000000049,0.099999999966,0.099999999775,0.100000000121,0.099999999850
0.099999999889,0.100000000102,0.100000000042,0.100000000130,0.100000000081,0.100000000051,0.099999999966,0.099999999770,0.100000000124,0.099999999846
0.099999999749,0.100000000231,0.100000000094,0.100000000296,0.100000000183,0.100000000115,0.099999999922,0.099999999476,0.100000000283,0.099999999651
0.099999999788,0.100000000195,0.100000000080,0.100000000250,0.100000000154,0.100000000097,0.099999999934,0.099999999559,0.100000000238,0.099999999706
0.099999999862,0.100000000127,0.100000000052,0.100000000163,0.100000000101,0.100000000063,0.099999999957,0.099999999712,0.100000000155,0.099999999808
0.099999999957,0.100000000040,0.100000000016,0.100000000051,0.100000000032,0.100000000020,0.099999999987,0.099999999909,0.100000000048,0.099999999940
0.099999999838,0.100000000149,0.100000000061,0.100000000191,0.100000000118,0.100000000074,0.099999999949,0.099999999662,0.100000000183,0.099999999774
0.099999999788,0.100000000195,0.100000000080,0.100000000250,0.100000000155,0.100000000097,0.099999999934,0.099999999558,0.100000000239,0.099999999705
0.099999999824,0.100000000162,0.100000000066,0.100000000208,0.100000000128,0.100000000081,0.099999999945,0.099999999633,0.100000000198,0.099999999755
0.099999999843,0.100000000145,0.100000000059,0.100000000185,0.100000000115,0.100000000072,0.099999999951,0.099999999673,0.100000000177,0.099999999782
0.099999999867,0.100000000123,0.100000000050,0.100000000157,0.100000000097,0.100000000061,0.099999999959,0.099999999722,0.100000000150,0.099999999815
0.099999999921,0.100000000072,0.100000000030,0.100000000092,0.100000000057,0.100000000036,0.099999999976,0.099999999836,0.100000000088,0.099999999891
0.099999999815,0.100000000171,0.100000000070,0.100000000218,0.100000000135,0.100000000085,0.099999999942,0.099999999614,0.100000000209,0.099999999742
0.099999999949,0.100000000047,0.100000000019,0.100000000060,0.100000000037,0.100000000023,0.099999999984,0.099999999894,0.100000000057,0.099999999929
0.099999999787,0.100000000196,0.100000000080,0.100000000251,0.100000000155,0.100000000097,0.099999999934,0.099999999556,0.100000000240,0.099999999704
0.099999999909,0.100000000084,0.100000000034,0.100000000108,0.100000000067,0.100000000042,0.099999999972,0.099999999810,0.100000000103,0.099999999873
0.099999999882,0.100000000109,0.100000000044,0.100000000139,0.100000000086,0.100000000054,0.099999999963,0.099999999754,0.100000000133,0.099999999836
0.099999999809,0.100000000175,0.100000000072,0.100000000225,0.100000000139,0.100000000087,0.099999999941,0.099999999603,0.100000000214,0.099999999735
0.099999999904,0.100000000089,0.100000000036,0.100000000113,0.100000000070,0.100000000044,0.099999999970,0.099999999799,0.100000000108,0.099999999866
0.099999999802,0.100000000183,0.100000000074,0.100000000233,0.100000000144,0.100000000090,0.099999999939,0.099999999587,0.100000000223,0.099999999725
0.099999999855,0.100000000133,0.100000000054,0.100000000170,0.100000000105,0.100000000066,0.099999999955,0.099999999699,0.100000000163,0.099999999799
0.099999999907,0.100000000086,0.100000000035,0.100000000110,0.100000000068,0.100000000043,0.099999999971,0.099999999805,0.100000000105,0.099999999870
0.099999999876,0.100000000114,0.100000000046,0.100000000145,0.100000000090,0.100000000056,0.099999999962,0.099999999742,0.100000000139,0.099999999828
0.099999999866,0.100000000124,0.100000000051,0.100000000158,0.100000000098,0.100000000061,0.099999999958,0.099999999720,0.100000000151,0.099999999813
0.099999999811,0.100000000174,0.100000000071,0.100000000223,0.100000000138,0.100000000086,0.099999999941,0.099999999606,0.100000000213,0.099999999737
0.099999999798,0.100000000186,0.100000000076,0.100000000239,0.100000000148,0.100000000093,0.099999999937,0.099999999578,0.100000000228,0.099999999719
0.099999999823,0.100000000162,0.100000000066,0.100000000208,0.100000000129,0.100000000081,0.099999999945,0.099999999632,0.100000000199,0.099999999755
0.099999999772,0.100000000209,0.100000000085,0.100000000268,0.100000000166,0.100000000104,0.099999999929,0.099999999526,0.100000000256,0.099999999684
0.099999999782,0.100000000201,0.100000000082,0.100000000257,0.100000000159,0.100000000100,0.099999999932,0.099999999545,0.100000000245,0.099999999697
0.099999999873,0.100000000117,0.100000000048,0.100000000150,0.100000000093,0.100000000058,0.099999999961,0.099999999735,0.100000000143,0.099999999823
0.099999999814,0.100000000171,0.100000000070,0.100000000219,0.100000000136,0.100000000085,0.099999999942,0.099999999612,0.100000000210,0.099999999741
0.099999999871,0.100000000119,0.100000000049,0.100000000152,0.100000000094,0.100000000059,0.099999999960,0.099999999731,0.100000000145,0.099999999821
0.099999999819,0.100000000166,0.100000000068,0.100000000213,0.100000000132,0.100000000083,0.099999999944,0.099999999623,0.100000000204,0.099999999748
0.099999999827,0.100000000160,0.100000000065,0.100000000204,0.100000000126,0.100000000079,0.099999999946,0.099999999639,0.100000000195,0.099999999759
0.099999999919,0.100000000075,0.100000000030,0.100000000095,0.100000000059,0.100000000037,0.099999999975,0.099999999831,0.100000000091,0.099999999887
0.099999999937,0.100000000058,0.100000000024,0.100000000074,0.100000000046,0.100000000029,0.099999999981,0.099999999870,0.100000000070,0.099999999913
0.099999999834,0.100000000152,0.100000000062,0.100000000195,0.100000000121,0.100000000076,0.099999999949,0.099999999655,0.100000000186,0.099999999770
0.099999999777,0.100000000206,0.100000000084,0.100000000263,0.100000000163,0.100000000102,0.099999999931,0.099999999535,0.100000000251,0.099999999690
0.099999999853,0.100000000135,0.100000000055,0.100000000173,0.100000000107,0.100000000067,0.099999999954,0.099999999694,0.100000000165,0.099999999796
0.099999999901,0.100000000091,0.100000000037,0.100000000117,0.100000000072,0.100000000045,0.099999999969,0.099999999794,0.100000000111,0.099999999862
0.099999999873,0.100000000116,0.100000000048,0.100000000149,0.100000000092,0.100000000058,0.099999999961,0.099999999736,0.100000000142,0.099999999824
0.099999999846,0.100000000142,0.100000000058,0.100000000181,0.100000000112,0.100000000070,0.099999999952,0.099999999679,0.100000000173,0.099999999786
0.099999999804,0.100000000181,0.100000000074,0.100000000231,0.100000000143,0.100000000090,0.099999999939,0.099999999591,0.100000000221,0.099999999727
0.099999999868,0.100000000122,0.100000000050,0.100000000156,0.100000000097,0.100000000060,0.099999999959,0.099999999724,0.100000000149,0.099999999816
0.099999999848,0.100000000140,0.100000000057,0.100000000179,0.100000000111,0.100000000069,0.099999999953,0.099999999683,0.100000000171,0.099999999789
0.099999999812,0.100000000173,0.100000000071,0.100000000221,0.100000000137,0.100000000086,0.099999999942,0.099999999609,0.100000000211,0.099999999739
0.099999999818,0.100000000167,0.100000000068,0.100000000214,0.100000000132,0.100000000083,0.099999999944,0.099999999621,0.100000000204,0.099999999747
0.099999999871,0.100000000119,0.100000000049,0.100000000152,0.100000000094,0.100000000059,0.099999999960,0.099999999731,0.100000000146,0.099999999820
0.099999999862,0.100000000127,0.100000000052,0.100000000163,0.100000000101,0.100000000063,0.099999999957,0.099999999712,0.100000000155,0.099999999808
0.099999999957,0.100000000039,0.100000000016,0.100000000050,0.100000000031,0.100000000020,0.099999999987,0.099999999911,0.100000000048,0.099999999941
0.099999999975,0.100000000023,0.100000000010,0.100000000030,0.100000000018,0.100000000012,0.099999999992,0.099999999947,0.100000000028,0.099999999965
0.099999999845,0.100000000143,0.100000000058,0.100000000183,0.100000000113,0.100000000071,0.099999999952,0.099999999677,0.100000000174,0.099999999785
0.099999999851,0.100000000138,0.100000000056,0.100000000176,0.100000000109,0.100000000068,0.099999999954,0.099999999689,0.100000000168,0.099999999792
0.099999999841,0.100000000146,0.100000000060,0.100000000187,0.100000000116,0.100000000073,0.099999999951,0.099999999669,0.100000000179,0.099999999779
0.099999999955,0.100000000042,0.100000000017,0.100000000053,0.100000000033,0.100000000020,0.099999999986,0.099999999906,0.100000000050,0.099999999938
0.099999999896,0.100000000095,0.100000000039,0.100000000122,0.100000000075,0.100000000047,0.099999999968,0.099999999784,0.100000000117,0.099999999856
0.099999999878,0.100000000112,0.100000000046,0.100000000144,0.100000000089,0.100000000056,0.099999999962,0.099999999746,0.100000000137,0.099999999830
0.099999999972,0.100000000026,0.100000000011,0.100000000033,0.100000000020,0.100000000013,0.099999999991,0.099999999942,0.100000000032,0.099999999961
0.099999999852,0.100000000136,0.100000000055,0.100000000174,0.100000000108,0.100000000067,0.099999999954,0.099999999692,0.100000000166,0.099999999795
0.099999999789,0.100000000194,0.100000000079,0.100000000248,0.100000000154,0.100000000096,0.099999999935,0.099999999561,0.100000000237,0.099999999707
0.099999999818,0.100000000168,0.100000000068,0.100000000215,0.100000000133,0.100000000083,0.099999999943,0.099999999621,0.100000000205,0.099999999747
0.099999999855,0.100000000133,0.100000000055,0.100000000171,0.100000000106,0.100000000066,0.099999999955,0.099999999698,0.100000000163,0.099999999798
0.099999999927,0.100000000067,0.100000000028,0.100000000086,0.100000000053,0.100000000033,0.099999999977,0.099999999848,0.100000000082,0.099999999898
0.099999999768,0.100000000214,0.100000000087,0.100000000274,0.100000000169,0.100000000106,0.099999999928,0.099999999516,0.100000000261,0.099999999677
0.099999999810,0.100000000175,0.100000000071,0.100000000224,0.100000000138,0.100000000087,0.099999999941,0.099999999604,0.100000000214,0.099999999736
0.099999999808,0.100000000176,0.100000000072,0.100000000226,0.100000000140,0.100000000088,0.099999999941,0.099999999600,0.100000000215,0.099999999734
0.099999999867,0.100000000122,0.100000000050,0.100000000156,0.100000000097,0.100000000061,0.099999999959,0.099999999724,0.100000000149,0.099999999815
0.099999999897,0.100000000095,0.100000000039,0.100000000121,0.100000000075,0.100000000047,0.099999999968,0.099999999785,0.100000000116,0.099999999857
0.099999999898,0.100000000094,0.100000000038,0.100000000120,0.100000000074,0.100000000047,0.099999999968,0.099999999787,0.100000000115,0.099999999858
0.099999999806,0.100000000179,0.100000000073,0.100000000229,0.100000000142,0.100000000089,0.099999999940,0.099999999595,0.100000000219,0.099999999730
0.099999999855,0.100000000133,0.100000000055,0.100000000171,0.100000000106,0.100000000066,0.099999999955,0.099999999698,0.100000000163,0.099999999798
0.099999999772,0.100000000210,0.100000000086,0.100000000269,0.100000000166,0.100000000104,0.099999999929,0.099999999524,0.100000000257,0.099999999683
0.099999999835,0.100000000152,0.100000000062,0.100000000194,0.100000000120,0.100000000075,0.099999999949,0.099999999657,0.100000000185,0.099999999771
0.099999999883,0.100000000108,0.100000000044,0.100000000138,0.100000000086,0.100000000054,0.099999999964,0.099999999755,0.100000000132,0.099999999837
0.099999999842,0.100000000146,0.100000000059,0.100000000187,0.100000000116,0.100000000072,0.099999999951,0.099999999670,0.100000000178,0.099999999780
0.099999999810,0.100000000175,0.100000000071,0.100000000224,0.100000000139,0.100000000087,0.099999999941,0.099999999604,0.100000000214,0.099999999736
0.099999999853,0.100000000135,0.100000000055,0.100000000173,0.100000000107,0.100000000067,0.099999999954,0.099999999694,0.100000000166,0.099999999796
0.099999999879,0.100000000111,0.100000000046,0.100000000143,0.100000000088,0.100000000055,0.099999999962,0.099999999748,0.100000000136,0.099999999832
0.099999999824,0.100000000161,0.100000000066,0.100000000207,0.100000000128,0.100000000080,0.099999999945,0.099999999634,0.100000000198,0.099999999756
0.099999999826,0.100000000160,0.100000000065,0.100000000205,0.100000000127,0.100000000079,0.099999999946,0.099999999638,0.100000000196,0.099999999758
0.099999999897,0.100000000094,0.100000000039,0.100000000121,0.100000000075,0.100000000047,0.099999999968,0.099999999786,0.100000000116,0.099999999857
0.099999999873,0.100000000117,0.100000000048,0.100000000149,0.100000000093,0.100000000058,0.099999999961,0.099999999735,0.100000000143,0.099999999823
0.099999999826,0.100000000161,0.100000000066,0.100000000205,0.100000000127,0.100000000080,0.099999999946,0.099999999636,0.100000000196,0.099999999758
0.099999999802,0.100000000183,0.100000000074,0.100000000234,0.100000000145,0.100000000091,0.099999999938,0.099999999587,0.100000000223,0.099999999724
0.099999999766,0.100000000215,0.100000000088,0.100000000276,0.100000000171,0.100000000107,0.099999999927,0.099999999512,0.100000000263,0.099999999675
0.099999999871,0.100000000119,0.100000000049,0.100000000152,0.100000000094,0.100000000059,0.099999999960,0.099999999731,0.100000000145,0.099999999821
0.099999999758,0.100000000222,0.100000000091,0.100000000284,0.100000000176,0.100000000110,0.099999999925,0.099999999497,0.100000000272,0.099999999664
0.099999999827,0.100000000160,0.100000000065,0.100000000204,0.100000000126,0.100000000079,0.099999999946,0.099999999639,0.100000000195,0.099999999759
0.099999999868,0.100000000121,0.100000000049,0.100000000155,0.100000000096,0.100000000060,0.099999999959,0.099999999725,0.100000000148,0.099999999817
0.099999999947,0.100000000049,0.100000000020,0.100000000062,0.100000000039,0.100000000024,0.099999999984,0.099999999890,0.100000000059,0.099999999927
0.099999999976,0.100000000022,0.100000000009,0.100000000028,0.100000000017,0.100000000011,0.099999999993,0.099999999951,0.100000000027,0.099999999967
0.099999999870,0.100000000119,0.100000000049,0.100000000153,0.100000000094,0.100000000059,0.099999999960,0.099999999730,0.100000000146,0.099999999820
0.099999999896,0.100000000096,0.100000000039,0.100000000122,0.100000000076,0.100000000047,0.099999999968,0.099999999784,0.100000000117,0.099999999856
0.099999999727,0.100000000251,0.100000000103,0.100000000322,0.100000000199,0.100000000125,0.099999999915,0.099999999431,0.100000000307,0.099999999620
0.099999999916,0.100000000077,0.100000000032,0.100000000099,0.100000000061,0.100000000038,0.099999999974,0.099999999825,0.100000000094,0.099999999883
0.100000000009,0.099999999993,0.099999999997,0.099999999990,0.099999999994,0.099999999996,0.100000000003,0.100000000017,0.099999999990,0.100000000012
0.099999999917,0.100000000077,0.100000000031,0.100000000098,0.100000000061,0.100000000038,0.099999999974,0.099999999826,0.100000000094,0.099999999884
0.099999999942,0.100000000054,0.100000000022,0.100000000068,0.100000000043,0.100000000027,0.099999999982,0.099999999879,0.100000000065,0.099999999919
0.099999999954,0.100000000042,0.100000000017,0.100000000054,0.100000000033,0.100000000021,0.099999999986,0.099999999904,0.100000000052,0.099999999936
0.099999999946,0.100000000049,0.100000000020,0.100000000063,0.100000000039,0.100000000024,0.099999999984,0.099999999888,0.100000000060,0.099999999926
0.099999999795,0.100000000189,0.100000000077,0.100000000242,0.100000000150,0.100000000094,0.099999999936,0.099999999572,0.100000000231,0.099999999714
0.099999999944,0.100000000052,0.100000000021,0.100000000066,0.100000000041,0.100000000026,0.099999999983,0.099999999883,0.100000000063,0.099999999922
0.100000000159,0.099999999854,0.099999999940,0.099999999813,0.099999999884,0.099999999927,0.100000000049,0.100000000331,0.099999999822,0.100000000221
0.099999999800,0.100000000184,0.100000000075,0.100000000236,0.100000000146,0.100000000091,0.099999999938,0.099999999583,0.100000000225,0.099999999722
0.099999999675,0.100000000307,0.100000000123,0.100000000379,0.100000000244,0.100000000148,0.099999999904,0.099999999313,0.100000000361,0.099999999547
0.100000000085,0.099999999922,0.099999999968,0.099999999900,0.099999999938,0.099999999961,0.100000000026,0.100000000177,0.099999999905,0.100000000118
0.099999999891,0.100000000100,0.100000000041,0.100000000129,0.100000000079,0.100000000050,0.099999999966,0.099999999773,0.100000000123,0.099999999848
0.100000000006,0.099999999995,0.099999999998,0.099999999993,0.099999999996,0.099999999997,0.100000000002,0.100000000012,0.099999999993,0.100000000008
0.099999999958,0.100000000039,0.100000000016,0.100000000048,0.100000000031,0.100000000019,0.099999999988,0.099999999912,0.100000000046,0.099999999942
0.099999999979,0.100000000020,0.100000000008,0.100000000024,0.100000000016,0.100000000010,0.099999999994,0.099999999955,0.100000000023,0.099999999971
0.100000000071,0.099999999934,0.099999999973,0.099999999916,0.099999999948,0.099999999967,0.100000000022,0.100000000149,0.099999999920,0.100000000099
0.100000000051,0.099999999953,0.099999999981,0.099999999940,0.099999999963,0.099999999977,0.100000000016,0.100000000106,0.099999999943,0.100000000071
0.100000000114,0.099999999895,0.099999999957,0.099999999866,0.099999999917,0.099999999948,0.100000000035,0.100000000237,0.099999999872,0.100000000158
0.100000000052,0.099999999952,0.099999999981,0.099999999939,0.099999999962,0.099999999976,0.100000000016,0.100000000108,0.099999999942,0.100000000072
0.100000000092,0.099999999916,0.099999999965,0.099999999891,0.099999999933,0.099999999958,0.100000000029,0.100000000191,0.099999999896,0.100000000128
0.100000000020,0.099999999982,0.099999999993,0.099999999977,0.099999999986,0.099999999991,0.100000000006,0.100000000040,0.099999999978,0.100000000027
0.100000000066,0.099999999940,0.099999999975,0.099999999922,0.099999999952,0.099999999970,0.100000000021,0.100000000137,0.099999999926,0.100000000092
0.100000000114,0.099999999895,0.099999999957,0.099999999866,0.099999999917,0.099999999948,0.100000000035,0.100000000237,0.099999999872,0.100000000158
0.100000000065,0.099999999940,0.099999999976,0.099999999923,0.099999999952,0.099999999970,0.100000000020,0.100000000136,0.099999999927,0.100000000091
0.100000000144,0.099999999867,0.099999999946,0.099999999831,0.099999999895,0.099999999934,0.100000000044,0.100000000300,0.099999999839,0.100000000200
0.099999999959,0.100000000038,0.100000000015,0.100000000048,0.100000000030,0.100000000019,0.099999999988,0.099999999914,0.100000000046,0.099999999943
0.099999999975,0.100000000023,0.100000000009,0.100000000029,0.100000000018,0.100000000011,0.099999999992,0.099999999948,0.100000000028,0.099999999965
0.099999999834,0.100000000152,0.100000000062,0.100000000195,0.100000000121,0.100000000076,0.099999999949,0.099999999655,0.100000000186,0.099999999770
0.100000000206,0.099999999811,0.099999999923,0.099999999758,0.099999999850,0.099999999906,0.100000000064,0.100000000429,0.099999999769,0.100000000286
0.100000000135,0.099999999875,0.099999999949,0.099999999841,0.099999999901,0.099999999938,0.100000000042,0.100000000282,0.099999999848,0.100000000188
0.100000000241,0.099999999778,0.099999999909,0.099999999716,0.099999999824,0.099999999890,0.100000000075,0.100000000503,0.099999999729,0.100000000335
0.100000000102,0.099999999905,0.099999999961,0.099999999879,0.099999999925,0.099999999953,0.100000000032,0.100000000214,0.099999999885,0.100000000142
0.100000000109,0.099999999900,0.099999999959,0.099999999872,0.099999999921,0.099999999950,0.100000000034,0.100000000227,0.099999999878,0.100000000151
0.100000000163,0.099999999850,0.099999999939,0.099999999808,0.099999999881,0.099999999925,0.100000000050,0.100000000340,0.099999999817,0.100000000227
0.100000000113,0.099999999896,0.099999999958,0.099999999867,0.099999999917,0.099999999948,0.100000000035,0.100000000236,0.099999999873,0.100000000157
0.100000000135,0.099999999876,0.099999999949,0.099999999841,0.099999999902,0.099999999938,0.100000000042,0.100000000281,0.099999999849,0.100000000187
0.099999999939,0.100000000056,0.100000000023,0.100000000071,0.100000000044,0.100000000028,0.099999999981,0.099999999873,0.100000000068,0.099999999916
0.100000000125,0.099999999885,0.099999999953,0.099999999853,0.099999999909,0.099999999943,0.100000000039,0.100000000261,0.099999999859,0.100000000174
0.100000000140,0.099999999871,0.099999999947,0.099999999835,0.099999999898,0.099999999936,0.100000000043,0.100000000292,0.099999999843,0.100000000194
0.100000000041,0.099999999962,0.099999999985,0.099999999952,0.099999999970,0.099999999981,0.100000000013,0.100000000085,0.099999999954,0.100000000057
0.100000000152,0.099999999860,0.099999999943,0.099999999821,0.099999999889,0.099999999930,0.100000000047,0.100000000317,0.099999999829,0.100000000212
0.100000000145,0.099999999866,0.099999999946,0.099999999830,0.099999999894,0.099999999934,0.100000000045,0.100000000302,0.099999999838,0.100000000201
0.099999999889,0.100000000102,0.100000000042,0.100000000131,0.100000000081,0.100000000051,0.099999999966,0.099999999769,0.100000000125,0.099999999846
0.100000000160,0.099999999852,0.099999999940,0.099999999811,0.099999999883,0.099999999927,0.100000000050,0.100000000334,0.099999999820,0.100000000223
0.100000000092,0.099999999915,0.099999999966,0.099999999892,0.099999999933,0.099999999958,0.100000000028,0.100000000191,0.099999999897,0.100000000127
0.100000000046,0.099999999958,0.099999999983,0.099999999946,0.099999999967,0.099999999979,0.100000000014,0.100000000096,0.099999999949,0.100000000064
0.100000000214,0.099999999803,0.099999999919,0.099999999748,0.099999999844,0.099999999902,0.100000000066,0.100000000447,0.099999999759,0.100000000298
0.099999999838,0.100000000149,0.100000000061,0.100000000191,0.100000000118,0.100000000074,0.099999999950,0.099999999662,0.100000000182,0.099999999775
0.099999999884,0.100000000107,0.100000000044,0.100000000137,0.100000000085,0.100000000053,0.099999999964,0.099999999758,0.100000000131,0.099999999838
0.100000000145,0.099999999866,0.099999999946,0.099999999829,0.099999999894,0.099999999934,0.100000000045,0.100000000302,0.099999999837,0.100000000202
0.100000000137,0.099999999874,0.099999999949,0.099999999839,0.099999999900,0.099999999938,0.100000000042,0.100000000285,0.099999999846,0.100000000190
0.099999999918,0.100000000076,0.100000000031,0.100000000097,0.100000000060,0.100000000038,0.099999999975,0.099999999828,0.100000000092,0.099999999885
0.100000000153,0.099999999859,0.099999999943,0.099999999820,0.099999999889,0.099999999930,0.100000000047,0.100000000318,0.099999999829,0.100000000212
0.099999999927,0.100000000068,0.100000000028,0.100000000086,0.100000000054,0.100000000033,0.099999999977,0.099999999847,0.100000000082,0.099999999898
0.100000000215,0.099999999802,0.099999999919,0.099999999747,0.099999999843,0.099999999902,0.100000000066,0.100000000448,0.099999999759,0.100000000299
0.099999999970,0.100000000028,0.100000000011,0.100000000035,0.100000000022,0.100000000014,0.099999999991,0.099999999937,0.100000000033,0.099999999958
0.099999999942,0.100000000053,0.100000000022,0.100000000068,0.100000000042,0.100000000026,0.099999999982,0.099999999879,0.100000000065,0.099999999920
0.099999999848,0.100000000140,0.100000000057,0.100000000179,0.100000000111,0.100000000069,0.099999999953,0.099999999683,0.100000000171,0.099999999789
0.099999999787,0.100000000195,0.100000000080,0.100000000250,0.100000000155,0.100000000097,0.099999999934,0.099999999557,0.100000000239,0.099999999705
0.099999999886,0.100000000105,0.100000000043,0.100000000134,0.100000000083,0.100000000052,0.099999999965,0.099999999763,0.100000000128,0.099999999842
0.099999999844,0.100000000144,0.100000000059,0.100000000184,0.100000000114,0.100000000071,0.099999999952,0.099999999675,0.100000000176,0.099999999783
0.099999999959,0.100000000039,0.100000000016,0.100000000048,0.100000000031,0.100000000019,0.099999999988,0.099999999913,0.100000000046,0.099999999942
0.099999999857,0.100000000132,0.100000000054,0.100000000169,0.100000000105,0.100000000066,0.099999999955,0.099999999701,0.100000000161,0.099999999801
0.100000000252,0.099999999768,0.099999999905,0.099999999704,0.099999999816,0.099999999885,0.100000000078,0.100000000525,0.099999999717,0.100000000350
0.100000000181,0.099999999834,0.099999999932,0.099999999788,0.099999999868,0.099999999918,0.100000000056,0.100000000376,0.099999999797,0.100000000251
0.099999999922,0.100000000072,0.100000000030,0.100000000092,0.100000000057,0.100000000036,0.099999999976,0.099999999836,0.100000000088,0.099999999891
0.100000000149,0.099999999863,0.099999999944,0.099999999825,0.099999999891,0.099999999932,0.100000000046,0.100000000311,0.099999999833,0.100000000207
0.099999999873,0.100000000117,0.100000000048,0.100000000149,0.100000000092,0.100000000058,0.099999999961,0.099999999736,0.100000000142,0.099999999824
0.100000000183,0.099999999831,0.099999999931,0.099999999785,0.099999999866,0.099999999916,0.100000000057,0.100000000382,0.099999999794,0.100000000254
0.099999999938,0.100000000058,0.100000000023,0.100000000073,0.100000000046,0.100000000028,0.099999999981,0.099999999870,0.100000000070,0.099999999913
0.099999999825,0.100000000161,0.100000000066,0.100000000206,0.100000000127,0.100000000080,0.099999999946,0.099999999636,0.100000000196,0.099999999757
0.099999999675,0.100000000307,0.100000000123,0.100000000379,0.100000000244,0.100000000148,0.099999999904,0.099999999313,0.100000000361,0.099999999547
0.099999999884,0.100000000107,0.100000000044,0.100000000136,0.100000000084,0.100000000053,0.099999999964,0.099999999759,0.100000000130,0.099999999839
0.100000000056,0.099999999948,0.099999999979,0.099999999934,0.099999999959,0.099999999974,0.100000000017,0.100000000117,0.099999999937,0.100000000078
0.099999999897,0.100000000095,0.100000000039,0.100000000122,0.100000000075,0.100000000047,0.099999999968,0.099999999785,0.100000000116,0.099999999856
0.099999999792,0.100000000191,0.100000000078,0.100000000245,0.100000000151,0.100000000095,0.099999999935,0.099999999567,0.100000000234,0.099999999711
0.099999999949,0.100000000047,0.100000000019,0.100000000060,0.100000000037,0.100000000023,0.099999999984,0.099999999894,0.100000000057,0.099999999929
0.099999999832,0.100000000155,0.100000000063,0.100000000198,0.100000000122,0.100000000077,0.099999999948,0.099999999650,0.100000000189,0.099999999766
0.099999999796,0.100000000188,0.100000000077,0.100000000240,0.100000000149,0.100000000093,0.099999999937,0.099999999575,0.100000000230,0.099999999716
0.099999999934,0.100000000061,0.100000000025,0.100000000078,0.100000000048,0.100000000030,0.099999999979,0.099999999862,0.100000000075,0.099999999908
0.099999999946,0.100000000050,0.100000000020,0.100000000063,0.100000000040,0.100000000025,0.099999999984,0.099999999887,0.100000000060,0.099999999925
0.099999999675,0.100000000307,0.100000000123,0.100000000379,0.100000000244,0.100000000148,0.099999999904,0.099999999313,0.100000000361,0.099999999547
0.099999999768,0.100000000214,0.100000000087,0.100000000274,0.100000000169,0.100000000106,0.099999999928,0.099999999516,0.100000000261,0.099999999677
0.099999999838,0.100000000149,0.100000000061,0.100000000190,0.100000000118,0.100000000074,0.099999999950,0.099999999663,0.100000000181,0.099999999775
0.099999999971,0.100000000027,0.100000000011,0.100000000034,0.100000000021,0.100000000013,0.099999999991,0.099999999939,0.100000000033,0.099999999959
0.100000000119,0.099999999890,0.099999999955,0.099999999860,0.099999999913,0.099999999946,0.100000000037,0.100000000248,0.099999999866,0.100000000165
0.100000000092,0.099999999916,0.099999999966,0.099999999892,0.099999999933,0.099999999958,0.100000000028,0.100000000191,0.099999999897,0.100000000127
0.099999999809,0.100000000176,0.100000000072,0.100000000225,0.100000000139,0.100000000087,0.099999999941,0.099999999602,0.100000000215,0.099999999734
0.099999999851,0.100000000137,0.100000000056,0.100000000175,0.100000000108,0.100000000068,0.099999999954,0.099999999690,0.100000000167,0.099999999793
0.100000000213,0.099999999804,0.099999999920,0.099999999750,0.099999999845,0.099999999903,0.100000000066,0.100000000444,0.099999999761,0.100000000296
0.099999999864,0.100000000125,0.100000000051,0.100000000160,0.100000000099,0.100000000062,0.099999999958,0.099999999717,0.100000000153,0.099999999811
0.099999999764,0.100000000217,0.100000000089,0.100000000278,0.100000000172,0.100000000108,0.099999999926,0.099999999508,0.100000000266,0.099999999672
0.099999999880,0.100000000111,0.100000000045,0.100000000141,0.100000000088,0.100000000055,0.099999999963,0.099999999750,0.100000000135,0.099999999833
0.099999999828,0.100000000158,0.100000000065,0.100000000203,0.100000000125,0.100000000079,0.099999999947,0.099999999642,0.100000000193,0.099999999761
0.099999999877,0.100000000113,0.100000000046,0.100000000145,0.100000000090,0.100000000056,0.099999999962,0.099999999744,0.100000000138,0.099999999829
0.100000000127,0.099999999883,0.099999999952,0.099999999851,0.099999999908,0.099999999942,0.100000000039,0.100000000264,0.099999999858,0.100000000176
0.100000000086,0.099999999920,0.099999999968,0.099999999899,0.099999999937,0.099999999961,0.100000000027,0.100000000180,0.099999999903,0.100000000120
0.100000000100,0.099999999908,0.099999999962,0.099999999882,0.099999999927,0.099999999954,0.100000000031,0.100000000209,0.099999999887,0.100000000139
0.099999999847,0.100000000140,0.100000000057,0.100000000180,0.100000000111,0.100000000070,0.099999999953,0.099999999682,0.100000000172,0.099999999788
0.100000000029,0.099999999973,0.099999999989,0.099999999966,0.099999999979,0.099999999987,0.100000000009,0.100000000061,0.099999999967,0.100000000041
0.099999999834,0.100000000153,0.100000000062,0.100000000195,0.100000000121,0.100000000076,0.099999999949,0.099999999655,0.100000000186,0.099999999770
0.099999999762,0.100000000219,0.100000000089,0.100000000280,0.100000000173,0.100000000109,0.099999999926,0.099999999505,0.100000000267,0.099999999670
0.100000000155,0.099999999857,0.099999999942,0.099999999817,0.099999999887,0.099999999929,0.100000000048,0.100000000324,0.099999999825,0.100000000216
0.100000000028,0.099999999974,0.099999999990,0.099999999967,0.099999999980,0.099999999987,0.100000000009,0.100000000058,0.099999999968,0.100000000039
0.099999999742,0.100000000238,0.100000000097,0.100000000304,0.100000000188,0.100000000118,0.099999999920,0.099999999462,0.100000000290,0.099999999641
0.100000000086,0.099999999921,0.099999999968,0.099999999899,0.099999999937,0.099999999961,0.100000000027,0.100000000179,0.099999999903,0.100000000119
0.099999999989,0.100000000010,0.100000000004,0.100000000013,0.100000000008,0.100000000005,0.099999999997,0.099999999977,0.100000000012,0.099999999985
0.100000000141,0.099999999870,0.099999999947,0.099999999834,0.099999999897,0.099999999936,0.100000000043,0.100000000294,0.099999999842,0.100000000196
0.100000000107,0.099999999902,0.099999999960,0.099999999874,0.099999999922,0.099999999951,0.100000000033,0.100000000223,0.099999999880,0.100000000149
0.100000000219,0.099999999798,0.099999999918,0.099999999742,0.099999999840,0.099999999900,0.100000000068,0.100000000457,0.099999999754,0.100000000304
0.100000000141,0.099999999870,0.099999999947,0.099999999834,0.099999999897,0.099999999936,0.100000000043,0.100000000294,0.099999999842,0.100000000196
0.099999999893,0.100000000098,0.100000000040,0.100000000126,0.100000000078,0.100000000049,0.099999999967,0.099999999777,0.100000000121,0.099999999851
0.100000000159,0.099999999854,0.099999999940,0.099999999813,0.099999999884,0.099999999927,0.100000000049,0.100000000331,0.099999999822,0.100000000221
0.099999999715,0.100000000263,0.100000000107,0.100000000336,0.100000000208,0.100000000130,0.099999999911,0.099999999405,0.100000000321,0.099999999603
0.100000000041,0.099999999962,0.099999999985,0.099999999952,0.099999999970,0.099999999981,0.100000000013,0.100000000086,0.099999999954,0.100000000057
0.099999999956,0.100000000040,0.100000000016,0.100000000051,0.100000000032,0.100000000020,0.099999999987,0.099999999909,0.100000000049,0.099999999939
0.099999999964,0.100000000033,0.100000000014,0.100000000042,0.100000000026,0.100000000016,0.099999999989,0.099999999925,0.100000000040,0.099999999950
0.099999999871,0.100000000119,0.100000000049,0.100000000152,0.100000000094,0.100000000059,0.099999999960,0.099999999730,0.100000000145,0.099999999820
0.100000000082,0.099999999925,0.099999999969,0.099999999903,0.099999999940,0.099999999962,0.100000000026,0.100000000171,0.099999999907,0.100000000114
0.099999999985,0.100000000014,0.100000000006,0.100000000017,0.100000000011,0.100000000007,0.099999999996,0.099999999969,0.100000000016,0.099999999979
0.099999999936,0.100000000059,0.100000000024,0.100000000075,0.100000000047,0.100000000029,0.099999999980,0.099999999866,0.100000000072,0.099999999911
0.099999999911,0.100000000082,0.100000000034,0.100000000105,0.100000000065,0.100000000041,0.099999999972,0.099999999814,0.100000000100,0.099999999876
0.099999999757,0.100000000223,0.100000000091,0.100000000286,0.100000000177,0.100000000111,0.099999999924,0.099999999494,0.100000000273,0.099999999663
0.099999999944,0.100000000052,0.100000000021,0.100000000066,0.100000000041,0.100000000026,0.099999999983,0.099999999882,0.100000000063,0.099999999921
0.100000000212,0.099999999804,0.099999999920,0.099999999750,0.099999999845,0.099999999903,0.100000000066,0.100000000443,0.099999999762,0.100000000295
0.100000000136,0.099999999874,0.099999999949,0.099999999839,0.099999999900,0.099999999938,0.100000000042,0.100000000285,0.099999999847,0.100000000190
0.100000000168,0.099999999845,0.099999999937,0.099999999802,0.099999999877,0.099999999923,0.100000000052,0.100000000351,0.099999999812,0.100000000234
0.099999999806,0.100000000179,0.100000000073,0.100000000229,0.100000000142,0.100000000089,0.099999999940,0.099999999595,0.100000000219,0.099999999730
0.100000000071,0.099999999935,0.099999999973,0.099999999916,0.099999999948,0.099999999968,0.100000000022,0.100000000148,0.099999999920,0.100000000099
0.099999999964,0.100000000033,0.100000000013,0.100000000042,0.100000000026,0.100000000016,0.099999999989,0.099999999926,0.100000000040,0.099999999951
0.100000000215,0.099999999802,0.099999999919,0.099999999748,0.099999999843,0.099999999902,0.100000000066,0.100000000448,0.099999999759,0.100000000298
0.099999999835,0.100000000152,0.100000000062,0.100000000194,0.100000000120,0.100000000075,0.099999999949,0.099999999657,0.100000000185,0.099999999771
0.099999999817,0.100000000168,0.100000000069,0.100000000215,0.100000000133,0.100000000084,0.099999999943,0.099999999619,0.100000000206,0.099999999746
0.100000000132,0.099999999879,0.099999999950,0.099999999845,0.099999999904,0.099999999940,0.100000000041,0.100000000275,0.099999999852,0.100000000183
0.099999999970,0.100000000028,0.100000000011,0.100000000035,0.100000000022,0.100000000014,0.099999999991,0.099999999937,0.100000000033,0.099999999958
0.100000000125,0.099999999885,0.099999999953,0.099999999853,0.099999999909,0.099999999943,0.100000000039,0.100000000260,0.099999999860,0.100000000173
0.099999999964,0.100000000033,0.100000000014,0.100000000042,0.100000000026,0.100000000016,0.099999999989,0.099999999925,0.100000000040,0.099999999950
0.099999999886,0.100000000105,0.100000000043,0.100000000135,0.100000000083,0.100000000052,0.099999999965,0.099999999762,0.100000000128,0.099999999841
0.100000000003,0.099999999998,0.099999999999,0.099999999997,0.099999999998,0.099999999999,0.100000000001,0.100000000005,0.099999999997,0.100000000003
0.100000000233,0.099999999785,0.099999999912,0.099999999725,0.099999999829,0.099999999893,0.100000000072,0.100000000487,0.099999999738,0.100000000325
0.100000000164,0.099999999849,0.099999999938,0.099999999807,0.099999999880,0.099999999925,0.100000000051,0.100000000341,0.099999999816,0.100000000228
0.099999999987,0.100000000012,0.100000000005,0.100000000015,0.100000000010,0.100000000006,0.099999999996,0.099999999973,0.100000000014,0.099999999982
0.100000000191,0.099999999824,0.099999999928,0.099999999776,0.099999999861,0.099999999913,0.100000000059,0.100000000397,0.099999999786,0.100000000265
0.099999999946,0.100000000051,0.100000000020,0.100000000063,0.100000000040,0.100000000025,0.099999999984,0.099999999886,0.100000000060,0.099999999925
0.099999999675,0.100000000307,0.100000000123,0.100000000379,0.100000000244,0.100000000148,0.099999999904,0.099999999313,0.100000000361,0.099999999547
0.100000000184,0.099999999831,0.099999999931,0.099999999784,0.099999999866,0.099999999916,0.100000000057,0.100000000383,0.099999999793,0.100000000255
0.099999999887,0.100000000104,0.100000000043,0.100000000133,0.100000000083,0.100000000052,0.099999999965,0.099999999764,0.100000000127,0.099999999843
0.099999999793,0.100000000190,0.100000000078,0.100000000243,0.100000000151,0.100000000094,0.099999999936,0.099999999570,0.100000000232,0.099999999713
0.099999999755,0.100000000226,0.100000000092,0.100000000289,0.100000000179,0.100000000112,0.099999999924,0.099999999489,0.100000000276,0.099999999659
0.100000000059,0.099999999945,0.099999999978,0.099999999931,0.099999999957,0.099999999973,0.100000000018,0.100000000123,0.099999999934,0.100000000082
0.100000000116,0.099999999894,0.099999999957,0.099999999864,0.099999999916,0.099999999947,0.100000000036,0.100000000241,0.099999999870,0.100000000161
0.099999999818,0.100000000168,0.100000000068,0.100000000215,0.100000000133,0.100000000083,0.099999999943,0.099999999620,0.100000000205,0.099999999747
0.099999999981,0.100000000018,0.100000000007,0.100000000022,0.100000000014,0.100000000009,0.099999999994,0.099999999960,0.100000000021,0.099999999973
0.100000000085,0.099999999922,0.099999999968,0.099999999899,0.099999999938,0.099999999961,0.100000000027,0.100000000178,0.099999999904,0.100000000119
0.099999999902,0.100000000091,0.100000000037,0.100000000115,0.100000000072,0.100000000045,0.099999999970,0.099999999794,0.100000000110,0.099999999864
0.099999999825,0.100000000161,0.100000000066,0.100000000206,0.100000000127,0.100000000080,0.099999999946,0.099999999636,0.100000000196,0.099999999757
0.099999999776,0.100000000206,0.100000000084,0.100000000264,0.100000000163,0.100000000102,0.099999999930,0.099999999534,0.100000000252,0.099999999689
0.099999999844,0.100000000144,0.100000000059,0.100000000184,0.100000000114,0.100000000071,0.099999999951,0.099999999674,0.100000000176,0.099999999783
0.099999999954,0.100000000043,0.100000000017,0.100000000055,0.100000000034,0.100000000021,0.099999999986,0.099999999903,0.100000000052,0.099999999935
0.099999999965,0.100000000032,0.100000000013,0.100000000041,0.100000000025,0.100000000016,0.099999999989,0.099999999927,0.100000000039,0.099999999952
0.100000000210,0.099999999806,0.099999999921,0.099999999753,0.099999999847,0.099999999904,0.100000000065,0.100000000438,0.099999999764,0.100000000292
0.099999999956,0.100000000041,0.100000000016,0.100000000051,0.100000000032,0.100000000020,0.099999999987,0.099999999908,0.100000000049,0.099999999939
0.099999999675,0.100000000307,0.100000000123,0.100000000379,0.100000000244,0.100000000148,0.099999999904,0.099999999313,0.100000000361,0.099999999547
0.100000000095,0.099999999912,0.099999999964,0.099999999888,0.099999999931,0.099999999956,0.100000000030,0.100000000198,0.099999999893,0.100000000132
0.100000000029,0.099999999973,0.099999999989,0.099999999965,0.099999999979,0.099999999987,0.100000000009,0.100000000061,0.099999999967,0.100000000041
0.099999999814,0.100000000171,0.100000000070,0.100000000219,0.100000000135,0.100000000085,0.099999999942,0.099999999613,0.100000000209,0.099999999742
0.100000000091,0.099999999917,0.099999999966,0.099999999893,0.099999999934,0.099999999959,0.100000000028,0.100000000189,0.099999999898,0.100000000126
0.100000000094,0.099999999913,0.099999999965,0.099999999890,0.099999999931,0.099999999957,0.100000000029,0.100000000196,0.099999999895,0.100000000131
0.100000000038,0.099999999965,0.099999999986,0.099999999955,0.099999999972,0.099999999983,0.100000000012,0.100000000079,0.099999999957,0.100000000053
0.100000000106,0.099999999902,0.099999999960,0.099999999875,0.099999999923,0.099999999952,0.100000000033,0.100000000221,0.099999999881,0.100000000147
0.100000000065,0.099999999940,0.099999999976,0.099999999924,0.099999999953,0.099999999970,0.100000000020,0.100000000136,0.099999999927,0.100000000090
0.100000000043,0.099999999960,0.099999999984,0.099999999949,0.099999999968,0.099999999980,0.100000000013,0.100000000091,0.099999999951,0.100000000060
0.100000000054,0.099999999950,0.099999999980,0.099999999937,0.099999999961,0.099999999975,0.100000000017,0.100000000112,0.099999999939,0.100000000075
0.100000000094,0.099999999914,0.099999999965,0.099999999889,0.099999999932,0.099999999957,0.100000000029,0.100000000196,0.099999999894,0.100000000131
0.100000000077,0.099999999929,0.099999999971,0.099999999909,0.099999999944,0.099999999965,0.100000000024,0.100000000161,0.099999999913,0.100000000108
0.100000000130,0.099999999880,0.099999999951,0.099999999847,0.099999999905,0.099999999941,0.100000000040,0.100000000271,0.099999999854,0.100000000181
0.100000000121,0.099999999888,0.099999999954,0.099999999858,0.099999999911,0.099999999945,0.100000000037,0.100000000253,0.099999999864,0.100000000169
0.100000000142,0.099999999869,0.099999999947,0.099999999833,0.099999999896,0.099999999935,0.100000000044,0.100000000297,0.099999999840,0.100000000198
0.100000000183,0.099999999832,0.099999999931,0.099999999785,0.099999999867,0.099999999917,0.100000000056,0.100000000381,0.099999999795,0.100000000254
0.100000000036,0.099999999967,0.099999999987,0.099999999958,0.099999999974,0.099999999984,0.100000000011,0.100000000075,0.099999999959,0.100000000050
0.100000000181,0.099999999833,0.099999999932,0.099999999787,0.099999999868,0.099999999917,0.100000000056,0.100000000377,0.099999999797,0.100000000251
0.100000000056,0.099999999948,0.099999999979,0.099999999934,0.099999999959,0.099999999974,0.100000000017,0.100000000118,0.099999999937,0.100000000078
0.099999999778,0.100000000204,0.100000000083,0.100000000261,0.100000000161,0.100000000101,0.099999999931,0.099999999538,0.100000000249,0.099999999692
0.100000000132,0.099999999878,0.099999999950,0.099999999844,0.099999999903,0.099999999940,0.100000000041,0.100000000276,0.099999999851,0.100000000184
0.100000000080,0.099999999927,0.099999999970,0.099999999906,0.099999999942,0.099999999963,0.100000000025,0.100000000166,0.099999999910,0.100000000111
0.099999999864,0.100000000125,0.100000000051,0.100000000160,0.100000000099,0.100000000062,0.099999999958,0.099999999717,0.100000000153,0.099999999811
0.100000000029,0.099999999974,0.099999999989,0.099999999966,0.099999999979,0.099999999987,0.100000000009,0.100000000060,0.099999999968,0.100000000040
0.100000000100,0.099999999908,0.099999999963,0.099999999882,0.099999999927,0.099999999954,0.100000000031,0.100000000208,0.099999999888,0.100000000139
0.100000000032,0.099999999971,0.099999999988,0.099999999962,0.099999999977,0.099999999985,0.100000000010,0.100000000066,0.099999999964,0.100000000044
0.100000000142,0.099999999869,0.099999999947,0.099999999833,0.099999999896,0.099999999935,0.100000000044,0.100000000296,0.099999999840,0.100000000197
0.100000000063,0.099999999942,0.099999999976,0.099999999925,0.099999999954,0.099999999971,0.100000000020,0.100000000132,0.099999999929,0.100000000088
0.099999999987,0.100000000012,0.100000000005,0.100000000016,0.100000000010,0.100000000006,0.099999999996,0.099999999972,0.100000000015,0.099999999981
0.100000000144,0.099999999867,0.099999999946,0.099999999831,0.099999999895,0.099999999934,0.100000000044,0.100000000300,0.099999999838,0.100000000200
0.100000000060,0.099999999945,0.099999999978,0.099999999930,0.099999999956,0.099999999973,0.100000000018,0.100000000124,0.099999999933,0.100000000083
0.100000000088,0.099999999919,0.099999999967,0.099999999896,0.099999999935,0.099999999960,0.100000000027,0.100000000184,0.099999999901,0.100000000123
0.099999999918,0.100000000076,0.100000000031,0.100000000097,0.100000000060,0.100000000038,0.099999999975,0.099999999828,0.100000000092,0.099999999886
0.100000000040,0.099999999963,0.099999999985,0.099999999953,0.099999999971,0.099999999982,0.100000000012,0.100000000083,0.099999999955,0.100000000055
0.100000000163,0.099999999849,0.099999999939,0.099999999808,0.099999999881,0.099999999925,0.100000000051,0.100000000341,0.099999999816,0.100000000227
0.099999999891,0.100000000101,0.100000000041,0.100000000129,0.100000000080,0.100000000050,0.099999999966,0.099999999772,0.100000000123,0.099999999848
0.099999999909,0.100000000084,0.100000000034,0.100000000107,0.100000000067,0.100000000042,0.099999999972,0.099999999810,0.100000000103,0.099999999873
0.099999999782,0.100000000201,0.100000000082,0.100000000257,0.100000000159,0.100000000100,0.099999999932,0.099999999545,0.100000000245,0.099999999697
0.100000000107,0.099999999901,0.099999999960,0.099999999874,0.099999999922,0.099999999951,0.100000000033,0.100000000223,0.099999999879,0.100000000149
0.099999999776,0.100000000206,0.100000000084,0.100000000263,0.100000000163,0.100000000102,0.099999999930,0.099999999534,0.100000000251,0.099999999689
0.099999999976,0.100000000022,0.100000000009,0.100000000028,0.100000000018,0.100000000011,0.099999999993,0.099999999950,0.100000000027,0.099999999967
0.100000000221,0.099999999796,0.099999999917,0.099999999740,0.099999999838,0.099999999899,0.100000000068,0.100000000461,0.099999999752,0.100000000308
0.099999999759,0.100000000221,0.100000000090,0.100000000283,0.100000000175,0.100000000110,0.099999999925,0.099999999499,0.100000000271,0.099999999666
0.100000000067,0.099999999938,0.099999999975,0.099999999921,0.099999999951,0.099999999969,0.100000000021,0.100000000140,0.099999999924,0.100000000094
0.099999999985,0.100000000014,0.100000000006,0.100000000018,0.100000000011,0.100000000007,0.099999999995,0.099999999968,0.100000000017,0.099999999978
0.099999999965,0.100000000033,0.100000000013,0.100000000040,0.100000000026,0.100000000016,0.099999999990,0.099999999927,0.100000000038,0.099999999952
0.099999999977,0.100000000021,0.100000000009,0.100000000027,0.100000000017,0.100000000010,0.099999999993,0.099999999952,0.100000000026,0.099999999968
0.099999999764,0.100000000217,0.100000000089,0.100000000278,0.100000000172,0.100000000108,0.099999999927,0.099999999509,0.100000000265,0.099999999672
0.099999999942,0.100000000053,0.100000000022,0.100000000068,0.100000000042,0.100000000026,0.099999999982,0.099999999880,0.100000000065,0.099999999920
0.099999999956,0.100000000042,0.100000000017,0.100000000051,0.100000000034,0.100000000020,0.099999999987,0.099999999906,0.100000000049,0.099999999938
0.099999999962,0.100000000036,0.100000000014,0.100000000045,0.100000000028,0.100000000017,0.099999999989,0.099999999920,0.100000000042,0.099999999947
0.099999999954,0.100000000043,0.100000000017,0.100000000053,0.100000000035,0.100000000021,0.099999999987,0.099999999903,0.100000000051,0.099999999936
0.100000000023,0.099999999979,0.099999999991,0.099999999972,0.099999999983,0.099999999989,0.100000000008,0.100000000048,0.099999999973,0.100000000032
0.100000000000,0.100000000000,0.100000000000,0.099999999999,0.100000000000,0.100000000000,0.100000000000,0.100000000001,0.099999999999,0.100000000001
0.099999999962,0.100000000035,0.100000000014,0.100000000044,0.100000000028,0.100000000017,0.099999999989,0.099999999921,0.100000000042,0.099999999947
0.100000000179,0.099999999834,0.099999999932,0.099999999789,0.099999999869,0.099999999918,0.100000000055,0.100000000375,0.099999999799,0.100000000250
0.100000000137,0.099999999874,0.099999999948,0.099999999838,0.099999999900,0.099999999937,0.100000000043,0.100000000286,0.099999999846,0.100000000191
0.100000000209,0.099999999807,0.099999999921,0.099999999754,0.099999999847,0.099999999904,0.100000000065,0.100000000437,0.099999999765,0.100000000291
0.099999999947,0.100000000048,0.100000000020,0.100000000062,0.100000000038,0.100000000024,0.099999999984,0.099999999890,0.100000000059,0.099999999927
0.099999999912,0.100000000081,0.100000000033,0.100000000104,0.100000000064,0.100000000040,0.099999999973,0.099999999816,0.100000000099,0.099999999877
0.099999999891,0.100000000101,0.100000000041,0.100000000129,0.100000000080,0.100000000050,0.099999999966,0.099999999772,0.100000000123,0.099999999848
0.099999999830,0.100000000157,0.100000000064,0.100000000200,0.100000000124,0.100000000078,0.099999999947,0.099999999646,0.100000000191,0.099999999764
0.099999999867,0.100000000123,0.100000000050,0.100000000157,0.100000000097,0.100000000061,0.099999999959,0.099999999722,0.100000000150,0.099999999815
0.100000000146,0.099999999866,0.099999999945,0.099999999829,0.099999999894,0.099999999933,0.100000000045,0.100000000304,0.099999999836,0.100000000203
0.099999999868,0.100000000122,0.100000000050,0.100000000156,0.100000000096,0.100000000060,0.099999999959,0.099999999725,0.100000000149,0.099999999816
0.099999999804,0.100000000180,0.100000000074,0.100000000231,0.100000000143,0.100000000090,0.099999999939,0.099999999591,0.100000000220,0.099999999728
0.100000000202,0.099999999814,0.099999999924,0.099999999762,0.099999999852,0.099999999908,0.100000000062,0.100000000422,0.099999999773,0.100000000281
0.099999999823,0.100000000163,0.100000000067,0.100000000209,0.100000000129,0.100000000081,0.099999999945,0.099999999631,0.100000000199,0.099999999754
0.099999999860,0.100000000129,0.100000000052,0.100000000164,0.100000000102,0.100000000064,0.099999999957,0.099999999709,0.100000000157,0.099999999806
0.099999999958,0.100000000040,0.100000000016,0.100000000049,0.100000000032,0.100000000019,0.099999999987,0.099999999911,0.100000000047,0.099999999941
0.099999999903,0.100000000089,0.100000000037,0.100000000114,0.100000000071,0.100000000044,0.099999999970,0.099999999798,0.100000000109,0.099999999865
0.099999999972,0.100000000025,0.100000000010,0.100000000032,0.100000000020,0.100000000013,0.099999999992,0.099999999942,0.100000000031,0.099999999962
0.099999999864,0.100000000126,0.100000000051,0.100000000159,0.100000000100,0.100000000062,0.099999999958,0.099999999716,0.100000000152,0.099999999811
0.099999999941,0.100000000055,0.100000000022,0.100000000069,0.100000000044,0.100000000027,0.099999999982,0.099999999876,0.100000000066,0.099999999918
0.099999999982,0.100000000017,0.100000000007,0.100000000021,0.100000000014,0.100000000008,0.099999999995,0.099999999962,0.100000000020,0.099999999975
0.099999999932,0.100000000063,0.100000000025,0.100000000079,0.100000000050,0.100000000031,0.099999999980,0.099999999858,0.100000000076,0.099999999906
0.099999999957,0.100000000040,0.100000000016,0.100000000051,0.100000000032,0.100000000020,0.099999999987,0.099999999909,0.100000000049,0.099999999940
0.099999999907,0.100000000086,0.100000000035,0.100000000109,0.100000000068,0.100000000042,0.099999999972,0.099999999806,0.100000000104,0.099999999871
0.100000000104,0.099999999905,0.099999999961,0.099999999877,0.099999999925,0.099999999952,0.100000000032,0.100000000216,0.099999999883,0.100000000144
0.099999999883,0.100000000108,0.100000000044,0.100000000137,0.100000000085,0.100000000053,0.099999999964,0.099999999757,0.100000000131,0.099999999838
0.099999999987,0.100000000013,0.100000000005,0.100000000015,0.100000000010,0.100000000006,0.099999999996,0.099999999971,0.100000000015,0.099999999981
0.099999999960,0.100000000037,0.100000000015,0.100000000047,0.100000000030,0.100000000018,0.099999999988,0.099999999916,0.100000000045,0.099999999944
0.099999999904,0.100000000089,0.100000000036,0.100000000113,0.100000000070,0.100000000044,0.099999999970,0.099999999799,0.100000000108,0.099999999866
0.100000000064,0.099999999941,0.099999999976,0.099999999925,0.099999999953,0.099999999971,0.100000000020,0.100000000133,0.099999999928,0.100000000089
0.099999999823,0.100000000163,0.100000000067,0.100000000209,0.100000000129,0.100000000081,0.099999999945,0.099999999630,0.100000000199,0.099999999754
0.099999999977,0.100000000021,0.100000000009,0.100000000027,0.100000000017,0.100000000010,0.099999999993,0.099999999952,0.100000000025,0.099999999968
0.099999999815,0.100000000170,0.100000000069,0.100000000218,0.100000000135,0.100000000084,0.099999999943,0.099999999615,0.100000000208,0.099999999743
0.099999999788,0.100000000195,0.100000000080,0.100000000250,0.100000000154,0.100000000097,0.099999999934,0.099999999559,0.100000000238,0.099999999706
0.099999999749,0.100000000231,0.100000000094,0.100000000296,0.100000000183,0.100000000115,0.099999999922,0.099999999476,0.100000000283,0.099999999651
0.099999999765,0.100000000216,0.100000000088,0.100000000277,0.100000000171,0.100000000107,0.099999999927,0.099999999510,0.100000000264,0.099999999673
0.100000000042,0.099999999962,0.099999999984,0.099999999951,0.099999999970,0.099999999981,0.100000000013,0.100000000087,0.099999999953,0.100000000058
0.099999999746,0.100000000234,0.100000000096,0.100000000300,0.100000000185,0.100000000116,0.099999999921,0.099999999470,0.100000000286,0.099999999646
0.100000000092,0.099999999915,0.099999999965,0.099999999892,0.099999999933,0.099999999958,0.100000000029,0.100000000192,0.099999999896,0.100000000128
0.100000000062,0.099999999942,0.099999999977,0.099999999927,0.099999999954,0.099999999972,0.100000000019,0.100000000130,0.099999999930,0.100000000087
0.099999999788,0.100000000195,0.100000000080,0.100000000250,0.100000000155,0.100000000097,0.099999999934,0.099999999558,0.100000000239,0.099999999705
0.100000000089,0.099999999918,0.099999999967,0.099999999895,0.099999999935,0.099999999959,0.100000000028,0.100000000186,0.099999999900,0.100000000124
0.100000000143,0.099999999869,0.099999999946,0.099999999832,0.099999999896,0.099999999935,0.100000000044,0.100000000297,0.099999999840,0.100000000198
0.099999999904,0.100000000089,0.100000000036,0.100000000113,0.100000000070,0.100000000044,0.099999999970,0.099999999799,0.100000000108,0.099999999866
0.100000000078,0.099999999928,0.099999999971,0.099999999909,0.099999999943,0.099999999965,0.100000000024,0.100000000162,0.099999999913,0.100000000108
0.100000000122,0.099999999887,0.099999999954,0.099999999856,0.099999999911,0.099999999944,0.100000000038,0.100000000255,0.099999999863,0.100000000170
0.099999999989,0.100000000011,0.100000000004,0.100000000013,0.100000000009,0.100000000005,0.099999999997,0.099999999975,0.100000000012,0.099999999984
0.099999999882,0.100000000108,0.100000000044,0.100000000139,0.100000000086,0.100000000054,0.099999999963,0.099999999754,0.100000000133,0.099999999836
0.100000000097,0.099999999911,0.099999999964,0.099999999886,0.099999999929,0.099999999956,0.100000000030,0.100000000201,0.099999999891,0.100000000134
0.099999999869,0.100000000121,0.100000000049,0.100000000154,0.100000000096,0.100000000060,0.099999999960,0.099999999725,0.100000000147,0.099999999817
0.099999999935,0.100000000060,0.100000000024,0.100000000076,0.100000000047,0.100000000030,0.099999999980,0.099999999865,0.100000000073,0.099999999910
0.099999999802,0.100000000183,0.100000000074,0.100000000233,0.100000000144,0.100000000090,0.099999999939,0.099999999587,0.100000000223,0.099999999725
0.100000000161,0.099999999852,0.099999999940,0.099999999811,0.099999999883,0.099999999927,0.100000000050,0.100000000335,0.099999999819,0.100000000223
0.100000000107,0.099999999902,0.099999999960,0.099999999874,0.099999999922,0.099999999951,0.100000000033,0.100000000223,0.099999999880,0.100000000148
0.099999999876,0.100000000114,0.100000000046,0.100000000145,0.100000000090,0.100000000056,0.099999999962,0.099999999742,0.100000000139,0.099999999828
0.099999999970,0.100000000028,0.100000000011,0.100000000035,0.100000000023,0.100000000014,0.099999999991,0.099999999936,0.100000000033,0.099999999958
0.100000000062,0.099999999943,0.099999999977,0.099999999927,0.099999999955,0.099999999972,0.100000000019,0.100000000129,0.099999999931,0.100000000086
0.100000000132,0.099999999878,0.099999999950,0.099999999844,0.099999999903,0.099999999940,0.100000000041,0.100000000276,0.099999999851,0.100000000184
0.099999999994,0.100000000006,0.100000000003,0.100000000007,0.100000000005,0.100000000003,0.099999999999,0.099999999986,0.100000000007,0.099999999991
0.100000000099,0.099999999909,0.099999999963,0.099999999884,0.099999999928,0.099999999955,0.100000000031,0.100000000206,0.099999999889,0.100000000137
0.100000000129,0.099999999881,0.099999999951,0.099999999848,0.099999999906,0.099999999941,0.100000000040,0.100000000270,0.099999999855,0.100000000180
0.100000000253,0.099999999767,0.099999999905,0.099999999703,0.099999999815,0.099999999885,0.100000000078,0.100000000527,0.099999999716,0.100000000351
0.100000000152,0.099999999860,0.099999999943,0.099999999821,0.099999999889,0.099999999931,0.100000000047,0.100000000317,0.099999999829,0.100000000211
0.099999999936,0.100000000059,0.100000000024,0.100000000075,0.100000000047,0.100000000029,0.099999999980,0.099999999867,0.100000000072,0.099999999911
0.100000000083,0.099999999924,0.099999999969,0.099999999903,0.099999999940,0.099999999962,0.100000000026,0.100000000172,0.099999999907,0.100000000115
0.099999999811,0.100000000174,0.100000000071,0.100000000223,0.100000000138,0.100000000086,0.099999999941,0.099999999606,0.100000000213,0.099999999737
0.099999999852,0.100000000137,0.100000000056,0.100000000175,0.100000000108,0.100000000068,0.099999999954,0.099999999691,0.100000000167,0.099999999794
0.100000000094,0.099999999914,0.099999999965,0.099999999889,0.099999999932,0.099999999957,0.100000000029,0.100000000195,0.099999999894,0.100000000130
0.099999999913,0.100000000080,0.100000000033,0.100000000103,0.100000000064,0.100000000040,0.099999999973,0.099999999818,0.100000000098,0.099999999879
0.099999999839,0.100000000149,0.100000000061,0.100000000190,0.100000000118,0.100000000074,0.099999999950,0.099999999663,0.100000000181,0.099999999776
0.099999999888,0.100000000104,0.100000000042,0.100000000132,0.100000000082,0.100000000051,0.099999999965,0.099999999766,0.100000000126,0.099999999844
0.100000000093,0.099999999914,0.099999999965,0.099999999891,0.099999999932,0.099999999958,0.100000000028,0.100000000194,0.099999999896,0.100000000129
0.099999999931,0.100000000063,0.100000000026,0.100000000081,0.100000000050,0.100000000031,0.099999999979,0.099999999857,0.100000000077,0.099999999905
0.099999999962,0.100000000035,0.100000000014,0.100000000044,0.100000000028,0.100000000017,0.099999999989,0.099999999920,0.100000000042,0.099999999947
0.099999999865,0.100000000124,0.100000000051,0.100000000159,0.100000000099,0.100000000062,0.099999999958,0.099999999718,0.100000000152,0.099999999812
0.099999999846,0.100000000142,0.100000000058,0.100000000182,0.100000000112,0.100000000070,0.099999999952,0.099999999679,0.100000000173,0.099999999786
0.099999999920,0.100000000074,0.100000000030,0.100000000095,0.100000000059,0.100000000037,0.099999999975,0.099999999832,0.100000000091,0.099999999888
0.099999999824,0.100000000162,0.100000000066,0.100000000207,0.100000000129,0.100000000080,0.099999999945,0.099999999633,0.100000000198,0.099999999755
0.099999999873,0.100000000117,0.100000000048,0.100000000150,0.100000000093,0.100000000058,0.099999999961,0.099999999735,0.100000000143,0.099999999823
0.099999999814,0.100000000171,0.100000000070,0.100000000219,0.100000000136,0.100000000085,0.099999999942,0.099999999612,0.100000000210,0.099999999741
0.099999999798,0.100000000186,0.100000000076,0.100000000239,0.100000000148,0.100000000093,0.099999999937,0.099999999578,0.100000000228,0.099999999719
0.099999999834,0.100000000152,0.100000000062,0.100000000195,0.100000000121,0.100000000076,0.099999999949,0.099999999655,0.100000000186,0.099999999770
0.099999999782,0.100000000201,0.100000000082,0.100000000257,0.100000000159,0.100000000100,0.099999999932,0.099999999545,0.100000000245,0.099999999697
0.099999999772,0.100000000209,0.100000000085,0.100000000268,0.100000000166,0.100000000104,0.099999999929,0.099999999526,0.100000000256,0.099999999684
0.099999999819,0.100000000166,0.100000000068,0.100000000213,0.100000000132,0.100000000083,0.099999999944,0.099999999623,0.100000000204,0.099999999748
0.099999999871,0.100000000119,0.100000000049,0.100000000152,0.100000000094,0.100000000059,0.099999999960,0.099999999731,0.100000000145,0.099999999821
0.100000000047,0.099999999957,0.099999999982,0.099999999945,0.099999999966,0.099999999979,0.100000000015,0.100000000097,0.099999999947,0.100000000065
0.099999999827,0.100000000160,0.100000000065,0.100000000204,0.100000000126,0.100000000079,0.099999999946,0.099999999639,0.100000000195,0.099999999759
0.099999999958,0.100000000039,0.100000000016,0.100000000050,0.100000000031,0.100000000019,0.099999999987,0.099999999912,0.100000000048,0.099999999941
0.100000000001,0.099999999999,0.100000000000,0.099999999999,0.099999999999,0.099999999999,0.100000000000,0.100000000002,0.099999999999,0.100000000002
0.100000000038,0.099999999965,0.099999999986,0.099999999955,0.099999999973,0.099999999983,0.100000000012,0.100000000079,0.099999999957,0.100000000053
0.099999999977,0.100000000021,0.100000000009,0.100000000027,0.100000000016,0.100000000010,0.099999999993,0.099999999953,0.100000000025,0.099999999969
0.100000000033,0.099999999969,0.099999999988,0.099999999961,0.099999999976,0.099999999985,0.100000000010,0.100000000069,0.099999999963,0.100000000046
0.100000000048,0.099999999956,0.099999999982,0.099999999944,0.099999999965,0.099999999978,0.100000000015,0.100000000099,0.099999999946,0.100000000066
0.100000000026,0.099999999977,0.099999999990,0.099999999969,0.099999999982,0.099999999988,0.100000000008,0.100000000053,0.099999999971,0.100000000036
0.100000000107,0.099999999901,0.099999999960,0.099999999874,0.099999999922,0.099999999951,0.100000000033,0.100000000224,0.099999999879,0.100000000149
0.099999999953,0.100000000044,0.100000000018,0.100000000056,0.100000000035,0.100000000022,0.099999999985,0.099999999901,0.100000000053,0.099999999934
0.100000000162,0.099999999850,0.099999999939,0.099999999809,0.099999999882,0.099999999926,0.100000000050,0.100000000339,0.099999999817,0.100000000226
0.100000000129,0.099999999881,0.099999999952,0.099999999848,0.099999999906,0.099999999941,0.100000000040,0.100000000269,0.099999999855,0.100000000179
0.100000000097,0.099999999910,0.099999999964,0.099999999886,0.099999999929,0.099999999956,0.100000000030,0.100000000202,0.099999999891,0.100000000135
0.100000000035,0.099999999968,0.099999999987,0.099999999959,0.099999999975,0.099999999984,0.100000000011,0.100000000072,0.099999999961,0.100000000048
0.100000000010,0.099999999991,0.099999999996,0.099999999988,0.099999999993,0.099999999995,0.100000000003,0.100000000021,0.099999999989,0.100000000014
0.100000000132,0.099999999878,0.099999999950,0.099999999844,0.099999999904,0.099999999940,0.100000000041,0.100000000275,0.099999999851,0.100000000184
0.099999999828,0.100000000159,0.100000000065,0.100000000203,0.100000000125,0.100000000079,0.099999999947,0.099999999641,0.100000000193,0.099999999761
0.100000000118,0.099999999891,0.099999999956,0.099999999861,0.099999999914,0.099999999946,0.100000000037,0.100000000246,0.099999999867,0.100000000164
0.100000000048,0.099999999956,0.099999999982,0.099999999943,0.099999999965,0.099999999978,0.100000000015,0.100000000101,0.099999999946,0.100000000067
0.100000000160,0.099999999853,0.099999999940,0.099999999812,0.099999999883,0.099999999927,0.100000000049,0.100000000333,0.099999999821,0.100000000222
0.100000000137,0.099999999874,0.099999999949,0.099999999839,0.099999999900,0.099999999938,0.100000000042,0.100000000285,0.099999999846,0.100000000190
0.100000000173,0.099999999841,0.099999999935,0.099999999797,0.099999999874,0.099999999921,0.100000000053,0.100000000360,0.099999999806,0.100000000240
0.100000000123,0.099999999886,0.099999999954,0.099999999855,0.099999999910,0.099999999944,0.100000000038,0.100000000257,0.099999999861,0.100000000171
0.100000000041,0.099999999962,0.099999999985,0.099999999952,0.099999999970,0.099999999981,0.100000000013,0.100000000085,0.099999999954,0.100000000057
0.100000000074,0.099999999932,0.099999999972,0.099999999913,0.099999999946,0.099999999966,0.100000000023,0.100000000154,0.099999999917,0.100000000103
0.100000000062,0.099999999943,0.099999999977,0.099999999927,0.099999999955,0.099999999972,0.100000000019,0.100000000128,0.099999999931,0.100000000086
0.100000000097,0.099999999910,0.099999999963,0.099999999885,0.099999999929,0.099999999956,0.100000000030,0.100000000203,0.099999999891,0.100000000135
0.100000000048,0.099999999956,0.099999999982,0.099999999944,0.099999999965,0.099999999978,0.100000000015,0.100000000100,0.099999999947,0.100000000066
0.100000000074,0.099999999931,0.099999999972,0.099999999913,0.099999999946,0.099999999966,0.100000000023,0.100000000155,0.099999999917,0.100000000103
0.100000000031,0.099999999971,0.099999999988,0.099999999963,0.099999999977,0.099999999986,0.100000000010,0.100000000065,0.099999999965,0.100000000044
0.100000000200,0.099999999815,0.099999999925,0.099999999764,0.099999999854,0.099999999908,0.100000000062,0.100000000418,0.099999999775,0.100000000279
0.100000000085,0.099999999921,0.099999999968,0.099999999899,0.099999999938,0.099999999961,0.100000000027,0.100000000178,0.099999999904,0.100000000119
0.100000000157,0.099999999855,0.099999999941,0.099999999815,0.099999999885,0.099999999928,0.100000000049,0.100000000327,0.099999999823,0.100000000218
0.100000000045,0.099999999958,0.099999999983,0.099999999947,0.099999999967,0.099999999979,0.100000000014,0.100000000094,0.099999999949,0.100000000063
0.099999999885,0.100000000106,0.100000000043,0.100000000136,0.100000000084,0.100000000053,0.099999999964,0.099999999759,0.100000000130,0.099999999839
0.100000000118,0.099999999891,0.099999999956,0.099999999861,0.099999999914,0.099999999946,0.100000000036,0.100000000247,0.099999999867,0.100000000164
0.100000000132,0.099999999879,0.099999999950,0.099999999845,0.099999999904,0.099999999940,0.100000000041,0.100000000275,0.099999999852,0.100000000183
0.100000000002,0.099999999998,0.099999999999,0.099999999997,0.099999999998,0.099999999999,0.100000000001,0.100000000005,0.099999999997,0.100000000003
0.099999999865,0.100000000124,0.100000000051,0.100000000158,0.100000000098,0.100000000061,0.099999999958,0.099999999719,0.100000000151,0.099999999813
0.100000000068,0.099999999938,0.099999999974,0.099999999920,0.099999999951,0.099999999969,0.100000000021,0.100000000141,0.099999999924,0.100000000094
0.100000000164,0.099999999849,0.099999999938,0.099999999807,0.099999999880,0.099999999925,0.100000000051,0.100000000341,0.099999999816,0.100000000228
0.100000000136,0.099999999874,0.099999999949,0.099999999840,0.099999999901,0.099999999938,0.100000000042,0.100000000284,0.099999999847,0.100000000189
0.100000000079,0.099999999927,0.099999999970,0.099999999907,0.099999999943,0.099999999964,0.100000000024,0.100000000164,0.099999999912,0.100000000109
0.099999999847,0.100000000140,0.100000000057,0.100000000180,0.100000000111,0.100000000070,0.099999999953,0.099999999682,0.100000000172,0.099999999788
0.100000000076,0.099999999930,0.099999999972,0.099999999911,0.099999999945,0.099999999965,0.100000000024,0.100000000158,0.099999999915,0.100000000105
0.099999999877,0.100000000113,0.100000000046,0.100000000144,0.100000000090,0.100000000056,0.099999999962,0.099999999744,0.100000000138,0.099999999829
0.099999999808,0.100000000176,0.100000000072,0.100000000226,0.100000000140,0.100000000088,0.099999999941,0.099999999600,0.100000000215,0.099999999734
0.100000000098,0.099999999910,0.099999999963,0.099999999884,0.099999999928,0.099999999955,0.100000000031,0.100000000205,0.099999999889,0.100000000137
0.100000000052,0.099999999952,0.099999999980,0.099999999938,0.099999999962,0.099999999976,0.100000000016,0.100000000109,0.099999999941,0.100000000073
0.099999999858,0.100000000131,0.100000000053,0.100000000167,0.100000000103,0.100000000065,0.099999999956,0.099999999705,0.100000000159,0.099999999803
0.100000000143,0.099999999868,0.099999999946,0.099999999832,0.099999999896,0.099999999935,0.100000000044,0.100000000298,0.099999999840,0.100000000198
0.100000000053,0.099999999951,0.099999999980,0.099999999937,0.099999999961,0.099999999976,0.100000000016,0.100000000111,0.099999999940,0.100000000074
0.100000000150,0.099999999862,0.099999999944,0.099999999823,0.099999999891,0.099999999932,0.100000000047,0.100000000312,0.099999999831,0.100000000208
0.100000000281,0.099999999741,0.099999999894,0.099999999670,0.099999999795,0.099999999872,0.100000000087,0.100000000585,0.099999999685,0.100000000390
0.099999999855,0.100000000133,0.100000000055,0.100000000171,0.100000000106,0.100000000066,0.099999999955,0.099999999698,0.100000000163,0.099999999798
0.099999999675,0.100000000307,0.100000000123,0.100000000379,0.100000000244,0.100000000148,0.099999999904,0.099999999313,0.100000000361,0.099999999547
0.099999999925,0.100000000070,0.100000000028,0.100000000088,0.100000000055,0.100000000034,0.099999999977,0.099999999843,0.100000000084,0.099999999895
0.100000000117,0.099999999892,0.099999999956,0.099999999862,0.099999999914,0.099999999947,0.100000000036,0.100000000244,0.099999999869,0.100000000163
0.100000000185,0.099999999829,0.099999999930,0.099999999782,0.099999999865,0.099999999915,0.100000000057,0.100000000386,0.099999999792,0.100000000257
0.100000000142,0.099999999869,0.099999999947,0.099999999833,0.099999999896,0.099999999935,0.100000000044,0.100000000296,0.099999999841,0.100000000197
0.099999999906,0.100000000087,0.100000000035,0.100000000111,0.100000000069,0.100000000043,0.099999999971,0.099999999803,0.100000000106,0.099999999869
0.099999999936,0.100000000059,0.100000000024,0.100000000075,0.100000000047,0.100000000029,0.099999999980,0.099999999867,0.100000000072,0.099999999911
0.099999999758,0.100000000222,0.100000000091,0.100000000284,0.100000000176,0.100000000110,0.099999999925,0.099999999497,0.100000000272,0.099999999664
0.099999999855,0.100000000133,0.100000000055,0.100000000171,0.100000000106,0.100000000066,0.099999999955,0.099999999698,0.100000000163,0.099999999798
0.099999999897,0.100000000094,0.100000000039,0.100000000121,0.100000000075,0.100000000047,0.099999999968,0.099999999786,0.100000000116,0.099999999857
0.099999999766,0.100000000215,0.100000000088,0.100000000276,0.100000000171,0.100000000107,0.099999999927,0.099999999512,0.100000000263,0.099999999675
0.099999999903,0.100000000089,0.100000000036,0.100000000115,0.100000000070,0.100000000044,0.099999999970,0.099999999798,0.100000000109,0.099999999865
0.100000000019,0.099999999983,0.099999999993,0.099999999978,0.099999999986,0.099999999991,0.100000000006,0.100000000039,0.099999999979,0.100000000026
0.099999999997,0.100000000002,0.100000000001,0.100000000003,0.100000000002,0.100000000001,0.099999999999,0.099999999995,0.100000000003,0.099999999996
0.099999999789,0.100000000194,0.100000000079,0.100000000248,0.100000000154,0.100000000096,0.099999999935,0.099999999561,0.100000000237,0.099999999707
0.099999999911,0.100000000082,0.100000000033,0.100000000104,0.100000000065,0.100000000040,0.099999999973,0.099999999815,0.100000000100,0.099999999877
0.099999999878,0.100000000112,0.100000000046,0.100000000144,0.100000000089,0.100000000056,0.099999999962,0.099999999746,0.100000000137,0.099999999830
0.099999999840,0.100000000147,0.100000000060,0.100000000189,0.100000000117,0.100000000073,0.099999999950,0.099999999667,0.100000000180,0.099999999778
0.099999999841,0.100000000146,0.100000000060,0.100000000187,0.100000000116,0.100000000073,0.099999999951,0.099999999669,0.100000000179,0.099999999779
0.099999999990,0.100000000009,0.100000000004,0.100000000011,0.100000000007,0.100000000004,0.099999999997,0.099999999980,0.100000000011,0.099999999987
0.099999999950,0.100000000046,0.100000000019,0.100000000059,0.100000000037,0.100000000023,0.099999999985,0.099999999895,0.100000000056,0.099999999930
0.099999999963,0.100000000034,0.100000000014,0.100000000043,0.100000000027,0.100000000017,0.099999999989,0.099999999923,0.100000000041,0.099999999949
0.099999999852,0.100000000136,0.100000000055,0.100000000174,0.100000000108,0.100000000067,0.099999999954,0.099999999692,0.100000000166,0.099999999795
0.099999999953,0.100000000044,0.100000000018,0.100000000056,0.100000000035,0.100000000022,0.099999999986,0.099999999901,0.100000000053,0.099999999934
0.100000000022,0.099999999979,0.099999999992,0.099999999974,0.099999999984,0.099999999990,0.100000000007,0.100000000047,0.099999999975,0.100000000031
0.100000000003,0.099999999997,0.099999999999,0.099999999996,0.099999999998,0.099999999998,0.100000000001,0.100000000007,0.099999999996,0.100000000005
0.099999999915,0.100000000079,0.100000000032,0.100000000101,0.100000000062,0.100000000039,0.099999999974,0.099999999822,0.100000000096,0.099999999881
0.099999999907,0.100000000086,0.100000000035,0.100000000110,0.100000000068,0.100000000043,0.099999999971,0.099999999805,0.100000000105,0.099999999870
0.099999999933,0.100000000062,0.100000000025,0.100000000079,0.100000000049,0.100000000031,0.099999999979,0.099999999860,0.100000000076,0.099999999907
0.099999999778,0.100000000204,0.100000000083,0.100000000261,0.100000000161,0.100000000101,0.099999999931,0.099999999538,0.100000000249,0.099999999692
0.099999999805,0.100000000179,0.100000000073,0.100000000229,0.100000000142,0.100000000089,0.099999999940,0.099999999594,0.100000000219,0.099999999729
0.099999999883,0.100000000108,0.100000000044,0.100000000138,0.100000000086,0.100000000054,0.099999999964,0.099999999755,0.100000000132,0.099999999837
