0.176711,0.038406,0.029614,0.108857,0.035865,0.044840,0.176722,0.035878,0.308557,0.044549
0.071786,0.006254,0.005674,0.767939,0.006384,0.007670,0.071776,0.005730,0.049165,0.007622
0.272551,0.020889,0.016495,0.242942,0.021959,0.025256,0.272527,0.017566,0.084785,0.025030
0.072200,0.251096,0.070300,0.065030,0.080065,0.107334,0.072201,0.111078,0.062373,0.108325
0.072200,0.251096,0.070300,0.065030,0.080065,0.107334,0.072201,0.111078,0.062373,0.108325
0.011845,0.316487,0.004695,0.005038,0.148803,0.172633,0.011845,0.143073,0.005347,0.180233
0.014311,0.171047,0.007761,0.007396,0.228036,0.188724,0.014312,0.171986,0.007261,0.189166
0.100000,0.100000,0.100000,0.100000,0.100000,0.100000,0.100000,0.100000,0.100000,0.100000
0.024967,0.186859,0.013220,0.012384,0.045504,0.199520,0.024969,0.275769,0.011151,0.205655
0.100000,0.100000,0.100000,0.100000,0.100000,0.100000,0.100000,0.100000,0.100000,0.100000
0.015811,0.191737,0.007110,0.009095,0.240756,0.170937,0.015811,0.162790,0.008811,0.177142
0.100000,0.100000,0.100000,0.100000,0.100000,0.100000,0.100000,0.100000,0.100000,0.100000
0.178943,0.046779,0.069862,0.201682,0.043939,0.054577,0.178945,0.041422,0.129735,0.054117
0.271105,0.015163,0.009127,0.234541,0.012358,0.018638,0.271080,0.011798,0.137818,0.018373
0.021359,0.248634,0.018049,0.017574,0.079917,0.146908,0.021359,0.278910,0.017195,0.150094
0.077724,0.052979,0.017943,0.044047,0.533416,0.061985,0.077728,0.040364,0.031894,0.061919
0.033062,0.069753,0.017221,0.021554,0.586535,0.088462,0.033063,0.043394,0.020569,0.086387
0.273060,0.028492,0.102739,0.091914,0.022958,0.030667,0.273086,0.020604,0.126145,0.030335
0.009288,0.271949,0.004583,0.004898,0.062770,0.202784,0.009289,0.219175,0.004534,0.210730
0.412519,0.015028,0.003319,0.084861,0.008658,0.017835,0.412510,0.009224,0.018511,0.017534
0.101784,0.089188,0.156473,0.087434,0.082733,0.097440,0.101784,0.081991,0.104389,0.096784
0.259694,0.051542,0.034117,0.134547,0.044888,0.057153,0.259694,0.032699,0.069294,0.056371
0.021017,0.154580,0.016141,0.016587,0.082742,0.178404,0.021018,0.310160,0.016924,0.182428
0.016270,0.137383,0.007271,0.010148,0.049104,0.135243,0.016270,0.478762,0.008974,0.140576
0.029269,0.087319,0.025580,0.026845,0.086010,0.152380,0.029270,0.379053,0.027671,0.156604
0.146859,0.074275,0.048520,0.115810,0.069083,0.093206,0.146858,0.077016,0.135578,0.092795
0.016816,0.182748,0.013132,0.013064,0.076213,0.199523,0.016817,0.263490,0.012735,0.205463
0.193644,0.071914,0.048999,0.077616,0.073475,0.098495,0.193658,0.081000,0.063459,0.097740
0.103726,0.153691,0.036140,0.061267,0.134890,0.124323,0.103728,0.103303,0.054375,0.124557
0.307393,0.037560,0.040968,0.085134,0.033450,0.058836,0.307392,0.035736,0.035448,0.058085
0.112755,0.003393,0.002830,0.700893,0.003721,0.004834,0.112733,0.002841,0.051241,0.004758
0.089059,0.013017,0.011978,0.645556,0.016878,0.015058,0.089040,0.010863,0.093597,0.014954
0.014023,0.147338,0.011444,0.011329,0.076366,0.221312,0.014023,0.264652,0.010820,0.228692
0.329071,0.036109,0.013264,0.112398,0.034005,0.043059,0.329071,0.021568,0.038989,0.042465
0.000002,0.000001,0.999988,0.000001,0.000001,0.000002,0.000002,0.000001,0.000001,0.000002
0.027013,0.160657,0.013486,0.012120,0.056512,0.240287,0.027015,0.208282,0.010190,0.244437
0.025891,0.122366,0.013733,0.014319,0.111705,0.206196,0.025892,0.255183,0.012902,0.211812
0.023451,0.123739,0.009167,0.011123,0.460446,0.135337,0.023451,0.068362,0.008561,0.136364
0.348226,0.010614,0.006493,0.149636,0.009041,0.012528,0.348178,0.007200,0.095730,0.012354
0.073341,0.133914,0.020366,0.025456,0.063979,0.206160,0.073346,0.176172,0.019555,0.207711
0.010421,0.645885,0.004515,0.005566,0.034632,0.117612,0.010421,0.053376,0.004991,0.112581
0.012641,0.012278,0.890162,0.009321,0.010813,0.015094,0.012642,0.012293,0.009730,0.015025
0.170765,0.083959,0.021029,0.045309,0.060418,0.173814,0.170779,0.081866,0.028452,0.163609
0.016470,0.140002,0.005355,0.006879,0.421091,0.152688,0.016471,0.079828,0.006173,0.155043
0.038421,0.130581,0.031007,0.025643,0.097867,0.193447,0.038422,0.223181,0.026700,0.194729
0.016252,0.139489,0.010421,0.011278,0.055543,0.198539,0.016252,0.337276,0.009825,0.205124
0.086464,0.149134,0.027598,0.044452,0.089439,0.191376,0.086467,0.104357,0.034957,0.185754
0.019715,0.090967,0.018693,0.011962,0.083275,0.183463,0.019715,0.373105,0.010719,0.188386
0.157277,0.076455,0.027544,0.177679,0.061196,0.088372,0.157266,0.062520,0.103362,0.088328
0.009602,0.077526,0.005623,0.004934,0.087109,0.154503,0.009603,0.486467,0.004021,0.160613
0.009445,0.105096,0.003272,0.004077,0.080688,0.209793,0.009446,0.359550,0.003469,0.215165
0.266868,0.048093,0.022107,0.095484,0.044232,0.063831,0.266881,0.036246,0.093334,0.062924
0.071320,0.028944,0.007904,0.048966,0.272467,0.031368,0.071318,0.016355,0.420080,0.031278
0.109489,0.125270,0.051877,0.066282,0.104916,0.132686,0.109492,0.086520,0.082779,0.130689
0.037773,0.119949,0.031520,0.031516,0.124934,0.199454,0.037773,0.188939,0.026798,0.201344
0.043392,0.176143,0.017257,0.023038,0.075883,0.216787,0.043396,0.162102,0.024265,0.217738
0.020810,0.130506,0.010640,0.010678,0.047459,0.183342,0.020811,0.377889,0.009160,0.188707
0.112959,0.014549,0.013585,0.098621,0.015080,0.017343,0.112955,0.013522,0.584179,0.017207
0.104172,0.101803,0.089577,0.093694,0.107634,0.110027,0.104173,0.092578,0.086742,0.109599
0.142169,0.075723,0.123193,0.092377,0.071015,0.094980,0.142170,0.066482,0.097904,0.093986
0.240648,0.033542,0.019904,0.229277,0.032485,0.050879,0.240627,0.036377,0.065735,0.050526
0.024596,0.197684,0.009341,0.010903,0.048247,0.295932,0.024598,0.097837,0.008946,0.281915
0.015886,0.093437,0.007287,0.007364,0.040156,0.219125,0.015887,0.368955,0.006327,0.225578
0.073221,0.015477,0.013062,0.662713,0.016764,0.020012,0.073216,0.013440,0.092273,0.019822
0.163534,0.078418,0.054913,0.109271,0.076498,0.092529,0.163532,0.077555,0.091542,0.092206
0.150813,0.079527,0.112318,0.089098,0.064224,0.098474,0.150818,0.070477,0.086975,0.097274
0.275456,0.012590,0.007278,0.294669,0.011654,0.015782,0.275405,0.010423,0.081139,0.015604
0.268964,0.036161,0.020793,0.156378,0.055100,0.051215,0.268935,0.035816,0.055669,0.050969
0.314333,0.020258,0.010957,0.161161,0.017267,0.027064,0.314295,0.018859,0.088976,0.026831
0.288583,0.037830,0.082542,0.075005,0.035898,0.055029,0.288618,0.031450,0.050739,0.054306
0.055168,0.054987,0.476285,0.046593,0.056482,0.078476,0.055168,0.057400,0.041551,0.077888
0.047593,0.146976,0.008937,0.020843,0.350095,0.136629,0.047595,0.087590,0.015860,0.137881
0.259409,0.038795,0.083496,0.130724,0.032507,0.052019,0.259406,0.034256,0.058060,0.051329
0.010529,0.096673,0.005898,0.007050,0.045142,0.158717,0.010529,0.493354,0.006172,0.165936
0.034247,0.156112,0.027335,0.023035,0.074260,0.189649,0.034248,0.249047,0.020822,0.191245
0.024572,0.119294,0.016882,0.015457,0.062811,0.184209,0.024573,0.348200,0.014767,0.189233
0.016768,0.285530,0.012345,0.008672,0.047923,0.204937,0.016769,0.187080,0.008622,0.211355
0.036785,0.197411,0.042088,0.023556,0.080219,0.189468,0.036786,0.183600,0.020244,0.189845
0.017159,0.134616,0.011306,0.011066,0.054189,0.124135,0.017160,0.491425,0.011168,0.127776
0.024698,0.165292,0.014226,0.016526,0.055955,0.141303,0.024699,0.394624,0.016721,0.145956
0.303076,0.031839,0.022777,0.154072,0.027094,0.041597,0.303062,0.027689,0.047690,0.041105
0.029056,0.084894,0.024800,0.015112,0.559739,0.099549,0.029057,0.044874,0.013752,0.099168
0.007496,0.138477,0.012453,0.005162,0.121335,0.194115,0.007496,0.307868,0.004907,0.200691
0.006252,0.047432,0.003924,0.004141,0.049996,0.092643,0.006252,0.690394,0.004023,0.094942
0.329032,0.031749,0.017020,0.105998,0.028766,0.042834,0.329030,0.025073,0.048201,0.042297
0.020067,0.102403,0.006834,0.010902,0.548404,0.116947,0.020067,0.049378,0.009297,0.115701
0.012017,0.131320,0.003019,0.004445,0.477471,0.153667,0.012018,0.048749,0.003820,0.153474
0.024258,0.192573,0.007838,0.009711,0.049175,0.217829,0.024260,0.242517,0.008597,0.223241
0.013247,0.113858,0.006558,0.007366,0.043581,0.154522,0.013247,0.480749,0.006982,0.159891
0.035850,0.205113,0.018384,0.019590,0.066281,0.246954,0.035852,0.110063,0.016982,0.244931
0.029362,0.193607,0.027368,0.023194,0.096400,0.201024,0.029362,0.171643,0.022544,0.205495
0.015571,0.180319,0.012133,0.007300,0.143417,0.254893,0.015572,0.105976,0.007686,0.257135
0.010155,0.069547,0.004815,0.006356,0.035143,0.142303,0.010155,0.567276,0.004797,0.149452
0.044471,0.180731,0.022213,0.026504,0.103831,0.208216,0.044473,0.139183,0.020273,0.210106
0.025509,0.164797,0.017556,0.017322,0.081608,0.230063,0.025510,0.185331,0.016496,0.235809
0.017516,0.166440,0.016373,0.013852,0.073824,0.195976,0.017517,0.281187,0.013485,0.203829
0.005564,0.090853,0.004583,0.004376,0.030852,0.103384,0.005564,0.640693,0.004435,0.109695
0.023247,0.209592,0.016219,0.016917,0.070264,0.178937,0.023247,0.261428,0.016191,0.183959
0.009484,0.128497,0.006339,0.007861,0.048212,0.124275,0.009484,0.525547,0.008827,0.131473
0.004185,0.050554,0.001967,0.002347,0.019195,0.101799,0.004185,0.707076,0.002081,0.106611
0.011748,0.216563,0.003778,0.005356,0.148301,0.237163,0.011748,0.116753,0.005143,0.243448
0.050674,0.156769,0.027580,0.025118,0.136100,0.174876,0.050678,0.173749,0.026428,0.178031
0.038698,0.145922,0.020944,0.021630,0.065107,0.225328,0.038699,0.203692,0.019305,0.220675
0.008206,0.152710,0.002704,0.003634,0.184785,0.249660,0.008207,0.130349,0.003157,0.256587
0.031483,0.147302,0.015586,0.019123,0.065400,0.206861,0.031484,0.261574,0.015289,0.205899
0.048629,0.121063,0.025337,0.024908,0.077102,0.198396,0.048633,0.232197,0.021721,0.202015
0.023777,0.093406,0.015771,0.013713,0.439719,0.141808,0.023777,0.092404,0.012603,0.143021
0.021413,0.151755,0.012200,0.015446,0.065160,0.231020,0.021413,0.245788,0.012423,0.223383
0.035570,0.135294,0.113487,0.021513,0.049682,0.214974,0.035571,0.155290,0.024596,0.214022
0.020320,0.116171,0.011604,0.013154,0.054836,0.202463,0.020320,0.342387,0.011722,0.207024
0.023091,0.121664,0.010658,0.013339,0.064296,0.195187,0.023092,0.335024,0.012568,0.201080
0.072531,0.135783,0.021935,0.038017,0.064360,0.175453,0.072533,0.203996,0.035827,0.179565
0.015521,0.127792,0.007642,0.009768,0.394636,0.169607,0.015522,0.084779,0.008999,0.165733
0.014741,0.115694,0.005131,0.006438,0.042510,0.218550,0.014742,0.349581,0.005629,0.226984
0.158530,0.010865,0.008130,0.336684,0.008874,0.014243,0.158508,0.009403,0.280651,0.014111
0.214159,0.037422,0.032911,0.261086,0.038186,0.053212,0.214136,0.034113,0.062125,0.052650
0.086118,0.009630,0.006037,0.420547,0.010183,0.012528,0.086108,0.007876,0.348568,0.012405
0.025033,0.003046,0.003359,0.667793,0.003001,0.003962,0.025031,0.002944,0.261893,0.003938
0.267317,0.043444,0.051890,0.121754,0.041127,0.053029,0.267323,0.034916,0.066807,0.052393
0.157624,0.017605,0.018603,0.256257,0.017839,0.020931,0.157611,0.014121,0.318684,0.020726
0.027796,0.084298,0.007713,0.015213,0.563197,0.104174,0.027797,0.053372,0.011494,0.104944
0.099879,0.098417,0.105181,0.087400,0.092563,0.112885,0.099881,0.101930,0.089384,0.112480
0.018867,0.216747,0.009919,0.011752,0.054503,0.200331,0.018868,0.251553,0.010637,0.206824
0.039699,0.108438,0.023708,0.025307,0.057272,0.170563,0.039700,0.338084,0.023919,0.173311
0.100000,0.100000,0.100000,0.100000,0.100000,0.100000,0.100000,0.100000,0.100000,0.100000
0.242633,0.053755,0.060254,0.121967,0.039668,0.062328,0.242626,0.036856,0.078072,0.061840
0.238052,0.063910,0.099502,0.098454,0.049814,0.062378,0.238046,0.039593,0.048526,0.061726
0.095961,0.026027,0.016424,0.138027,0.021299,0.024926,0.095951,0.018611,0.537996,0.024778
0.145933,0.055915,0.017587,0.244021,0.063127,0.056073,0.145926,0.025618,0.190189,0.055609
0.304197,0.037286,0.017952,0.148834,0.024152,0.038198,0.304162,0.022566,0.065021,0.037631
0.301539,0.048582,0.026770,0.082675,0.038085,0.061204,0.301567,0.036213,0.043109,0.060256
0.011126,0.074625,0.009522,0.006993,0.030664,0.134209,0.011127,0.573448,0.007986,0.140300
0.024330,0.383682,0.015943,0.009016,0.044072,0.171140,0.024332,0.147308,0.007398,0.172778
0.054695,0.204993,0.029438,0.028305,0.067794,0.221102,0.054697,0.102771,0.024797,0.211408
0.272939,0.062196,0.025637,0.103668,0.050820,0.062582,0.272940,0.038452,0.048774,0.061993
0.071003,0.136606,0.101174,0.025950,0.074576,0.201631,0.071007,0.102022,0.020657,0.195375
0.224338,0.051019,0.129994,0.069379,0.042116,0.084034,0.224351,0.047369,0.044829,0.082571
0.058993,0.151857,0.025422,0.035311,0.096831,0.199912,0.058994,0.142003,0.036118,0.194560
0.184524,0.077823,0.067094,0.034122,0.047513,0.162044,0.184550,0.063213,0.024462,0.154656
0.039221,0.163292,0.035000,0.033605,0.088516,0.211486,0.039222,0.152480,0.033090,0.204087
0.061735,0.199255,0.012391,0.022195,0.054045,0.201051,0.061736,0.170230,0.013038,0.204324
0.016625,0.462517,0.011327,0.009972,0.072102,0.173457,0.016625,0.064185,0.008683,0.164507
0.032153,0.099804,0.009152,0.014064,0.410124,0.156531,0.032155,0.077695,0.011132,0.157189
0.016995,0.098798,0.012963,0.010081,0.036095,0.183728,0.016996,0.425945,0.009562,0.188837
0.025206,0.155519,0.010111,0.011829,0.368428,0.159032,0.025207,0.073462,0.010308,0.160898
0.111713,0.097582,0.029206,0.041472,0.082019,0.200094,0.111722,0.092528,0.043275,0.190389
0.106149,0.107661,0.017203,0.030907,0.064835,0.231879,0.106157,0.095493,0.020593,0.219124
0.060601,0.091965,0.056146,0.042116,0.080312,0.167956,0.060603,0.230728,0.040275,0.169299
0.029201,0.113740,0.026035,0.024887,0.229530,0.165678,0.029201,0.189653,0.024167,0.167909
0.017172,0.147211,0.015477,0.011828,0.509381,0.102218,0.017173,0.064315,0.012117,0.103108
0.044824,0.194099,0.029410,0.030678,0.119603,0.185617,0.044825,0.134294,0.031422,0.185229
0.084774,0.058151,0.024962,0.036163,0.483035,0.075423,0.084779,0.042714,0.035200,0.074800
0.009054,0.088416,0.007429,0.005924,0.047781,0.164273,0.009054,0.492936,0.005164,0.169969
0.339304,0.032909,0.012650,0.058203,0.039237,0.055797,0.339318,0.033872,0.033397,0.055314
0.135851,0.145674,0.022074,0.042689,0.052613,0.173227,0.135864,0.089341,0.028348,0.174319
0.016670,0.154840,0.005318,0.007748,0.298232,0.210240,0.016671,0.080674,0.006985,0.202622
0.054563,0.119860,0.052496,0.043693,0.116083,0.183970,0.054564,0.146163,0.045027,0.183583
0.004214,0.019529,0.002537,0.002805,0.888703,0.027442,0.004214,0.019956,0.002959,0.027641
0.039514,0.214462,0.025142,0.031136,0.152333,0.175702,0.039515,0.117733,0.028874,0.175590
0.005538,0.068001,0.003805,0.003904,0.047924,0.099170,0.005538,0.659925,0.003795,0.102400
0.050442,0.190016,0.013289,0.021454,0.064391,0.214290,0.050444,0.160046,0.017970,0.217659
0.021128,0.116716,0.007615,0.010721,0.417972,0.152384,0.021128,0.089499,0.009887,0.152950
0.012064,0.104243,0.004192,0.006356,0.634459,0.088628,0.012064,0.042540,0.005708,0.089747
0.034208,0.098890,0.024742,0.026848,0.080848,0.200041,0.034209,0.272925,0.024867,0.202421
0.056937,0.119923,0.022059,0.028322,0.114694,0.220082,0.056940,0.138166,0.023904,0.218972
0.044824,0.194099,0.029410,0.030678,0.119603,0.185617,0.044825,0.134294,0.031422,0.185229
0.039693,0.111092,0.036731,0.021733,0.094682,0.229318,0.039695,0.179750,0.019732,0.227573
0.088016,0.008387,0.005340,0.752343,0.006357,0.010512,0.088004,0.006165,0.024508,0.010367
0.194505,0.012609,0.006619,0.479246,0.010529,0.015911,0.194475,0.009086,0.061339,0.015681
0.268906,0.021061,0.011699,0.066675,0.020876,0.026688,0.268947,0.016933,0.271794,0.026422
0.013157,0.155111,0.007472,0.006871,0.048198,0.208927,0.013157,0.329024,0.005849,0.212234
0.001133,0.930771,0.000572,0.000645,0.006021,0.019965,0.001133,0.019415,0.000651,0.019695
0.318558,0.026504,0.008533,0.196206,0.016391,0.031386,0.318511,0.022816,0.029858,0.031236
0.030571,0.102037,0.020034,0.016948,0.067758,0.189276,0.030573,0.335248,0.015189,0.192367
0.034284,0.289941,0.019587,0.025004,0.083557,0.169937,0.034285,0.145434,0.023259,0.174710
0.027191,0.115139,0.009856,0.015046,0.514389,0.108496,0.027192,0.061567,0.011700,0.109423
0.011360,0.316463,0.009090,0.008208,0.057441,0.132554,0.011361,0.310038,0.008301,0.135184
0.032283,0.118842,0.029983,0.024084,0.238453,0.183526,0.032284,0.135053,0.025314,0.180178
0.033201,0.119341,0.007948,0.013223,0.043486,0.207446,0.033203,0.328614,0.012121,0.201417
0.005885,0.069236,0.002965,0.003610,0.747565,0.065315,0.005885,0.029375,0.003251,0.066913
0.042452,0.102073,0.030520,0.020837,0.077804,0.197845,0.042455,0.271187,0.015458,0.199366
0.013633,0.143040,0.007379,0.007934,0.047182,0.160557,0.013633,0.428848,0.007031,0.170762
0.013884,0.113308,0.007578,0.008212,0.098822,0.203817,0.013885,0.322269,0.008227,0.209998
0.017147,0.110063,0.011029,0.012733,0.054961,0.119917,0.017147,0.523289,0.011353,0.122362
0.015370,0.070102,0.009556,0.011026,0.055991,0.122825,0.015371,0.565122,0.009781,0.124855
0.017774,0.080515,0.014843,0.013845,0.056145,0.132413,0.017774,0.519043,0.013198,0.134450
0.055129,0.193594,0.037597,0.039982,0.103256,0.181283,0.055131,0.117342,0.040351,0.176334
0.023931,0.144777,0.015807,0.016621,0.066076,0.196639,0.023932,0.298522,0.014891,0.198805
0.020178,0.158089,0.008497,0.011317,0.290039,0.185229,0.020178,0.108691,0.010859,0.186923
0.034551,0.089980,0.020519,0.019279,0.077486,0.163800,0.034553,0.378569,0.016804,0.164460
0.018056,0.098817,0.010040,0.010453,0.038587,0.137050,0.018057,0.517107,0.009650,0.142183
0.033620,0.119342,0.010723,0.016897,0.134000,0.200612,0.033622,0.230135,0.013819,0.207230
0.002543,0.057796,0.001415,0.001579,0.014904,0.085834,0.002543,0.740699,0.001388,0.091298
0.009288,0.271949,0.004583,0.004898,0.062770,0.202784,0.009289,0.219175,0.004534,0.210730
0.103726,0.153691,0.036140,0.061267,0.134890,0.124323,0.103728,0.103303,0.054375,0.124557
0.017768,0.218455,0.012448,0.011757,0.065383,0.186032,0.017768,0.269266,0.010116,0.191007
0.028388,0.127039,0.017720,0.016563,0.096293,0.273458,0.028390,0.137605,0.015027,0.259517
0.025832,0.128222,0.016588,0.018035,0.074129,0.175169,0.025833,0.336836,0.015980,0.183376
0.029269,0.087319,0.025580,0.026845,0.086010,0.152380,0.029270,0.379053,0.027671,0.156604
0.021017,0.154580,0.016141,0.016587,0.082742,0.178404,0.021018,0.310160,0.016924,0.182428
0.016270,0.137383,0.007271,0.010148,0.049104,0.135243,0.016270,0.478762,0.008974,0.140576
0.071065,0.134687,0.062316,0.039273,0.077657,0.202770,0.071068,0.109946,0.035975,0.195242
0.056860,0.105747,0.099965,0.027559,0.089793,0.214368,0.056863,0.119299,0.023085,0.206461
0.016816,0.182748,0.013132,0.013064,0.076213,0.199523,0.016817,0.263490,0.012735,0.205463
0.061041,0.075746,0.015585,0.029797,0.413749,0.139124,0.061043,0.047366,0.019305,0.137245
0.023441,0.172351,0.007861,0.008651,0.225535,0.211640,0.023443,0.106302,0.006748,0.214029
0.072786,0.125384,0.035096,0.059132,0.117775,0.150399,0.072785,0.171272,0.043299,0.152074
0.013991,0.492829,0.006577,0.008413,0.168191,0.117687,0.013991,0.051918,0.007939,0.118463
0.014023,0.147338,0.011444,0.011329,0.076366,0.221312,0.014023,0.264652,0.010820,0.228692
0.013734,0.165913,0.004461,0.007024,0.039537,0.178871,0.013734,0.387024,0.006107,0.183595
0.016662,0.183937,0.012963,0.013292,0.063316,0.147029,0.016662,0.378829,0.012822,0.154486
0.052986,0.117555,0.029729,0.033731,0.100967,0.233763,0.052988,0.117580,0.026588,0.234112
0.025486,0.260978,0.012456,0.011357,0.123507,0.239202,0.025488,0.066269,0.009630,0.225628
0.005877,0.079196,0.004770,0.004147,0.026248,0.113749,0.005877,0.636594,0.003954,0.119588
0.023451,0.123739,0.009167,0.011123,0.460446,0.135337,0.023451,0.068362,0.008561,0.136364
0.019828,0.199473,0.012425,0.012923,0.050861,0.206506,0.019829,0.264504,0.011595,0.202057
0.025891,0.122366,0.013733,0.014319,0.111705,0.206196,0.025892,0.255183,0.012902,0.211812
0.006299,0.059191,0.004756,0.004313,0.769119,0.049530,0.006300,0.044978,0.004767,0.050746
0.027513,0.133006,0.061244,0.019387,0.063975,0.181009,0.027514,0.283482,0.019122,0.183750
0.006194,0.157429,0.003714,0.004116,0.035038,0.138317,0.006195,0.496728,0.003715,0.148554
0.007159,0.072705,0.004428,0.004038,0.026826,0.157300,0.007159,0.553895,0.003449,0.163043
0.009958,0.179811,0.005577,0.005585,0.266622,0.168061,0.009958,0.175933,0.005312,0.173184
0.073341,0.133914,0.020366,0.025456,0.063979,0.206160,0.073346,0.176172,0.019555,0.207711
0.012551,0.223321,0.034814,0.008528,0.046064,0.198980,0.012552,0.248735,0.008344,0.206111
0.028947,0.140846,0.015967,0.017017,0.087604,0.184188,0.028948,0.292804,0.016086,0.187594
0.014638,0.238032,0.005292,0.006665,0.056402,0.262670,0.014639,0.140592,0.005637,0.255433
0.036387,0.120989,0.027881,0.020822,0.073700,0.245398,0.036388,0.176981,0.019107,0.242347
0.011022,0.073756,0.016188,0.006706,0.031013,0.158811,0.011023,0.521655,0.006821,0.163005
0.020697,0.116584,0.009183,0.010996,0.069019,0.303270,0.020698,0.153088,0.009613,0.286853
0.022464,0.157411,0.020480,0.019534,0.063963,0.162471,0.022464,0.337589,0.019218,0.174406
0.037260,0.338707,0.009565,0.013788,0.064590,0.201690,0.037264,0.085664,0.011607,0.199864
0.061558,0.109655,0.023434,0.031343,0.102473,0.233012,0.061562,0.125812,0.026347,0.224805
0.048484,0.170242,0.026141,0.034413,0.140283,0.182881,0.048485,0.133381,0.031473,0.184216
0.017584,0.159215,0.012848,0.013249,0.061494,0.149384,0.017585,0.397869,0.013170,0.157602
0.015070,0.147845,0.011149,0.011288,0.060415,0.152125,0.015070,0.415667,0.011201,0.160170
0.033727,0.109127,0.018905,0.021195,0.080190,0.187598,0.033729,0.307672,0.019571,0.188284
0.027013,0.160657,0.013486,0.012120,0.056512,0.240287,0.027015,0.208282,0.010190,0.244437
0.008916,0.162746,0.005897,0.006149,0.066124,0.148211,0.008916,0.434813,0.006043,0.152185
0.008216,0.047870,0.004687,0.005603,0.800019,0.040210,0.008216,0.038634,0.005835,0.040709
0.014405,0.150462,0.007474,0.010370,0.294420,0.208460,0.014405,0.085048,0.010456,0.204501
0.074339,0.250920,0.014140,0.027821,0.073057,0.191762,0.074345,0.085770,0.023585,0.184259
0.033062,0.069753,0.017221,0.021554,0.586535,0.088462,0.033063,0.043394,0.020569,0.086387
0.018071,0.229091,0.005537,0.008559,0.124147,0.241023,0.018072,0.107362,0.006635,0.241504
0.029387,0.220815,0.012024,0.014742,0.107273,0.221937,0.029388,0.130372,0.012684,0.221378
0.017248,0.184545,0.012670,0.013082,0.048046,0.125496,0.017249,0.440005,0.012727,0.128933
0.043131,0.171361,0.023497,0.026295,0.091518,0.209204,0.043133,0.163082,0.025147,0.203633
0.022544,0.290934,0.007213,0.011481,0.113907,0.221736,0.022545,0.086277,0.012012,0.211350
0.016835,0.117951,0.008288,0.009630,0.062358,0.141107,0.016836,0.469355,0.012225,0.145415
0.073794,0.170642,0.013813,0.022750,0.186610,0.172826,0.073803,0.094262,0.017642,0.173857
0.018358,0.591338,0.004873,0.007568,0.029557,0.128444,0.018359,0.064875,0.005855,0.130772
0.012169,0.147304,0.004093,0.005300,0.427812,0.155129,0.012170,0.072127,0.005184,0.158714
0.039938,0.211458,0.011148,0.017095,0.063706,0.195606,0.039941,0.205330,0.012912,0.202866
0.011510,0.367150,0.004339,0.005875,0.040695,0.176400,0.011511,0.192796,0.005168,0.184556
0.035146,0.418594,0.009964,0.014074,0.113226,0.147770,0.035149,0.066698,0.010135,0.149244
0.024691,0.123666,0.018599,0.018472,0.063858,0.119692,0.024692,0.458920,0.025102,0.122307
0.020026,0.167534,0.009873,0.012011,0.052804,0.173309,0.020027,0.354553,0.012051,0.177812
0.013538,0.140094,0.102601,0.007783,0.063620,0.278304,0.013538,0.109301,0.007523,0.263698
0.006491,0.176749,0.004110,0.004187,0.198879,0.214464,0.006491,0.158922,0.004015,0.225692
0.021221,0.126305,0.009870,0.011640,0.057191,0.290986,0.021222,0.169038,0.010953,0.281573
0.019356,0.194251,0.012844,0.009959,0.039914,0.274023,0.019357,0.165294,0.009263,0.255738
0.016314,0.555508,0.024474,0.010468,0.044097,0.122761,0.016315,0.077608,0.009881,0.122573
0.023502,0.132433,0.008743,0.011515,0.074396,0.224208,0.023504,0.272122,0.014038,0.215540
0.048799,0.144545,0.021232,0.028333,0.088682,0.201143,0.048802,0.191344,0.022645,0.204476
0.010555,0.054100,0.007690,0.008180,0.077452,0.111755,0.010555,0.597144,0.008011,0.114557
0.142248,0.106857,0.028056,0.082848,0.081421,0.129233,0.142253,0.110157,0.045832,0.131096
0.038906,0.112447,0.026245,0.031703,0.063072,0.154380,0.038907,0.338190,0.034800,0.161349
0.008571,0.055979,0.004672,0.005595,0.061009,0.124755,0.008571,0.595224,0.006575,0.129049
0.053906,0.164541,0.063301,0.034391,0.074374,0.185464,0.053909,0.152523,0.034963,0.182627
0.008768,0.101059,0.006573,0.006574,0.050029,0.170681,0.008768,0.463522,0.006417,0.177608
0.009028,0.376405,0.004005,0.004927,0.162089,0.149439,0.009028,0.125788,0.004330,0.154961
0.027944,0.119387,0.022148,0.023812,0.059328,0.139939,0.027944,0.410006,0.026637,0.142855
0.036611,0.121965,0.016286,0.020282,0.079670,0.192381,0.036613,0.279343,0.018038,0.198810
0.052144,0.099455,0.025385,0.029589,0.300767,0.169889,0.052146,0.077979,0.024371,0.168275
0.002957,0.018660,0.001207,0.001730,0.907177,0.024382,0.002957,0.014950,0.001495,0.024485
0.004273,0.024638,0.002220,0.002393,0.890537,0.026757,0.004273,0.014778,0.003229,0.026902
0.016020,0.098590,0.008497,0.009622,0.053142,0.172689,0.016021,0.437102,0.008413,0.179903
0.027648,0.217838,0.010239,0.014369,0.082171,0.214167,0.027649,0.176186,0.012141,0.217591
0.028891,0.200544,0.028751,0.013460,0.078507,0.235931,0.028893,0.131005,0.016591,0.237428
0.021112,0.132002,0.011053,0.012314,0.070208,0.221757,0.021113,0.276986,0.011590,0.221866
0.024609,0.084132,0.010599,0.011920,0.046795,0.161863,0.024610,0.459227,0.009980,0.166265
0.025435,0.190106,0.007536,0.013478,0.086039,0.241758,0.025436,0.153195,0.009951,0.247066
0.041741,0.228059,0.010595,0.018626,0.095375,0.244697,0.041744,0.070999,0.014736,0.233429
0.106373,0.116526,0.023736,0.033913,0.057348,0.213401,0.106383,0.114169,0.027307,0.200845
0.105381,0.172441,0.021134,0.041019,0.077372,0.153475,0.105389,0.139551,0.030650,0.153587
0.071020,0.117413,0.028829,0.042361,0.119265,0.169348,0.071023,0.175201,0.035094,0.170446
0.091961,0.110634,0.021390,0.046460,0.075538,0.185052,0.091968,0.159228,0.032001,0.185768
0.009172,0.118462,0.005321,0.005734,0.284450,0.202755,0.009173,0.150094,0.005708,0.209131
0.006250,0.054226,0.002887,0.003793,0.020268,0.109636,0.006250,0.679746,0.002977,0.113968
0.006309,0.082427,0.003111,0.003468,0.025262,0.156903,0.006309,0.550441,0.003248,0.162523
0.015846,0.107722,0.010904,0.011491,0.064851,0.138313,0.015847,0.482132,0.011436,0.141459
0.056003,0.110851,0.014426,0.024237,0.088325,0.229663,0.056007,0.165790,0.019988,0.234709
0.014583,0.191680,0.011252,0.010913,0.081029,0.170862,0.014584,0.322407,0.011197,0.171493
0.037278,0.214447,0.025992,0.025116,0.070671,0.183462,0.037279,0.198551,0.026429,0.180774
0.002913,0.949301,0.000940,0.001442,0.005282,0.013783,0.002913,0.008690,0.001181,0.013555
0.023159,0.218869,0.007527,0.010566,0.056703,0.232099,0.023160,0.194283,0.009403,0.224229
0.015969,0.329588,0.007370,0.008251,0.072809,0.206846,0.015969,0.136845,0.006924,0.199429
0.046798,0.139585,0.021261,0.043308,0.128923,0.166713,0.046797,0.205443,0.029686,0.171489
0.015224,0.226013,0.020063,0.007272,0.055683,0.267352,0.015225,0.120690,0.006153,0.266326
0.036222,0.140218,0.029473,0.022946,0.108841,0.260996,0.036223,0.089197,0.022000,0.253884
0.047259,0.150717,0.027221,0.019091,0.081443,0.276883,0.047262,0.064089,0.021994,0.264043
0.015285,0.170943,0.005332,0.008197,0.067408,0.224483,0.015285,0.256861,0.006785,0.229420
0.006268,0.530612,0.003748,0.003706,0.031459,0.118890,0.006268,0.176844,0.003592,0.118613
0.029093,0.243867,0.019660,0.017832,0.070131,0.257345,0.029094,0.076091,0.016601,0.240284
0.046543,0.111576,0.023438,0.028944,0.099618,0.176618,0.046545,0.259998,0.026340,0.180380
0.016369,0.146017,0.007315,0.008636,0.047806,0.251911,0.016369,0.254112,0.007809,0.243656
0.015533,0.097638,0.005203,0.007089,0.385652,0.188713,0.015534,0.088812,0.005916,0.189910
0.005246,0.856627,0.003541,0.003063,0.015869,0.038843,0.005246,0.030301,0.002994,0.038270
0.032809,0.115129,0.027538,0.026845,0.064010,0.171933,0.032810,0.318166,0.034423,0.176337
0.009262,0.133175,0.008228,0.007563,0.249812,0.176642,0.009263,0.214794,0.007914,0.183347
0.021596,0.100471,0.004771,0.009105,0.579776,0.089476,0.021597,0.073965,0.008341,0.090903
0.022947,0.132210,0.014829,0.014720,0.180491,0.245128,0.022948,0.111992,0.008435,0.246301
0.012365,0.069629,0.009165,0.008191,0.037139,0.111337,0.012365,0.616917,0.008792,0.114102
0.018448,0.156689,0.010590,0.008203,0.037854,0.264226,0.018449,0.209263,0.007079,0.269197
0.022464,0.157411,0.020480,0.019534,0.063963,0.162471,0.022464,0.337589,0.019218,0.174406
0.035341,0.155807,0.018572,0.018392,0.099895,0.191337,0.035343,0.237994,0.015901,0.191418
0.021442,0.100724,0.032544,0.015362,0.060130,0.213672,0.021443,0.302790,0.012582,0.219311
0.023807,0.246225,0.003936,0.007317,0.074271,0.232742,0.023809,0.141794,0.006105,0.239994
0.018658,0.257225,0.010104,0.012619,0.193259,0.203249,0.018658,0.075667,0.011812,0.198748
0.028235,0.148469,0.016548,0.018178,0.152937,0.226190,0.028236,0.137920,0.019148,0.224140
0.011359,0.005880,0.003347,0.012074,0.013599,0.006694,0.011359,0.004466,0.924555,0.006667
0.102112,0.102031,0.040091,0.057438,0.088948,0.151309,0.102117,0.124541,0.083684,0.147729
0.260472,0.077712,0.015848,0.058062,0.037576,0.104947,0.260482,0.049445,0.032105,0.103350
0.035843,0.121145,0.025662,0.028539,0.129841,0.193057,0.035844,0.209074,0.025852,0.195144
0.015602,0.084776,0.006069,0.008122,0.039420,0.146719,0.015603,0.523413,0.008365,0.151912
0.024118,0.154368,0.014061,0.015124,0.314469,0.181303,0.024119,0.078552,0.014159,0.179726
0.043867,0.142407,0.032781,0.031061,0.074087,0.178453,0.043868,0.236124,0.035922,0.181431
0.020492,0.122173,0.008179,0.006542,0.587319,0.091233,0.020494,0.044469,0.006395,0.092705
0.014024,0.213184,0.006408,0.008324,0.319343,0.131118,0.014024,0.150276,0.007804,0.135495
0.016470,0.140002,0.005355,0.006879,0.421091,0.152688,0.016471,0.079828,0.006173,0.155043
0.114046,0.021645,0.019332,0.104791,0.022272,0.026735,0.114040,0.017688,0.533042,0.026410
0.045550,0.085389,0.062737,0.020628,0.145402,0.178789,0.045554,0.214584,0.019972,0.181394
0.038421,0.130581,0.031007,0.025643,0.097867,0.193447,0.038422,0.223181,0.026700,0.194729
0.010073,0.081550,0.006755,0.006156,0.027955,0.136632,0.010074,0.572398,0.005992,0.142414
0.060091,0.128010,0.018641,0.027537,0.083268,0.221941,0.060095,0.160625,0.018269,0.221524
0.026920,0.320902,0.014468,0.014024,0.137428,0.187994,0.026921,0.075953,0.013077,0.182314
0.041648,0.149909,0.032482,0.031572,0.098863,0.188063,0.041649,0.193163,0.038949,0.183703
0.010421,0.645885,0.004515,0.005566,0.034632,0.117612,0.010421,0.053376,0.004991,0.112581
0.080665,0.117319,0.063917,0.064343,0.086666,0.147715,0.080667,0.141336,0.069651,0.147721
0.028401,0.172673,0.010848,0.015527,0.123021,0.222299,0.028403,0.160134,0.013684,0.225009
0.042774,0.151299,0.025320,0.031284,0.132429,0.164737,0.042775,0.200620,0.040888,0.167873
0.020841,0.443719,0.005575,0.008839,0.153622,0.136396,0.020842,0.064910,0.008376,0.136881
0.038132,0.155702,0.054630,0.026290,0.077809,0.179354,0.038133,0.220736,0.026221,0.182992
0.047782,0.221149,0.031503,0.027000,0.086190,0.160531,0.047784,0.189538,0.024551,0.163972
0.070874,0.080063,0.022017,0.036926,0.314202,0.156456,0.070875,0.062972,0.031527,0.154087
0.005320,0.107239,0.003896,0.003793,0.234362,0.162579,0.005320,0.303864,0.003961,0.169664
0.004480,0.105534,0.001825,0.002345,0.226686,0.140302,0.004480,0.364949,0.002066,0.147334
0.016335,0.187673,0.006967,0.008755,0.069130,0.203314,0.016336,0.275068,0.007348,0.209076
0.016252,0.139489,0.010421,0.011278,0.055543,0.198539,0.016252,0.337276,0.009825,0.205124
0.010076,0.121368,0.006262,0.007006,0.047378,0.124672,0.010077,0.538975,0.006270,0.127916
0.013808,0.172131,0.006643,0.007035,0.076024,0.274746,0.013809,0.151562,0.006390,0.277853
0.006023,0.057398,0.002178,0.002559,0.737210,0.078911,0.006024,0.030885,0.002402,0.076411
0.048123,0.111988,0.041556,0.032483,0.118972,0.181495,0.048125,0.202022,0.033373,0.181863
0.030665,0.121417,0.016805,0.019648,0.055528,0.156433,0.030666,0.392528,0.018381,0.157927
0.012396,0.081417,0.006665,0.007939,0.068660,0.153504,0.012396,0.493315,0.007137,0.156570
0.008459,0.063730,0.003503,0.004600,0.021743,0.127186,0.008459,0.624582,0.004625,0.133114
0.039768,0.098926,0.018435,0.023494,0.172925,0.191740,0.039769,0.201427,0.020162,0.193353
0.018681,0.074101,0.013578,0.014431,0.058347,0.123881,0.018682,0.539256,0.013766,0.125276
0.025432,0.250022,0.007355,0.010345,0.237970,0.181112,0.025434,0.069125,0.009506,0.183700
0.004857,0.868697,0.001163,0.002036,0.047151,0.028092,0.004858,0.012916,0.001789,0.028441
0.008702,0.071721,0.005205,0.005817,0.047823,0.127735,0.008702,0.588604,0.005177,0.130515
0.012730,0.178053,0.008537,0.006931,0.031605,0.248020,0.012731,0.244758,0.007377,0.249258
0.037917,0.186036,0.015386,0.020867,0.056830,0.185582,0.037919,0.248651,0.018791,0.192020
0.005425,0.045465,0.002770,0.003941,0.759874,0.054159,0.005425,0.063294,0.003834,0.055813
0.082202,0.137907,0.069824,0.050220,0.084031,0.195220,0.082203,0.077796,0.032934,0.187664
0.170765,0.083959,0.021029,0.045309,0.060418,0.173814,0.170779,0.081866,0.028452,0.163609
0.010927,0.041915,0.003359,0.005780,0.763974,0.054437,0.010927,0.048404,0.005231,0.055046
0.043561,0.174920,0.012290,0.019771,0.056258,0.207090,0.043564,0.207766,0.020934,0.213846
0.031001,0.215659,0.008041,0.012947,0.065307,0.266931,0.031002,0.105336,0.010694,0.253082
0.041636,0.115200,0.023570,0.026053,0.072060,0.247400,0.041638,0.168627,0.019215,0.244600
0.004576,0.032198,0.002379,0.003433,0.829481,0.038354,0.004576,0.042509,0.003362,0.039134
0.043392,0.176143,0.017257,0.023038,0.075883,0.216787,0.043396,0.162102,0.024265,0.217738
0.013015,0.125864,0.005136,0.006891,0.446468,0.132593,0.013015,0.113235,0.006807,0.136974
0.025600,0.161749,0.007977,0.012854,0.035241,0.180355,0.025601,0.354337,0.012442,0.183845
0.024534,0.109851,0.018837,0.016992,0.055922,0.139150,0.024534,0.454382,0.013916,0.141883
0.009874,0.116892,0.002395,0.003919,0.256888,0.277310,0.009875,0.064046,0.002966,0.255836
0.028840,0.154037,0.005703,0.019484,0.057079,0.197212,0.028839,0.293783,0.009711,0.205312
0.023441,0.130239,0.010970,0.013903,0.057787,0.173307,0.023442,0.373648,0.013047,0.180217
0.030487,0.119505,0.012226,0.016863,0.321237,0.154402,0.030488,0.144124,0.013787,0.156881
0.059073,0.116270,0.038575,0.045182,0.114464,0.175253,0.059073,0.175052,0.039871,0.177187
0.017908,0.104902,0.011164,0.011249,0.472589,0.127416,0.017909,0.098282,0.012412,0.126168
0.027578,0.285071,0.027634,0.013343,0.099944,0.183164,0.027580,0.136684,0.013086,0.185915
0.017926,0.158602,0.013994,0.013662,0.076957,0.176444,0.017927,0.326327,0.012763,0.185399
0.012632,0.233337,0.004435,0.006424,0.284284,0.130014,0.012633,0.175599,0.006468,0.134174
0.019082,0.101021,0.014558,0.015112,0.072659,0.153118,0.019082,0.430655,0.014419,0.160294
0.075772,0.112945,0.013781,0.031917,0.113013,0.196318,0.075777,0.162249,0.020046,0.198182
0.031793,0.131222,0.024397,0.025458,0.086405,0.151335,0.031793,0.339927,0.023925,0.153745
0.027014,0.181398,0.017311,0.017338,0.055988,0.165077,0.027015,0.326494,0.016564,0.165799
0.006061,0.025839,0.003901,0.004948,0.872166,0.028092,0.006061,0.019368,0.005123,0.028442
0.039664,0.148392,0.031261,0.032442,0.102786,0.186808,0.039665,0.196784,0.031639,0.190559
0.022784,0.200028,0.006794,0.010474,0.129185,0.213278,0.022785,0.164638,0.010315,0.219719
0.086464,0.149134,0.027598,0.044452,0.089439,0.191376,0.086467,0.104357,0.034957,0.185754
0.018988,0.163398,0.010131,0.010940,0.056127,0.251793,0.018989,0.202219,0.010172,0.257243
0.032184,0.150211,0.016562,0.019911,0.080768,0.243829,0.032185,0.161799,0.016749,0.245803
0.092104,0.137641,0.025411,0.034581,0.082522,0.189049,0.092112,0.132112,0.025751,0.188718
0.033883,0.144357,0.110112,0.020826,0.055656,0.208808,0.033884,0.161270,0.021965,0.209239
0.037773,0.119949,0.031520,0.031516,0.124934,0.199454,0.037773,0.188939,0.026798,0.201344
0.033512,0.150489,0.026029,0.025763,0.113792,0.222580,0.033513,0.147014,0.024823,0.222485
0.018173,0.088948,0.016225,0.013960,0.067015,0.147888,0.018174,0.460451,0.014077,0.155090
0.019715,0.090967,0.018693,0.011962,0.083275,0.183463,0.019715,0.373105,0.010719,0.188386
0.020810,0.130506,0.010640,0.010678,0.047459,0.183342,0.020811,0.377889,0.009160,0.188707
0.009445,0.105096,0.003272,0.004077,0.080688,0.209793,0.009446,0.359550,0.003469,0.215165
0.009602,0.077526,0.005623,0.004934,0.087109,0.154503,0.009603,0.486467,0.004021,0.160613
0.038775,0.161671,0.013961,0.018634,0.075259,0.205446,0.038777,0.225853,0.014328,0.207296
0.040883,0.173613,0.021877,0.027145,0.089236,0.174964,0.040884,0.227610,0.024529,0.179257
0.057957,0.139823,0.040500,0.033574,0.068976,0.190768,0.057959,0.186681,0.031561,0.192201
0.047090,0.109638,0.017389,0.026245,0.096013,0.208522,0.047093,0.216264,0.021218,0.210527
0.009758,0.117320,0.006319,0.006685,0.213345,0.207347,0.009758,0.207793,0.005831,0.215842
0.026358,0.156022,0.015405,0.018139,0.101360,0.206443,0.026359,0.229337,0.017869,0.202708
0.027982,0.155947,0.028722,0.013604,0.068639,0.174531,0.027984,0.311609,0.010914,0.180069
0.087810,0.107357,0.030128,0.046652,0.088197,0.175711,0.087814,0.162263,0.039405,0.174663
0.004978,0.178975,0.001632,0.002307,0.171927,0.185989,0.004978,0.253768,0.002132,0.193314
0.014713,0.084411,0.008032,0.008133,0.045279,0.212087,0.014713,0.394608,0.007419,0.210605
0.045391,0.143410,0.032418,0.032376,0.113253,0.196109,0.045392,0.165076,0.029481,0.197094
0.025042,0.106103,0.007801,0.012925,0.302751,0.149481,0.025044,0.208850,0.009600,0.152403
0.062294,0.192842,0.019328,0.032020,0.132554,0.193599,0.062297,0.091151,0.025134,0.188782
0.038314,0.143912,0.033104,0.029548,0.104403,0.224093,0.038315,0.136797,0.024070,0.227444
0.009980,0.074212,0.003043,0.004754,0.690636,0.073395,0.009980,0.054522,0.004778,0.074700
0.004210,0.880383,0.002334,0.002982,0.012518,0.029106,0.004210,0.031876,0.002706,0.029674
0.057064,0.157023,0.014813,0.024261,0.090554,0.216293,0.057067,0.140322,0.023277,0.219326
0.023638,0.194878,0.010445,0.012622,0.098920,0.225250,0.023639,0.168975,0.010602,0.231030
0.165454,0.078010,0.037745,0.060813,0.115708,0.124504,0.165471,0.074734,0.054303,0.123259
0.051023,0.084572,0.009728,0.018592,0.557292,0.089059,0.051026,0.034921,0.015266,0.088520
0.008001,0.096254,0.005293,0.005808,0.050848,0.180937,0.008001,0.447622,0.005322,0.191914
0.008047,0.082821,0.002798,0.003899,0.709145,0.066562,0.008047,0.046511,0.004374,0.067796
0.030687,0.122721,0.016997,0.018466,0.106535,0.252746,0.030688,0.146421,0.016473,0.258265
0.054398,0.117762,0.025390,0.036120,0.104425,0.221374,0.054400,0.131820,0.031304,0.223006
0.045776,0.118656,0.025751,0.031922,0.102520,0.227773,0.045776,0.143706,0.028211,0.229909
0.077797,0.107596,0.049057,0.054370,0.107006,0.153476,0.077798,0.172808,0.044816,0.155277
0.043442,0.115600,0.023180,0.032402,0.103746,0.234478,0.043443,0.138196,0.027900,0.237613
0.003622,0.099021,0.002073,0.002273,0.043704,0.138945,0.003622,0.557179,0.001977,0.147584
0.101969,0.093211,0.037046,0.052281,0.097281,0.166765,0.101976,0.138755,0.044754,0.165962
0.021581,0.111216,0.007768,0.010951,0.173403,0.217188,0.021583,0.206970,0.009398,0.219942
0.002822,0.031526,0.001444,0.001859,0.896688,0.024947,0.002822,0.011368,0.001780,0.024745
0.077287,0.111373,0.037973,0.046240,0.112093,0.167884,0.077291,0.161357,0.041559,0.166943
0.002265,0.921876,0.000517,0.001080,0.018725,0.019580,0.002265,0.012813,0.000813,0.020067
0.010257,0.068353,0.006023,0.006958,0.048340,0.127976,0.010257,0.582569,0.006050,0.133218
0.024652,0.123781,0.018170,0.019293,0.090249,0.134275,0.024652,0.408175,0.020208,0.136546
0.012323,0.110488,0.006350,0.007659,0.385533,0.140358,0.012323,0.172799,0.006971,0.145196
0.025973,0.085469,0.015738,0.017038,0.063088,0.149189,0.025974,0.445446,0.015995,0.156091
0.021994,0.078523,0.013313,0.015398,0.068581,0.121379,0.021994,0.521878,0.013876,0.123063
0.003884,0.050479,0.002711,0.002841,0.035067,0.089783,0.003885,0.713329,0.002666,0.095355
0.001105,0.011005,0.000625,0.000756,0.951688,0.011916,0.001105,0.008836,0.000701,0.012264
0.001458,0.027312,0.000459,0.000705,0.922540,0.017424,0.001458,0.010206,0.000611,0.017827
0.004451,0.041655,0.002683,0.002952,0.030717,0.081406,0.004451,0.742297,0.002737,0.086651
0.013779,0.094560,0.006797,0.009725,0.626136,0.081337,0.013779,0.062410,0.007945,0.083532
0.002054,0.044347,0.000838,0.000975,0.813836,0.051628,0.002054,0.029658,0.001010,0.053600
0.019964,0.119565,0.012535,0.014993,0.060357,0.140062,0.019964,0.454355,0.014811,0.143395
0.005213,0.020429,0.001335,0.002147,0.878431,0.037516,0.005213,0.011965,0.001821,0.035930
0.024596,0.197684,0.009341,0.010903,0.048247,0.295932,0.024598,0.097837,0.008946,0.281915
0.015024,0.107961,0.011573,0.010856,0.043489,0.173858,0.015025,0.431030,0.010891,0.180292
0.050643,0.113900,0.030537,0.032727,0.100052,0.203438,0.050644,0.185333,0.029085,0.203642
0.007356,0.033945,0.003937,0.005156,0.827850,0.037802,0.007356,0.033470,0.004938,0.038191
0.011093,0.082952,0.004057,0.005977,0.461617,0.134075,0.011094,0.145257,0.005329,0.138549
0.015886,0.093437,0.007287,0.007364,0.040156,0.219125,0.015887,0.368955,0.006327,0.225578
0.044159,0.130716,0.029968,0.023159,0.082493,0.214646,0.044162,0.190845,0.021690,0.218160
0.029994,0.142347,0.024682,0.014716,0.096464,0.239545,0.029995,0.165532,0.013104,0.243621
0.015162,0.074035,0.005975,0.007704,0.470769,0.136449,0.015163,0.129207,0.006397,0.139138
0.012911,0.132901,0.005815,0.008089,0.514031,0.119988,0.012911,0.063100,0.008675,0.121580
0.020392,0.097133,0.016720,0.014062,0.148723,0.211987,0.020393,0.242363,0.013199,0.215030
0.048950,0.119514,0.032441,0.034189,0.111639,0.182458,0.048952,0.206201,0.031738,0.183917
0.121753,0.111265,0.021384,0.039380,0.098251,0.183486,0.121763,0.087716,0.033891,0.181111
0.023597,0.253330,0.051640,0.011932,0.044764,0.201665,0.023598,0.171201,0.011586,0.206687
0.023150,0.225086,0.024107,0.016902,0.079695,0.180458,0.023151,0.224002,0.018978,0.184469
0.101775,0.103549,0.059204,0.052269,0.073113,0.162087,0.101776,0.144402,0.038810,0.163014
0.023313,0.166935,0.022718,0.017118,0.306896,0.164047,0.023314,0.093635,0.016265,0.165759
0.010529,0.096673,0.005898,0.007050,0.045142,0.158717,0.010529,0.493354,0.006172,0.165936
0.007403,0.100122,0.006497,0.005385,0.437631,0.144650,0.007403,0.137094,0.005250,0.148565
0.041136,0.147151,0.017073,0.023926,0.084105,0.173797,0.041138,0.268317,0.022146,0.181210
0.282369,0.036772,0.018075,0.160552,0.034626,0.050256,0.282341,0.031701,0.053643,0.049665
0.027094,0.140878,0.008512,0.013026,0.370815,0.148569,0.027095,0.103050,0.011651,0.149311
0.017292,0.142980,0.013508,0.015563,0.298909,0.165473,0.017293,0.147436,0.012640,0.168905
0.066072,0.128327,0.030038,0.088671,0.091673,0.161386,0.066072,0.160374,0.044245,0.163142
0.009248,0.036931,0.003269,0.004737,0.828463,0.039822,0.009248,0.023996,0.004493,0.039791
0.001838,0.931503,0.000669,0.000858,0.020919,0.017184,0.001838,0.007506,0.000740,0.016946
0.035600,0.207078,0.011170,0.017570,0.270558,0.164483,0.035602,0.077595,0.014573,0.165770
0.035611,0.173393,0.018963,0.023652,0.071866,0.199409,0.035612,0.216758,0.020701,0.204035
0.020072,0.348372,0.006117,0.009195,0.120080,0.183261,0.020073,0.100628,0.007814,0.184389
0.071258,0.109061,0.036835,0.077857,0.088928,0.158397,0.071257,0.169706,0.055951,0.160751
0.014276,0.115141,0.004025,0.005136,0.435632,0.176042,0.014278,0.061016,0.005809,0.168646
0.042136,0.143478,0.015628,0.022131,0.244088,0.179818,0.042138,0.119070,0.017475,0.174038
0.165357,0.117341,0.013741,0.046425,0.074022,0.173033,0.165365,0.052814,0.026154,0.165748
0.029794,0.301791,0.009151,0.014579,0.149865,0.168465,0.029795,0.114289,0.013094,0.169175
0.013323,0.113914,0.005938,0.007675,0.251553,0.205616,0.013324,0.173505,0.007885,0.207268
0.001071,0.944964,0.000428,0.000573,0.014692,0.013068,0.001071,0.010151,0.000466,0.013515
0.010532,0.165870,0.005575,0.006307,0.082343,0.190135,0.010532,0.322123,0.006080,0.200504
0.055360,0.131106,0.015137,0.024295,0.309727,0.147827,0.055362,0.092834,0.019752,0.148600
0.015379,0.123806,0.005602,0.007908,0.571545,0.097053,0.015380,0.056044,0.008223,0.099060
0.059134,0.251443,0.029308,0.020588,0.077273,0.204879,0.059138,0.078133,0.015386,0.204719
0.017159,0.134616,0.011306,0.011066,0.054189,0.124135,0.017160,0.491425,0.011168,0.127776
0.061531,0.411098,0.013835,0.023693,0.048924,0.150411,0.061536,0.064799,0.018058,0.146116
0.016768,0.285530,0.012345,0.008672,0.047923,0.204937,0.016769,0.187080,0.008622,0.211355
0.073940,0.137248,0.013708,0.027222,0.223227,0.160579,0.073946,0.105327,0.021411,0.163393
0.034007,0.141551,0.011970,0.016821,0.351444,0.143289,0.034009,0.104940,0.017663,0.144307
0.024572,0.119294,0.016882,0.015457,0.062811,0.184209,0.024573,0.348200,0.014767,0.189233
0.034247,0.156112,0.027335,0.023035,0.074260,0.189649,0.034248,0.249047,0.020822,0.191245
0.047593,0.146976,0.008937,0.020843,0.350095,0.136629,0.047595,0.087590,0.015860,0.137881
0.068585,0.150268,0.042647,0.031030,0.167627,0.183575,0.068586,0.085221,0.023404,0.179056
0.036785,0.197411,0.042088,0.023556,0.080219,0.189468,0.036786,0.183600,0.020244,0.189845
0.010513,0.094394,0.004184,0.006336,0.426345,0.145336,0.010513,0.148489,0.005169,0.148722
0.012017,0.131320,0.003019,0.004445,0.477471,0.153667,0.012018,0.048749,0.003820,0.153474
0.024698,0.165292,0.014226,0.016526,0.055955,0.141303,0.024699,0.394624,0.016721,0.145956
0.026229,0.146737,0.016273,0.012260,0.278176,0.175187,0.026230,0.129025,0.013006,0.176877
0.021216,0.162603,0.012478,0.014282,0.232695,0.160944,0.021216,0.197898,0.012419,0.164248
0.049015,0.187500,0.015044,0.019894,0.058002,0.230640,0.049019,0.143036,0.015599,0.232250
0.025053,0.208052,0.018576,0.018266,0.224108,0.161654,0.025054,0.135244,0.020018,0.163975
0.005518,0.132867,0.003121,0.003324,0.032255,0.210824,0.005518,0.398637,0.003183,0.204752
0.017547,0.136788,0.010074,0.010544,0.063986,0.213607,0.017548,0.299888,0.010220,0.219798
0.022547,0.116726,0.059625,0.017435,0.054889,0.159485,0.022547,0.363324,0.017014,0.166407
0.029413,0.116195,0.018851,0.022831,0.058651,0.201892,0.029413,0.310323,0.019467,0.192963
0.051129,0.105290,0.007329,0.019449,0.045120,0.159760,0.051130,0.384778,0.013347,0.162668
0.027290,0.304584,0.012218,0.015793,0.086955,0.189785,0.027291,0.132214,0.012545,0.191324
0.024241,0.239768,0.009735,0.011548,0.107192,0.197889,0.024243,0.174824,0.009327,0.201233
0.004042,0.300846,0.002561,0.002735,0.023808,0.126515,0.004042,0.399901,0.002660,0.132890
0.015750,0.114759,0.005645,0.007597,0.055785,0.234143,0.015751,0.306864,0.006285,0.237421
0.029056,0.084894,0.024800,0.015112,0.559739,0.099549,0.029057,0.044874,0.013752,0.099168
0.010938,0.203153,0.005484,0.005827,0.149825,0.225877,0.010939,0.148734,0.005311,0.233912
0.011006,0.101974,0.004289,0.005175,0.077789,0.191377,0.011007,0.395713,0.004390,0.197279
0.061410,0.129136,0.008988,0.031086,0.361479,0.135511,0.061410,0.057113,0.018031,0.135836
0.029708,0.082935,0.008474,0.012222,0.034494,0.151039,0.029710,0.485519,0.010466,0.155434
0.033608,0.171827,0.027456,0.023069,0.090043,0.218078,0.033609,0.168059,0.024343,0.209908
0.007790,0.048721,0.003826,0.004681,0.781198,0.052749,0.007790,0.035303,0.004176,0.053765
0.041984,0.153059,0.020987,0.021545,0.061181,0.216755,0.041986,0.202301,0.020883,0.219320
0.006667,0.183174,0.002584,0.003523,0.022575,0.147729,0.006667,0.470372,0.003368,0.153340
0.011737,0.419846,0.006371,0.007191,0.239526,0.124497,0.011738,0.050796,0.006915,0.121384
0.037424,0.132380,0.010690,0.017714,0.492061,0.104016,0.037426,0.047615,0.018378,0.102298
0.026704,0.231952,0.015333,0.016298,0.076868,0.217870,0.026705,0.165338,0.014226,0.208706
0.066811,0.108575,0.054894,0.047609,0.100330,0.168814,0.066813,0.171035,0.045589,0.169532
0.037747,0.166835,0.024194,0.022202,0.078262,0.197134,0.037748,0.214288,0.020080,0.201509
0.037748,0.151819,0.018901,0.024226,0.151911,0.228597,0.037750,0.101516,0.021328,0.226205
0.042657,0.151897,0.159440,0.024531,0.070305,0.199891,0.042659,0.088084,0.020666,0.199869
0.014555,0.186028,0.010052,0.010657,0.087226,0.231683,0.014555,0.208653,0.011227,0.225364
0.040229,0.175579,0.034420,0.027059,0.093608,0.216359,0.040230,0.132577,0.024876,0.215063
0.010491,0.133942,0.005733,0.006077,0.335895,0.186558,0.010492,0.112881,0.005308,0.192623
0.040229,0.175579,0.034420,0.027059,0.093608,0.216359,0.040230,0.132577,0.024876,0.215063
0.076584,0.175066,0.030872,0.040565,0.131503,0.189928,0.076588,0.067676,0.031793,0.179425
0.006526,0.055651,0.002845,0.003181,0.769655,0.062168,0.006527,0.029854,0.002865,0.060729
0.031859,0.123118,0.015661,0.018088,0.090067,0.243326,0.031861,0.183990,0.016724,0.245306
0.007496,0.138477,0.012453,0.005162,0.121335,0.194115,0.007496,0.307868,0.004907,0.200691
0.026145,0.123529,0.013151,0.018438,0.097311,0.211660,0.026146,0.252425,0.014486,0.216707
0.010305,0.071009,0.005759,0.006260,0.033380,0.144272,0.010305,0.563412,0.005928,0.149371
0.023373,0.143135,0.010735,0.012700,0.392117,0.130581,0.023373,0.118586,0.011930,0.133470
0.019693,0.469009,0.005780,0.008297,0.139843,0.146511,0.019694,0.038435,0.008725,0.144012
0.003391,0.023765,0.002141,0.002298,0.915185,0.018819,0.003391,0.010044,0.002096,0.018870
0.035091,0.409916,0.012877,0.019631,0.060651,0.153453,0.035092,0.101403,0.017777,0.154107
0.015449,0.144758,0.005096,0.013862,0.300723,0.187736,0.015450,0.117877,0.007032,0.192017
0.010523,0.188382,0.003221,0.004341,0.083459,0.230754,0.010524,0.226339,0.003467,0.238990
0.077161,0.130810,0.025226,0.031694,0.138387,0.187125,0.077165,0.123614,0.023315,0.185503
0.028332,0.140162,0.017240,0.019749,0.124434,0.215232,0.028333,0.200846,0.017727,0.207946
0.026506,0.115469,0.038471,0.016437,0.137052,0.225122,0.026507,0.174362,0.014213,0.225863
0.007679,0.034831,0.004734,0.005896,0.827752,0.039649,0.007680,0.025584,0.006071,0.040123
0.008393,0.818080,0.003308,0.003667,0.013807,0.045500,0.008394,0.048991,0.003287,0.046573
0.006252,0.047432,0.003924,0.004141,0.049996,0.092643,0.006252,0.690394,0.004023,0.094942
0.079760,0.122111,0.014539,0.040066,0.101814,0.188267,0.079758,0.160574,0.024855,0.188257
0.040427,0.168274,0.020598,0.026162,0.074366,0.181094,0.040428,0.238154,0.023551,0.186946
0.013247,0.113858,0.006558,0.007366,0.043581,0.154522,0.013247,0.480749,0.006982,0.159891
0.009640,0.442549,0.005424,0.005901,0.031748,0.115134,0.009641,0.255594,0.005604,0.118765
0.016741,0.190779,0.013093,0.012762,0.097818,0.215055,0.016742,0.211886,0.013688,0.211435
0.019235,0.252807,0.007310,0.010452,0.278084,0.158167,0.019236,0.089332,0.009783,0.155595
0.013424,0.141217,0.008014,0.009618,0.111280,0.192832,0.013424,0.302427,0.008322,0.199442
0.079104,0.186239,0.044095,0.028802,0.063798,0.194383,0.079109,0.106137,0.022268,0.196064
0.006590,0.340075,0.002454,0.002758,0.104654,0.196437,0.006591,0.135298,0.002348,0.202795
0.016104,0.103668,0.004991,0.007656,0.112456,0.191031,0.016105,0.341612,0.007198,0.199181
0.019743,0.184243,0.015054,0.015033,0.073033,0.199647,0.019743,0.251603,0.014154,0.207748
0.014061,0.488900,0.004769,0.006629,0.106791,0.143148,0.014061,0.068804,0.006578,0.146260
0.135443,0.095682,0.009883,0.039277,0.246668,0.129774,0.135450,0.048651,0.030284,0.128888
0.087960,0.115087,0.057477,0.028045,0.105332,0.187747,0.087966,0.116022,0.023157,0.191208
0.019927,0.079318,0.006898,0.010462,0.604564,0.098444,0.019928,0.052464,0.009746,0.098250
0.053463,0.228336,0.020535,0.029256,0.103131,0.187991,0.053466,0.108017,0.025702,0.190103
0.013569,0.017651,0.002349,0.006912,0.886836,0.022267,0.013570,0.009202,0.005452,0.022192
0.076463,0.099226,0.023142,0.043315,0.143052,0.174438,0.076467,0.163348,0.028651,0.171899
0.047635,0.327390,0.010381,0.019637,0.087249,0.198636,0.047639,0.058548,0.014766,0.188118
0.024397,0.116469,0.017832,0.014645,0.116026,0.274343,0.024398,0.132966,0.016123,0.262802
0.045854,0.115100,0.091614,0.022054,0.093368,0.242181,0.045856,0.080879,0.031314,0.231779
0.018607,0.167418,0.007232,0.008599,0.046038,0.253942,0.018608,0.225656,0.008530,0.245371
0.015159,0.142817,0.009695,0.009381,0.051179,0.222561,0.015160,0.311555,0.008271,0.214222
0.029341,0.148366,0.012788,0.014098,0.066024,0.252060,0.029343,0.187865,0.013433,0.246682
0.028708,0.142876,0.036785,0.019653,0.054456,0.213038,0.028709,0.237603,0.026711,0.211461
0.054537,0.138425,0.008839,0.017845,0.118466,0.263366,0.054542,0.082931,0.013962,0.247087
0.089807,0.115500,0.066558,0.030780,0.071658,0.219847,0.089813,0.078687,0.029364,0.207987
0.155296,0.096142,0.030072,0.044328,0.068597,0.177110,0.155311,0.068291,0.036161,0.168691
0.076401,0.219102,0.009498,0.027134,0.048018,0.211310,0.076401,0.109055,0.019218,0.203862
0.031803,0.133079,0.008102,0.011901,0.254796,0.227190,0.031806,0.075908,0.008855,0.216559
0.038159,0.145485,0.032422,0.023852,0.064832,0.279816,0.038160,0.095274,0.021399,0.260602
0.012866,0.095556,0.004661,0.006530,0.329773,0.233427,0.012866,0.080335,0.005477,0.218511
0.018976,0.150034,0.010543,0.010871,0.098615,0.223134,0.018976,0.230436,0.010233,0.228182
0.010837,0.153870,0.007208,0.006708,0.041435,0.164670,0.010837,0.427056,0.005728,0.171650
0.040721,0.120089,0.033013,0.024422,0.053940,0.221129,0.040722,0.221830,0.021665,0.222467
0.007863,0.114245,0.004340,0.004706,0.311925,0.177426,0.007863,0.181867,0.004311,0.185453
0.009440,0.081141,0.006512,0.006726,0.038070,0.123709,0.009440,0.590938,0.006522,0.127503
0.014311,0.171047,0.007761,0.007396,0.228036,0.188724,0.014312,0.171986,0.007261,0.189166
0.030863,0.207880,0.011809,0.015122,0.274908,0.141384,0.030865,0.130434,0.014277,0.142457
0.012267,0.397762,0.005091,0.004877,0.074667,0.191302,0.012268,0.100334,0.004493,0.196938
0.008619,0.160497,0.005554,0.005764,0.052401,0.202202,0.008620,0.338897,0.005347,0.212098
0.018908,0.187274,0.010797,0.009682,0.205436,0.194722,0.018909,0.147687,0.008031,0.198554
0.011075,0.114811,0.009430,0.009497,0.528969,0.107848,0.011075,0.088688,0.009207,0.109401
0.024967,0.186859,0.013220,0.012384,0.045504,0.199520,0.024969,0.275769,0.011151,0.205655
0.079146,0.202182,0.030398,0.031997,0.098058,0.195425,0.079151,0.069347,0.028060,0.186236
0.060297,0.167479,0.042489,0.039026,0.073694,0.155312,0.060298,0.207609,0.036804,0.156991
0.006446,0.056896,0.002251,0.003554,0.654967,0.087739,0.006446,0.090968,0.003266,0.087467
0.040628,0.390448,0.017775,0.020506,0.089054,0.159238,0.040630,0.067891,0.019661,0.154169
0.131917,0.083721,0.031872,0.076986,0.073923,0.130955,0.131923,0.090434,0.118172,0.130098
0.044471,0.180731,0.022213,0.026504,0.103831,0.208216,0.044473,0.139183,0.020273,0.210106
0.052142,0.095311,0.014750,0.050567,0.388463,0.112362,0.052144,0.088687,0.032427,0.113147
0.020067,0.102403,0.006834,0.010902,0.548404,0.116947,0.020067,0.049378,0.009297,0.115701
0.028567,0.177901,0.010337,0.012851,0.052261,0.210506,0.028570,0.250703,0.011152,0.217151
0.043819,0.127723,0.016341,0.020392,0.052604,0.186410,0.043822,0.300728,0.017703,0.190458
0.005625,0.019296,0.001584,0.002535,0.914406,0.019344,0.005625,0.010080,0.002076,0.019429
0.011450,0.076486,0.003638,0.006055,0.469880,0.177617,0.011450,0.068332,0.004985,0.170106
0.070474,0.122690,0.064743,0.074686,0.061800,0.196798,0.070475,0.109022,0.038473,0.190840
0.030194,0.208278,0.008672,0.016850,0.133783,0.253568,0.030195,0.067039,0.010192,0.241231
0.020842,0.121762,0.011006,0.007588,0.033676,0.350521,0.020844,0.107999,0.006971,0.318791
0.022354,0.151576,0.014985,0.013868,0.070360,0.244768,0.022354,0.199858,0.011333,0.248545
0.046290,0.118821,0.055224,0.032591,0.067047,0.168794,0.046291,0.263713,0.032137,0.169092
0.008731,0.119247,0.005082,0.004895,0.491562,0.131875,0.008732,0.090113,0.004474,0.135289
0.026105,0.197414,0.052656,0.015990,0.057691,0.254497,0.026106,0.106971,0.011035,0.251535
0.022654,0.152893,0.194563,0.014980,0.042462,0.206952,0.022655,0.126297,0.015403,0.201141
0.005778,0.043953,0.003524,0.003217,0.015813,0.095158,0.005778,0.722916,0.002896,0.100966
0.024258,0.192573,0.007838,0.009711,0.049175,0.217829,0.024260,0.242517,0.008597,0.223241
0.046680,0.107309,0.099333,0.021539,0.069994,0.246996,0.046682,0.096120,0.020052,0.245296
0.023181,0.117905,0.021078,0.016248,0.063232,0.223301,0.023182,0.268207,0.015623,0.228044
0.035850,0.205113,0.018384,0.019590,0.066281,0.246954,0.035852,0.110063,0.016982,0.244931
0.011845,0.316487,0.004695,0.005038,0.148803,0.172633,0.011845,0.143073,0.005347,0.180233
0.046703,0.115214,0.007976,0.015008,0.387568,0.156022,0.046707,0.057523,0.013124,0.154156
0.017081,0.300948,0.008029,0.008820,0.154273,0.214092,0.017082,0.063302,0.006645,0.209728
0.015811,0.191737,0.007110,0.009095,0.240756,0.170937,0.015811,0.162790,0.008811,0.177142
0.007565,0.141101,0.003858,0.003787,0.231937,0.164020,0.007565,0.264658,0.003388,0.172121
0.022505,0.166878,0.018575,0.014344,0.062918,0.183660,0.022506,0.307210,0.013826,0.187578
0.022505,0.166878,0.018575,0.014344,0.062918,0.183660,0.022506,0.307210,0.013826,0.187578
0.057283,0.110568,0.063082,0.034859,0.085331,0.202272,0.057285,0.157153,0.029898,0.202269
0.039389,0.160035,0.082548,0.020535,0.057211,0.189950,0.039391,0.196042,0.020754,0.194144
0.008541,0.284118,0.005726,0.005689,0.067880,0.195089,0.008542,0.216303,0.005231,0.202881
0.022464,0.157411,0.020480,0.019534,0.063963,0.162471,0.022464,0.337589,0.019218,0.174406
0.028931,0.224288,0.033677,0.012622,0.114708,0.225686,0.028932,0.091444,0.013800,0.225911
0.025710,0.088356,0.025625,0.018680,0.058880,0.199262,0.025711,0.338434,0.017112,0.202229
0.007842,0.062704,0.007735,0.004993,0.023494,0.156746,0.007843,0.562656,0.004843,0.161144
0.007752,0.100817,0.029129,0.005319,0.028607,0.150899,0.007753,0.507106,0.005089,0.157529
0.049018,0.111088,0.036156,0.022649,0.138405,0.193467,0.049021,0.179367,0.023885,0.196942
0.014777,0.088120,0.014820,0.009984,0.047576,0.192248,0.014778,0.411697,0.009314,0.196686
0.007117,0.184373,0.006003,0.004823,0.048454,0.240388,0.007117,0.247882,0.004584,0.249261
0.031229,0.195402,0.018197,0.013771,0.042938,0.245476,0.031231,0.171359,0.014304,0.236092
0.016027,0.268785,0.006860,0.008184,0.046518,0.194764,0.016028,0.232317,0.007894,0.202621
0.035477,0.163720,0.041302,0.012748,0.050642,0.261771,0.035480,0.125450,0.012544,0.260866
0.043206,0.134591,0.020312,0.020099,0.092872,0.250295,0.043209,0.137822,0.017305,0.240288
0.023129,0.139352,0.058926,0.022433,0.076833,0.189187,0.023130,0.255397,0.017097,0.194516
0.015276,0.166381,0.011400,0.010112,0.093408,0.206082,0.015276,0.257925,0.009549,0.214589
0.010598,0.476562,0.003907,0.005264,0.136747,0.159793,0.010598,0.039505,0.004750,0.152275
0.033365,0.159130,0.019987,0.016922,0.127506,0.205911,0.033367,0.174848,0.017851,0.211113
0.005776,0.119867,0.004290,0.003970,0.034568,0.160937,0.005776,0.492422,0.004231,0.168162
0.273060,0.028492,0.102739,0.091914,0.022958,0.030667,0.273086,0.020604,0.126145,0.030335
0.066001,0.115642,0.020954,0.028746,0.089374,0.186034,0.066004,0.222905,0.024388,0.179952
0.056784,0.141776,0.028881,0.034192,0.094084,0.188692,0.056787,0.179939,0.032646,0.186219
0.027810,0.159990,0.015592,0.015329,0.286695,0.178311,0.027811,0.098625,0.013870,0.175967
0.069016,0.097568,0.016846,0.070377,0.139254,0.155845,0.069016,0.188423,0.034868,0.158789
0.011651,0.106128,0.002711,0.004413,0.640648,0.080061,0.011652,0.056585,0.003992,0.082160
0.011182,0.398808,0.008136,0.008108,0.046723,0.152020,0.011182,0.198959,0.007748,0.157135
0.022066,0.134119,0.005203,0.007008,0.039956,0.184189,0.022068,0.387591,0.006106,0.191692
0.028961,0.360430,0.008188,0.011455,0.054100,0.184888,0.028963,0.124963,0.009459,0.188593
0.034651,0.307239,0.022480,0.013906,0.088673,0.182029,0.034653,0.120555,0.011333,0.184481
0.167124,0.098177,0.030109,0.090016,0.072627,0.121538,0.167126,0.068197,0.064590,0.120496
0.013707,0.095309,0.010076,0.010719,0.054712,0.123797,0.013707,0.540615,0.010143,0.127214
0.004127,0.042849,0.001979,0.002658,0.800985,0.045268,0.004127,0.049399,0.002327,0.046281
0.016649,0.262142,0.014427,0.011522,0.250736,0.145776,0.016649,0.123514,0.011009,0.147576
0.003696,0.038400,0.001868,0.002434,0.824776,0.042571,0.003696,0.037588,0.002237,0.042735
0.019091,0.156658,0.015917,0.006345,0.183906,0.225929,0.019092,0.138844,0.005967,0.228251
0.016633,0.144285,0.014859,0.011569,0.047075,0.147218,0.016634,0.436061,0.011760,0.153906
0.077411,0.211171,0.011198,0.031343,0.111731,0.174900,0.077412,0.106053,0.023231,0.175551
0.007448,0.064437,0.003341,0.004313,0.707545,0.072670,0.007449,0.054848,0.003774,0.074175
0.040479,0.208760,0.011470,0.014177,0.095907,0.235563,0.040482,0.112468,0.011687,0.229007
0.017533,0.087316,0.004146,0.007077,0.505794,0.142599,0.017534,0.070890,0.005835,0.141274
0.020086,0.099314,0.006978,0.012017,0.523732,0.116087,0.020086,0.070658,0.012714,0.118327
0.015571,0.180319,0.012133,0.007300,0.143417,0.254893,0.015572,0.105976,0.007686,0.257135
0.075243,0.104480,0.018767,0.059107,0.095233,0.220819,0.075246,0.109056,0.028350,0.213699
0.029362,0.193607,0.027368,0.023194,0.096400,0.201024,0.029362,0.171643,0.022544,0.205495
0.025509,0.164797,0.017556,0.017322,0.081608,0.230063,0.025510,0.185331,0.016496,0.235809
0.010155,0.069547,0.004815,0.006356,0.035143,0.142303,0.010155,0.567276,0.004797,0.149452
0.011748,0.216563,0.003778,0.005356,0.148301,0.237163,0.011748,0.116753,0.005143,0.243448
0.017516,0.166440,0.016373,0.013852,0.073824,0.195976,0.017517,0.281187,0.013485,0.203829
0.008206,0.152710,0.002704,0.003634,0.184785,0.249660,0.008207,0.130349,0.003157,0.256587
0.050674,0.156769,0.027580,0.025118,0.136100,0.174876,0.050678,0.173749,0.026428,0.178031
0.023247,0.209592,0.016219,0.016917,0.070264,0.178937,0.023247,0.261428,0.016191,0.183959
0.009484,0.128497,0.006339,0.007861,0.048212,0.124275,0.009484,0.525547,0.008827,0.131473
0.004185,0.050554,0.001967,0.002347,0.019195,0.101799,0.004185,0.707076,0.002081,0.106611
0.005564,0.090853,0.004583,0.004376,0.030852,0.103384,0.005564,0.640693,0.004435,0.109695
0.038698,0.145922,0.020944,0.021630,0.065107,0.225328,0.038699,0.203692,0.019305,0.220675
0.048629,0.121063,0.025337,0.024908,0.077102,0.198396,0.048633,0.232197,0.021721,0.202015
0.120099,0.098209,0.088166,0.084661,0.091181,0.108401,0.120104,0.086464,0.095053,0.107660
0.031483,0.147302,0.015586,0.019123,0.065400,0.206861,0.031484,0.261574,0.015289,0.205899
0.011488,0.124237,0.008269,0.008677,0.065280,0.239387,0.011488,0.272609,0.008121,0.250446
0.044950,0.226417,0.014383,0.021263,0.059054,0.257164,0.044953,0.080626,0.015046,0.236144
0.009017,0.260892,0.004434,0.004983,0.200695,0.204707,0.009017,0.091923,0.004871,0.209463
0.125354,0.089134,0.183519,0.056119,0.065137,0.110625,0.125357,0.069584,0.065874,0.109298
0.007773,0.061699,0.002973,0.003963,0.020119,0.133046,0.007774,0.620299,0.003492,0.138862
0.022387,0.169874,0.008912,0.012171,0.054922,0.212829,0.022388,0.267690,0.011276,0.217552
0.041579,0.140614,0.009716,0.019486,0.294195,0.161991,0.041580,0.114635,0.013028,0.163177
0.023777,0.093406,0.015771,0.013713,0.439719,0.141808,0.023777,0.092404,0.012603,0.143021
0.012444,0.153205,0.008362,0.008788,0.093337,0.166542,0.012444,0.363958,0.008473,0.172447
0.006779,0.030156,0.002360,0.003698,0.854382,0.035154,0.006779,0.020845,0.004143,0.035702
0.018701,0.110433,0.007658,0.008954,0.039570,0.209005,0.018702,0.373652,0.008108,0.205218
0.005260,0.826745,0.002086,0.002982,0.015485,0.045618,0.005261,0.046703,0.003000,0.046860
0.029032,0.233473,0.012621,0.016896,0.094626,0.200186,0.029033,0.171251,0.015852,0.197030
0.043007,0.097427,0.012145,0.025768,0.064284,0.195716,0.043008,0.300497,0.017941,0.200208
0.058530,0.105659,0.098415,0.030943,0.090879,0.234559,0.058532,0.071512,0.025732,0.225241
0.054518,0.162523,0.034291,0.040667,0.107481,0.170984,0.054519,0.163462,0.039550,0.172004
0.012655,0.100409,0.007637,0.008266,0.633563,0.085963,0.012655,0.042613,0.010254,0.085985
0.022904,0.103799,0.015836,0.015876,0.079693,0.199604,0.022904,0.322941,0.016224,0.200220
0.062490,0.152740,0.023865,0.033643,0.084669,0.187946,0.062492,0.174178,0.027219,0.190758
0.021413,0.151755,0.012200,0.015446,0.065160,0.231020,0.021413,0.245788,0.012423,0.223383
0.040555,0.136119,0.109397,0.021023,0.055952,0.218427,0.040558,0.137564,0.022826,0.217579
0.035570,0.135294,0.113487,0.021513,0.049682,0.214974,0.035571,0.155290,0.024596,0.214022
0.024155,0.242155,0.015874,0.015757,0.079342,0.232550,0.024157,0.127419,0.014374,0.224217
0.125011,0.016172,0.010846,0.522717,0.021328,0.021633,0.125001,0.014209,0.121650,0.021434
0.020320,0.116171,0.011604,0.013154,0.054836,0.202463,0.020320,0.342387,0.011722,0.207024
0.015521,0.127792,0.007642,0.009768,0.394636,0.169607,0.015522,0.084779,0.008999,0.165733
0.014741,0.115694,0.005131,0.006438,0.042510,0.218550,0.014742,0.349581,0.005629,0.226984
0.023091,0.121664,0.010658,0.013339,0.064296,0.195187,0.023092,0.335024,0.012568,0.201080
0.024659,0.172619,0.007943,0.011562,0.059445,0.245556,0.024660,0.192869,0.009088,0.251599
0.010953,0.104550,0.006861,0.006888,0.041365,0.181381,0.010953,0.438486,0.006947,0.191616
0.010270,0.151014,0.005762,0.006074,0.278088,0.204643,0.010270,0.119751,0.005319,0.208810
0.072531,0.135783,0.021935,0.038017,0.064360,0.175453,0.072533,0.203996,0.035827,0.179565
0.034695,0.172809,0.013747,0.017064,0.087874,0.236106,0.034697,0.151330,0.013918,0.237759
0.024803,0.119978,0.015515,0.012864,0.050590,0.205468,0.024804,0.318652,0.011467,0.215858
0.044334,0.086507,0.010399,0.015107,0.488156,0.113405,0.044338,0.070630,0.013329,0.113795
0.009473,0.206330,0.004296,0.004993,0.262817,0.187360,0.009473,0.120198,0.004192,0.190869
0.042628,0.173508,0.055476,0.028754,0.128543,0.199139,0.042630,0.108983,0.021229,0.199109
0.008789,0.350699,0.002687,0.003909,0.095955,0.218422,0.008790,0.083036,0.003252,0.224461
0.116868,0.135755,0.035475,0.100011,0.078297,0.136479,0.116868,0.097466,0.047757,0.135025
0.072136,0.089446,0.199908,0.044531,0.073692,0.140432,0.072139,0.126439,0.041179,0.140098
0.054610,0.102172,0.016505,0.022340,0.280655,0.171769,0.054615,0.107562,0.017841,0.171930
0.029061,0.171168,0.010765,0.013868,0.083291,0.263737,0.029063,0.126669,0.014862,0.257515
0.021337,0.179081,0.011621,0.012963,0.051398,0.203348,0.021338,0.275204,0.011165,0.212545
0.035796,0.123835,0.065946,0.036128,0.111564,0.212574,0.035796,0.143075,0.026461,0.208824
0.073988,0.135271,0.032648,0.059692,0.091789,0.207977,0.073988,0.094108,0.034625,0.195915
0.093741,0.097359,0.025143,0.040837,0.118974,0.204305,0.093746,0.091530,0.033448,0.200917
0.014378,0.072879,0.008775,0.011779,0.652180,0.082450,0.014378,0.051148,0.008792,0.083241
0.036001,0.140124,0.061196,0.023756,0.114481,0.195768,0.036003,0.158082,0.038548,0.196039
0.078971,0.130743,0.051082,0.057153,0.118957,0.161846,0.078973,0.108101,0.052780,0.161392
0.035951,0.093417,0.021014,0.023664,0.324834,0.160753,0.035953,0.122524,0.021302,0.160588
0.058487,0.123815,0.027723,0.032971,0.120774,0.199300,0.058490,0.147196,0.030588,0.200656
0.035591,0.051545,0.020601,0.025284,0.613234,0.074440,0.035591,0.045378,0.024114,0.074222
0.023068,0.097944,0.012703,0.015904,0.470064,0.130793,0.023068,0.081083,0.014316,0.131058
0.020713,0.084439,0.007274,0.018505,0.594824,0.098317,0.020713,0.045383,0.010270,0.099562
0.006663,0.047051,0.006292,0.004911,0.740290,0.068715,0.006663,0.044876,0.004900,0.069638
0.042705,0.058969,0.026007,0.030395,0.559641,0.081351,0.042706,0.048295,0.029113,0.080817
0.018200,0.103580,0.013512,0.014727,0.530121,0.117014,0.018200,0.054635,0.013510,0.116501
0.006195,0.040858,0.004532,0.004663,0.747814,0.072863,0.006195,0.038370,0.004932,0.073577
0.007429,0.334446,0.004977,0.005110,0.052803,0.139867,0.007429,0.302263,0.004795,0.140882
0.006271,0.059387,0.002974,0.003635,0.793455,0.047506,0.006271,0.027570,0.004392,0.048539
0.025394,0.117786,0.014802,0.016218,0.122408,0.258493,0.025395,0.145241,0.013702,0.260561
0.002177,0.899352,0.000669,0.001152,0.022758,0.026179,0.002177,0.017753,0.000877,0.026906
0.006922,0.185879,0.002748,0.003735,0.524296,0.088769,0.006922,0.083538,0.004628,0.092563
0.005988,0.078204,0.002149,0.002886,0.589851,0.099860,0.005988,0.108716,0.002901,0.103457
0.072522,0.103301,0.063908,0.079726,0.089896,0.171040,0.072524,0.134983,0.041555,0.170545
0.028645,0.050787,0.007820,0.107719,0.548717,0.088839,0.028646,0.037103,0.012661,0.089063
0.021318,0.099724,0.007932,0.009623,0.061807,0.216801,0.021320,0.330036,0.007855,0.223585
0.027782,0.117065,0.012548,0.017165,0.078209,0.195430,0.027783,0.305078,0.019399,0.199540
0.052543,0.099745,0.032464,0.024323,0.055474,0.236754,0.052546,0.188117,0.018551,0.239482
0.010056,0.772922,0.005094,0.005953,0.020970,0.052451,0.010057,0.063770,0.005134,0.053593
0.037217,0.106834,0.024614,0.020202,0.057864,0.296027,0.037219,0.122910,0.017991,0.279122
0.039776,0.132727,0.031808,0.030003,0.081668,0.207493,0.039777,0.200311,0.033838,0.202600
0.054259,0.154480,0.017353,0.027244,0.362105,0.121675,0.054263,0.062237,0.026301,0.120082
0.009539,0.171273,0.004471,0.005633,0.036676,0.124997,0.009540,0.499295,0.005460,0.133117
0.106177,0.143584,0.027033,0.044149,0.130657,0.144228,0.106181,0.100827,0.053508,0.143658
0.044030,0.088906,0.110929,0.024876,0.060969,0.227340,0.044033,0.149730,0.021477,0.227711
0.056926,0.094441,0.171949,0.037370,0.077911,0.176926,0.056929,0.117621,0.032836,0.177091
0.027796,0.084298,0.007713,0.015213,0.563197,0.104174,0.027797,0.053372,0.011494,0.104944
0.023371,0.119667,0.015151,0.013018,0.047564,0.228143,0.023372,0.297006,0.013236,0.219472
0.174185,0.122535,0.028687,0.101541,0.053656,0.106004,0.174187,0.077624,0.056076,0.105505
0.000783,0.947251,0.000342,0.000416,0.012244,0.013409,0.000783,0.010555,0.000359,0.013857
0.027640,0.651814,0.006345,0.015033,0.056519,0.088127,0.027640,0.028698,0.012754,0.085431
0.018867,0.216747,0.009919,0.011752,0.054503,0.200331,0.018868,0.251553,0.010637,0.206824
0.060640,0.130527,0.047904,0.053417,0.118256,0.170811,0.060641,0.096539,0.090572,0.170695
0.103580,0.098056,0.013966,0.039698,0.094332,0.180474,0.103589,0.108541,0.075693,0.182072
0.095952,0.109387,0.026667,0.046589,0.081312,0.167900,0.095958,0.147930,0.058834,0.169472
0.077190,0.106722,0.189604,0.034352,0.057233,0.170278,0.077193,0.086490,0.033309,0.167630
0.052583,0.177324,0.013805,0.023585,0.142766,0.202465,0.052586,0.113118,0.017882,0.203886
0.042082,0.217052,0.049541,0.033384,0.077154,0.194426,0.042082,0.120967,0.034761,0.188551
0.100082,0.108184,0.055024,0.062455,0.079573,0.125170,0.100085,0.086694,0.158522,0.124211
0.099879,0.098417,0.105181,0.087400,0.092563,0.112885,0.099881,0.101930,0.089384,0.112480
0.057023,0.139882,0.022950,0.034081,0.097167,0.208169,0.057024,0.141297,0.040232,0.202175
0.041318,0.161305,0.031117,0.032927,0.133159,0.195249,0.041319,0.137326,0.030442,0.195838
0.041232,0.179248,0.034313,0.022038,0.106790,0.219874,0.041234,0.118471,0.019008,0.217791
0.100000,0.100000,0.100000,0.100000,0.100000,0.100000,0.100000,0.100000,0.100000,0.100000
0.049600,0.159315,0.025704,0.033806,0.096202,0.234652,0.049602,0.087418,0.042125,0.221576
0.019204,0.157410,0.010144,0.009577,0.503319,0.114508,0.019205,0.043741,0.008997,0.113897
0.081647,0.214727,0.020873,0.029093,0.053730,0.221954,0.081654,0.059211,0.028205,0.208906
0.069768,0.101125,0.015667,0.025950,0.068175,0.222233,0.069774,0.182922,0.019506,0.224880
0.050686,0.103432,0.024712,0.040671,0.140398,0.226696,0.050686,0.104902,0.031003,0.226815
0.067942,0.167056,0.018522,0.033934,0.084368,0.236650,0.067944,0.074487,0.025504,0.223593
0.040224,0.183996,0.016427,0.023110,0.111547,0.192695,0.040225,0.169554,0.025511,0.196710
0.011967,0.093540,0.006025,0.007211,0.038495,0.158445,0.011967,0.497439,0.006505,0.168407
0.040806,0.120873,0.019416,0.037510,0.103088,0.231644,0.040806,0.158209,0.021339,0.226309
0.034783,0.164827,0.034766,0.021628,0.095869,0.222641,0.034784,0.146304,0.020662,0.223736
0.015356,0.279747,0.011469,0.010566,0.068633,0.226367,0.015356,0.132000,0.010478,0.230027
0.042431,0.125647,0.014845,0.022976,0.077642,0.218650,0.042433,0.212123,0.018869,0.224386
0.011406,0.106404,0.006374,0.007564,0.545314,0.103285,0.011407,0.096165,0.006912,0.105168
0.042825,0.065953,0.027450,0.016686,0.535856,0.102451,0.042829,0.051288,0.014860,0.099802
0.003786,0.041978,0.001298,0.001978,0.832168,0.043663,0.003787,0.025324,0.001604,0.044414
0.021682,0.154913,0.023699,0.011122,0.062889,0.231330,0.021683,0.227583,0.009845,0.235253
0.022763,0.131640,0.008365,0.010695,0.069936,0.227076,0.022765,0.272657,0.010932,0.223172
0.018766,0.135293,0.026117,0.010849,0.038828,0.245530,0.018766,0.255200,0.009072,0.241580
0.026909,0.167045,0.006299,0.010222,0.046843,0.239340,0.026911,0.219892,0.008015,0.248524
0.010513,0.244234,0.004980,0.006271,0.122805,0.200747,0.010513,0.190768,0.005549,0.203621
0.021780,0.139892,0.007859,0.012575,0.175574,0.231376,0.021782,0.143746,0.010680,0.234735
0.002480,0.035552,0.001850,0.001598,0.841939,0.044768,0.002480,0.023130,0.001582,0.044622
0.003101,0.051857,0.002401,0.002349,0.022350,0.077196,0.003101,0.754437,0.002207,0.081002
0.003452,0.034505,0.001877,0.002047,0.853540,0.041165,0.003452,0.017453,0.001971,0.040539
0.003585,0.038084,0.002018,0.002209,0.828910,0.048761,0.003585,0.023207,0.002046,0.047595
0.010009,0.127508,0.005741,0.006378,0.082407,0.166197,0.010010,0.412901,0.006287,0.172562
0.039568,0.147605,0.057464,0.020431,0.067188,0.226623,0.039570,0.153471,0.018233,0.229848
0.019483,0.358990,0.008783,0.009468,0.277246,0.123574,0.019484,0.050605,0.009053,0.123316
0.042965,0.120068,0.027302,0.028918,0.109647,0.217675,0.042967,0.165560,0.027148,0.217751
0.021682,0.096982,0.008852,0.010197,0.054888,0.198743,0.021683,0.370238,0.009652,0.207082
0.027583,0.127201,0.026857,0.017051,0.071165,0.255488,0.027584,0.174495,0.016616,0.255960
0.049914,0.057710,0.013602,0.027666,0.532732,0.099216,0.049916,0.049949,0.020968,0.098327
0.044946,0.103006,0.027011,0.019495,0.063760,0.226510,0.044950,0.223588,0.016216,0.230519
0.033191,0.130647,0.019251,0.024599,0.183157,0.213749,0.033192,0.131105,0.018828,0.212280
0.016166,0.210503,0.011193,0.009074,0.138352,0.267247,0.016167,0.066529,0.010043,0.254726
0.046508,0.163939,0.030547,0.028602,0.062983,0.226105,0.046510,0.133876,0.034324,0.226606
0.045802,0.099932,0.048618,0.018197,0.073218,0.310398,0.045805,0.059011,0.013089,0.285930
0.038221,0.137062,0.024076,0.025149,0.160342,0.216535,0.038223,0.116724,0.025967,0.217701
0.056526,0.103446,0.183519,0.044309,0.092924,0.154986,0.056527,0.111994,0.041060,0.154707
0.065218,0.106117,0.024333,0.043743,0.097756,0.229402,0.065219,0.114733,0.028045,0.225434
0.058871,0.103228,0.038519,0.041926,0.102805,0.225424,0.058872,0.110841,0.034755,0.224758
0.009232,0.021505,0.007818,0.004942,0.862141,0.034573,0.009232,0.011806,0.004608,0.034143
0.047837,0.099536,0.017852,0.027634,0.229313,0.217231,0.047839,0.078323,0.021252,0.213183
0.039924,0.101040,0.014578,0.021365,0.202722,0.240512,0.039926,0.086976,0.016956,0.236001
0.082307,0.156753,0.060233,0.049521,0.083214,0.186538,0.082310,0.073193,0.047021,0.178910
0.022130,0.173958,0.026545,0.011500,0.221835,0.213672,0.022131,0.081372,0.009325,0.217532
0.003792,0.023645,0.002017,0.002448,0.875764,0.035793,0.003792,0.014582,0.002234,0.035932
0.056664,0.093531,0.047909,0.034084,0.218734,0.184119,0.056666,0.093460,0.032727,0.182107
0.008191,0.123100,0.006933,0.005314,0.217308,0.225173,0.008191,0.167839,0.004900,0.233051
0.020770,0.130126,0.005640,0.008838,0.066610,0.257993,0.020771,0.216026,0.007307,0.265920
0.064764,0.091506,0.094332,0.073886,0.068203,0.191317,0.064765,0.123096,0.036597,0.191533
0.049526,0.089132,0.102955,0.026402,0.227606,0.180264,0.049528,0.073172,0.023789,0.177627
0.074419,0.144286,0.033420,0.059093,0.099334,0.168673,0.074419,0.128912,0.052948,0.164497
0.031773,0.199529,0.023685,0.025086,0.070078,0.175603,0.031773,0.237222,0.023998,0.181252
0.039699,0.108438,0.023708,0.025307,0.057272,0.170563,0.039700,0.338084,0.023919,0.173311
0.055255,0.181173,0.037704,0.041091,0.125372,0.171264,0.055257,0.124885,0.036844,0.171154
0.033140,0.118387,0.037787,0.020577,0.125112,0.206140,0.033141,0.192170,0.024056,0.209490
0.146138,0.125763,0.026551,0.049204,0.080068,0.163916,0.146148,0.067908,0.036159,0.158145
0.032300,0.110760,0.017183,0.015490,0.061016,0.228873,0.032302,0.251877,0.013303,0.236896
0.209987,0.068640,0.032897,0.102703,0.063272,0.091369,0.209994,0.054354,0.076386,0.090397
0.027544,0.131247,0.017918,0.015669,0.064782,0.225430,0.027545,0.257788,0.015255,0.216823
0.001024,0.003508,0.000321,0.000568,0.982359,0.004532,0.001024,0.001616,0.000524,0.004523
0.033374,0.172049,0.019104,0.020246,0.070027,0.241384,0.033376,0.154660,0.017775,0.238005
0.061704,0.082673,0.272383,0.052862,0.071919,0.128339,0.061705,0.089285,0.051488,0.127644
0.090579,0.093017,0.052929,0.057063,0.083844,0.199115,0.090583,0.094282,0.043100,0.195489
0.021785,0.165380,0.016559,0.016742,0.066553,0.177964,0.021785,0.309696,0.016156,0.187380
0.090924,0.099898,0.042541,0.054930,0.097447,0.189728,0.090928,0.105278,0.041603,0.186722
0.027805,0.166103,0.021363,0.022215,0.073673,0.169144,0.027806,0.293432,0.021885,0.176575
0.051578,0.103700,0.030093,0.030648,0.116845,0.231055,0.051581,0.128065,0.026994,0.229441
0.011126,0.074625,0.009522,0.006993,0.030664,0.134209,0.011127,0.573448,0.007986,0.140300
0.028655,0.114167,0.076681,0.017524,0.075785,0.232359,0.028656,0.171786,0.016473,0.237913
0.045411,0.142948,0.005986,0.022212,0.059974,0.158515,0.045410,0.341195,0.012657,0.165693
0.011032,0.094107,0.003576,0.005105,0.729113,0.052748,0.011033,0.034251,0.005662,0.053373
0.129061,0.151024,0.019341,0.045417,0.076934,0.165262,0.129074,0.076173,0.049434,0.158279
0.025671,0.055272,0.010961,0.015028,0.673594,0.078763,0.025672,0.025394,0.011804,0.077841
0.148213,0.086563,0.043055,0.088556,0.082879,0.134716,0.148216,0.081378,0.053346,0.133079
0.073666,0.056184,0.442000,0.040672,0.047407,0.080775,0.073669,0.056768,0.049237,0.079622
0.065587,0.108192,0.071644,0.052563,0.117199,0.169987,0.065589,0.121216,0.059003,0.169019
0.048993,0.345034,0.023429,0.021988,0.054565,0.186521,0.048996,0.063026,0.027580,0.179866
0.022329,0.145456,0.022604,0.011757,0.166284,0.228447,0.022330,0.149454,0.009129,0.222208
0.100443,0.100849,0.052043,0.067486,0.098808,0.153836,0.100445,0.111094,0.062144,0.152853
0.049186,0.114098,0.053252,0.027042,0.075925,0.261449,0.049189,0.084105,0.030684,0.255070
0.062470,0.102826,0.048593,0.046616,0.221826,0.157895,0.062471,0.093258,0.047591,0.156455
0.170253,0.079734,0.073731,0.081995,0.066171,0.121167,0.170254,0.052213,0.065914,0.118568
0.033130,0.033144,0.011251,0.025691,0.693558,0.048065,0.033130,0.023803,0.050436,0.047792
0.007816,0.162250,0.003834,0.004346,0.050508,0.188681,0.007817,0.375202,0.004250,0.195296
0.010376,0.089370,0.025705,0.007518,0.612590,0.082325,0.010377,0.071215,0.007462,0.083062
0.022923,0.106745,0.017899,0.018887,0.102482,0.163978,0.022924,0.357336,0.019192,0.167634
0.008388,0.071956,0.006405,0.006414,0.594031,0.106666,0.008388,0.084693,0.006749,0.106311
0.007851,0.047550,0.002940,0.004103,0.734255,0.070794,0.007851,0.049163,0.004250,0.071244
0.006473,0.028004,0.004169,0.005273,0.861670,0.030489,0.006473,0.021125,0.005461,0.030864
0.008954,0.283034,0.005448,0.006099,0.042700,0.152801,0.008954,0.323718,0.005983,0.162309
0.028860,0.174192,0.012522,0.014149,0.224737,0.204285,0.028861,0.087447,0.017358,0.207590
0.024308,0.116711,0.040479,0.012494,0.067798,0.214767,0.024309,0.268145,0.010886,0.220102
0.012672,0.169022,0.006019,0.008216,0.408951,0.134261,0.012673,0.099710,0.008409,0.140068
0.005561,0.056953,0.002297,0.002929,0.019800,0.096858,0.005561,0.705513,0.002608,0.101920
0.007393,0.052478,0.003203,0.004124,0.057980,0.112412,0.007393,0.634014,0.004017,0.116987
0.042214,0.132258,0.013585,0.022285,0.080873,0.227916,0.042217,0.189045,0.018254,0.231354
0.021234,0.164477,0.005085,0.007909,0.042630,0.150717,0.021236,0.422922,0.007138,0.156652
0.018395,0.160626,0.012544,0.010089,0.042764,0.243709,0.018396,0.235662,0.009393,0.248423
0.030920,0.075758,0.007717,0.014071,0.529873,0.127905,0.030922,0.048710,0.009924,0.124200
0.029251,0.260629,0.010210,0.014022,0.058798,0.190535,0.029253,0.204100,0.010506,0.192697
0.015143,0.142118,0.009616,0.012259,0.056161,0.158645,0.015143,0.416395,0.010216,0.164304
0.112464,0.101524,0.213060,0.050754,0.059959,0.107284,0.112470,0.072245,0.063696,0.106544
0.034604,0.153724,0.004466,0.009070,0.027835,0.158435,0.034608,0.406723,0.007333,0.163201
0.189968,0.080666,0.059221,0.084992,0.074249,0.082942,0.189990,0.061022,0.094550,0.082401
0.141309,0.102529,0.022695,0.042124,0.080522,0.164471,0.141314,0.115615,0.024593,0.164828
0.024149,0.145581,0.033046,0.014125,0.123240,0.231788,0.024150,0.161477,0.012070,0.230373
0.022073,0.086609,0.005415,0.008514,0.029763,0.125213,0.022075,0.563455,0.006941,0.129943
0.042205,0.151037,0.012675,0.018740,0.378419,0.132305,0.042208,0.069854,0.020617,0.131940
0.066445,0.263853,0.017446,0.022590,0.145420,0.162990,0.066451,0.071227,0.019973,0.163606
0.147572,0.086268,0.044742,0.071198,0.062902,0.133139,0.147577,0.110605,0.064223,0.131774
0.198225,0.086782,0.034425,0.066460,0.051366,0.118518,0.198244,0.086380,0.042021,0.117579
0.119644,0.097325,0.039290,0.058180,0.070239,0.166441,0.119652,0.108410,0.056582,0.164237
0.140139,0.084161,0.045995,0.069835,0.081458,0.133350,0.140144,0.105410,0.067663,0.131843
0.233306,0.088175,0.020848,0.046767,0.046791,0.120302,0.233329,0.056618,0.036507,0.117357
0.278369,0.071863,0.026287,0.070124,0.045453,0.075044,0.278394,0.039521,0.041238,0.073706
0.094515,0.118076,0.028385,0.041075,0.076755,0.155469,0.094523,0.184971,0.050388,0.155844
0.075466,0.113073,0.050593,0.050495,0.075780,0.184416,0.075470,0.121815,0.070077,0.182815
0.025343,0.124044,0.012083,0.012886,0.407581,0.139848,0.025345,0.096858,0.014504,0.141508
0.154876,0.123207,0.027104,0.050556,0.072574,0.156828,0.154890,0.068167,0.043078,0.148721
0.134853,0.067016,0.216815,0.057137,0.061633,0.097604,0.134862,0.068898,0.064526,0.096658
0.023447,0.179651,0.013463,0.013868,0.092842,0.281845,0.023448,0.094509,0.012560,0.264369
0.257223,0.055798,0.033348,0.068521,0.051302,0.086930,0.257239,0.055706,0.048390,0.085543
0.040810,0.121100,0.025532,0.030711,0.090656,0.195751,0.040811,0.227969,0.027906,0.198753
0.079262,0.174236,0.008917,0.030090,0.234593,0.151034,0.079264,0.071823,0.018231,0.152551
0.020688,0.136378,0.010262,0.013581,0.413913,0.133246,0.020689,0.103223,0.013185,0.134836
0.036616,0.130983,0.032471,0.027984,0.071072,0.250537,0.036617,0.151040,0.024896,0.237784
0.050281,0.127761,0.026327,0.041198,0.072283,0.178223,0.050282,0.241269,0.030735,0.181641
0.036183,0.135864,0.057980,0.018732,0.084801,0.260561,0.036184,0.096208,0.015523,0.257964
0.015110,0.215502,0.011573,0.011466,0.065660,0.166296,0.015110,0.310602,0.011267,0.177414
0.018412,0.130484,0.009571,0.011234,0.067628,0.173433,0.018413,0.377353,0.010338,0.183134
0.035287,0.159953,0.039120,0.026451,0.069670,0.222319,0.035288,0.165440,0.025815,0.220657
0.061578,0.121232,0.093629,0.033855,0.097190,0.215787,0.061581,0.080155,0.030831,0.204162
0.116889,0.120744,0.067637,0.034010,0.051814,0.212849,0.116900,0.055351,0.023907,0.199898
0.017030,0.129176,0.012406,0.010776,0.047648,0.247211,0.017030,0.266456,0.014750,0.237518
0.054695,0.204993,0.029438,0.028305,0.067794,0.221102,0.054697,0.102771,0.024797,0.211408
0.073366,0.132614,0.045790,0.044873,0.072387,0.201200,0.073368,0.092467,0.072128,0.191807
0.091235,0.113874,0.086175,0.036921,0.058475,0.219448,0.091241,0.063850,0.034179,0.204603
0.016625,0.462517,0.011327,0.009972,0.072102,0.173457,0.016625,0.064185,0.008683,0.164507
0.024330,0.383682,0.015943,0.009016,0.044072,0.171140,0.024332,0.147308,0.007398,0.172778
0.071003,0.136606,0.101174,0.025950,0.074576,0.201631,0.071007,0.102022,0.020657,0.195375
0.058993,0.151857,0.025422,0.035311,0.096831,0.199912,0.058994,0.142003,0.036118,0.194560
0.039221,0.163292,0.035000,0.033605,0.088516,0.211486,0.039222,0.152480,0.033090,0.204087
0.060601,0.091965,0.056146,0.042116,0.080312,0.167956,0.060603,0.230728,0.040275,0.169299
0.184524,0.077823,0.067094,0.034122,0.047513,0.162044,0.184550,0.063213,0.024462,0.154656
0.106149,0.107661,0.017203,0.030907,0.064835,0.231879,0.106157,0.095493,0.020593,0.219124
0.135851,0.145674,0.022074,0.042689,0.052613,0.173227,0.135864,0.089341,0.028348,0.174319
0.015525,0.151835,0.025166,0.009576,0.048602,0.215664,0.015526,0.295501,0.008600,0.214006
0.111713,0.097582,0.029206,0.041472,0.082019,0.200094,0.111722,0.092528,0.043275,0.190389
0.016995,0.098798,0.012963,0.010081,0.036095,0.183728,0.016996,0.425945,0.009562,0.188837
0.061735,0.199255,0.012391,0.022195,0.054045,0.201051,0.061736,0.170230,0.013038,0.204324
0.025206,0.155519,0.010111,0.011829,0.368428,0.159032,0.025207,0.073462,0.010308,0.160898
0.030311,0.052649,0.236051,0.019791,0.431617,0.065840,0.030312,0.040879,0.026805,0.065745
0.032153,0.099804,0.009152,0.014064,0.410124,0.156531,0.032155,0.077695,0.011132,0.157189
0.056293,0.195927,0.052460,0.032852,0.088825,0.211034,0.056295,0.077391,0.027417,0.201505
0.050363,0.096756,0.023999,0.016794,0.098425,0.238978,0.050367,0.173436,0.012637,0.238245
0.105453,0.097592,0.178810,0.052651,0.096888,0.121026,0.105457,0.078270,0.043041,0.120811
0.058778,0.121465,0.055800,0.029753,0.109606,0.177745,0.058780,0.184085,0.024338,0.179650
0.052347,0.125851,0.024913,0.025710,0.070416,0.188744,0.052350,0.244335,0.023466,0.191869
0.072629,0.129880,0.012967,0.028734,0.059970,0.207819,0.072631,0.187256,0.016874,0.211240
0.043713,0.128905,0.031695,0.032616,0.098949,0.168130,0.043714,0.252533,0.030515,0.169229
0.017400,0.161659,0.014198,0.012339,0.081445,0.222926,0.017401,0.232065,0.011518,0.229049
0.040342,0.119066,0.026959,0.024709,0.072895,0.214224,0.040343,0.226097,0.020850,0.214516
0.056378,0.131490,0.028501,0.028092,0.102005,0.201046,0.056381,0.172893,0.025469,0.197744
0.009054,0.088416,0.007429,0.005924,0.047781,0.164273,0.009054,0.492936,0.005164,0.169969
0.046088,0.159465,0.020092,0.022327,0.098195,0.223849,0.046090,0.142313,0.019534,0.222047
0.051914,0.122601,0.015819,0.020297,0.124843,0.206571,0.051918,0.183530,0.014498,0.208008
0.008129,0.122836,0.005634,0.005023,0.054142,0.148832,0.008129,0.487262,0.004868,0.155145
0.042077,0.175955,0.042510,0.025218,0.074853,0.183831,0.042078,0.205983,0.022818,0.184677
0.064908,0.127192,0.023608,0.046782,0.103099,0.201008,0.064909,0.141121,0.026975,0.200396
0.042100,0.202300,0.015608,0.020130,0.079083,0.204614,0.042103,0.170177,0.016526,0.207358
0.009745,0.389035,0.006878,0.006993,0.052358,0.118394,0.009745,0.279213,0.006536,0.121103
0.024278,0.111176,0.254289,0.017301,0.267702,0.105353,0.024279,0.072347,0.017549,0.105726
0.013974,0.260771,0.003237,0.005126,0.144910,0.211044,0.013975,0.126373,0.004818,0.215773
0.008057,0.148931,0.004997,0.004447,0.034361,0.248545,0.008058,0.283319,0.003864,0.255420
0.036633,0.169126,0.007321,0.014814,0.220775,0.201014,0.036636,0.098848,0.009782,0.205053
0.024417,0.098792,0.009630,0.011807,0.489891,0.142005,0.024418,0.048521,0.012774,0.137745
0.002660,0.014300,0.000936,0.001349,0.936005,0.016189,0.002660,0.008545,0.001213,0.016143
0.039569,0.168094,0.034581,0.017889,0.063848,0.257721,0.039571,0.106261,0.020409,0.252056
0.079590,0.157565,0.045651,0.050500,0.099896,0.161696,0.079592,0.119087,0.044816,0.161607
0.032574,0.087989,0.052526,0.019638,0.288039,0.193280,0.032576,0.083246,0.018407,0.191724
0.075573,0.076797,0.012299,0.027483,0.502712,0.090285,0.075578,0.029745,0.020066,0.089463
0.084462,0.131155,0.041286,0.051527,0.119756,0.167685,0.084466,0.085136,0.068596,0.165930
0.098072,0.112760,0.065929,0.171997,0.069702,0.097386,0.098069,0.071651,0.117858,0.096576
0.071557,0.100852,0.029505,0.029350,0.134618,0.221195,0.071562,0.094572,0.025862,0.220928
0.106200,0.099049,0.048842,0.057267,0.080938,0.178597,0.106206,0.099439,0.047439,0.176025
0.127999,0.071133,0.027465,0.065182,0.145523,0.133738,0.128006,0.063087,0.106121,0.131746
0.093213,0.114662,0.031800,0.041488,0.084935,0.208021,0.093218,0.095203,0.033775,0.203684
0.051301,0.103988,0.038145,0.023809,0.073903,0.291631,0.051305,0.073968,0.016903,0.275047
0.099195,0.135064,0.105034,0.049442,0.078730,0.161206,0.099200,0.070706,0.042364,0.159060
0.047320,0.104672,0.094337,0.026346,0.068587,0.216045,0.047323,0.153069,0.024370,0.217932
0.071234,0.125891,0.015889,0.029901,0.140115,0.207918,0.071239,0.106394,0.024540,0.206878
0.045353,0.115468,0.022402,0.039071,0.324944,0.130067,0.045353,0.062539,0.084398,0.130406
0.018255,0.024454,0.006922,0.013402,0.798445,0.039780,0.018255,0.018472,0.022408,0.039609
0.037179,0.121644,0.044802,0.034698,0.081909,0.215847,0.037180,0.172966,0.033516,0.220258
0.091554,0.125758,0.036400,0.057116,0.096280,0.182521,0.091559,0.094685,0.043248,0.180878
0.083919,0.110586,0.035299,0.050783,0.094815,0.197164,0.083923,0.110226,0.041864,0.191422
0.054398,0.119792,0.037129,0.031522,0.064137,0.220586,0.054400,0.165089,0.029641,0.223305
0.080772,0.140486,0.021943,0.046129,0.113994,0.195411,0.080775,0.091020,0.034862,0.194608
0.051319,0.131914,0.052749,0.028696,0.072171,0.213875,0.051322,0.155680,0.027292,0.214983
0.036600,0.173317,0.015288,0.020377,0.149414,0.231633,0.036601,0.085572,0.019754,0.231443
0.059210,0.170089,0.024201,0.022921,0.061415,0.250479,0.059213,0.086089,0.018215,0.248168
0.040394,0.125423,0.029090,0.030761,0.131556,0.212487,0.040395,0.148371,0.028410,0.213114
0.075178,0.112329,0.035372,0.035253,0.153020,0.199176,0.075182,0.087158,0.029479,0.197854
0.044051,0.124132,0.033435,0.037272,0.094855,0.231675,0.044052,0.130947,0.032878,0.226705
0.049106,0.105549,0.021044,0.029512,0.113221,0.253944,0.049108,0.102051,0.023219,0.253245
0.030172,0.072310,0.015342,0.020387,0.472140,0.133672,0.030174,0.072912,0.018692,0.134199
0.055609,0.122384,0.025607,0.034448,0.077186,0.223426,0.055611,0.158313,0.026347,0.221067
0.052798,0.113482,0.031578,0.035521,0.087542,0.226479,0.052799,0.142997,0.031590,0.225215
0.072119,0.148959,0.016980,0.028151,0.082577,0.217313,0.072124,0.124424,0.022470,0.214884
0.018752,0.143374,0.008081,0.010334,0.179349,0.178218,0.018752,0.250085,0.009121,0.183935
0.082967,0.144537,0.017806,0.028309,0.071322,0.213063,0.082975,0.123178,0.023411,0.212432
0.041067,0.180347,0.009512,0.016519,0.250630,0.181937,0.041069,0.084284,0.013354,0.181282
0.109745,0.088495,0.094127,0.141884,0.087792,0.089397,0.109744,0.087791,0.101669,0.089356
0.061197,0.142575,0.039094,0.033361,0.081560,0.191456,0.061201,0.159777,0.035064,0.194714
0.062307,0.110720,0.023920,0.030570,0.064232,0.215264,0.062311,0.187978,0.022502,0.220197
0.025459,0.119820,0.008660,0.015045,0.100907,0.244609,0.025460,0.197152,0.011469,0.251419
0.005774,0.078604,0.002278,0.002841,0.664916,0.087786,0.005774,0.063338,0.003050,0.085639
0.037766,0.400388,0.005436,0.014866,0.177039,0.139664,0.037767,0.043564,0.009599,0.133910
0.051083,0.085991,0.041345,0.043925,0.110336,0.130306,0.051083,0.310298,0.042865,0.132769
0.158548,0.113592,0.026119,0.048573,0.065829,0.141188,0.158560,0.102947,0.041660,0.142983
0.046590,0.253636,0.012439,0.021645,0.084030,0.182900,0.046592,0.146931,0.020318,0.184919
0.023266,0.171518,0.006415,0.010425,0.306073,0.164430,0.023267,0.118752,0.008131,0.167723
0.029201,0.113740,0.026035,0.024887,0.229530,0.165678,0.029201,0.189653,0.024167,0.167909
0.025473,0.172964,0.015465,0.015237,0.064925,0.203185,0.025475,0.253752,0.014772,0.208752
0.016670,0.154840,0.005318,0.007748,0.298232,0.210240,0.016671,0.080674,0.006985,0.202622
0.054563,0.119860,0.052496,0.043693,0.116083,0.183970,0.054564,0.146163,0.045027,0.183583
0.017172,0.147211,0.015477,0.011828,0.509381,0.102218,0.017173,0.064315,0.012117,0.103108
0.044824,0.194099,0.029410,0.030678,0.119603,0.185617,0.044825,0.134294,0.031422,0.185229
0.056937,0.119923,0.022059,0.028322,0.114694,0.220082,0.056940,0.138166,0.023904,0.218972
0.039514,0.214462,0.025142,0.031136,0.152333,0.175702,0.039515,0.117733,0.028874,0.175590
0.005538,0.068001,0.003805,0.003904,0.047924,0.099170,0.005538,0.659925,0.003795,0.102400
0.034208,0.098890,0.024742,0.026848,0.080848,0.200041,0.034209,0.272925,0.024867,0.202421
0.041552,0.126380,0.070723,0.027001,0.215179,0.181672,0.041554,0.089637,0.024570,0.181732
0.047052,0.126121,0.026791,0.030939,0.246851,0.178661,0.047054,0.091905,0.026968,0.177657
0.044824,0.194099,0.029410,0.030678,0.119603,0.185617,0.044825,0.134294,0.031422,0.185229
0.027640,0.129042,0.015528,0.016454,0.144399,0.188196,0.027641,0.243214,0.014675,0.193212
0.004214,0.019529,0.002537,0.002805,0.888703,0.027442,0.004214,0.019956,0.002959,0.027641
0.021128,0.116716,0.007615,0.010721,0.417972,0.152384,0.021128,0.089499,0.009887,0.152950
0.040542,0.171983,0.074459,0.019566,0.193051,0.181000,0.040545,0.074358,0.022807,0.181688
0.014411,0.073504,0.009328,0.008027,0.046967,0.199057,0.014412,0.424641,0.006766,0.202887
0.049526,0.089132,0.102955,0.026402,0.227606,0.180264,0.049528,0.073172,0.023789,0.177627
0.057527,0.123808,0.014112,0.042423,0.087812,0.200709,0.057526,0.191787,0.021815,0.202479
0.029770,0.244746,0.018452,0.020030,0.092850,0.221006,0.029772,0.106157,0.019159,0.218058
0.023245,0.150365,0.016303,0.015857,0.070735,0.184729,0.023246,0.307897,0.015790,0.191832
0.017165,0.175307,0.026063,0.012189,0.076357,0.197542,0.017165,0.265435,0.010665,0.202112
0.002356,0.032586,0.001132,0.001148,0.008482,0.072833,0.002356,0.800453,0.000983,0.077671
0.041564,0.149653,0.020466,0.025318,0.088060,0.212851,0.041566,0.186094,0.024925,0.209503
0.042230,0.153555,0.014158,0.017203,0.050600,0.232705,0.042233,0.195855,0.014784,0.236677
0.031250,0.123823,0.012102,0.018094,0.085441,0.225377,0.031251,0.221185,0.017672,0.233805
0.032050,0.127888,0.021432,0.017440,0.071167,0.228266,0.032052,0.230387,0.015869,0.223448
0.006354,0.255245,0.002571,0.003050,0.211680,0.187657,0.006355,0.127911,0.002816,0.196361
0.050878,0.117586,0.022248,0.026047,0.072935,0.214665,0.050882,0.203670,0.021859,0.219229
0.027009,0.177838,0.006410,0.012705,0.265619,0.180172,0.027011,0.109252,0.010324,0.183659
0.026993,0.115786,0.010526,0.015965,0.088327,0.250029,0.026994,0.199235,0.011873,0.254272
0.042898,0.132408,0.020062,0.028738,0.096564,0.204527,0.042899,0.204000,0.022760,0.205144
0.024332,0.119717,0.012027,0.014328,0.068758,0.294578,0.024333,0.152424,0.012620,0.276885
0.019116,0.450758,0.020663,0.008189,0.045487,0.175618,0.019118,0.082536,0.006933,0.171582
0.050375,0.117310,0.026549,0.031545,0.142694,0.209215,0.050377,0.135558,0.027594,0.208783
0.011790,0.268625,0.003285,0.005646,0.160647,0.175133,0.011791,0.175736,0.006705,0.180642
0.050442,0.190016,0.013289,0.021454,0.064391,0.214290,0.050444,0.160046,0.017970,0.217659
0.015171,0.063120,0.013711,0.010948,0.059490,0.113631,0.015171,0.582947,0.010064,0.115748
0.023655,0.107697,0.019021,0.020034,0.091845,0.147758,0.023655,0.392826,0.019423,0.154085
0.026256,0.153227,0.018453,0.019595,0.099974,0.176805,0.026257,0.276445,0.018237,0.184751
0.067308,0.212633,0.018485,0.021996,0.149291,0.196714,0.067314,0.060950,0.018045,0.187265
0.006267,0.086865,0.002414,0.002821,0.726751,0.061801,0.006267,0.040713,0.002724,0.063377
0.021691,0.107401,0.015106,0.016176,0.077341,0.127776,0.021691,0.467908,0.015053,0.129857
0.023029,0.062884,0.012119,0.014825,0.077042,0.112004,0.023030,0.548017,0.012764,0.114286
0.014089,0.172110,0.003491,0.004720,0.300333,0.176637,0.014091,0.128826,0.003750,0.181953
0.006576,0.110817,0.003968,0.004213,0.040517,0.144766,0.006576,0.522423,0.003739,0.156405
0.049011,0.448612,0.011488,0.015178,0.042697,0.140573,0.049014,0.089846,0.010394,0.143187
0.029951,0.224526,0.019967,0.020694,0.061203,0.173488,0.029952,0.241764,0.019276,0.179178
0.008601,0.237629,0.003999,0.004721,0.239586,0.171140,0.008601,0.144017,0.004765,0.176940
0.024072,0.111020,0.014434,0.017983,0.058954,0.149768,0.024073,0.425086,0.017876,0.156734
0.027863,0.184615,0.015405,0.016332,0.054912,0.199441,0.027864,0.250121,0.014037,0.209409
0.097734,0.120187,0.076739,0.054202,0.100776,0.154469,0.097738,0.085577,0.064005,0.148574
0.015869,0.202421,0.011278,0.011824,0.051459,0.151616,0.015869,0.366598,0.011296,0.161770
0.029923,0.229307,0.020712,0.021567,0.073952,0.178643,0.029924,0.214844,0.020979,0.180149
0.024470,0.201419,0.014505,0.016214,0.160440,0.182790,0.024471,0.171640,0.014006,0.190045
0.005768,0.147832,0.004275,0.004306,0.271676,0.176225,0.005768,0.192288,0.004078,0.187784
0.040711,0.099515,0.046990,0.021577,0.075301,0.165386,0.040714,0.321037,0.020127,0.168642
0.019170,0.149529,0.011992,0.012938,0.062026,0.157168,0.019171,0.391382,0.012036,0.164589
0.018263,0.173629,0.024307,0.009314,0.045739,0.274896,0.018264,0.166655,0.007953,0.260980
0.207098,0.062505,0.046968,0.123523,0.064426,0.080553,0.207104,0.057324,0.070709,0.079790
0.026822,0.106671,0.150254,0.022299,0.395531,0.097997,0.026823,0.056858,0.018386,0.098359
0.034626,0.082208,0.020447,0.030078,0.516695,0.097801,0.034627,0.062678,0.022574,0.098264
0.069156,0.138343,0.021123,0.047343,0.059436,0.184600,0.069160,0.193685,0.027260,0.189893
0.173530,0.010926,0.007765,0.565348,0.010084,0.013725,0.173521,0.007754,0.023807,0.013539
0.074416,0.067719,0.029957,0.435560,0.053529,0.090892,0.074416,0.045952,0.037135,0.090423
0.013406,0.176658,0.010819,0.009432,0.061055,0.164478,0.013407,0.370644,0.009338,0.170764
0.019694,0.141768,0.004389,0.007013,0.342271,0.172626,0.019696,0.110540,0.005965,0.176038
0.030149,0.056343,0.003422,0.009889,0.725016,0.058873,0.030152,0.021688,0.006033,0.058435
0.053914,0.088856,0.213807,0.038642,0.095536,0.156331,0.053915,0.107154,0.036944,0.154900
0.113351,0.156147,0.044688,0.074254,0.089728,0.130281,0.113353,0.083120,0.066523,0.128554
0.076449,0.086219,0.030425,0.175484,0.067374,0.156449,0.076451,0.138780,0.035899,0.156470
0.104370,0.160226,0.030304,0.049473,0.105288,0.162356,0.104375,0.082977,0.038793,0.161838
0.067214,0.130618,0.143948,0.051824,0.093178,0.137116,0.067215,0.126162,0.045514,0.137211
0.058722,0.141534,0.214059,0.040561,0.065812,0.129617,0.058724,0.126262,0.032400,0.132309
0.018713,0.030386,0.750409,0.020864,0.025417,0.045856,0.018714,0.032357,0.011450,0.045833
0.037313,0.189368,0.030377,0.023752,0.106678,0.217759,0.037314,0.119377,0.021255,0.216807
0.055323,0.088564,0.257237,0.045418,0.085086,0.124051,0.055324,0.117741,0.047431,0.123825
0.179247,0.097634,0.036338,0.083648,0.080043,0.113585,0.179254,0.068349,0.049534,0.112369
0.162152,0.076754,0.053843,0.108420,0.075981,0.100045,0.162152,0.067572,0.093882,0.099198
0.082046,0.124967,0.041042,0.039706,0.113120,0.174450,0.082052,0.132534,0.036872,0.173211
0.016650,0.102519,0.026083,0.009411,0.081579,0.274121,0.016651,0.185892,0.008216,0.278879
0.018182,0.181900,0.004342,0.007133,0.590425,0.071338,0.018183,0.031633,0.006757,0.070107
0.013957,0.195923,0.003336,0.006344,0.044479,0.210659,0.013957,0.284316,0.005095,0.221935
0.015107,0.087930,0.007138,0.009620,0.036899,0.148135,0.015108,0.519994,0.007402,0.152667
0.024493,0.174277,0.016459,0.017365,0.064357,0.243649,0.024494,0.188135,0.017247,0.229524
0.053225,0.187679,0.015752,0.023809,0.099099,0.205516,0.053228,0.138017,0.017786,0.205889
0.023233,0.127137,0.019691,0.016488,0.055191,0.146115,0.023234,0.424601,0.016190,0.148119
0.032193,0.189637,0.013560,0.017601,0.071780,0.252819,0.032194,0.133966,0.013341,0.242908
0.013443,0.150541,0.008246,0.009865,0.058797,0.171242,0.013443,0.384756,0.010124,0.179541
0.016844,0.090379,0.013064,0.014054,0.041477,0.120372,0.016844,0.547115,0.016179,0.123672
0.010766,0.715609,0.003659,0.005714,0.103155,0.060337,0.010767,0.026381,0.005171,0.058441
0.001672,0.924414,0.000992,0.001045,0.006769,0.020331,0.001672,0.021727,0.001068,0.020309
0.000897,0.956942,0.000456,0.000544,0.003232,0.011699,0.000897,0.012700,0.000505,0.012130
0.002632,0.884146,0.001405,0.001685,0.010280,0.025174,0.002632,0.044265,0.001537,0.026243
0.159990,0.127208,0.044348,0.059340,0.063233,0.109516,0.160004,0.074254,0.093535,0.108572
0.029290,0.216765,0.013227,0.015724,0.133419,0.202540,0.029291,0.140044,0.015510,0.204189
0.002941,0.923106,0.000943,0.001370,0.019695,0.019425,0.002941,0.009476,0.001162,0.018942
0.024455,0.158423,0.010433,0.010780,0.058954,0.301156,0.024457,0.120440,0.010828,0.280074
0.003258,0.918826,0.000732,0.001033,0.023692,0.020254,0.003258,0.008117,0.000901,0.019930
0.032270,0.119743,0.013704,0.017002,0.180843,0.229469,0.032271,0.141653,0.015040,0.218005
0.028043,0.147028,0.016849,0.018190,0.074425,0.200314,0.028044,0.270572,0.016991,0.199542
0.044293,0.107796,0.010050,0.162947,0.048625,0.195627,0.044294,0.166582,0.019939,0.199845
0.013530,0.074229,0.011079,0.009354,0.040762,0.155241,0.013530,0.513359,0.009842,0.159072
0.046847,0.152499,0.031354,0.027414,0.065300,0.208809,0.046849,0.181143,0.029777,0.210009
0.072400,0.118816,0.032818,0.036054,0.087679,0.189867,0.072404,0.166144,0.030781,0.193036
0.078617,0.163030,0.046000,0.067774,0.134701,0.132891,0.078617,0.109243,0.056143,0.132985
0.056224,0.167481,0.027590,0.039353,0.124533,0.182094,0.056226,0.132174,0.030764,0.183561
0.083785,0.024633,0.016942,0.661904,0.019156,0.031990,0.083780,0.019418,0.026853,0.031539
0.043742,0.102693,0.014365,0.018623,0.044160,0.227746,0.043745,0.274389,0.015630,0.214907
0.059569,0.132139,0.015689,0.034774,0.072812,0.222958,0.059571,0.152231,0.023290,0.226965
0.080119,0.127223,0.039328,0.038199,0.148237,0.178797,0.080123,0.088566,0.042075,0.177333
0.017327,0.126177,0.012478,0.011578,0.088072,0.267023,0.017328,0.172594,0.010977,0.276446
0.004214,0.053043,0.002411,0.002747,0.021003,0.108624,0.004215,0.686448,0.002603,0.114693
0.045111,0.134666,0.023485,0.028313,0.372563,0.127733,0.045112,0.065819,0.029571,0.127628
0.012246,0.122480,0.005445,0.005993,0.126886,0.251387,0.012247,0.194872,0.005510,0.262934
0.134746,0.090436,0.031539,0.063927,0.090486,0.161422,0.134750,0.085583,0.048425,0.158685
0.014534,0.197662,0.007148,0.008756,0.179486,0.220317,0.014535,0.122269,0.008283,0.227010
0.062406,0.124071,0.038268,0.032560,0.115076,0.197850,0.062410,0.131282,0.037433,0.198643
0.008671,0.219635,0.004659,0.005014,0.186286,0.231132,0.008671,0.107457,0.004399,0.224075
0.024023,0.133496,0.025618,0.017822,0.087136,0.225411,0.024024,0.211268,0.018424,0.232777
0.016672,0.149199,0.014387,0.013285,0.075869,0.204904,0.016672,0.282651,0.013160,0.213201
0.011828,0.194797,0.005284,0.007482,0.067322,0.204589,0.011829,0.275367,0.007285,0.214217
0.013194,0.209378,0.003314,0.005401,0.036590,0.179187,0.013195,0.347743,0.004553,0.187443
0.014982,0.128379,0.009676,0.010117,0.060960,0.196444,0.014983,0.350882,0.009252,0.204326
0.012064,0.104243,0.004192,0.006356,0.634459,0.088628,0.012064,0.042540,0.005708,0.089747
0.004880,0.100009,0.003291,0.003406,0.571431,0.113941,0.004880,0.083151,0.003423,0.111588
0.001502,0.945899,0.000497,0.000737,0.014361,0.012139,0.001502,0.010281,0.000592,0.012490
0.021359,0.248634,0.018049,0.017574,0.079917,0.146908,0.021359,0.278910,0.017195,0.150094
0.006990,0.141623,0.002754,0.003384,0.568927,0.102885,0.006990,0.056993,0.003265,0.106188
0.008379,0.202177,0.005925,0.005477,0.381173,0.127202,0.008379,0.124572,0.005165,0.131551
0.055854,0.104017,0.026219,0.029850,0.084426,0.238443,0.055858,0.141033,0.027681,0.236619
0.020814,0.092284,0.006854,0.010057,0.541043,0.105408,0.020815,0.087334,0.008511,0.106880
0.028626,0.190588,0.014822,0.017037,0.430185,0.106970,0.028628,0.061461,0.014293,0.107390
0.011912,0.178302,0.005849,0.006538,0.080924,0.261153,0.011913,0.186485,0.005744,0.251182
0.026290,0.193147,0.022789,0.019994,0.092587,0.208283,0.026291,0.182412,0.020546,0.207660
0.015757,0.145880,0.007689,0.008781,0.234957,0.214963,0.015758,0.134221,0.008566,0.213429
0.007577,0.071399,0.004610,0.005084,0.086024,0.153163,0.007578,0.505998,0.004866,0.153700
0.008597,0.024994,0.003854,0.005099,0.872045,0.029239,0.008597,0.013959,0.004633,0.028982
0.013157,0.155111,0.007472,0.006871,0.048198,0.208927,0.013157,0.329024,0.005849,0.212234
0.008582,0.140065,0.003503,0.003855,0.170285,0.194765,0.008583,0.263601,0.003776,0.202986
0.038565,0.163424,0.023300,0.027219,0.092335,0.179064,0.038567,0.228042,0.028722,0.180761
0.039693,0.111092,0.036731,0.021733,0.094682,0.229318,0.039695,0.179750,0.019732,0.227573
0.027191,0.115139,0.009856,0.015046,0.514389,0.108496,0.027192,0.061567,0.011700,0.109423
0.030571,0.102037,0.020034,0.016948,0.067758,0.189276,0.030573,0.335248,0.015189,0.192367
0.060360,0.145746,0.033639,0.035398,0.108235,0.206565,0.060363,0.116540,0.032942,0.200212
0.004195,0.067547,0.002610,0.002693,0.698108,0.070733,0.004195,0.075466,0.002772,0.071681
0.013241,0.135241,0.013953,0.007966,0.081427,0.281853,0.013241,0.157891,0.007459,0.287730
0.024362,0.160081,0.014875,0.014144,0.043670,0.217312,0.024364,0.277240,0.015381,0.208570
0.003839,0.125287,0.002615,0.002582,0.131413,0.168462,0.003839,0.387656,0.002532,0.171776
0.019046,0.193303,0.016248,0.013021,0.054256,0.213041,0.019046,0.241216,0.013127,0.217697
0.009442,0.232407,0.006493,0.006637,0.196273,0.149832,0.009442,0.226725,0.007297,0.155453
0.007841,0.049443,0.005648,0.005763,0.033973,0.097178,0.007842,0.686649,0.005503,0.100161
0.022564,0.204188,0.013848,0.011551,0.061096,0.290456,0.022565,0.097061,0.009775,0.266896
0.026026,0.157384,0.015338,0.015873,0.056853,0.201655,0.026027,0.277397,0.015015,0.208432
0.034340,0.106531,0.016319,0.020045,0.154043,0.218397,0.034341,0.177352,0.019137,0.219497
0.080853,0.095144,0.038295,0.059812,0.085541,0.202562,0.080855,0.117882,0.038494,0.200563
0.153193,0.075295,0.026866,0.235241,0.061238,0.090008,0.153187,0.047455,0.070555,0.086962
0.057253,0.104081,0.011257,0.026110,0.453485,0.107921,0.057255,0.056720,0.017683,0.108235
0.006005,0.065608,0.003564,0.004137,0.053090,0.107743,0.006005,0.637606,0.003980,0.112262
0.021176,0.176574,0.012270,0.013362,0.061246,0.222802,0.021177,0.230524,0.011688,0.229180
0.015688,0.111394,0.012580,0.011984,0.066861,0.185397,0.015688,0.375559,0.011392,0.193456
0.003524,0.292397,0.001643,0.001959,0.193419,0.172429,0.003524,0.145838,0.001731,0.183536
0.012438,0.131136,0.008891,0.007873,0.087894,0.293082,0.012438,0.160743,0.007048,0.278457
0.020216,0.291395,0.009677,0.009555,0.142207,0.199675,0.020217,0.094362,0.009095,0.203600
0.032719,0.122999,0.006891,0.015312,0.368248,0.167777,0.032720,0.081525,0.008736,0.163074
0.034740,0.151281,0.014582,0.019359,0.278911,0.151880,0.034741,0.140029,0.018730,0.155747
0.009999,0.126284,0.005094,0.005896,0.070780,0.313879,0.009999,0.155960,0.004952,0.297156
0.002674,0.901638,0.000549,0.000922,0.032598,0.023592,0.002674,0.010359,0.000786,0.024207
0.009131,0.066423,0.005475,0.006692,0.025127,0.115382,0.009131,0.635723,0.006318,0.120598
0.013306,0.180508,0.008438,0.009518,0.045442,0.193906,0.013306,0.321695,0.009605,0.204275
0.009161,0.273233,0.007091,0.006147,0.051556,0.144178,0.009162,0.345516,0.005828,0.148129
0.062268,0.150931,0.027899,0.030455,0.090110,0.203755,0.062271,0.143571,0.025218,0.203523
0.010372,0.330036,0.007876,0.007483,0.051706,0.127203,0.010372,0.318581,0.007176,0.129195
0.089376,0.105586,0.017882,0.031096,0.298917,0.142747,0.089383,0.052229,0.032498,0.140286
0.032215,0.095016,0.059967,0.024374,0.066019,0.160648,0.032215,0.342026,0.025237,0.162283
0.007767,0.058499,0.003946,0.004594,0.739014,0.066379,0.007768,0.039178,0.005260,0.067595
0.032731,0.299842,0.022959,0.015359,0.049354,0.179783,0.032732,0.170595,0.013366,0.183279
0.017715,0.102162,0.007788,0.010291,0.562444,0.098455,0.017716,0.072751,0.011263,0.099415
0.018854,0.094794,0.007218,0.010435,0.626899,0.081655,0.018855,0.046872,0.012755,0.081664
0.095103,0.184956,0.027087,0.037627,0.078217,0.170086,0.095108,0.108805,0.031993,0.171018
0.089555,0.125420,0.039951,0.031256,0.073084,0.194202,0.089555,0.138737,0.021875,0.196365
0.040535,0.340808,0.021209,0.021686,0.108808,0.172247,0.040537,0.069600,0.019227,0.165343
0.052755,0.239544,0.043691,0.032518,0.075915,0.181589,0.052758,0.109958,0.029214,0.182057
0.024502,0.118572,0.019476,0.016145,0.071437,0.154208,0.024503,0.398345,0.016981,0.155832
0.074688,0.171618,0.015950,0.027943,0.215036,0.159646,0.074693,0.071038,0.030052,0.159334
0.043674,0.155328,0.029779,0.021233,0.069849,0.278710,0.043677,0.080404,0.017305,0.260042
0.009436,0.134266,0.004289,0.005101,0.173610,0.159937,0.009437,0.337042,0.004819,0.162062
0.014793,0.128862,0.007677,0.007906,0.602766,0.089680,0.014794,0.035850,0.007894,0.089777
0.047881,0.183358,0.033597,0.036101,0.078896,0.193647,0.047882,0.150147,0.033946,0.194546
0.003889,0.833394,0.001606,0.002220,0.015540,0.037643,0.003889,0.060449,0.002084,0.039288
0.005657,0.791535,0.002796,0.002820,0.019326,0.061256,0.005657,0.046436,0.002818,0.061698
0.025203,0.572496,0.006862,0.012330,0.074041,0.119941,0.025203,0.038870,0.008446,0.116608
0.025798,0.110063,0.007191,0.011973,0.176416,0.223876,0.025799,0.180382,0.009569,0.228934
0.009907,0.146823,0.004912,0.004917,0.029532,0.164717,0.009908,0.453052,0.004624,0.171609
0.023950,0.212242,0.049136,0.013249,0.156700,0.206977,0.023951,0.092530,0.011610,0.209653
0.019054,0.122230,0.007466,0.007627,0.431604,0.144025,0.019056,0.094911,0.008571,0.145455
0.002848,0.068153,0.001822,0.001998,0.018420,0.088580,0.002848,0.719117,0.001908,0.094307
0.016391,0.136688,0.007305,0.008400,0.095396,0.229280,0.016392,0.258622,0.008232,0.223294
0.017084,0.138020,0.041726,0.009618,0.029874,0.221976,0.017085,0.290287,0.008789,0.225541
0.011264,0.048143,0.009034,0.005187,0.771892,0.055943,0.011265,0.026358,0.004603,0.056312
0.041825,0.227323,0.016327,0.022617,0.132945,0.200090,0.041827,0.097641,0.018469,0.200935
0.076603,0.135130,0.024460,0.049458,0.063752,0.180120,0.076605,0.183628,0.028423,0.181821
0.029282,0.236818,0.018642,0.018142,0.074486,0.212001,0.029283,0.151650,0.018050,0.211646
0.016022,0.149253,0.011534,0.011400,0.058220,0.224147,0.016022,0.269012,0.009756,0.234633
0.012211,0.178501,0.008196,0.007794,0.048422,0.157209,0.012211,0.402560,0.007022,0.165874
0.003758,0.141659,0.002225,0.002301,0.257229,0.203692,0.003758,0.164660,0.002120,0.218598
0.088431,0.114009,0.068672,0.082943,0.111288,0.139213,0.088431,0.102531,0.069272,0.135210
0.028708,0.119751,0.018471,0.016269,0.056906,0.201236,0.028709,0.318915,0.014836,0.196198
0.034991,0.097578,0.012259,0.013593,0.049346,0.240817,0.034994,0.258124,0.010634,0.247664
0.016041,0.468618,0.007398,0.007933,0.076160,0.163865,0.016042,0.074459,0.008918,0.160567
0.043949,0.104710,0.023626,0.026075,0.133611,0.176503,0.043950,0.248479,0.023472,0.175625
0.030583,0.137935,0.025057,0.022895,0.107810,0.217314,0.030583,0.191639,0.022272,0.213912
0.009739,0.038301,0.004935,0.004618,0.792132,0.055260,0.009740,0.027110,0.004182,0.053983
0.018347,0.232407,0.004886,0.007339,0.160176,0.214811,0.018348,0.120746,0.005898,0.217041
0.035224,0.133395,0.022433,0.021477,0.066556,0.196463,0.035225,0.278173,0.019369,0.191685
0.027948,0.128100,0.017713,0.015476,0.070291,0.184731,0.027949,0.322370,0.016382,0.189040
0.008537,0.097017,0.005042,0.005310,0.038414,0.152689,0.008537,0.521890,0.005030,0.157533
0.023093,0.177815,0.013560,0.013892,0.068151,0.234962,0.023094,0.203555,0.014269,0.227608
0.024445,0.097019,0.015026,0.013616,0.056580,0.193565,0.024446,0.374093,0.012295,0.188916
0.044681,0.043185,0.012846,0.016376,0.624708,0.080708,0.044683,0.041613,0.010696,0.080504
0.094609,0.107288,0.023217,0.057948,0.195477,0.164437,0.094610,0.067739,0.037041,0.157634
0.021204,0.126887,0.016032,0.016138,0.067656,0.162889,0.021204,0.380695,0.018253,0.169041
0.027328,0.043967,0.016382,0.009982,0.656888,0.089288,0.027331,0.034958,0.008412,0.085464
0.019417,0.086757,0.005906,0.011110,0.599224,0.101329,0.019418,0.046814,0.009641,0.100385
0.030458,0.148381,0.013967,0.016583,0.073705,0.214284,0.030460,0.244132,0.015488,0.212541
0.005450,0.092040,0.003359,0.003201,0.036182,0.124283,0.005450,0.597657,0.002981,0.129395
0.135573,0.082209,0.018526,0.035913,0.302664,0.107292,0.135590,0.050778,0.024674,0.106782
0.010157,0.057796,0.004322,0.005443,0.574348,0.089828,0.010158,0.150964,0.005067,0.091917
0.019099,0.059432,0.010205,0.012193,0.627111,0.095172,0.019100,0.052831,0.011326,0.093531
0.041462,0.134589,0.017279,0.021380,0.113150,0.221803,0.041463,0.172261,0.018962,0.217651
0.015822,0.187915,0.010403,0.011540,0.131676,0.207017,0.015823,0.193193,0.011918,0.214693
0.030921,0.079046,0.007297,0.012370,0.046810,0.197324,0.030923,0.382897,0.009266,0.203147
0.040419,0.139619,0.025779,0.023478,0.140053,0.227135,0.040420,0.124946,0.020480,0.217671
0.082402,0.125122,0.045744,0.051993,0.128349,0.165085,0.082406,0.111107,0.046944,0.160848
0.039553,0.181851,0.014824,0.019558,0.164386,0.195249,0.039556,0.133297,0.017227,0.194498
0.021240,0.185817,0.009886,0.012144,0.074620,0.172452,0.021241,0.309458,0.012104,0.181038
0.007581,0.076723,0.004681,0.005129,0.025555,0.145741,0.007581,0.569972,0.005837,0.151200
0.087630,0.121554,0.035252,0.041903,0.110584,0.156359,0.087636,0.161285,0.040743,0.157053
0.032283,0.118842,0.029983,0.024084,0.238453,0.183526,0.032284,0.135053,0.025314,0.180178
0.006248,0.043492,0.004371,0.004363,0.755819,0.066985,0.006248,0.040518,0.004128,0.067829
0.020184,0.176480,0.008006,0.008867,0.058620,0.331040,0.020185,0.070945,0.007841,0.297831
0.038907,0.126595,0.043842,0.018178,0.314688,0.185500,0.038909,0.043770,0.012796,0.176815
0.035389,0.157961,0.016383,0.019964,0.085181,0.219412,0.035391,0.193459,0.016974,0.219885
0.022418,0.116645,0.016087,0.017281,0.063061,0.148543,0.022418,0.424472,0.017134,0.151940
0.006418,0.067518,0.004424,0.004901,0.024877,0.100948,0.006419,0.674019,0.004592,0.105884
0.014856,0.215809,0.006546,0.007629,0.378393,0.121453,0.014856,0.107507,0.008664,0.124286
0.064337,0.130185,0.013034,0.032031,0.064368,0.259000,0.064336,0.109098,0.020727,0.242882
0.024291,0.483674,0.005557,0.011523,0.083173,0.139478,0.024291,0.077707,0.008104,0.142201
0.014661,0.207113,0.006027,0.008056,0.059899,0.171276,0.014662,0.333787,0.006924,0.177596
0.036625,0.113283,0.007162,0.013615,0.273340,0.182325,0.036628,0.139726,0.011638,0.185658
0.130243,0.109528,0.017920,0.027007,0.056415,0.222357,0.130261,0.077331,0.019951,0.208987
0.025987,0.138485,0.006943,0.008788,0.096857,0.217957,0.025989,0.247062,0.007497,0.224436
0.174316,0.105807,0.036422,0.069127,0.060832,0.121026,0.174328,0.078995,0.059829,0.119319
0.257102,0.074228,0.028449,0.073855,0.063758,0.075295,0.257132,0.041550,0.054080,0.074553
0.261349,0.084558,0.026130,0.058402,0.043619,0.089039,0.261399,0.047128,0.040967,0.087408
0.133838,0.148924,0.035093,0.065305,0.084544,0.133318,0.133847,0.075988,0.056928,0.132216
0.016933,0.096184,0.007711,0.010120,0.561456,0.118546,0.016933,0.047998,0.008553,0.115566
0.156694,0.148310,0.038058,0.047973,0.055854,0.140188,0.156715,0.078770,0.038147,0.139292
0.175340,0.159960,0.022001,0.057347,0.060643,0.116954,0.175354,0.065153,0.049924,0.117326
0.020185,0.001022,0.002241,0.309915,0.001026,0.001398,0.020182,0.000847,0.641804,0.001381
0.146286,0.080335,0.056225,0.119286,0.081851,0.094091,0.146286,0.076637,0.105385,0.093617
0.261675,0.031849,0.012058,0.114809,0.025018,0.037316,0.261685,0.021418,0.197295,0.036879
0.153542,0.035479,0.029667,0.345303,0.036448,0.038908,0.153546,0.030499,0.137932,0.038676
0.106175,0.150664,0.024166,0.041990,0.072493,0.179979,0.106184,0.105147,0.033043,0.180158
0.181936,0.116693,0.026537,0.089031,0.064333,0.119816,0.181939,0.054719,0.046109,0.118888
0.242648,0.044866,0.027076,0.151173,0.053773,0.046445,0.242674,0.029729,0.115656,0.045960
0.306611,0.029530,0.067222,0.082038,0.029063,0.038103,0.306627,0.022907,0.080259,0.037639
0.094296,0.023295,0.022067,0.227753,0.022252,0.026543,0.094293,0.020850,0.442293,0.026359
0.193155,0.067110,0.049949,0.112867,0.061293,0.082876,0.193164,0.064027,0.093247,0.082311
0.158434,0.016056,0.012895,0.070525,0.016314,0.021642,0.158443,0.014253,0.510033,0.021406
0.293204,0.007984,0.005555,0.331806,0.007227,0.010219,0.293149,0.005912,0.034899,0.010045
0.182363,0.078644,0.042462,0.089841,0.067896,0.102216,0.182371,0.067591,0.085390,0.101227
0.329071,0.036109,0.013264,0.112398,0.034005,0.043059,0.329071,0.021568,0.038989,0.042465
0.307393,0.037560,0.040968,0.085134,0.033450,0.058836,0.307392,0.035736,0.035448,0.058085
0.140900,0.024877,0.037978,0.073354,0.022506,0.028261,0.140902,0.018997,0.484268,0.027957
0.044399,0.009748,0.007633,0.822118,0.010167,0.012156,0.044398,0.008809,0.028522,0.012050
0.153142,0.061942,0.027736,0.089893,0.047885,0.071824,0.153144,0.044742,0.278449,0.071244
0.045783,0.013993,0.013181,0.776221,0.013870,0.017179,0.045780,0.013549,0.043381,0.017064
0.178216,0.022897,0.018625,0.078916,0.022558,0.030399,0.178232,0.019998,0.420161,0.029998
0.111944,0.101653,0.031919,0.059425,0.128978,0.106347,0.111948,0.068702,0.172561,0.106523
0.377839,0.015924,0.013147,0.098820,0.014037,0.020767,0.377855,0.013247,0.047856,0.020510
0.261108,0.061241,0.029984,0.074434,0.036935,0.071333,0.261141,0.041849,0.091724,0.070253
0.321428,0.018030,0.011949,0.122275,0.017508,0.022246,0.321420,0.015198,0.127893,0.022055
0.034477,0.001419,0.001267,0.524575,0.001459,0.001911,0.034474,0.001204,0.397326,0.001887
0.159365,0.035944,0.072327,0.104542,0.036542,0.053519,0.159368,0.030812,0.294814,0.052767
0.228289,0.081439,0.030203,0.122309,0.052675,0.073951,0.228302,0.047107,0.062468,0.073256
0.054461,0.006552,0.004755,0.092232,0.006051,0.007446,0.054461,0.005335,0.761333,0.007374
0.214878,0.057552,0.162908,0.064858,0.056860,0.071105,0.214892,0.038000,0.048459,0.070488
0.315990,0.037254,0.012608,0.068460,0.032913,0.061293,0.316028,0.027652,0.067822,0.059979
0.039461,0.006099,0.003894,0.052749,0.005026,0.007725,0.039460,0.004998,0.832960,0.007628
0.253204,0.036890,0.025970,0.109440,0.037891,0.050240,0.253204,0.029079,0.154596,0.049487
0.142169,0.075723,0.123193,0.092377,0.071015,0.094980,0.142170,0.066482,0.097904,0.093986
0.150813,0.079527,0.112318,0.089098,0.064224,0.098474,0.150818,0.070477,0.086975,0.097274
0.266868,0.048093,0.022107,0.095484,0.044232,0.063831,0.266881,0.036246,0.093334,0.062924
0.104172,0.101803,0.089577,0.093694,0.107634,0.110027,0.104173,0.092578,0.086742,0.109599
0.163534,0.078418,0.054913,0.109271,0.076498,0.092529,0.163532,0.077555,0.091542,0.092206
0.112959,0.014549,0.013585,0.098621,0.015080,0.017343,0.112955,0.013522,0.584179,0.017207
0.306134,0.030689,0.018724,0.169276,0.023672,0.034852,0.306133,0.022340,0.053722,0.034458
0.078285,0.005192,0.003372,0.065037,0.004391,0.006758,0.078278,0.004216,0.747777,0.006694
0.288679,0.015601,0.009076,0.280137,0.014561,0.019889,0.288638,0.012029,0.051716,0.019675
0.326718,0.021628,0.012958,0.169937,0.021398,0.024225,0.326700,0.015903,0.056551,0.023982
0.159501,0.083655,0.051847,0.094687,0.096346,0.089724,0.159509,0.065971,0.109521,0.089237
0.035428,0.004737,0.007139,0.024840,0.004010,0.006588,0.035428,0.004413,0.870860,0.006558
0.111417,0.038497,0.025608,0.489758,0.043938,0.038757,0.111417,0.028253,0.073807,0.038548
0.030509,0.004704,0.002827,0.596125,0.005153,0.005709,0.030505,0.004310,0.314456,0.005703
0.165454,0.078010,0.037745,0.060813,0.115708,0.124504,0.165471,0.074734,0.054303,0.123259
0.261307,0.076783,0.031939,0.063313,0.048601,0.077872,0.261345,0.049525,0.052360,0.076955
0.105250,0.015545,0.018881,0.090027,0.014873,0.019442,0.105253,0.014924,0.596517,0.019287
0.153845,0.097316,0.034834,0.068751,0.073467,0.129926,0.153855,0.083953,0.075659,0.128393
0.259409,0.038795,0.083496,0.130724,0.032507,0.052019,0.259406,0.034256,0.058060,0.051329
0.197365,0.074332,0.042586,0.069886,0.061458,0.113433,0.197381,0.072812,0.058989,0.111756
0.192659,0.062015,0.047520,0.096826,0.052319,0.079973,0.192676,0.055733,0.140941,0.079338
0.344426,0.028331,0.014865,0.059999,0.028625,0.045006,0.344479,0.021037,0.069094,0.044137
0.275469,0.033371,0.132607,0.101897,0.024543,0.036330,0.275467,0.022614,0.061803,0.035897
0.191414,0.075443,0.063402,0.098696,0.073928,0.076121,0.191436,0.063894,0.089845,0.075821
0.194707,0.030076,0.024055,0.334735,0.033440,0.036741,0.194694,0.025234,0.089958,0.036360
0.196989,0.104733,0.055806,0.090261,0.063567,0.074954,0.197015,0.056958,0.085219,0.074499
0.302260,0.010760,0.007930,0.277176,0.010796,0.014261,0.302215,0.008992,0.051558,0.014052
0.098011,0.016054,0.008812,0.093598,0.012611,0.016163,0.098009,0.011714,0.628981,0.016047
0.230896,0.099126,0.029243,0.092198,0.050963,0.080394,0.230905,0.050721,0.055940,0.079614
0.119227,0.078259,0.079260,0.129003,0.078114,0.086839,0.119226,0.078041,0.145360,0.086671
0.014842,0.002221,0.002029,0.015054,0.002103,0.002627,0.014842,0.001909,0.941770,0.002603
0.241748,0.028103,0.021710,0.126111,0.027657,0.034500,0.241753,0.023294,0.221029,0.034094
0.030591,0.004522,0.007384,0.030745,0.004609,0.005821,0.030589,0.004170,0.875805,0.005763
0.070762,0.014939,0.012160,0.320684,0.020054,0.018559,0.070761,0.012475,0.441228,0.018378
0.236208,0.013625,0.009890,0.380000,0.012764,0.018523,0.236152,0.013199,0.061334,0.018306
0.071269,0.051508,0.228091,0.057460,0.045977,0.062959,0.071269,0.051665,0.297224,0.062578
0.099687,0.010197,0.007521,0.719265,0.008392,0.010738,0.099676,0.007259,0.026591,0.010674
0.172739,0.026512,0.016421,0.447792,0.024839,0.042740,0.172765,0.023723,0.030325,0.042143
0.303130,0.008815,0.005090,0.099895,0.006826,0.010558,0.303131,0.005134,0.247036,0.010386
0.179988,0.016635,0.009491,0.503174,0.013046,0.019617,0.179963,0.012030,0.046658,0.019398
0.273060,0.028492,0.102739,0.091914,0.022958,0.030667,0.273086,0.020604,0.126145,0.030335
0.108473,0.012910,0.009951,0.104879,0.012856,0.015771,0.108469,0.010331,0.600774,0.015586
0.062884,0.009371,0.009865,0.590224,0.006915,0.010696,0.062879,0.006400,0.230168,0.010600
0.160998,0.025434,0.013846,0.500194,0.018903,0.031671,0.161003,0.026230,0.030285,0.031434
0.120099,0.098209,0.088166,0.084661,0.091181,0.108401,0.120104,0.086464,0.095053,0.107660
0.238682,0.026184,0.013986,0.163543,0.023233,0.032531,0.238694,0.017614,0.213394,0.032141
0.326264,0.018975,0.011012,0.179741,0.017599,0.023053,0.326228,0.014300,0.060048,0.022780
0.239689,0.017970,0.012041,0.203926,0.015792,0.022241,0.239693,0.013468,0.213279,0.021900
0.267841,0.007886,0.006279,0.367444,0.007234,0.010638,0.267816,0.006678,0.047700,0.010483
0.264067,0.046429,0.034581,0.112279,0.048453,0.063522,0.264083,0.043458,0.060330,0.062797
0.023526,0.000903,0.000581,0.018184,0.000874,0.001135,0.023524,0.000669,0.929488,0.001118
0.025880,0.004271,0.004543,0.033315,0.004727,0.005400,0.025880,0.003882,0.886750,0.005351
0.149737,0.005586,0.002636,0.618787,0.004511,0.006171,0.149726,0.003550,0.053189,0.006106
0.126451,0.043971,0.024303,0.091123,0.035792,0.049285,0.126455,0.032156,0.421791,0.048674
0.096390,0.045757,0.041676,0.087166,0.042726,0.056746,0.096390,0.045043,0.431679,0.056426
0.179496,0.044798,0.030676,0.200153,0.037094,0.049411,0.179486,0.038346,0.191477,0.049064
0.303351,0.038740,0.015273,0.072900,0.028606,0.062590,0.303402,0.033884,0.079713,0.061541
0.156524,0.053533,0.054535,0.198211,0.051215,0.056050,0.156524,0.042307,0.175484,0.055616
0.029803,0.012965,0.045946,0.036454,0.012593,0.014273,0.029803,0.012151,0.791783,0.014229
0.015775,0.002294,0.001705,0.022410,0.002089,0.002519,0.015775,0.001773,0.933166,0.002494
0.086336,0.027032,0.092180,0.140501,0.029117,0.032652,0.086337,0.026169,0.447162,0.032512
0.308585,0.025314,0.017582,0.156120,0.024093,0.034302,0.308628,0.021593,0.069944,0.033839
0.088507,0.017789,0.010853,0.659096,0.017920,0.021297,0.088503,0.013442,0.061474,0.021119
0.073357,0.012843,0.008790,0.042254,0.009898,0.014160,0.073361,0.008667,0.742713,0.013959
0.038535,0.004341,0.003011,0.029465,0.004660,0.005694,0.038537,0.003697,0.866422,0.005638
0.326087,0.031537,0.019069,0.103389,0.027817,0.041075,0.326108,0.024774,0.059594,0.040550
0.011103,0.002555,0.002873,0.016265,0.002631,0.003018,0.011103,0.002391,0.945065,0.002996
0.114939,0.041861,0.120340,0.116189,0.039564,0.052918,0.114935,0.039536,0.307239,0.052479
0.059255,0.014395,0.013645,0.078122,0.014653,0.017062,0.059251,0.013893,0.712758,0.016967
0.194139,0.032370,0.027715,0.319130,0.026005,0.035068,0.194120,0.023986,0.112655,0.034813
0.178143,0.011741,0.011820,0.518839,0.010116,0.015259,0.178131,0.009902,0.050996,0.015052
0.263874,0.049862,0.033203,0.095386,0.050736,0.072413,0.263882,0.036874,0.062650,0.071120
0.237139,0.076899,0.113506,0.076113,0.050293,0.055625,0.237163,0.035424,0.062666,0.055171
0.104632,0.059821,0.046881,0.109081,0.091210,0.069279,0.104632,0.053871,0.291645,0.068947
0.370821,0.022609,0.029361,0.059641,0.026664,0.034195,0.370857,0.017373,0.034833,0.033647
0.267317,0.043444,0.051890,0.121754,0.041127,0.053029,0.267323,0.034916,0.066807,0.052393
0.022949,0.002733,0.003009,0.013103,0.002058,0.002751,0.022950,0.001743,0.925973,0.002730
0.209145,0.060628,0.041468,0.158486,0.049144,0.068685,0.209139,0.047437,0.087972,0.067897
0.094119,0.043796,0.034463,0.089044,0.041293,0.052273,0.094119,0.045787,0.453059,0.052047
0.045738,0.041679,0.009576,0.025404,0.627415,0.052986,0.045742,0.029873,0.068965,0.052621
0.174185,0.122535,0.028687,0.101541,0.053656,0.106004,0.174187,0.077624,0.056076,0.105505
0.034749,0.026540,0.010799,0.025930,0.765371,0.032865,0.034750,0.018126,0.018170,0.032701
0.281069,0.043597,0.025257,0.115681,0.037013,0.043225,0.281062,0.027647,0.102726,0.042723
0.238476,0.091456,0.026523,0.064360,0.054416,0.087120,0.238510,0.048111,0.064911,0.086118
0.238052,0.063910,0.099502,0.098454,0.049814,0.062378,0.238046,0.039593,0.048526,0.061726
0.325210,0.036742,0.025655,0.106022,0.024732,0.044235,0.325196,0.023534,0.044894,0.043779
0.272939,0.062196,0.025637,0.103668,0.050820,0.062582,0.272940,0.038452,0.048774,0.061993
0.053868,0.011502,0.010788,0.041362,0.011211,0.013158,0.053870,0.010283,0.780893,0.013065
0.368412,0.022167,0.012067,0.075881,0.019807,0.032645,0.368479,0.019034,0.049402,0.032105
0.263697,0.072068,0.024889,0.053610,0.048401,0.084753,0.263742,0.051206,0.054318,0.083315
0.336157,0.039777,0.015032,0.066079,0.028673,0.044425,0.336213,0.024269,0.065453,0.043923
0.293768,0.038340,0.027209,0.082621,0.036928,0.049589,0.293819,0.033156,0.095506,0.049065
0.322587,0.045416,0.014595,0.059921,0.031118,0.056253,0.322639,0.028754,0.063397,0.055319
0.234477,0.076051,0.031846,0.080310,0.054459,0.075550,0.234513,0.048650,0.089522,0.074621
0.209835,0.071440,0.043126,0.114441,0.054051,0.075739,0.209842,0.057026,0.089458,0.075041
0.181821,0.066493,0.045068,0.094523,0.069958,0.085260,0.181834,0.069766,0.120607,0.084670
0.301539,0.048582,0.026770,0.082675,0.038085,0.061204,0.301567,0.036213,0.043109,0.060256
0.221363,0.062904,0.040593,0.128721,0.054965,0.079251,0.221365,0.049065,0.063733,0.078040
0.288178,0.041664,0.027284,0.122341,0.038946,0.047056,0.288190,0.032319,0.067364,0.046659
0.189968,0.080666,0.059221,0.084992,0.074249,0.082942,0.189990,0.061022,0.094550,0.082401
0.229705,0.086920,0.014631,0.072172,0.143316,0.071683,0.229708,0.033617,0.047029,0.071217
0.278808,0.044686,0.029388,0.085309,0.043494,0.057742,0.278841,0.040289,0.084239,0.057205
0.025465,0.001592,0.001559,0.917095,0.001493,0.002059,0.025461,0.001452,0.021782,0.002042
0.103795,0.030144,0.018634,0.069532,0.026904,0.034686,0.103796,0.024250,0.553896,0.034365
0.022710,0.004696,0.002976,0.020903,0.003812,0.004709,0.022709,0.003099,0.909710,0.004677
0.131221,0.034009,0.466228,0.040686,0.025947,0.046586,0.131226,0.032430,0.045632,0.046035
0.039191,0.013295,0.011168,0.045303,0.012887,0.015263,0.039189,0.012313,0.796181,0.015210
0.061578,0.121232,0.093629,0.033855,0.097190,0.215787,0.061581,0.080155,0.030831,0.204162
0.339304,0.032909,0.012650,0.058203,0.039237,0.055797,0.339318,0.033872,0.033397,0.055314
0.067924,0.003627,0.011659,0.523604,0.003551,0.004879,0.067918,0.003315,0.308695,0.004830
0.372502,0.025280,0.011717,0.064372,0.023626,0.037700,0.372532,0.019952,0.035197,0.037122
0.327004,0.017677,0.011098,0.121663,0.013892,0.023860,0.327003,0.014721,0.119521,0.023561
0.335428,0.027174,0.012056,0.145357,0.017699,0.033792,0.335416,0.020446,0.039384,0.033249
0.083758,0.007021,0.006627,0.594519,0.008243,0.008519,0.083753,0.006298,0.192817,0.008445
0.335241,0.032005,0.015611,0.069125,0.026216,0.039755,0.335305,0.024321,0.083112,0.039311
0.115711,0.006946,0.006601,0.697462,0.006234,0.008795,0.115712,0.005626,0.028219,0.008693
0.216101,0.064334,0.060310,0.100389,0.055105,0.082160,0.216110,0.056123,0.068377,0.080990
0.198191,0.039369,0.030058,0.112939,0.032291,0.048681,0.198185,0.032456,0.259700,0.048130
0.159990,0.127208,0.044348,0.059340,0.063233,0.109516,0.160004,0.074254,0.093535,0.108572
0.126151,0.029418,0.018601,0.441811,0.023661,0.032158,0.126153,0.021507,0.148554,0.031986
0.060080,0.012332,0.010709,0.119345,0.012132,0.014625,0.060077,0.010468,0.685730,0.014502
0.116744,0.040721,0.036301,0.141113,0.040315,0.049224,0.116740,0.040320,0.369546,0.048975
0.278681,0.074544,0.022938,0.069339,0.043929,0.073061,0.278705,0.038235,0.048565,0.072004
0.183355,0.084687,0.055362,0.067106,0.079601,0.116664,0.183369,0.068280,0.046051,0.115525
0.214688,0.077145,0.054801,0.095645,0.060669,0.083385,0.214713,0.049831,0.066808,0.082316
0.095457,0.024249,0.019063,0.149123,0.022610,0.029390,0.095459,0.022120,0.513360,0.029169
0.301118,0.024781,0.015743,0.196475,0.022508,0.028544,0.301085,0.018700,0.062828,0.028219
0.175961,0.080137,0.048203,0.090407,0.094942,0.092102,0.175965,0.061511,0.089026,0.091747
0.301641,0.008406,0.005226,0.303465,0.008177,0.011505,0.301590,0.007024,0.041624,0.011341
0.032968,0.004093,0.002519,0.179569,0.003425,0.004442,0.032968,0.002816,0.732784,0.004415
0.228237,0.036244,0.023940,0.106760,0.033651,0.046702,0.228236,0.029107,0.221042,0.046080
0.375973,0.008499,0.005899,0.154741,0.007981,0.011489,0.375906,0.006934,0.041259,0.011320
0.022227,0.001000,0.000964,0.673829,0.001009,0.001286,0.022224,0.000881,0.275306,0.001273
0.257505,0.046603,0.038279,0.105773,0.044244,0.059356,0.257524,0.041190,0.090725,0.058803
0.004282,0.003864,0.963724,0.003346,0.003344,0.005056,0.004282,0.003673,0.003417,0.005013
0.176711,0.038406,0.029614,0.108857,0.035865,0.044840,0.176722,0.035878,0.308557,0.044549
0.261763,0.020050,0.012792,0.291856,0.020948,0.024885,0.261717,0.016977,0.064381,0.024631
0.106409,0.108510,0.074099,0.080132,0.114694,0.116151,0.106410,0.098177,0.080269,0.115150
0.231548,0.084925,0.032454,0.073928,0.056559,0.091521,0.231560,0.049846,0.057197,0.090463
0.225733,0.095282,0.024423,0.057294,0.057909,0.109701,0.225754,0.052575,0.043223,0.108106
0.136099,0.092754,0.064638,0.114416,0.111916,0.101352,0.136102,0.067779,0.074375,0.100568
0.377839,0.015924,0.013147,0.098820,0.014037,0.020767,0.377855,0.013247,0.047856,0.020510
0.089831,0.154176,0.047574,0.067000,0.097444,0.127574,0.089834,0.144674,0.054217,0.127676
0.059575,0.006335,0.005503,0.522999,0.005822,0.007319,0.059567,0.005391,0.320221,0.007268
0.321428,0.018030,0.011949,0.122275,0.017508,0.022246,0.321420,0.015198,0.127893,0.022055
0.195904,0.052994,0.031654,0.104582,0.054623,0.066504,0.195911,0.042669,0.189685,0.065475
0.241748,0.028103,0.021710,0.126111,0.027657,0.034500,0.241753,0.023294,0.221029,0.034094
0.216642,0.051413,0.046110,0.121669,0.056650,0.066844,0.216658,0.048499,0.109321,0.066193
0.119987,0.090410,0.069371,0.113787,0.092634,0.106893,0.119991,0.094589,0.085564,0.106773
0.097586,0.091276,0.179526,0.074274,0.085078,0.104096,0.097588,0.093950,0.073207,0.103419
0.168484,0.079574,0.054417,0.079574,0.078908,0.117529,0.168492,0.064033,0.073134,0.115856
0.184062,0.081966,0.046299,0.060715,0.071074,0.128931,0.184083,0.066761,0.049509,0.126601
0.100000,0.100000,0.100000,0.100000,0.100000,0.100000,0.100000,0.100000,0.100000,0.100000
0.101017,0.105836,0.017106,0.044807,0.070860,0.194391,0.101022,0.141903,0.030086,0.192971
0.110793,0.133744,0.044857,0.061804,0.087995,0.146168,0.110797,0.107640,0.051981,0.144220
0.267126,0.050195,0.026800,0.105002,0.047360,0.070207,0.267145,0.045910,0.050921,0.069334
0.025116,0.014300,0.837392,0.009351,0.009353,0.029641,0.025118,0.014155,0.006641,0.028932
0.228289,0.081439,0.030203,0.122309,0.052675,0.073951,0.228302,0.047107,0.062468,0.073256
0.190576,0.046319,0.036350,0.144820,0.041971,0.052078,0.190569,0.039433,0.206228,0.051656
0.206048,0.035129,0.022762,0.127001,0.035440,0.047958,0.206053,0.030790,0.241425,0.047393
0.292440,0.016301,0.007707,0.146572,0.020113,0.019909,0.292424,0.010539,0.174349,0.019646
0.149737,0.005586,0.002636,0.618787,0.004511,0.006171,0.149726,0.003550,0.053189,0.006106
0.154319,0.044156,0.034450,0.079135,0.037643,0.056353,0.154332,0.037268,0.346409,0.055934
0.235838,0.008505,0.005879,0.464228,0.006202,0.009570,0.235817,0.005078,0.019463,0.009419
0.143346,0.014910,0.011603,0.061763,0.013433,0.017692,0.143357,0.010530,0.565912,0.017454
0.000002,0.000001,0.999988,0.000001,0.000001,0.000002,0.000002,0.000001,0.000001,0.000002
0.004326,0.004106,0.960339,0.002781,0.003490,0.006492,0.004327,0.004293,0.003428,0.006419
0.190558,0.048943,0.039396,0.073915,0.053330,0.068384,0.190571,0.042888,0.224436,0.067579
0.139638,0.082065,0.068673,0.082026,0.079648,0.118083,0.139645,0.085152,0.088224,0.116846
0.101784,0.089188,0.156473,0.087434,0.082733,0.097440,0.101784,0.081991,0.104389,0.096784
0.132089,0.090910,0.085983,0.094115,0.087687,0.100753,0.132092,0.084421,0.092020,0.099931
0.096981,0.039299,0.437408,0.127173,0.028508,0.041159,0.096983,0.027469,0.064358,0.040663
0.085428,0.086802,0.237900,0.071359,0.084393,0.097629,0.085430,0.075711,0.078471,0.096877
0.154034,0.079821,0.079532,0.101868,0.078976,0.090598,0.154037,0.074525,0.096726,0.089884
0.133174,0.087303,0.086061,0.100223,0.087355,0.096508,0.133177,0.081642,0.098742,0.095814
0.162784,0.083859,0.059287,0.087819,0.075380,0.105373,0.162789,0.081850,0.076500,0.104360
0.027111,0.021198,0.790333,0.021250,0.019671,0.026434,0.027112,0.019751,0.021031,0.026110
0.001255,0.000951,0.990483,0.000698,0.000798,0.001408,0.001255,0.000999,0.000759,0.001394
0.077258,0.057613,0.415710,0.057429,0.052676,0.070956,0.077259,0.048050,0.072933,0.070116
0.009131,0.007438,0.921594,0.007888,0.006678,0.008288,0.009131,0.006958,0.014664,0.008231
0.006803,0.006064,0.942290,0.004191,0.004424,0.009834,0.006803,0.005571,0.004344,0.009676
0.010091,0.007311,0.924934,0.008664,0.007019,0.008169,0.010091,0.006888,0.008712,0.008122
0.008976,0.007619,0.927753,0.005962,0.007506,0.009932,0.008977,0.006322,0.007101,0.009853
0.076157,0.027955,0.627428,0.036729,0.025610,0.036326,0.076162,0.025775,0.032007,0.035850
0.025414,0.021818,0.784337,0.022469,0.021021,0.026256,0.025414,0.019749,0.027445,0.026078
0.074145,0.061396,0.008220,0.026602,0.499189,0.098527,0.074148,0.043084,0.016997,0.097691
0.003157,0.002595,0.975456,0.002690,0.002288,0.002764,0.003157,0.002250,0.002888,0.002754
0.023881,0.018040,0.819141,0.017778,0.017534,0.020893,0.023882,0.017752,0.020297,0.020802
0.037581,0.136582,0.154289,0.021307,0.091489,0.198888,0.037583,0.104679,0.019996,0.197606
0.100000,0.100000,0.100000,0.100000,0.100000,0.100000,0.100000,0.100000,0.100000,0.100000
0.067313,0.045945,0.513073,0.050085,0.037142,0.057117,0.067312,0.040871,0.064500,0.056642
0.079556,0.157248,0.078956,0.063392,0.090819,0.133938,0.079557,0.109129,0.073520,0.133885
0.023884,0.137789,0.021052,0.017616,0.149867,0.253514,0.023885,0.102911,0.016550,0.252933
0.012641,0.012278,0.890162,0.009321,0.010813,0.015094,0.012642,0.012293,0.009730,0.015025
0.028947,0.140846,0.015967,0.017017,0.087604,0.184188,0.028948,0.292804,0.016086,0.187594
0.064332,0.063897,0.215729,0.284541,0.056125,0.084248,0.064333,0.044991,0.037923,0.083881
0.023915,0.130062,0.102100,0.015689,0.358393,0.128358,0.023916,0.068220,0.019973,0.129373
0.026509,0.066662,0.507322,0.018712,0.059651,0.106449,0.026509,0.064207,0.018081,0.105897
0.000001,0.000000,0.999995,0.000000,0.000000,0.000001,0.000001,0.000000,0.000001,0.000001
0.006268,0.530612,0.003748,0.003706,0.031459,0.118890,0.006268,0.176844,0.003592,0.118613
0.000521,0.000705,0.995462,0.000423,0.000402,0.000528,0.000521,0.000426,0.000487,0.000525
0.172318,0.058896,0.068928,0.211502,0.046766,0.074221,0.172321,0.050218,0.071743,0.073086
0.016223,0.006048,0.005613,0.912126,0.006114,0.007152,0.016222,0.005600,0.017791,0.007111
0.166051,0.064664,0.049776,0.183988,0.057707,0.079500,0.166047,0.059753,0.093873,0.078642
0.149683,0.073853,0.056352,0.150966,0.074514,0.082468,0.149684,0.073852,0.106393,0.082235
0.060642,0.048511,0.539961,0.036029,0.055435,0.058763,0.060644,0.040753,0.040884,0.058377
0.127471,0.086082,0.067900,0.120594,0.081957,0.109557,0.127469,0.088397,0.082177,0.108398
0.211563,0.052957,0.046947,0.112711,0.042224,0.069604,0.211573,0.044633,0.139225,0.068563
0.012477,0.009312,0.916724,0.007870,0.006304,0.010489,0.012477,0.006388,0.007625,0.010334
0.019593,0.007947,0.895301,0.008787,0.006045,0.011825,0.019594,0.006971,0.012300,0.011637
0.059073,0.116270,0.038575,0.045182,0.114464,0.175253,0.059073,0.175052,0.039871,0.177187
0.005500,0.003646,0.962444,0.003130,0.003085,0.005048,0.005500,0.003225,0.003446,0.004978
0.123925,0.070504,0.143843,0.130403,0.058407,0.085961,0.123928,0.059667,0.118382,0.084979
0.027014,0.181398,0.017311,0.017338,0.055988,0.165077,0.027015,0.326494,0.016564,0.165799
0.000127,0.000103,0.998973,0.000077,0.000090,0.000157,0.000127,0.000106,0.000084,0.000155
0.031793,0.131222,0.024397,0.025458,0.086405,0.151335,0.031793,0.339927,0.023925,0.153745
0.017429,0.017237,0.843297,0.015100,0.016289,0.020829,0.017429,0.015158,0.016557,0.020674
0.109489,0.125270,0.051877,0.066282,0.104916,0.132686,0.109492,0.086520,0.082779,0.130689
0.100730,0.063027,0.451100,0.055241,0.040120,0.050683,0.100731,0.038962,0.048885,0.050522
0.023313,0.166935,0.022718,0.017118,0.306896,0.164047,0.023314,0.093635,0.016265,0.165759
0.012447,0.010575,0.898827,0.008131,0.010143,0.014102,0.012448,0.010418,0.008892,0.014017
0.095009,0.145098,0.237542,0.068047,0.062230,0.094766,0.095013,0.060863,0.047802,0.093631
0.108276,0.107584,0.097887,0.062766,0.079174,0.137724,0.108281,0.104516,0.056404,0.137389
0.004366,0.002273,0.973600,0.002614,0.001983,0.003235,0.004366,0.002099,0.002276,0.003188
0.006061,0.025839,0.003901,0.004948,0.872166,0.028092,0.006061,0.019368,0.005123,0.028442
0.108404,0.105757,0.090529,0.091549,0.087705,0.119185,0.108406,0.085931,0.084274,0.118258
0.129260,0.075821,0.225851,0.102008,0.052933,0.075516,0.129268,0.052093,0.082308,0.074941
0.163464,0.089826,0.048606,0.144375,0.067211,0.105590,0.163470,0.059544,0.053547,0.104367
0.025987,0.010586,0.008418,0.867939,0.009150,0.011754,0.025985,0.011141,0.017204,0.011837
0.095995,0.133394,0.057380,0.059085,0.083629,0.158438,0.095999,0.110483,0.047588,0.158009
0.000913,0.000906,0.991705,0.000738,0.000815,0.001158,0.000913,0.000852,0.000847,0.001152
0.210573,0.063387,0.064407,0.125805,0.059778,0.070484,0.210583,0.052992,0.072200,0.069792
0.169126,0.094842,0.047851,0.106138,0.068950,0.112581,0.169129,0.064441,0.056103,0.110840
0.006225,0.003531,0.960452,0.004248,0.003550,0.003930,0.006226,0.003315,0.004618,0.003906
0.117492,0.057354,0.051519,0.088027,0.054255,0.070417,0.117495,0.054571,0.318919,0.069951
0.099364,0.118142,0.081858,0.082201,0.077972,0.119608,0.099366,0.075920,0.126740,0.118830
0.191143,0.068188,0.066930,0.115417,0.068558,0.077944,0.191150,0.060258,0.083145,0.077268
0.153079,0.078327,0.073160,0.097340,0.083800,0.102209,0.153087,0.075521,0.082026,0.101450
0.138431,0.113987,0.048740,0.068323,0.092069,0.133821,0.138433,0.078466,0.054717,0.133013
0.237784,0.072085,0.045366,0.065716,0.048958,0.091913,0.237814,0.055835,0.053935,0.090593
0.079387,0.067766,0.339679,0.046677,0.059410,0.098122,0.079390,0.061991,0.070520,0.097059
0.062182,0.053760,0.496108,0.037372,0.053855,0.071369,0.062185,0.054659,0.037872,0.070638
0.019093,0.007994,0.897764,0.010338,0.007787,0.009668,0.019094,0.007310,0.011366,0.009586
0.001573,0.001345,0.987070,0.001192,0.001335,0.001604,0.001573,0.001229,0.001486,0.001593
0.165592,0.086528,0.062721,0.079690,0.085702,0.104782,0.165602,0.078262,0.067109,0.104012
0.079900,0.081802,0.290531,0.039619,0.066776,0.117627,0.079903,0.092699,0.034263,0.116879
0.100000,0.100000,0.100000,0.100000,0.100000,0.100000,0.100000,0.100000,0.100000,0.100000
0.157373,0.063574,0.168072,0.078580,0.060674,0.070362,0.157380,0.054818,0.119213,0.069954
0.229004,0.050422,0.057855,0.117050,0.048621,0.061598,0.229020,0.044834,0.100570,0.061026
0.102390,0.070696,0.277099,0.070767,0.058330,0.082237,0.102393,0.064922,0.089433,0.081734
0.207084,0.076058,0.041893,0.068287,0.059986,0.114773,0.207108,0.069038,0.042942,0.112831
0.140408,0.092656,0.053959,0.066752,0.098815,0.131983,0.140417,0.081939,0.062532,0.130539
0.093762,0.136043,0.136260,0.087021,0.085002,0.091930,0.093763,0.088285,0.096090,0.091844
0.013943,0.009244,0.898365,0.008960,0.009380,0.012760,0.013943,0.008626,0.012188,0.012590
0.132148,0.148890,0.059718,0.072998,0.062650,0.107644,0.132156,0.069159,0.107964,0.106673
0.089530,0.081231,0.343027,0.060212,0.064352,0.077890,0.089535,0.058789,0.057590,0.077842
0.002634,0.002238,0.979487,0.001509,0.001890,0.002889,0.002634,0.002159,0.001694,0.002865
0.081201,0.073249,0.340056,0.051697,0.056416,0.097554,0.081204,0.071096,0.050481,0.097045
0.080296,0.213378,0.116921,0.072767,0.070800,0.090072,0.080297,0.080732,0.104712,0.090024
0.121967,0.185118,0.070688,0.084578,0.070035,0.092276,0.121973,0.072646,0.088914,0.091805
0.078168,0.110035,0.159339,0.066981,0.083701,0.128553,0.078169,0.094280,0.072726,0.128048
0.143999,0.082306,0.091986,0.095682,0.085406,0.099201,0.144003,0.073657,0.085123,0.098637
0.160539,0.069344,0.065216,0.123434,0.079678,0.074495,0.160539,0.059826,0.132804,0.074124
0.100000,0.100000,0.100000,0.100000,0.100000,0.100000,0.100000,0.100000,0.100000,0.100000
0.136845,0.055188,0.278156,0.094013,0.049315,0.071302,0.136852,0.048631,0.058972,0.070726
0.093535,0.104486,0.100836,0.089779,0.097763,0.107306,0.093535,0.108658,0.096543,0.107559
0.192529,0.057406,0.053553,0.132853,0.055583,0.066798,0.192533,0.048500,0.134153,0.066091
0.087075,0.051331,0.450105,0.062126,0.056612,0.053517,0.087075,0.044615,0.054193,0.053349
0.138452,0.069467,0.289414,0.057188,0.049020,0.075151,0.138464,0.050027,0.058289,0.074528
0.192393,0.053323,0.055017,0.170893,0.053204,0.074278,0.192397,0.047779,0.087266,0.073448
0.126314,0.094285,0.105664,0.087510,0.079479,0.109971,0.126315,0.087269,0.074090,0.109103
0.207823,0.044689,0.036830,0.158792,0.045538,0.063079,0.207833,0.043508,0.129223,0.062685
0.191390,0.056703,0.127144,0.101295,0.061584,0.072583,0.191407,0.052370,0.073489,0.072036
0.099271,0.065396,0.224344,0.064920,0.081369,0.097552,0.099273,0.066417,0.104706,0.096752
0.293235,0.026397,0.030469,0.081490,0.028229,0.040196,0.293265,0.023113,0.144066,0.039538
0.222494,0.041859,0.088447,0.171101,0.045249,0.058796,0.222503,0.038320,0.053180,0.058050
0.210511,0.042720,0.205163,0.064606,0.036223,0.065362,0.210544,0.036943,0.063485,0.064443
0.128173,0.107389,0.041317,0.065834,0.091851,0.130577,0.128181,0.112420,0.063788,0.130468
0.082305,0.100674,0.208714,0.074017,0.082751,0.102706,0.082306,0.084305,0.079744,0.102477
0.224997,0.036352,0.046612,0.225955,0.037577,0.043725,0.225007,0.031335,0.085100,0.043340
0.167866,0.044858,0.038757,0.202830,0.029309,0.038625,0.167864,0.026384,0.245307,0.038201
0.145965,0.068050,0.102783,0.103972,0.076894,0.071982,0.145971,0.055794,0.157060,0.071531
0.161159,0.056578,0.071730,0.196104,0.063212,0.066313,0.161157,0.054673,0.103091,0.065982
0.209468,0.058790,0.042973,0.084366,0.063453,0.083587,0.209475,0.054294,0.111049,0.082544
0.133966,0.118126,0.081980,0.089632,0.083147,0.093354,0.133970,0.076136,0.096851,0.092837
0.093004,0.057594,0.346370,0.079128,0.050438,0.068662,0.093008,0.056667,0.086791,0.068337
0.004282,0.003864,0.963724,0.003346,0.003344,0.005056,0.004282,0.003673,0.003417,0.005013
0.178943,0.046779,0.069862,0.201682,0.043939,0.054577,0.178945,0.041422,0.129735,0.054117
0.188869,0.044204,0.110670,0.118976,0.043629,0.063570,0.188880,0.043227,0.135126,0.062848
0.121147,0.119465,0.047637,0.075875,0.099585,0.127695,0.121149,0.089121,0.070480,0.127845
0.116758,0.104799,0.131945,0.101098,0.084870,0.093677,0.116759,0.072939,0.083876,0.093279
0.001700,0.001154,0.987681,0.001511,0.001140,0.001228,0.001700,0.001102,0.001560,0.001225
0.012341,0.006218,0.900727,0.022261,0.006170,0.007557,0.012341,0.005855,0.019015,0.007516
0.121497,0.096626,0.099231,0.121269,0.096896,0.094543,0.121497,0.068923,0.085582,0.093936
0.018633,0.014151,0.847755,0.019020,0.013416,0.018202,0.018634,0.013846,0.018271,0.018073
0.019743,0.184243,0.015054,0.015033,0.073033,0.199647,0.019743,0.251603,0.014154,0.207748
0.018470,0.006721,0.008647,0.889183,0.006968,0.007420,0.018469,0.006383,0.030352,0.007387
0.100000,0.100000,0.100000,0.100000,0.100000,0.100000,0.100000,0.100000,0.100000,0.100000
0.005778,0.043953,0.003524,0.003217,0.015813,0.095158,0.005778,0.722916,0.002896,0.100966
0.043725,0.108980,0.090339,0.022651,0.118112,0.240298,0.043728,0.082430,0.019835,0.229901
0.011657,0.014510,0.866064,0.008266,0.014505,0.023803,0.011658,0.017295,0.008601,0.023643
0.057283,0.110568,0.063082,0.034859,0.085331,0.202272,0.057285,0.157153,0.029898,0.202269
0.127794,0.065863,0.057402,0.122010,0.123290,0.084208,0.127797,0.066415,0.141422,0.083799
0.095842,0.100048,0.066430,0.067729,0.156642,0.124085,0.095845,0.107877,0.061596,0.123907
0.068640,0.030816,0.621730,0.040650,0.026275,0.041405,0.068641,0.029505,0.031275,0.041064
0.154963,0.083344,0.047115,0.059133,0.113997,0.129295,0.154974,0.083228,0.046334,0.127617
0.004995,0.005517,0.951142,0.004727,0.004617,0.006086,0.004995,0.005682,0.006147,0.006090
0.243457,0.063178,0.026509,0.056546,0.054608,0.102378,0.243483,0.059998,0.049299,0.100544
0.007942,0.005403,0.944472,0.005283,0.004754,0.006848,0.007942,0.005001,0.005547,0.006810
0.077552,0.105269,0.033449,0.051719,0.101255,0.181803,0.077555,0.139758,0.050555,0.181087
0.082123,0.110049,0.285404,0.037070,0.057611,0.115676,0.082127,0.079898,0.032719,0.117323
0.040224,0.183996,0.016427,0.023110,0.111547,0.192695,0.040225,0.169554,0.025511,0.196710
0.202913,0.066615,0.047537,0.076983,0.061221,0.095298,0.202936,0.067666,0.084329,0.094501
0.157402,0.099749,0.045553,0.079550,0.068702,0.126507,0.157409,0.087813,0.052485,0.124831
0.231015,0.064491,0.022543,0.041774,0.039207,0.136158,0.231059,0.066905,0.033301,0.133546
0.100000,0.100000,0.100000,0.100000,0.100000,0.100000,0.100000,0.100000,0.100000,0.100000
0.227297,0.054896,0.079014,0.093260,0.050960,0.081345,0.227319,0.047449,0.058418,0.080044
0.179662,0.065543,0.066683,0.124556,0.055268,0.095493,0.179660,0.065845,0.073081,0.094208
0.143416,0.097151,0.075561,0.089720,0.071273,0.116067,0.143423,0.082770,0.064352,0.116267
0.100000,0.100000,0.100000,0.100000,0.100000,0.100000,0.100000,0.100000,0.100000,0.100000
0.316918,0.050001,0.020423,0.077035,0.029077,0.056113,0.316958,0.027443,0.050941,0.055090
0.267007,0.049814,0.035631,0.089195,0.047121,0.071108,0.267021,0.038337,0.064767,0.069999
0.186279,0.061484,0.048982,0.129732,0.056788,0.072310,0.186279,0.056993,0.129325,0.071827
0.167292,0.053003,0.284589,0.071881,0.040167,0.069038,0.167301,0.038323,0.040534,0.067871
0.158264,0.049429,0.295337,0.040896,0.040342,0.088654,0.158280,0.041297,0.040849,0.086651
0.178157,0.080004,0.031381,0.052752,0.075040,0.146204,0.178179,0.078220,0.036522,0.143541
0.034992,0.031876,0.749365,0.025777,0.016851,0.030054,0.034993,0.020510,0.025736,0.029845
0.073666,0.056184,0.442000,0.040672,0.047407,0.080775,0.073669,0.056768,0.049237,0.079622
0.183228,0.036711,0.349808,0.056863,0.028452,0.044232,0.183251,0.022898,0.050871,0.043687
0.017385,0.016193,0.846540,0.015379,0.013468,0.018122,0.017386,0.014526,0.022940,0.018060
0.214118,0.050398,0.183288,0.069973,0.040436,0.067225,0.214134,0.040865,0.053281,0.066281
0.000001,0.000000,0.999995,0.000000,0.000000,0.000001,0.000001,0.000000,0.000001,0.000001
0.038615,0.159990,0.028569,0.031618,0.081940,0.169616,0.038615,0.242706,0.029555,0.178776
0.123579,0.101832,0.196936,0.080403,0.059500,0.080473,0.123585,0.065865,0.087533,0.080294
0.000046,0.000039,0.999609,0.000042,0.000039,0.000042,0.000046,0.000038,0.000055,0.000042
0.072825,0.124152,0.151232,0.060398,0.095973,0.129112,0.072827,0.100500,0.063857,0.129125
0.080901,0.075252,0.194051,0.099661,0.074071,0.124680,0.080902,0.104466,0.041791,0.124224
0.030585,0.055972,0.404611,0.013605,0.176105,0.113410,0.030587,0.049783,0.013155,0.112186
0.025839,0.015891,0.818414,0.022033,0.016185,0.017090,0.025840,0.015277,0.026388,0.017043
0.218556,0.055076,0.054330,0.111680,0.057715,0.072934,0.218565,0.049925,0.089222,0.071996
0.030311,0.052649,0.236051,0.019791,0.431617,0.065840,0.030312,0.040879,0.026805,0.065745
0.105453,0.097592,0.178810,0.052651,0.096888,0.121026,0.105457,0.078270,0.043041,0.120811
0.013650,0.008801,0.903089,0.010019,0.008425,0.013106,0.013650,0.008573,0.007719,0.012967
0.135994,0.056102,0.049463,0.228195,0.052514,0.073836,0.135995,0.055211,0.139423,0.073265
0.202924,0.069920,0.051316,0.104613,0.069506,0.080451,0.202919,0.058644,0.079954,0.079754
0.000314,0.000288,0.997307,0.000236,0.000253,0.000371,0.000314,0.000303,0.000244,0.000369
0.007469,0.003985,0.953542,0.004644,0.003999,0.005328,0.007470,0.003701,0.004577,0.005283
0.008665,0.007145,0.926900,0.006527,0.006542,0.010479,0.008665,0.007031,0.007698,0.010347
0.013542,0.010070,0.895856,0.011464,0.009243,0.011853,0.013542,0.009580,0.013072,0.011777
0.045184,0.026543,0.709725,0.026741,0.025137,0.032314,0.045186,0.025034,0.031997,0.032141
0.000019,0.000014,0.999856,0.000012,0.000012,0.000020,0.000019,0.000013,0.000014,0.000020
0.001663,0.001422,0.986279,0.001481,0.001398,0.001543,0.001663,0.001412,0.001601,0.001540
0.090162,0.105483,0.114936,0.063536,0.089021,0.140142,0.090164,0.107013,0.059976,0.139567
0.110433,0.098938,0.132523,0.074446,0.078895,0.117383,0.110435,0.092823,0.067359,0.116764
0.100000,0.100000,0.100000,0.100000,0.100000,0.100000,0.100000,0.100000,0.100000,0.100000
0.085954,0.087626,0.203576,0.072799,0.074908,0.102699,0.085955,0.092066,0.091942,0.102475
0.001718,0.001552,0.984821,0.001514,0.001559,0.001732,0.001718,0.001597,0.002064,0.001726
0.004606,0.003030,0.968649,0.002729,0.002676,0.004006,0.004606,0.002734,0.003009,0.003954
0.199612,0.083634,0.045418,0.065560,0.064248,0.114913,0.199626,0.067243,0.045977,0.113770
0.037804,0.039467,0.629646,0.032258,0.039172,0.049798,0.037804,0.042229,0.042400,0.049423
0.000727,0.000479,0.995198,0.000385,0.000376,0.000673,0.000727,0.000409,0.000364,0.000663
0.130230,0.104059,0.084420,0.073890,0.077147,0.126177,0.130236,0.091369,0.057417,0.125056
0.008185,0.007087,0.932298,0.006378,0.006106,0.008223,0.008185,0.006416,0.008967,0.008154
0.010851,0.008963,0.913168,0.008484,0.008318,0.010886,0.010851,0.008380,0.009298,0.010800
0.000497,0.000464,0.995714,0.000360,0.000408,0.000609,0.000497,0.000463,0.000384,0.000604
0.000000,0.000000,0.999998,0.000000,0.000000,0.000000,0.000000,0.000000,0.000000,0.000000
0.000428,0.000347,0.996594,0.000332,0.000321,0.000421,0.000428,0.000332,0.000378,0.000419
0.000535,0.000508,0.995171,0.000440,0.000484,0.000643,0.000535,0.000541,0.000504,0.000640
0.000232,0.000191,0.998155,0.000172,0.000176,0.000231,0.000232,0.000188,0.000193,0.000230
0.002411,0.002434,0.977636,0.001993,0.002535,0.002836,0.002411,0.002628,0.002294,0.002821
0.057430,0.060256,0.436038,0.049252,0.054949,0.076660,0.057431,0.061806,0.069749,0.076429
0.004567,0.003903,0.961708,0.003596,0.003530,0.004950,0.004567,0.003695,0.004577,0.004908
0.189307,0.057683,0.071863,0.113938,0.059379,0.071110,0.189319,0.052923,0.123864,0.070613
0.062657,0.060915,0.500957,0.045377,0.043179,0.066722,0.062659,0.049091,0.042295,0.066149
0.106619,0.049708,0.426713,0.048843,0.050526,0.063887,0.106624,0.041401,0.042506,0.063173
0.021244,0.009208,0.834649,0.056501,0.009428,0.011890,0.021244,0.009430,0.014564,0.011841
0.065717,0.031260,0.601936,0.035688,0.031972,0.040516,0.065721,0.030471,0.056391,0.040327
0.145673,0.110468,0.066829,0.086683,0.074587,0.102155,0.145680,0.074785,0.091613,0.101527
0.237041,0.061619,0.035534,0.064868,0.055128,0.099744,0.237070,0.060415,0.050303,0.098279
0.205422,0.034229,0.031811,0.307725,0.038379,0.042004,0.205417,0.027545,0.065912,0.041557
0.082627,0.032234,0.567237,0.032450,0.026206,0.051565,0.082636,0.032012,0.042017,0.051015
0.006541,0.007599,0.931429,0.004885,0.005675,0.011159,0.006541,0.006933,0.008246,0.010993
0.018014,0.007439,0.889572,0.020811,0.006696,0.010192,0.018013,0.006632,0.012542,0.010089
0.005490,0.005167,0.954558,0.003832,0.005937,0.005408,0.005491,0.003739,0.005000,0.005379
0.007686,0.003717,0.815750,0.138290,0.003690,0.004566,0.007685,0.003771,0.010299,0.004547
0.002373,0.001435,0.984159,0.001395,0.001276,0.002042,0.002373,0.001297,0.001637,0.002015
0.006799,0.004526,0.946723,0.010409,0.004286,0.005643,0.006799,0.004167,0.005040,0.005608
0.025716,0.022090,0.776215,0.026767,0.017658,0.030602,0.025716,0.022119,0.022782,0.030335
0.124315,0.069799,0.078832,0.138805,0.065377,0.090860,0.124315,0.072703,0.144730,0.090262
0.000246,0.000208,0.998014,0.000161,0.000171,0.000287,0.000246,0.000203,0.000181,0.000285
0.001470,0.001177,0.988528,0.001029,0.001023,0.001625,0.001470,0.001111,0.000956,0.001611
0.001376,0.001104,0.989006,0.000969,0.001053,0.001530,0.001376,0.001114,0.000962,0.001511
0.069479,0.065218,0.394001,0.059246,0.067078,0.077126,0.069479,0.063981,0.057507,0.076886
0.005895,0.003953,0.956748,0.004216,0.003341,0.006034,0.005895,0.004008,0.003965,0.005945
0.007382,0.005031,0.947169,0.004552,0.004553,0.007025,0.007382,0.005034,0.004905,0.006966
0.013234,0.005853,0.907310,0.022701,0.005553,0.007360,0.013234,0.005877,0.011572,0.007308
0.132817,0.051857,0.298495,0.057588,0.050045,0.088746,0.132826,0.050717,0.049426,0.087483
0.028301,0.020322,0.799452,0.016892,0.016333,0.028938,0.028301,0.017904,0.015028,0.028529
0.108001,0.076877,0.087564,0.209069,0.064765,0.102317,0.108000,0.073670,0.068074,0.101664
0.034934,0.020165,0.752708,0.043017,0.017481,0.024088,0.034934,0.018104,0.030658,0.023911
0.116553,0.096772,0.025582,0.038941,0.078137,0.196948,0.116562,0.105827,0.031937,0.192740
0.218335,0.068685,0.038369,0.054340,0.052454,0.121368,0.218361,0.065017,0.043935,0.119135
0.127273,0.082340,0.158670,0.064665,0.063324,0.120198,0.127279,0.069563,0.068115,0.118575
0.022597,0.008279,0.705976,0.193007,0.006829,0.009856,0.022597,0.006837,0.014264,0.009757
0.185665,0.070327,0.070105,0.104759,0.063915,0.086172,0.185672,0.064447,0.083607,0.085331
0.222042,0.038662,0.138630,0.131196,0.041135,0.054673,0.222055,0.035010,0.062704,0.053894
0.180637,0.049002,0.197008,0.059618,0.046542,0.067700,0.180656,0.044198,0.107793,0.066845
0.002169,0.001784,0.983847,0.000999,0.001287,0.002653,0.002169,0.001518,0.000957,0.002616
0.129572,0.054001,0.236368,0.067344,0.046874,0.070989,0.129581,0.050153,0.144606,0.070511
0.175669,0.083372,0.052043,0.062694,0.071680,0.122520,0.175682,0.079955,0.055510,0.120875
0.130030,0.077269,0.056894,0.154865,0.067818,0.077598,0.130029,0.064613,0.163683,0.077202
0.034239,0.029025,0.721755,0.020060,0.026449,0.041220,0.034240,0.030253,0.021921,0.040838
0.227506,0.063571,0.026038,0.160563,0.045852,0.071924,0.227508,0.043989,0.062047,0.071002
0.182514,0.046483,0.100470,0.127312,0.051738,0.064206,0.182519,0.042378,0.138839,0.063542
0.001287,0.001412,0.988042,0.000747,0.001065,0.001977,0.001287,0.001305,0.000916,0.001963
0.013307,0.007603,0.916071,0.006436,0.005628,0.012908,0.013308,0.006942,0.005158,0.012640
0.033112,0.014752,0.816913,0.017879,0.014901,0.019302,0.033113,0.012841,0.018067,0.019119
0.066443,0.106714,0.056695,0.045003,0.098966,0.208887,0.066446,0.106226,0.037070,0.207549
0.205161,0.060366,0.053807,0.136844,0.053588,0.079610,0.205168,0.052481,0.074829,0.078147
0.038438,0.089179,0.340358,0.017506,0.094525,0.153923,0.038441,0.057696,0.018429,0.151505
0.086240,0.106672,0.112413,0.068798,0.094503,0.126193,0.086241,0.121872,0.070751,0.126317
0.171278,0.049130,0.055047,0.239083,0.044058,0.057964,0.171277,0.040404,0.114409,0.057349
0.004510,0.003239,0.967756,0.002905,0.002800,0.004429,0.004510,0.002747,0.002729,0.004375
0.100000,0.100000,0.100000,0.100000,0.100000,0.100000,0.100000,0.100000,0.100000,0.100000
0.179892,0.075660,0.055067,0.072553,0.064176,0.123791,0.179914,0.070079,0.057234,0.121634
0.055163,0.048223,0.235622,0.395362,0.034361,0.045317,0.055162,0.038354,0.047034,0.045402
0.281950,0.045348,0.033736,0.078558,0.039883,0.066691,0.281972,0.037603,0.068793,0.065466
0.121256,0.070681,0.059086,0.130928,0.071371,0.082978,0.121256,0.071293,0.188370,0.082781
0.178186,0.065876,0.074525,0.126620,0.062612,0.078730,0.178191,0.062250,0.094678,0.078332
0.190759,0.074355,0.055541,0.079841,0.082636,0.101525,0.190768,0.065216,0.058850,0.100508
0.170479,0.066423,0.148146,0.084415,0.055870,0.092938,0.170492,0.062269,0.056899,0.092069
0.072200,0.251096,0.070300,0.065030,0.080065,0.107334,0.072201,0.111078,0.062373,0.108325
0.112970,0.097415,0.058013,0.060152,0.134479,0.134077,0.112978,0.099685,0.057171,0.133062
0.100000,0.100000,0.100000,0.100000,0.100000,0.100000,0.100000,0.100000,0.100000,0.100000
0.100000,0.100000,0.100000,0.100000,0.100000,0.100000,0.100000,0.100000,0.100000,0.100000
0.315990,0.037254,0.012608,0.068460,0.032913,0.061293,0.316028,0.027652,0.067822,0.059979
0.072200,0.251096,0.070300,0.065030,0.080065,0.107334,0.072201,0.111078,0.062373,0.108325
0.249093,0.059157,0.049530,0.097784,0.052966,0.066996,0.249098,0.043947,0.065008,0.066421
0.328103,0.043205,0.012866,0.097749,0.025946,0.051278,0.328105,0.028962,0.032839,0.050947
0.279617,0.069122,0.029768,0.069190,0.044857,0.071550,0.279644,0.036619,0.049502,0.070131
0.182104,0.073796,0.066269,0.100638,0.089430,0.078871,0.182113,0.061130,0.087288,0.078360
0.261919,0.063075,0.028579,0.065968,0.053710,0.080514,0.261953,0.048280,0.056484,0.079519
0.100000,0.100000,0.100000,0.100000,0.100000,0.100000,0.100000,0.100000,0.100000,0.100000
0.402984,0.014973,0.007199,0.069500,0.012542,0.019264,0.403032,0.010532,0.041026,0.018946
0.100000,0.100000,0.100000,0.100000,0.100000,0.100000,0.100000,0.100000,0.100000,0.100000
0.362135,0.014885,0.010162,0.127233,0.014917,0.020763,0.362161,0.011910,0.055367,0.020467
0.349858,0.029090,0.014073,0.093423,0.024087,0.034659,0.349877,0.021379,0.049299,0.034255
0.303011,0.045848,0.022684,0.093613,0.038801,0.052960,0.303029,0.033275,0.054689,0.052091
0.262604,0.056486,0.040109,0.088185,0.044748,0.066823,0.262625,0.039373,0.073055,0.065992
0.324042,0.041318,0.018533,0.087778,0.028806,0.048824,0.324063,0.031464,0.046981,0.048191
0.100000,0.100000,0.100000,0.100000,0.100000,0.100000,0.100000,0.100000,0.100000,0.100000
0.339346,0.024016,0.009722,0.118505,0.017254,0.025647,0.339355,0.013987,0.086884,0.025284
0.382876,0.030419,0.010993,0.059858,0.018856,0.031473,0.382925,0.015097,0.036478,0.031024
0.338492,0.028691,0.009751,0.128183,0.027339,0.039001,0.338464,0.019624,0.032045,0.038411
0.364721,0.026548,0.014637,0.064242,0.021393,0.041033,0.364740,0.023724,0.038655,0.040308
0.334973,0.022861,0.015815,0.084223,0.020659,0.033199,0.334971,0.017165,0.103625,0.032510
0.371229,0.016310,0.008704,0.124226,0.018284,0.019284,0.371206,0.011695,0.040017,0.019046
0.322055,0.033249,0.018700,0.098055,0.039164,0.042154,0.322062,0.026404,0.056377,0.041780
0.410414,0.017403,0.008073,0.053924,0.013614,0.024642,0.410426,0.012133,0.025298,0.024072
0.198788,0.019345,0.012686,0.125595,0.021372,0.022731,0.198778,0.015541,0.362613,0.022552
0.338736,0.033619,0.016310,0.086471,0.028031,0.037091,0.338737,0.023638,0.060710,0.036656
0.296264,0.017976,0.014097,0.251039,0.017948,0.022242,0.296220,0.014365,0.047883,0.021967
0.312373,0.031843,0.029639,0.114199,0.031323,0.041983,0.312372,0.026969,0.057750,0.041548
0.340486,0.020899,0.014026,0.151043,0.019104,0.026110,0.340457,0.016840,0.045248,0.025787
0.266396,0.051219,0.056522,0.088747,0.043370,0.061990,0.266413,0.042722,0.061204,0.061417
0.313304,0.018026,0.010827,0.217434,0.019842,0.021046,0.313260,0.014088,0.051326,0.020847
0.320631,0.038702,0.019231,0.087244,0.035804,0.050192,0.320673,0.036792,0.040859,0.049873
0.287849,0.038406,0.032405,0.121424,0.036147,0.047047,0.287835,0.029215,0.073288,0.046383
0.393499,0.013403,0.005435,0.116555,0.010374,0.015889,0.393483,0.007889,0.027869,0.015603
0.389948,0.017596,0.009951,0.076359,0.016192,0.025165,0.389942,0.013497,0.036629,0.024721
0.298897,0.046931,0.021253,0.078221,0.041490,0.065997,0.298924,0.038915,0.044415,0.064957
0.142980,0.024645,0.021123,0.527944,0.020309,0.026099,0.142972,0.017643,0.050479,0.025805
0.344144,0.036959,0.027134,0.053107,0.028571,0.049098,0.344203,0.027295,0.041159,0.048332
0.314051,0.025543,0.016716,0.161778,0.027069,0.031020,0.314028,0.019990,0.059154,0.030652
0.333765,0.032709,0.016841,0.098744,0.029179,0.044345,0.333781,0.025975,0.040942,0.043720
0.208948,0.054817,0.061722,0.138049,0.047197,0.065318,0.208955,0.051196,0.098967,0.064830
0.129938,0.076376,0.057801,0.082980,0.065179,0.081779,0.129940,0.061638,0.232894,0.081474
0.314062,0.032519,0.074656,0.089884,0.021327,0.039025,0.314063,0.020730,0.055458,0.038275
0.245585,0.047402,0.104815,0.088574,0.046851,0.066848,0.245598,0.037243,0.051435,0.065649
0.393321,0.022545,0.009069,0.053219,0.018342,0.031902,0.393343,0.015344,0.031773,0.031142
0.122643,0.060462,0.276906,0.106958,0.051143,0.069884,0.122642,0.054858,0.065090,0.069414
0.415496,0.012185,0.007154,0.067774,0.011179,0.018009,0.415500,0.009150,0.025903,0.017649
0.260126,0.023999,0.011919,0.205352,0.019544,0.027211,0.260106,0.018451,0.146305,0.026986
0.366217,0.032015,0.018488,0.051524,0.026361,0.041621,0.366277,0.022816,0.033728,0.040953
0.250685,0.054875,0.053349,0.099563,0.058436,0.062311,0.250687,0.040239,0.068136,0.061718
0.362325,0.031610,0.013513,0.063197,0.024751,0.040748,0.362354,0.022102,0.039328,0.040071
0.268459,0.065291,0.024843,0.095436,0.041187,0.069327,0.268467,0.042895,0.055572,0.068524
0.002913,0.949301,0.000940,0.001442,0.005282,0.013783,0.002913,0.008690,0.001181,0.013555
0.209843,0.044984,0.029611,0.183385,0.040107,0.053548,0.209821,0.041466,0.134008,0.053227
0.000521,0.000705,0.995462,0.000423,0.000402,0.000528,0.000521,0.000426,0.000487,0.000525
0.175961,0.080137,0.048203,0.090407,0.094942,0.092102,0.175965,0.061511,0.089026,0.091747
0.005246,0.856627,0.003541,0.003063,0.015869,0.038843,0.005246,0.030301,0.002994,0.038270
0.420499,0.015445,0.011977,0.038637,0.014281,0.021980,0.420606,0.010809,0.024153,0.021614
0.000001,0.000000,0.999995,0.000000,0.000000,0.000001,0.000001,0.000000,0.000001,0.000001
0.100730,0.063027,0.451100,0.055241,0.040120,0.050683,0.100731,0.038962,0.048885,0.050522
0.111417,0.038497,0.025608,0.489758,0.043938,0.038757,0.111417,0.028253,0.073807,0.038548
0.284897,0.020917,0.009379,0.188428,0.014984,0.023888,0.284887,0.013218,0.135811,0.023592
0.165454,0.078010,0.037745,0.060813,0.115708,0.124504,0.165471,0.074734,0.054303,0.123259
0.004210,0.880383,0.002334,0.002982,0.012518,0.029106,0.004210,0.031876,0.002706,0.029674
0.155447,0.046804,0.140430,0.145181,0.037858,0.045306,0.155435,0.034752,0.193752,0.045035
0.004042,0.300846,0.002561,0.002735,0.023808,0.126515,0.004042,0.399901,0.002660,0.132890
0.002265,0.921876,0.000517,0.001080,0.018725,0.019580,0.002265,0.012813,0.000813,0.020067
0.187645,0.066848,0.041877,0.117652,0.063433,0.069838,0.187639,0.050970,0.144686,0.069412
0.132148,0.148890,0.059718,0.072998,0.062650,0.107644,0.132156,0.069159,0.107964,0.106673
0.080296,0.213378,0.116921,0.072767,0.070800,0.090072,0.080297,0.080732,0.104712,0.090024
0.121147,0.119465,0.047637,0.075875,0.099585,0.127695,0.121149,0.089121,0.070480,0.127845
0.193817,0.060740,0.038864,0.156151,0.057681,0.064049,0.193809,0.046861,0.124386,0.063642
0.093762,0.136043,0.136260,0.087021,0.085002,0.091930,0.093763,0.088285,0.096090,0.091844
0.011488,0.124237,0.008269,0.008677,0.065280,0.239387,0.011488,0.272609,0.008121,0.250446
0.008393,0.818080,0.003308,0.003667,0.013807,0.045500,0.008394,0.048991,0.003287,0.046573
0.120099,0.098209,0.088166,0.084661,0.091181,0.108401,0.120104,0.086464,0.095053,0.107660
0.016649,0.262142,0.014427,0.011522,0.250736,0.145776,0.016649,0.123514,0.011009,0.147576
0.004282,0.003864,0.963724,0.003346,0.003344,0.005056,0.004282,0.003673,0.003417,0.005013
0.009640,0.442549,0.005424,0.005901,0.031748,0.115134,0.009641,0.255594,0.005604,0.118765
0.002177,0.899352,0.000669,0.001152,0.022758,0.026179,0.002177,0.017753,0.000877,0.026906
0.005260,0.826745,0.002086,0.002982,0.015485,0.045618,0.005261,0.046703,0.003000,0.046860
0.010056,0.772922,0.005094,0.005953,0.020970,0.052451,0.010057,0.063770,0.005134,0.053593
0.027640,0.651814,0.006345,0.015033,0.056519,0.088127,0.027640,0.028698,0.012754,0.085431
0.174185,0.122535,0.028687,0.101541,0.053656,0.106004,0.174187,0.077624,0.056076,0.105505
0.108593,0.026628,0.011533,0.140409,0.025519,0.026415,0.108591,0.018265,0.507786,0.026260
0.000783,0.947251,0.000342,0.000416,0.012244,0.013409,0.000783,0.010555,0.000359,0.013857
0.221042,0.048106,0.032866,0.163398,0.041179,0.052413,0.221028,0.036807,0.131200,0.051960
0.319805,0.036063,0.013725,0.102167,0.031112,0.029675,0.319789,0.018335,0.099940,0.029388
0.189968,0.080666,0.059221,0.084992,0.074249,0.082942,0.189990,0.061022,0.094550,0.082401
0.159990,0.127208,0.044348,0.059340,0.063233,0.109516,0.160004,0.074254,0.093535,0.108572
0.023447,0.179651,0.013463,0.013868,0.092842,0.281845,0.023448,0.094509,0.012560,0.264369
0.000897,0.956942,0.000456,0.000544,0.003232,0.011699,0.000897,0.012700,0.000505,0.012130
0.003889,0.833394,0.001606,0.002220,0.015540,0.037643,0.003889,0.060449,0.002084,0.039288
0.002941,0.923106,0.000943,0.001370,0.019695,0.019425,0.002941,0.009476,0.001162,0.018942
0.002632,0.884146,0.001405,0.001685,0.010280,0.025174,0.002632,0.044265,0.001537,0.026243
0.197866,0.114402,0.030594,0.118294,0.054989,0.080607,0.197870,0.059358,0.065214,0.080806
0.003258,0.918826,0.000732,0.001033,0.023692,0.020254,0.003258,0.008117,0.000901,0.019930
0.001502,0.945899,0.000497,0.000737,0.014361,0.012139,0.001502,0.010281,0.000592,0.012490
0.165534,0.010127,0.007022,0.158694,0.009931,0.011802,0.165507,0.008766,0.450901,0.011714
0.001672,0.924414,0.000992,0.001045,0.006769,0.020331,0.001672,0.021727,0.001068,0.020309
0.161539,0.128403,0.024589,0.104027,0.071054,0.107190,0.161530,0.073820,0.060523,0.107324
0.005657,0.791535,0.002796,0.002820,0.019326,0.061256,0.005657,0.046436,0.002818,0.061698
0.243020,0.050666,0.027466,0.154055,0.045405,0.063335,0.243010,0.045304,0.064613,0.063125
0.293956,0.065841,0.027415,0.052859,0.039502,0.068610,0.294004,0.034623,0.055131,0.068059
0.324517,0.045024,0.016519,0.094683,0.031779,0.049129,0.324541,0.025257,0.039946,0.048605
0.179786,0.101262,0.025596,0.086459,0.080880,0.105827,0.179786,0.065862,0.068550,0.105991
0.354842,0.031802,0.011402,0.117533,0.019540,0.028807,0.354819,0.017179,0.035570,0.028504
0.267407,0.067728,0.017223,0.095366,0.046845,0.073387,0.267414,0.042803,0.048469,0.073358
0.244757,0.058316,0.023913,0.083013,0.063332,0.075387,0.244760,0.046886,0.084609,0.075028
0.261307,0.076783,0.031939,0.063313,0.048601,0.077872,0.261345,0.049525,0.052360,0.076955
0.317046,0.024477,0.016176,0.180580,0.021881,0.027737,0.317031,0.018162,0.049467,0.027443
0.041002,0.004554,0.003360,0.872168,0.003889,0.005392,0.040997,0.004185,0.019060,0.005393
0.100000,0.100000,0.100000,0.100000,0.100000,0.100000,0.100000,0.100000,0.100000,0.100000
0.170119,0.081688,0.054053,0.081733,0.076736,0.092879,0.170128,0.067615,0.113248,0.091801
0.167292,0.053003,0.284589,0.071881,0.040167,0.069038,0.167301,0.038323,0.040534,0.067871
0.143416,0.097151,0.075561,0.089720,0.071273,0.116067,0.143423,0.082770,0.064352,0.116267
0.316918,0.050001,0.020423,0.077035,0.029077,0.056113,0.316958,0.027443,0.050941,0.055090
0.186279,0.061484,0.048982,0.129732,0.056788,0.072310,0.186279,0.056993,0.129325,0.071827
0.227297,0.054896,0.079014,0.093260,0.050960,0.081345,0.227319,0.047449,0.058418,0.080044
0.158264,0.049429,0.295337,0.040896,0.040342,0.088654,0.158280,0.041297,0.040849,0.086651
0.008949,0.003491,0.003356,0.007707,0.003737,0.004236,0.008949,0.003235,0.952134,0.004206
0.267007,0.049814,0.035631,0.089195,0.047121,0.071108,0.267021,0.038337,0.064767,0.069999
0.214118,0.050398,0.183288,0.069973,0.040436,0.067225,0.214134,0.040865,0.053281,0.066281
0.183228,0.036711,0.349808,0.056863,0.028452,0.044232,0.183251,0.022898,0.050871,0.043687
0.005796,0.001452,0.001429,0.006597,0.001536,0.001461,0.005796,0.001176,0.973304,0.001452
0.022155,0.008610,0.006620,0.024944,0.009489,0.009094,0.022154,0.007184,0.880705,0.009045
0.223158,0.034867,0.021903,0.138054,0.031749,0.038019,0.223154,0.028620,0.222781,0.037696
0.008883,0.001879,0.001425,0.007041,0.001989,0.002386,0.008883,0.001678,0.963473,0.002363
0.025486,0.260978,0.012456,0.011357,0.123507,0.239202,0.025488,0.066269,0.009630,0.225628
0.055388,0.006977,0.030153,0.039933,0.006704,0.009029,0.055386,0.005666,0.781847,0.008916
0.400775,0.013359,0.006153,0.102924,0.010062,0.016736,0.400721,0.009286,0.023502,0.016481
0.241935,0.032393,0.020677,0.163205,0.026824,0.034757,0.241921,0.023398,0.180497,0.034392
0.088663,0.018359,0.018276,0.057859,0.018030,0.021453,0.088661,0.016699,0.650701,0.021300
0.167721,0.038243,0.027923,0.118042,0.041380,0.049136,0.167718,0.033259,0.308009,0.048570
0.020427,0.005240,0.003364,0.011963,0.005655,0.007047,0.020427,0.004683,0.914201,0.006992
0.019593,0.007947,0.895301,0.008787,0.006045,0.011825,0.019594,0.006971,0.012300,0.011637
0.006747,0.001597,0.001315,0.006835,0.001448,0.001632,0.006747,0.001217,0.970844,0.001619
0.114046,0.021645,0.019332,0.104791,0.022272,0.026735,0.114040,0.017688,0.533042,0.026410
0.012396,0.081417,0.006665,0.007939,0.068660,0.153504,0.012396,0.493315,0.007137,0.156570
0.144461,0.016987,0.014561,0.135568,0.014733,0.021014,0.144444,0.012981,0.474500,0.020751
0.060642,0.048511,0.539961,0.036029,0.055435,0.058763,0.060644,0.040753,0.040884,0.058377
0.015511,0.002724,0.002459,0.013638,0.003046,0.003215,0.015511,0.002356,0.938352,0.003188
0.093971,0.008714,0.008815,0.339392,0.008686,0.010906,0.093964,0.007641,0.417127,0.010784
0.102735,0.011182,0.011362,0.485090,0.010688,0.012856,0.102724,0.009902,0.240701,0.012761
0.206048,0.035129,0.022762,0.127001,0.035440,0.047958,0.206053,0.030790,0.241425,0.047393
0.056682,0.021728,0.020666,0.044784,0.022905,0.028432,0.056683,0.020040,0.700101,0.027981
0.319753,0.017661,0.012273,0.185038,0.014282,0.021846,0.319711,0.013211,0.074665,0.021560
0.192162,0.044119,0.117037,0.120666,0.037840,0.046694,0.192165,0.031530,0.171431,0.046356
0.106218,0.023832,0.101360,0.507408,0.025934,0.030308,0.106221,0.021619,0.047092,0.030010
0.288583,0.037830,0.082542,0.075005,0.035898,0.055029,0.288618,0.031450,0.050739,0.054306
0.269040,0.053137,0.037744,0.111480,0.035938,0.051833,0.269063,0.032262,0.088374,0.051128
0.020392,0.097133,0.016720,0.014062,0.148723,0.211987,0.020393,0.242363,0.013199,0.215030
0.047644,0.009029,0.006136,0.044033,0.009141,0.010015,0.047641,0.007947,0.808452,0.009961
0.060862,0.008508,0.037326,0.041768,0.007009,0.012320,0.060860,0.006726,0.752507,0.012114
0.031855,0.022911,0.042562,0.044595,0.023789,0.025953,0.031855,0.022452,0.728167,0.025862
0.396364,0.012433,0.005606,0.100874,0.010321,0.016031,0.396338,0.008510,0.037774,0.015748
0.257611,0.053236,0.035184,0.075907,0.043950,0.072443,0.257627,0.043650,0.089427,0.070964
0.034424,0.038614,0.034157,0.038539,0.038144,0.036973,0.034424,0.036212,0.671466,0.037048
0.000913,0.000906,0.991705,0.000738,0.000815,0.001158,0.000913,0.000852,0.000847,0.001152
0.228196,0.054688,0.040792,0.116125,0.042794,0.061085,0.228197,0.040750,0.127134,0.060239
0.320482,0.021251,0.009801,0.117375,0.018770,0.028687,0.320468,0.015849,0.119036,0.028280
0.026506,0.115469,0.038471,0.016437,0.137052,0.225122,0.026507,0.174362,0.014213,0.225863
0.251066,0.055419,0.025695,0.091337,0.043468,0.083889,0.251073,0.050043,0.064798,0.083212
0.248299,0.033218,0.024456,0.159680,0.027021,0.043153,0.248294,0.032756,0.140300,0.042824
0.247201,0.042421,0.029935,0.136251,0.040853,0.062243,0.247191,0.042124,0.090229,0.061552
0.336986,0.021863,0.010758,0.166213,0.015727,0.023356,0.336945,0.014834,0.050283,0.023035
0.048629,0.121063,0.025337,0.024908,0.077102,0.198396,0.048633,0.232197,0.021721,0.202015
0.299028,0.015750,0.010288,0.238492,0.014384,0.022452,0.298967,0.013797,0.064793,0.022049
0.147242,0.042914,0.032789,0.167304,0.039500,0.052122,0.147236,0.040988,0.278182,0.051723
0.039776,0.132727,0.031808,0.030003,0.081668,0.207493,0.039777,0.200311,0.033838,0.202600
0.370821,0.022609,0.029361,0.059641,0.026664,0.034195,0.370857,0.017373,0.034833,0.033647
0.042658,0.007477,0.008097,0.037160,0.007382,0.008259,0.042655,0.006583,0.831525,0.008204
0.267359,0.026790,0.018771,0.170206,0.025827,0.032523,0.267347,0.021323,0.137678,0.032177
0.217500,0.042510,0.041354,0.122873,0.045697,0.056861,0.217492,0.038885,0.160561,0.056268
0.312567,0.021243,0.023885,0.150423,0.018916,0.031518,0.312554,0.018923,0.078886,0.031086
0.080288,0.017935,0.012357,0.062323,0.014296,0.021930,0.080285,0.014554,0.674328,0.021705
0.259333,0.037984,0.030334,0.158614,0.040257,0.049797,0.259318,0.034644,0.080541,0.049178
0.017172,0.147211,0.015477,0.011828,0.509381,0.102218,0.017173,0.064315,0.012117,0.103108
0.137694,0.033903,0.026934,0.141227,0.030186,0.036459,0.137684,0.028150,0.391550,0.036211
0.062521,0.010293,0.007049,0.054325,0.008401,0.012828,0.062516,0.007961,0.761461,0.012644
0.279759,0.019429,0.011977,0.255548,0.017151,0.026390,0.279711,0.016481,0.067458,0.026097
0.300509,0.024078,0.014618,0.158862,0.020436,0.029055,0.300461,0.018444,0.104972,0.028564
0.029201,0.113740,0.026035,0.024887,0.229530,0.165678,0.029201,0.189653,0.024167,0.167909
0.044824,0.194099,0.029410,0.030678,0.119603,0.185617,0.044825,0.134294,0.031422,0.185229
0.298920,0.030070,0.015002,0.113529,0.024363,0.036083,0.298893,0.020119,0.127538,0.035483
0.032580,0.018013,0.008226,0.027220,0.014412,0.021279,0.032579,0.018827,0.805715,0.021150
0.032270,0.119743,0.013704,0.017002,0.180843,0.229469,0.032271,0.141653,0.015040,0.218005
0.017165,0.175307,0.026063,0.012189,0.076357,0.197542,0.017165,0.265435,0.010665,0.202112
0.216148,0.034415,0.031716,0.170549,0.037334,0.039216,0.216136,0.030549,0.184979,0.038958
0.246087,0.050309,0.033139,0.097243,0.053147,0.066286,0.246094,0.044454,0.097620,0.065622
0.028947,0.140846,0.015967,0.017017,0.087604,0.184188,0.028948,0.292804,0.016086,0.187594
0.236859,0.020658,0.019561,0.220147,0.021658,0.025060,0.236833,0.018173,0.176224,0.024828
0.043949,0.004943,0.004382,0.033041,0.005287,0.006258,0.043947,0.004441,0.847558,0.006194
0.005109,0.025906,0.002922,0.003937,0.879741,0.027449,0.005109,0.018188,0.003860,0.027780
0.037278,0.214447,0.025992,0.025116,0.070671,0.183462,0.037279,0.198551,0.026429,0.180774
0.077856,0.103109,0.055744,0.072026,0.131723,0.136759,0.077856,0.146932,0.060410,0.137585
0.069567,0.107762,0.048591,0.050679,0.176710,0.164792,0.069569,0.100263,0.048899,0.163166
0.036089,0.147513,0.016192,0.018476,0.382309,0.140316,0.036091,0.064729,0.017329,0.140956
0.046543,0.111576,0.023438,0.028944,0.099618,0.176618,0.046545,0.259998,0.026340,0.180380
0.166340,0.062159,0.061727,0.169596,0.062981,0.063971,0.166320,0.060428,0.122610,0.063867
0.031793,0.131222,0.024397,0.025458,0.086405,0.151335,0.031793,0.339927,0.023925,0.153745
0.079350,0.155846,0.033708,0.060464,0.155896,0.145309,0.079349,0.101053,0.043119,0.145905
0.006061,0.025839,0.003901,0.004948,0.872166,0.028092,0.006061,0.019368,0.005123,0.028442
0.027014,0.181398,0.017311,0.017338,0.055988,0.165077,0.027015,0.326494,0.016564,0.165799
0.022464,0.157411,0.020480,0.019534,0.063963,0.162471,0.022464,0.337589,0.019218,0.174406
0.153845,0.097316,0.034834,0.068751,0.073467,0.129926,0.153855,0.083953,0.075659,0.128393
0.109726,0.096017,0.063901,0.134628,0.086692,0.110795,0.109726,0.100984,0.076891,0.110640
0.066523,0.117757,0.025813,0.035725,0.089295,0.195101,0.066527,0.171645,0.033385,0.198230
0.032403,0.118868,0.020557,0.021788,0.078886,0.162903,0.032404,0.346224,0.020428,0.165539
0.029413,0.116195,0.018851,0.022831,0.058651,0.201892,0.029413,0.310323,0.019467,0.192963
0.059073,0.116270,0.038575,0.045182,0.114464,0.175253,0.059073,0.175052,0.039871,0.177187
0.043770,0.153468,0.031039,0.038541,0.161201,0.171485,0.043770,0.144786,0.038218,0.173721
0.027532,0.146196,0.020768,0.021444,0.092374,0.180432,0.027532,0.274498,0.021502,0.187722
0.021044,0.148871,0.012329,0.016501,0.280627,0.186758,0.021044,0.108494,0.014873,0.189459
0.007679,0.034831,0.004734,0.005896,0.827752,0.039649,0.007680,0.025584,0.006071,0.040123
0.019743,0.184243,0.015054,0.015033,0.073033,0.199647,0.019743,0.251603,0.014154,0.207748
0.059851,0.111563,0.043636,0.054642,0.111558,0.144796,0.059851,0.221082,0.046641,0.146379
0.054055,0.176501,0.041612,0.043483,0.103982,0.162220,0.054056,0.161251,0.039959,0.162882
0.067303,0.126311,0.025057,0.041852,0.201167,0.156752,0.067302,0.112047,0.043772,0.158438
0.025629,0.168371,0.017866,0.018904,0.079135,0.220059,0.025630,0.201344,0.018747,0.224315
0.062888,0.099671,0.059546,0.058680,0.142335,0.131735,0.062889,0.190926,0.058384,0.132944
0.100000,0.100000,0.100000,0.100000,0.100000,0.100000,0.100000,0.100000,0.100000,0.100000
0.141267,0.083057,0.029580,0.045585,0.082072,0.158333,0.141282,0.123794,0.037233,0.157797
0.104510,0.134555,0.023516,0.080415,0.071555,0.158799,0.104513,0.127970,0.034223,0.159943
0.065559,0.159411,0.017073,0.028867,0.209812,0.171912,0.065562,0.086101,0.022783,0.172920
0.083413,0.115706,0.023812,0.035965,0.090685,0.198337,0.083418,0.141986,0.029490,0.197188
0.006047,0.029337,0.003411,0.004678,0.862528,0.030956,0.006047,0.020543,0.005146,0.031307
0.027973,0.129247,0.025090,0.021530,0.074038,0.160925,0.027974,0.349973,0.020748,0.162504
0.063783,0.126714,0.049868,0.053819,0.123150,0.152905,0.063783,0.162517,0.050022,0.153438
0.009078,0.225819,0.004433,0.005491,0.071940,0.196447,0.009078,0.266115,0.004790,0.206808
0.040224,0.183996,0.016427,0.023110,0.111547,0.192695,0.040225,0.169554,0.025511,0.196710
0.072934,0.141335,0.026526,0.034956,0.108282,0.186374,0.072939,0.141879,0.029217,0.185557
0.014335,0.124119,0.011049,0.011769,0.062763,0.155169,0.014335,0.434594,0.011077,0.160790
0.027544,0.131247,0.017918,0.015669,0.064782,0.225430,0.027545,0.257788,0.015255,0.216823
0.062232,0.099614,0.104654,0.037534,0.096832,0.142409,0.062234,0.216091,0.032368,0.146031
0.006473,0.028004,0.004169,0.005273,0.861670,0.030489,0.006473,0.021125,0.005461,0.030864
0.035638,0.114316,0.023611,0.029788,0.229713,0.182321,0.035639,0.134890,0.030884,0.183200
0.032309,0.168250,0.043794,0.022776,0.274795,0.144663,0.032309,0.103460,0.031485,0.146160
0.061257,0.151903,0.031396,0.045669,0.120328,0.184566,0.061258,0.121767,0.035072,0.186783
0.047629,0.126433,0.021880,0.025850,0.076260,0.198042,0.047632,0.226666,0.024977,0.204630
0.034647,0.235458,0.013705,0.018514,0.282210,0.138565,0.034649,0.086133,0.016416,0.139702
0.024133,0.145114,0.051249,0.019316,0.398140,0.113632,0.024133,0.089558,0.019245,0.115479
0.075162,0.104246,0.054154,0.069176,0.139394,0.136884,0.075162,0.148692,0.059391,0.137738
0.032909,0.218342,0.016700,0.018933,0.302932,0.140498,0.032910,0.079017,0.016717,0.141042
0.073605,0.192741,0.039411,0.052773,0.096255,0.139598,0.073608,0.130351,0.061188,0.140469
0.037787,0.132091,0.025811,0.029548,0.113909,0.172187,0.037788,0.248413,0.028375,0.174090
0.025617,0.150816,0.022805,0.019727,0.352845,0.138968,0.025618,0.102003,0.020988,0.140613
0.052403,0.116645,0.036563,0.036165,0.140426,0.195310,0.052405,0.140877,0.034129,0.195076
0.074386,0.127405,0.035548,0.070748,0.175124,0.152003,0.074386,0.094564,0.043328,0.152507
0.011360,0.316463,0.009090,0.008208,0.057441,0.132554,0.011361,0.310038,0.008301,0.135184
0.109726,0.096017,0.063901,0.134628,0.086692,0.110795,0.109726,0.100984,0.076891,0.110640
0.060033,0.155930,0.046880,0.058684,0.120721,0.165516,0.060033,0.119037,0.046403,0.166764
0.001133,0.930771,0.000572,0.000645,0.006021,0.019965,0.001133,0.019415,0.000651,0.019695
0.166340,0.062159,0.061727,0.169596,0.062981,0.063971,0.166320,0.060428,0.122610,0.063867
0.013633,0.143040,0.007379,0.007934,0.047182,0.160557,0.013633,0.428848,0.007031,0.170762
0.023931,0.144777,0.015807,0.016621,0.066076,0.196639,0.023932,0.298522,0.014891,0.198805
0.076734,0.084718,0.014185,0.034383,0.396482,0.120111,0.076737,0.051629,0.026084,0.118936
0.022464,0.157411,0.020480,0.019534,0.063963,0.162471,0.022464,0.337589,0.019218,0.174406
0.006194,0.157429,0.003714,0.004116,0.035038,0.138317,0.006195,0.496728,0.003715,0.148554
0.016662,0.183937,0.012963,0.013292,0.063316,0.147029,0.016662,0.378829,0.012822,0.154486
0.017584,0.159215,0.012848,0.013249,0.061494,0.149384,0.017585,0.397869,0.013170,0.157602
0.019828,0.199473,0.012425,0.012923,0.050861,0.206506,0.019829,0.264504,0.011595,0.202057
0.017248,0.184545,0.012670,0.013082,0.048046,0.125496,0.017249,0.440005,0.012727,0.128933
0.016835,0.117951,0.008288,0.009630,0.062358,0.141107,0.016836,0.469355,0.012225,0.145415
0.073794,0.170642,0.013813,0.022750,0.186610,0.172826,0.073803,0.094262,0.017642,0.173857
0.015070,0.147845,0.011149,0.011288,0.060415,0.152125,0.015070,0.415667,0.011201,0.160170
0.011510,0.367150,0.004339,0.005875,0.040695,0.176400,0.011511,0.192796,0.005168,0.184556
0.037260,0.338707,0.009565,0.013788,0.064590,0.201690,0.037264,0.085664,0.011607,0.199864
0.035146,0.418594,0.009964,0.014074,0.113226,0.147770,0.035149,0.066698,0.010135,0.149244
0.024691,0.123666,0.018599,0.018472,0.063858,0.119692,0.024692,0.458920,0.025102,0.122307
0.012169,0.147304,0.004093,0.005300,0.427812,0.155129,0.012170,0.072127,0.005184,0.158714
0.020026,0.167534,0.009873,0.012011,0.052804,0.173309,0.020027,0.354553,0.012051,0.177812
0.018358,0.591338,0.004873,0.007568,0.029557,0.128444,0.018359,0.064875,0.005855,0.130772
0.052144,0.099455,0.025385,0.029589,0.300767,0.169889,0.052146,0.077979,0.024371,0.168275
0.039938,0.211458,0.011148,0.017095,0.063706,0.195606,0.039941,0.205330,0.012912,0.202866
0.004273,0.024638,0.002220,0.002393,0.890537,0.026757,0.004273,0.014778,0.003229,0.026902
0.000001,0.000000,0.999995,0.000000,0.000000,0.000001,0.000001,0.000000,0.000001,0.000001
0.000521,0.000705,0.995462,0.000423,0.000402,0.000528,0.000521,0.000426,0.000487,0.000525
0.037278,0.214447,0.025992,0.025116,0.070671,0.183462,0.037279,0.198551,0.026429,0.180774
0.002913,0.949301,0.000940,0.001442,0.005282,0.013783,0.002913,0.008690,0.001181,0.013555
0.006268,0.530612,0.003748,0.003706,0.031459,0.118890,0.006268,0.176844,0.003592,0.118613
0.005246,0.856627,0.003541,0.003063,0.015869,0.038843,0.005246,0.030301,0.002994,0.038270
0.015285,0.170943,0.005332,0.008197,0.067408,0.224483,0.015285,0.256861,0.006785,0.229420
0.043867,0.142407,0.032781,0.031061,0.074087,0.178453,0.043868,0.236124,0.035922,0.181431
0.020492,0.122173,0.008179,0.006542,0.587319,0.091233,0.020494,0.044469,0.006395,0.092705
0.105381,0.172441,0.021134,0.041019,0.077372,0.153475,0.105389,0.139551,0.030650,0.153587
0.023807,0.246225,0.003936,0.007317,0.074271,0.232742,0.023809,0.141794,0.006105,0.239994
0.022464,0.157411,0.020480,0.019534,0.063963,0.162471,0.022464,0.337589,0.019218,0.174406
0.014024,0.213184,0.006408,0.008324,0.319343,0.131118,0.014024,0.150276,0.007804,0.135495
0.012365,0.069629,0.009165,0.008191,0.037139,0.111337,0.012365,0.616917,0.008792,0.114102
0.024118,0.154368,0.014061,0.015124,0.314469,0.181303,0.024119,0.078552,0.014159,0.179726
0.060642,0.048511,0.539961,0.036029,0.055435,0.058763,0.060644,0.040753,0.040884,0.058377
0.041636,0.115200,0.023570,0.026053,0.072060,0.247400,0.041638,0.168627,0.019215,0.244600
0.166340,0.062159,0.061727,0.169596,0.062981,0.063971,0.166320,0.060428,0.122610,0.063867
0.214878,0.057552,0.162908,0.064858,0.056860,0.071105,0.214892,0.038000,0.048459,0.070488
0.004857,0.868697,0.001163,0.002036,0.047151,0.028092,0.004858,0.012916,0.001789,0.028441
0.020841,0.443719,0.005575,0.008839,0.153622,0.136396,0.020842,0.064910,0.008376,0.136881
0.031001,0.215659,0.008041,0.012947,0.065307,0.266931,0.031002,0.105336,0.010694,0.253082
0.222954,0.029614,0.074313,0.158010,0.028983,0.038193,0.222952,0.025844,0.161283,0.037854
0.027578,0.285071,0.027634,0.013343,0.099944,0.183164,0.027580,0.136684,0.013086,0.185915
0.228289,0.081439,0.030203,0.122309,0.052675,0.073951,0.228302,0.047107,0.062468,0.073256
0.012632,0.233337,0.004435,0.006424,0.284284,0.130014,0.012633,0.175599,0.006468,0.134174
0.062294,0.192842,0.019328,0.032020,0.132554,0.193599,0.062297,0.091151,0.025134,0.188782
0.189421,0.107835,0.033867,0.070375,0.066436,0.095617,0.189437,0.082391,0.068835,0.095785
0.017429,0.017237,0.843297,0.015100,0.016289,0.020829,0.017429,0.015158,0.016557,0.020674
0.009980,0.074212,0.003043,0.004754,0.690636,0.073395,0.009980,0.054522,0.004778,0.074700
0.262244,0.060313,0.024636,0.075321,0.055083,0.074809,0.262267,0.042270,0.069494,0.073562
0.006061,0.025839,0.003901,0.004948,0.872166,0.028092,0.006061,0.019368,0.005123,0.028442
0.051023,0.084572,0.009728,0.018592,0.557292,0.089059,0.051026,0.034921,0.015266,0.088520
0.008047,0.082821,0.002798,0.003899,0.709145,0.066562,0.008047,0.046511,0.004374,0.067796
0.002265,0.921876,0.000517,0.001080,0.018725,0.019580,0.002265,0.012813,0.000813,0.020067
0.012911,0.132901,0.005815,0.008089,0.514031,0.119988,0.012911,0.063100,0.008675,0.121580
0.267407,0.067728,0.017223,0.095366,0.046845,0.073387,0.267414,0.042803,0.048469,0.073358
0.100000,0.100000,0.100000,0.100000,0.100000,0.100000,0.100000,0.100000,0.100000,0.100000
0.244757,0.058316,0.023913,0.083013,0.063332,0.075387,0.244760,0.046886,0.084609,0.075028
0.179786,0.101262,0.025596,0.086459,0.080880,0.105827,0.179786,0.065862,0.068550,0.105991
0.206048,0.035129,0.022762,0.127001,0.035440,0.047958,0.206053,0.030790,0.241425,0.047393
0.354842,0.031802,0.011402,0.117533,0.019540,0.028807,0.354819,0.017179,0.035570,0.028504
0.023597,0.253330,0.051640,0.011932,0.044764,0.201665,0.023598,0.171201,0.011586,0.206687
0.324517,0.045024,0.016519,0.094683,0.031779,0.049129,0.324541,0.025257,0.039946,0.048605
0.153845,0.097316,0.034834,0.068751,0.073467,0.129926,0.153855,0.083953,0.075659,0.128393
0.042136,0.143478,0.015628,0.022131,0.244088,0.179818,0.042138,0.119070,0.017475,0.174038
0.351636,0.053324,0.013879,0.055061,0.029136,0.046785,0.351674,0.021596,0.031126,0.045783
0.001838,0.931503,0.000669,0.000858,0.020919,0.017184,0.001838,0.007506,0.000740,0.016946
0.194707,0.030076,0.024055,0.334735,0.033440,0.036741,0.194694,0.025234,0.089958,0.036360
0.035611,0.173393,0.018963,0.023652,0.071866,0.199409,0.035612,0.216758,0.020701,0.204035
0.071258,0.109061,0.036835,0.077857,0.088928,0.158397,0.071257,0.169706,0.055951,0.160751
0.361038,0.027974,0.012268,0.115956,0.019895,0.028562,0.360997,0.013362,0.031907,0.028040
0.330280,0.022510,0.033394,0.116299,0.018327,0.025760,0.330257,0.015971,0.081786,0.025416
0.290359,0.038995,0.024310,0.125550,0.033066,0.051175,0.290337,0.034777,0.060770,0.050661
0.394836,0.018741,0.008437,0.047054,0.014419,0.026634,0.394926,0.012722,0.056119,0.026111
0.177344,0.074900,0.053966,0.131549,0.083197,0.086422,0.177341,0.059171,0.070516,0.085595
0.064102,0.019191,0.013271,0.586104,0.018963,0.023140,0.064097,0.018714,0.169353,0.023065
0.329651,0.029672,0.020835,0.062372,0.026396,0.041396,0.329707,0.023926,0.095252,0.040793
0.235657,0.029312,0.025406,0.240231,0.035830,0.041437,0.235643,0.024203,0.091479,0.040802
0.020072,0.348372,0.006117,0.009195,0.120080,0.183261,0.020073,0.100628,0.007814,0.184389
0.130828,0.092637,0.037168,0.058268,0.105663,0.130619,0.130839,0.085517,0.099334,0.129128
0.013323,0.113914,0.005938,0.007675,0.251553,0.205616,0.013324,0.173505,0.007885,0.207268
0.014276,0.115141,0.004025,0.005136,0.435632,0.176042,0.014278,0.061016,0.005809,0.168646
0.165357,0.117341,0.013741,0.046425,0.074022,0.173033,0.165365,0.052814,0.026154,0.165748
0.029794,0.301791,0.009151,0.014579,0.149865,0.168465,0.029795,0.114289,0.013094,0.169175
0.123292,0.091969,0.090062,0.102421,0.089527,0.093137,0.123295,0.089554,0.103713,0.093030
0.035600,0.207078,0.011170,0.017570,0.270558,0.164483,0.035602,0.077595,0.014573,0.165770
0.015379,0.123806,0.005602,0.007908,0.571545,0.097053,0.015380,0.056044,0.008223,0.099060
0.275469,0.033371,0.132607,0.101897,0.024543,0.036330,0.275467,0.022614,0.061803,0.035897
0.059134,0.251443,0.029308,0.020588,0.077273,0.204879,0.059138,0.078133,0.015386,0.204719
0.010532,0.165870,0.005575,0.006307,0.082343,0.190135,0.010532,0.322123,0.006080,0.200504
0.073940,0.137248,0.013708,0.027222,0.223227,0.160579,0.073946,0.105327,0.021411,0.163393
0.034007,0.141551,0.011970,0.016821,0.351444,0.143289,0.034009,0.104940,0.017663,0.144307
0.001071,0.944964,0.000428,0.000573,0.014692,0.013068,0.001071,0.010151,0.000466,0.013515
0.061531,0.411098,0.013835,0.023693,0.048924,0.150411,0.061536,0.064799,0.018058,0.146116
0.210573,0.063387,0.064407,0.125805,0.059778,0.070484,0.210583,0.052992,0.072200,0.069792
0.051129,0.105290,0.007329,0.019449,0.045120,0.159760,0.051130,0.384778,0.013347,0.162668
0.114405,0.115138,0.030581,0.075648,0.075372,0.150618,0.114406,0.129161,0.045607,0.149063
0.029413,0.116195,0.018851,0.022831,0.058651,0.201892,0.029413,0.310323,0.019467,0.192963
0.026229,0.146737,0.016273,0.012260,0.278176,0.175187,0.026230,0.129025,0.013006,0.176877
0.021216,0.162603,0.012478,0.014282,0.232695,0.160944,0.021216,0.197898,0.012419,0.164248
0.204085,0.068363,0.037435,0.068924,0.078416,0.113692,0.204101,0.063939,0.049539,0.111507
0.329096,0.029869,0.022048,0.130419,0.026887,0.033211,0.329068,0.020861,0.045782,0.032758
0.129260,0.075821,0.225851,0.102008,0.052933,0.075516,0.129268,0.052093,0.082308,0.074941
0.095995,0.133394,0.057380,0.059085,0.083629,0.158438,0.095999,0.110483,0.047588,0.158009
0.117492,0.057354,0.051519,0.088027,0.054255,0.070417,0.117495,0.054571,0.318919,0.069951
0.006225,0.003531,0.960452,0.004248,0.003550,0.003930,0.006226,0.003315,0.004618,0.003906
0.076584,0.175066,0.030872,0.040565,0.131503,0.189928,0.076588,0.067676,0.031793,0.179425
0.183490,0.063682,0.049305,0.159104,0.063930,0.071721,0.183476,0.056760,0.097106,0.071426
0.191143,0.068188,0.066930,0.115417,0.068558,0.077944,0.191150,0.060258,0.083145,0.077268
0.237784,0.072085,0.045366,0.065716,0.048958,0.091913,0.237814,0.055835,0.053935,0.090593
0.153079,0.078327,0.073160,0.097340,0.083800,0.102209,0.153087,0.075521,0.082026,0.101450
0.138431,0.113987,0.048740,0.068323,0.092069,0.133821,0.138433,0.078466,0.054717,0.133013
0.062182,0.053760,0.496108,0.037372,0.053855,0.071369,0.062185,0.054659,0.037872,0.070638
0.001573,0.001345,0.987070,0.001192,0.001335,0.001604,0.001573,0.001229,0.001486,0.001593
0.165592,0.086528,0.062721,0.079690,0.085702,0.104782,0.165602,0.078262,0.067109,0.104012
0.140408,0.092656,0.053959,0.066752,0.098815,0.131983,0.140417,0.081939,0.062532,0.130539
0.207084,0.076058,0.041893,0.068287,0.059986,0.114773,0.207108,0.069038,0.042942,0.112831
0.079387,0.067766,0.339679,0.046677,0.059410,0.098122,0.079390,0.061991,0.070520,0.097059
0.099364,0.118142,0.081858,0.082201,0.077972,0.119608,0.099366,0.075920,0.126740,0.118830
0.229004,0.050422,0.057855,0.117050,0.048621,0.061598,0.229020,0.044834,0.100570,0.061026
0.100000,0.100000,0.100000,0.100000,0.100000,0.100000,0.100000,0.100000,0.100000,0.100000
0.081201,0.073249,0.340056,0.051697,0.056416,0.097554,0.081204,0.071096,0.050481,0.097045
0.089530,0.081231,0.343027,0.060212,0.064352,0.077890,0.089535,0.058789,0.057590,0.077842
0.080296,0.213378,0.116921,0.072767,0.070800,0.090072,0.080297,0.080732,0.104712,0.090024
0.102390,0.070696,0.277099,0.070767,0.058330,0.082237,0.102393,0.064922,0.089433,0.081734
0.132148,0.148890,0.059718,0.072998,0.062650,0.107644,0.132156,0.069159,0.107964,0.106673
0.093762,0.136043,0.136260,0.087021,0.085002,0.091930,0.093763,0.088285,0.096090,0.091844
0.143999,0.082306,0.091986,0.095682,0.085406,0.099201,0.144003,0.073657,0.085123,0.098637
0.121967,0.185118,0.070688,0.084578,0.070035,0.092276,0.121973,0.072646,0.088914,0.091805
0.100000,0.100000,0.100000,0.100000,0.100000,0.100000,0.100000,0.100000,0.100000,0.100000
0.087075,0.051331,0.450105,0.062126,0.056612,0.053517,0.087075,0.044615,0.054193,0.053349
0.192393,0.053323,0.055017,0.170893,0.053204,0.074278,0.192397,0.047779,0.087266,0.073448
0.160539,0.069344,0.065216,0.123434,0.079678,0.074495,0.160539,0.059826,0.132804,0.074124
0.093535,0.104486,0.100836,0.089779,0.097763,0.107306,0.093535,0.108658,0.096543,0.107559
0.004282,0.003864,0.963724,0.003346,0.003344,0.005056,0.004282,0.003673,0.003417,0.005013
0.136845,0.055188,0.278156,0.094013,0.049315,0.071302,0.136852,0.048631,0.058972,0.070726
0.078168,0.110035,0.159339,0.066981,0.083701,0.128553,0.078169,0.094280,0.072726,0.128048
0.121147,0.119465,0.047637,0.075875,0.099585,0.127695,0.121149,0.089121,0.070480,0.127845
0.138452,0.069467,0.289414,0.057188,0.049020,0.075151,0.138464,0.050027,0.058289,0.074528
0.009640,0.442549,0.005424,0.005901,0.031748,0.115134,0.009641,0.255594,0.005604,0.118765
0.035091,0.409916,0.012877,0.019631,0.060651,0.153453,0.035092,0.101403,0.017777,0.154107
0.212323,0.031660,0.026456,0.233829,0.037267,0.035602,0.212310,0.028716,0.146441,0.035396
0.087960,0.115087,0.057477,0.028045,0.105332,0.187747,0.087966,0.116022,0.023157,0.191208
0.007679,0.034831,0.004734,0.005896,0.827752,0.039649,0.007680,0.025584,0.006071,0.040123
0.053463,0.228336,0.020535,0.029256,0.103131,0.187991,0.053466,0.108017,0.025702,0.190103
0.247079,0.061984,0.029517,0.113884,0.058866,0.068976,0.247069,0.046929,0.057377,0.068320
0.076463,0.099226,0.023142,0.043315,0.143052,0.174438,0.076467,0.163348,0.028651,0.171899
0.019927,0.079318,0.006898,0.010462,0.604564,0.098444,0.019928,0.052464,0.009746,0.098250
0.019743,0.184243,0.015054,0.015033,0.073033,0.199647,0.019743,0.251603,0.014154,0.207748
0.357796,0.032524,0.011682,0.072622,0.023746,0.037063,0.357811,0.019171,0.051165,0.036422
0.047635,0.327390,0.010381,0.019637,0.087249,0.198636,0.047639,0.058548,0.014766,0.188118
0.134171,0.014469,0.009580,0.477497,0.014360,0.017220,0.134164,0.011130,0.170369,0.017040
0.014061,0.488900,0.004769,0.006629,0.106791,0.143148,0.014061,0.068804,0.006578,0.146260
0.100000,0.100000,0.100000,0.100000,0.100000,0.100000,0.100000,0.100000,0.100000,0.100000
0.060297,0.167479,0.042489,0.039026,0.073694,0.155312,0.060298,0.207609,0.036804,0.156991
0.030863,0.207880,0.011809,0.015122,0.274908,0.141384,0.030865,0.130434,0.014277,0.142457
0.079146,0.202182,0.030398,0.031997,0.098058,0.195425,0.079151,0.069347,0.028060,0.186236
0.043206,0.134591,0.020312,0.020099,0.092872,0.250295,0.043209,0.137822,0.017305,0.240288
0.179988,0.016635,0.009491,0.503174,0.013046,0.019617,0.179963,0.012030,0.046658,0.019398
0.069016,0.097568,0.016846,0.070377,0.139254,0.155845,0.069016,0.188423,0.034868,0.158789
0.160998,0.025434,0.013846,0.500194,0.018903,0.031671,0.161003,0.026230,0.030285,0.031434
0.272169,0.033184,0.052859,0.166981,0.024655,0.037693,0.272143,0.024654,0.078339,0.037323
0.004127,0.042849,0.001979,0.002658,0.800985,0.045268,0.004127,0.049399,0.002327,0.046281
0.010598,0.476562,0.003907,0.005264,0.136747,0.159793,0.010598,0.039505,0.004750,0.152275
0.066001,0.115642,0.020954,0.028746,0.089374,0.186034,0.066004,0.222905,0.024388,0.179952
0.167124,0.098177,0.030109,0.090016,0.072627,0.121538,0.167126,0.068197,0.064590,0.120496
0.022066,0.134119,0.005203,0.007008,0.039956,0.184189,0.022068,0.387591,0.006106,0.191692
0.210226,0.041752,0.028095,0.187245,0.034257,0.041043,0.210211,0.029417,0.177020,0.040735
0.083463,0.007177,0.012649,0.062499,0.006650,0.009633,0.083458,0.006059,0.718911,0.009501
0.027810,0.159990,0.015592,0.015329,0.286695,0.178311,0.027811,0.098625,0.013870,0.175967
0.011182,0.398808,0.008136,0.008108,0.046723,0.152020,0.011182,0.198959,0.007748,0.157135
0.355823,0.030224,0.008283,0.087728,0.017253,0.033575,0.355826,0.017749,0.060538,0.033000
0.011651,0.106128,0.002711,0.004413,0.640648,0.080061,0.011652,0.056585,0.003992,0.082160
0.013707,0.095309,0.010076,0.010719,0.054712,0.123797,0.013707,0.540615,0.010143,0.127214
0.125557,0.154320,0.016924,0.054595,0.082225,0.160218,0.125561,0.083032,0.039225,0.158342
0.235265,0.021308,0.016451,0.213225,0.018296,0.027321,0.235237,0.018922,0.186936,0.027039
0.034651,0.307239,0.022480,0.013906,0.088673,0.182029,0.034653,0.120555,0.011333,0.184481
0.003696,0.038400,0.001868,0.002434,0.824776,0.042571,0.003696,0.037588,0.002237,0.042735
0.075695,0.079080,0.012046,0.039657,0.158047,0.104981,0.075699,0.108991,0.240320,0.105484
0.077411,0.211171,0.011198,0.031343,0.111731,0.174900,0.077412,0.106053,0.023231,0.175551
0.017533,0.087316,0.004146,0.007077,0.505794,0.142599,0.017534,0.070890,0.005835,0.141274
0.020086,0.099314,0.006978,0.012017,0.523732,0.116087,0.020086,0.070658,0.012714,0.118327
0.028961,0.360430,0.008188,0.011455,0.054100,0.184888,0.028963,0.124963,0.009459,0.188593
0.184758,0.074794,0.045490,0.082502,0.068631,0.108919,0.184766,0.076050,0.066139,0.107950
0.006779,0.030156,0.002360,0.003698,0.854382,0.035154,0.006779,0.020845,0.004143,0.035702
0.041579,0.140614,0.009716,0.019486,0.294195,0.161991,0.041580,0.114635,0.013028,0.163177
0.005260,0.826745,0.002086,0.002982,0.015485,0.045618,0.005261,0.046703,0.003000,0.046860
0.125011,0.016172,0.010846,0.522717,0.021328,0.021633,0.125001,0.014209,0.121650,0.021434
0.011488,0.124237,0.008269,0.008677,0.065280,0.239387,0.011488,0.272609,0.008121,0.250446
0.235294,0.008963,0.004691,0.449328,0.008778,0.010338,0.235245,0.005786,0.031373,0.010204
0.317046,0.024477,0.016176,0.180580,0.021881,0.027737,0.317031,0.018162,0.049467,0.027443
0.021337,0.179081,0.011621,0.012963,0.051398,0.203348,0.021338,0.275204,0.011165,0.212545
0.034695,0.172809,0.013747,0.017064,0.087874,0.236106,0.034697,0.151330,0.013918,0.237759
0.362665,0.021412,0.013487,0.116983,0.021330,0.024565,0.362642,0.014004,0.038704,0.024209
0.008789,0.350699,0.002687,0.003909,0.095955,0.218422,0.008790,0.083036,0.003252,0.224461
0.131364,0.111565,0.038047,0.077928,0.091623,0.129258,0.131369,0.114102,0.046494,0.128250
0.006922,0.185879,0.002748,0.003735,0.524296,0.088769,0.006922,0.083538,0.004628,0.092563
0.365086,0.017388,0.010376,0.118963,0.016284,0.023058,0.365054,0.013913,0.047169,0.022708
0.007429,0.334446,0.004977,0.005110,0.052803,0.139867,0.007429,0.302263,0.004795,0.140882
0.005988,0.078204,0.002149,0.002886,0.589851,0.099860,0.005988,0.108716,0.002901,0.103457
0.006271,0.059387,0.002974,0.003635,0.793455,0.047506,0.006271,0.027570,0.004392,0.048539
0.000783,0.947251,0.000342,0.000416,0.012244,0.013409,0.000783,0.010555,0.000359,0.013857
0.009539,0.171273,0.004471,0.005633,0.036676,0.124997,0.009540,0.499295,0.005460,0.133117
0.274822,0.047792,0.034479,0.109555,0.044622,0.047441,0.274827,0.032137,0.087304,0.047019
0.002177,0.899352,0.000669,0.001152,0.022758,0.026179,0.002177,0.017753,0.000877,0.026906
0.027640,0.651814,0.006345,0.015033,0.056519,0.088127,0.027640,0.028698,0.012754,0.085431
0.095952,0.109387,0.026667,0.046589,0.081312,0.167900,0.095958,0.147930,0.058834,0.169472
0.199155,0.064339,0.036559,0.091852,0.066617,0.074316,0.199170,0.050249,0.144056,0.073686
0.007942,0.005403,0.944472,0.005283,0.004754,0.006848,0.007942,0.005001,0.005547,0.006810
0.021785,0.165380,0.016559,0.016742,0.066553,0.177964,0.021785,0.309696,0.016156,0.187380
0.026909,0.167045,0.006299,0.010222,0.046843,0.239340,0.026911,0.219892,0.008015,0.248524
0.042825,0.065953,0.027450,0.016686,0.535856,0.102451,0.042829,0.051288,0.014860,0.099802
0.072193,0.042721,0.009800,0.030557,0.631212,0.044416,0.072195,0.020860,0.031867,0.044179
0.027805,0.166103,0.021363,0.022215,0.073673,0.169144,0.027806,0.293432,0.021885,0.176575
0.281069,0.043597,0.025257,0.115681,0.037013,0.043225,0.281062,0.027647,0.102726,0.042723
0.011032,0.094107,0.003576,0.005105,0.729113,0.052748,0.011033,0.034251,0.005662,0.053373
0.024308,0.116711,0.040479,0.012494,0.067798,0.214767,0.024309,0.268145,0.010886,0.220102
0.008954,0.283034,0.005448,0.006099,0.042700,0.152801,0.008954,0.323718,0.005983,0.162309
0.123087,0.034042,0.025055,0.151649,0.028601,0.032318,0.123078,0.023397,0.426681,0.032091
0.099243,0.149682,0.013618,0.041779,0.249153,0.115402,0.099248,0.071630,0.043321,0.116923
0.030920,0.075758,0.007717,0.014071,0.529873,0.127905,0.030922,0.048710,0.009924,0.124200
0.012672,0.169022,0.006019,0.008216,0.408951,0.134261,0.012673,0.099710,0.008409,0.140068
0.157128,0.090115,0.017582,0.047416,0.071246,0.164400,0.157135,0.103721,0.027387,0.163870
0.006473,0.028004,0.004169,0.005273,0.861670,0.030489,0.006473,0.021125,0.005461,0.030864
0.015143,0.142118,0.009616,0.012259,0.056161,0.158645,0.015143,0.416395,0.010216,0.164304
0.040810,0.121100,0.025532,0.030711,0.090656,0.195751,0.040811,0.227969,0.027906,0.198753
0.018412,0.130484,0.009571,0.011234,0.067628,0.173433,0.018413,0.377353,0.010338,0.183134
0.042214,0.132258,0.013585,0.022285,0.080873,0.227916,0.042217,0.189045,0.018254,0.231354
0.154876,0.123207,0.027104,0.050556,0.072574,0.156828,0.154890,0.068167,0.043078,0.148721
0.066445,0.263853,0.017446,0.022590,0.145420,0.162990,0.066451,0.071227,0.019973,0.163606
0.025343,0.124044,0.012083,0.012886,0.407581,0.139848,0.025345,0.096858,0.014504,0.141508
0.015110,0.215502,0.011573,0.011466,0.065660,0.166296,0.015110,0.310602,0.011267,0.177414
0.110433,0.098938,0.132523,0.074446,0.078895,0.117383,0.110435,0.092823,0.067359,0.116764
0.000727,0.000479,0.995198,0.000385,0.000376,0.000673,0.000727,0.000409,0.000364,0.000663
0.000019,0.000014,0.999856,0.000012,0.000012,0.000020,0.000019,0.000013,0.000014,0.000020
0.130230,0.104059,0.084420,0.073890,0.077147,0.126177,0.130236,0.091369,0.057417,0.125056
0.100000,0.100000,0.100000,0.100000,0.100000,0.100000,0.100000,0.100000,0.100000,0.100000
0.090162,0.105483,0.114936,0.063536,0.089021,0.140142,0.090164,0.107013,0.059976,0.139567
0.001718,0.001552,0.984821,0.001514,0.001559,0.001732,0.001718,0.001597,0.002064,0.001726
0.004567,0.003903,0.961708,0.003596,0.003530,0.004950,0.004567,0.003695,0.004577,0.004908
0.002411,0.002434,0.977636,0.001993,0.002535,0.002836,0.002411,0.002628,0.002294,0.002821
0.004606,0.003030,0.968649,0.002729,0.002676,0.004006,0.004606,0.002734,0.003009,0.003954
0.216116,0.055667,0.033111,0.169107,0.053343,0.061780,0.216122,0.041920,0.091625,0.061208
0.009745,0.389035,0.006878,0.006993,0.052358,0.118394,0.009745,0.279213,0.006536,0.121103
0.041067,0.180347,0.009512,0.016519,0.250630,0.181937,0.041069,0.084284,0.013354,0.181282
0.136073,0.026893,0.019751,0.088757,0.030329,0.035216,0.136073,0.022653,0.469446,0.034808
0.000535,0.000508,0.995171,0.000440,0.000484,0.000643,0.000535,0.000541,0.000504,0.000640
0.000000,0.000000,0.999998,0.000000,0.000000,0.000000,0.000000,0.000000,0.000000,0.000000
0.037766,0.400388,0.005436,0.014866,0.177039,0.139664,0.037767,0.043564,0.009599,0.133910
0.158548,0.113592,0.026119,0.048573,0.065829,0.141188,0.158560,0.102947,0.041660,0.142983
0.083758,0.007021,0.006627,0.594519,0.008243,0.008519,0.083753,0.006298,0.192817,0.008445
0.018752,0.143374,0.008081,0.010334,0.179349,0.178218,0.018752,0.250085,0.009121,0.183935
0.027009,0.177838,0.006410,0.012705,0.265619,0.180172,0.027011,0.109252,0.010324,0.183659
0.297856,0.035138,0.033656,0.162812,0.024098,0.034689,0.297841,0.021254,0.058428,0.034228
0.046590,0.253636,0.012439,0.021645,0.084030,0.182900,0.046592,0.146931,0.020318,0.184919
0.027863,0.184615,0.015405,0.016332,0.054912,0.199441,0.027864,0.250121,0.014037,0.209409
0.006267,0.086865,0.002414,0.002821,0.726751,0.061801,0.006267,0.040713,0.002724,0.063377
0.006576,0.110817,0.003968,0.004213,0.040517,0.144766,0.006576,0.522423,0.003739,0.156405
0.115711,0.006946,0.006601,0.697462,0.006234,0.008795,0.115712,0.005626,0.028219,0.008693
0.006354,0.255245,0.002571,0.003050,0.211680,0.187657,0.006355,0.127911,0.002816,0.196361
0.049011,0.448612,0.011488,0.015178,0.042697,0.140573,0.049014,0.089846,0.010394,0.143187
0.014089,0.172110,0.003491,0.004720,0.300333,0.176637,0.014091,0.128826,0.003750,0.181953
0.029951,0.224526,0.019967,0.020694,0.061203,0.173488,0.029952,0.241764,0.019276,0.179178
0.067308,0.212633,0.018485,0.021996,0.149291,0.196714,0.067314,0.060950,0.018045,0.187265
0.024072,0.111020,0.014434,0.017983,0.058954,0.149768,0.024073,0.425086,0.017876,0.156734
0.024470,0.201419,0.014505,0.016214,0.160440,0.182790,0.024471,0.171640,0.014006,0.190045
0.008601,0.237629,0.003999,0.004721,0.239586,0.171140,0.008601,0.144017,0.004765,0.176940
0.019694,0.141768,0.004389,0.007013,0.342271,0.172626,0.019696,0.110540,0.005965,0.176038
0.019170,0.149529,0.011992,0.012938,0.062026,0.157168,0.019171,0.391382,0.012036,0.164589
0.015869,0.202421,0.011278,0.011824,0.051459,0.151616,0.015869,0.366598,0.011296,0.161770
0.097734,0.120187,0.076739,0.054202,0.100776,0.154469,0.097738,0.085577,0.064005,0.148574
0.018182,0.181900,0.004342,0.007133,0.590425,0.071338,0.018183,0.031633,0.006757,0.070107
0.040711,0.099515,0.046990,0.021577,0.075301,0.165386,0.040714,0.321037,0.020127,0.168642
0.001672,0.924414,0.000992,0.001045,0.006769,0.020331,0.001672,0.021727,0.001068,0.020309
0.002941,0.923106,0.000943,0.001370,0.019695,0.019425,0.002941,0.009476,0.001162,0.018942
0.029923,0.229307,0.020712,0.021567,0.073952,0.178643,0.029924,0.214844,0.020979,0.180149
0.000897,0.956942,0.000456,0.000544,0.003232,0.011699,0.000897,0.012700,0.000505,0.012130
0.010766,0.715609,0.003659,0.005714,0.103155,0.060337,0.010767,0.026381,0.005171,0.058441
0.003258,0.918826,0.000732,0.001033,0.023692,0.020254,0.003258,0.008117,0.000901,0.019930
0.347186,0.032953,0.014261,0.131806,0.016111,0.023825,0.347159,0.012388,0.050850,0.023459
0.002632,0.884146,0.001405,0.001685,0.010280,0.025174,0.002632,0.044265,0.001537,0.026243
0.280439,0.028731,0.017830,0.202207,0.023966,0.029276,0.280412,0.021557,0.086503,0.029081
0.306879,0.032259,0.015631,0.149370,0.027627,0.040233,0.306836,0.028795,0.052185,0.040184
0.002674,0.901638,0.000549,0.000922,0.032598,0.023592,0.002674,0.010359,0.000786,0.024207
0.276027,0.046941,0.024473,0.099192,0.052609,0.068401,0.276023,0.035912,0.053071,0.067350
0.266313,0.088512,0.021154,0.079357,0.043583,0.074536,0.266329,0.041053,0.045631,0.073532
0.026026,0.157384,0.015338,0.015873,0.056853,0.201655,0.026027,0.277397,0.015015,0.208432
0.013306,0.180508,0.008438,0.009518,0.045442,0.193906,0.013306,0.321695,0.009605,0.204275
0.018854,0.094794,0.007218,0.010435,0.626899,0.081655,0.018855,0.046872,0.012755,0.081664
0.009161,0.273233,0.007091,0.006147,0.051556,0.144178,0.009162,0.345516,0.005828,0.148129
0.007767,0.058499,0.003946,0.004594,0.739014,0.066379,0.007768,0.039178,0.005260,0.067595
0.095103,0.184956,0.027087,0.037627,0.078217,0.170086,0.095108,0.108805,0.031993,0.171018
0.010372,0.330036,0.007876,0.007483,0.051706,0.127203,0.010372,0.318581,0.007176,0.129195
0.089376,0.105586,0.017882,0.031096,0.298917,0.142747,0.089383,0.052229,0.032498,0.140286
0.032731,0.299842,0.022959,0.015359,0.049354,0.179783,0.032732,0.170595,0.013366,0.183279
0.017715,0.102162,0.007788,0.010291,0.562444,0.098455,0.017716,0.072751,0.011263,0.099415
0.089555,0.125420,0.039951,0.031256,0.073084,0.194202,0.089555,0.138737,0.021875,0.196365
0.009436,0.134266,0.004289,0.005101,0.173610,0.159937,0.009437,0.337042,0.004819,0.162062
0.074688,0.171618,0.015950,0.027943,0.215036,0.159646,0.074693,0.071038,0.030052,0.159334
0.014793,0.128862,0.007677,0.007906,0.602766,0.089680,0.014794,0.035850,0.007894,0.089777
0.040535,0.340808,0.021209,0.021686,0.108808,0.172247,0.040537,0.069600,0.019227,0.165343
0.025203,0.572496,0.006862,0.012330,0.074041,0.119941,0.025203,0.038870,0.008446,0.116608
0.041825,0.227323,0.016327,0.022617,0.132945,0.200090,0.041827,0.097641,0.018469,0.200935
0.024502,0.118572,0.019476,0.016145,0.071437,0.154208,0.024503,0.398345,0.016981,0.155832
0.052755,0.239544,0.043691,0.032518,0.075915,0.181589,0.052758,0.109958,0.029214,0.182057
0.009907,0.146823,0.004912,0.004917,0.029532,0.164717,0.009908,0.453052,0.004624,0.171609
0.003889,0.833394,0.001606,0.002220,0.015540,0.037643,0.003889,0.060449,0.002084,0.039288
0.047881,0.183358,0.033597,0.036101,0.078896,0.193647,0.047882,0.150147,0.033946,0.194546
0.034991,0.097578,0.012259,0.013593,0.049346,0.240817,0.034994,0.258124,0.010634,0.247664
0.005657,0.791535,0.002796,0.002820,0.019326,0.061256,0.005657,0.046436,0.002818,0.061698
0.035224,0.133395,0.022433,0.021477,0.066556,0.196463,0.035225,0.278173,0.019369,0.191685
0.019054,0.122230,0.007466,0.007627,0.431604,0.144025,0.019056,0.094911,0.008571,0.145455
0.012211,0.178501,0.008196,0.007794,0.048422,0.157209,0.012211,0.402560,0.007022,0.165874
0.016041,0.468618,0.007398,0.007933,0.076160,0.163865,0.016042,0.074459,0.008918,0.160567
0.088431,0.114009,0.068672,0.082943,0.111288,0.139213,0.088431,0.102531,0.069272,0.135210
0.028708,0.119751,0.018471,0.016269,0.056906,0.201236,0.028709,0.318915,0.014836,0.196198
0.043949,0.104710,0.023626,0.026075,0.133611,0.176503,0.043950,0.248479,0.023472,0.175625
0.018347,0.232407,0.004886,0.007339,0.160176,0.214811,0.018348,0.120746,0.005898,0.217041
0.009739,0.038301,0.004935,0.004618,0.792132,0.055260,0.009740,0.027110,0.004182,0.053983
0.027948,0.128100,0.017713,0.015476,0.070291,0.184731,0.027949,0.322370,0.016382,0.189040
0.187877,0.079958,0.025593,0.061141,0.087827,0.127660,0.187889,0.074887,0.041269,0.125900
0.030583,0.137935,0.025057,0.022895,0.107810,0.217314,0.030583,0.191639,0.022272,0.213912
0.008537,0.097017,0.005042,0.005310,0.038414,0.152689,0.008537,0.521890,0.005030,0.157533
0.024445,0.097019,0.015026,0.013616,0.056580,0.193565,0.024446,0.374093,0.012295,0.188916
0.044681,0.043185,0.012846,0.016376,0.624708,0.080708,0.044683,0.041613,0.010696,0.080504
0.094609,0.107288,0.023217,0.057948,0.195477,0.164437,0.094610,0.067739,0.037041,0.157634
0.021204,0.126887,0.016032,0.016138,0.067656,0.162889,0.021204,0.380695,0.018253,0.169041
0.005450,0.092040,0.003359,0.003201,0.036182,0.124283,0.005450,0.597657,0.002981,0.129395
0.023093,0.177815,0.013560,0.013892,0.068151,0.234962,0.023094,0.203555,0.014269,0.227608
0.030921,0.079046,0.007297,0.012370,0.046810,0.197324,0.030923,0.382897,0.009266,0.203147
0.019417,0.086757,0.005906,0.011110,0.599224,0.101329,0.019418,0.046814,0.009641,0.100385
0.030458,0.148381,0.013967,0.016583,0.073705,0.214284,0.030460,0.244132,0.015488,0.212541
0.041462,0.134589,0.017279,0.021380,0.113150,0.221803,0.041463,0.172261,0.018962,0.217651
0.010157,0.057796,0.004322,0.005443,0.574348,0.089828,0.010158,0.150964,0.005067,0.091917
0.027328,0.043967,0.016382,0.009982,0.656888,0.089288,0.027331,0.034958,0.008412,0.085464
0.040419,0.139619,0.025779,0.023478,0.140053,0.227135,0.040420,0.124946,0.020480,0.217671
0.135573,0.082209,0.018526,0.035913,0.302664,0.107292,0.135590,0.050778,0.024674,0.106782
0.082402,0.125122,0.045744,0.051993,0.128349,0.165085,0.082406,0.111107,0.046944,0.160848
0.050342,0.006105,0.002614,0.096739,0.003723,0.004865,0.050336,0.002996,0.777456,0.004823
0.024291,0.483674,0.005557,0.011523,0.083173,0.139478,0.024291,0.077707,0.008104,0.142201
0.015822,0.187915,0.010403,0.011540,0.131676,0.207017,0.015823,0.193193,0.011918,0.214693
0.275569,0.059901,0.043997,0.092981,0.031235,0.056440,0.275576,0.026594,0.082305,0.055402
0.019099,0.059432,0.010205,0.012193,0.627111,0.095172,0.019100,0.052831,0.011326,0.093531
0.014661,0.207113,0.006027,0.008056,0.059899,0.171276,0.014662,0.333787,0.006924,0.177596
0.065573,0.036150,0.027239,0.023797,0.677750,0.028417,0.065577,0.013426,0.033795,0.028277
0.034284,0.289941,0.019587,0.025004,0.083557,0.169937,0.034285,0.145434,0.023259,0.174710
0.014856,0.215809,0.006546,0.007629,0.378393,0.121453,0.014856,0.107507,0.008664,0.124286
0.018056,0.098817,0.010040,0.010453,0.038587,0.137050,0.018057,0.517107,0.009650,0.142183
0.005885,0.069236,0.002965,0.003610,0.747565,0.065315,0.005885,0.029375,0.003251,0.066913
0.017147,0.110063,0.011029,0.012733,0.054961,0.119917,0.017147,0.523289,0.011353,0.122362
0.025832,0.128222,0.016588,0.018035,0.074129,0.175169,0.025833,0.336836,0.015980,0.183376
0.015370,0.070102,0.009556,0.011026,0.055991,0.122825,0.015371,0.565122,0.009781,0.124855
0.034551,0.089980,0.020519,0.019279,0.077486,0.163800,0.034553,0.378569,0.016804,0.164460
0.199265,0.056095,0.132693,0.087588,0.050041,0.080074,0.199268,0.054177,0.061592,0.079209
0.055129,0.193594,0.037597,0.039982,0.103256,0.181283,0.055131,0.117342,0.040351,0.176334
0.017774,0.080515,0.014843,0.013845,0.056145,0.132413,0.017774,0.519043,0.013198,0.134450
0.010076,0.121368,0.006262,0.007006,0.047378,0.124672,0.010077,0.538975,0.006270,0.127916
0.043131,0.171361,0.023497,0.026295,0.091518,0.209204,0.043133,0.163082,0.025147,0.203633
0.006299,0.059191,0.004756,0.004313,0.769119,0.049530,0.006300,0.044978,0.004767,0.050746
0.018681,0.074101,0.013578,0.014431,0.058347,0.123881,0.018682,0.539256,0.013766,0.125276
0.008216,0.047870,0.004687,0.005603,0.800019,0.040210,0.008216,0.038634,0.005835,0.040709
0.008702,0.071721,0.005205,0.005817,0.047823,0.127735,0.008702,0.588604,0.005177,0.130515
0.010927,0.041915,0.003359,0.005780,0.763974,0.054437,0.010927,0.048404,0.005231,0.055046
0.004576,0.032198,0.002379,0.003433,0.829481,0.038354,0.004576,0.042509,0.003362,0.039134
0.005425,0.045465,0.002770,0.003941,0.759874,0.054159,0.005425,0.063294,0.003834,0.055813
0.107110,0.107248,0.101161,0.086457,0.067959,0.082168,0.107112,0.069564,0.189332,0.081890
0.024534,0.109851,0.018837,0.016992,0.055922,0.139150,0.024534,0.454382,0.013916,0.141883
0.018173,0.088948,0.016225,0.013960,0.067015,0.147888,0.018174,0.460451,0.014077,0.155090
0.017926,0.158602,0.013994,0.013662,0.076957,0.176444,0.017927,0.326327,0.012763,0.185399
0.043561,0.174920,0.012290,0.019771,0.056258,0.207090,0.043564,0.207766,0.020934,0.213846
0.019082,0.101021,0.014558,0.015112,0.072659,0.153118,0.019082,0.430655,0.014419,0.160294
0.002822,0.031526,0.001444,0.001859,0.896688,0.024947,0.002822,0.011368,0.001780,0.024745
0.110612,0.118870,0.068570,0.085034,0.064595,0.078950,0.110615,0.065370,0.218823,0.078561
0.077287,0.111373,0.037973,0.046240,0.112093,0.167884,0.077291,0.161357,0.041559,0.166943
0.024652,0.123781,0.018170,0.019293,0.090249,0.134275,0.024652,0.408175,0.020208,0.136546
0.021581,0.111216,0.007768,0.010951,0.173403,0.217188,0.021583,0.206970,0.009398,0.219942
0.003622,0.099021,0.002073,0.002273,0.043704,0.138945,0.003622,0.557179,0.001977,0.147584
0.077797,0.107596,0.049057,0.054370,0.107006,0.153476,0.077798,0.172808,0.044816,0.155277
0.010257,0.068353,0.006023,0.006958,0.048340,0.127976,0.010257,0.582569,0.006050,0.133218
0.012323,0.110488,0.006350,0.007659,0.385533,0.140358,0.012323,0.172799,0.006971,0.145196
0.021994,0.078523,0.013313,0.015398,0.068581,0.121379,0.021994,0.521878,0.013876,0.123063
0.025973,0.085469,0.015738,0.017038,0.063088,0.149189,0.025974,0.445446,0.015995,0.156091
0.013779,0.094560,0.006797,0.009725,0.626136,0.081337,0.013779,0.062410,0.007945,0.083532
0.002054,0.044347,0.000838,0.000975,0.813836,0.051628,0.002054,0.029658,0.001010,0.053600
0.019964,0.119565,0.012535,0.014993,0.060357,0.140062,0.019964,0.454355,0.014811,0.143395
0.001458,0.027312,0.000459,0.000705,0.922540,0.017424,0.001458,0.010206,0.000611,0.017827
0.011093,0.082952,0.004057,0.005977,0.461617,0.134075,0.011094,0.145257,0.005329,0.138549
0.001105,0.011005,0.000625,0.000756,0.951688,0.011916,0.001105,0.008836,0.000701,0.012264
0.003884,0.050479,0.002711,0.002841,0.035067,0.089783,0.003885,0.713329,0.002666,0.095355
0.004451,0.041655,0.002683,0.002952,0.030717,0.081406,0.004451,0.742297,0.002737,0.086651
0.191414,0.075443,0.063402,0.098696,0.073928,0.076121,0.191436,0.063894,0.089845,0.075821
0.015162,0.074035,0.005975,0.007704,0.470769,0.136449,0.015163,0.129207,0.006397,0.139138
0.007356,0.033945,0.003937,0.005156,0.827850,0.037802,0.007356,0.033470,0.004938,0.038191
0.316492,0.063162,0.024242,0.066429,0.034785,0.053948,0.316543,0.027014,0.044475,0.052910
0.223902,0.103449,0.048035,0.070563,0.052745,0.079709,0.223932,0.052244,0.066307,0.079114
0.273832,0.074554,0.040359,0.076739,0.041425,0.064431,0.273858,0.040596,0.050305,0.063902
0.179063,0.102999,0.064352,0.078398,0.062339,0.095677,0.179075,0.069940,0.073131,0.095027
0.249973,0.086779,0.042531,0.087625,0.040633,0.066720,0.249997,0.045060,0.064529,0.066154
0.144747,0.041219,0.174865,0.152938,0.063789,0.047399,0.144744,0.034427,0.148791,0.047081
0.007448,0.064437,0.003341,0.004313,0.707545,0.072670,0.007449,0.054848,0.003774,0.074175
0.037424,0.132380,0.010690,0.017714,0.492061,0.104016,0.037426,0.047615,0.018378,0.102298
0.196989,0.104733,0.055806,0.090261,0.063567,0.074954,0.197015,0.056958,0.085219,0.074499
0.006446,0.056896,0.002251,0.003554,0.654967,0.087739,0.006446,0.090968,0.003266,0.087467
0.354541,0.022439,0.046146,0.090757,0.022074,0.029095,0.354532,0.017050,0.034624,0.028742
0.073666,0.056184,0.442000,0.040672,0.047407,0.080775,0.073669,0.056768,0.049237,0.079622
0.314034,0.032913,0.020624,0.155055,0.020326,0.032500,0.314010,0.020420,0.058009,0.032111
0.006526,0.055651,0.002845,0.003181,0.769655,0.062168,0.006527,0.029854,0.002865,0.060729
0.051083,0.085991,0.041345,0.043925,0.110336,0.130306,0.051083,0.310298,0.042865,0.132769
0.210877,0.047176,0.052986,0.171236,0.043997,0.056361,0.210865,0.043172,0.107484,0.055847
0.021682,0.154913,0.023699,0.011122,0.062889,0.231330,0.021683,0.227583,0.009845,0.235253
0.026256,0.153227,0.018453,0.019595,0.099974,0.176805,0.026257,0.276445,0.018237,0.184751
0.185360,0.072275,0.070051,0.114490,0.067379,0.075034,0.185370,0.062891,0.092564,0.074585
0.015171,0.063120,0.013711,0.010948,0.059490,0.113631,0.015171,0.582947,0.010064,0.115748
0.125487,0.061979,0.279837,0.061526,0.051889,0.084171,0.125495,0.054750,0.071728,0.083139
0.216101,0.064334,0.060310,0.100389,0.055105,0.082160,0.216110,0.056123,0.068377,0.080990
0.021691,0.107401,0.015106,0.016176,0.077341,0.127776,0.021691,0.467908,0.015053,0.129857
0.173245,0.090912,0.057951,0.092002,0.098114,0.085025,0.173259,0.070762,0.074107,0.084623
0.028043,0.147028,0.016849,0.018190,0.074425,0.200314,0.028044,0.270572,0.016991,0.199542
0.023029,0.062884,0.012119,0.014825,0.077042,0.112004,0.023030,0.548017,0.012764,0.114286
0.023655,0.107697,0.019021,0.020034,0.091845,0.147758,0.023655,0.392826,0.019423,0.154085
0.011912,0.178302,0.005849,0.006538,0.080924,0.261153,0.011913,0.186485,0.005744,0.251182
0.183355,0.084687,0.055362,0.067106,0.079601,0.116664,0.183369,0.068280,0.046051,0.115525
0.028626,0.190588,0.014822,0.017037,0.430185,0.106970,0.028628,0.061461,0.014293,0.107390
0.038565,0.163424,0.023300,0.027219,0.092335,0.179064,0.038567,0.228042,0.028722,0.180761
0.006005,0.065608,0.003564,0.004137,0.053090,0.107743,0.006005,0.637606,0.003980,0.112262
0.055854,0.104017,0.026219,0.029850,0.084426,0.238443,0.055858,0.141033,0.027681,0.236619
0.007577,0.071399,0.004610,0.005084,0.086024,0.153163,0.007578,0.505998,0.004866,0.153700
0.009442,0.232407,0.006493,0.006637,0.196273,0.149832,0.009442,0.226725,0.007297,0.155453
0.087630,0.121554,0.035252,0.041903,0.110584,0.156359,0.087636,0.161285,0.040743,0.157053
0.296242,0.033582,0.021171,0.150040,0.029216,0.047405,0.296235,0.031092,0.048264,0.046753
0.107110,0.107248,0.101161,0.086457,0.067959,0.082168,0.107112,0.069564,0.189332,0.081890
0.156487,0.035149,0.064082,0.137320,0.035998,0.046774,0.156482,0.028725,0.292740,0.046243
0.187395,0.053061,0.203796,0.078665,0.065829,0.057415,0.187407,0.037119,0.072383,0.056930
0.110612,0.118870,0.068570,0.085034,0.064595,0.078950,0.110615,0.065370,0.218823,0.078561
0.184827,0.073537,0.050011,0.080843,0.069782,0.100530,0.184834,0.076350,0.079628,0.099658
0.085519,0.022397,0.021635,0.633878,0.023219,0.025524,0.085513,0.021775,0.055128,0.025411
0.072834,0.037293,0.034390,0.522893,0.060907,0.042331,0.072830,0.037662,0.076634,0.042227
0.023847,0.007293,0.006477,0.879216,0.006637,0.007087,0.023845,0.006352,0.032173,0.007072
0.130828,0.092637,0.037168,0.058268,0.105663,0.130619,0.130839,0.085517,0.099334,0.129128
0.036921,0.010410,0.012502,0.811493,0.012306,0.012061,0.036918,0.009520,0.045865,0.012004
0.061699,0.041945,0.094621,0.064408,0.054370,0.053569,0.061700,0.042415,0.471983,0.053289
0.006070,0.002647,0.003320,0.007604,0.002643,0.003024,0.006070,0.002528,0.963082,0.003010
0.023227,0.008542,0.008791,0.870058,0.008838,0.009313,0.023226,0.008584,0.030117,0.009302
0.024684,0.013326,0.013689,0.027780,0.013680,0.015510,0.024684,0.013321,0.837860,0.015466
0.013797,0.009487,0.009569,0.018861,0.010162,0.010202,0.013797,0.009585,0.894344,0.010195
0.047012,0.018965,0.018262,0.033757,0.017234,0.023906,0.047014,0.018638,0.751469,0.023742
0.042448,0.010092,0.010537,0.763112,0.012281,0.012467,0.042445,0.010691,0.083504,0.012424
0.047415,0.027653,0.022176,0.052997,0.046766,0.032989,0.047415,0.028644,0.661070,0.032875
0.005410,0.002258,0.002284,0.005303,0.002339,0.002615,0.005409,0.002091,0.969691,0.002601
0.014692,0.010676,0.009243,0.016837,0.011160,0.011673,0.014692,0.010797,0.888561,0.011667
0.098952,0.032633,0.039333,0.494193,0.034468,0.035835,0.098945,0.031391,0.098546,0.035703
0.031855,0.022911,0.042562,0.044595,0.023789,0.025953,0.031855,0.022452,0.728167,0.025862
0.047644,0.009029,0.006136,0.044033,0.009141,0.010015,0.047641,0.007947,0.808452,0.009961
0.008642,0.005478,0.016104,0.011584,0.009250,0.006568,0.008642,0.005485,0.921705,0.006544
0.003126,0.001866,0.008378,0.003928,0.001781,0.001982,0.003126,0.001779,0.972059,0.001975
0.007379,0.005370,0.004850,0.008836,0.003942,0.004585,0.007379,0.003725,0.949372,0.004564
0.057346,0.032056,0.033606,0.047753,0.029527,0.042848,0.057348,0.035418,0.621359,0.042739
0.005698,0.002406,0.003207,0.006265,0.002341,0.002647,0.005698,0.002082,0.967025,0.002632
0.070926,0.016085,0.015392,0.674573,0.016156,0.018380,0.070919,0.015194,0.084076,0.018300
0.074400,0.063080,0.070967,0.072088,0.150148,0.072435,0.074401,0.060000,0.290337,0.072145
0.163766,0.013997,0.010797,0.533877,0.012562,0.019087,0.163741,0.012426,0.050897,0.018850
0.009037,0.005787,0.017534,0.011946,0.009915,0.006964,0.009037,0.005799,0.917042,0.006939
0.083457,0.061848,0.153385,0.079657,0.090707,0.074196,0.083459,0.061222,0.238167,0.073903
0.034424,0.038614,0.034157,0.038539,0.038144,0.036973,0.034424,0.036212,0.671466,0.037048
0.129772,0.076051,0.037807,0.096276,0.051045,0.065966,0.129771,0.048569,0.299393,0.065349
0.006033,0.002591,0.003325,0.006785,0.002779,0.002777,0.006033,0.002285,0.964630,0.002763
0.063736,0.037445,0.045363,0.049074,0.032739,0.053318,0.063738,0.039843,0.561734,0.053009
0.050956,0.002989,0.003210,0.794842,0.002740,0.003640,0.050948,0.002553,0.084514,0.003607
0.166867,0.009372,0.005423,0.562010,0.009906,0.014047,0.166858,0.007506,0.044171,0.013839
0.118375,0.072358,0.078758,0.128549,0.073047,0.078616,0.118375,0.070764,0.182691,0.078468
0.244472,0.029365,0.027161,0.117147,0.027605,0.038545,0.244485,0.025746,0.207374,0.038101
0.155545,0.064863,0.068631,0.193426,0.058186,0.086758,0.155546,0.062192,0.068960,0.085894
0.125354,0.089134,0.183519,0.056119,0.065137,0.110625,0.125357,0.069584,0.065874,0.109298
0.090697,0.016806,0.032343,0.614311,0.016877,0.021650,0.090692,0.014454,0.080759,0.021410
0.342234,0.038814,0.012667,0.095519,0.026458,0.042636,0.342233,0.022790,0.034836,0.041813
0.056860,0.105747,0.099965,0.027559,0.089793,0.214368,0.056863,0.119299,0.023085,0.206461
0.263390,0.012325,0.009142,0.330836,0.018153,0.014846,0.263370,0.009921,0.063293,0.014723
0.141048,0.043008,0.026506,0.108138,0.037274,0.046327,0.141043,0.036978,0.373503,0.046175
0.013734,0.165913,0.004461,0.007024,0.039537,0.178871,0.013734,0.387024,0.006107,0.183595
0.071065,0.134687,0.062316,0.039273,0.077657,0.202770,0.071068,0.109946,0.035975,0.195242
0.096981,0.039299,0.437408,0.127173,0.028508,0.041159,0.096983,0.027469,0.064358,0.040663
0.020185,0.001022,0.002241,0.309915,0.001026,0.001398,0.020182,0.000847,0.641804,0.001381
0.132089,0.090910,0.085983,0.094115,0.087687,0.100753,0.132092,0.084421,0.092020,0.099931
0.023441,0.172351,0.007861,0.008651,0.225535,0.211640,0.023443,0.106302,0.006748,0.214029
0.096536,0.014220,0.027728,0.620514,0.013171,0.017979,0.096529,0.012993,0.082519,0.017809
0.133174,0.087303,0.086061,0.100223,0.087355,0.096508,0.133177,0.081642,0.098742,0.095814
0.139638,0.082065,0.068673,0.082026,0.079648,0.118083,0.139645,0.085152,0.088224,0.116846
0.162784,0.083859,0.059287,0.087819,0.075380,0.105373,0.162789,0.081850,0.076500,0.104360
0.154034,0.079821,0.079532,0.101868,0.078976,0.090598,0.154037,0.074525,0.096726,0.089884
0.085428,0.086802,0.237900,0.071359,0.084393,0.097629,0.085430,0.075711,0.078471,0.096877
0.077258,0.057613,0.415710,0.057429,0.052676,0.070956,0.077259,0.048050,0.072933,0.070116
0.001255,0.000951,0.990483,0.000698,0.000798,0.001408,0.001255,0.000999,0.000759,0.001394
0.027111,0.021198,0.790333,0.021250,0.019671,0.026434,0.027112,0.019751,0.021031,0.026110
0.009958,0.179811,0.005577,0.005585,0.266622,0.168061,0.009958,0.175933,0.005312,0.173184
0.076157,0.027955,0.627428,0.036729,0.025610,0.036326,0.076162,0.025775,0.032007,0.035850
0.011022,0.073756,0.016188,0.006706,0.031013,0.158811,0.011023,0.521655,0.006821,0.163005
0.013538,0.140094,0.102601,0.007783,0.063620,0.278304,0.013538,0.109301,0.007523,0.263698
0.036387,0.120989,0.027881,0.020822,0.073700,0.245398,0.036388,0.176981,0.019107,0.242347
0.014638,0.238032,0.005292,0.006665,0.056402,0.262670,0.014639,0.140592,0.005637,0.255433
0.193155,0.067110,0.049949,0.112867,0.061293,0.082876,0.193164,0.064027,0.093247,0.082311
0.027513,0.133006,0.061244,0.019387,0.063975,0.181009,0.027514,0.283482,0.019122,0.183750
0.012551,0.223321,0.034814,0.008528,0.046064,0.198980,0.012552,0.248735,0.008344,0.206111
0.021221,0.126305,0.009870,0.011640,0.057191,0.290986,0.021222,0.169038,0.010953,0.281573
0.019356,0.194251,0.012844,0.009959,0.039914,0.274023,0.019357,0.165294,0.009263,0.255738
0.158434,0.016056,0.012895,0.070525,0.016314,0.021642,0.158443,0.014253,0.510033,0.021406
0.016369,0.146017,0.007315,0.008636,0.047806,0.251911,0.016369,0.254112,0.007809,0.243656
0.018448,0.156689,0.010590,0.008203,0.037854,0.264226,0.018449,0.209263,0.007079,0.269197
0.047259,0.150717,0.027221,0.019091,0.081443,0.276883,0.047262,0.064089,0.021994,0.264043
0.036222,0.140218,0.029473,0.022946,0.108841,0.260996,0.036223,0.089197,0.022000,0.253884
0.015224,0.226013,0.020063,0.007272,0.055683,0.267352,0.015225,0.120690,0.006153,0.266326
0.140518,0.098110,0.028323,0.071996,0.077713,0.133280,0.140519,0.097740,0.080066,0.131736
0.029093,0.243867,0.019660,0.017832,0.070131,0.257345,0.029094,0.076091,0.016601,0.240284
0.102112,0.102031,0.040091,0.057438,0.088948,0.151309,0.102117,0.124541,0.083684,0.147729
0.082202,0.137907,0.069824,0.050220,0.084031,0.195220,0.082203,0.077796,0.032934,0.187664
0.009874,0.116892,0.002395,0.003919,0.256888,0.277310,0.009875,0.064046,0.002966,0.255836
0.018988,0.163398,0.010131,0.010940,0.056127,0.251793,0.018989,0.202219,0.010172,0.257243
0.012730,0.178053,0.008537,0.006931,0.031605,0.248020,0.012731,0.244758,0.007377,0.249258
0.260472,0.077712,0.015848,0.058062,0.037576,0.104947,0.260482,0.049445,0.032105,0.103350
0.039664,0.148392,0.031261,0.032442,0.102786,0.186808,0.039665,0.196784,0.031639,0.190559
0.022784,0.200028,0.006794,0.010474,0.129185,0.213278,0.022785,0.164638,0.010315,0.219719
0.033883,0.144357,0.110112,0.020826,0.055656,0.208808,0.033884,0.161270,0.021965,0.209239
0.015442,0.001451,0.001108,0.086572,0.001440,0.001940,0.015441,0.001348,0.873333,0.001924
0.027599,0.002008,0.001330,0.919892,0.001920,0.002220,0.027594,0.001486,0.013745,0.002206
0.015533,0.097638,0.005203,0.007089,0.385652,0.188713,0.015534,0.088812,0.005916,0.189910
0.044159,0.130716,0.029968,0.023159,0.082493,0.214646,0.044162,0.190845,0.021690,0.218160
0.229504,0.051486,0.042929,0.129329,0.053136,0.065601,0.229515,0.044696,0.088985,0.064818
0.099821,0.010028,0.006562,0.057530,0.009298,0.012682,0.099825,0.008107,0.683593,0.012554
0.086061,0.119898,0.088036,0.077005,0.101599,0.124728,0.086062,0.115861,0.075684,0.125068
0.187955,0.028968,0.023380,0.179796,0.027618,0.036112,0.187947,0.023560,0.268971,0.035693
0.068551,0.013756,0.041501,0.046100,0.015116,0.016696,0.068554,0.011187,0.701997,0.016542
0.228692,0.040604,0.036863,0.112027,0.041928,0.053209,0.228701,0.033921,0.171426,0.052629
0.006667,0.183174,0.002584,0.003523,0.022575,0.147729,0.006667,0.470372,0.003368,0.153340
0.050239,0.011446,0.010800,0.054616,0.011018,0.013964,0.050239,0.010368,0.773464,0.013847
0.295511,0.031474,0.032844,0.145042,0.028540,0.041279,0.295520,0.026010,0.063056,0.040727
0.126314,0.094285,0.105664,0.087510,0.079479,0.109971,0.126315,0.087269,0.074090,0.109103
0.177523,0.014885,0.011623,0.522146,0.012277,0.019650,0.177518,0.011697,0.033299,0.019383
0.028708,0.142876,0.036785,0.019653,0.054456,0.213038,0.028709,0.237603,0.026711,0.211461
0.079104,0.186239,0.044095,0.028802,0.063798,0.194383,0.079109,0.106137,0.022268,0.196064
0.089807,0.115500,0.066558,0.030780,0.071658,0.219847,0.089813,0.078687,0.029364,0.207987
0.054537,0.138425,0.008839,0.017845,0.118466,0.263366,0.054542,0.082931,0.013962,0.247087
0.018607,0.167418,0.007232,0.008599,0.046038,0.253942,0.018608,0.225656,0.008530,0.245371
0.024397,0.116469,0.017832,0.014645,0.116026,0.274343,0.024398,0.132966,0.016123,0.262802
0.015159,0.142817,0.009695,0.009381,0.051179,0.222561,0.015160,0.311555,0.008271,0.214222
0.045854,0.115100,0.091614,0.022054,0.093368,0.242181,0.045856,0.080879,0.031314,0.231779
0.155296,0.096142,0.030072,0.044328,0.068597,0.177110,0.155311,0.068291,0.036161,0.168691
0.038159,0.145485,0.032422,0.023852,0.064832,0.279816,0.038160,0.095274,0.021399,0.260602
0.040721,0.120089,0.033013,0.024422,0.053940,0.221129,0.040722,0.221830,0.021665,0.222467
0.029341,0.148366,0.012788,0.014098,0.066024,0.252060,0.029343,0.187865,0.013433,0.246682
0.012866,0.095556,0.004661,0.006530,0.329773,0.233427,0.012866,0.080335,0.005477,0.218511
0.229766,0.009571,0.006038,0.250554,0.007611,0.010638,0.229722,0.006144,0.239464,0.010491
0.076401,0.219102,0.009498,0.027134,0.048018,0.211310,0.076401,0.109055,0.019218,0.203862
0.043819,0.127723,0.016341,0.020392,0.052604,0.186410,0.043822,0.300728,0.017703,0.190458
0.028567,0.177901,0.010337,0.012851,0.052261,0.210506,0.028570,0.250703,0.011152,0.217151
0.031803,0.133079,0.008102,0.011901,0.254796,0.227190,0.031806,0.075908,0.008855,0.216559
0.005778,0.043953,0.003524,0.003217,0.015813,0.095158,0.005778,0.722916,0.002896,0.100966
0.046680,0.107309,0.099333,0.021539,0.069994,0.246996,0.046682,0.096120,0.020052,0.245296
0.011450,0.076486,0.003638,0.006055,0.469880,0.177617,0.011450,0.068332,0.004985,0.170106
0.022354,0.151576,0.014985,0.013868,0.070360,0.244768,0.022354,0.199858,0.011333,0.248545
0.046290,0.118821,0.055224,0.032591,0.067047,0.168794,0.046291,0.263713,0.032137,0.169092
0.020842,0.121762,0.011006,0.007588,0.033676,0.350521,0.020844,0.107999,0.006971,0.318791
0.022654,0.152893,0.194563,0.014980,0.042462,0.206952,0.022655,0.126297,0.015403,0.201141
0.031229,0.195402,0.018197,0.013771,0.042938,0.245476,0.031231,0.171359,0.014304,0.236092
0.008731,0.119247,0.005082,0.004895,0.491562,0.131875,0.008732,0.090113,0.004474,0.135289
0.023181,0.117905,0.021078,0.016248,0.063232,0.223301,0.023182,0.268207,0.015623,0.228044
0.019091,0.156658,0.015917,0.006345,0.183906,0.225929,0.019092,0.138844,0.005967,0.228251
0.107421,0.101860,0.025595,0.083079,0.082944,0.124355,0.107423,0.130756,0.111519,0.125048
0.058530,0.105659,0.098415,0.030943,0.090879,0.234559,0.058532,0.071512,0.025732,0.225241
0.125354,0.089134,0.183519,0.056119,0.065137,0.110625,0.125357,0.069584,0.065874,0.109298
0.022904,0.103799,0.015836,0.015876,0.079693,0.199604,0.022904,0.322941,0.016224,0.200220
0.040555,0.136119,0.109397,0.021023,0.055952,0.218427,0.040558,0.137564,0.022826,0.217579
0.035570,0.135294,0.113487,0.021513,0.049682,0.214974,0.035571,0.155290,0.024596,0.214022
0.012655,0.100409,0.007637,0.008266,0.633563,0.085963,0.012655,0.042613,0.010254,0.085985
0.181915,0.097385,0.021098,0.065184,0.047385,0.141048,0.181917,0.082291,0.042135,0.139642
0.024659,0.172619,0.007943,0.011562,0.059445,0.245556,0.024660,0.192869,0.009088,0.251599
0.164514,0.009522,0.006112,0.333056,0.009087,0.013183,0.164488,0.008824,0.278152,0.013063
0.024155,0.242155,0.015874,0.015757,0.079342,0.232550,0.024157,0.127419,0.014374,0.224217
0.263541,0.050763,0.017380,0.100416,0.041049,0.077008,0.263534,0.049679,0.059850,0.076780
0.308848,0.017718,0.012653,0.186271,0.019452,0.024458,0.308833,0.016025,0.081537,0.024205
0.097576,0.114936,0.036833,0.062864,0.098775,0.146555,0.097575,0.131243,0.068289,0.145354
0.082123,0.110049,0.285404,0.037070,0.057611,0.115676,0.082127,0.079898,0.032719,0.117323
0.004995,0.005517,0.951142,0.004727,0.004617,0.006086,0.004995,0.005682,0.006147,0.006090
0.042431,0.125647,0.014845,0.022976,0.077642,0.218650,0.042433,0.212123,0.018869,0.224386
0.018395,0.160626,0.012544,0.010089,0.042764,0.243709,0.018396,0.235662,0.009393,0.248423
0.325210,0.036742,0.025655,0.106022,0.024732,0.044235,0.325196,0.023534,0.044894,0.043779
0.222562,0.061242,0.032692,0.088562,0.050965,0.106701,0.222560,0.056826,0.053115,0.104775
0.029251,0.260629,0.010210,0.014022,0.058798,0.190535,0.029253,0.204100,0.010506,0.192697
0.129061,0.151024,0.019341,0.045417,0.076934,0.165262,0.129074,0.076173,0.049434,0.158279
0.179662,0.065543,0.066683,0.124556,0.055268,0.095493,0.179660,0.065845,0.073081,0.094208
0.022763,0.131640,0.008365,0.010695,0.069936,0.227076,0.022765,0.272657,0.010932,0.223172
0.025839,0.015891,0.818414,0.022033,0.016185,0.017090,0.025840,0.015277,0.026388,0.017043
0.112464,0.101524,0.213060,0.050754,0.059959,0.107284,0.112470,0.072245,0.063696,0.106544
0.147572,0.086268,0.044742,0.071198,0.062902,0.133139,0.147577,0.110605,0.064223,0.131774
0.141309,0.102529,0.022695,0.042124,0.080522,0.164471,0.141314,0.115615,0.024593,0.164828
0.024149,0.145581,0.033046,0.014125,0.123240,0.231788,0.024150,0.161477,0.012070,0.230373
0.278369,0.071863,0.026287,0.070124,0.045453,0.075044,0.278394,0.039521,0.041238,0.073706
0.198225,0.086782,0.034425,0.066460,0.051366,0.118518,0.198244,0.086380,0.042021,0.117579
0.140139,0.084161,0.045995,0.069835,0.081458,0.133350,0.140144,0.105410,0.067663,0.131843
0.134853,0.067016,0.216815,0.057137,0.061633,0.097604,0.134862,0.068898,0.064526,0.096658
0.094515,0.118076,0.028385,0.041075,0.076755,0.155469,0.094523,0.184971,0.050388,0.155844
0.257223,0.055798,0.033348,0.068521,0.051302,0.086930,0.257239,0.055706,0.048390,0.085543
0.119644,0.097325,0.039290,0.058180,0.070239,0.166441,0.119652,0.108410,0.056582,0.164237
0.233306,0.088175,0.020848,0.046767,0.046791,0.120302,0.233329,0.056618,0.036507,0.117357
0.035287,0.159953,0.039120,0.026451,0.069670,0.222319,0.035288,0.165440,0.025815,0.220657
0.036183,0.135864,0.057980,0.018732,0.084801,0.260561,0.036184,0.096208,0.015523,0.257964
0.036616,0.130983,0.032471,0.027984,0.071072,0.250537,0.036617,0.151040,0.024896,0.237784
0.075466,0.113073,0.050593,0.050495,0.075780,0.184416,0.075470,0.121815,0.070077,0.182815
0.091235,0.113874,0.086175,0.036921,0.058475,0.219448,0.091241,0.063850,0.034179,0.204603
0.073366,0.132614,0.045790,0.044873,0.072387,0.201200,0.073368,0.092467,0.072128,0.191807
0.017030,0.129176,0.012406,0.010776,0.047648,0.247211,0.017030,0.266456,0.014750,0.237518
0.095151,0.155637,0.022914,0.042815,0.077486,0.173256,0.095154,0.129639,0.036645,0.171304
0.061578,0.121232,0.093629,0.033855,0.097190,0.215787,0.061581,0.080155,0.030831,0.204162
0.035331,0.007004,0.013383,0.041098,0.005447,0.007672,0.035329,0.005023,0.842137,0.007575
0.006541,0.007599,0.931429,0.004885,0.005675,0.011159,0.006541,0.006933,0.008246,0.010993
0.056293,0.195927,0.052460,0.032852,0.088825,0.211034,0.056295,0.077391,0.027417,0.201505
0.116889,0.120744,0.067637,0.034010,0.051814,0.212849,0.116900,0.055351,0.023907,0.199898
0.000574,0.000149,0.000103,0.000763,0.000126,0.000157,0.000574,0.000123,0.997275,0.000157
0.008057,0.148931,0.004997,0.004447,0.034361,0.248545,0.008058,0.283319,0.003864,0.255420
0.024417,0.098792,0.009630,0.011807,0.489891,0.142005,0.024418,0.048521,0.012774,0.137745
0.032050,0.127888,0.021432,0.017440,0.071167,0.228266,0.032052,0.230387,0.015869,0.223448
0.164334,0.070882,0.034697,0.076164,0.066721,0.098365,0.164338,0.063386,0.164052,0.097060
0.004214,0.053043,0.002411,0.002747,0.021003,0.108624,0.004215,0.686448,0.002603,0.114693
0.214688,0.077145,0.054801,0.095645,0.060669,0.083385,0.214713,0.049831,0.066808,0.082316
0.375948,0.021306,0.031035,0.061903,0.017120,0.032029,0.375974,0.015609,0.037617,0.031459
0.008671,0.219635,0.004659,0.005014,0.186286,0.231132,0.008671,0.107457,0.004399,0.224075
0.024455,0.158423,0.010433,0.010780,0.058954,0.301156,0.024457,0.120440,0.010828,0.280074
0.205161,0.060366,0.053807,0.136844,0.053588,0.079610,0.205168,0.052481,0.074829,0.078147
0.033112,0.014752,0.816913,0.017879,0.014901,0.019302,0.033113,0.012841,0.018067,0.019119
0.042452,0.102073,0.030520,0.020837,0.077804,0.197845,0.042455,0.271187,0.015458,0.199366
0.013884,0.113308,0.007578,0.008212,0.098822,0.203817,0.013885,0.322269,0.008227,0.209998
0.017768,0.218455,0.012448,0.011757,0.065383,0.186032,0.017768,0.269266,0.010116,0.191007
0.038438,0.089179,0.340358,0.017506,0.094525,0.153923,0.038441,0.057696,0.018429,0.151505
0.016933,0.096184,0.007711,0.010120,0.561456,0.118546,0.016933,0.047998,0.008553,0.115566
0.033620,0.119342,0.010723,0.016897,0.134000,0.200612,0.033622,0.230135,0.013819,0.207230
0.028388,0.127039,0.017720,0.016563,0.096293,0.273458,0.028390,0.137605,0.015027,0.259517
0.086240,0.106672,0.112413,0.068798,0.094503,0.126193,0.086241,0.121872,0.070751,0.126317
0.013241,0.135241,0.013953,0.007966,0.081427,0.281853,0.013241,0.157891,0.007459,0.287730
0.002543,0.057796,0.001415,0.001579,0.014904,0.085834,0.002543,0.740699,0.001388,0.091298
0.014982,0.128379,0.009676,0.010117,0.060960,0.196444,0.014983,0.350882,0.009252,0.204326
0.016662,0.183937,0.012963,0.013292,0.063316,0.147029,0.016662,0.378829,0.012822,0.154486
0.071020,0.117413,0.028829,0.042361,0.119265,0.169348,0.071023,0.175201,0.035094,0.170446
0.006250,0.054226,0.002887,0.003793,0.020268,0.109636,0.006250,0.679746,0.002977,0.113968
0.035341,0.155807,0.018572,0.018392,0.099895,0.191337,0.035343,0.237994,0.015901,0.191418
0.010073,0.081550,0.006755,0.006156,0.027955,0.136632,0.010074,0.572398,0.005992,0.142414
0.042774,0.151299,0.025320,0.031284,0.132429,0.164737,0.042775,0.200620,0.040888,0.167873
0.014024,0.213184,0.006408,0.008324,0.319343,0.131118,0.014024,0.150276,0.007804,0.135495
0.105381,0.172441,0.021134,0.041019,0.077372,0.153475,0.105389,0.139551,0.030650,0.153587
0.057957,0.139823,0.040500,0.033574,0.068976,0.190768,0.057959,0.186681,0.031561,0.192201
0.023638,0.194878,0.010445,0.012622,0.098920,0.225250,0.023639,0.168975,0.010602,0.231030
0.080665,0.117319,0.063917,0.064343,0.086666,0.147715,0.080667,0.141336,0.069651,0.147721
0.038132,0.155702,0.054630,0.026290,0.077809,0.179354,0.038133,0.220736,0.026221,0.182992
0.062294,0.192842,0.019328,0.032020,0.132554,0.193599,0.062297,0.091151,0.025134,0.188782
0.047782,0.221149,0.031503,0.027000,0.086190,0.160531,0.047784,0.189538,0.024551,0.163972
0.048123,0.111988,0.041556,0.032483,0.118972,0.181495,0.048125,0.202022,0.033373,0.181863
0.010513,0.094394,0.004184,0.006336,0.426345,0.145336,0.010513,0.148489,0.005169,0.148722
0.025042,0.106103,0.007801,0.012925,0.302751,0.149481,0.025044,0.208850,0.009600,0.152403
0.054398,0.117762,0.025390,0.036120,0.104425,0.221374,0.054400,0.131820,0.031304,0.223006
0.029413,0.116195,0.018851,0.022831,0.058651,0.201892,0.029413,0.310323,0.019467,0.192963
0.043442,0.115600,0.023180,0.032402,0.103746,0.234478,0.043443,0.138196,0.027900,0.237613
0.087960,0.115087,0.057477,0.028045,0.105332,0.187747,0.087966,0.116022,0.023157,0.191208
0.045776,0.118656,0.025751,0.031922,0.102520,0.227773,0.045776,0.143706,0.028211,0.229909
0.051129,0.105290,0.007329,0.019449,0.045120,0.159760,0.051130,0.384778,0.013347,0.162668
0.135443,0.095682,0.009883,0.039277,0.246668,0.129774,0.135450,0.048651,0.030284,0.128888
0.043206,0.134591,0.020312,0.020099,0.092872,0.250295,0.043209,0.137822,0.017305,0.240288
0.014061,0.488900,0.004769,0.006629,0.106791,0.143148,0.014061,0.068804,0.006578,0.146260
0.056784,0.141776,0.028881,0.034192,0.094084,0.188692,0.056787,0.179939,0.032646,0.186219
0.019927,0.079318,0.006898,0.010462,0.604564,0.098444,0.019928,0.052464,0.009746,0.098250
0.013569,0.017651,0.002349,0.006912,0.886836,0.022267,0.013570,0.009202,0.005452,0.022192
0.076463,0.099226,0.023142,0.043315,0.143052,0.174438,0.076467,0.163348,0.028651,0.171899
0.053463,0.228336,0.020535,0.029256,0.103131,0.187991,0.053466,0.108017,0.025702,0.190103
0.010598,0.476562,0.003907,0.005264,0.136747,0.159793,0.010598,0.039505,0.004750,0.152275
0.044334,0.086507,0.010399,0.015107,0.488156,0.113405,0.044338,0.070630,0.013329,0.113795
0.066001,0.115642,0.020954,0.028746,0.089374,0.186034,0.066004,0.222905,0.024388,0.179952
0.004127,0.042849,0.001979,0.002658,0.800985,0.045268,0.004127,0.049399,0.002327,0.046281
0.042825,0.065953,0.027450,0.016686,0.535856,0.102451,0.042829,0.051288,0.014860,0.099802
0.023371,0.119667,0.015151,0.013018,0.047564,0.228143,0.023372,0.297006,0.013236,0.219472
0.069016,0.097568,0.016846,0.070377,0.139254,0.155845,0.069016,0.188423,0.034868,0.158789
0.116868,0.135755,0.035475,0.100011,0.078297,0.136479,0.116868,0.097466,0.047757,0.135025
0.034695,0.172809,0.013747,0.017064,0.087874,0.236106,0.034697,0.151330,0.013918,0.237759
0.306789,0.028861,0.021143,0.104834,0.025778,0.041536,0.306790,0.023263,0.099952,0.041055
0.052583,0.177324,0.013805,0.023585,0.142766,0.202465,0.052586,0.113118,0.017882,0.203886
0.040810,0.121100,0.025532,0.030711,0.090656,0.195751,0.040811,0.227969,0.027906,0.198753
0.146138,0.125763,0.026551,0.049204,0.080068,0.163916,0.146148,0.067908,0.036159,0.158145
0.050363,0.096756,0.023999,0.016794,0.098425,0.238978,0.050367,0.173436,0.012637,0.238245
0.030920,0.075758,0.007717,0.014071,0.529873,0.127905,0.030922,0.048710,0.009924,0.124200
0.052347,0.125851,0.024913,0.025710,0.070416,0.188744,0.052350,0.244335,0.023466,0.191869
0.056378,0.131490,0.028501,0.028092,0.102005,0.201046,0.056381,0.172893,0.025469,0.197744
0.017400,0.161659,0.014198,0.012339,0.081445,0.222926,0.017401,0.232065,0.011518,0.229049
0.040342,0.119066,0.026959,0.024709,0.072895,0.214224,0.040343,0.226097,0.020850,0.214516
0.046088,0.159465,0.020092,0.022327,0.098195,0.223849,0.046090,0.142313,0.019534,0.222047
0.008129,0.122836,0.005634,0.005023,0.054142,0.148832,0.008129,0.487262,0.004868,0.155145
0.072629,0.129880,0.012967,0.028734,0.059970,0.207819,0.072631,0.187256,0.016874,0.211240
0.043713,0.128905,0.031695,0.032616,0.098949,0.168130,0.043714,0.252533,0.030515,0.169229
0.058778,0.121465,0.055800,0.029753,0.109606,0.177745,0.058780,0.184085,0.024338,0.179650
0.008379,0.202177,0.005925,0.005477,0.381173,0.127202,0.008379,0.124572,0.005165,0.131551
0.051914,0.122601,0.015819,0.020297,0.124843,0.206571,0.051918,0.183530,0.014498,0.208008
0.022564,0.204188,0.013848,0.011551,0.061096,0.290456,0.022565,0.097061,0.009775,0.266896
0.042077,0.175955,0.042510,0.025218,0.074853,0.183831,0.042078,0.205983,0.022818,0.184677
0.034991,0.097578,0.012259,0.013593,0.049346,0.240817,0.034994,0.258124,0.010634,0.247664
0.088431,0.114009,0.068672,0.082943,0.111288,0.139213,0.088431,0.102531,0.069272,0.135210
0.009739,0.038301,0.004935,0.004618,0.792132,0.055260,0.009740,0.027110,0.004182,0.053983
0.057253,0.104081,0.011257,0.026110,0.453485,0.107921,0.057255,0.056720,0.017683,0.108235
0.030583,0.137935,0.025057,0.022895,0.107810,0.217314,0.030583,0.191639,0.022272,0.213912
0.027948,0.128100,0.017713,0.015476,0.070291,0.184731,0.027949,0.322370,0.016382,0.189040
0.028708,0.119751,0.018471,0.016269,0.056906,0.201236,0.028709,0.318915,0.014836,0.196198
0.187877,0.079958,0.025593,0.061141,0.087827,0.127660,0.187889,0.074887,0.041269,0.125900
0.024445,0.097019,0.015026,0.013616,0.056580,0.193565,0.024446,0.374093,0.012295,0.188916
0.018347,0.232407,0.004886,0.007339,0.160176,0.214811,0.018348,0.120746,0.005898,0.217041
0.094609,0.107288,0.023217,0.057948,0.195477,0.164437,0.094610,0.067739,0.037041,0.157634
0.035224,0.133395,0.022433,0.021477,0.066556,0.196463,0.035225,0.278173,0.019369,0.191685
0.021204,0.126887,0.016032,0.016138,0.067656,0.162889,0.021204,0.380695,0.018253,0.169041
0.027328,0.043967,0.016382,0.009982,0.656888,0.089288,0.027331,0.034958,0.008412,0.085464
0.043949,0.104710,0.023626,0.026075,0.133611,0.176503,0.043950,0.248479,0.023472,0.175625
0.008537,0.097017,0.005042,0.005310,0.038414,0.152689,0.008537,0.521890,0.005030,0.157533
0.044681,0.043185,0.012846,0.016376,0.624708,0.080708,0.044683,0.041613,0.010696,0.080504
0.005450,0.092040,0.003359,0.003201,0.036182,0.124283,0.005450,0.597657,0.002981,0.129395
0.023093,0.177815,0.013560,0.013892,0.068151,0.234962,0.023094,0.203555,0.014269,0.227608
0.030458,0.148381,0.013967,0.016583,0.073705,0.214284,0.030460,0.244132,0.015488,0.212541
0.019417,0.086757,0.005906,0.011110,0.599224,0.101329,0.019418,0.046814,0.009641,0.100385
0.010157,0.057796,0.004322,0.005443,0.574348,0.089828,0.010158,0.150964,0.005067,0.091917
0.041462,0.134589,0.017279,0.021380,0.113150,0.221803,0.041463,0.172261,0.018962,0.217651
0.082402,0.125122,0.045744,0.051993,0.128349,0.165085,0.082406,0.111107,0.046944,0.160848
0.135573,0.082209,0.018526,0.035913,0.302664,0.107292,0.135590,0.050778,0.024674,0.106782
0.030921,0.079046,0.007297,0.012370,0.046810,0.197324,0.030923,0.382897,0.009266,0.203147
0.040419,0.139619,0.025779,0.023478,0.140053,0.227135,0.040420,0.124946,0.020480,0.217671
0.015822,0.187915,0.010403,0.011540,0.131676,0.207017,0.015823,0.193193,0.011918,0.214693
0.019099,0.059432,0.010205,0.012193,0.627111,0.095172,0.019100,0.052831,0.011326,0.093531
0.106409,0.108510,0.074099,0.080132,0.114694,0.116151,0.106410,0.098177,0.080269,0.115150
0.150856,0.024365,0.019721,0.516652,0.025250,0.029133,0.150862,0.016361,0.038101,0.028700
0.225733,0.095282,0.024423,0.057294,0.057909,0.109701,0.225754,0.052575,0.043223,0.108106
0.231548,0.084925,0.032454,0.073928,0.056559,0.091521,0.231560,0.049846,0.057197,0.090463
0.004282,0.003864,0.963724,0.003346,0.003344,0.005056,0.004282,0.003673,0.003417,0.005013
0.002543,0.057796,0.001415,0.001579,0.014904,0.085834,0.002543,0.740699,0.001388,0.091298
0.342841,0.020375,0.014205,0.130137,0.019215,0.026570,0.342807,0.016086,0.061597,0.026167
0.033620,0.119342,0.010723,0.016897,0.134000,0.200612,0.033622,0.230135,0.013819,0.207230
0.016662,0.183937,0.012963,0.013292,0.063316,0.147029,0.016662,0.378829,0.012822,0.154486
0.006250,0.054226,0.002887,0.003793,0.020268,0.109636,0.006250,0.679746,0.002977,0.113968
0.071020,0.117413,0.028829,0.042361,0.119265,0.169348,0.071023,0.175201,0.035094,0.170446
0.159527,0.060833,0.068270,0.139933,0.058697,0.066170,0.159525,0.054480,0.166812,0.065754
0.306611,0.029530,0.067222,0.082038,0.029063,0.038103,0.306627,0.022907,0.080259,0.037639
0.035341,0.155807,0.018572,0.018392,0.099895,0.191337,0.035343,0.237994,0.015901,0.191418
0.248003,0.006899,0.005413,0.417705,0.006431,0.008301,0.247963,0.005388,0.045695,0.008202
0.111944,0.101653,0.031919,0.059425,0.128978,0.106347,0.111948,0.068702,0.172561,0.106523
0.178216,0.022897,0.018625,0.078916,0.022558,0.030399,0.178232,0.019998,0.420161,0.029998
0.195904,0.052994,0.031654,0.104582,0.054623,0.066504,0.195911,0.042669,0.189685,0.065475
0.211563,0.052957,0.046947,0.112711,0.042224,0.069604,0.211573,0.044633,0.139225,0.068563
0.260342,0.056791,0.029094,0.091515,0.048864,0.076242,0.260344,0.044109,0.057419,0.075280
0.272190,0.038878,0.034893,0.103560,0.039789,0.051347,0.272204,0.033356,0.103081,0.050702
0.265294,0.065302,0.040515,0.070457,0.044814,0.075854,0.265323,0.045084,0.052596,0.074761
0.214878,0.057552,0.162908,0.064858,0.056860,0.071105,0.214892,0.038000,0.048459,0.070488
0.054398,0.117762,0.025390,0.036120,0.104425,0.221374,0.054400,0.131820,0.031304,0.223006
0.023638,0.194878,0.010445,0.012622,0.098920,0.225250,0.023639,0.168975,0.010602,0.231030
0.043442,0.115600,0.023180,0.032402,0.103746,0.234478,0.043443,0.138196,0.027900,0.237613
0.293956,0.065841,0.027415,0.052859,0.039502,0.068610,0.294004,0.034623,0.055131,0.068059
0.252427,0.076357,0.028285,0.081844,0.048845,0.080508,0.252450,0.045329,0.054626,0.079328
0.380126,0.017548,0.008266,0.073911,0.012513,0.022130,0.380171,0.010811,0.072791,0.021732
0.045776,0.118656,0.025751,0.031922,0.102520,0.227773,0.045776,0.143706,0.028211,0.229909
0.210573,0.063387,0.064407,0.125805,0.059778,0.070484,0.210583,0.052992,0.072200,0.069792
0.017429,0.017237,0.843297,0.015100,0.016289,0.020829,0.017429,0.015158,0.016557,0.020674
0.010073,0.081550,0.006755,0.006156,0.027955,0.136632,0.010074,0.572398,0.005992,0.142414
0.298897,0.046931,0.021253,0.078221,0.041490,0.065997,0.298924,0.038915,0.044415,0.064957
0.333765,0.032709,0.016841,0.098744,0.029179,0.044345,0.333781,0.025975,0.040942,0.043720
0.396364,0.012433,0.005606,0.100874,0.010321,0.016031,0.396338,0.008510,0.037774,0.015748
0.208948,0.054817,0.061722,0.138049,0.047197,0.065318,0.208955,0.051196,0.098967,0.064830
0.184599,0.068876,0.109442,0.075516,0.071915,0.098272,0.184601,0.051616,0.058523,0.096640
0.245585,0.047402,0.104815,0.088574,0.046851,0.066848,0.245598,0.037243,0.051435,0.065649
0.273224,0.039951,0.019924,0.139223,0.023168,0.034089,0.273212,0.022000,0.141417,0.033793
0.415496,0.012185,0.007154,0.067774,0.011179,0.018009,0.415500,0.009150,0.025903,0.017649
0.379334,0.015930,0.011858,0.102847,0.014700,0.023293,0.379331,0.013380,0.036410,0.022916
0.404615,0.006458,0.003281,0.135088,0.005976,0.009295,0.404566,0.004888,0.016702,0.009133
0.071269,0.051508,0.228091,0.057460,0.045977,0.062959,0.071269,0.051665,0.297224,0.062578
0.314051,0.025543,0.016716,0.161778,0.027069,0.031020,0.314028,0.019990,0.059154,0.030652
0.411048,0.012043,0.018257,0.069708,0.016029,0.018467,0.411041,0.007543,0.017822,0.018040
0.248299,0.033218,0.024456,0.159680,0.027021,0.043153,0.248294,0.032756,0.140300,0.042824
0.252727,0.060018,0.032531,0.090703,0.053372,0.079424,0.252737,0.053426,0.046434,0.078628
0.317792,0.033701,0.019567,0.117651,0.032467,0.046535,0.317793,0.028077,0.040447,0.045970
0.238519,0.066986,0.050163,0.074245,0.047225,0.072329,0.238533,0.045809,0.094847,0.071343
0.129772,0.076051,0.037807,0.096276,0.051045,0.065966,0.129771,0.048569,0.299393,0.065349
0.203172,0.047700,0.044910,0.119498,0.049583,0.065895,0.203169,0.046093,0.154646,0.065333
0.237970,0.033877,0.026695,0.173049,0.031247,0.043408,0.237974,0.029047,0.143755,0.042979
0.320351,0.033302,0.023984,0.113100,0.029777,0.044940,0.320339,0.027827,0.042091,0.044289
0.168046,0.084899,0.062374,0.077667,0.079842,0.111211,0.168057,0.076459,0.061629,0.109815
0.183490,0.063682,0.049305,0.159104,0.063930,0.071721,0.183476,0.056760,0.097106,0.071426
0.117492,0.057354,0.051519,0.088027,0.054255,0.070417,0.117495,0.054571,0.318919,0.069951
0.129260,0.075821,0.225851,0.102008,0.052933,0.075516,0.129268,0.052093,0.082308,0.074941
0.191143,0.068188,0.066930,0.115417,0.068558,0.077944,0.191150,0.060258,0.083145,0.077268
0.006225,0.003531,0.960452,0.004248,0.003550,0.003930,0.006226,0.003315,0.004618,0.003906
0.001573,0.001345,0.987070,0.001192,0.001335,0.001604,0.001573,0.001229,0.001486,0.001593
0.062182,0.053760,0.496108,0.037372,0.053855,0.071369,0.062185,0.054659,0.037872,0.070638
0.165592,0.086528,0.062721,0.079690,0.085702,0.104782,0.165602,0.078262,0.067109,0.104012
0.153079,0.078327,0.073160,0.097340,0.083800,0.102209,0.153087,0.075521,0.082026,0.101450
0.229004,0.050422,0.057855,0.117050,0.048621,0.061598,0.229020,0.044834,0.100570,0.061026
0.019093,0.007994,0.897764,0.010338,0.007787,0.009668,0.019094,0.007310,0.011366,0.009586
0.013943,0.009244,0.898365,0.008960,0.009380,0.012760,0.013943,0.008626,0.012188,0.012590
0.002634,0.002238,0.979487,0.001509,0.001890,0.002889,0.002634,0.002159,0.001694,0.002865
0.143999,0.082306,0.091986,0.095682,0.085406,0.099201,0.144003,0.073657,0.085123,0.098637
0.192529,0.057406,0.053553,0.132853,0.055583,0.066798,0.192533,0.048500,0.134153,0.066091
0.160539,0.069344,0.065216,0.123434,0.079678,0.074495,0.160539,0.059826,0.132804,0.074124
0.078168,0.110035,0.159339,0.066981,0.083701,0.128553,0.078169,0.094280,0.072726,0.128048
0.087075,0.051331,0.450105,0.062126,0.056612,0.053517,0.087075,0.044615,0.054193,0.053349
0.192393,0.053323,0.055017,0.170893,0.053204,0.074278,0.192397,0.047779,0.087266,0.073448
0.136845,0.055188,0.278156,0.094013,0.049315,0.071302,0.136852,0.048631,0.058972,0.070726
0.093535,0.104486,0.100836,0.089779,0.097763,0.107306,0.093535,0.108658,0.096543,0.107559
0.224997,0.036352,0.046612,0.225955,0.037577,0.043725,0.225007,0.031335,0.085100,0.043340
0.293235,0.026397,0.030469,0.081490,0.028229,0.040196,0.293265,0.023113,0.144066,0.039538
0.138452,0.069467,0.289414,0.057188,0.049020,0.075151,0.138464,0.050027,0.058289,0.074528
0.191390,0.056703,0.127144,0.101295,0.061584,0.072583,0.191407,0.052370,0.073489,0.072036
0.099271,0.065396,0.224344,0.064920,0.081369,0.097552,0.099273,0.066417,0.104706,0.096752
0.167866,0.044858,0.038757,0.202830,0.029309,0.038625,0.167864,0.026384,0.245307,0.038201
0.207823,0.044689,0.036830,0.158792,0.045538,0.063079,0.207833,0.043508,0.129223,0.062685
0.222494,0.041859,0.088447,0.171101,0.045249,0.058796,0.222503,0.038320,0.053180,0.058050
0.209468,0.058790,0.042973,0.084366,0.063453,0.083587,0.209475,0.054294,0.111049,0.082544
0.210511,0.042720,0.205163,0.064606,0.036223,0.065362,0.210544,0.036943,0.063485,0.064443
0.082305,0.100674,0.208714,0.074017,0.082751,0.102706,0.082306,0.084305,0.079744,0.102477
0.161159,0.056578,0.071730,0.196104,0.063212,0.066313,0.161157,0.054673,0.103091,0.065982
0.092050,0.104674,0.073231,0.080309,0.130978,0.116097,0.092050,0.098315,0.096333,0.115962
0.128173,0.107389,0.041317,0.065834,0.091851,0.130577,0.128181,0.112420,0.063788,0.130468
0.188869,0.044204,0.110670,0.118976,0.043629,0.063570,0.188880,0.043227,0.135126,0.062848
0.279398,0.051395,0.025699,0.066894,0.046329,0.079334,0.279417,0.049618,0.042697,0.079217
0.145965,0.068050,0.102783,0.103972,0.076894,0.071982,0.145971,0.055794,0.157060,0.071531
0.093004,0.057594,0.346370,0.079128,0.050438,0.068662,0.093008,0.056667,0.086791,0.068337
0.082452,0.028345,0.608248,0.036531,0.026687,0.035576,0.082456,0.025342,0.039149,0.035215
0.399456,0.017908,0.020260,0.053468,0.015537,0.026438,0.399489,0.013121,0.028405,0.025918
0.200165,0.047583,0.031426,0.223781,0.043546,0.054520,0.200159,0.041275,0.103364,0.054179
0.155679,0.096979,0.049471,0.070163,0.094043,0.120921,0.155685,0.075531,0.061543,0.119986
0.013569,0.017651,0.002349,0.006912,0.886836,0.022267,0.013570,0.009202,0.005452,0.022192
0.092951,0.036882,0.498131,0.057822,0.034187,0.049215,0.092956,0.035758,0.053257,0.048839
0.019743,0.184243,0.015054,0.015033,0.073033,0.199647,0.019743,0.251603,0.014154,0.207748
0.135443,0.095682,0.009883,0.039277,0.246668,0.129774,0.135450,0.048651,0.030284,0.128888
0.341303,0.016782,0.008152,0.163054,0.017306,0.021257,0.341274,0.013510,0.056358,0.021003
0.092002,0.018732,0.013189,0.072211,0.020225,0.022950,0.092000,0.015438,0.630484,0.022769
0.322198,0.035628,0.020027,0.077357,0.038217,0.046443,0.322216,0.025575,0.066679,0.045659
0.318242,0.031517,0.088773,0.076229,0.025445,0.032786,0.318269,0.019386,0.057043,0.032310
0.193439,0.078308,0.046997,0.081341,0.069235,0.096138,0.193457,0.071538,0.073918,0.095629
0.131897,0.041186,0.205667,0.171926,0.038674,0.056295,0.131900,0.040122,0.126492,0.055842
0.160998,0.025434,0.013846,0.500194,0.018903,0.031671,0.161003,0.026230,0.030285,0.031434
0.367047,0.016208,0.008642,0.133571,0.014582,0.024046,0.367011,0.013592,0.031594,0.023708
0.402245,0.018322,0.008247,0.058598,0.017639,0.026395,0.402266,0.012442,0.027938,0.025909
0.216509,0.055200,0.051911,0.120572,0.052716,0.072938,0.216527,0.049157,0.092192,0.072279
0.393321,0.022545,0.009069,0.053219,0.018342,0.031902,0.393343,0.015344,0.031773,0.031142
0.244472,0.029365,0.027161,0.117147,0.027605,0.038545,0.244485,0.025746,0.207374,0.038101
0.109799,0.082269,0.066691,0.087984,0.078868,0.090631,0.109800,0.080966,0.202515,0.090476
0.135431,0.071621,0.238447,0.053876,0.053531,0.099580,0.135442,0.067283,0.045953,0.098836
0.127794,0.065863,0.057402,0.122010,0.123290,0.084208,0.127797,0.066415,0.141422,0.083799
0.202913,0.066615,0.047537,0.076983,0.061221,0.095298,0.202936,0.067666,0.084329,0.094501
0.191299,0.043032,0.154198,0.110894,0.042059,0.054612,0.191307,0.040602,0.117944,0.054053
0.218737,0.066201,0.050024,0.092794,0.066914,0.082276,0.218749,0.053719,0.069238,0.081347
0.368134,0.008406,0.004465,0.187308,0.007511,0.011333,0.368069,0.006441,0.027169,0.011163
0.052583,0.177324,0.013805,0.023585,0.142766,0.202465,0.052586,0.113118,0.017882,0.203886
0.116868,0.135755,0.035475,0.100011,0.078297,0.136479,0.116868,0.097466,0.047757,0.135025
0.379402,0.014857,0.008129,0.126397,0.011035,0.018824,0.379354,0.011129,0.032291,0.018582
0.075899,0.002760,0.002179,0.814477,0.002232,0.003495,0.075888,0.002227,0.017392,0.003452
0.183330,0.044282,0.144514,0.071408,0.043389,0.064291,0.183342,0.037592,0.164511,0.063341
0.260126,0.023999,0.011919,0.205352,0.019544,0.027211,0.260106,0.018451,0.146305,0.026986
0.146138,0.125763,0.026551,0.049204,0.080068,0.163916,0.146148,0.067908,0.036159,0.158145
0.041002,0.004554,0.003360,0.872168,0.003889,0.005392,0.040997,0.004185,0.019060,0.005393
0.306789,0.028861,0.021143,0.104834,0.025778,0.041536,0.306790,0.023263,0.099952,0.041055
0.073578,0.051284,0.338089,0.062768,0.056199,0.071289,0.073578,0.055607,0.146581,0.071027
0.186279,0.061484,0.048982,0.129732,0.056788,0.072310,0.186279,0.056993,0.129325,0.071827
0.100000,0.100000,0.100000,0.100000,0.100000,0.100000,0.100000,0.100000,0.100000,0.100000
0.143416,0.097151,0.075561,0.089720,0.071273,0.116067,0.143423,0.082770,0.064352,0.116267
0.227297,0.054896,0.079014,0.093260,0.050960,0.081345,0.227319,0.047449,0.058418,0.080044
0.267007,0.049814,0.035631,0.089195,0.047121,0.071108,0.267021,0.038337,0.064767,0.069999
0.184062,0.081966,0.046299,0.060715,0.071074,0.128931,0.184083,0.066761,0.049509,0.126601
0.316918,0.050001,0.020423,0.077035,0.029077,0.056113,0.316958,0.027443,0.050941,0.055090
0.167292,0.053003,0.284589,0.071881,0.040167,0.069038,0.167301,0.038323,0.040534,0.067871
0.101017,0.105836,0.017106,0.044807,0.070860,0.194391,0.101022,0.141903,0.030086,0.192971
0.214118,0.050398,0.183288,0.069973,0.040436,0.067225,0.214134,0.040865,0.053281,0.066281
0.168484,0.079574,0.054417,0.079574,0.078908,0.117529,0.168492,0.064033,0.073134,0.115856
0.100000,0.100000,0.100000,0.100000,0.100000,0.100000,0.100000,0.100000,0.100000,0.100000
0.158264,0.049429,0.295337,0.040896,0.040342,0.088654,0.158280,0.041297,0.040849,0.086651
0.025116,0.014300,0.837392,0.009351,0.009353,0.029641,0.025118,0.014155,0.006641,0.028932
0.097586,0.091276,0.179526,0.074274,0.085078,0.104096,0.097588,0.093950,0.073207,0.103419
0.183228,0.036711,0.349808,0.056863,0.028452,0.044232,0.183251,0.022898,0.050871,0.043687
0.038615,0.159990,0.028569,0.031618,0.081940,0.169616,0.038615,0.242706,0.029555,0.178776
0.178157,0.080004,0.031381,0.052752,0.075040,0.146204,0.178179,0.078220,0.036522,0.143541
0.030585,0.055972,0.404611,0.013605,0.176105,0.113410,0.030587,0.049783,0.013155,0.112186
0.277541,0.015947,0.011569,0.297026,0.014804,0.017994,0.277503,0.011715,0.058103,0.017797
0.169311,0.046560,0.251698,0.080712,0.045818,0.061636,0.169325,0.041875,0.072057,0.061008
0.354541,0.022439,0.046146,0.090757,0.022074,0.029095,0.354532,0.017050,0.034624,0.028742
0.303620,0.021790,0.010430,0.215096,0.019120,0.030720,0.303582,0.019555,0.045564,0.030523
0.218556,0.055076,0.054330,0.111680,0.057715,0.072934,0.218565,0.049925,0.089222,0.071996
0.283485,0.043779,0.029034,0.107961,0.036121,0.058446,0.283488,0.035311,0.064857,0.057519
0.251623,0.048645,0.024794,0.114638,0.040352,0.065505,0.251615,0.046536,0.091228,0.065064
0.202924,0.069920,0.051316,0.104613,0.069506,0.080451,0.202919,0.058644,0.079954,0.079754
0.007469,0.003985,0.953542,0.004644,0.003999,0.005328,0.007470,0.003701,0.004577,0.005283
0.000019,0.000014,0.999856,0.000012,0.000012,0.000020,0.000019,0.000013,0.000014,0.000020
0.004606,0.003030,0.968649,0.002729,0.002676,0.004006,0.004606,0.002734,0.003009,0.003954
0.100000,0.100000,0.100000,0.100000,0.100000,0.100000,0.100000,0.100000,0.100000,0.100000
0.000727,0.000479,0.995198,0.000385,0.000376,0.000673,0.000727,0.000409,0.000364,0.000663
0.130230,0.104059,0.084420,0.073890,0.077147,0.126177,0.130236,0.091369,0.057417,0.125056
0.037804,0.039467,0.629646,0.032258,0.039172,0.049798,0.037804,0.042229,0.042400,0.049423
0.199612,0.083634,0.045418,0.065560,0.064248,0.114913,0.199626,0.067243,0.045977,0.113770
0.002411,0.002434,0.977636,0.001993,0.002535,0.002836,0.002411,0.002628,0.002294,0.002821
0.000232,0.000191,0.998155,0.000172,0.000176,0.000231,0.000232,0.000188,0.000193,0.000230
0.000000,0.000000,0.999998,0.000000,0.000000,0.000000,0.000000,0.000000,0.000000,0.000000
0.008185,0.007087,0.932298,0.006378,0.006106,0.008223,0.008185,0.006416,0.008967,0.008154
0.000428,0.000347,0.996594,0.000332,0.000321,0.000421,0.000428,0.000332,0.000378,0.000419
0.000535,0.000508,0.995171,0.000440,0.000484,0.000643,0.000535,0.000541,0.000504,0.000640
0.237041,0.061619,0.035534,0.064868,0.055128,0.099744,0.237070,0.060415,0.050303,0.098279
0.145673,0.110468,0.066829,0.086683,0.074587,0.102155,0.145680,0.074785,0.091613,0.101527
0.004567,0.003903,0.961708,0.003596,0.003530,0.004950,0.004567,0.003695,0.004577,0.004908
0.106619,0.049708,0.426713,0.048843,0.050526,0.063887,0.106624,0.041401,0.042506,0.063173
0.189307,0.057683,0.071863,0.113938,0.059379,0.071110,0.189319,0.052923,0.123864,0.070613
0.065717,0.031260,0.601936,0.035688,0.031972,0.040516,0.065721,0.030471,0.056391,0.040327
0.205422,0.034229,0.031811,0.307725,0.038379,0.042004,0.205417,0.027545,0.065912,0.041557
0.124315,0.069799,0.078832,0.138805,0.065377,0.090860,0.124315,0.072703,0.144730,0.090262
0.082627,0.032234,0.567237,0.032450,0.026206,0.051565,0.082636,0.032012,0.042017,0.051015
0.072629,0.129880,0.012967,0.028734,0.059970,0.207819,0.072631,0.187256,0.016874,0.211240
0.197952,0.080718,0.068725,0.075551,0.070896,0.093273,0.197967,0.061915,0.060971,0.092032
0.046088,0.159465,0.020092,0.022327,0.098195,0.223849,0.046090,0.142313,0.019534,0.222047
0.052347,0.125851,0.024913,0.025710,0.070416,0.188744,0.052350,0.244335,0.023466,0.191869
0.017400,0.161659,0.014198,0.012339,0.081445,0.222926,0.017401,0.232065,0.011518,0.229049
0.040342,0.119066,0.026959,0.024709,0.072895,0.214224,0.040343,0.226097,0.020850,0.214516
0.131221,0.034009,0.466228,0.040686,0.025947,0.046586,0.131226,0.032430,0.045632,0.046035
0.389919,0.014085,0.018917,0.098664,0.009945,0.021540,0.389914,0.010989,0.024705,0.021323
0.219890,0.011340,0.009242,0.127781,0.011303,0.014304,0.219872,0.009881,0.362221,0.014165
0.056378,0.131490,0.028501,0.028092,0.102005,0.201046,0.056381,0.172893,0.025469,0.197744
0.195244,0.016539,0.009801,0.214871,0.013433,0.020276,0.195222,0.012490,0.302075,0.020049
0.058778,0.121465,0.055800,0.029753,0.109606,0.177745,0.058780,0.184085,0.024338,0.179650
0.381309,0.025489,0.014922,0.053070,0.021411,0.038685,0.381338,0.019587,0.026179,0.038010
0.008129,0.122836,0.005634,0.005023,0.054142,0.148832,0.008129,0.487262,0.004868,0.155145
0.296639,0.038738,0.019824,0.128604,0.032963,0.046561,0.296651,0.030320,0.063642,0.046058
0.087714,0.013186,0.012360,0.629756,0.011753,0.013480,0.087708,0.010057,0.120603,0.013382
0.286058,0.021025,0.022219,0.230354,0.019155,0.028367,0.286048,0.019471,0.059239,0.028063
0.222042,0.038662,0.138630,0.131196,0.041135,0.054673,0.222055,0.035010,0.062704,0.053894
0.115711,0.006946,0.006601,0.697462,0.006234,0.008795,0.115712,0.005626,0.028219,0.008693
0.256788,0.053157,0.041574,0.106327,0.050402,0.066209,0.256805,0.043417,0.059772,0.065550
0.240958,0.020197,0.011307,0.209682,0.019477,0.024911,0.240935,0.014309,0.193677,0.024548
0.297856,0.035138,0.033656,0.162812,0.024098,0.034689,0.297841,0.021254,0.058428,0.034228
0.218588,0.075246,0.039450,0.081787,0.072703,0.091920,0.218608,0.057586,0.053286,0.090826
0.182514,0.046483,0.100470,0.127312,0.051738,0.064206,0.182519,0.042378,0.138839,0.063542
0.129572,0.054001,0.236368,0.067344,0.046874,0.070989,0.129581,0.050153,0.144606,0.070511
0.185665,0.070327,0.070105,0.104759,0.063915,0.086172,0.185672,0.064447,0.083607,0.085331
0.180637,0.049002,0.197008,0.059618,0.046542,0.067700,0.180656,0.044198,0.107793,0.066845
0.022564,0.204188,0.013848,0.011551,0.061096,0.290456,0.022565,0.097061,0.009775,0.266896
0.001287,0.001412,0.988042,0.000747,0.001065,0.001977,0.001287,0.001305,0.000916,0.001963
0.171278,0.049130,0.055047,0.239083,0.044058,0.057964,0.171277,0.040404,0.114409,0.057349
0.008379,0.202177,0.005925,0.005477,0.381173,0.127202,0.008379,0.124572,0.005165,0.131551
0.190759,0.074355,0.055541,0.079841,0.082636,0.101525,0.190768,0.065216,0.058850,0.100508
0.124653,0.091763,0.079207,0.086667,0.097952,0.108478,0.124659,0.083947,0.094733,0.107940
0.032968,0.004093,0.002519,0.179569,0.003425,0.004442,0.032968,0.002816,0.732784,0.004415
0.170479,0.066423,0.148146,0.084415,0.055870,0.092938,0.170492,0.062269,0.056899,0.092069
0.429621,0.006349,0.003488,0.088414,0.005743,0.008566,0.429571,0.004315,0.015527,0.008406
0.287527,0.057199,0.027692,0.062143,0.046518,0.072485,0.287575,0.041680,0.045958,0.071223
0.281950,0.045348,0.033736,0.078558,0.039883,0.066691,0.281972,0.037603,0.068793,0.065466
0.000127,0.000103,0.998973,0.000077,0.000090,0.000157,0.000127,0.000106,0.000084,0.000155
0.028401,0.172673,0.010848,0.015527,0.123021,0.222299,0.028403,0.160134,0.013684,0.225009
0.178186,0.065876,0.074525,0.126620,0.062612,0.078730,0.178191,0.062250,0.094678,0.078332
0.006803,0.006064,0.942290,0.004191,0.004424,0.009834,0.006803,0.005571,0.004344,0.009676
0.005500,0.003646,0.962444,0.003130,0.003085,0.005048,0.005500,0.003225,0.003446,0.004978
0.028488,0.003573,0.010336,0.202961,0.003230,0.004188,0.028485,0.003102,0.711484,0.004153
0.179892,0.075660,0.055067,0.072553,0.064176,0.123791,0.179914,0.070079,0.057234,0.121634
0.037773,0.119949,0.031520,0.031516,0.124934,0.199454,0.037773,0.188939,0.026798,0.201344
0.294782,0.032018,0.017642,0.176042,0.028399,0.039941,0.294772,0.026617,0.050301,0.039485
0.211725,0.032962,0.023403,0.238536,0.031581,0.042703,0.211702,0.030408,0.134687,0.042294
0.028840,0.154037,0.005703,0.019484,0.057079,0.197212,0.028839,0.293783,0.009711,0.205312
0.260429,0.053812,0.027594,0.114640,0.041917,0.073034,0.260439,0.046792,0.049282,0.072060
0.328103,0.043205,0.012866,0.097749,0.025946,0.051278,0.328105,0.028962,0.032839,0.050947
0.371333,0.012953,0.007276,0.150240,0.011212,0.016761,0.371297,0.009552,0.032865,0.016512
0.050956,0.002989,0.003210,0.794842,0.002740,0.003640,0.050948,0.002553,0.084514,0.003607
0.261919,0.063075,0.028579,0.065968,0.053710,0.080514,0.261953,0.048280,0.056484,0.079519
0.101703,0.011676,0.012392,0.364242,0.010885,0.014348,0.101688,0.010392,0.358463,0.014211
0.015024,0.107961,0.011573,0.010856,0.043489,0.173858,0.015025,0.431030,0.010891,0.180292
0.182104,0.073796,0.066269,0.100638,0.089430,0.078871,0.182113,0.061130,0.087288,0.078360
0.160090,0.031250,0.027447,0.279582,0.031314,0.035919,0.160080,0.028507,0.210068,0.035744
0.163766,0.013997,0.010797,0.533877,0.012562,0.019087,0.163741,0.012426,0.050897,0.018850
0.022547,0.116726,0.059625,0.017435,0.054889,0.159485,0.022547,0.363324,0.017014,0.166407
0.253696,0.008958,0.007707,0.402024,0.008314,0.012795,0.253666,0.007542,0.032679,0.012619
0.218363,0.051704,0.036637,0.131500,0.045866,0.066448,0.218356,0.045775,0.119553,0.065799
0.098011,0.016054,0.008812,0.093598,0.012611,0.016163,0.098009,0.011714,0.628981,0.016047
0.024241,0.239768,0.009735,0.011548,0.107192,0.197889,0.024243,0.174824,0.009327,0.201233
0.017547,0.136788,0.010074,0.010544,0.063986,0.213607,0.017548,0.299888,0.010220,0.219798
0.027290,0.304584,0.012218,0.015793,0.086955,0.189785,0.027291,0.132214,0.012545,0.191324
0.011006,0.101974,0.004289,0.005175,0.077789,0.191377,0.011007,0.395713,0.004390,0.197279
0.056190,0.004854,0.003798,0.102468,0.005042,0.005984,0.056184,0.004474,0.755064,0.005945
0.046703,0.115214,0.007976,0.015008,0.387568,0.156022,0.046707,0.057523,0.013124,0.154156
0.061410,0.129136,0.008988,0.031086,0.361479,0.135511,0.061410,0.057113,0.018031,0.135836
0.035850,0.205113,0.018384,0.019590,0.066281,0.246954,0.035852,0.110063,0.016982,0.244931
0.009017,0.260892,0.004434,0.004983,0.200695,0.204707,0.009017,0.091923,0.004871,0.209463
0.024803,0.119978,0.015515,0.012864,0.050590,0.205468,0.024804,0.318652,0.011467,0.215858
0.075243,0.104480,0.018767,0.059107,0.095233,0.220819,0.075246,0.109056,0.028350,0.213699
0.042082,0.217052,0.049541,0.033384,0.077154,0.194426,0.042082,0.120967,0.034761,0.188551
0.019204,0.157410,0.010144,0.009577,0.503319,0.114508,0.019205,0.043741,0.008997,0.113897
0.021944,0.001746,0.001316,0.085596,0.001588,0.002002,0.021940,0.001507,0.860374,0.001988
0.068790,0.006080,0.003709,0.083194,0.005449,0.007770,0.068782,0.005508,0.742987,0.007731
0.048236,0.001341,0.001090,0.846761,0.001233,0.001713,0.048227,0.001098,0.048608,0.001693
0.083482,0.098184,0.029799,0.040289,0.062149,0.223838,0.083482,0.131699,0.024498,0.222580
0.158530,0.010865,0.008130,0.336684,0.008874,0.014243,0.158508,0.009403,0.280651,0.014111
0.318954,0.027586,0.014096,0.118079,0.023858,0.035729,0.318960,0.021270,0.086186,0.035281
0.304197,0.037286,0.017952,0.148834,0.024152,0.038198,0.304162,0.022566,0.065021,0.037631
0.058993,0.151857,0.025422,0.035311,0.096831,0.199912,0.058994,0.142003,0.036118,0.194560
0.039221,0.163292,0.035000,0.033605,0.088516,0.211486,0.039222,0.152480,0.033090,0.204087
0.100000,0.100000,0.100000,0.100000,0.100000,0.100000,0.100000,0.100000,0.100000,0.100000
0.032153,0.099804,0.009152,0.014064,0.410124,0.156531,0.032155,0.077695,0.011132,0.157189
0.071003,0.136606,0.101174,0.025950,0.074576,0.201631,0.071007,0.102022,0.020657,0.195375
0.135851,0.145674,0.022074,0.042689,0.052613,0.173227,0.135864,0.089341,0.028348,0.174319
0.025206,0.155519,0.010111,0.011829,0.368428,0.159032,0.025207,0.073462,0.010308,0.160898
0.000246,0.000208,0.998014,0.000161,0.000171,0.000287,0.000246,0.000203,0.000181,0.000285
0.005490,0.005167,0.954558,0.003832,0.005937,0.005408,0.005491,0.003739,0.005000,0.005379
0.000497,0.000464,0.995714,0.000360,0.000408,0.000609,0.000497,0.000463,0.000384,0.000604
0.105453,0.097592,0.178810,0.052651,0.096888,0.121026,0.105457,0.078270,0.043041,0.120811
0.015525,0.151835,0.025166,0.009576,0.048602,0.215664,0.015526,0.295501,0.008600,0.214006
0.018014,0.007439,0.889572,0.020811,0.006696,0.010192,0.018013,0.006632,0.012542,0.010089
0.000314,0.000288,0.997307,0.000236,0.000253,0.000371,0.000314,0.000303,0.000244,0.000369
0.001376,0.001104,0.989006,0.000969,0.001053,0.001530,0.001376,0.001114,0.000962,0.001511
0.001718,0.001552,0.984821,0.001514,0.001559,0.001732,0.001718,0.001597,0.002064,0.001726
0.025716,0.022090,0.776215,0.026767,0.017658,0.030602,0.025716,0.022119,0.022782,0.030335
0.007382,0.005031,0.947169,0.004552,0.004553,0.007025,0.007382,0.005034,0.004905,0.006966
0.008665,0.007145,0.926900,0.006527,0.006542,0.010479,0.008665,0.007031,0.007698,0.010347
0.002373,0.001435,0.984159,0.001395,0.001276,0.002042,0.002373,0.001297,0.001637,0.002015
0.005895,0.003953,0.956748,0.004216,0.003341,0.006034,0.005895,0.004008,0.003965,0.005945
0.069479,0.065218,0.394001,0.059246,0.067078,0.077126,0.069479,0.063981,0.057507,0.076886
0.028301,0.020322,0.799452,0.016892,0.016333,0.028938,0.028301,0.017904,0.015028,0.028529
0.001470,0.001177,0.988528,0.001029,0.001023,0.001625,0.001470,0.001111,0.000956,0.001611
0.335428,0.027174,0.012056,0.145357,0.017699,0.033792,0.335416,0.020446,0.039384,0.033249
0.013234,0.005853,0.907310,0.022701,0.005553,0.007360,0.013234,0.005877,0.011572,0.007308
0.067924,0.003627,0.011659,0.523604,0.003551,0.004879,0.067918,0.003315,0.308695,0.004830
0.390091,0.018079,0.010178,0.105882,0.010735,0.019171,0.390044,0.009052,0.027892,0.018876
0.222832,0.013593,0.006937,0.302405,0.009710,0.015598,0.222811,0.008814,0.181951,0.015349
0.177228,0.020994,0.019823,0.213373,0.020254,0.025180,0.177210,0.017614,0.303380,0.024944
0.418549,0.016049,0.006437,0.060209,0.010882,0.018769,0.418591,0.009277,0.022822,0.018417
0.032719,0.122999,0.006891,0.015312,0.368248,0.167777,0.032720,0.081525,0.008736,0.163074
0.012438,0.131136,0.008891,0.007873,0.087894,0.293082,0.012438,0.160743,0.007048,0.278457
0.242486,0.018290,0.011808,0.298497,0.015278,0.021515,0.242463,0.013534,0.114850,0.021279
0.003524,0.292397,0.001643,0.001959,0.193419,0.172429,0.003524,0.145838,0.001731,0.183536
0.354106,0.013544,0.009698,0.177690,0.011265,0.018324,0.354067,0.010233,0.033095,0.017977
0.034740,0.151281,0.014582,0.019359,0.278911,0.151880,0.034741,0.140029,0.018730,0.155747
0.009131,0.066423,0.005475,0.006692,0.025127,0.115382,0.009131,0.635723,0.006318,0.120598
0.288583,0.037830,0.082542,0.075005,0.035898,0.055029,0.288618,0.031450,0.050739,0.054306
0.193644,0.071914,0.048999,0.077616,0.073475,0.098495,0.193658,0.081000,0.063459,0.097740
0.272190,0.038878,0.034893,0.103560,0.039789,0.051347,0.272204,0.033356,0.103081,0.050702
0.150856,0.024365,0.019721,0.516652,0.025250,0.029133,0.150862,0.016361,0.038101,0.028700
0.252427,0.076357,0.028285,0.081844,0.048845,0.080508,0.252450,0.045329,0.054626,0.079328
0.265294,0.065302,0.040515,0.070457,0.044814,0.075854,0.265323,0.045084,0.052596,0.074761
0.009999,0.126284,0.005094,0.005896,0.070780,0.313879,0.009999,0.155960,0.004952,0.297156
0.249973,0.086779,0.042531,0.087625,0.040633,0.066720,0.249997,0.045060,0.064529,0.066154
0.123292,0.091969,0.090062,0.102421,0.089527,0.093137,0.123295,0.089554,0.103713,0.093030
0.316492,0.063162,0.024242,0.066429,0.034785,0.053948,0.316543,0.027014,0.044475,0.052910
0.223902,0.103449,0.048035,0.070563,0.052745,0.079709,0.223932,0.052244,0.066307,0.079114
0.106218,0.023832,0.101360,0.507408,0.025934,0.030308,0.106221,0.021619,0.047092,0.030010
0.179063,0.102999,0.064352,0.078398,0.062339,0.095677,0.179075,0.069940,0.073131,0.095027
0.235657,0.029312,0.025406,0.240231,0.035830,0.041437,0.235643,0.024203,0.091479,0.040802
0.273832,0.074554,0.040359,0.076739,0.041425,0.064431,0.273858,0.040596,0.050305,0.063902
0.080757,0.010492,0.008928,0.228875,0.009724,0.013309,0.080747,0.009626,0.544333,0.013209
0.218588,0.075246,0.039450,0.081787,0.072703,0.091920,0.218608,0.057586,0.053286,0.090826
0.147572,0.094431,0.048916,0.066889,0.084418,0.131992,0.147585,0.093776,0.053109,0.131313
0.046584,0.028087,0.693385,0.027028,0.024152,0.037417,0.046587,0.026976,0.032639,0.037145
0.235652,0.060330,0.025829,0.179129,0.037626,0.065215,0.235657,0.039578,0.056489,0.064495
0.287527,0.057199,0.027692,0.062143,0.046518,0.072485,0.287575,0.041680,0.045958,0.071223
0.237307,0.063412,0.032172,0.068156,0.063083,0.094758,0.237335,0.052949,0.057181,0.093648
0.234096,0.062760,0.034755,0.077619,0.067177,0.084247,0.234110,0.051410,0.070550,0.083276
0.280232,0.056873,0.032529,0.099914,0.040824,0.059050,0.280255,0.038620,0.053457,0.058246
0.123935,0.113703,0.076065,0.094948,0.083380,0.111912,0.123936,0.084617,0.075908,0.111595
0.055168,0.054987,0.476285,0.046593,0.056482,0.078476,0.055168,0.057400,0.041551,0.077888
0.086061,0.119898,0.088036,0.077005,0.101599,0.124728,0.086062,0.115861,0.075684,0.125068
0.124335,0.093114,0.080226,0.086339,0.080405,0.123078,0.124338,0.097669,0.068383,0.122113
0.100000,0.100000,0.100000,0.100000,0.100000,0.100000,0.100000,0.100000,0.100000,0.100000
0.112149,0.109864,0.069144,0.077763,0.088591,0.130547,0.112152,0.105107,0.064826,0.129857
0.269206,0.008564,0.005274,0.118613,0.008573,0.012213,0.269200,0.007070,0.289273,0.012013
0.262244,0.060313,0.024636,0.075321,0.055083,0.074809,0.262267,0.042270,0.069494,0.073562
0.128295,0.087846,0.062540,0.146235,0.067250,0.111086,0.128296,0.084244,0.073807,0.110401
0.154817,0.112082,0.048414,0.091136,0.078879,0.109898,0.154819,0.078425,0.062328,0.109202
0.206901,0.061186,0.041582,0.112160,0.056413,0.079198,0.206906,0.060732,0.096216,0.078706
0.202819,0.073292,0.063206,0.082499,0.073693,0.090145,0.202829,0.060517,0.061778,0.089222
0.229902,0.047607,0.160556,0.075342,0.042328,0.063988,0.229920,0.036469,0.050907,0.062980
0.322198,0.035628,0.020027,0.077357,0.038217,0.046443,0.322216,0.025575,0.066679,0.045659
0.309597,0.039046,0.085067,0.051237,0.031002,0.059268,0.309637,0.026959,0.030290,0.057897
0.291550,0.052873,0.036547,0.070378,0.043993,0.064693,0.291566,0.038774,0.045749,0.063878
0.178626,0.030988,0.020452,0.088571,0.031074,0.037568,0.178638,0.026908,0.369896,0.037279
0.314062,0.032519,0.074656,0.089884,0.021327,0.039025,0.314063,0.020730,0.055458,0.038275
0.184758,0.074794,0.045490,0.082502,0.068631,0.108919,0.184766,0.076050,0.066139,0.107950
0.100000,0.100000,0.100000,0.100000,0.100000,0.100000,0.100000,0.100000,0.100000,0.100000
0.234096,0.062760,0.034755,0.077619,0.067177,0.084247,0.234110,0.051410,0.070550,0.083276
0.237948,0.013260,0.011804,0.407901,0.012615,0.016260,0.237928,0.010249,0.035977,0.016058
0.287994,0.030036,0.018450,0.157670,0.041988,0.038984,0.287991,0.025787,0.072504,0.038597
0.276027,0.046941,0.024473,0.099192,0.052609,0.068401,0.276023,0.035912,0.053071,0.067350
0.294867,0.050187,0.020421,0.093270,0.037337,0.058037,0.294881,0.035582,0.057856,0.057562
0.237307,0.063412,0.032172,0.068156,0.063083,0.094758,0.237335,0.052949,0.057181,0.093648
0.313042,0.037333,0.012800,0.102858,0.033029,0.049296,0.313002,0.032637,0.057032,0.048971
0.257793,0.021534,0.014688,0.236072,0.028091,0.029652,0.257768,0.018999,0.106104,0.029297
0.121874,0.018511,0.016868,0.170381,0.016440,0.021713,0.121863,0.015639,0.475206,0.021505
0.400775,0.013359,0.006153,0.102924,0.010062,0.016736,0.400721,0.009286,0.023502,0.016481
0.198191,0.039369,0.030058,0.112939,0.032291,0.048681,0.198185,0.032456,0.259700,0.048130
0.293204,0.007984,0.005555,0.331806,0.007227,0.010219,0.293149,0.005912,0.034899,0.010045
0.265129,0.023498,0.016845,0.263323,0.022288,0.029813,0.265109,0.019127,0.065451,0.029417
0.182363,0.078644,0.042462,0.089841,0.067896,0.102216,0.182371,0.067591,0.085390,0.101227
0.012551,0.223321,0.034814,0.008528,0.046064,0.198980,0.012552,0.248735,0.008344,0.206111
0.036611,0.121965,0.016286,0.020282,0.079670,0.192381,0.036613,0.279343,0.018038,0.198810
0.020185,0.001022,0.002241,0.309915,0.001026,0.001398,0.020182,0.000847,0.641804,0.001381
0.190559,0.009836,0.005676,0.529320,0.009303,0.011873,0.190535,0.007903,0.033226,0.011769
0.005246,0.856627,0.003541,0.003063,0.015869,0.038843,0.005246,0.030301,0.002994,0.038270
0.030509,0.004704,0.002827,0.596125,0.005153,0.005709,0.030505,0.004310,0.314456,0.005703
0.333286,0.018302,0.009932,0.138713,0.017191,0.024596,0.333262,0.013688,0.086835,0.024196
0.109489,0.125270,0.051877,0.066282,0.104916,0.132686,0.109492,0.086520,0.082779,0.130689
0.030487,0.119505,0.012226,0.016863,0.321237,0.154402,0.030488,0.144124,0.013787,0.156881
0.022784,0.200028,0.006794,0.010474,0.129185,0.213278,0.022785,0.164638,0.010315,0.219719
0.041316,0.003985,0.002939,0.053104,0.003400,0.004353,0.041309,0.003172,0.842100,0.004322
0.023150,0.225086,0.024107,0.016902,0.079695,0.180458,0.023151,0.224002,0.018978,0.184469
0.035428,0.004737,0.007139,0.024840,0.004010,0.006588,0.035428,0.004413,0.870860,0.006558
0.012447,0.010575,0.898827,0.008131,0.010143,0.014102,0.012448,0.010418,0.008892,0.014017
0.326718,0.021628,0.012958,0.169937,0.021398,0.024225,0.326700,0.015903,0.056551,0.023982
0.008001,0.096254,0.005293,0.005808,0.050848,0.180937,0.008001,0.447622,0.005322,0.191914
0.248299,0.033218,0.024456,0.159680,0.027021,0.043153,0.248294,0.032756,0.140300,0.042824
0.236208,0.013625,0.009890,0.380000,0.012764,0.018523,0.236152,0.013199,0.061334,0.018306
0.290939,0.033499,0.066497,0.128351,0.027798,0.039701,0.290925,0.025746,0.057223,0.039322
0.041984,0.153059,0.020987,0.021545,0.061181,0.216755,0.041986,0.202301,0.020883,0.219320
0.177523,0.014885,0.011623,0.522146,0.012277,0.019650,0.177518,0.011697,0.033299,0.019383
0.006667,0.183174,0.002584,0.003523,0.022575,0.147729,0.006667,0.470372,0.003368,0.153340
0.302260,0.010760,0.007930,0.277176,0.010796,0.014261,0.302215,0.008992,0.051558,0.014052
0.210783,0.052307,0.033296,0.168431,0.079422,0.062178,0.210770,0.044105,0.077029,0.061679
0.026145,0.123529,0.013151,0.018438,0.097311,0.211660,0.026146,0.252425,0.014486,0.216707
0.010305,0.071009,0.005759,0.006260,0.033380,0.144272,0.010305,0.563412,0.005928,0.149371
0.023373,0.143135,0.010735,0.012700,0.392117,0.130581,0.023373,0.118586,0.011930,0.133470
0.235028,0.012291,0.010824,0.390876,0.012571,0.016588,0.234976,0.010424,0.060078,0.016345
0.029708,0.082935,0.008474,0.012222,0.034494,0.151039,0.029710,0.485519,0.010466,0.155434
0.015449,0.144758,0.005096,0.013862,0.300723,0.187736,0.015450,0.117877,0.007032,0.192017
0.299442,0.032544,0.026717,0.134863,0.029742,0.044468,0.299425,0.031880,0.056758,0.044161
0.237948,0.013260,0.011804,0.407901,0.012615,0.016260,0.237928,0.010249,0.035977,0.016058
0.030591,0.004522,0.007384,0.030745,0.004609,0.005821,0.030589,0.004170,0.875805,0.005763
0.099687,0.010197,0.007521,0.719265,0.008392,0.010738,0.099676,0.007259,0.026591,0.010674
0.240784,0.034813,0.069658,0.232930,0.025614,0.044553,0.240787,0.024721,0.042338,0.043803
0.016104,0.103668,0.004991,0.007656,0.112456,0.191031,0.016105,0.341612,0.007198,0.199181
0.019722,0.000914,0.000789,0.950453,0.000791,0.001107,0.019718,0.000795,0.004615,0.001095
0.321195,0.018994,0.009787,0.204356,0.015635,0.026151,0.321164,0.015374,0.041569,0.025776
0.230609,0.011007,0.018409,0.417447,0.010501,0.014829,0.230564,0.008899,0.043143,0.014591
0.225975,0.049674,0.060886,0.133625,0.038808,0.069577,0.225980,0.046903,0.079667,0.068905
0.154963,0.083344,0.047115,0.059133,0.113997,0.129295,0.154974,0.083228,0.046334,0.127617
0.137256,0.023553,0.014421,0.545566,0.020735,0.033982,0.137246,0.021575,0.032013,0.033652
0.243457,0.063178,0.026509,0.056546,0.054608,0.102378,0.243483,0.059998,0.049299,0.100544
0.312263,0.034335,0.018490,0.125881,0.029622,0.046327,0.312245,0.027049,0.048130,0.045658
0.155707,0.023401,0.283656,0.218808,0.021968,0.030564,0.155702,0.021058,0.058835,0.030302
0.095842,0.100048,0.066430,0.067729,0.156642,0.124085,0.095845,0.107877,0.061596,0.123907
0.225266,0.039938,0.028632,0.152410,0.032135,0.047420,0.225255,0.033612,0.168338,0.046994
0.252315,0.059031,0.023633,0.125259,0.050696,0.068092,0.252299,0.041457,0.059804,0.067414
0.077552,0.105269,0.033449,0.051719,0.101255,0.181803,0.077555,0.139758,0.050555,0.181087
0.325210,0.036742,0.025655,0.106022,0.024732,0.044235,0.325196,0.023534,0.044894,0.043779
0.003101,0.051857,0.002401,0.002349,0.022350,0.077196,0.003101,0.754437,0.002207,0.081002
0.021682,0.154913,0.023699,0.011122,0.062889,0.231330,0.021683,0.227583,0.009845,0.235253
0.218152,0.049983,0.028386,0.204170,0.040000,0.056858,0.218150,0.039887,0.088010,0.056404
0.100859,0.227226,0.015377,0.036979,0.059280,0.160119,0.100868,0.103965,0.032788,0.162539
0.129338,0.017727,0.014960,0.069481,0.014680,0.018905,0.129335,0.010108,0.576858,0.018608
0.175669,0.083372,0.052043,0.062694,0.071680,0.122520,0.175682,0.079955,0.055510,0.120875
0.131221,0.034009,0.466228,0.040686,0.025947,0.046586,0.131226,0.032430,0.045632,0.046035
0.116553,0.096772,0.025582,0.038941,0.078137,0.196948,0.116562,0.105827,0.031937,0.192740
0.182282,0.057263,0.038216,0.181489,0.054486,0.067786,0.182275,0.056331,0.112131,0.067743
0.149627,0.044449,0.021014,0.389775,0.036892,0.049264,0.149623,0.030999,0.079335,0.049021
0.082536,0.008231,0.007598,0.762231,0.007068,0.010021,0.082526,0.006635,0.023212,0.009942
0.085743,0.010179,0.004999,0.123158,0.024373,0.014427,0.085735,0.008044,0.629064,0.014278
0.214688,0.077145,0.054801,0.095645,0.060669,0.083385,0.214713,0.049831,0.066808,0.082316
0.004214,0.053043,0.002411,0.002747,0.021003,0.108624,0.004215,0.686448,0.002603,0.114693
0.301641,0.008406,0.005226,0.303465,0.008177,0.011505,0.301590,0.007024,0.041624,0.011341
0.171451,0.050033,0.077979,0.094233,0.049761,0.076418,0.171459,0.050356,0.182450,0.075861
0.014982,0.128379,0.009676,0.010117,0.060960,0.196444,0.014983,0.350882,0.009252,0.204326
0.132057,0.024671,0.042817,0.522730,0.020564,0.033987,0.132052,0.019196,0.038468,0.033458
0.305756,0.029029,0.029809,0.150234,0.034521,0.041407,0.305729,0.021875,0.040867,0.040773
0.008671,0.219635,0.004659,0.005014,0.186286,0.231132,0.008671,0.107457,0.004399,0.224075
0.301118,0.024781,0.015743,0.196475,0.022508,0.028544,0.301085,0.018700,0.062828,0.028219
0.008582,0.140065,0.003503,0.003855,0.170285,0.194765,0.008583,0.263601,0.003776,0.202986
0.021176,0.176574,0.012270,0.013362,0.061246,0.222802,0.021177,0.230524,0.011688,0.229180
0.307074,0.024711,0.018918,0.171574,0.020951,0.027540,0.307062,0.018189,0.076740,0.027240
0.015688,0.111394,0.012580,0.011984,0.066861,0.185397,0.015688,0.375559,0.011392,0.193456
0.015757,0.145880,0.007689,0.008781,0.234957,0.214963,0.015758,0.134221,0.008566,0.213429
0.217610,0.048710,0.046844,0.153937,0.051803,0.060242,0.217600,0.044590,0.098795,0.059868
0.006005,0.065608,0.003564,0.004137,0.053090,0.107743,0.006005,0.637606,0.003980,0.112262
0.287527,0.057199,0.027692,0.062143,0.046518,0.072485,0.287575,0.041680,0.045958,0.071223
0.261763,0.020050,0.012792,0.291856,0.020948,0.024885,0.261717,0.016977,0.064381,0.024631
0.020216,0.291395,0.009677,0.009555,0.142207,0.199675,0.020217,0.094362,0.009095,0.203600
0.153193,0.075295,0.026866,0.235241,0.061238,0.090008,0.153187,0.047455,0.070555,0.086962
0.375973,0.008499,0.005899,0.154741,0.007981,0.011489,0.375906,0.006934,0.041259,0.011320
0.114876,0.019273,0.010890,0.096908,0.015980,0.019765,0.114873,0.014293,0.573475,0.019668
0.032283,0.118842,0.029983,0.024084,0.238453,0.183526,0.032284,0.135053,0.025314,0.180178
0.151995,0.023390,0.019918,0.423358,0.024188,0.030674,0.151985,0.021884,0.122203,0.030407
0.094296,0.023295,0.022067,0.227753,0.022252,0.026543,0.094293,0.020850,0.442293,0.026359
0.236362,0.048036,0.047394,0.149104,0.046388,0.049998,0.236348,0.044759,0.091774,0.049839
0.067877,0.005557,0.004997,0.810352,0.005194,0.007258,0.067869,0.005036,0.018682,0.007178
0.112970,0.097415,0.058013,0.060152,0.134479,0.134077,0.112978,0.099685,0.057171,0.133062
0.178811,0.078401,0.047034,0.124235,0.062802,0.083301,0.178816,0.068036,0.095581,0.082983
0.194723,0.011596,0.006772,0.384730,0.011486,0.016760,0.194698,0.009501,0.153194,0.016540
0.185842,0.036658,0.021312,0.197352,0.025046,0.034916,0.185827,0.025330,0.252980,0.034738
0.182363,0.078644,0.042462,0.089841,0.067896,0.102216,0.182371,0.067591,0.085390,0.101227
0.248003,0.006899,0.005413,0.417705,0.006431,0.008301,0.247963,0.005388,0.045695,0.008202
0.041316,0.003985,0.002939,0.053104,0.003400,0.004353,0.041309,0.003172,0.842100,0.004322
0.261108,0.061241,0.029984,0.074434,0.036935,0.071333,0.261141,0.041849,0.091724,0.070253
0.136099,0.092754,0.064638,0.114416,0.111916,0.101352,0.136102,0.067779,0.074375,0.100568
0.140900,0.024877,0.037978,0.073354,0.022506,0.028261,0.140902,0.018997,0.484268,0.027957
0.321428,0.018030,0.011949,0.122275,0.017508,0.022246,0.321420,0.015198,0.127893,0.022055
0.156487,0.035149,0.064082,0.137320,0.035998,0.046774,0.156482,0.028725,0.292740,0.046243
0.265129,0.023498,0.016845,0.263323,0.022288,0.029813,0.265109,0.019127,0.065451,0.029417
0.377839,0.015924,0.013147,0.098820,0.014037,0.020767,0.377855,0.013247,0.047856,0.020510
0.367248,0.020301,0.013399,0.115257,0.016250,0.026538,0.367235,0.015961,0.031616,0.026195
0.288743,0.047369,0.019971,0.123040,0.034662,0.047209,0.288756,0.026411,0.077299,0.046540
0.301033,0.028395,0.015212,0.166744,0.027323,0.039616,0.301014,0.022914,0.058588,0.039161
0.028488,0.003573,0.010336,0.202961,0.003230,0.004188,0.028485,0.003102,0.711484,0.004153
0.093688,0.146328,0.024873,0.050391,0.113339,0.168274,0.093690,0.102397,0.036890,0.170130
0.295302,0.030893,0.015941,0.187530,0.026244,0.034757,0.295276,0.021931,0.057760,0.034367
0.034477,0.001419,0.001267,0.524575,0.001459,0.001911,0.034474,0.001204,0.397326,0.001887
0.050561,0.009259,0.007548,0.784776,0.009710,0.011672,0.050556,0.008232,0.056117,0.011570
0.262587,0.016008,0.013526,0.287837,0.014212,0.020206,0.262566,0.011996,0.091191,0.019870
0.262880,0.037200,0.026939,0.193552,0.029239,0.047713,0.262883,0.029205,0.063484,0.046906
0.260429,0.053812,0.027594,0.114640,0.041917,0.073034,0.260439,0.046792,0.049282,0.072060
0.209248,0.021619,0.020140,0.381518,0.022710,0.025948,0.209228,0.018517,0.065314,0.025760
0.241748,0.028103,0.021710,0.126111,0.027657,0.034500,0.241753,0.023294,0.221029,0.034094
0.192659,0.062015,0.047520,0.096826,0.052319,0.079973,0.192676,0.055733,0.140941,0.079338
0.298612,0.018893,0.051840,0.159612,0.017757,0.025581,0.298592,0.013101,0.090896,0.025116
0.240550,0.006585,0.002843,0.461926,0.004713,0.008126,0.240522,0.003827,0.022913,0.007996
0.023847,0.007293,0.006477,0.879216,0.006637,0.007087,0.023845,0.006352,0.032173,0.007072
0.072834,0.037293,0.034390,0.522893,0.060907,0.042331,0.072830,0.037662,0.076634,0.042227
0.047415,0.027653,0.022176,0.052997,0.046766,0.032989,0.047415,0.028644,0.661070,0.032875
0.085519,0.022397,0.021635,0.633878,0.023219,0.025524,0.085513,0.021775,0.055128,0.025411
0.061699,0.041945,0.094621,0.064408,0.054370,0.053569,0.061700,0.042415,0.471983,0.053289
0.042448,0.010092,0.010537,0.763112,0.012281,0.012467,0.042445,0.010691,0.083504,0.012424
0.013797,0.009487,0.009569,0.018861,0.010162,0.010202,0.013797,0.009585,0.894344,0.010195
0.014692,0.010676,0.009243,0.016837,0.011160,0.011673,0.014692,0.010797,0.888561,0.011667
0.036921,0.010410,0.012502,0.811493,0.012306,0.012061,0.036918,0.009520,0.045865,0.012004
0.023227,0.008542,0.008791,0.870058,0.008838,0.009313,0.023226,0.008584,0.030117,0.009302
0.031855,0.022911,0.042562,0.044595,0.023789,0.025953,0.031855,0.022452,0.728167,0.025862
0.024684,0.013326,0.013689,0.027780,0.013680,0.015510,0.024684,0.013321,0.837860,0.015466
0.005410,0.002258,0.002284,0.005303,0.002339,0.002615,0.005409,0.002091,0.969691,0.002601
0.006070,0.002647,0.003320,0.007604,0.002643,0.003024,0.006070,0.002528,0.963082,0.003010
0.047012,0.018965,0.018262,0.033757,0.017234,0.023906,0.047014,0.018638,0.751469,0.023742
0.047644,0.009029,0.006136,0.044033,0.009141,0.010015,0.047641,0.007947,0.808452,0.009961
0.008642,0.005478,0.016104,0.011584,0.009250,0.006568,0.008642,0.005485,0.921705,0.006544
0.098952,0.032633,0.039333,0.494193,0.034468,0.035835,0.098945,0.031391,0.098546,0.035703
0.003126,0.001866,0.008378,0.003928,0.001781,0.001982,0.003126,0.001779,0.972059,0.001975
0.007379,0.005370,0.004850,0.008836,0.003942,0.004585,0.007379,0.003725,0.949372,0.004564
0.005698,0.002406,0.003207,0.006265,0.002341,0.002647,0.005698,0.002082,0.967025,0.002632
0.057346,0.032056,0.033606,0.047753,0.029527,0.042848,0.057348,0.035418,0.621359,0.042739
0.034424,0.038614,0.034157,0.038539,0.038144,0.036973,0.034424,0.036212,0.671466,0.037048
0.063736,0.037445,0.045363,0.049074,0.032739,0.053318,0.063738,0.039843,0.561734,0.053009
0.074400,0.063080,0.070967,0.072088,0.150148,0.072435,0.074401,0.060000,0.290337,0.072145
0.246478,0.028448,0.025065,0.246969,0.026730,0.036680,0.246456,0.026441,0.080349,0.036384
0.009037,0.005787,0.017534,0.011946,0.009915,0.006964,0.009037,0.005799,0.917042,0.006939
0.070926,0.016085,0.015392,0.674573,0.016156,0.018380,0.070919,0.015194,0.084076,0.018300
0.083457,0.061848,0.153385,0.079657,0.090707,0.074196,0.083459,0.061222,0.238167,0.073903
0.006033,0.002591,0.003325,0.006785,0.002779,0.002777,0.006033,0.002285,0.964630,0.002763
0.133966,0.118126,0.081980,0.089632,0.083147,0.093354,0.133970,0.076136,0.096851,0.092837
0.228332,0.062710,0.027951,0.183369,0.039731,0.064811,0.228325,0.039808,0.060891,0.064072
0.334119,0.013783,0.008233,0.207827,0.011857,0.019768,0.334092,0.011066,0.039785,0.019469
0.086910,0.010031,0.009868,0.407189,0.010197,0.012134,0.086898,0.009358,0.355343,0.012072
0.144602,0.010192,0.006338,0.341898,0.010528,0.014141,0.144579,0.008729,0.305002,0.013991
0.070762,0.014939,0.012160,0.320684,0.020054,0.018559,0.070761,0.012475,0.441228,0.018378
0.299028,0.015750,0.010288,0.238492,0.014384,0.022452,0.298967,0.013797,0.064793,0.022049
0.075753,0.008432,0.008893,0.325454,0.008834,0.011416,0.075749,0.007562,0.466623,0.011284
0.214942,0.033218,0.029403,0.288145,0.029411,0.042238,0.214916,0.029796,0.076162,0.041768
0.364964,0.016443,0.012816,0.125487,0.014452,0.025203,0.364954,0.013937,0.036977,0.024767
0.166023,0.017541,0.012395,0.428873,0.016612,0.023067,0.166007,0.017642,0.128895,0.022944
0.299442,0.032544,0.026717,0.134863,0.029742,0.044468,0.299425,0.031880,0.056758,0.044161
0.272494,0.053903,0.030043,0.088133,0.044157,0.072582,0.272510,0.046556,0.047684,0.071938
0.056951,0.019696,0.021408,0.135271,0.019543,0.021446,0.056947,0.018730,0.628629,0.021379
0.208587,0.025788,0.025310,0.270133,0.024529,0.031967,0.208581,0.021917,0.151532,0.031657
0.023526,0.000903,0.000581,0.018184,0.000874,0.001135,0.023524,0.000669,0.929488,0.001118
0.121174,0.020584,0.016992,0.310519,0.019022,0.022455,0.121165,0.017411,0.328412,0.022264
0.359177,0.016484,0.008924,0.158572,0.013694,0.021789,0.359133,0.010859,0.029995,0.021371
0.326264,0.018975,0.011012,0.179741,0.017599,0.023053,0.326228,0.014300,0.060048,0.022780
0.125011,0.016172,0.010846,0.522717,0.021328,0.021633,0.125001,0.014209,0.121650,0.021434
0.032698,0.003557,0.004581,0.064948,0.003570,0.004666,0.032695,0.003295,0.845370,0.004620
0.159514,0.005085,0.002653,0.643357,0.003938,0.005145,0.159506,0.003174,0.012545,0.005083
0.244472,0.029365,0.027161,0.117147,0.027605,0.038545,0.244485,0.025746,0.207374,0.038101
0.254232,0.016204,0.009798,0.306727,0.013415,0.018525,0.254188,0.012046,0.096556,0.018309
0.239689,0.017970,0.012041,0.203926,0.015792,0.022241,0.239693,0.013468,0.213279,0.021900
0.133523,0.011114,0.014660,0.129521,0.010275,0.014516,0.133512,0.009373,0.529136,0.014369
0.105744,0.007484,0.006263,0.256483,0.008244,0.008936,0.105723,0.006343,0.485920,0.008860
0.055272,0.002143,0.001826,0.865679,0.001931,0.002799,0.055263,0.001660,0.010669,0.002759
0.277213,0.019978,0.025238,0.269125,0.016796,0.026358,0.277168,0.015038,0.047118,0.025968
0.133504,0.046726,0.138356,0.148971,0.048211,0.051296,0.133500,0.035790,0.212734,0.050911
0.267841,0.007886,0.006279,0.367444,0.007234,0.010638,0.267816,0.006678,0.047700,0.010483
0.156524,0.053533,0.054535,0.198211,0.051215,0.056050,0.156524,0.042307,0.175484,0.055616
0.264067,0.046429,0.034581,0.112279,0.048453,0.063522,0.264083,0.043458,0.060330,0.062797
0.025880,0.004271,0.004543,0.033315,0.004727,0.005400,0.025880,0.003882,0.886750,0.005351
0.029803,0.012965,0.045946,0.036454,0.012593,0.014273,0.029803,0.012151,0.791783,0.014229
0.086336,0.027032,0.092180,0.140501,0.029117,0.032652,0.086337,0.026169,0.447162,0.032512
0.126451,0.043971,0.024303,0.091123,0.035792,0.049285,0.126455,0.032156,0.421791,0.048674
0.179496,0.044798,0.030676,0.200153,0.037094,0.049411,0.179486,0.038346,0.191477,0.049064
0.308585,0.025314,0.017582,0.156120,0.024093,0.034302,0.308628,0.021593,0.069944,0.033839
0.096390,0.045757,0.041676,0.087166,0.042726,0.056746,0.096390,0.045043,0.431679,0.056426
0.303351,0.038740,0.015273,0.072900,0.028606,0.062590,0.303402,0.033884,0.079713,0.061541
0.015775,0.002294,0.001705,0.022410,0.002089,0.002519,0.015775,0.001773,0.933166,0.002494
0.326087,0.031537,0.019069,0.103389,0.027817,0.041075,0.326108,0.024774,0.059594,0.040550
0.038535,0.004341,0.003011,0.029465,0.004660,0.005694,0.038537,0.003697,0.866422,0.005638
0.073357,0.012843,0.008790,0.042254,0.009898,0.014160,0.073361,0.008667,0.742713,0.013959
0.011103,0.002555,0.002873,0.016265,0.002631,0.003018,0.011103,0.002391,0.945065,0.002996
0.178143,0.011741,0.011820,0.518839,0.010116,0.015259,0.178131,0.009902,0.050996,0.015052
0.059255,0.014395,0.013645,0.078122,0.014653,0.017062,0.059251,0.013893,0.712758,0.016967
0.022949,0.002733,0.003009,0.013103,0.002058,0.002751,0.022950,0.001743,0.925973,0.002730
0.166867,0.009372,0.005423,0.562010,0.009906,0.014047,0.166858,0.007506,0.044171,0.013839
0.088507,0.017789,0.010853,0.659096,0.017920,0.021297,0.088503,0.013442,0.061474,0.021119
0.104632,0.059821,0.046881,0.109081,0.091210,0.069279,0.104632,0.053871,0.291645,0.068947
0.263874,0.049862,0.033203,0.095386,0.050736,0.072413,0.263882,0.036874,0.062650,0.071120
0.194139,0.032370,0.027715,0.319130,0.026005,0.035068,0.194120,0.023986,0.112655,0.034813
0.211711,0.012266,0.009943,0.334398,0.012127,0.017591,0.211685,0.010578,0.162354,0.017346
0.114939,0.041861,0.120340,0.116189,0.039564,0.052918,0.114935,0.039536,0.307239,0.052479
0.120458,0.006246,0.006043,0.127143,0.005630,0.007715,0.120435,0.005617,0.593080,0.007633
0.014206,0.002259,0.006908,0.012895,0.002208,0.002946,0.014206,0.001982,0.939481,0.002910
0.091132,0.013869,0.008787,0.070074,0.012650,0.017837,0.091131,0.012203,0.664666,0.017651
0.181222,0.066699,0.044509,0.172624,0.081529,0.065749,0.181214,0.053249,0.087886,0.065319
0.290256,0.019278,0.010851,0.271197,0.016737,0.025763,0.290208,0.014000,0.036335,0.025375
0.252988,0.022615,0.017994,0.244266,0.021346,0.030737,0.252961,0.018428,0.108329,0.030336
0.352066,0.011540,0.007690,0.184005,0.009768,0.013636,0.352011,0.007749,0.048097,0.013438
0.072650,0.002591,0.001959,0.124923,0.002162,0.003281,0.072637,0.002004,0.714559,0.003236
0.092707,0.003762,0.003426,0.740304,0.003312,0.004740,0.092693,0.002988,0.051384,0.004683
0.327593,0.018134,0.008527,0.180557,0.013475,0.019899,0.327566,0.011223,0.073426,0.019600
0.262644,0.018445,0.009742,0.305205,0.013297,0.022564,0.262611,0.013672,0.069547,0.022273
0.276330,0.022596,0.012865,0.258084,0.016843,0.024136,0.276296,0.014726,0.074300,0.023824
0.181208,0.024544,0.021686,0.385153,0.024132,0.029092,0.181197,0.022364,0.101694,0.028928
0.205688,0.021957,0.017675,0.287959,0.018244,0.024393,0.205673,0.015952,0.178340,0.024118
0.212428,0.044270,0.020276,0.151148,0.064824,0.068460,0.212417,0.040631,0.117982,0.067562
0.206088,0.009917,0.006158,0.261170,0.008479,0.011298,0.206062,0.007365,0.272284,0.011179
0.017163,0.002416,0.002067,0.372931,0.002349,0.003009,0.017161,0.002351,0.577562,0.002991
0.199499,0.075956,0.062316,0.117144,0.059494,0.077686,0.199498,0.055369,0.076254,0.076785
0.198361,0.025924,0.016535,0.393819,0.020869,0.033845,0.198347,0.022675,0.056128,0.033496
0.227755,0.041868,0.025777,0.266082,0.030596,0.044370,0.227737,0.029583,0.062225,0.044007
0.021496,0.004834,0.004308,0.025340,0.005003,0.005532,0.021495,0.004401,0.902085,0.005506
0.117161,0.007967,0.004949,0.164024,0.008134,0.010053,0.117141,0.007083,0.553468,0.010019
0.027905,0.001089,0.000966,0.930270,0.001011,0.001356,0.027899,0.000887,0.007276,0.001342
0.193667,0.035878,0.023933,0.300976,0.032008,0.043176,0.193651,0.030869,0.102730,0.043112
0.305527,0.024780,0.011222,0.191085,0.015207,0.021449,0.305490,0.014869,0.089061,0.021310
0.023049,0.002627,0.002752,0.040156,0.002520,0.003071,0.023046,0.002262,0.897477,0.003041
0.154665,0.006266,0.005182,0.626018,0.005523,0.009124,0.154648,0.005278,0.024292,0.009004
0.134404,0.018310,0.010882,0.154680,0.013127,0.019279,0.134390,0.012064,0.483829,0.019034
0.217071,0.011117,0.008475,0.438178,0.011177,0.015309,0.217049,0.009727,0.056777,0.015121
0.110208,0.009471,0.007265,0.696238,0.008008,0.012931,0.110193,0.008458,0.024439,0.012787
0.042567,0.004443,0.003725,0.871556,0.004514,0.005906,0.042562,0.003964,0.014924,0.005841
0.243777,0.030042,0.020825,0.234240,0.025172,0.040883,0.243769,0.024600,0.096249,0.040443
0.266982,0.035966,0.023360,0.173932,0.038889,0.050696,0.266978,0.032059,0.061108,0.050029
0.268353,0.023913,0.012104,0.244218,0.021399,0.030406,0.268320,0.021727,0.079272,0.030289
0.204282,0.015169,0.029761,0.427621,0.014106,0.021758,0.204245,0.013891,0.047672,0.021495
0.163334,0.010895,0.010174,0.177171,0.011076,0.014914,0.163314,0.008911,0.425506,0.014705
0.302954,0.026569,0.020314,0.163883,0.026982,0.033660,0.302923,0.022524,0.066842,0.033349
0.071666,0.021942,0.016549,0.044694,0.019264,0.025145,0.071671,0.018256,0.685869,0.024944
0.342741,0.023362,0.013616,0.139754,0.020445,0.026469,0.342692,0.017156,0.047567,0.026200
0.122293,0.008252,0.006529,0.673272,0.008046,0.011394,0.122280,0.007242,0.029437,0.011256
0.065101,0.015543,0.013433,0.050983,0.016278,0.019392,0.065102,0.014220,0.720716,0.019232
0.102827,0.021595,0.017606,0.350934,0.022182,0.025738,0.102823,0.020561,0.310144,0.025590
0.301634,0.034724,0.021044,0.117812,0.038273,0.047924,0.301624,0.028871,0.060849,0.047244
0.128413,0.012990,0.012551,0.080972,0.012521,0.016104,0.128410,0.011656,0.580410,0.015973
0.377966,0.028615,0.010376,0.049820,0.019944,0.042911,0.378027,0.018165,0.032178,0.041998
0.250910,0.034242,0.021517,0.103521,0.031223,0.040368,0.250924,0.026245,0.201114,0.039937
0.069033,0.005598,0.004228,0.074766,0.005239,0.006349,0.069030,0.004420,0.755050,0.006286
0.054220,0.004400,0.004360,0.094314,0.004601,0.004872,0.054216,0.003678,0.770506,0.004832
0.077528,0.013046,0.008078,0.059004,0.013225,0.016249,0.077527,0.010389,0.708880,0.016073
0.273701,0.030366,0.016880,0.216067,0.026856,0.037005,0.273676,0.025210,0.063627,0.036612
0.039875,0.001547,0.001214,0.761447,0.001524,0.001865,0.039867,0.001228,0.149590,0.001843
0.104029,0.007705,0.005518,0.053895,0.008176,0.010754,0.104026,0.006547,0.688725,0.010625
0.205229,0.059825,0.090025,0.077330,0.055883,0.078074,0.205231,0.047177,0.104018,0.077208
0.217500,0.042510,0.041354,0.122873,0.045697,0.056861,0.217492,0.038885,0.160561,0.056268
0.191042,0.021742,0.011241,0.071474,0.018716,0.027681,0.191047,0.016285,0.423491,0.027281
0.241667,0.010977,0.007235,0.189141,0.009693,0.012386,0.241674,0.007524,0.267476,0.012227
0.145933,0.055915,0.017587,0.244021,0.063127,0.056073,0.145926,0.025618,0.190189,0.055609
0.242633,0.053755,0.060254,0.121967,0.039668,0.062328,0.242626,0.036856,0.078072,0.061840
0.098185,0.031913,0.038190,0.462713,0.034210,0.035165,0.098179,0.030562,0.135853,0.035030
0.220914,0.006481,0.003063,0.448702,0.008030,0.007734,0.220910,0.004293,0.072224,0.007649
0.030773,0.002214,0.002184,0.087510,0.002231,0.002686,0.030770,0.001831,0.837141,0.002658
0.006439,0.003700,0.004454,0.007805,0.003525,0.004094,0.006439,0.003365,0.956103,0.004075
0.039852,0.003613,0.002994,0.836335,0.003249,0.004514,0.039846,0.002920,0.062215,0.004462
0.051443,0.015323,0.043565,0.118158,0.015185,0.017637,0.051439,0.014719,0.654971,0.017561
0.011851,0.007037,0.041627,0.012955,0.006543,0.007700,0.011851,0.006573,0.886210,0.007655
0.094119,0.043796,0.034463,0.089044,0.041293,0.052273,0.094119,0.045787,0.453059,0.052047
0.053868,0.011502,0.010788,0.041362,0.011211,0.013158,0.053870,0.010283,0.780893,0.013065
0.222296,0.030020,0.011704,0.304882,0.019751,0.028070,0.222271,0.017406,0.115724,0.027877
0.162563,0.071136,0.057615,0.122121,0.066673,0.084571,0.162559,0.063267,0.125198,0.084297
0.242555,0.034708,0.014746,0.299592,0.021319,0.030630,0.242533,0.024286,0.059189,0.030442
0.093113,0.006897,0.007010,0.241552,0.006868,0.009336,0.093101,0.006236,0.526659,0.009228
0.302014,0.017928,0.030740,0.191902,0.015700,0.026940,0.301969,0.015234,0.070991,0.026583
0.193445,0.022312,0.014063,0.163916,0.020152,0.027488,0.193428,0.019203,0.318726,0.027267
0.123087,0.034042,0.025055,0.151649,0.028601,0.032318,0.123078,0.023397,0.426681,0.032091
0.282544,0.052177,0.013505,0.080835,0.053488,0.083206,0.282544,0.035031,0.034962,0.081709
0.060441,0.008781,0.008033,0.041490,0.008252,0.010383,0.060439,0.006809,0.785102,0.010271
0.250434,0.037134,0.036467,0.183326,0.034623,0.049758,0.250418,0.033674,0.074946,0.049220
0.154103,0.092115,0.028204,0.067363,0.069956,0.147193,0.154109,0.087424,0.052970,0.146564
0.129338,0.017727,0.014960,0.069481,0.014680,0.018905,0.129335,0.010108,0.576858,0.018608
0.203382,0.038814,0.037656,0.282465,0.036609,0.051430,0.203369,0.033271,0.062078,0.050926
0.104175,0.016221,0.012564,0.653545,0.017313,0.020387,0.104166,0.014417,0.037002,0.020209
0.235836,0.042014,0.068822,0.137296,0.051451,0.057526,0.235828,0.038928,0.075256,0.057043
0.258360,0.017919,0.012670,0.329143,0.018204,0.023893,0.258359,0.014496,0.043404,0.023551
0.226430,0.049787,0.153455,0.108664,0.030583,0.061590,0.226423,0.033659,0.048730,0.060679
0.230493,0.066352,0.071371,0.080775,0.049578,0.079660,0.230495,0.051364,0.060606,0.079307
0.062040,0.010287,0.009487,0.670733,0.009644,0.010980,0.062033,0.008203,0.145708,0.010885
0.236670,0.028866,0.025068,0.206553,0.026963,0.037040,0.236656,0.025028,0.140484,0.036673
0.244537,0.053223,0.029687,0.153038,0.043288,0.068563,0.244536,0.042699,0.052764,0.067664
0.257980,0.066395,0.016640,0.094506,0.065294,0.084395,0.257983,0.041318,0.032330,0.083158
0.195333,0.083538,0.028052,0.087888,0.052194,0.096553,0.195334,0.068029,0.096817,0.096262
0.305671,0.026800,0.020178,0.112932,0.023757,0.034398,0.305684,0.021399,0.115215,0.033966
0.173732,0.076029,0.027786,0.099750,0.086100,0.115330,0.173729,0.078361,0.055074,0.114110
0.124793,0.043375,0.428660,0.053882,0.030794,0.062151,0.124797,0.037408,0.032864,0.061277
0.251520,0.037539,0.019142,0.152733,0.035635,0.057458,0.251505,0.032687,0.104813,0.056967
0.209835,0.071440,0.043126,0.114441,0.054051,0.075739,0.209842,0.057026,0.089458,0.075041
0.225956,0.015054,0.016095,0.186910,0.011483,0.018657,0.225939,0.010568,0.270879,0.018459
0.161545,0.008822,0.005754,0.468465,0.007622,0.011786,0.161529,0.007240,0.155574,0.011663
0.140822,0.029813,0.010950,0.139637,0.028817,0.027633,0.140817,0.016802,0.437407,0.027302
0.217597,0.049996,0.043585,0.141940,0.048963,0.060717,0.217587,0.049313,0.109898,0.060406
0.179368,0.008696,0.008761,0.490841,0.008408,0.010947,0.179336,0.007290,0.095509,0.010844
0.255563,0.008592,0.005325,0.225660,0.007923,0.010600,0.255515,0.005974,0.214400,0.010447
0.141048,0.043008,0.026506,0.108138,0.037274,0.046327,0.141043,0.036978,0.373503,0.046175
0.221363,0.062904,0.040593,0.128721,0.054965,0.079251,0.221365,0.049065,0.063733,0.078040
0.009480,0.000529,0.000462,0.975180,0.000514,0.000644,0.009478,0.000440,0.002637,0.000638
0.270445,0.021479,0.022535,0.263609,0.018511,0.027569,0.270419,0.016544,0.061689,0.027200
0.348705,0.003960,0.002012,0.260007,0.003186,0.005097,0.348644,0.002612,0.020774,0.005003
0.103795,0.030144,0.018634,0.069532,0.026904,0.034686,0.103796,0.024250,0.553896,0.034365
0.340050,0.021634,0.007990,0.169852,0.014127,0.025053,0.340037,0.012533,0.044052,0.024672
0.015878,0.000754,0.000617,0.959278,0.000738,0.000936,0.015875,0.000649,0.004348,0.000928
0.021299,0.001443,0.001221,0.942939,0.001487,0.001833,0.021295,0.001261,0.005407,0.001815
0.327004,0.017677,0.011098,0.121663,0.013892,0.023860,0.327003,0.014721,0.119521,0.023561
0.279759,0.019429,0.011977,0.255548,0.017151,0.026390,0.279711,0.016481,0.067458,0.026097
0.271921,0.058282,0.029706,0.140853,0.034198,0.054468,0.271927,0.031686,0.053111,0.053848
0.298920,0.030070,0.015002,0.113529,0.024363,0.036083,0.298893,0.020119,0.127538,0.035483
0.300509,0.024078,0.014618,0.158862,0.020436,0.029055,0.300461,0.018444,0.104972,0.028564
0.154847,0.124453,0.020711,0.046293,0.107579,0.145906,0.154859,0.073940,0.028399,0.143012
0.082829,0.008246,0.005883,0.747429,0.008646,0.009713,0.082819,0.006759,0.038053,0.009623
0.142941,0.010528,0.014017,0.338843,0.008246,0.012820,0.142922,0.007818,0.309216,0.012650
0.375948,0.021306,0.031035,0.061903,0.017120,0.032029,0.375974,0.015609,0.037617,0.031459
0.298744,0.041241,0.021113,0.072882,0.041470,0.066688,0.298762,0.030980,0.062769,0.065351
0.313042,0.037333,0.012800,0.102858,0.033029,0.049296,0.313002,0.032637,0.057032,0.048971
0.138630,0.018634,0.007699,0.075372,0.018590,0.023211,0.138616,0.016235,0.539943,0.023071
0.198191,0.039369,0.030058,0.112939,0.032291,0.048681,0.198185,0.032456,0.259700,0.048130
0.095457,0.024249,0.019063,0.149123,0.022610,0.029390,0.095459,0.022120,0.513360,0.029169
0.335241,0.032005,0.015611,0.069125,0.026216,0.039755,0.335305,0.024321,0.083112,0.039311
0.194505,0.012609,0.006619,0.479246,0.010529,0.015911,0.194475,0.009086,0.061339,0.015681
0.058161,0.005006,0.004108,0.151829,0.004824,0.006207,0.058155,0.004666,0.700875,0.006169
0.274262,0.053823,0.073091,0.126226,0.025964,0.044417,0.274242,0.034106,0.049667,0.044203
0.392315,0.010471,0.006578,0.122938,0.008925,0.012373,0.392281,0.007729,0.034173,0.012217
0.114876,0.019273,0.010890,0.096908,0.015980,0.019765,0.114873,0.014293,0.573475,0.019668
0.046315,0.006858,0.004045,0.035662,0.005063,0.007624,0.046312,0.004771,0.835806,0.007543
0.157060,0.018136,0.015464,0.194659,0.017049,0.026430,0.157054,0.016343,0.371721,0.026084
0.104058,0.019894,0.015311,0.091227,0.017528,0.021484,0.104054,0.015993,0.589136,0.021314
0.306143,0.025692,0.012326,0.147335,0.023726,0.038880,0.306125,0.025164,0.076178,0.038431
0.261675,0.031849,0.012058,0.114809,0.025018,0.037316,0.261685,0.021418,0.197295,0.036879
0.052986,0.117555,0.029729,0.033731,0.100967,0.233763,0.052988,0.117580,0.026588,0.234112
0.305231,0.014907,0.021388,0.227526,0.011862,0.018758,0.305209,0.009580,0.067024,0.018513
0.014023,0.147338,0.011444,0.011329,0.076366,0.221312,0.014023,0.264652,0.010820,0.228692
0.164190,0.013970,0.014813,0.248374,0.011059,0.018722,0.164166,0.013110,0.333082,0.018513
0.090075,0.018787,0.018681,0.074238,0.018641,0.022562,0.090070,0.016446,0.628154,0.022347
0.052764,0.002730,0.002807,0.676730,0.002640,0.003327,0.052754,0.002225,0.200734,0.003290
0.087255,0.011950,0.011767,0.087660,0.010978,0.014493,0.087252,0.009537,0.664789,0.014319
0.061041,0.075746,0.015585,0.029797,0.413749,0.139124,0.061043,0.047366,0.019305,0.137245
0.020697,0.116584,0.009183,0.010996,0.069019,0.303270,0.020698,0.153088,0.009613,0.286853
0.023881,0.018040,0.819141,0.017778,0.017534,0.020893,0.023882,0.017752,0.020297,0.020802
0.067313,0.045945,0.513073,0.050085,0.037142,0.057117,0.067312,0.040871,0.064500,0.056642
0.027648,0.217838,0.010239,0.014369,0.082171,0.214167,0.027649,0.176186,0.012141,0.217591
0.016816,0.182748,0.013132,0.013064,0.076213,0.199523,0.016817,0.263490,0.012735,0.205463
0.032809,0.115129,0.027538,0.026845,0.064010,0.171933,0.032810,0.318166,0.034423,0.176337
0.028235,0.148469,0.016548,0.018178,0.152937,0.226190,0.028236,0.137920,0.019148,0.224140
0.153142,0.061942,0.027736,0.089893,0.047885,0.071824,0.153144,0.044742,0.278449,0.071244
0.144461,0.016987,0.014561,0.135568,0.014733,0.021014,0.144444,0.012981,0.474500,0.020751
0.081652,0.015329,0.012591,0.064550,0.013655,0.018919,0.081647,0.015217,0.677608,0.018831
0.153577,0.018463,0.017981,0.494782,0.020098,0.022954,0.153559,0.015690,0.080142,0.022754
0.077012,0.004877,0.003576,0.051422,0.004194,0.006010,0.077004,0.003933,0.766028,0.005945
0.070874,0.080063,0.022017,0.036926,0.314202,0.156456,0.070875,0.062972,0.031527,0.154087
0.023313,0.166935,0.022718,0.017118,0.306896,0.164047,0.023314,0.093635,0.016265,0.165759
0.027982,0.155947,0.028722,0.013604,0.068639,0.174531,0.027984,0.311609,0.010914,0.180069
0.029994,0.142347,0.024682,0.014716,0.096464,0.239545,0.029995,0.165532,0.013104,0.243621
0.101775,0.103549,0.059204,0.052269,0.073113,0.162087,0.101776,0.144402,0.038810,0.163014
0.049015,0.187500,0.015044,0.019894,0.058002,0.230640,0.049019,0.143036,0.015599,0.232250
0.025053,0.208052,0.018576,0.018266,0.224108,0.161654,0.025054,0.135244,0.020018,0.163975
0.198660,0.051332,0.043168,0.198984,0.050330,0.061684,0.198657,0.044198,0.091722,0.061265
0.307040,0.031865,0.017258,0.123207,0.027832,0.045692,0.307017,0.026878,0.068092,0.045119
0.078285,0.005192,0.003372,0.065037,0.004391,0.006758,0.078278,0.004216,0.747777,0.006694
0.228332,0.062710,0.027951,0.183369,0.039731,0.064811,0.228325,0.039808,0.060891,0.064072
0.011075,0.114811,0.009430,0.009497,0.528969,0.107848,0.011075,0.088688,0.009207,0.109401
0.232386,0.010354,0.010070,0.365944,0.009515,0.013780,0.232349,0.009314,0.102647,0.013640
0.026105,0.197414,0.052656,0.015990,0.057691,0.254497,0.026106,0.106971,0.011035,0.251535
0.070762,0.014939,0.012160,0.320684,0.020054,0.018559,0.070761,0.012475,0.441228,0.018378
0.015811,0.191737,0.007110,0.009095,0.240756,0.170937,0.015811,0.162790,0.008811,0.177142
0.070474,0.122690,0.064743,0.074686,0.061800,0.196798,0.070475,0.109022,0.038473,0.190840
0.030194,0.208278,0.008672,0.016850,0.133783,0.253568,0.030195,0.067039,0.010192,0.241231
0.057283,0.110568,0.063082,0.034859,0.085331,0.202272,0.057285,0.157153,0.029898,0.202269
0.022505,0.166878,0.018575,0.014344,0.062918,0.183660,0.022506,0.307210,0.013826,0.187578
0.011845,0.316487,0.004695,0.005038,0.148803,0.172633,0.011845,0.143073,0.005347,0.180233
0.022505,0.166878,0.018575,0.014344,0.062918,0.183660,0.022506,0.307210,0.013826,0.187578
0.007565,0.141101,0.003858,0.003787,0.231937,0.164020,0.007565,0.264658,0.003388,0.172121
0.017081,0.300948,0.008029,0.008820,0.154273,0.214092,0.017082,0.063302,0.006645,0.209728
0.007842,0.062704,0.007735,0.004993,0.023494,0.156746,0.007843,0.562656,0.004843,0.161144
0.008541,0.284118,0.005726,0.005689,0.067880,0.195089,0.008542,0.216303,0.005231,0.202881
0.039389,0.160035,0.082548,0.020535,0.057211,0.189950,0.039391,0.196042,0.020754,0.194144
0.022464,0.157411,0.020480,0.019534,0.063963,0.162471,0.022464,0.337589,0.019218,0.174406
0.028931,0.224288,0.033677,0.012622,0.114708,0.225686,0.028932,0.091444,0.013800,0.225911
0.014777,0.088120,0.014820,0.009984,0.047576,0.192248,0.014778,0.411697,0.009314,0.196686
0.005776,0.119867,0.004290,0.003970,0.034568,0.160937,0.005776,0.492422,0.004231,0.168162
0.049018,0.111088,0.036156,0.022649,0.138405,0.193467,0.049021,0.179367,0.023885,0.196942
0.025710,0.088356,0.025625,0.018680,0.058880,0.199262,0.025711,0.338434,0.017112,0.202229
0.033365,0.159130,0.019987,0.016922,0.127506,0.205911,0.033367,0.174848,0.017851,0.211113
0.007752,0.100817,0.029129,0.005319,0.028607,0.150899,0.007753,0.507106,0.005089,0.157529
0.016027,0.268785,0.006860,0.008184,0.046518,0.194764,0.016028,0.232317,0.007894,0.202621
0.304594,0.033093,0.015231,0.134188,0.024876,0.038207,0.304583,0.019737,0.087919,0.037572
0.023129,0.139352,0.058926,0.022433,0.076833,0.189187,0.023130,0.255397,0.017097,0.194516
0.016633,0.144285,0.014859,0.011569,0.047075,0.147218,0.016634,0.436061,0.011760,0.153906
0.007117,0.184373,0.006003,0.004823,0.048454,0.240388,0.007117,0.247882,0.004584,0.249261
0.015276,0.166381,0.011400,0.010112,0.093408,0.206082,0.015276,0.257925,0.009549,0.214589
0.265359,0.025782,0.016882,0.206061,0.025795,0.034984,0.265333,0.021387,0.103787,0.034629
0.040479,0.208760,0.011470,0.014177,0.095907,0.235563,0.040482,0.112468,0.011687,0.229007
0.029061,0.171168,0.010765,0.013868,0.083291,0.263737,0.029063,0.126669,0.014862,0.257515
0.212370,0.029906,0.023630,0.307675,0.029276,0.035012,0.212356,0.025432,0.089640,0.034703
0.367047,0.016208,0.008642,0.133571,0.014582,0.024046,0.367011,0.013592,0.031594,0.023708
0.068640,0.030816,0.621730,0.040650,0.026275,0.041405,0.068641,0.029505,0.031275,0.041064
0.039776,0.132727,0.031808,0.030003,0.081668,0.207493,0.039777,0.200311,0.033838,0.202600
0.292448,0.040156,0.018237,0.114281,0.034534,0.063546,0.292463,0.033713,0.048008,0.062615
0.293214,0.036177,0.023340,0.167025,0.029958,0.040745,0.293223,0.023368,0.052588,0.040361
0.164253,0.021811,0.019283,0.349402,0.022123,0.027489,0.164243,0.018958,0.185209,0.027229
0.197045,0.023343,0.016181,0.329287,0.023493,0.032113,0.197022,0.021309,0.128403,0.031805
0.056926,0.094441,0.171949,0.037370,0.077911,0.176926,0.056929,0.117621,0.032836,0.177091
0.044030,0.088906,0.110929,0.024876,0.060969,0.227340,0.044033,0.149730,0.021477,0.227711
0.052543,0.099745,0.032464,0.024323,0.055474,0.236754,0.052546,0.188117,0.018551,0.239482
0.318268,0.015970,0.008582,0.226867,0.014378,0.020828,0.318241,0.013657,0.042495,0.020713
0.370821,0.022609,0.029361,0.059641,0.026664,0.034195,0.370857,0.017373,0.034833,0.033647
0.258874,0.047874,0.022575,0.179899,0.028323,0.057356,0.258877,0.027383,0.062820,0.056018
0.267359,0.026790,0.018771,0.170206,0.025827,0.032523,0.267347,0.021323,0.137678,0.032177
0.157624,0.017605,0.018603,0.256257,0.017839,0.020931,0.157611,0.014121,0.318684,0.020726
0.100000,0.100000,0.100000,0.100000,0.100000,0.100000,0.100000,0.100000,0.100000,0.100000
0.041318,0.161305,0.031117,0.032927,0.133159,0.195249,0.041319,0.137326,0.030442,0.195838
0.276744,0.042829,0.026115,0.135668,0.039943,0.051053,0.276743,0.036953,0.063298,0.050655
0.037217,0.106834,0.024614,0.020202,0.057864,0.296027,0.037219,0.122910,0.017991,0.279122
0.080757,0.010492,0.008928,0.228875,0.009724,0.013309,0.080747,0.009626,0.544333,0.013209
0.069768,0.101125,0.015667,0.025950,0.068175,0.222233,0.069774,0.182922,0.019506,0.224880
0.021780,0.139892,0.007859,0.012575,0.175574,0.231376,0.021782,0.143746,0.010680,0.234735
0.050686,0.103432,0.024712,0.040671,0.140398,0.226696,0.050686,0.104902,0.031003,0.226815
0.010513,0.244234,0.004980,0.006271,0.122805,0.200747,0.010513,0.190768,0.005549,0.203621
0.039568,0.147605,0.057464,0.020431,0.067188,0.226623,0.039570,0.153471,0.018233,0.229848
0.044946,0.103006,0.027011,0.019495,0.063760,0.226510,0.044950,0.223588,0.016216,0.230519
0.042965,0.120068,0.027302,0.028918,0.109647,0.217675,0.042967,0.165560,0.027148,0.217751
0.018766,0.135293,0.026117,0.010849,0.038828,0.245530,0.018766,0.255200,0.009072,0.241580
0.045802,0.099932,0.048618,0.018197,0.073218,0.310398,0.045805,0.059011,0.013089,0.285930
0.016166,0.210503,0.011193,0.009074,0.138352,0.267247,0.016167,0.066529,0.010043,0.254726
0.027583,0.127201,0.026857,0.017051,0.071165,0.255488,0.027584,0.174495,0.016616,0.255960
0.033191,0.130647,0.019251,0.024599,0.183157,0.213749,0.033192,0.131105,0.018828,0.212280
0.049914,0.057710,0.013602,0.027666,0.532732,0.099216,0.049916,0.049949,0.020968,0.098327
0.046508,0.163939,0.030547,0.028602,0.062983,0.226105,0.046510,0.133876,0.034324,0.226606
0.065218,0.106117,0.024333,0.043743,0.097756,0.229402,0.065219,0.114733,0.028045,0.225434
0.056526,0.103446,0.183519,0.044309,0.092924,0.154986,0.056527,0.111994,0.041060,0.154707
0.047837,0.099536,0.017852,0.027634,0.229313,0.217231,0.047839,0.078323,0.021252,0.213183
0.038221,0.137062,0.024076,0.025149,0.160342,0.216535,0.038223,0.116724,0.025967,0.217701
0.058871,0.103228,0.038519,0.041926,0.102805,0.225424,0.058872,0.110841,0.034755,0.224758
0.082307,0.156753,0.060233,0.049521,0.083214,0.186538,0.082310,0.073193,0.047021,0.178910
0.039924,0.101040,0.014578,0.021365,0.202722,0.240512,0.039926,0.086976,0.016956,0.236001
0.009232,0.021505,0.007818,0.004942,0.862141,0.034573,0.009232,0.011806,0.004608,0.034143
0.022130,0.173958,0.026545,0.011500,0.221835,0.213672,0.022131,0.081372,0.009325,0.217532
0.267658,0.013125,0.007952,0.346789,0.010656,0.015649,0.267604,0.010314,0.044795,0.015458
0.008191,0.123100,0.006933,0.005314,0.217308,0.225173,0.008191,0.167839,0.004900,0.233051
0.049526,0.089132,0.102955,0.026402,0.227606,0.180264,0.049528,0.073172,0.023789,0.177627
0.003792,0.023645,0.002017,0.002448,0.875764,0.035793,0.003792,0.014582,0.002234,0.035932
0.032300,0.110760,0.017183,0.015490,0.061016,0.228873,0.032302,0.251877,0.013303,0.236896
0.056664,0.093531,0.047909,0.034084,0.218734,0.184119,0.056666,0.093460,0.032727,0.182107
0.064764,0.091506,0.094332,0.073886,0.068203,0.191317,0.064765,0.123096,0.036597,0.191533
0.001024,0.003508,0.000321,0.000568,0.982359,0.004532,0.001024,0.001616,0.000524,0.004523
0.090579,0.093017,0.052929,0.057063,0.083844,0.199115,0.090583,0.094282,0.043100,0.195489
0.031773,0.199529,0.023685,0.025086,0.070078,0.175603,0.031773,0.237222,0.023998,0.181252
0.061704,0.082673,0.272383,0.052862,0.071919,0.128339,0.061705,0.089285,0.051488,0.127644
0.051578,0.103700,0.030093,0.030648,0.116845,0.231055,0.051581,0.128065,0.026994,0.229441
0.048993,0.345034,0.023429,0.021988,0.054565,0.186521,0.048996,0.063026,0.027580,0.179866
0.033374,0.172049,0.019104,0.020246,0.070027,0.241384,0.033376,0.154660,0.017775,0.238005
0.025671,0.055272,0.010961,0.015028,0.673594,0.078763,0.025672,0.025394,0.011804,0.077841
0.028655,0.114167,0.076681,0.017524,0.075785,0.232359,0.028656,0.171786,0.016473,0.237913
0.100443,0.100849,0.052043,0.067486,0.098808,0.153836,0.100445,0.111094,0.062144,0.152853
0.148213,0.086563,0.043055,0.088556,0.082879,0.134716,0.148216,0.081378,0.053346,0.133079
0.022329,0.145456,0.022604,0.011757,0.166284,0.228447,0.022330,0.149454,0.009129,0.222208
0.065587,0.108192,0.071644,0.052563,0.117199,0.169987,0.065589,0.121216,0.059003,0.169019
0.090924,0.099898,0.042541,0.054930,0.097447,0.189728,0.090928,0.105278,0.041603,0.186722
0.033130,0.033144,0.011251,0.025691,0.693558,0.048065,0.033130,0.023803,0.050436,0.047792
0.049186,0.114098,0.053252,0.027042,0.075925,0.261449,0.049189,0.084105,0.030684,0.255070
0.170253,0.079734,0.073731,0.081995,0.066171,0.121167,0.170254,0.052213,0.065914,0.118568
0.028860,0.174192,0.012522,0.014149,0.224737,0.204285,0.028861,0.087447,0.017358,0.207590
0.062470,0.102826,0.048593,0.046616,0.221826,0.157895,0.062471,0.093258,0.047591,0.156455
0.315595,0.044739,0.011811,0.073416,0.031235,0.066976,0.315601,0.040343,0.033883,0.066402
0.067569,0.003528,0.003396,0.820771,0.003427,0.004599,0.067558,0.002928,0.021682,0.004543
0.139329,0.041459,0.013148,0.489112,0.025885,0.047945,0.139334,0.027404,0.028783,0.047600
0.013650,0.008801,0.903089,0.010019,0.008425,0.013106,0.013650,0.008573,0.007719,0.012967
0.008665,0.007145,0.926900,0.006527,0.006542,0.010479,0.008665,0.007031,0.007698,0.010347
0.005490,0.005167,0.954558,0.003832,0.005937,0.005408,0.005491,0.003739,0.005000,0.005379
0.000246,0.000208,0.998014,0.000161,0.000171,0.000287,0.000246,0.000203,0.000181,0.000285
0.006541,0.007599,0.931429,0.004885,0.005675,0.011159,0.006541,0.006933,0.008246,0.010993
0.018014,0.007439,0.889572,0.020811,0.006696,0.010192,0.018013,0.006632,0.012542,0.010089
0.025716,0.022090,0.776215,0.026767,0.017658,0.030602,0.025716,0.022119,0.022782,0.030335
0.002373,0.001435,0.984159,0.001395,0.001276,0.002042,0.002373,0.001297,0.001637,0.002015
0.001376,0.001104,0.989006,0.000969,0.001053,0.001530,0.001376,0.001114,0.000962,0.001511
0.007382,0.005031,0.947169,0.004552,0.004553,0.007025,0.007382,0.005034,0.004905,0.006966
0.316523,0.036357,0.018932,0.120511,0.033501,0.045136,0.316513,0.026192,0.041758,0.044577
0.028301,0.020322,0.799452,0.016892,0.016333,0.028938,0.028301,0.017904,0.015028,0.028529
0.292825,0.020109,0.015659,0.226647,0.017620,0.024982,0.292797,0.016016,0.068680,0.024665
0.269336,0.023741,0.014822,0.130910,0.020087,0.028719,0.269339,0.017918,0.196751,0.028379
0.005895,0.003953,0.956748,0.004216,0.003341,0.006034,0.005895,0.004008,0.003965,0.005945
0.210218,0.013389,0.012250,0.380491,0.012832,0.014851,0.210201,0.010606,0.120451,0.014710
0.001470,0.001177,0.988528,0.001029,0.001023,0.001625,0.001470,0.001111,0.000956,0.001611
0.069479,0.065218,0.394001,0.059246,0.067078,0.077126,0.069479,0.063981,0.057507,0.076886
0.013234,0.005853,0.907310,0.022701,0.005553,0.007360,0.013234,0.005877,0.011572,0.007308
0.021622,0.002794,0.005119,0.237784,0.003628,0.003844,0.021619,0.002521,0.697267,0.003801
0.099480,0.050496,0.030895,0.121579,0.208223,0.059737,0.099474,0.044109,0.226314,0.059693
0.118375,0.072358,0.078758,0.128549,0.073047,0.078616,0.118375,0.070764,0.182691,0.078468
0.039569,0.168094,0.034581,0.017889,0.063848,0.257721,0.039571,0.106261,0.020409,0.252056
0.036633,0.169126,0.007321,0.014814,0.220775,0.201014,0.036636,0.098848,0.009782,0.205053
0.084462,0.131155,0.041286,0.051527,0.119756,0.167685,0.084466,0.085136,0.068596,0.165930
0.098072,0.112760,0.065929,0.171997,0.069702,0.097386,0.098069,0.071651,0.117858,0.096576
0.106200,0.099049,0.048842,0.057267,0.080938,0.178597,0.106206,0.099439,0.047439,0.176025
0.075573,0.076797,0.012299,0.027483,0.502712,0.090285,0.075578,0.029745,0.020066,0.089463
0.032574,0.087989,0.052526,0.019638,0.288039,0.193280,0.032576,0.083246,0.018407,0.191724
0.127999,0.071133,0.027465,0.065182,0.145523,0.133738,0.128006,0.063087,0.106121,0.131746
0.071234,0.125891,0.015889,0.029901,0.140115,0.207918,0.071239,0.106394,0.024540,0.206878
0.071557,0.100852,0.029505,0.029350,0.134618,0.221195,0.071562,0.094572,0.025862,0.220928
0.018255,0.024454,0.006922,0.013402,0.798445,0.039780,0.018255,0.018472,0.022408,0.039609
0.037179,0.121644,0.044802,0.034698,0.081909,0.215847,0.037180,0.172966,0.033516,0.220258
0.051301,0.103988,0.038145,0.023809,0.073903,0.291631,0.051305,0.073968,0.016903,0.275047
0.045353,0.115468,0.022402,0.039071,0.324944,0.130067,0.045353,0.062539,0.084398,0.130406
0.047320,0.104672,0.094337,0.026346,0.068587,0.216045,0.047323,0.153069,0.024370,0.217932
0.093213,0.114662,0.031800,0.041488,0.084935,0.208021,0.093218,0.095203,0.033775,0.203684
0.091554,0.125758,0.036400,0.057116,0.096280,0.182521,0.091559,0.094685,0.043248,0.180878
0.099195,0.135064,0.105034,0.049442,0.078730,0.161206,0.099200,0.070706,0.042364,0.159060
0.075178,0.112329,0.035372,0.035253,0.153020,0.199176,0.075182,0.087158,0.029479,0.197854
0.083919,0.110586,0.035299,0.050783,0.094815,0.197164,0.083923,0.110226,0.041864,0.191422
0.080772,0.140486,0.021943,0.046129,0.113994,0.195411,0.080775,0.091020,0.034862,0.194608
0.030172,0.072310,0.015342,0.020387,0.472140,0.133672,0.030174,0.072912,0.018692,0.134199
0.036600,0.173317,0.015288,0.020377,0.149414,0.231633,0.036601,0.085572,0.019754,0.231443
0.054398,0.119792,0.037129,0.031522,0.064137,0.220586,0.054400,0.165089,0.029641,0.223305
0.072119,0.148959,0.016980,0.028151,0.082577,0.217313,0.072124,0.124424,0.022470,0.214884
0.044051,0.124132,0.033435,0.037272,0.094855,0.231675,0.044052,0.130947,0.032878,0.226705
0.051319,0.131914,0.052749,0.028696,0.072171,0.213875,0.051322,0.155680,0.027292,0.214983
0.059210,0.170089,0.024201,0.022921,0.061415,0.250479,0.059213,0.086089,0.018215,0.248168
0.052798,0.113482,0.031578,0.035521,0.087542,0.226479,0.052799,0.142997,0.031590,0.225215
0.085743,0.010179,0.004999,0.123158,0.024373,0.014427,0.085735,0.008044,0.629064,0.014278
0.055609,0.122384,0.025607,0.034448,0.077186,0.223426,0.055611,0.158313,0.026347,0.221067
0.040394,0.125423,0.029090,0.030761,0.131556,0.212487,0.040395,0.148371,0.028410,0.213114
0.049106,0.105549,0.021044,0.029512,0.113221,0.253944,0.049108,0.102051,0.023219,0.253245
0.132057,0.024671,0.042817,0.522730,0.020564,0.033987,0.132052,0.019196,0.038468,0.033458
0.039191,0.013295,0.011168,0.045303,0.012887,0.015263,0.039189,0.012313,0.796181,0.015210
0.109745,0.088495,0.094127,0.141884,0.087792,0.089397,0.109744,0.087791,0.101669,0.089356
0.082536,0.008231,0.007598,0.762231,0.007068,0.010021,0.082526,0.006635,0.023212,0.009942
0.062307,0.110720,0.023920,0.030570,0.064232,0.215264,0.062311,0.187978,0.022502,0.220197
0.027640,0.129042,0.015528,0.016454,0.144399,0.188196,0.027641,0.243214,0.014675,0.193212
0.142869,0.093282,0.096317,0.091373,0.052977,0.126455,0.142868,0.080987,0.048534,0.124338
0.029770,0.244746,0.018452,0.020030,0.092850,0.221006,0.029772,0.106157,0.019159,0.218058
0.145437,0.022641,0.079109,0.339243,0.020981,0.026953,0.145420,0.020492,0.172927,0.026799
0.050878,0.117586,0.022248,0.026047,0.072935,0.214665,0.050882,0.203670,0.021859,0.219229
0.142941,0.010528,0.014017,0.338843,0.008246,0.012820,0.142922,0.007818,0.309216,0.012650
0.040542,0.171983,0.074459,0.019566,0.193051,0.181000,0.040545,0.074358,0.022807,0.181688
0.305756,0.029029,0.029809,0.150234,0.034521,0.041407,0.305729,0.021875,0.040867,0.040773
0.014411,0.073504,0.009328,0.008027,0.046967,0.199057,0.014412,0.424641,0.006766,0.202887
0.046315,0.006858,0.004045,0.035662,0.005063,0.007624,0.046312,0.004771,0.835806,0.007543
0.222049,0.123616,0.028646,0.072440,0.054559,0.087651,0.222066,0.047284,0.054671,0.087019
0.179415,0.082282,0.040093,0.076378,0.076758,0.121168,0.179426,0.070639,0.054374,0.119467
0.004510,0.003239,0.967756,0.002905,0.002800,0.004429,0.004510,0.002747,0.002729,0.004375
0.029282,0.236818,0.018642,0.018142,0.074486,0.212001,0.029283,0.151650,0.018050,0.211646
0.080853,0.095144,0.038295,0.059812,0.085541,0.202562,0.080855,0.117882,0.038494,0.200563
0.016022,0.149253,0.011534,0.011400,0.058220,0.224147,0.016022,0.269012,0.009756,0.234633
0.002848,0.068153,0.001822,0.001998,0.018420,0.088580,0.002848,0.719117,0.001908,0.094307
0.146286,0.080335,0.056225,0.119286,0.081851,0.094091,0.146286,0.076637,0.105385,0.093617
0.181936,0.116693,0.026537,0.089031,0.064333,0.119816,0.181939,0.054719,0.046109,0.118888
0.023950,0.212242,0.049136,0.013249,0.156700,0.206977,0.023951,0.092530,0.011610,0.209653
0.305231,0.014907,0.021388,0.227526,0.011862,0.018758,0.305209,0.009580,0.067024,0.018513
0.032283,0.118842,0.029983,0.024084,0.238453,0.183526,0.032284,0.135053,0.025314,0.180178
0.052764,0.002730,0.002807,0.676730,0.002640,0.003327,0.052754,0.002225,0.200734,0.003290
0.036625,0.113283,0.007162,0.013615,0.273340,0.182325,0.036628,0.139726,0.011638,0.185658
0.157060,0.018136,0.015464,0.194659,0.017049,0.026430,0.157054,0.016343,0.371721,0.026084
0.025798,0.110063,0.007191,0.011973,0.176416,0.223876,0.025799,0.180382,0.009569,0.228934
0.122456,0.095121,0.086805,0.082923,0.092289,0.114174,0.122459,0.093525,0.076479,0.113769
0.025987,0.138485,0.006943,0.008788,0.096857,0.217957,0.025989,0.247062,0.007497,0.224436
0.130243,0.109528,0.017920,0.027007,0.056415,0.222357,0.130261,0.077331,0.019951,0.208987
0.013991,0.492829,0.006577,0.008413,0.168191,0.117687,0.013991,0.051918,0.007939,0.118463
0.025486,0.260978,0.012456,0.011357,0.123507,0.239202,0.025488,0.066269,0.009630,0.225628
0.101017,0.105836,0.017106,0.044807,0.070860,0.194391,0.101022,0.141903,0.030086,0.192971
0.005877,0.079196,0.004770,0.004147,0.026248,0.113749,0.005877,0.636594,0.003954,0.119588
0.055388,0.006977,0.030153,0.039933,0.006704,0.009029,0.055386,0.005666,0.781847,0.008916
0.142248,0.106857,0.028056,0.082848,0.081421,0.129233,0.142253,0.110157,0.045832,0.131096
0.014405,0.150462,0.007474,0.010370,0.294420,0.208460,0.014405,0.085048,0.010456,0.204501
0.048799,0.144545,0.021232,0.028333,0.088682,0.201143,0.048802,0.191344,0.022645,0.204476
0.007159,0.072705,0.004428,0.004038,0.026826,0.157300,0.007159,0.553895,0.003449,0.163043
0.016314,0.555508,0.024474,0.010468,0.044097,0.122761,0.016315,0.077608,0.009881,0.122573
0.038906,0.112447,0.026245,0.031703,0.063072,0.154380,0.038907,0.338190,0.034800,0.161349
0.023502,0.132433,0.008743,0.011515,0.074396,0.224208,0.023504,0.272122,0.014038,0.215540
0.008768,0.101059,0.006573,0.006574,0.050029,0.170681,0.008768,0.463522,0.006417,0.177608
0.010555,0.054100,0.007690,0.008180,0.077452,0.111755,0.010555,0.597144,0.008011,0.114557
0.008571,0.055979,0.004672,0.005595,0.061009,0.124755,0.008571,0.595224,0.006575,0.129049
0.053906,0.164541,0.063301,0.034391,0.074374,0.185464,0.053909,0.152523,0.034963,0.182627
0.184827,0.073537,0.050011,0.080843,0.069782,0.100530,0.184834,0.076350,0.079628,0.099658
0.015602,0.084776,0.006069,0.008122,0.039420,0.146719,0.015603,0.523413,0.008365,0.151912
0.106373,0.116526,0.023736,0.033913,0.057348,0.213401,0.106383,0.114169,0.027307,0.200845
0.187395,0.053061,0.203796,0.078665,0.065829,0.057415,0.187407,0.037119,0.072383,0.056930
0.026920,0.320902,0.014468,0.014024,0.137428,0.187994,0.026921,0.075953,0.013077,0.182314
0.065152,0.008428,0.008636,0.769084,0.007634,0.009174,0.065145,0.006688,0.050964,0.009094
0.116589,0.100525,0.045049,0.058302,0.120381,0.150380,0.116597,0.095687,0.047250,0.149239
0.006023,0.057398,0.002178,0.002559,0.737210,0.078911,0.006024,0.030885,0.002402,0.076411
0.030665,0.121417,0.016805,0.019648,0.055528,0.156433,0.030666,0.392528,0.018381,0.157927
0.306134,0.030689,0.018724,0.169276,0.023672,0.034852,0.306133,0.022340,0.053722,0.034458
0.013015,0.125864,0.005136,0.006891,0.446468,0.132593,0.013015,0.113235,0.006807,0.136974
0.016335,0.187673,0.006967,0.008755,0.069130,0.203314,0.016336,0.275068,0.007348,0.209076
0.025600,0.161749,0.007977,0.012854,0.035241,0.180355,0.025601,0.354337,0.012442,0.183845
0.041648,0.149909,0.032482,0.031572,0.098863,0.188063,0.041649,0.193163,0.038949,0.183703
0.017908,0.104902,0.011164,0.011249,0.472589,0.127416,0.017909,0.098282,0.012412,0.126168
0.283753,0.017424,0.008535,0.119944,0.017796,0.023116,0.283729,0.013828,0.209035,0.022841
0.032494,0.026832,0.606201,0.029628,0.040827,0.034712,0.032494,0.027327,0.135051,0.034434
0.192162,0.044119,0.117037,0.120666,0.037840,0.046694,0.192165,0.031530,0.171431,0.046356
0.159501,0.083655,0.051847,0.094687,0.096346,0.089724,0.159509,0.065971,0.109521,0.089237
0.060862,0.008508,0.037326,0.041768,0.007009,0.012320,0.060860,0.006726,0.752507,0.012114
0.197365,0.074332,0.042586,0.069886,0.061458,0.113433,0.197381,0.072812,0.058989,0.111756
0.083457,0.061848,0.153385,0.079657,0.090707,0.074196,0.083459,0.061222,0.238167,0.073903
0.152320,0.086178,0.042485,0.100789,0.133594,0.097236,0.152322,0.069362,0.068185,0.097531
0.074400,0.063080,0.070967,0.072088,0.150148,0.072435,0.074401,0.060000,0.290337,0.072145
0.041984,0.153059,0.020987,0.021545,0.061181,0.216755,0.041986,0.202301,0.020883,0.219320
0.007790,0.048721,0.003826,0.004681,0.781198,0.052749,0.007790,0.035303,0.004176,0.053765
0.033608,0.171827,0.027456,0.023069,0.090043,0.218078,0.033609,0.168059,0.024343,0.209908
0.026704,0.231952,0.015333,0.016298,0.076868,0.217870,0.026705,0.165338,0.014226,0.208706
0.011737,0.419846,0.006371,0.007191,0.239526,0.124497,0.011738,0.050796,0.006915,0.121384
0.031859,0.123118,0.015661,0.018088,0.090067,0.243326,0.031861,0.183990,0.016724,0.245306
0.037748,0.151819,0.018901,0.024226,0.151911,0.228597,0.037750,0.101516,0.021328,0.226205
0.037747,0.166835,0.024194,0.022202,0.078262,0.197134,0.037748,0.214288,0.020080,0.201509
0.019693,0.469009,0.005780,0.008297,0.139843,0.146511,0.019694,0.038435,0.008725,0.144012
0.066811,0.108575,0.054894,0.047609,0.100330,0.168814,0.066813,0.171035,0.045589,0.169532
0.026307,0.117146,0.012335,0.013753,0.358741,0.152452,0.026308,0.125875,0.013046,0.154038
0.320482,0.021251,0.009801,0.117375,0.018770,0.028687,0.320468,0.015849,0.119036,0.028280
0.014555,0.186028,0.010052,0.010657,0.087226,0.231683,0.014555,0.208653,0.011227,0.225364
0.052142,0.095311,0.014750,0.050567,0.388463,0.112362,0.052144,0.088687,0.032427,0.113147
0.062490,0.152740,0.023865,0.033643,0.084669,0.187946,0.062492,0.174178,0.027219,0.190758
0.077190,0.106722,0.189604,0.034352,0.057233,0.170278,0.077193,0.086490,0.033309,0.167630
0.040628,0.390448,0.017775,0.020506,0.089054,0.159238,0.040630,0.067891,0.019661,0.154169
0.005625,0.019296,0.001584,0.002535,0.914406,0.019344,0.005625,0.010080,0.002076,0.019429
0.019483,0.358990,0.008783,0.009468,0.277246,0.123574,0.019484,0.050605,0.009053,0.123316
0.011967,0.093540,0.006025,0.007211,0.038495,0.158445,0.011967,0.497439,0.006505,0.168407
0.081647,0.214727,0.020873,0.029093,0.053730,0.221954,0.081654,0.059211,0.028205,0.208906
0.331279,0.035419,0.011647,0.140316,0.021855,0.035766,0.331292,0.018257,0.038898,0.035269
0.045411,0.142948,0.005986,0.022212,0.059974,0.158515,0.045410,0.341195,0.012657,0.165693
0.065684,0.024095,0.011853,0.055613,0.017324,0.024558,0.065680,0.021232,0.689538,0.024424
0.273826,0.022523,0.013786,0.264859,0.019614,0.031501,0.273808,0.019283,0.049791,0.031009
0.008388,0.071956,0.006405,0.006414,0.594031,0.106666,0.008388,0.084693,0.006749,0.106311
0.007393,0.052478,0.003203,0.004124,0.057980,0.112412,0.007393,0.634014,0.004017,0.116987
0.010376,0.089370,0.025705,0.007518,0.612590,0.082325,0.010377,0.071215,0.007462,0.083062
0.097900,0.012866,0.012876,0.253368,0.012279,0.016771,0.097895,0.011340,0.468122,0.016582
0.085954,0.087626,0.203576,0.072799,0.074908,0.102699,0.085955,0.092066,0.091942,0.102475
0.007816,0.162250,0.003834,0.004346,0.050508,0.188681,0.007817,0.375202,0.004250,0.195296
0.259333,0.037984,0.030334,0.158614,0.040257,0.049797,0.259318,0.034644,0.080541,0.049178
0.229705,0.086920,0.014631,0.072172,0.143316,0.071683,0.229708,0.033617,0.047029,0.071217
0.001663,0.001422,0.986279,0.001481,0.001398,0.001543,0.001663,0.001412,0.001601,0.001540
0.042100,0.202300,0.015608,0.020130,0.079083,0.204614,0.042103,0.170177,0.016526,0.207358
0.339548,0.033484,0.015140,0.117852,0.022386,0.036463,0.339552,0.020027,0.039474,0.036075
0.032580,0.018013,0.008226,0.027220,0.014412,0.021279,0.032579,0.018827,0.805715,0.021150
0.019116,0.450758,0.020663,0.008189,0.045487,0.175618,0.019118,0.082536,0.006933,0.171582
0.327621,0.039335,0.012642,0.123721,0.029306,0.041290,0.327609,0.020552,0.037149,0.040774
0.336852,0.030277,0.012515,0.126396,0.025614,0.036178,0.336853,0.016945,0.042940,0.035430
0.005774,0.078604,0.002278,0.002841,0.664916,0.087786,0.005774,0.063338,0.003050,0.085639
0.004880,0.100009,0.003291,0.003406,0.571431,0.113941,0.004880,0.083151,0.003423,0.111588
0.025473,0.172964,0.015465,0.015237,0.064925,0.203185,0.025475,0.253752,0.014772,0.208752
0.006990,0.141623,0.002754,0.003384,0.568927,0.102885,0.006990,0.056993,0.003265,0.106188
0.171451,0.050033,0.077979,0.094233,0.049761,0.076418,0.171459,0.050356,0.182450,0.075861
0.024362,0.160081,0.014875,0.014144,0.043670,0.217312,0.024364,0.277240,0.015381,0.208570
0.022418,0.116645,0.016087,0.017281,0.063061,0.148543,0.022418,0.424472,0.017134,0.151940
0.007841,0.049443,0.005648,0.005763,0.033973,0.097178,0.007842,0.686649,0.005503,0.100161
0.170054,0.077330,0.067472,0.087950,0.075298,0.098255,0.170059,0.070296,0.085812,0.097474
0.007581,0.076723,0.004681,0.005129,0.025555,0.145741,0.007581,0.569972,0.005837,0.151200
0.006418,0.067518,0.004424,0.004901,0.024877,0.100948,0.006419,0.674019,0.004592,0.105884
0.021240,0.185817,0.009886,0.012144,0.074620,0.172452,0.021241,0.309458,0.012104,0.181038
0.035389,0.157961,0.016383,0.019964,0.085181,0.219412,0.035391,0.193459,0.016974,0.219885
0.003839,0.125287,0.002615,0.002582,0.131413,0.168462,0.003839,0.387656,0.002532,0.171776
0.029387,0.220815,0.012024,0.014742,0.107273,0.221937,0.029388,0.130372,0.012684,0.221378
0.064337,0.130185,0.013034,0.032031,0.064368,0.259000,0.064336,0.109098,0.020727,0.242882
0.014405,0.150462,0.007474,0.010370,0.294420,0.208460,0.014405,0.085048,0.010456,0.204501
0.018071,0.229091,0.005537,0.008559,0.124147,0.241023,0.018072,0.107362,0.006635,0.241504
0.114852,0.005917,0.003633,0.231014,0.004765,0.006613,0.114838,0.004009,0.507820,0.006540
0.009028,0.376405,0.004005,0.004927,0.162089,0.149439,0.009028,0.125788,0.004330,0.154961
0.002957,0.018660,0.001207,0.001730,0.907177,0.024382,0.002957,0.014950,0.001495,0.024485
0.214942,0.033218,0.029403,0.288145,0.029411,0.042238,0.214916,0.029796,0.076162,0.041768
0.005625,0.019296,0.001584,0.002535,0.914406,0.019344,0.005625,0.010080,0.002076,0.019429
0.208587,0.025788,0.025310,0.270133,0.024529,0.031967,0.208581,0.021917,0.151532,0.031657
0.025465,0.001592,0.001559,0.917095,0.001493,0.002059,0.025461,0.001452,0.021782,0.002042
0.400775,0.013359,0.006153,0.102924,0.010062,0.016736,0.400721,0.009286,0.023502,0.016481
0.087810,0.107357,0.030128,0.046652,0.088197,0.175711,0.087814,0.162263,0.039405,0.174663
0.003391,0.023765,0.002141,0.002298,0.915185,0.018819,0.003391,0.010044,0.002096,0.018870
0.209835,0.071440,0.043126,0.114441,0.054051,0.075739,0.209842,0.057026,0.089458,0.075041
0.020216,0.291395,0.009677,0.009555,0.142207,0.199675,0.020217,0.094362,0.009095,0.203600
0.072786,0.125384,0.035096,0.059132,0.117775,0.150399,0.072785,0.171272,0.043299,0.152074
0.221363,0.062904,0.040593,0.128721,0.054965,0.079251,0.221365,0.049065,0.063733,0.078040
0.151995,0.023390,0.019918,0.423358,0.024188,0.030674,0.151985,0.021884,0.122203,0.030407
0.002660,0.014300,0.000936,0.001349,0.936005,0.016189,0.002660,0.008545,0.001213,0.016143
0.194723,0.011596,0.006772,0.384730,0.011486,0.016760,0.194698,0.009501,0.153194,0.016540
0.348226,0.010614,0.006493,0.149636,0.009041,0.012528,0.348178,0.007200,0.095730,0.012354
0.164190,0.013970,0.014813,0.248374,0.011059,0.018722,0.164166,0.013110,0.333082,0.018513
0.113985,0.023320,0.022210,0.108097,0.023494,0.027667,0.113983,0.021223,0.518515,0.027506
0.276633,0.007014,0.004301,0.391056,0.005662,0.008556,0.276588,0.004789,0.016988,0.008413
0.022227,0.001000,0.000964,0.673829,0.001009,0.001286,0.022224,0.000881,0.275306,0.001273
0.333286,0.018302,0.009932,0.138713,0.017191,0.024596,0.333262,0.013688,0.086835,0.024196
0.240550,0.006585,0.002843,0.461926,0.004713,0.008126,0.240522,0.003827,0.022913,0.007996
0.298612,0.018893,0.051840,0.159612,0.017757,0.025581,0.298592,0.013101,0.090896,0.025116
0.198660,0.051332,0.043168,0.198984,0.050330,0.061684,0.198657,0.044198,0.091722,0.061265
0.086910,0.010031,0.009868,0.407189,0.010197,0.012134,0.086898,0.009358,0.355343,0.012072
0.268964,0.036161,0.020793,0.156378,0.055100,0.051215,0.268935,0.035816,0.055669,0.050969
0.201980,0.035743,0.016993,0.080656,0.023865,0.040215,0.201983,0.023739,0.335185,0.039642
0.076142,0.019021,0.020228,0.050013,0.016267,0.021610,0.076142,0.015047,0.684056,0.021474
0.334119,0.013783,0.008233,0.207827,0.011857,0.019768,0.334092,0.011066,0.039785,0.019469
0.246478,0.028448,0.025065,0.246969,0.026730,0.036680,0.246456,0.026441,0.080349,0.036384
0.144602,0.010192,0.006338,0.341898,0.010528,0.014141,0.144579,0.008729,0.305002,0.013991
0.070762,0.014939,0.012160,0.320684,0.020054,0.018559,0.070761,0.012475,0.441228,0.018378
0.240648,0.033542,0.019904,0.229277,0.032485,0.050879,0.240627,0.036377,0.065735,0.050526
0.229766,0.009571,0.006038,0.250554,0.007611,0.010638,0.229722,0.006144,0.239464,0.010491
0.320482,0.021251,0.009801,0.117375,0.018770,0.028687,0.320468,0.015849,0.119036,0.028280
0.166023,0.017541,0.012395,0.428873,0.016612,0.023067,0.166007,0.017642,0.128895,0.022944
0.021944,0.001746,0.001316,0.085596,0.001588,0.002002,0.021940,0.001507,0.860374,0.001988
0.092002,0.018732,0.013189,0.072211,0.020225,0.022950,0.092000,0.015438,0.630484,0.022769
0.159514,0.005085,0.002653,0.643357,0.003938,0.005145,0.159506,0.003174,0.012545,0.005083
0.032698,0.003557,0.004581,0.064948,0.003570,0.004666,0.032695,0.003295,0.845370,0.004620
0.158530,0.010865,0.008130,0.336684,0.008874,0.014243,0.158508,0.009403,0.280651,0.014111
0.362665,0.021412,0.013487,0.116983,0.021330,0.024565,0.362642,0.014004,0.038704,0.024209
0.367047,0.016208,0.008642,0.133571,0.014582,0.024046,0.367011,0.013592,0.031594,0.023708
0.133504,0.046726,0.138356,0.148971,0.048211,0.051296,0.133500,0.035790,0.212734,0.050911
0.073211,0.010610,0.007481,0.079676,0.009253,0.012124,0.073209,0.008249,0.714182,0.012006
0.147242,0.042914,0.032789,0.167304,0.039500,0.052122,0.147236,0.040988,0.278182,0.051723
0.042658,0.007477,0.008097,0.037160,0.007382,0.008259,0.042655,0.006583,0.831525,0.008204
0.318268,0.015970,0.008582,0.226867,0.014378,0.020828,0.318241,0.013657,0.042495,0.020713
0.319805,0.036063,0.013725,0.102167,0.031112,0.029675,0.319789,0.018335,0.099940,0.029388
0.133523,0.011114,0.014660,0.129521,0.010275,0.014516,0.133512,0.009373,0.529136,0.014369
0.302014,0.017928,0.030740,0.191902,0.015700,0.026940,0.301969,0.015234,0.070991,0.026583
0.164514,0.009522,0.006112,0.333056,0.009087,0.013183,0.164488,0.008824,0.278152,0.013063
0.193445,0.022312,0.014063,0.163916,0.020152,0.027488,0.193428,0.019203,0.318726,0.027267
0.039852,0.003613,0.002994,0.836335,0.003249,0.004514,0.039846,0.002920,0.062215,0.004462
0.162563,0.071136,0.057615,0.122121,0.066673,0.084571,0.162559,0.063267,0.125198,0.084297
0.067942,0.167056,0.018522,0.033934,0.084368,0.236650,0.067944,0.074487,0.025504,0.223593
0.217500,0.042510,0.041354,0.122873,0.045697,0.056861,0.217492,0.038885,0.160561,0.056268
0.267658,0.013125,0.007952,0.346789,0.010656,0.015649,0.267604,0.010314,0.044795,0.015458
0.222296,0.030020,0.011704,0.304882,0.019751,0.028070,0.222271,0.017406,0.115724,0.027877
0.137694,0.033903,0.026934,0.141227,0.030186,0.036459,0.137684,0.028150,0.391550,0.036211
0.321040,0.038005,0.010453,0.110555,0.024668,0.041596,0.321026,0.022158,0.069394,0.041104
0.011474,0.001479,0.000895,0.022210,0.001458,0.001744,0.011474,0.001096,0.946443,0.001727
0.093113,0.006897,0.007010,0.241552,0.006868,0.009336,0.093101,0.006236,0.526659,0.009228
0.036956,0.006246,0.003892,0.029441,0.006927,0.007438,0.036955,0.005123,0.859642,0.007380
0.097949,0.008798,0.009657,0.485425,0.009016,0.011352,0.097937,0.007954,0.260675,0.011237
0.179343,0.005135,0.003814,0.313994,0.006299,0.006569,0.179315,0.003898,0.295150,0.006485
0.303620,0.021790,0.010430,0.215096,0.019120,0.030720,0.303582,0.019555,0.045564,0.030523
0.266596,0.026005,0.011562,0.253683,0.025898,0.038338,0.266547,0.026027,0.047397,0.037946
0.035331,0.007004,0.013383,0.041098,0.005447,0.007672,0.035329,0.005023,0.842137,0.007575
0.145437,0.022641,0.079109,0.339243,0.020981,0.026953,0.145420,0.020492,0.172927,0.026799
0.041564,0.149653,0.020466,0.025318,0.088060,0.212851,0.041566,0.186094,0.024925,0.209503
0.140822,0.029813,0.010950,0.139637,0.028817,0.027633,0.140817,0.016802,0.437407,0.027302
0.078775,0.006973,0.009050,0.075903,0.007633,0.009396,0.078767,0.005937,0.718298,0.009268
0.342451,0.020628,0.012082,0.136573,0.016233,0.028111,0.342409,0.017412,0.056385,0.027714
0.021622,0.002794,0.005119,0.237784,0.003628,0.003844,0.021619,0.002521,0.697267,0.003801
0.046315,0.006858,0.004045,0.035662,0.005063,0.007624,0.046312,0.004771,0.835806,0.007543
0.043949,0.004943,0.004382,0.033041,0.005287,0.006258,0.043947,0.004441,0.847558,0.006194
0.165534,0.010127,0.007022,0.158694,0.009931,0.011802,0.165507,0.008766,0.450901,0.011714
0.194505,0.012609,0.006619,0.479246,0.010529,0.015911,0.194475,0.009086,0.061339,0.015681
0.410411,0.013505,0.007867,0.077003,0.011777,0.020363,0.410411,0.009843,0.018888,0.019932
0.412519,0.015028,0.003319,0.084861,0.008658,0.017835,0.412510,0.009224,0.018511,0.017534
0.306143,0.025692,0.012326,0.147335,0.023726,0.038880,0.306125,0.025164,0.076178,0.038431
0.148374,0.014048,0.009456,0.063379,0.012775,0.018850,0.148361,0.011292,0.554895,0.018571
0.305231,0.014907,0.021388,0.227526,0.011862,0.018758,0.305209,0.009580,0.067024,0.018513
0.284897,0.020917,0.009379,0.188428,0.014984,0.023888,0.284887,0.013218,0.135811,0.023592
0.261349,0.084558,0.026130,0.058402,0.043619,0.089039,0.261399,0.047128,0.040967,0.087408
0.090075,0.018787,0.018681,0.074238,0.018641,0.022562,0.090070,0.016446,0.628154,0.022347
0.174901,0.017229,0.013284,0.412998,0.022385,0.023730,0.174878,0.014714,0.122427,0.023454
0.140518,0.098110,0.028323,0.071996,0.077713,0.133280,0.140519,0.097740,0.080066,0.131736
0.146859,0.074275,0.048520,0.115810,0.069083,0.093206,0.146858,0.077016,0.135578,0.092795
0.187666,0.004931,0.008534,0.562810,0.004466,0.006772,0.187618,0.003946,0.026581,0.006676
0.052764,0.002730,0.002807,0.676730,0.002640,0.003327,0.052754,0.002225,0.200734,0.003290
0.228288,0.063561,0.030432,0.137257,0.051051,0.081388,0.228290,0.047147,0.052405,0.080180
0.133838,0.148924,0.035093,0.065305,0.084544,0.133318,0.133847,0.075988,0.056928,0.132216
0.262604,0.056486,0.040109,0.088185,0.044748,0.066823,0.262625,0.039373,0.073055,0.065992
0.100000,0.100000,0.100000,0.100000,0.100000,0.100000,0.100000,0.100000,0.100000,0.100000
0.174316,0.105807,0.036422,0.069127,0.060832,0.121026,0.174328,0.078995,0.059829,0.119319
0.260429,0.053812,0.027594,0.114640,0.041917,0.073034,0.260439,0.046792,0.049282,0.072060
0.100000,0.100000,0.100000,0.100000,0.100000,0.100000,0.100000,0.100000,0.100000,0.100000
0.056682,0.021728,0.020666,0.044784,0.022905,0.028432,0.056683,0.020040,0.700101,0.027981
0.307040,0.031865,0.017258,0.123207,0.027832,0.045692,0.307017,0.026878,0.068092,0.045119
0.060862,0.008508,0.037326,0.041768,0.007009,0.012320,0.060860,0.006726,0.752507,0.012114
0.114405,0.115138,0.030581,0.075648,0.075372,0.150618,0.114406,0.129161,0.045607,0.149063
0.250538,0.023121,0.016118,0.296205,0.022983,0.030731,0.250513,0.019761,0.059609,0.030421
0.184599,0.068876,0.109442,0.075516,0.071915,0.098272,0.184601,0.051616,0.058523,0.096640
0.170119,0.081688,0.054053,0.081733,0.076736,0.092879,0.170128,0.067615,0.113248,0.091801
0.262880,0.037200,0.026939,0.193552,0.029239,0.047713,0.262883,0.029205,0.063484,0.046906
0.093688,0.146328,0.024873,0.050391,0.113339,0.168274,0.093690,0.102397,0.036890,0.170130
0.320482,0.021251,0.009801,0.117375,0.018770,0.028687,0.320468,0.015849,0.119036,0.028280
0.210783,0.052307,0.033296,0.168431,0.079422,0.062178,0.210770,0.044105,0.077029,0.061679
0.228196,0.054688,0.040792,0.116125,0.042794,0.061085,0.228197,0.040750,0.127134,0.060239
0.240784,0.034813,0.069658,0.232930,0.025614,0.044553,0.240787,0.024721,0.042338,0.043803
0.228332,0.062710,0.027951,0.183369,0.039731,0.064811,0.228325,0.039808,0.060891,0.064072
0.106175,0.150664,0.024166,0.041990,0.072493,0.179979,0.106184,0.105147,0.033043,0.180158
0.257611,0.053236,0.035184,0.075907,0.043950,0.072443,0.257627,0.043650,0.089427,0.070964
0.204085,0.068363,0.037435,0.068924,0.078416,0.113692,0.204101,0.063939,0.049539,0.111507
0.083463,0.007177,0.012649,0.062499,0.006650,0.009633,0.083458,0.006059,0.718911,0.009501
0.251066,0.055419,0.025695,0.091337,0.043468,0.083889,0.251073,0.050043,0.064798,0.083212
0.181915,0.097385,0.021098,0.065184,0.047385,0.141048,0.181917,0.082291,0.042135,0.139642
0.304594,0.033093,0.015231,0.134188,0.024876,0.038207,0.304583,0.019737,0.087919,0.037572
0.125557,0.154320,0.016924,0.054595,0.082225,0.160218,0.125561,0.083032,0.039225,0.158342
0.075695,0.079080,0.012046,0.039657,0.158047,0.104981,0.075699,0.108991,0.240320,0.105484
0.097576,0.114936,0.036833,0.062864,0.098775,0.146555,0.097575,0.131243,0.068289,0.145354
0.131364,0.111565,0.038047,0.077928,0.091623,0.129258,0.131369,0.114102,0.046494,0.128250
0.235294,0.008963,0.004691,0.449328,0.008778,0.010338,0.235245,0.005786,0.031373,0.010204
0.107421,0.101860,0.025595,0.083079,0.082944,0.124355,0.107423,0.130756,0.111519,0.125048
0.197045,0.023343,0.016181,0.329287,0.023493,0.032113,0.197022,0.021309,0.128403,0.031805
0.263541,0.050763,0.017380,0.100416,0.041049,0.077008,0.263534,0.049679,0.059850,0.076780
0.272494,0.053903,0.030043,0.088133,0.044157,0.072582,0.272510,0.046556,0.047684,0.071938
0.259694,0.051542,0.034117,0.134547,0.044888,0.057153,0.259694,0.032699,0.069294,0.056371
0.258874,0.047874,0.022575,0.179899,0.028323,0.057356,0.258877,0.027383,0.062820,0.056018
0.080288,0.017935,0.012357,0.062323,0.014296,0.021930,0.080285,0.014554,0.674328,0.021705
0.276744,0.042829,0.026115,0.135668,0.039943,0.051053,0.276743,0.036953,0.063298,0.050655
0.304197,0.037286,0.017952,0.148834,0.024152,0.038198,0.304162,0.022566,0.065021,0.037631
0.260126,0.023999,0.011919,0.205352,0.019544,0.027211,0.260106,0.018451,0.146305,0.026986
0.222562,0.061242,0.032692,0.088562,0.050965,0.106701,0.222560,0.056826,0.053115,0.104775
0.224338,0.051019,0.129994,0.069379,0.042116,0.084034,0.224351,0.047369,0.044829,0.082571
0.093113,0.006897,0.007010,0.241552,0.006868,0.009336,0.093101,0.006236,0.526659,0.009228
0.068790,0.006080,0.003709,0.083194,0.005449,0.007770,0.068782,0.005508,0.742987,0.007731
0.062521,0.010293,0.007049,0.054325,0.008401,0.012828,0.062516,0.007961,0.761461,0.012644
0.200535,0.079998,0.017830,0.162340,0.069955,0.082463,0.200511,0.055528,0.048376,0.082464
0.236371,0.058357,0.036183,0.082536,0.055835,0.087292,0.236387,0.061703,0.058956,0.086380
0.282544,0.052177,0.013505,0.080835,0.053488,0.083206,0.282544,0.035031,0.034962,0.081709
0.083482,0.098184,0.029799,0.040289,0.062149,0.223838,0.083482,0.131699,0.024498,0.222580
0.340057,0.023741,0.013803,0.122785,0.034652,0.031779,0.340040,0.018115,0.043702,0.031326
0.218152,0.049983,0.028386,0.204170,0.040000,0.056858,0.218150,0.039887,0.088010,0.056404
0.198997,0.030682,0.019219,0.339073,0.029857,0.040414,0.198981,0.027279,0.075462,0.040035
0.318954,0.027586,0.014096,0.118079,0.023858,0.035729,0.318960,0.021270,0.086186,0.035281
0.230493,0.066352,0.071371,0.080775,0.049578,0.079660,0.230495,0.051364,0.060606,0.079307
0.157128,0.090115,0.017582,0.047416,0.071246,0.164400,0.157135,0.103721,0.027387,0.163870
0.096882,0.014812,0.006282,0.699387,0.011707,0.017136,0.096875,0.009211,0.030839,0.016869
0.100859,0.227226,0.015377,0.036979,0.059280,0.160119,0.100868,0.103965,0.032788,0.162539
0.099243,0.149682,0.013618,0.041779,0.249153,0.115402,0.099248,0.071630,0.043321,0.116923
0.235836,0.042014,0.068822,0.137296,0.051451,0.057526,0.235828,0.038928,0.075256,0.057043
0.315595,0.044739,0.011811,0.073416,0.031235,0.066976,0.315601,0.040343,0.033883,0.066402
0.226430,0.049787,0.153455,0.108664,0.030583,0.061590,0.226423,0.033659,0.048730,0.060679
0.251623,0.048645,0.024794,0.114638,0.040352,0.065505,0.251615,0.046536,0.091228,0.065064
0.203382,0.038814,0.037656,0.282465,0.036609,0.051430,0.203369,0.033271,0.062078,0.050926
0.060441,0.008781,0.008033,0.041490,0.008252,0.010383,0.060439,0.006809,0.785102,0.010271
0.236670,0.028866,0.025068,0.206553,0.026963,0.037040,0.236656,0.025028,0.140484,0.036673
0.258360,0.017919,0.012670,0.329143,0.018204,0.023893,0.258359,0.014496,0.043404,0.023551
0.104175,0.016221,0.012564,0.653545,0.017313,0.020387,0.104166,0.014417,0.037002,0.020209
0.062040,0.010287,0.009487,0.670733,0.009644,0.010980,0.062033,0.008203,0.145708,0.010885
0.257980,0.066395,0.016640,0.094506,0.065294,0.084395,0.257983,0.041318,0.032330,0.083158
0.250434,0.037134,0.036467,0.183326,0.034623,0.049758,0.250418,0.033674,0.074946,0.049220
0.154103,0.092115,0.028204,0.067363,0.069956,0.147193,0.154109,0.087424,0.052970,0.146564
0.217597,0.049996,0.043585,0.141940,0.048963,0.060717,0.217587,0.049313,0.109898,0.060406
0.305671,0.026800,0.020178,0.112932,0.023757,0.034398,0.305684,0.021399,0.115215,0.033966
0.173732,0.076029,0.027786,0.099750,0.086100,0.115330,0.173729,0.078361,0.055074,0.114110
0.244537,0.053223,0.029687,0.153038,0.043288,0.068563,0.244536,0.042699,0.052764,0.067664
0.309666,0.021497,0.009353,0.247503,0.012748,0.020891,0.309649,0.012322,0.035786,0.020587
0.251520,0.037539,0.019142,0.152733,0.035635,0.057458,0.251505,0.032687,0.104813,0.056967
0.192394,0.045927,0.032531,0.276999,0.038835,0.066156,0.192393,0.042859,0.046401,0.065505
0.195333,0.083538,0.028052,0.087888,0.052194,0.096553,0.195334,0.068029,0.096817,0.096262
0.139329,0.041459,0.013148,0.489112,0.025885,0.047945,0.139334,0.027404,0.028783,0.047600
0.283485,0.043779,0.029034,0.107961,0.036121,0.058446,0.283488,0.035311,0.064857,0.057519
0.124793,0.043375,0.428660,0.053882,0.030794,0.062151,0.124797,0.037408,0.032864,0.061277
0.146088,0.054591,0.045231,0.295889,0.047806,0.061599,0.146078,0.046036,0.095518,0.061164
0.175340,0.159960,0.022001,0.057347,0.060643,0.116954,0.175354,0.065153,0.049924,0.117326
0.241083,0.040699,0.028047,0.193811,0.037845,0.055538,0.241077,0.032928,0.074445,0.054528
0.164334,0.070882,0.034697,0.076164,0.066721,0.098365,0.164338,0.063386,0.164052,0.097060
0.142869,0.093282,0.096317,0.091373,0.052977,0.126455,0.142868,0.080987,0.048534,0.124338
0.127836,0.014294,0.010582,0.600609,0.012170,0.018608,0.127824,0.011528,0.058213,0.018337
0.095151,0.155637,0.022914,0.042815,0.077486,0.173256,0.095154,0.129639,0.036645,0.171304
0.194491,0.052910,0.036599,0.194868,0.046733,0.062332,0.194488,0.047728,0.107884,0.061966
0.234095,0.038926,0.026688,0.191278,0.035979,0.047565,0.234085,0.034653,0.109565,0.047169
0.154847,0.124453,0.020711,0.046293,0.107579,0.145906,0.154859,0.073940,0.028399,0.143012
0.170717,0.027156,0.022141,0.350378,0.024817,0.031857,0.170699,0.021731,0.148992,0.031513
0.298744,0.041241,0.021113,0.072882,0.041470,0.066688,0.298762,0.030980,0.062769,0.065351
0.266313,0.088512,0.021154,0.079357,0.043583,0.074536,0.266329,0.041053,0.045631,0.073532
0.335241,0.032005,0.015611,0.069125,0.026216,0.039755,0.335305,0.024321,0.083112,0.039311
0.129849,0.023302,0.017089,0.059547,0.020508,0.033122,0.129853,0.019359,0.534809,0.032563
0.217610,0.048710,0.046844,0.153937,0.051803,0.060242,0.217600,0.044590,0.098795,0.059868
0.306879,0.032259,0.015631,0.149370,0.027627,0.040233,0.306836,0.028795,0.052185,0.040184
0.278731,0.024711,0.020026,0.251684,0.023210,0.035565,0.278731,0.017755,0.034690,0.034896
0.293768,0.038340,0.027209,0.082621,0.036928,0.049589,0.293819,0.033156,0.095506,0.049065
0.238476,0.091456,0.026523,0.064360,0.054416,0.087120,0.238510,0.048111,0.064911,0.086118
0.336157,0.039777,0.015032,0.066079,0.028673,0.044425,0.336213,0.024269,0.065453,0.043923
0.322587,0.045416,0.014595,0.059921,0.031118,0.056253,0.322639,0.028754,0.063397,0.055319
0.187877,0.079958,0.025593,0.061141,0.087827,0.127660,0.187889,0.074887,0.041269,0.125900
0.368412,0.022167,0.012067,0.075881,0.019807,0.032645,0.368479,0.019034,0.049402,0.032105
0.278808,0.044686,0.029388,0.085309,0.043494,0.057742,0.278841,0.040289,0.084239,0.057205
0.161539,0.128403,0.024589,0.104027,0.071054,0.107190,0.161530,0.073820,0.060523,0.107324
0.181821,0.066493,0.045068,0.094523,0.069958,0.085260,0.181834,0.069766,0.120607,0.084670
0.263697,0.072068,0.024889,0.053610,0.048401,0.084753,0.263742,0.051206,0.054318,0.083315
0.234477,0.076051,0.031846,0.080310,0.054459,0.075550,0.234513,0.048650,0.089522,0.074621
0.039768,0.098926,0.018435,0.023494,0.172925,0.191740,0.039769,0.201427,0.020162,0.193353
0.033512,0.150489,0.026029,0.025763,0.113792,0.222580,0.033513,0.147014,0.024823,0.222485
0.278681,0.074544,0.022938,0.069339,0.043929,0.073061,0.278705,0.038235,0.048565,0.072004
0.344426,0.028331,0.014865,0.059999,0.028625,0.045006,0.344479,0.021037,0.069094,0.044137
0.060091,0.128010,0.018641,0.027537,0.083268,0.221941,0.060095,0.160625,0.018269,0.221524
0.040229,0.175579,0.034420,0.027059,0.093608,0.216359,0.040230,0.132577,0.024876,0.215063
0.040229,0.175579,0.034420,0.027059,0.093608,0.216359,0.040230,0.132577,0.024876,0.215063
0.242648,0.044866,0.027076,0.151173,0.053773,0.046445,0.242674,0.029729,0.115656,0.045960
0.032184,0.150211,0.016562,0.019911,0.080768,0.243829,0.032185,0.161799,0.016749,0.245803
0.076142,0.019021,0.020228,0.050013,0.016267,0.021610,0.076142,0.015047,0.684056,0.021474
0.251444,0.050780,0.035089,0.107949,0.047151,0.064346,0.251457,0.046651,0.081235,0.063899
0.003452,0.034505,0.001877,0.002047,0.853540,0.041165,0.003452,0.017453,0.001971,0.040539
0.054518,0.162523,0.034291,0.040667,0.107481,0.170984,0.054519,0.163462,0.039550,0.172004
0.033140,0.118387,0.037787,0.020577,0.125112,0.206140,0.033141,0.192170,0.024056,0.209490
0.166023,0.017541,0.012395,0.428873,0.016612,0.023067,0.166007,0.017642,0.128895,0.022944
0.309651,0.037883,0.027361,0.089172,0.033798,0.057807,0.309650,0.033429,0.044358,0.056892
0.034749,0.026540,0.010799,0.025930,0.765371,0.032865,0.034750,0.018126,0.018170,0.032701
0.002480,0.035552,0.001850,0.001598,0.841939,0.044768,0.002480,0.023130,0.001582,0.044622
0.003585,0.038084,0.002018,0.002209,0.828910,0.048761,0.003585,0.023207,0.002046,0.047595
0.288178,0.041664,0.027284,0.122341,0.038946,0.047056,0.288190,0.032319,0.067364,0.046659
0.060360,0.145746,0.033639,0.035398,0.108235,0.206565,0.060363,0.116540,0.032942,0.200212
0.011790,0.268625,0.003285,0.005646,0.160647,0.175133,0.011791,0.175736,0.006705,0.180642
0.313042,0.037333,0.012800,0.102858,0.033029,0.049296,0.313002,0.032637,0.057032,0.048971
0.246087,0.050309,0.033139,0.097243,0.053147,0.066286,0.246094,0.044454,0.097620,0.065622
0.194723,0.011596,0.006772,0.384730,0.011486,0.016760,0.194698,0.009501,0.153194,0.016540
0.013974,0.260771,0.003237,0.005126,0.144910,0.211044,0.013975,0.126373,0.004818,0.215773
0.138630,0.018634,0.007699,0.075372,0.018590,0.023211,0.138616,0.016235,0.539943,0.023071
0.014583,0.191680,0.011252,0.010913,0.081029,0.170862,0.014584,0.322407,0.011197,0.171493
0.023159,0.218869,0.007527,0.010566,0.056703,0.232099,0.023160,0.194283,0.009403,0.224229
0.257505,0.046603,0.038279,0.105773,0.044244,0.059356,0.257524,0.041190,0.090725,0.058803
0.015969,0.329588,0.007370,0.008251,0.072809,0.206846,0.015969,0.136845,0.006924,0.199429
0.006309,0.082427,0.003111,0.003468,0.025262,0.156903,0.006309,0.550441,0.003248,0.162523
0.046798,0.139585,0.021261,0.043308,0.128923,0.166713,0.046797,0.205443,0.029686,0.171489
0.153946,0.091369,0.053822,0.086327,0.074881,0.106586,0.153956,0.094118,0.078169,0.106825
0.141603,0.031309,0.240091,0.133516,0.031158,0.039856,0.141596,0.027428,0.173921,0.039522
0.055360,0.131106,0.015137,0.024295,0.309727,0.147827,0.055362,0.092834,0.019752,0.148600
0.165357,0.117341,0.013741,0.046425,0.074022,0.173033,0.165365,0.052814,0.026154,0.165748
0.068585,0.150268,0.042647,0.031030,0.167627,0.183575,0.068586,0.085221,0.023404,0.179056
0.147572,0.094431,0.048916,0.066889,0.084418,0.131992,0.147585,0.093776,0.053109,0.131313
0.044950,0.226417,0.014383,0.021263,0.059054,0.257164,0.044953,0.080626,0.015046,0.236144
0.026290,0.193147,0.022789,0.019994,0.092587,0.208283,0.026291,0.182412,0.020546,0.207660
0.021596,0.100471,0.004771,0.009105,0.579776,0.089476,0.021597,0.073965,0.008341,0.090903
0.144602,0.010192,0.006338,0.341898,0.010528,0.014141,0.144579,0.008729,0.305002,0.013991
0.054259,0.154480,0.017353,0.027244,0.362105,0.121675,0.054263,0.062237,0.026301,0.120082
0.029032,0.233473,0.012621,0.016896,0.094626,0.200186,0.029033,0.171251,0.015852,0.197030
0.079760,0.122111,0.014539,0.040066,0.101814,0.188267,0.079758,0.160574,0.024855,0.188257
0.106177,0.143584,0.027033,0.044149,0.130657,0.144228,0.106181,0.100827,0.053508,0.143658
0.022073,0.086609,0.005415,0.008514,0.029763,0.125213,0.022075,0.563455,0.006941,0.129943
0.011406,0.106404,0.006374,0.007564,0.545314,0.103285,0.011407,0.096165,0.006912,0.105168
0.179343,0.005135,0.003814,0.313994,0.006299,0.006569,0.179315,0.003898,0.295150,0.006485
0.013406,0.176658,0.010819,0.009432,0.061055,0.164478,0.013407,0.370644,0.009338,0.170764
0.042205,0.151037,0.012675,0.018740,0.378419,0.132305,0.042208,0.069854,0.020617,0.131940
0.020814,0.092284,0.006854,0.010057,0.541043,0.105408,0.020815,0.087334,0.008511,0.106880
0.034604,0.153724,0.004466,0.009070,0.027835,0.158435,0.034608,0.406723,0.007333,0.163201
0.321040,0.038005,0.010453,0.110555,0.024668,0.041596,0.321026,0.022158,0.069394,0.041104
0.017908,0.104902,0.011164,0.011249,0.472589,0.127416,0.017909,0.098282,0.012412,0.126168
0.023266,0.171518,0.006415,0.010425,0.306073,0.164430,0.023267,0.118752,0.008131,0.167723
0.043561,0.174920,0.012290,0.019771,0.056258,0.207090,0.043564,0.207766,0.020934,0.213846
0.005518,0.132867,0.003121,0.003324,0.032255,0.210824,0.005518,0.398637,0.003183,0.204752
0.005213,0.020429,0.001335,0.002147,0.878431,0.037516,0.005213,0.011965,0.001821,0.035930
0.006526,0.055651,0.002845,0.003181,0.769655,0.062168,0.006527,0.029854,0.002865,0.060729
0.045550,0.085389,0.062737,0.020628,0.145402,0.178789,0.045554,0.214584,0.019972,0.181394
0.013424,0.141217,0.008014,0.009618,0.111280,0.192832,0.013424,0.302427,0.008322,0.199442
0.007790,0.048721,0.003826,0.004681,0.781198,0.052749,0.007790,0.035303,0.004176,0.053765
0.019235,0.252807,0.007310,0.010452,0.278084,0.158167,0.019236,0.089332,0.009783,0.155595
0.057023,0.139882,0.022950,0.034081,0.097167,0.208169,0.057024,0.141297,0.040232,0.202175
0.024967,0.186859,0.013220,0.012384,0.045504,0.199520,0.024969,0.275769,0.011151,0.205655
0.009473,0.206330,0.004296,0.004993,0.262817,0.187360,0.009473,0.120198,0.004192,0.190869
0.014311,0.171047,0.007761,0.007396,0.228036,0.188724,0.014312,0.171986,0.007261,0.189166
0.040427,0.168274,0.020598,0.026162,0.074366,0.181094,0.040428,0.238154,0.023551,0.186946
0.016741,0.190779,0.013093,0.012762,0.097818,0.215055,0.016742,0.211886,0.013688,0.211435
0.008619,0.160497,0.005554,0.005764,0.052401,0.202202,0.008620,0.338897,0.005347,0.212098
0.011912,0.178302,0.005849,0.006538,0.080924,0.261153,0.011913,0.186485,0.005744,0.251182
0.011790,0.268625,0.003285,0.005646,0.160647,0.175133,0.011791,0.175736,0.006705,0.180642
0.028043,0.147028,0.016849,0.018190,0.074425,0.200314,0.028044,0.270572,0.016991,0.199542
0.033140,0.118387,0.037787,0.020577,0.125112,0.206140,0.033141,0.192170,0.024056,0.209490
0.013957,0.195923,0.003336,0.006344,0.044479,0.210659,0.013957,0.284316,0.005095,0.221935
0.344629,0.020846,0.053987,0.098873,0.016664,0.027278,0.344625,0.020693,0.045372,0.027033
0.296254,0.023113,0.054248,0.160397,0.020735,0.041630,0.296227,0.021091,0.045448,0.040857
0.038565,0.163424,0.023300,0.027219,0.092335,0.179064,0.038567,0.228042,0.028722,0.180761
0.004195,0.067547,0.002610,0.002693,0.698108,0.070733,0.004195,0.075466,0.002772,0.071681
0.061197,0.142575,0.039094,0.033361,0.081560,0.191456,0.061201,0.159777,0.035064,0.194714
0.034340,0.106531,0.016319,0.020045,0.154043,0.218397,0.034341,0.177352,0.019137,0.219497
0.223158,0.034867,0.021903,0.138054,0.031749,0.038019,0.223154,0.028620,0.222781,0.037696
0.269206,0.008564,0.005274,0.118613,0.008573,0.012213,0.269200,0.007070,0.289273,0.012013
0.005796,0.001452,0.001429,0.006597,0.001536,0.001461,0.005796,0.001176,0.973304,0.001452
0.263390,0.012325,0.009142,0.330836,0.018153,0.014846,0.263370,0.009921,0.063293,0.014723
0.294401,0.042345,0.018796,0.129942,0.035615,0.056455,0.294385,0.034105,0.038402,0.055554
0.022155,0.008610,0.006620,0.024944,0.009489,0.009094,0.022154,0.007184,0.880705,0.009045
0.008949,0.003491,0.003356,0.007707,0.003737,0.004236,0.008949,0.003235,0.952134,0.004206
0.241935,0.032393,0.020677,0.163205,0.026824,0.034757,0.241921,0.023398,0.180497,0.034392
0.166340,0.062159,0.061727,0.169596,0.062981,0.063971,0.166320,0.060428,0.122610,0.063867
0.008883,0.001879,0.001425,0.007041,0.001989,0.002386,0.008883,0.001678,0.963473,0.002363
0.088663,0.018359,0.018276,0.057859,0.018030,0.021453,0.088661,0.016699,0.650701,0.021300
0.236362,0.048036,0.047394,0.149104,0.046388,0.049998,0.236348,0.044759,0.091774,0.049839
0.087255,0.011950,0.011767,0.087660,0.010978,0.014493,0.087252,0.009537,0.664789,0.014319
0.114852,0.005917,0.003633,0.231014,0.004765,0.006613,0.114838,0.004009,0.507820,0.006540
0.113812,0.007053,0.007993,0.701577,0.006922,0.008639,0.113793,0.006294,0.025347,0.008571
0.199265,0.056095,0.132693,0.087588,0.050041,0.080074,0.199268,0.054177,0.061592,0.079209
0.112755,0.003393,0.002830,0.700893,0.003721,0.004834,0.112733,0.002841,0.051241,0.004758
0.101017,0.105836,0.017106,0.044807,0.070860,0.194391,0.101022,0.141903,0.030086,0.192971
0.089059,0.013017,0.011978,0.645556,0.016878,0.015058,0.089040,0.010863,0.093597,0.014954
0.122456,0.095121,0.086805,0.082923,0.092289,0.114174,0.122459,0.093525,0.076479,0.113769
0.178811,0.078401,0.047034,0.124235,0.062802,0.083301,0.178816,0.068036,0.095581,0.082983
0.055388,0.006977,0.030153,0.039933,0.006704,0.009029,0.055386,0.005666,0.781847,0.008916
0.400775,0.013359,0.006153,0.102924,0.010062,0.016736,0.400721,0.009286,0.023502,0.016481
0.084474,0.009978,0.007698,0.746163,0.009672,0.013851,0.084469,0.008826,0.021186,0.013683
0.342841,0.020375,0.014205,0.130137,0.019215,0.026570,0.342807,0.016086,0.061597,0.026167
0.265129,0.023498,0.016845,0.263323,0.022288,0.029813,0.265109,0.019127,0.065451,0.029417
0.185842,0.036658,0.021312,0.197352,0.025046,0.034916,0.185827,0.025330,0.252980,0.034738
0.194723,0.011596,0.006772,0.384730,0.011486,0.016760,0.194698,0.009501,0.153194,0.016540
0.306611,0.029530,0.067222,0.082038,0.029063,0.038103,0.306627,0.022907,0.080259,0.037639
0.159527,0.060833,0.068270,0.139933,0.058697,0.066170,0.159525,0.054480,0.166812,0.065754
0.209843,0.044984,0.029611,0.183385,0.040107,0.053548,0.209821,0.041466,0.134008,0.053227
0.190559,0.009836,0.005676,0.529320,0.009303,0.011873,0.190535,0.007903,0.033226,0.011769
0.243020,0.050666,0.027466,0.154055,0.045405,0.063335,0.243010,0.045304,0.064613,0.063125
0.113985,0.023320,0.022210,0.108097,0.023494,0.027667,0.113983,0.021223,0.518515,0.027506
0.260342,0.056791,0.029094,0.091515,0.048864,0.076242,0.260344,0.044109,0.057419,0.075280
0.006747,0.001597,0.001315,0.006835,0.001448,0.001632,0.006747,0.001217,0.970844,0.001619
0.276633,0.007014,0.004301,0.391056,0.005662,0.008556,0.276588,0.004789,0.016988,0.008413
0.167721,0.038243,0.027923,0.118042,0.041380,0.049136,0.167718,0.033259,0.308009,0.048570
0.030920,0.007475,0.005895,0.874925,0.006820,0.008863,0.030917,0.006498,0.018906,0.008781
0.114046,0.021645,0.019332,0.104791,0.022272,0.026735,0.114040,0.017688,0.533042,0.026410
0.156694,0.148310,0.038058,0.047973,0.055854,0.140188,0.156715,0.078770,0.038147,0.139292
0.020427,0.005240,0.003364,0.011963,0.005655,0.007047,0.020427,0.004683,0.914201,0.006992
0.065152,0.008428,0.008636,0.769084,0.007634,0.009174,0.065145,0.006688,0.050964,0.009094
0.257102,0.074228,0.028449,0.073855,0.063758,0.075295,0.257132,0.041550,0.054080,0.074553
0.093971,0.008714,0.008815,0.339392,0.008686,0.010906,0.093964,0.007641,0.417127,0.010784
0.153577,0.018463,0.017981,0.494782,0.020098,0.022954,0.153559,0.015690,0.080142,0.022754
0.041316,0.003985,0.002939,0.053104,0.003400,0.004353,0.041309,0.003172,0.842100,0.004322
0.063991,0.003734,0.001995,0.839706,0.003616,0.004309,0.063981,0.002565,0.011845,0.004259
0.248003,0.006899,0.005413,0.417705,0.006431,0.008301,0.247963,0.005388,0.045695,0.008202
0.166340,0.062159,0.061727,0.169596,0.062981,0.063971,0.166320,0.060428,0.122610,0.063867
0.102735,0.011182,0.011362,0.485090,0.010688,0.012856,0.102724,0.009902,0.240701,0.012761
0.015511,0.002724,0.002459,0.013638,0.003046,0.003215,0.015511,0.002356,0.938352,0.003188
0.292440,0.016301,0.007707,0.146572,0.020113,0.019909,0.292424,0.010539,0.174349,0.019646
0.371333,0.012953,0.007276,0.150240,0.011212,0.016761,0.371297,0.009552,0.032865,0.016512
0.367248,0.020301,0.013399,0.115257,0.016250,0.026538,0.367235,0.015961,0.031616,0.026195
0.190576,0.046319,0.036350,0.144820,0.041971,0.052078,0.190569,0.039433,0.206228,0.051656
0.222954,0.029614,0.074313,0.158010,0.028983,0.038193,0.222952,0.025844,0.161283,0.037854
0.028488,0.003573,0.010336,0.202961,0.003230,0.004188,0.028485,0.003102,0.711484,0.004153
0.301033,0.028395,0.015212,0.166744,0.027323,0.039616,0.301014,0.022914,0.058588,0.039161
0.211725,0.032962,0.023403,0.238536,0.031581,0.042703,0.211702,0.030408,0.134687,0.042294
0.288743,0.047369,0.019971,0.123040,0.034662,0.047209,0.288756,0.026411,0.077299,0.046540
0.283753,0.017424,0.008535,0.119944,0.017796,0.023116,0.283729,0.013828,0.209035,0.022841
0.077012,0.004877,0.003576,0.051422,0.004194,0.006010,0.077004,0.003933,0.766028,0.005945
0.059575,0.006335,0.005503,0.522999,0.005822,0.007319,0.059567,0.005391,0.320221,0.007268
0.157277,0.076455,0.027544,0.177679,0.061196,0.088372,0.157266,0.062520,0.103362,0.088328
0.078830,0.016276,0.030230,0.089825,0.015247,0.020600,0.078825,0.014694,0.635058,0.020415
0.202819,0.073292,0.063206,0.082499,0.073693,0.090145,0.202829,0.060517,0.061778,0.089222
0.122649,0.014904,0.011776,0.578813,0.014990,0.023135,0.122645,0.012689,0.075640,0.022758
0.262244,0.060313,0.024636,0.075321,0.055083,0.074809,0.262267,0.042270,0.069494,0.073562
0.269040,0.053137,0.037744,0.111480,0.035938,0.051833,0.269063,0.032262,0.088374,0.051128
0.402984,0.014973,0.007199,0.069500,0.012542,0.019264,0.403032,0.010532,0.041026,0.018946
0.144461,0.016987,0.014561,0.135568,0.014733,0.021014,0.144444,0.012981,0.474500,0.020751
0.254293,0.009964,0.008249,0.392514,0.009558,0.012549,0.254268,0.007675,0.038544,0.012386
0.371229,0.016310,0.008704,0.124226,0.018284,0.019284,0.371206,0.011695,0.040017,0.019046
0.322055,0.033249,0.018700,0.098055,0.039164,0.042154,0.322062,0.026404,0.056377,0.041780
0.339346,0.024016,0.009722,0.118505,0.017254,0.025647,0.339355,0.013987,0.086884,0.025284
0.364721,0.026548,0.014637,0.064242,0.021393,0.041033,0.364740,0.023724,0.038655,0.040308
0.296264,0.017976,0.014097,0.251039,0.017948,0.022242,0.296220,0.014365,0.047883,0.021967
0.334973,0.022861,0.015815,0.084223,0.020659,0.033199,0.334971,0.017165,0.103625,0.032510
0.338492,0.028691,0.009751,0.128183,0.027339,0.039001,0.338464,0.019624,0.032045,0.038411
0.198788,0.019345,0.012686,0.125595,0.021372,0.022731,0.198778,0.015541,0.362613,0.022552
0.338736,0.033619,0.016310,0.086471,0.028031,0.037091,0.338737,0.023638,0.060710,0.036656
0.410414,0.017403,0.008073,0.053924,0.013614,0.024642,0.410426,0.012133,0.025298,0.024072
0.320631,0.038702,0.019231,0.087244,0.035804,0.050192,0.320673,0.036792,0.040859,0.049873
0.340486,0.020899,0.014026,0.151043,0.019104,0.026110,0.340457,0.016840,0.045248,0.025787
0.287849,0.038406,0.032405,0.121424,0.036147,0.047047,0.287835,0.029215,0.073288,0.046383
0.266396,0.051219,0.056522,0.088747,0.043370,0.061990,0.266413,0.042722,0.061204,0.061417
0.393499,0.013403,0.005435,0.116555,0.010374,0.015889,0.393483,0.007889,0.027869,0.015603
0.313304,0.018026,0.010827,0.217434,0.019842,0.021046,0.313260,0.014088,0.051326,0.020847
0.389948,0.017596,0.009951,0.076359,0.016192,0.025165,0.389942,0.013497,0.036629,0.024721
0.312373,0.031843,0.029639,0.114199,0.031323,0.041983,0.312372,0.026969,0.057750,0.041548
0.142980,0.024645,0.021123,0.527944,0.020309,0.026099,0.142972,0.017643,0.050479,0.025805
0.380126,0.017548,0.008266,0.073911,0.012513,0.022130,0.380171,0.010811,0.072791,0.021732
0.071320,0.028944,0.007904,0.048966,0.272467,0.031368,0.071318,0.016355,0.420080,0.031278
0.344144,0.036959,0.027134,0.053107,0.028571,0.049098,0.344203,0.027295,0.041159,0.048332
0.073221,0.015477,0.013062,0.662713,0.016764,0.020012,0.073216,0.013440,0.092273,0.019822
0.332677,0.037514,0.014500,0.148105,0.016888,0.034801,0.332674,0.018049,0.030501,0.034290
0.112685,0.015333,0.009303,0.093556,0.012824,0.018051,0.112673,0.010484,0.597264,0.017825
0.295302,0.030893,0.015941,0.187530,0.026244,0.034757,0.295276,0.021931,0.057760,0.034367
0.068551,0.013756,0.041501,0.046100,0.015116,0.016696,0.068554,0.011187,0.701997,0.016542
0.043888,0.005046,0.005172,0.764054,0.005089,0.006489,0.043882,0.004707,0.115231,0.006441
0.050561,0.009259,0.007548,0.784776,0.009710,0.011672,0.050556,0.008232,0.056117,0.011570
0.027599,0.002008,0.001330,0.919892,0.001920,0.002220,0.027594,0.001486,0.013745,0.002206
0.314333,0.020258,0.010957,0.161161,0.017267,0.027064,0.314295,0.018859,0.088976,0.026831
0.038828,0.003028,0.003141,0.872355,0.002775,0.003407,0.038823,0.002416,0.031853,0.003374
0.015442,0.001451,0.001108,0.086572,0.001440,0.001940,0.015441,0.001348,0.873333,0.001924
0.206048,0.035129,0.022762,0.127001,0.035440,0.047958,0.206053,0.030790,0.241425,0.047393
0.344427,0.018177,0.030662,0.137680,0.016805,0.026629,0.344407,0.014512,0.040554,0.026148
0.351636,0.053324,0.013879,0.055061,0.029136,0.046785,0.351674,0.021596,0.031126,0.045783
0.275456,0.012590,0.007278,0.294669,0.011654,0.015782,0.275405,0.010423,0.081139,0.015604
0.192162,0.044119,0.117037,0.120666,0.037840,0.046694,0.192165,0.031530,0.171431,0.046356
0.045408,0.004000,0.004047,0.633579,0.003082,0.004590,0.045401,0.003207,0.252141,0.004545
0.361038,0.027974,0.012268,0.115956,0.019895,0.028562,0.360997,0.013362,0.031907,0.028040
0.177344,0.074900,0.053966,0.131549,0.083197,0.086422,0.177341,0.059171,0.070516,0.085595
0.330280,0.022510,0.033394,0.116299,0.018327,0.025760,0.330257,0.015971,0.081786,0.025416
0.329651,0.029672,0.020835,0.062372,0.026396,0.041396,0.329707,0.023926,0.095252,0.040793
0.298612,0.018893,0.051840,0.159612,0.017757,0.025581,0.298592,0.013101,0.090896,0.025116
0.143346,0.014910,0.011603,0.061763,0.013433,0.017692,0.143357,0.010530,0.565912,0.017454
0.155447,0.046804,0.140430,0.145181,0.037858,0.045306,0.155435,0.034752,0.193752,0.045035
0.064102,0.019191,0.013271,0.586104,0.018963,0.023140,0.064097,0.018714,0.169353,0.023065
0.394836,0.018741,0.008437,0.047054,0.014419,0.026634,0.394926,0.012722,0.056119,0.026111
0.229902,0.047607,0.160556,0.075342,0.042328,0.063988,0.229920,0.036469,0.050907,0.062980
0.290359,0.038995,0.024310,0.125550,0.033066,0.051175,0.290337,0.034777,0.060770,0.050661
0.273224,0.039951,0.019924,0.139223,0.023168,0.034089,0.273212,0.022000,0.141417,0.033793
0.309597,0.039046,0.085067,0.051237,0.031002,0.059268,0.309637,0.026959,0.030290,0.057897
0.291550,0.052873,0.036547,0.070378,0.043993,0.064693,0.291566,0.038774,0.045749,0.063878
0.187955,0.028968,0.023380,0.179796,0.027618,0.036112,0.187947,0.023560,0.268971,0.035693
0.190558,0.048943,0.039396,0.073915,0.053330,0.068384,0.190571,0.042888,0.224436,0.067579
0.099821,0.010028,0.006562,0.057530,0.009298,0.012682,0.099825,0.008107,0.683593,0.012554
0.050239,0.011446,0.010800,0.054616,0.011018,0.013964,0.050239,0.010368,0.773464,0.013847
0.100000,0.100000,0.100000,0.100000,0.100000,0.100000,0.100000,0.100000,0.100000,0.100000
0.085519,0.022397,0.021635,0.633878,0.023219,0.025524,0.085513,0.021775,0.055128,0.025411
0.295511,0.031474,0.032844,0.145042,0.028540,0.041279,0.295520,0.026010,0.063056,0.040727
0.240550,0.006585,0.002843,0.461926,0.004713,0.008126,0.240522,0.003827,0.022913,0.007996
0.072834,0.037293,0.034390,0.522893,0.060907,0.042331,0.072830,0.037662,0.076634,0.042227
0.023847,0.007293,0.006477,0.879216,0.006637,0.007087,0.023845,0.006352,0.032173,0.007072
0.228692,0.040604,0.036863,0.112027,0.041928,0.053209,0.228701,0.033921,0.171426,0.052629
0.036921,0.010410,0.012502,0.811493,0.012306,0.012061,0.036918,0.009520,0.045865,0.012004
0.023227,0.008542,0.008791,0.870058,0.008838,0.009313,0.023226,0.008584,0.030117,0.009302
0.061699,0.041945,0.094621,0.064408,0.054370,0.053569,0.061700,0.042415,0.471983,0.053289
0.042448,0.010092,0.010537,0.763112,0.012281,0.012467,0.042445,0.010691,0.083504,0.012424
0.013797,0.009487,0.009569,0.018861,0.010162,0.010202,0.013797,0.009585,0.894344,0.010195
0.014692,0.010676,0.009243,0.016837,0.011160,0.011673,0.014692,0.010797,0.888561,0.011667
0.047012,0.018965,0.018262,0.033757,0.017234,0.023906,0.047014,0.018638,0.751469,0.023742
0.024684,0.013326,0.013689,0.027780,0.013680,0.015510,0.024684,0.013321,0.837860,0.015466
0.047415,0.027653,0.022176,0.052997,0.046766,0.032989,0.047415,0.028644,0.661070,0.032875
0.005410,0.002258,0.002284,0.005303,0.002339,0.002615,0.005409,0.002091,0.969691,0.002601
0.006070,0.002647,0.003320,0.007604,0.002643,0.003024,0.006070,0.002528,0.963082,0.003010
0.031855,0.022911,0.042562,0.044595,0.023789,0.025953,0.031855,0.022452,0.728167,0.025862
0.098952,0.032633,0.039333,0.494193,0.034468,0.035835,0.098945,0.031391,0.098546,0.035703
0.070926,0.016085,0.015392,0.674573,0.016156,0.018380,0.070919,0.015194,0.084076,0.018300
0.047644,0.009029,0.006136,0.044033,0.009141,0.010015,0.047641,0.007947,0.808452,0.009961
0.008642,0.005478,0.016104,0.011584,0.009250,0.006568,0.008642,0.005485,0.921705,0.006544
0.005698,0.002406,0.003207,0.006265,0.002341,0.002647,0.005698,0.002082,0.967025,0.002632
0.057346,0.032056,0.033606,0.047753,0.029527,0.042848,0.057348,0.035418,0.621359,0.042739
0.083457,0.061848,0.153385,0.079657,0.090707,0.074196,0.083459,0.061222,0.238167,0.073903
0.006033,0.002591,0.003325,0.006785,0.002779,0.002777,0.006033,0.002285,0.964630,0.002763
0.003126,0.001866,0.008378,0.003928,0.001781,0.001982,0.003126,0.001779,0.972059,0.001975
0.007379,0.005370,0.004850,0.008836,0.003942,0.004585,0.007379,0.003725,0.949372,0.004564
0.009037,0.005787,0.017534,0.011946,0.009915,0.006964,0.009037,0.005799,0.917042,0.006939
0.034424,0.038614,0.034157,0.038539,0.038144,0.036973,0.034424,0.036212,0.671466,0.037048
0.063736,0.037445,0.045363,0.049074,0.032739,0.053318,0.063738,0.039843,0.561734,0.053009
0.290939,0.033499,0.066497,0.128351,0.027798,0.039701,0.290925,0.025746,0.057223,0.039322
0.396364,0.012433,0.005606,0.100874,0.010321,0.016031,0.396338,0.008510,0.037774,0.015748
0.074400,0.063080,0.070967,0.072088,0.150148,0.072435,0.074401,0.060000,0.290337,0.072145
0.023777,0.001282,0.001028,0.101843,0.001181,0.001440,0.023772,0.001020,0.843229,0.001428
0.314051,0.025543,0.016716,0.161778,0.027069,0.031020,0.314028,0.019990,0.059154,0.030652
0.333765,0.032709,0.016841,0.098744,0.029179,0.044345,0.333781,0.025975,0.040942,0.043720
0.071269,0.051508,0.228091,0.057460,0.045977,0.062959,0.071269,0.051665,0.297224,0.062578
0.415496,0.012185,0.007154,0.067774,0.011179,0.018009,0.415500,0.009150,0.025903,0.017649
0.379334,0.015930,0.011858,0.102847,0.014700,0.023293,0.379331,0.013380,0.036410,0.022916
0.208948,0.054817,0.061722,0.138049,0.047197,0.065318,0.208955,0.051196,0.098967,0.064830
0.245585,0.047402,0.104815,0.088574,0.046851,0.066848,0.245598,0.037243,0.051435,0.065649
0.404615,0.006458,0.003281,0.135088,0.005976,0.009295,0.404566,0.004888,0.016702,0.009133
0.298897,0.046931,0.021253,0.078221,0.041490,0.065997,0.298924,0.038915,0.044415,0.064957
0.203172,0.047700,0.044910,0.119498,0.049583,0.065895,0.203169,0.046093,0.154646,0.065333
0.238519,0.066986,0.050163,0.074245,0.047225,0.072329,0.238533,0.045809,0.094847,0.071343
0.252727,0.060018,0.032531,0.090703,0.053372,0.079424,0.252737,0.053426,0.046434,0.078628
0.329032,0.031749,0.017020,0.105998,0.028766,0.042834,0.329030,0.025073,0.048201,0.042297
0.237970,0.033877,0.026695,0.173049,0.031247,0.043408,0.237974,0.029047,0.143755,0.042979
0.253696,0.008958,0.007707,0.402024,0.008314,0.012795,0.253666,0.007542,0.032679,0.012619
0.317792,0.033701,0.019567,0.117651,0.032467,0.046535,0.317793,0.028077,0.040447,0.045970
0.411048,0.012043,0.018257,0.069708,0.016029,0.018467,0.411041,0.007543,0.017822,0.018040
0.247201,0.042421,0.029935,0.136251,0.040853,0.062243,0.247191,0.042124,0.090229,0.061552
0.248299,0.033218,0.024456,0.159680,0.027021,0.043153,0.248294,0.032756,0.140300,0.042824
0.085922,0.004651,0.003401,0.726546,0.004571,0.005724,0.085902,0.003983,0.073626,0.005674
0.101703,0.011676,0.012392,0.364242,0.010885,0.014348,0.101688,0.010392,0.358463,0.014211
0.160090,0.031250,0.027447,0.279582,0.031314,0.035919,0.160080,0.028507,0.210068,0.035744
0.218363,0.051704,0.036637,0.131500,0.045866,0.066448,0.218356,0.045775,0.119553,0.065799
0.183490,0.063682,0.049305,0.159104,0.063930,0.071721,0.183476,0.056760,0.097106,0.071426
0.329096,0.029869,0.022048,0.130419,0.026887,0.033211,0.329068,0.020861,0.045782,0.032758
0.177523,0.014885,0.011623,0.522146,0.012277,0.019650,0.177518,0.011697,0.033299,0.019383
0.303076,0.031839,0.022777,0.154072,0.027094,0.041597,0.303062,0.027689,0.047690,0.041105
0.168046,0.084899,0.062374,0.077667,0.079842,0.111211,0.168057,0.076459,0.061629,0.109815
0.320351,0.033302,0.023984,0.113100,0.029777,0.044940,0.320339,0.027827,0.042091,0.044289
0.139269,0.073954,0.073031,0.189294,0.078929,0.075612,0.139262,0.072125,0.082999,0.075524
0.091659,0.008303,0.005878,0.746747,0.005993,0.009310,0.091652,0.005742,0.025544,0.009172
0.200165,0.047583,0.031426,0.223781,0.043546,0.054520,0.200159,0.041275,0.103364,0.054179
0.321195,0.018994,0.009787,0.204356,0.015635,0.026151,0.321164,0.015374,0.041569,0.025776
0.092050,0.104674,0.073231,0.080309,0.130978,0.116097,0.092050,0.098315,0.096333,0.115962
0.129938,0.076376,0.057801,0.082980,0.065179,0.081779,0.129940,0.061638,0.232894,0.081474
0.235028,0.012291,0.010824,0.390876,0.012571,0.016588,0.234976,0.010424,0.060078,0.016345
0.364964,0.016443,0.012816,0.125487,0.014452,0.025203,0.364954,0.013937,0.036977,0.024767
0.314062,0.032519,0.074656,0.089884,0.021327,0.039025,0.314063,0.020730,0.055458,0.038275
0.082452,0.028345,0.608248,0.036531,0.026687,0.035576,0.082456,0.025342,0.039149,0.035215
0.279398,0.051395,0.025699,0.066894,0.046329,0.079334,0.279417,0.049618,0.042697,0.079217
0.232386,0.010354,0.010070,0.365944,0.009515,0.013780,0.232349,0.009314,0.102647,0.013640
0.212323,0.031660,0.026456,0.233829,0.037267,0.035602,0.212310,0.028716,0.146441,0.035396
0.019722,0.000914,0.000789,0.950453,0.000791,0.001107,0.019718,0.000795,0.004615,0.001095
0.299442,0.032544,0.026717,0.134863,0.029742,0.044468,0.299425,0.031880,0.056758,0.044161
0.247079,0.061984,0.029517,0.113884,0.058866,0.068976,0.247069,0.046929,0.057377,0.068320
0.237948,0.013260,0.011804,0.407901,0.012615,0.016260,0.237928,0.010249,0.035977,0.016058
0.357796,0.032524,0.011682,0.072622,0.023746,0.037063,0.357811,0.019171,0.051165,0.036422
0.399456,0.017908,0.020260,0.053468,0.015537,0.026438,0.399489,0.013121,0.028405,0.025918
0.134171,0.014469,0.009580,0.477497,0.014360,0.017220,0.134164,0.011130,0.170369,0.017040
0.155679,0.096979,0.049471,0.070163,0.094043,0.120921,0.155685,0.075531,0.061543,0.119986
0.092951,0.036882,0.498131,0.057822,0.034187,0.049215,0.092956,0.035758,0.053257,0.048839
0.214942,0.033218,0.029403,0.288145,0.029411,0.042238,0.214916,0.029796,0.076162,0.041768
0.341303,0.016782,0.008152,0.163054,0.017306,0.021257,0.341274,0.013510,0.056358,0.021003
0.021944,0.001746,0.001316,0.085596,0.001588,0.002002,0.021940,0.001507,0.860374,0.001988
0.229766,0.009571,0.006038,0.250554,0.007611,0.010638,0.229722,0.006144,0.239464,0.010491
0.052350,0.002156,0.002152,0.877484,0.001357,0.002215,0.052342,0.001147,0.006616,0.002182
0.235265,0.021308,0.016451,0.213225,0.018296,0.027321,0.235237,0.018922,0.186936,0.027039
0.272551,0.020889,0.016495,0.242942,0.021959,0.025256,0.272527,0.017566,0.084785,0.025030
0.071786,0.006254,0.005674,0.767939,0.006384,0.007670,0.071776,0.005730,0.049165,0.007622
0.210226,0.041752,0.028095,0.187245,0.034257,0.041043,0.210211,0.029417,0.177020,0.040735
0.272169,0.033184,0.052859,0.166981,0.024655,0.037693,0.272143,0.024654,0.078339,0.037323
0.166023,0.017541,0.012395,0.428873,0.016612,0.023067,0.166007,0.017642,0.128895,0.022944
0.355823,0.030224,0.008283,0.087728,0.017253,0.033575,0.355826,0.017749,0.060538,0.033000
0.144602,0.010192,0.006338,0.341898,0.010528,0.014141,0.144579,0.008729,0.305002,0.013991
0.265359,0.025782,0.016882,0.206061,0.025795,0.034984,0.265333,0.021387,0.103787,0.034629
0.402245,0.018322,0.008247,0.058598,0.017639,0.026395,0.402266,0.012442,0.027938,0.025909
0.230609,0.011007,0.018409,0.417447,0.010501,0.014829,0.230564,0.008899,0.043143,0.014591
0.193439,0.078308,0.046997,0.081341,0.069235,0.096138,0.193457,0.071538,0.073918,0.095629
0.299028,0.015750,0.010288,0.238492,0.014384,0.022452,0.298967,0.013797,0.064793,0.022049
0.322198,0.035628,0.020027,0.077357,0.038217,0.046443,0.322216,0.025575,0.066679,0.045659
0.208587,0.025788,0.025310,0.270133,0.024529,0.031967,0.208581,0.021917,0.151532,0.031657
0.131897,0.041186,0.205667,0.171926,0.038674,0.056295,0.131900,0.040122,0.126492,0.055842
0.121174,0.020584,0.016992,0.310519,0.019022,0.022455,0.121165,0.017411,0.328412,0.022264
0.075753,0.008432,0.008893,0.325454,0.008834,0.011416,0.075749,0.007562,0.466623,0.011284
0.336986,0.021863,0.010758,0.166213,0.015727,0.023356,0.336945,0.014834,0.050283,0.023035
0.393321,0.022545,0.009069,0.053219,0.018342,0.031902,0.393343,0.015344,0.031773,0.031142
0.359177,0.016484,0.008924,0.158572,0.013694,0.021789,0.359133,0.010859,0.029995,0.021371
0.317046,0.024477,0.016176,0.180580,0.021881,0.027737,0.317031,0.018162,0.049467,0.027443
0.025033,0.003046,0.003359,0.667793,0.003001,0.003962,0.025031,0.002944,0.261893,0.003938
0.159514,0.005085,0.002653,0.643357,0.003938,0.005145,0.159506,0.003174,0.012545,0.005083
0.125011,0.016172,0.010846,0.522717,0.021328,0.021633,0.125001,0.014209,0.121650,0.021434
0.251444,0.050780,0.035089,0.107949,0.047151,0.064346,0.251457,0.046651,0.081235,0.063899
0.216509,0.055200,0.051911,0.120572,0.052716,0.072938,0.216527,0.049157,0.092192,0.072279
0.214159,0.037422,0.032911,0.261086,0.038186,0.053212,0.214136,0.034113,0.062125,0.052650
0.362665,0.021412,0.013487,0.116983,0.021330,0.024565,0.362642,0.014004,0.038704,0.024209
0.158530,0.010865,0.008130,0.336684,0.008874,0.014243,0.158508,0.009403,0.280651,0.014111
0.252315,0.059031,0.023633,0.125259,0.050696,0.068092,0.252299,0.041457,0.059804,0.067414
0.155707,0.023401,0.283656,0.218808,0.021968,0.030564,0.155702,0.021058,0.058835,0.030302
0.109799,0.082269,0.066691,0.087984,0.078868,0.090631,0.109800,0.080966,0.202515,0.090476
0.086118,0.009630,0.006037,0.420547,0.010183,0.012528,0.086108,0.007876,0.348568,0.012405
0.055272,0.002143,0.001826,0.865679,0.001931,0.002799,0.055263,0.001660,0.010669,0.002759
0.365086,0.017388,0.010376,0.118963,0.016284,0.023058,0.365054,0.013913,0.047169,0.022708
0.105744,0.007484,0.006263,0.256483,0.008244,0.008936,0.105723,0.006343,0.485920,0.008860
0.312263,0.034335,0.018490,0.125881,0.029622,0.046327,0.312245,0.027049,0.048130,0.045658
0.277213,0.019978,0.025238,0.269125,0.016796,0.026358,0.277168,0.015038,0.047118,0.025968
0.254232,0.016204,0.009798,0.306727,0.013415,0.018525,0.254188,0.012046,0.096556,0.018309
0.368134,0.008406,0.004465,0.187308,0.007511,0.011333,0.368069,0.006441,0.027169,0.011163
0.312567,0.021243,0.023885,0.150423,0.018916,0.031518,0.312554,0.018923,0.078886,0.031086
0.238062,0.031218,0.025943,0.132925,0.027475,0.039957,0.238068,0.026299,0.200508,0.039545
0.218737,0.066201,0.050024,0.092794,0.066914,0.082276,0.218749,0.053719,0.069238,0.081347
0.212370,0.029906,0.023630,0.307675,0.029276,0.035012,0.212356,0.025432,0.089640,0.034703
0.191299,0.043032,0.154198,0.110894,0.042059,0.054612,0.191307,0.040602,0.117944,0.054053
0.135431,0.071621,0.238447,0.053876,0.053531,0.099580,0.135442,0.067283,0.045953,0.098836
0.225266,0.039938,0.028632,0.152410,0.032135,0.047420,0.225255,0.033612,0.168338,0.046994
0.137256,0.023553,0.014421,0.545566,0.020735,0.033982,0.137246,0.021575,0.032013,0.033652
0.211711,0.012266,0.009943,0.334398,0.012127,0.017591,0.211685,0.010578,0.162354,0.017346
0.292448,0.040156,0.018237,0.114281,0.034534,0.063546,0.292463,0.033713,0.048008,0.062615
0.092707,0.003762,0.003426,0.740304,0.003312,0.004740,0.092693,0.002988,0.051384,0.004683
0.181222,0.066699,0.044509,0.172624,0.081529,0.065749,0.181214,0.053249,0.087886,0.065319
0.091132,0.013869,0.008787,0.070074,0.012650,0.017837,0.091131,0.012203,0.664666,0.017651
0.164253,0.021811,0.019283,0.349402,0.022123,0.027489,0.164243,0.018958,0.185209,0.027229
0.252988,0.022615,0.017994,0.244266,0.021346,0.030737,0.252961,0.018428,0.108329,0.030336
0.293214,0.036177,0.023340,0.167025,0.029958,0.040745,0.293223,0.023368,0.052588,0.040361
0.120458,0.006246,0.006043,0.127143,0.005630,0.007715,0.120435,0.005617,0.593080,0.007633
0.014206,0.002259,0.006908,0.012895,0.002208,0.002946,0.014206,0.001982,0.939481,0.002910
0.212428,0.044270,0.020276,0.151148,0.064824,0.068460,0.212417,0.040631,0.117982,0.067562
0.206088,0.009917,0.006158,0.261170,0.008479,0.011298,0.206062,0.007365,0.272284,0.011179
0.072650,0.002591,0.001959,0.124923,0.002162,0.003281,0.072637,0.002004,0.714559,0.003236
0.290256,0.019278,0.010851,0.271197,0.016737,0.025763,0.290208,0.014000,0.036335,0.025375
0.352066,0.011540,0.007690,0.184005,0.009768,0.013636,0.352011,0.007749,0.048097,0.013438
0.205688,0.021957,0.017675,0.287959,0.018244,0.024393,0.205673,0.015952,0.178340,0.024118
0.276330,0.022596,0.012865,0.258084,0.016843,0.024136,0.276296,0.014726,0.074300,0.023824
0.262644,0.018445,0.009742,0.305205,0.013297,0.022564,0.262611,0.013672,0.069547,0.022273
0.327593,0.018134,0.008527,0.180557,0.013475,0.019899,0.327566,0.011223,0.073426,0.019600
0.017163,0.002416,0.002067,0.372931,0.002349,0.003009,0.017161,0.002351,0.577562,0.002991
0.199499,0.075956,0.062316,0.117144,0.059494,0.077686,0.199498,0.055369,0.076254,0.076785
0.181208,0.024544,0.021686,0.385153,0.024132,0.029092,0.181197,0.022364,0.101694,0.028928
0.117161,0.007967,0.004949,0.164024,0.008134,0.010053,0.117141,0.007083,0.553468,0.010019
0.021496,0.004834,0.004308,0.025340,0.005003,0.005532,0.021495,0.004401,0.902085,0.005506
0.198361,0.025924,0.016535,0.393819,0.020869,0.033845,0.198347,0.022675,0.056128,0.033496
0.217071,0.011117,0.008475,0.438178,0.011177,0.015309,0.217049,0.009727,0.056777,0.015121
0.227755,0.041868,0.025777,0.266082,0.030596,0.044370,0.227737,0.029583,0.062225,0.044007
0.266982,0.035966,0.023360,0.173932,0.038889,0.050696,0.266978,0.032059,0.061108,0.050029
0.305527,0.024780,0.011222,0.191085,0.015207,0.021449,0.305490,0.014869,0.089061,0.021310
0.027905,0.001089,0.000966,0.930270,0.001011,0.001356,0.027899,0.000887,0.007276,0.001342
0.193667,0.035878,0.023933,0.300976,0.032008,0.043176,0.193651,0.030869,0.102730,0.043112
0.154665,0.006266,0.005182,0.626018,0.005523,0.009124,0.154648,0.005278,0.024292,0.009004
0.023049,0.002627,0.002752,0.040156,0.002520,0.003071,0.023046,0.002262,0.897477,0.003041
0.268353,0.023913,0.012104,0.244218,0.021399,0.030406,0.268320,0.021727,0.079272,0.030289
0.042567,0.004443,0.003725,0.871556,0.004514,0.005906,0.042562,0.003964,0.014924,0.005841
0.110208,0.009471,0.007265,0.696238,0.008008,0.012931,0.110193,0.008458,0.024439,0.012787
0.134404,0.018310,0.010882,0.154680,0.013127,0.019279,0.134390,0.012064,0.483829,0.019034
0.065101,0.015543,0.013433,0.050983,0.016278,0.019392,0.065102,0.014220,0.720716,0.019232
0.302954,0.026569,0.020314,0.163883,0.026982,0.033660,0.302923,0.022524,0.066842,0.033349
0.102827,0.021595,0.017606,0.350934,0.022182,0.025738,0.102823,0.020561,0.310144,0.025590
0.342741,0.023362,0.013616,0.139754,0.020445,0.026469,0.342692,0.017156,0.047567,0.026200
0.122293,0.008252,0.006529,0.673272,0.008046,0.011394,0.122280,0.007242,0.029437,0.011256
0.163334,0.010895,0.010174,0.177171,0.011076,0.014914,0.163314,0.008911,0.425506,0.014705
0.071666,0.021942,0.016549,0.044694,0.019264,0.025145,0.071671,0.018256,0.685869,0.024944
0.250910,0.034242,0.021517,0.103521,0.031223,0.040368,0.250924,0.026245,0.201114,0.039937
0.243777,0.030042,0.020825,0.234240,0.025172,0.040883,0.243769,0.024600,0.096249,0.040443
0.301634,0.034724,0.021044,0.117812,0.038273,0.047924,0.301624,0.028871,0.060849,0.047244
0.204282,0.015169,0.029761,0.427621,0.014106,0.021758,0.204245,0.013891,0.047672,0.021495
0.077528,0.013046,0.008078,0.059004,0.013225,0.016249,0.077527,0.010389,0.708880,0.016073
0.128413,0.012990,0.012551,0.080972,0.012521,0.016104,0.128410,0.011656,0.580410,0.015973
0.377966,0.028615,0.010376,0.049820,0.019944,0.042911,0.378027,0.018165,0.032178,0.041998
0.069033,0.005598,0.004228,0.074766,0.005239,0.006349,0.069030,0.004420,0.755050,0.006286
0.191042,0.021742,0.011241,0.071474,0.018716,0.027681,0.191047,0.016285,0.423491,0.027281
0.030773,0.002214,0.002184,0.087510,0.002231,0.002686,0.030770,0.001831,0.837141,0.002658
0.039875,0.001547,0.001214,0.761447,0.001524,0.001865,0.039867,0.001228,0.149590,0.001843
0.318268,0.015970,0.008582,0.226867,0.014378,0.020828,0.318241,0.013657,0.042495,0.020713
0.054220,0.004400,0.004360,0.094314,0.004601,0.004872,0.054216,0.003678,0.770506,0.004832
0.220914,0.006481,0.003063,0.448702,0.008030,0.007734,0.220910,0.004293,0.072224,0.007649
0.273701,0.030366,0.016880,0.216067,0.026856,0.037005,0.273676,0.025210,0.063627,0.036612
0.104029,0.007705,0.005518,0.053895,0.008176,0.010754,0.104026,0.006547,0.688725,0.010625
0.271105,0.015163,0.009127,0.234541,0.012358,0.018638,0.271080,0.011798,0.137818,0.018373
0.052751,0.040970,0.012932,0.043614,0.552622,0.057016,0.052752,0.033414,0.097211,0.056718
0.267359,0.026790,0.018771,0.170206,0.025827,0.032523,0.267347,0.021323,0.137678,0.032177
0.205229,0.059825,0.090025,0.077330,0.055883,0.078074,0.205231,0.047177,0.104018,0.077208
0.088001,0.024209,0.009281,0.106029,0.235713,0.029410,0.087996,0.015884,0.374283,0.029194
0.108593,0.026628,0.011533,0.140409,0.025519,0.026415,0.108591,0.018265,0.507786,0.026260
0.157624,0.017605,0.018603,0.256257,0.017839,0.020931,0.157611,0.014121,0.318684,0.020726
0.274822,0.047792,0.034479,0.109555,0.044622,0.047441,0.274827,0.032137,0.087304,0.047019
0.144747,0.041219,0.174865,0.152938,0.063789,0.047399,0.144744,0.034427,0.148791,0.047081
0.217500,0.042510,0.041354,0.122873,0.045697,0.056861,0.217492,0.038885,0.160561,0.056268
0.145933,0.055915,0.017587,0.244021,0.063127,0.056073,0.145926,0.025618,0.190189,0.055609
0.306789,0.028861,0.021143,0.104834,0.025778,0.041536,0.306790,0.023263,0.099952,0.041055
0.308848,0.017718,0.012653,0.186271,0.019452,0.024458,0.308833,0.016025,0.081537,0.024205
0.379402,0.014857,0.008129,0.126397,0.011035,0.018824,0.379354,0.011129,0.032291,0.018582
0.309651,0.037883,0.027361,0.089172,0.033798,0.057807,0.309650,0.033429,0.044358,0.056892
0.273826,0.022523,0.013786,0.264859,0.019614,0.031501,0.273808,0.019283,0.049791,0.031009
0.242633,0.053755,0.060254,0.121967,0.039668,0.062328,0.242626,0.036856,0.078072,0.061840
0.075899,0.002760,0.002179,0.814477,0.002232,0.003495,0.075888,0.002227,0.017392,0.003452
0.183330,0.044282,0.144514,0.071408,0.043389,0.064291,0.183342,0.037592,0.164511,0.063341
0.073578,0.051284,0.338089,0.062768,0.056199,0.071289,0.073578,0.055607,0.146581,0.071027
0.036956,0.006246,0.003892,0.029441,0.006927,0.007438,0.036955,0.005123,0.859642,0.007380
0.331279,0.035419,0.011647,0.140316,0.021855,0.035766,0.331292,0.018257,0.038898,0.035269
0.048236,0.001341,0.001090,0.846761,0.001233,0.001713,0.048227,0.001098,0.048608,0.001693
0.041002,0.004554,0.003360,0.872168,0.003889,0.005392,0.040997,0.004185,0.019060,0.005393
0.095961,0.026027,0.016424,0.138027,0.021299,0.024926,0.095951,0.018611,0.537996,0.024778
0.065684,0.024095,0.011853,0.055613,0.017324,0.024558,0.065680,0.021232,0.689538,0.024424
0.049774,0.004216,0.003139,0.818282,0.003001,0.004550,0.049766,0.003076,0.059691,0.004505
0.123087,0.034042,0.025055,0.151649,0.028601,0.032318,0.123078,0.023397,0.426681,0.032091
0.259333,0.037984,0.030334,0.158614,0.040257,0.049797,0.259318,0.034644,0.080541,0.049178
0.030978,0.001570,0.001232,0.916972,0.002041,0.002151,0.030971,0.001370,0.010589,0.002127
0.222296,0.030020,0.011704,0.304882,0.019751,0.028070,0.222271,0.017406,0.115724,0.027877
0.242555,0.034708,0.014746,0.299592,0.021319,0.030630,0.242533,0.024286,0.059189,0.030442
0.277541,0.015947,0.011569,0.297026,0.014804,0.017994,0.277503,0.011715,0.058103,0.017797
0.169311,0.046560,0.251698,0.080712,0.045818,0.061636,0.169325,0.041875,0.072057,0.061008
0.097900,0.012866,0.012876,0.253368,0.012279,0.016771,0.097895,0.011340,0.468122,0.016582
0.067569,0.003528,0.003396,0.820771,0.003427,0.004599,0.067558,0.002928,0.021682,0.004543
0.154319,0.044156,0.034450,0.079135,0.037643,0.056353,0.154332,0.037268,0.346409,0.055934
0.354541,0.022439,0.046146,0.090757,0.022074,0.029095,0.354532,0.017050,0.034624,0.028742
0.145960,0.011961,0.014710,0.576574,0.010849,0.013411,0.145955,0.009315,0.057980,0.013284
0.314034,0.032913,0.020624,0.155055,0.020326,0.032500,0.314010,0.020420,0.058009,0.032111
0.241619,0.077796,0.024100,0.075628,0.065945,0.086512,0.241641,0.044884,0.056278,0.085596
0.129338,0.017727,0.014960,0.069481,0.014680,0.018905,0.129335,0.010108,0.576858,0.018608
0.238476,0.091456,0.026523,0.064360,0.054416,0.087120,0.238510,0.048111,0.064911,0.086118
0.336157,0.039777,0.015032,0.066079,0.028673,0.044425,0.336213,0.024269,0.065453,0.043923
0.314097,0.039354,0.019383,0.073308,0.034479,0.058617,0.314146,0.035166,0.053734,0.057717
0.368412,0.022167,0.012067,0.075881,0.019807,0.032645,0.368479,0.019034,0.049402,0.032105
0.181821,0.066493,0.045068,0.094523,0.069958,0.085260,0.181834,0.069766,0.120607,0.084670
0.263697,0.072068,0.024889,0.053610,0.048401,0.084753,0.263742,0.051206,0.054318,0.083315
0.234477,0.076051,0.031846,0.080310,0.054459,0.075550,0.234513,0.048650,0.089522,0.074621
0.322587,0.045416,0.014595,0.059921,0.031118,0.056253,0.322639,0.028754,0.063397,0.055319
0.210877,0.047176,0.052986,0.171236,0.043997,0.056361,0.210865,0.043172,0.107484,0.055847
0.293768,0.038340,0.027209,0.082621,0.036928,0.049589,0.293819,0.033156,0.095506,0.049065
0.321040,0.038005,0.010453,0.110555,0.024668,0.041596,0.321026,0.022158,0.069394,0.041104
0.303620,0.021790,0.010430,0.215096,0.019120,0.030720,0.303582,0.019555,0.045564,0.030523
0.274106,0.028481,0.018478,0.099372,0.025438,0.035981,0.274129,0.021972,0.186583,0.035461
0.326630,0.031785,0.019140,0.088125,0.032182,0.052946,0.326639,0.030052,0.040449,0.052053
0.035331,0.007004,0.013383,0.041098,0.005447,0.007672,0.035329,0.005023,0.842137,0.007575
0.366217,0.032015,0.018488,0.051524,0.026361,0.041621,0.366277,0.022816,0.033728,0.040953
0.316523,0.036357,0.018932,0.120511,0.033501,0.045136,0.316513,0.026192,0.041758,0.044577
0.340050,0.021634,0.007990,0.169852,0.014127,0.025053,0.340037,0.012533,0.044052,0.024672
0.161545,0.008822,0.005754,0.468465,0.007622,0.011786,0.161529,0.007240,0.155574,0.011663
0.278808,0.044686,0.029388,0.085309,0.043494,0.057742,0.278841,0.040289,0.084239,0.057205
0.140822,0.029813,0.010950,0.139637,0.028817,0.027633,0.140817,0.016802,0.437407,0.027302
0.225956,0.015054,0.016095,0.186910,0.011483,0.018657,0.225939,0.010568,0.270879,0.018459
0.219890,0.011340,0.009242,0.127781,0.011303,0.014304,0.219872,0.009881,0.362221,0.014165
0.270445,0.021479,0.022535,0.263609,0.018511,0.027569,0.270419,0.016544,0.061689,0.027200
0.015878,0.000754,0.000617,0.959278,0.000738,0.000936,0.015875,0.000649,0.004348,0.000928
0.235838,0.008505,0.005879,0.464228,0.006202,0.009570,0.235817,0.005078,0.019463,0.009419
0.255563,0.008592,0.005325,0.225660,0.007923,0.010600,0.255515,0.005974,0.214400,0.010447
0.389919,0.014085,0.018917,0.098664,0.009945,0.021540,0.389914,0.010989,0.024705,0.021323
0.084774,0.058151,0.024962,0.036163,0.483035,0.075423,0.084779,0.042714,0.035200,0.074800
0.292825,0.020109,0.015659,0.226647,0.017620,0.024982,0.292797,0.016016,0.068680,0.024665
0.339548,0.033484,0.015140,0.117852,0.022386,0.036463,0.339552,0.020027,0.039474,0.036075
0.141048,0.043008,0.026506,0.108138,0.037274,0.046327,0.141043,0.036978,0.373503,0.046175
0.269336,0.023741,0.014822,0.130910,0.020087,0.028719,0.269339,0.017918,0.196751,0.028379
0.381309,0.025489,0.014922,0.053070,0.021411,0.038685,0.381338,0.019587,0.026179,0.038010
0.210218,0.013389,0.012250,0.380491,0.012832,0.014851,0.210201,0.010606,0.120451,0.014710
0.285608,0.016119,0.013131,0.238453,0.015286,0.019763,0.285579,0.012398,0.094140,0.019523
0.336852,0.030277,0.012515,0.126396,0.025614,0.036178,0.336853,0.016945,0.042940,0.035430
0.266596,0.026005,0.011562,0.253683,0.025898,0.038338,0.266547,0.026027,0.047397,0.037946
0.195244,0.016539,0.009801,0.214871,0.013433,0.020276,0.195222,0.012490,0.302075,0.020049
0.390091,0.018079,0.010178,0.105882,0.010735,0.019171,0.390044,0.009052,0.027892,0.018876
0.286058,0.021025,0.022219,0.230354,0.019155,0.028367,0.286048,0.019471,0.059239,0.028063
0.136073,0.026893,0.019751,0.088757,0.030329,0.035216,0.136073,0.022653,0.469446,0.034808
0.099480,0.050496,0.030895,0.121579,0.208223,0.059737,0.099474,0.044109,0.226314,0.059693
0.179368,0.008696,0.008761,0.490841,0.008408,0.010947,0.179336,0.007290,0.095509,0.010844
0.009480,0.000529,0.000462,0.975180,0.000514,0.000644,0.009478,0.000440,0.002637,0.000638
0.022723,0.001369,0.001292,0.940016,0.001312,0.001778,0.022718,0.001169,0.005865,0.001758
0.327621,0.039335,0.012642,0.123721,0.029306,0.041290,0.327609,0.020552,0.037149,0.040774
0.021299,0.001443,0.001221,0.942939,0.001487,0.001833,0.021295,0.001261,0.005407,0.001815
0.348705,0.003960,0.002012,0.260007,0.003186,0.005097,0.348644,0.002612,0.020774,0.005003
0.271921,0.058282,0.029706,0.140853,0.034198,0.054468,0.271927,0.031686,0.053111,0.053848
0.216116,0.055667,0.033111,0.169107,0.053343,0.061780,0.216122,0.041920,0.091625,0.061208
0.182282,0.057263,0.038216,0.181489,0.054486,0.067786,0.182275,0.056331,0.112131,0.067743
0.087714,0.013186,0.012360,0.629756,0.011753,0.013480,0.087708,0.010057,0.120603,0.013382
0.149627,0.044449,0.021014,0.389775,0.036892,0.049264,0.149623,0.030999,0.079335,0.049021
0.296639,0.038738,0.019824,0.128604,0.032963,0.046561,0.296651,0.030320,0.063642,0.046058
0.164600,0.005819,0.006270,0.531556,0.006481,0.006884,0.164563,0.004981,0.102030,0.006816
0.028320,0.003277,0.003424,0.906850,0.003242,0.003796,0.028316,0.003041,0.015961,0.003774
0.298920,0.030070,0.015002,0.113529,0.024363,0.036083,0.298893,0.020119,0.127538,0.035483
0.125487,0.061979,0.279837,0.061526,0.051889,0.084171,0.125495,0.054750,0.071728,0.083139
0.279759,0.019429,0.011977,0.255548,0.017151,0.026390,0.279711,0.016481,0.067458,0.026097
0.101697,0.007326,0.005659,0.729381,0.006048,0.007387,0.101676,0.005546,0.027949,0.007331
0.085743,0.010179,0.004999,0.123158,0.024373,0.014427,0.085735,0.008044,0.629064,0.014278
0.300509,0.024078,0.014618,0.158862,0.020436,0.029055,0.300461,0.018444,0.104972,0.028564
0.132057,0.024671,0.042817,0.522730,0.020564,0.033987,0.132052,0.019196,0.038468,0.033458
0.256788,0.053157,0.041574,0.106327,0.050402,0.066209,0.256805,0.043417,0.059772,0.065550
0.082536,0.008231,0.007598,0.762231,0.007068,0.010021,0.082526,0.006635,0.023212,0.009942
0.164334,0.070882,0.034697,0.076164,0.066721,0.098365,0.164338,0.063386,0.164052,0.097060
0.222832,0.013593,0.006937,0.302405,0.009710,0.015598,0.222811,0.008814,0.181951,0.015349
0.032580,0.018013,0.008226,0.027220,0.014412,0.021279,0.032579,0.018827,0.805715,0.021150
0.305756,0.029029,0.029809,0.150234,0.034521,0.041407,0.305729,0.021875,0.040867,0.040773
0.082829,0.008246,0.005883,0.747429,0.008646,0.009713,0.082819,0.006759,0.038053,0.009623
0.248073,0.041119,0.033742,0.175294,0.039912,0.060091,0.248088,0.038086,0.056212,0.059383
0.042652,0.006578,0.007564,0.824457,0.006742,0.007723,0.042647,0.005941,0.048021,0.007674
0.418549,0.016049,0.006437,0.060209,0.010882,0.018769,0.418591,0.009277,0.022822,0.018417
0.241677,0.048557,0.033751,0.144239,0.048652,0.058266,0.241678,0.042086,0.083206,0.057890
0.089406,0.029036,0.033773,0.090066,0.025467,0.032878,0.089406,0.027352,0.549913,0.032703
0.297856,0.035138,0.033656,0.162812,0.024098,0.034689,0.297841,0.021254,0.058428,0.034228
0.201666,0.013598,0.009843,0.470967,0.012056,0.015705,0.201626,0.011931,0.047022,0.015586
0.088132,0.006178,0.005114,0.764663,0.005319,0.007832,0.088119,0.005547,0.021345,0.007751
0.240958,0.020197,0.011307,0.209682,0.019477,0.024911,0.240935,0.014309,0.193677,0.024548
0.033782,0.002481,0.002212,0.900389,0.002428,0.003197,0.033777,0.002256,0.016306,0.003172
0.100009,0.008770,0.012176,0.587503,0.007471,0.010640,0.100002,0.007023,0.155883,0.010524
0.263106,0.031961,0.030250,0.199145,0.030287,0.041723,0.263097,0.028559,0.070617,0.041255
0.258180,0.010905,0.005936,0.392814,0.010687,0.014165,0.258151,0.008196,0.026968,0.013997
0.242816,0.027467,0.021522,0.280422,0.024000,0.042310,0.242802,0.026821,0.050044,0.041797
0.173530,0.010926,0.007765,0.565348,0.010084,0.013725,0.173521,0.007754,0.023807,0.013539
0.134387,0.011484,0.007463,0.632348,0.010531,0.015111,0.134376,0.010262,0.029083,0.014955
0.171451,0.050033,0.077979,0.094233,0.049761,0.076418,0.171459,0.050356,0.182450,0.075861
0.278681,0.074544,0.022938,0.069339,0.043929,0.073061,0.278705,0.038235,0.048565,0.072004
0.076136,0.010947,0.009151,0.753522,0.010614,0.013598,0.076127,0.009975,0.026426,0.013504
0.142941,0.010528,0.014017,0.338843,0.008246,0.012820,0.142922,0.007818,0.309216,0.012650
0.138630,0.018634,0.007699,0.075372,0.018590,0.023211,0.138616,0.016235,0.539943,0.023071
0.313042,0.037333,0.012800,0.102858,0.033029,0.049296,0.313002,0.032637,0.057032,0.048971
0.375948,0.021306,0.031035,0.061903,0.017120,0.032029,0.375974,0.015609,0.037617,0.031459
0.307074,0.024711,0.018918,0.171574,0.020951,0.027540,0.307062,0.018189,0.076740,0.027240
0.194505,0.012609,0.006619,0.479246,0.010529,0.015911,0.194475,0.009086,0.061339,0.015681
0.296254,0.023113,0.054248,0.160397,0.020735,0.041630,0.296227,0.021091,0.045448,0.040857
0.347186,0.032953,0.014261,0.131806,0.016111,0.023825,0.347159,0.012388,0.050850,0.023459
0.088016,0.008387,0.005340,0.752343,0.006357,0.010512,0.088004,0.006165,0.024508,0.010367
0.046315,0.006858,0.004045,0.035662,0.005063,0.007624,0.046312,0.004771,0.835806,0.007543
0.318558,0.026504,0.008533,0.196206,0.016391,0.031386,0.318511,0.022816,0.029858,0.031236
0.344629,0.020846,0.053987,0.098873,0.016664,0.027278,0.344625,0.020693,0.045372,0.027033
0.222049,0.123616,0.028646,0.072440,0.054559,0.087651,0.222066,0.047284,0.054671,0.087019
0.179415,0.082282,0.040093,0.076378,0.076758,0.121168,0.179426,0.070639,0.054374,0.119467
0.268906,0.021061,0.011699,0.066675,0.020876,0.026688,0.268947,0.016933,0.271794,0.026422
0.280439,0.028731,0.017830,0.202207,0.023966,0.029276,0.280412,0.021557,0.086503,0.029081
0.342422,0.019820,0.009487,0.155490,0.016391,0.024315,0.342401,0.013696,0.052012,0.023965
0.146286,0.080335,0.056225,0.119286,0.081851,0.094091,0.146286,0.076637,0.105385,0.093617
0.362325,0.031610,0.013513,0.063197,0.024751,0.040748,0.362354,0.022102,0.039328,0.040071
0.241555,0.036279,0.094319,0.170653,0.038153,0.041114,0.241547,0.026541,0.069190,0.040648
0.181936,0.116693,0.026537,0.089031,0.064333,0.119816,0.181939,0.054719,0.046109,0.118888
0.196031,0.029649,0.016511,0.250719,0.028014,0.035019,0.196027,0.022607,0.190667,0.034757
0.105028,0.011218,0.027390,0.518884,0.009534,0.012717,0.105021,0.008336,0.189261,0.012611
0.242486,0.018290,0.011808,0.298497,0.015278,0.021515,0.242463,0.013534,0.114850,0.021279
0.288056,0.037350,0.010048,0.263327,0.015373,0.024170,0.288042,0.014708,0.035026,0.023899
0.268459,0.065291,0.024843,0.095436,0.041187,0.069327,0.268467,0.042895,0.055572,0.068524
0.058161,0.005006,0.004108,0.151829,0.004824,0.006207,0.058155,0.004666,0.700875,0.006169
0.392315,0.010471,0.006578,0.122938,0.008925,0.012373,0.392281,0.007729,0.034173,0.012217
0.193195,0.012371,0.031045,0.489862,0.011416,0.014280,0.193172,0.009132,0.031404,0.014122
0.306143,0.025692,0.012326,0.147335,0.023726,0.038880,0.306125,0.025164,0.076178,0.038431
0.274262,0.053823,0.073091,0.126226,0.025964,0.044417,0.274242,0.034106,0.049667,0.044203
0.275569,0.059901,0.043997,0.092981,0.031235,0.056440,0.275576,0.026594,0.082305,0.055402
0.429621,0.006349,0.003488,0.088414,0.005743,0.008566,0.429571,0.004315,0.015527,0.008406
0.410411,0.013505,0.007867,0.077003,0.011777,0.020363,0.410411,0.009843,0.018888,0.019932
0.050342,0.006105,0.002614,0.096739,0.003723,0.004865,0.050336,0.002996,0.777456,0.004823
0.114876,0.019273,0.010890,0.096908,0.015980,0.019765,0.114873,0.014293,0.573475,0.019668
0.229107,0.038440,0.025918,0.116358,0.045899,0.048858,0.229121,0.031638,0.186371,0.048289
0.104058,0.019894,0.015311,0.091227,0.017528,0.021484,0.104054,0.015993,0.589136,0.021314
0.305231,0.014907,0.021388,0.227526,0.011862,0.018758,0.305209,0.009580,0.067024,0.018513
0.412519,0.015028,0.003319,0.084861,0.008658,0.017835,0.412510,0.009224,0.018511,0.017534
0.294782,0.032018,0.017642,0.176042,0.028399,0.039941,0.294772,0.026617,0.050301,0.039485
0.284897,0.020917,0.009379,0.188428,0.014984,0.023888,0.284887,0.013218,0.135811,0.023592
0.174901,0.017229,0.013284,0.412998,0.022385,0.023730,0.174878,0.014714,0.122427,0.023454
0.342234,0.038814,0.012667,0.095519,0.026458,0.042636,0.342233,0.022790,0.034836,0.041813
0.141603,0.031309,0.240091,0.133516,0.031158,0.039856,0.141596,0.027428,0.173921,0.039522
0.157060,0.018136,0.015464,0.194659,0.017049,0.026430,0.157054,0.016343,0.371721,0.026084
0.164190,0.013970,0.014813,0.248374,0.011059,0.018722,0.164166,0.013110,0.333082,0.018513
0.072787,0.003415,0.003337,0.814823,0.003227,0.004264,0.072773,0.003001,0.018151,0.004222
0.420499,0.015445,0.011977,0.038637,0.014281,0.021980,0.420606,0.010809,0.024153,0.021614
0.187666,0.004931,0.008534,0.562810,0.004466,0.006772,0.187618,0.003946,0.026581,0.006676
0.236859,0.020658,0.019561,0.220147,0.021658,0.025060,0.236833,0.018173,0.176224,0.024828
0.178626,0.030988,0.020452,0.088571,0.031074,0.037568,0.178638,0.026908,0.369896,0.037279
0.177344,0.074900,0.053966,0.131549,0.083197,0.086422,0.177341,0.059171,0.070516,0.085595
0.154817,0.112082,0.048414,0.091136,0.078879,0.109898,0.154819,0.078425,0.062328,0.109202
0.329096,0.029869,0.022048,0.130419,0.026887,0.033211,0.329068,0.020861,0.045782,0.032758
0.274822,0.047792,0.034479,0.109555,0.044622,0.047441,0.274827,0.032137,0.087304,0.047019
0.052764,0.002730,0.002807,0.676730,0.002640,0.003327,0.052754,0.002225,0.200734,0.003290
0.166340,0.062159,0.061727,0.169596,0.062981,0.063971,0.166320,0.060428,0.122610,0.063867
0.078168,0.110035,0.159339,0.066981,0.083701,0.128553,0.078169,0.094280,0.072726,0.128048
0.351636,0.053324,0.013879,0.055061,0.029136,0.046785,0.351674,0.021596,0.031126,0.045783
0.187708,0.070044,0.056443,0.128503,0.066403,0.082176,0.187708,0.065105,0.074227,0.081682
0.237307,0.063412,0.032172,0.068156,0.063083,0.094758,0.237335,0.052949,0.057181,0.093648
0.190762,0.071088,0.055007,0.078249,0.061707,0.090216,0.190778,0.062593,0.110195,0.089404
0.113812,0.007053,0.007993,0.701577,0.006922,0.008639,0.113793,0.006294,0.025347,0.008571
0.234096,0.062760,0.034755,0.077619,0.067177,0.084247,0.234110,0.051410,0.070550,0.083276
0.020178,0.158089,0.008497,0.011317,0.290039,0.185229,0.020178,0.108691,0.010859,0.186923
0.067877,0.005557,0.004997,0.810352,0.005194,0.007258,0.067869,0.005036,0.018682,0.007178
0.100000,0.100000,0.100000,0.100000,0.100000,0.100000,0.100000,0.100000,0.100000,0.100000
0.048484,0.170242,0.026141,0.034413,0.140283,0.182881,0.048485,0.133381,0.031473,0.184216
0.372502,0.025280,0.011717,0.064372,0.023626,0.037700,0.372532,0.019952,0.035197,0.037122
0.113496,0.104568,0.059344,0.069604,0.094623,0.133539,0.113502,0.110853,0.067792,0.132679
0.003157,0.002595,0.975456,0.002690,0.002288,0.002764,0.003157,0.002250,0.002888,0.002754
0.008976,0.007619,0.927753,0.005962,0.007506,0.009932,0.008977,0.006322,0.007101,0.009853
0.061558,0.109655,0.023434,0.031343,0.102473,0.233012,0.061562,0.125812,0.026347,0.224805
0.072786,0.125384,0.035096,0.059132,0.117775,0.150399,0.072785,0.171272,0.043299,0.152074
0.023915,0.130062,0.102100,0.015689,0.358393,0.128358,0.023916,0.068220,0.019973,0.129373
0.074145,0.061396,0.008220,0.026602,0.499189,0.098527,0.074148,0.043084,0.016997,0.097691
0.037581,0.136582,0.154289,0.021307,0.091489,0.198888,0.037583,0.104679,0.019996,0.197606
0.079556,0.157248,0.078956,0.063392,0.090819,0.133938,0.079557,0.109129,0.073520,0.133885
0.026509,0.066662,0.507322,0.018712,0.059651,0.106449,0.026509,0.064207,0.018081,0.105897
0.033727,0.109127,0.018905,0.021195,0.080190,0.187598,0.033729,0.307672,0.019571,0.188284
0.074339,0.250920,0.014140,0.027821,0.073057,0.191762,0.074345,0.085770,0.023585,0.184259
0.022544,0.290934,0.007213,0.011481,0.113907,0.221736,0.022545,0.086277,0.012012,0.211350
0.064332,0.063897,0.215729,0.284541,0.056125,0.084248,0.064333,0.044991,0.037923,0.083881
0.140920,0.089141,0.025626,0.091360,0.233142,0.083174,0.140927,0.043623,0.069443,0.082644
0.084474,0.009978,0.007698,0.746163,0.009672,0.013851,0.084469,0.008826,0.021186,0.013683
0.008916,0.162746,0.005897,0.006149,0.066124,0.148211,0.008916,0.434813,0.006043,0.152185
0.023884,0.137789,0.021052,0.017616,0.149867,0.253514,0.023885,0.102911,0.016550,0.252933
0.006491,0.176749,0.004110,0.004187,0.198879,0.214464,0.006491,0.158922,0.004015,0.225692
0.041741,0.228059,0.010595,0.018626,0.095375,0.244697,0.041744,0.070999,0.014736,0.233429
0.027944,0.119387,0.022148,0.023812,0.059328,0.139939,0.027944,0.410006,0.026637,0.142855
0.016020,0.098590,0.008497,0.009622,0.053142,0.172689,0.016021,0.437102,0.008413,0.179903
0.046192,0.200045,0.009111,0.015433,0.146295,0.220896,0.046196,0.092063,0.013434,0.210334
0.024609,0.084132,0.010599,0.011920,0.046795,0.161863,0.024610,0.459227,0.009980,0.166265
0.112072,0.073333,0.076962,0.130201,0.068681,0.088678,0.112072,0.064888,0.185181,0.087930
0.028891,0.200544,0.028751,0.013460,0.078507,0.235931,0.028893,0.131005,0.016591,0.237428
0.027648,0.217838,0.010239,0.014369,0.082171,0.214167,0.027649,0.176186,0.012141,0.217591
0.106373,0.116526,0.023736,0.033913,0.057348,0.213401,0.106383,0.114169,0.027307,0.200845
0.021112,0.132002,0.011053,0.012314,0.070208,0.221757,0.021113,0.276986,0.011590,0.221866
0.025435,0.190106,0.007536,0.013478,0.086039,0.241758,0.025436,0.153195,0.009951,0.247066
0.296242,0.033582,0.021171,0.150040,0.029216,0.047405,0.296235,0.031092,0.048264,0.046753
0.015846,0.107722,0.010904,0.011491,0.064851,0.138313,0.015847,0.482132,0.011436,0.141459
0.056003,0.110851,0.014426,0.024237,0.088325,0.229663,0.056007,0.165790,0.019988,0.234709
0.091961,0.110634,0.021390,0.046460,0.075538,0.185052,0.091968,0.159228,0.032001,0.185768
0.009172,0.118462,0.005321,0.005734,0.284450,0.202755,0.009173,0.150094,0.005708,0.209131
0.030920,0.007475,0.005895,0.874925,0.006820,0.008863,0.030917,0.006498,0.018906,0.008781
0.167721,0.038243,0.027923,0.118042,0.041380,0.049136,0.167718,0.033259,0.308009,0.048570
0.022947,0.132210,0.014829,0.014720,0.180491,0.245128,0.022948,0.111992,0.008435,0.246301
0.021442,0.100724,0.032544,0.015362,0.060130,0.213672,0.021443,0.302790,0.012582,0.219311
0.172318,0.058896,0.068928,0.211502,0.046766,0.074221,0.172321,0.050218,0.071743,0.073086
0.018658,0.257225,0.010104,0.012619,0.193259,0.203249,0.018658,0.075667,0.011812,0.198748
0.166051,0.064664,0.049776,0.183988,0.057707,0.079500,0.166047,0.059753,0.093873,0.078642
0.009262,0.133175,0.008228,0.007563,0.249812,0.176642,0.009263,0.214794,0.007914,0.183347
0.127471,0.086082,0.067900,0.120594,0.081957,0.109557,0.127469,0.088397,0.082177,0.108398
0.149683,0.073853,0.056352,0.150966,0.074514,0.082468,0.149684,0.073852,0.106393,0.082235
0.016223,0.006048,0.005613,0.912126,0.006114,0.007152,0.016222,0.005600,0.017791,0.007111
0.063991,0.003734,0.001995,0.839706,0.003616,0.004309,0.063981,0.002565,0.011845,0.004259
0.011359,0.005880,0.003347,0.012074,0.013599,0.006694,0.011359,0.004466,0.924555,0.006667
0.044399,0.009748,0.007633,0.822118,0.010167,0.012156,0.044398,0.008809,0.028522,0.012050
0.012477,0.009312,0.916724,0.007870,0.006304,0.010489,0.012477,0.006388,0.007625,0.010334
0.045783,0.013993,0.013181,0.776221,0.013870,0.017179,0.045780,0.013549,0.043381,0.017064
0.005320,0.107239,0.003896,0.003793,0.234362,0.162579,0.005320,0.303864,0.003961,0.169664
0.012396,0.081417,0.006665,0.007939,0.068660,0.153504,0.012396,0.493315,0.007137,0.156570
0.261108,0.061241,0.029984,0.074434,0.036935,0.071333,0.261141,0.041849,0.091724,0.070253
0.025432,0.250022,0.007355,0.010345,0.237970,0.181112,0.025434,0.069125,0.009506,0.183700
0.201980,0.035743,0.016993,0.080656,0.023865,0.040215,0.201983,0.023739,0.335185,0.039642
0.013808,0.172131,0.006643,0.007035,0.076024,0.274746,0.013809,0.151562,0.006390,0.277853
0.123925,0.070504,0.143843,0.130403,0.058407,0.085961,0.123928,0.059667,0.118382,0.084979
0.319753,0.017661,0.012273,0.185038,0.014282,0.021846,0.319711,0.013211,0.074665,0.021560
0.100000,0.100000,0.100000,0.100000,0.100000,0.100000,0.100000,0.100000,0.100000,0.100000
0.253204,0.036890,0.025970,0.109440,0.037891,0.050240,0.253204,0.029079,0.154596,0.049487
0.092104,0.137641,0.025411,0.034581,0.082522,0.189049,0.092112,0.132112,0.025751,0.188718
0.269040,0.053137,0.037744,0.111480,0.035938,0.051833,0.269063,0.032262,0.088374,0.051128
0.054461,0.006552,0.004755,0.092232,0.006051,0.007446,0.054461,0.005335,0.761333,0.007374
0.141830,0.078290,0.070399,0.106469,0.068431,0.096718,0.141832,0.074807,0.125503,0.095722
0.122649,0.014904,0.011776,0.578813,0.014990,0.023135,0.122645,0.012689,0.075640,0.022758
0.254293,0.009964,0.008249,0.392514,0.009558,0.012549,0.254268,0.007675,0.038544,0.012386
0.300383,0.046606,0.024998,0.056932,0.033028,0.078213,0.300432,0.042074,0.040754,0.076579
0.050072,0.034425,0.613035,0.043096,0.030407,0.041904,0.050073,0.031980,0.063513,0.041494
0.100000,0.100000,0.100000,0.100000,0.100000,0.100000,0.100000,0.100000,0.100000,0.100000
0.059575,0.006335,0.005503,0.522999,0.005822,0.007319,0.059567,0.005391,0.320221,0.007268
0.078830,0.016276,0.030230,0.089825,0.015247,0.020600,0.078825,0.014694,0.635058,0.020415
0.197102,0.072858,0.049490,0.068173,0.051374,0.129859,0.197118,0.066495,0.041088,0.126443
0.038775,0.161671,0.013961,0.018634,0.075259,0.205446,0.038777,0.225853,0.014328,0.207296
0.045391,0.143410,0.032418,0.032376,0.113253,0.196109,0.045392,0.165076,0.029481,0.197094
0.039461,0.006099,0.003894,0.052749,0.005026,0.007725,0.039460,0.004998,0.832960,0.007628
0.250538,0.023121,0.016118,0.296205,0.022983,0.030731,0.250513,0.019761,0.059609,0.030421
0.009758,0.117320,0.006319,0.006685,0.213345,0.207347,0.009758,0.207793,0.005831,0.215842
0.295302,0.030893,0.015941,0.187530,0.026244,0.034757,0.295276,0.021931,0.057760,0.034367
0.027599,0.002008,0.001330,0.919892,0.001920,0.002220,0.027594,0.001486,0.013745,0.002206
0.262880,0.037200,0.026939,0.193552,0.029239,0.047713,0.262883,0.029205,0.063484,0.046906
0.112685,0.015333,0.009303,0.093556,0.012824,0.018051,0.112673,0.010484,0.597264,0.017825
0.332677,0.037514,0.014500,0.148105,0.016888,0.034801,0.332674,0.018049,0.030501,0.034290
0.030687,0.122721,0.016997,0.018466,0.106535,0.252746,0.030688,0.146421,0.016473,0.258265
0.057064,0.157023,0.014813,0.024261,0.090554,0.216293,0.057067,0.140322,0.023277,0.219326
0.038314,0.143912,0.033104,0.029548,0.104403,0.224093,0.038315,0.136797,0.024070,0.227444
0.344427,0.018177,0.030662,0.137680,0.016805,0.026629,0.344407,0.014512,0.040554,0.026148
0.121753,0.111265,0.021384,0.039380,0.098251,0.183486,0.121763,0.087716,0.033891,0.181111
0.105250,0.015545,0.018881,0.090027,0.014873,0.019442,0.105253,0.014924,0.596517,0.019287
0.038828,0.003028,0.003141,0.872355,0.002775,0.003407,0.038823,0.002416,0.031853,0.003374
0.020392,0.097133,0.016720,0.014062,0.148723,0.211987,0.020393,0.242363,0.013199,0.215030
0.101969,0.093211,0.037046,0.052281,0.097281,0.166765,0.101976,0.138755,0.044754,0.165962
0.045408,0.004000,0.004047,0.633579,0.003082,0.004590,0.045401,0.003207,0.252141,0.004545
0.048950,0.119514,0.032441,0.034189,0.111639,0.182458,0.048952,0.206201,0.031738,0.183917
0.095009,0.145098,0.237542,0.068047,0.062230,0.094766,0.095013,0.060863,0.047802,0.093631
0.027094,0.140878,0.008512,0.013026,0.370815,0.148569,0.027095,0.103050,0.011651,0.149311
0.041136,0.147151,0.017073,0.023926,0.084105,0.173797,0.041138,0.268317,0.022146,0.181210
0.007403,0.100122,0.006497,0.005385,0.437631,0.144650,0.007403,0.137094,0.005250,0.148565
0.009248,0.036931,0.003269,0.004737,0.828463,0.039822,0.009248,0.023996,0.004493,0.039791
0.282369,0.036772,0.018075,0.160552,0.034626,0.050256,0.282341,0.031701,0.053643,0.049665
0.017292,0.142980,0.013508,0.015563,0.298909,0.165473,0.017293,0.147436,0.012640,0.168905
0.023777,0.001282,0.001028,0.101843,0.001181,0.001440,0.023772,0.001020,0.843229,0.001428
0.066072,0.128327,0.030038,0.088671,0.091673,0.161386,0.066072,0.160374,0.044245,0.163142
0.163464,0.089826,0.048606,0.144375,0.067211,0.105590,0.163470,0.059544,0.053547,0.104367
0.169126,0.094842,0.047851,0.106138,0.068950,0.112581,0.169129,0.064441,0.056103,0.110840
0.025987,0.010586,0.008418,0.867939,0.009150,0.011754,0.025985,0.011141,0.017204,0.011837
0.042657,0.151897,0.159440,0.024531,0.070305,0.199891,0.042659,0.088084,0.020666,0.199869
0.108404,0.105757,0.090529,0.091549,0.087705,0.119185,0.108406,0.085931,0.084274,0.118258
0.157373,0.063574,0.168072,0.078580,0.060674,0.070362,0.157380,0.054818,0.119213,0.069954
0.228332,0.062710,0.027951,0.183369,0.039731,0.064811,0.228325,0.039808,0.060891,0.064072
0.085922,0.004651,0.003401,0.726546,0.004571,0.005724,0.085902,0.003983,0.073626,0.005674
0.139269,0.073954,0.073031,0.189294,0.078929,0.075612,0.139262,0.072125,0.082999,0.075524
0.010491,0.133942,0.005733,0.006077,0.335895,0.186558,0.010492,0.112881,0.005308,0.192623
0.026307,0.117146,0.012335,0.013753,0.358741,0.152452,0.026308,0.125875,0.013046,0.154038
0.015449,0.144758,0.005096,0.013862,0.300723,0.187736,0.015450,0.117877,0.007032,0.192017
0.091659,0.008303,0.005878,0.746747,0.005993,0.009310,0.091652,0.005742,0.025544,0.009172
0.077161,0.130810,0.025226,0.031694,0.138387,0.187125,0.077165,0.123614,0.023315,0.185503
0.121497,0.096626,0.099231,0.121269,0.096896,0.094543,0.121497,0.068923,0.085582,0.093936
0.010523,0.188382,0.003221,0.004341,0.083459,0.230754,0.010524,0.226339,0.003467,0.238990
0.018470,0.006721,0.008647,0.889183,0.006968,0.007420,0.018469,0.006383,0.030352,0.007387
0.237948,0.013260,0.011804,0.407901,0.012615,0.016260,0.237928,0.010249,0.035977,0.016058
0.026506,0.115469,0.038471,0.016437,0.137052,0.225122,0.026507,0.174362,0.014213,0.225863
0.116758,0.104799,0.131945,0.101098,0.084870,0.093677,0.116759,0.072939,0.083876,0.093279
0.028332,0.140162,0.017240,0.019749,0.124434,0.215232,0.028333,0.200846,0.017727,0.207946
0.128295,0.087846,0.062540,0.146235,0.067250,0.111086,0.128296,0.084244,0.073807,0.110401
0.299442,0.032544,0.026717,0.134863,0.029742,0.044468,0.299425,0.031880,0.056758,0.044161
0.112149,0.109864,0.069144,0.077763,0.088591,0.130547,0.112152,0.105107,0.064826,0.129857
0.007863,0.114245,0.004340,0.004706,0.311925,0.177426,0.007863,0.181867,0.004311,0.185453
0.018976,0.150034,0.010543,0.010871,0.098615,0.223134,0.018976,0.230436,0.010233,0.228182
0.124335,0.093114,0.080226,0.086339,0.080405,0.123078,0.124338,0.097669,0.068383,0.122113
0.010837,0.153870,0.007208,0.006708,0.041435,0.164670,0.010837,0.427056,0.005728,0.171650
0.001700,0.001154,0.987681,0.001511,0.001140,0.001228,0.001700,0.001102,0.001560,0.001225
0.100000,0.100000,0.100000,0.100000,0.100000,0.100000,0.100000,0.100000,0.100000,0.100000
0.009440,0.081141,0.006512,0.006726,0.038070,0.123709,0.009440,0.590938,0.006522,0.127503
0.172739,0.026512,0.016421,0.447792,0.024839,0.042740,0.172765,0.023723,0.030325,0.042143
0.062884,0.009371,0.009865,0.590224,0.006915,0.010696,0.062879,0.006400,0.230168,0.010600
0.052350,0.002156,0.002152,0.877484,0.001357,0.002215,0.052342,0.001147,0.006616,0.002182
0.052142,0.095311,0.014750,0.050567,0.388463,0.112362,0.052144,0.088687,0.032427,0.113147
0.035477,0.163720,0.041302,0.012748,0.050642,0.261771,0.035480,0.125450,0.012544,0.260866
0.108473,0.012910,0.009951,0.104879,0.012856,0.015771,0.108469,0.010331,0.600774,0.015586
0.123935,0.113703,0.076065,0.094948,0.083380,0.111912,0.123936,0.084617,0.075908,0.111595
0.043725,0.108980,0.090339,0.022651,0.118112,0.240298,0.043728,0.082430,0.019835,0.229901
0.012341,0.006218,0.900727,0.022261,0.006170,0.007557,0.012341,0.005855,0.019015,0.007516
0.121174,0.020584,0.016992,0.310519,0.019022,0.022455,0.121165,0.017411,0.328412,0.022264
0.159514,0.005085,0.002653,0.643357,0.003938,0.005145,0.159506,0.003174,0.012545,0.005083
0.238682,0.026184,0.013986,0.163543,0.023233,0.032531,0.238694,0.017614,0.213394,0.032141
0.115842,0.081049,0.084979,0.133115,0.083680,0.087200,0.115841,0.078147,0.133366,0.086780
0.139284,0.087220,0.071032,0.105699,0.088118,0.097077,0.139287,0.079960,0.096158,0.096165
0.010270,0.151014,0.005762,0.006074,0.278088,0.204643,0.010270,0.119751,0.005319,0.208810
0.160229,0.078966,0.063459,0.110979,0.076017,0.097233,0.160232,0.073505,0.083285,0.096094
0.100000,0.100000,0.100000,0.100000,0.100000,0.100000,0.100000,0.100000,0.100000,0.100000
0.042628,0.173508,0.055476,0.028754,0.128543,0.199139,0.042630,0.108983,0.021229,0.199109
0.072136,0.089446,0.199908,0.044531,0.073692,0.140432,0.072139,0.126439,0.041179,0.140098
0.073211,0.010610,0.007481,0.079676,0.009253,0.012124,0.073209,0.008249,0.714182,0.012006
0.035796,0.123835,0.065946,0.036128,0.111564,0.212574,0.035796,0.143075,0.026461,0.208824
0.054610,0.102172,0.016505,0.022340,0.280655,0.171769,0.054615,0.107562,0.017841,0.171930
0.073988,0.135271,0.032648,0.059692,0.091789,0.207977,0.073988,0.094108,0.034625,0.195915
0.035951,0.093417,0.021014,0.023664,0.324834,0.160753,0.035953,0.122524,0.021302,0.160588
0.035591,0.051545,0.020601,0.025284,0.613234,0.074440,0.035591,0.045378,0.024114,0.074222
0.093741,0.097359,0.025143,0.040837,0.118974,0.204305,0.093746,0.091530,0.033448,0.200917
0.042705,0.058969,0.026007,0.030395,0.559641,0.081351,0.042706,0.048295,0.029113,0.080817
0.036001,0.140124,0.061196,0.023756,0.114481,0.195768,0.036003,0.158082,0.038548,0.196039
0.058487,0.123815,0.027723,0.032971,0.120774,0.199300,0.058490,0.147196,0.030588,0.200656
0.023068,0.097944,0.012703,0.015904,0.470064,0.130793,0.023068,0.081083,0.014316,0.131058
0.020713,0.084439,0.007274,0.018505,0.594824,0.098317,0.020713,0.045383,0.010270,0.099562
0.014378,0.072879,0.008775,0.011779,0.652180,0.082450,0.014378,0.051148,0.008792,0.083241
0.006663,0.047051,0.006292,0.004911,0.740290,0.068715,0.006663,0.044876,0.004900,0.069638
0.078971,0.130743,0.051082,0.057153,0.118957,0.161846,0.078973,0.108101,0.052780,0.161392
0.006195,0.040858,0.004532,0.004663,0.747814,0.072863,0.006195,0.038370,0.004932,0.073577
0.028645,0.050787,0.007820,0.107719,0.548717,0.088839,0.028646,0.037103,0.012661,0.089063
0.241667,0.010977,0.007235,0.189141,0.009693,0.012386,0.241674,0.007524,0.267476,0.012227
0.018200,0.103580,0.013512,0.014727,0.530121,0.117014,0.018200,0.054635,0.013510,0.116501
0.042082,0.217052,0.049541,0.033384,0.077154,0.194426,0.042082,0.120967,0.034761,0.188551
0.238062,0.031218,0.025943,0.132925,0.027475,0.039957,0.238068,0.026299,0.200508,0.039545
0.072522,0.103301,0.063908,0.079726,0.089896,0.171040,0.072524,0.134983,0.041555,0.170545
0.041232,0.179248,0.034313,0.022038,0.106790,0.219874,0.041234,0.118471,0.019008,0.217791
0.060640,0.130527,0.047904,0.053417,0.118256,0.170811,0.060641,0.096539,0.090572,0.170695
0.025394,0.117786,0.014802,0.016218,0.122408,0.258493,0.025395,0.145241,0.013702,0.260561
0.049600,0.159315,0.025704,0.033806,0.096202,0.234652,0.049602,0.087418,0.042125,0.221576
0.100082,0.108184,0.055024,0.062455,0.079573,0.125170,0.100085,0.086694,0.158522,0.124211
0.019204,0.157410,0.010144,0.009577,0.503319,0.114508,0.019205,0.043741,0.008997,0.113897
0.067942,0.167056,0.018522,0.033934,0.084368,0.236650,0.067944,0.074487,0.025504,0.223593
0.040806,0.120873,0.019416,0.037510,0.103088,0.231644,0.040806,0.158209,0.021339,0.226309
0.260846,0.051599,0.032147,0.112433,0.044579,0.065867,0.260867,0.041492,0.065312,0.064859
0.082001,0.109707,0.035248,0.050285,0.121979,0.187199,0.082004,0.095715,0.049132,0.186729
0.015356,0.279747,0.011469,0.010566,0.068633,0.226367,0.015356,0.132000,0.010478,0.230027
0.085801,0.034085,0.030036,0.542017,0.031021,0.042640,0.085800,0.030995,0.075464,0.042140
0.161940,0.053360,0.037606,0.226587,0.049613,0.071895,0.161946,0.049889,0.116066,0.071099
0.097949,0.008798,0.009657,0.485425,0.009016,0.011352,0.097937,0.007954,0.260675,0.011237
0.034783,0.164827,0.034766,0.021628,0.095869,0.222641,0.034784,0.146304,0.020662,0.223736
0.011474,0.001479,0.000895,0.022210,0.001458,0.001744,0.011474,0.001096,0.946443,0.001727
0.121946,0.087520,0.037523,0.104495,0.088846,0.132450,0.121948,0.084807,0.089027,0.131440
0.008191,0.123100,0.006933,0.005314,0.217308,0.225173,0.008191,0.167839,0.004900,0.233051
0.049774,0.004216,0.003139,0.818282,0.003001,0.004550,0.049766,0.003076,0.059691,0.004505
0.055255,0.181173,0.037704,0.041091,0.125372,0.171264,0.055257,0.124885,0.036844,0.171154
0.157402,0.099749,0.045553,0.079550,0.068702,0.126507,0.157409,0.087813,0.052485,0.124831
0.017385,0.016193,0.846540,0.015379,0.013468,0.018122,0.017386,0.014526,0.022940,0.018060
0.231015,0.064491,0.022543,0.041774,0.039207,0.136158,0.231059,0.066905,0.033301,0.133546
0.030978,0.001570,0.001232,0.916972,0.002041,0.002151,0.030971,0.001370,0.010589,0.002127
0.209987,0.068640,0.032897,0.102703,0.063272,0.091369,0.209994,0.054354,0.076386,0.090397
0.000001,0.000000,0.999995,0.000000,0.000000,0.000001,0.000001,0.000000,0.000001,0.000001
0.034992,0.031876,0.749365,0.025777,0.016851,0.030054,0.034993,0.020510,0.025736,0.029845
0.000046,0.000039,0.999609,0.000042,0.000039,0.000042,0.000046,0.000038,0.000055,0.000042
0.072825,0.124152,0.151232,0.060398,0.095973,0.129112,0.072827,0.100500,0.063857,0.129125
0.080901,0.075252,0.194051,0.099661,0.074071,0.124680,0.080902,0.104466,0.041791,0.124224
0.123579,0.101832,0.196936,0.080403,0.059500,0.080473,0.123585,0.065865,0.087533,0.080294
0.007851,0.047550,0.002940,0.004103,0.734255,0.070794,0.007851,0.049163,0.004250,0.071244
0.022923,0.106745,0.017899,0.018887,0.102482,0.163978,0.022924,0.357336,0.019192,0.167634
0.005561,0.056953,0.002297,0.002929,0.019800,0.096858,0.005561,0.705513,0.002608,0.101920
0.236371,0.058357,0.036183,0.082536,0.055835,0.087292,0.236387,0.061703,0.058956,0.086380
0.135994,0.056102,0.049463,0.228195,0.052514,0.073836,0.135995,0.055211,0.139423,0.073265
0.241083,0.040699,0.028047,0.193811,0.037845,0.055538,0.241077,0.032928,0.074445,0.054528
0.062521,0.010293,0.007049,0.054325,0.008401,0.012828,0.062516,0.007961,0.761461,0.012644
0.137694,0.033903,0.026934,0.141227,0.030186,0.036459,0.137684,0.028150,0.391550,0.036211
0.020688,0.136378,0.010262,0.013581,0.413913,0.133246,0.020689,0.103223,0.013185,0.134836
0.198997,0.030682,0.019219,0.339073,0.029857,0.040414,0.198981,0.027279,0.075462,0.040035
0.145960,0.011961,0.014710,0.576574,0.010849,0.013411,0.145955,0.009315,0.057980,0.013284
0.007393,0.052478,0.003203,0.004124,0.057980,0.112412,0.007393,0.634014,0.004017,0.116987
0.022710,0.004696,0.002976,0.020903,0.003812,0.004709,0.022709,0.003099,0.909710,0.004677
0.274106,0.028481,0.018478,0.099372,0.025438,0.035981,0.274129,0.021972,0.186583,0.035461
0.013542,0.010070,0.895856,0.011464,0.009243,0.011853,0.013542,0.009580,0.013072,0.011777
0.283485,0.043779,0.029034,0.107961,0.036121,0.058446,0.283488,0.035311,0.064857,0.057519
0.218335,0.068685,0.038369,0.054340,0.052454,0.121368,0.218361,0.065017,0.043935,0.119135
0.007686,0.003717,0.815750,0.138290,0.003690,0.004566,0.007685,0.003771,0.010299,0.004547
0.006799,0.004526,0.946723,0.010409,0.004286,0.005643,0.006799,0.004167,0.005040,0.005608
0.062657,0.060915,0.500957,0.045377,0.043179,0.066722,0.062659,0.049091,0.042295,0.066149
0.034934,0.020165,0.752708,0.043017,0.017481,0.024088,0.034934,0.018104,0.030658,0.023911
0.108001,0.076877,0.087564,0.209069,0.064765,0.102317,0.108000,0.073670,0.068074,0.101664
0.021244,0.009208,0.834649,0.056501,0.009428,0.011890,0.021244,0.009430,0.014564,0.011841
0.024278,0.111176,0.254289,0.017301,0.267702,0.105353,0.024279,0.072347,0.017549,0.105726
0.103795,0.030144,0.018634,0.069532,0.026904,0.034686,0.103796,0.024250,0.553896,0.034365
0.057430,0.060256,0.436038,0.049252,0.054949,0.076660,0.057431,0.061806,0.069749,0.076429
0.132817,0.051857,0.298495,0.057588,0.050045,0.088746,0.132826,0.050717,0.049426,0.087483
0.194491,0.052910,0.036599,0.194868,0.046733,0.062332,0.194488,0.047728,0.107884,0.061966
0.064908,0.127192,0.023608,0.046782,0.103099,0.201008,0.064909,0.141121,0.026975,0.200396
0.127836,0.014294,0.010582,0.600609,0.012170,0.018608,0.127824,0.011528,0.058213,0.018337
0.127273,0.082340,0.158670,0.064665,0.063324,0.120198,0.127279,0.069563,0.068115,0.118575
0.285608,0.016119,0.013131,0.238453,0.015286,0.019763,0.285579,0.012398,0.094140,0.019523
0.028320,0.003277,0.003424,0.906850,0.003242,0.003796,0.028316,0.003041,0.015961,0.003774
0.164600,0.005819,0.006270,0.531556,0.006481,0.006884,0.164563,0.004981,0.102030,0.006816
0.022723,0.001369,0.001292,0.940016,0.001312,0.001778,0.022718,0.001169,0.005865,0.001758
0.079590,0.157565,0.045651,0.050500,0.099896,0.161696,0.079592,0.119087,0.044816,0.161607
0.009480,0.000529,0.000462,0.975180,0.000514,0.000644,0.009478,0.000440,0.002637,0.000638
0.041552,0.126380,0.070723,0.027001,0.215179,0.181672,0.041554,0.089637,0.024570,0.181732
0.082967,0.144537,0.017806,0.028309,0.071322,0.213063,0.082975,0.123178,0.023411,0.212432
0.101697,0.007326,0.005659,0.729381,0.006048,0.007387,0.101676,0.005546,0.027949,0.007331
0.047052,0.126121,0.026791,0.030939,0.246851,0.178661,0.047054,0.091905,0.026968,0.177657
0.023245,0.150365,0.016303,0.015857,0.070735,0.184729,0.023246,0.307897,0.015790,0.191832
0.248073,0.041119,0.033742,0.175294,0.039912,0.060091,0.248088,0.038086,0.056212,0.059383
0.057527,0.123808,0.014112,0.042423,0.087812,0.200709,0.057526,0.191787,0.021815,0.202479
0.031250,0.123823,0.012102,0.018094,0.085441,0.225377,0.031251,0.221185,0.017672,0.233805
0.002169,0.001784,0.983847,0.000999,0.001287,0.002653,0.002169,0.001518,0.000957,0.002616
0.335241,0.032005,0.015611,0.069125,0.026216,0.039755,0.335305,0.024321,0.083112,0.039311
0.041564,0.149653,0.020466,0.025318,0.088060,0.212851,0.041566,0.186094,0.024925,0.209503
0.022597,0.008279,0.705976,0.193007,0.006829,0.009856,0.022597,0.006837,0.014264,0.009757
0.155545,0.064863,0.068631,0.193426,0.058186,0.086758,0.155546,0.062192,0.068960,0.085894
0.042652,0.006578,0.007564,0.824457,0.006742,0.007723,0.042647,0.005941,0.048021,0.007674
0.017165,0.175307,0.026063,0.012189,0.076357,0.197542,0.017165,0.265435,0.010665,0.202112
0.042230,0.153555,0.014158,0.017203,0.050600,0.232705,0.042233,0.195855,0.014784,0.236677
0.089406,0.029036,0.033773,0.090066,0.025467,0.032878,0.089406,0.027352,0.549913,0.032703
0.013307,0.007603,0.916071,0.006436,0.005628,0.012908,0.013308,0.006942,0.005158,0.012640
0.069156,0.138343,0.021123,0.047343,0.059436,0.184600,0.069160,0.193685,0.027260,0.189893
0.026993,0.115786,0.010526,0.015965,0.088327,0.250029,0.026994,0.199235,0.011873,0.254272
0.034239,0.029025,0.721755,0.020060,0.026449,0.041220,0.034240,0.030253,0.021921,0.040838
0.042898,0.132408,0.020062,0.028738,0.096564,0.204527,0.042899,0.204000,0.022760,0.205144
0.024332,0.119717,0.012027,0.014328,0.068758,0.294578,0.024333,0.152424,0.012620,0.276885
0.005768,0.147832,0.004275,0.004306,0.271676,0.176225,0.005768,0.192288,0.004078,0.187784
0.018263,0.173629,0.024307,0.009314,0.045739,0.274896,0.018264,0.166655,0.007953,0.260980
0.207098,0.062505,0.046968,0.123523,0.064426,0.080553,0.207104,0.057324,0.070709,0.079790
0.034626,0.082208,0.020447,0.030078,0.516695,0.097801,0.034627,0.062678,0.022574,0.098264
0.201666,0.013598,0.009843,0.470967,0.012056,0.015705,0.201626,0.011931,0.047022,0.015586
0.126151,0.029418,0.018601,0.441811,0.023661,0.032158,0.126153,0.021507,0.148554,0.031986
0.026822,0.106671,0.150254,0.022299,0.395531,0.097997,0.026823,0.056858,0.018386,0.098359
0.235652,0.060330,0.025829,0.179129,0.037626,0.065215,0.235657,0.039578,0.056489,0.064495
0.090697,0.016806,0.032343,0.614311,0.016877,0.021650,0.090692,0.014454,0.080759,0.021410
0.116744,0.040721,0.036301,0.141113,0.040315,0.049224,0.116740,0.040320,0.369546,0.048975
0.030149,0.056343,0.003422,0.009889,0.725016,0.058873,0.030152,0.021688,0.006033,0.058435
0.130030,0.077269,0.056894,0.154865,0.067818,0.077598,0.130029,0.064613,0.163683,0.077202
0.046584,0.028087,0.693385,0.027028,0.024152,0.037417,0.046587,0.026976,0.032639,0.037145
0.278731,0.024711,0.020026,0.251684,0.023210,0.035565,0.278731,0.017755,0.034690,0.034896
0.170717,0.027156,0.022141,0.350378,0.024817,0.031857,0.170699,0.021731,0.148992,0.031513
0.227506,0.063571,0.026038,0.160563,0.045852,0.071924,0.227508,0.043989,0.062047,0.071002
0.096536,0.014220,0.027728,0.620514,0.013171,0.017979,0.096529,0.012993,0.082519,0.017809
0.263106,0.031961,0.030250,0.199145,0.030287,0.041723,0.263097,0.028559,0.070617,0.041255
0.258180,0.010905,0.005936,0.392814,0.010687,0.014165,0.258151,0.008196,0.026968,0.013997
0.088132,0.006178,0.005114,0.764663,0.005319,0.007832,0.088119,0.005547,0.021345,0.007751
0.076136,0.010947,0.009151,0.753522,0.010614,0.013598,0.076127,0.009975,0.026426,0.013504
0.100009,0.008770,0.012176,0.587503,0.007471,0.010640,0.100002,0.007023,0.155883,0.010524
0.033782,0.002481,0.002212,0.900389,0.002428,0.003197,0.033777,0.002256,0.016306,0.003172
0.173530,0.010926,0.007765,0.565348,0.010084,0.013725,0.173521,0.007754,0.023807,0.013539
0.242816,0.027467,0.021522,0.280422,0.024000,0.042310,0.242802,0.026821,0.050044,0.041797
0.053914,0.088856,0.213807,0.038642,0.095536,0.156331,0.053915,0.107154,0.036944,0.154900
0.134387,0.011484,0.007463,0.632348,0.010531,0.015111,0.134376,0.010262,0.029083,0.014955
0.074416,0.067719,0.029957,0.435560,0.053529,0.090892,0.074416,0.045952,0.037135,0.090423
0.113351,0.156147,0.044688,0.074254,0.089728,0.130281,0.113353,0.083120,0.066523,0.128554
0.067214,0.130618,0.143948,0.051824,0.093178,0.137116,0.067215,0.126162,0.045514,0.137211
0.179247,0.097634,0.036338,0.083648,0.080043,0.113585,0.179254,0.068349,0.049534,0.112369
0.104370,0.160226,0.030304,0.049473,0.105288,0.162356,0.104375,0.082977,0.038793,0.161838
0.058722,0.141534,0.214059,0.040561,0.065812,0.129617,0.058724,0.126262,0.032400,0.132309
0.018713,0.030386,0.750409,0.020864,0.025417,0.045856,0.018714,0.032357,0.011450,0.045833
0.037313,0.189368,0.030377,0.023752,0.106678,0.217759,0.037314,0.119377,0.021255,0.216807
0.162152,0.076754,0.053843,0.108420,0.075981,0.100045,0.162152,0.067572,0.093882,0.099198
0.016650,0.102519,0.026083,0.009411,0.081579,0.274121,0.016651,0.185892,0.008216,0.278879
0.024493,0.174277,0.016459,0.017365,0.064357,0.243649,0.024494,0.188135,0.017247,0.229524
0.053225,0.187679,0.015752,0.023809,0.099099,0.205516,0.053228,0.138017,0.017786,0.205889
0.055323,0.088564,0.257237,0.045418,0.085086,0.124051,0.055324,0.117741,0.047431,0.123825
0.076449,0.086219,0.030425,0.175484,0.067374,0.156449,0.076451,0.138780,0.035899,0.156470
0.023233,0.127137,0.019691,0.016488,0.055191,0.146115,0.023234,0.424601,0.016190,0.148119
0.060080,0.012332,0.010709,0.119345,0.012132,0.014625,0.060077,0.010468,0.685730,0.014502
0.032193,0.189637,0.013560,0.017601,0.071780,0.252819,0.032194,0.133966,0.013341,0.242908
0.082046,0.124967,0.041042,0.039706,0.113120,0.174450,0.082052,0.132534,0.036872,0.173211
0.015107,0.087930,0.007138,0.009620,0.036899,0.148135,0.015108,0.519994,0.007402,0.152667
0.016844,0.090379,0.013064,0.014054,0.041477,0.120372,0.016844,0.547115,0.016179,0.123672
0.013443,0.150541,0.008246,0.009865,0.058797,0.171242,0.013443,0.384756,0.010124,0.179541
0.032270,0.119743,0.013704,0.017002,0.180843,0.229469,0.032271,0.141653,0.015040,0.218005
0.069567,0.107762,0.048591,0.050679,0.176710,0.164792,0.069569,0.100263,0.048899,0.163166
0.056224,0.167481,0.027590,0.039353,0.124533,0.182094,0.056226,0.132174,0.030764,0.183561
0.072400,0.118816,0.032818,0.036054,0.087679,0.189867,0.072404,0.166144,0.030781,0.193036
0.043742,0.102693,0.014365,0.018623,0.044160,0.227746,0.043745,0.274389,0.015630,0.214907
0.044293,0.107796,0.010050,0.162947,0.048625,0.195627,0.044294,0.166582,0.019939,0.199845
0.059569,0.132139,0.015689,0.034774,0.072812,0.222958,0.059571,0.152231,0.023290,0.226965
0.078617,0.163030,0.046000,0.067774,0.134701,0.132891,0.078617,0.109243,0.056143,0.132985
0.012246,0.122480,0.005445,0.005993,0.126886,0.251387,0.012247,0.194872,0.005510,0.262934
0.046847,0.152499,0.031354,0.027414,0.065300,0.208809,0.046849,0.181143,0.029777,0.210009
0.013530,0.074229,0.011079,0.009354,0.040762,0.155241,0.013530,0.513359,0.009842,0.159072
0.080119,0.127223,0.039328,0.038199,0.148237,0.178797,0.080123,0.088566,0.042075,0.177333
0.083785,0.024633,0.016942,0.661904,0.019156,0.031990,0.083780,0.019418,0.026853,0.031539
0.008597,0.024994,0.003854,0.005099,0.872045,0.029239,0.008597,0.013959,0.004633,0.028982
0.024023,0.133496,0.025618,0.017822,0.087136,0.225411,0.024024,0.211268,0.018424,0.232777
0.134746,0.090436,0.031539,0.063927,0.090486,0.161422,0.134750,0.085583,0.048425,0.158685
0.129849,0.023302,0.017089,0.059547,0.020508,0.033122,0.129853,0.019359,0.534809,0.032563
0.062406,0.124071,0.038268,0.032560,0.115076,0.197850,0.062410,0.131282,0.037433,0.198643
0.017327,0.126177,0.012478,0.011578,0.088072,0.267023,0.017328,0.172594,0.010977,0.276446
0.022564,0.204188,0.013848,0.011551,0.061096,0.290456,0.022565,0.097061,0.009775,0.266896
0.045111,0.134666,0.023485,0.028313,0.372563,0.127733,0.045112,0.065819,0.029571,0.127628
0.342451,0.020628,0.012082,0.136573,0.016233,0.028111,0.342409,0.017412,0.056385,0.027714
0.062268,0.150931,0.027899,0.030455,0.090110,0.203755,0.062271,0.143571,0.025218,0.203523
0.228237,0.036244,0.023940,0.106760,0.033651,0.046702,0.228236,0.029107,0.221042,0.046080
0.193195,0.012371,0.031045,0.489862,0.011416,0.014280,0.193172,0.009132,0.031404,0.014122
0.032215,0.095016,0.059967,0.024374,0.066019,0.160648,0.032215,0.342026,0.025237,0.162283
0.066443,0.106714,0.056695,0.045003,0.098966,0.208887,0.066446,0.106226,0.037070,0.207549
0.095457,0.024249,0.019063,0.149123,0.022610,0.029390,0.095459,0.022120,0.513360,0.029169
0.011264,0.048143,0.009034,0.005187,0.771892,0.055943,0.011265,0.026358,0.004603,0.056312
0.076603,0.135130,0.024460,0.049458,0.063752,0.180120,0.076605,0.183628,0.028423,0.181821
0.017084,0.138020,0.041726,0.009618,0.029874,0.221976,0.017085,0.290287,0.008789,0.225541
0.003758,0.141659,0.002225,0.002301,0.257229,0.203692,0.003758,0.164660,0.002120,0.218598
0.288056,0.037350,0.010048,0.263327,0.015373,0.024170,0.288042,0.014708,0.035026,0.023899
0.100000,0.100000,0.100000,0.100000,0.100000,0.100000,0.100000,0.100000,0.100000,0.100000
0.055163,0.048223,0.235622,0.395362,0.034361,0.045317,0.055162,0.038354,0.047034,0.045402
0.039553,0.181851,0.014824,0.019558,0.164386,0.195249,0.039556,0.133297,0.017227,0.194498
0.006248,0.043492,0.004371,0.004363,0.755819,0.066985,0.006248,0.040518,0.004128,0.067829
0.020184,0.176480,0.008006,0.008867,0.058620,0.331040,0.020185,0.070945,0.007841,0.297831
0.212455,0.050370,0.035837,0.222091,0.049144,0.055497,0.212459,0.041441,0.065437,0.055269
0.121256,0.070681,0.059086,0.130928,0.071371,0.082978,0.121256,0.071293,0.188370,0.082781
0.187666,0.004931,0.008534,0.562810,0.004466,0.006772,0.187618,0.003946,0.026581,0.006676
0.410411,0.013505,0.007867,0.077003,0.011777,0.020363,0.410411,0.009843,0.018888,0.019932
0.342234,0.038814,0.012667,0.095519,0.026458,0.042636,0.342233,0.022790,0.034836,0.041813
0.072787,0.003415,0.003337,0.814823,0.003227,0.004264,0.072773,0.003001,0.018151,0.004222
0.088001,0.024209,0.009281,0.106029,0.235713,0.029410,0.087996,0.015884,0.374283,0.029194
0.045738,0.041679,0.009576,0.025404,0.627415,0.052986,0.045742,0.029873,0.068965,0.052621
0.052751,0.040970,0.012932,0.043614,0.552622,0.057016,0.052752,0.033414,0.097211,0.056718
0.105028,0.011218,0.027390,0.518884,0.009534,0.012717,0.105021,0.008336,0.189261,0.012611
0.081854,0.031077,0.023443,0.588758,0.028106,0.048930,0.081857,0.033762,0.033786,0.048427
0.241555,0.036279,0.094319,0.170653,0.038153,0.041114,0.241547,0.026541,0.069190,0.040648
0.096882,0.014812,0.006282,0.699387,0.011707,0.017136,0.096875,0.009211,0.030839,0.016869
0.342422,0.019820,0.009487,0.155490,0.016391,0.024315,0.342401,0.013696,0.052012,0.023965
0.115344,0.083935,0.101209,0.063093,0.070706,0.126989,0.115350,0.104555,0.092155,0.126664
0.109004,0.060910,0.161763,0.082695,0.060610,0.090228,0.109009,0.069012,0.167213,0.089555
0.138294,0.077126,0.089577,0.073228,0.069790,0.104242,0.138301,0.079232,0.126761,0.103448
0.196031,0.029649,0.016511,0.250719,0.028014,0.035019,0.196027,0.022607,0.190667,0.034757
0.150119,0.077773,0.079673,0.090807,0.068646,0.092051,0.150124,0.068842,0.130375,0.091591
0.104581,0.126036,0.037840,0.055042,0.102435,0.151252,0.104587,0.111406,0.056138,0.150682
0.095246,0.097597,0.059300,0.077448,0.103045,0.127292,0.095248,0.115933,0.101310,0.127581
0.209145,0.060628,0.041468,0.158486,0.049144,0.068685,0.209139,0.047437,0.087972,0.067897
0.241677,0.048557,0.033751,0.144239,0.048652,0.058266,0.241678,0.042086,0.083206,0.057890
0.251066,0.055419,0.025695,0.091337,0.043468,0.083889,0.251073,0.050043,0.064798,0.083212
0.241667,0.010977,0.007235,0.189141,0.009693,0.012386,0.241674,0.007524,0.267476,0.012227
0.043949,0.004943,0.004382,0.033041,0.005287,0.006258,0.043947,0.004441,0.847558,0.006194
0.229107,0.038440,0.025918,0.116358,0.045899,0.048858,0.229121,0.031638,0.186371,0.048289
