0.176734,0.044763,0.176699,0.308556,0.108857,0.038406,0.035865,0.035878,0.029614,0.044629
0.071766,0.007657,0.071795,0.049165,0.767939,0.006254,0.006384,0.005730,0.005674,0.007636
0.272501,0.025196,0.272575,0.084785,0.242942,0.020888,0.021959,0.017566,0.016495,0.025092
0.072202,0.107605,0.072199,0.062373,0.065030,0.251084,0.080065,0.111082,0.070300,0.108059
0.072202,0.107605,0.072199,0.062373,0.065030,0.251084,0.080065,0.111082,0.070300,0.108059
0.011846,0.174725,0.011844,0.005348,0.005038,0.316419,0.148805,0.143067,0.004695,0.178214
0.014312,0.188852,0.014309,0.007260,0.007395,0.171043,0.228034,0.171977,0.007761,0.189057
0.100000,0.100000,0.100000,0.100000,0.100000,0.100000,0.100000,0.100000,0.100000,0.100000
0.024970,0.201188,0.024966,0.011151,0.012384,0.186845,0.045504,0.275768,0.013220,0.204003
0.100000,0.100000,0.100000,0.100000,0.100000,0.100000,0.100000,0.100000,0.100000,0.100000
0.015812,0.172638,0.015810,0.008811,0.009095,0.191709,0.240749,0.162779,0.007110,0.175487
0.100000,0.100000,0.100000,0.100000,0.100000,0.100000,0.100000,0.100000,0.100000,0.100000
0.178947,0.054455,0.178940,0.129734,0.201681,0.046779,0.043939,0.041421,0.069861,0.054243
0.271054,0.018567,0.271131,0.137818,0.234540,0.015163,0.012358,0.011798,0.009127,0.018445
0.021360,0.147775,0.021358,0.017195,0.017574,0.248622,0.079918,0.278910,0.018049,0.149239
0.077731,0.061973,0.077718,0.031894,0.044047,0.052976,0.533414,0.040362,0.017943,0.061943
0.033064,0.087897,0.033061,0.020569,0.021554,0.069757,0.586540,0.043393,0.017221,0.086945
0.273112,0.030579,0.273032,0.126144,0.091914,0.028492,0.022958,0.020603,0.102739,0.030427
0.009289,0.204950,0.009287,0.004534,0.004898,0.271922,0.062769,0.219169,0.004583,0.208598
0.412500,0.017755,0.412528,0.018511,0.084861,0.015027,0.008659,0.009223,0.003319,0.017617
0.101785,0.097261,0.101783,0.104389,0.087434,0.089190,0.082733,0.081991,0.156474,0.096960
0.259693,0.056945,0.259692,0.069294,0.134546,0.051542,0.044887,0.032698,0.034117,0.056585
0.021018,0.179492,0.021017,0.016923,0.016586,0.154574,0.082741,0.310166,0.016141,0.181341
0.016271,0.136687,0.016269,0.008974,0.010148,0.137370,0.049105,0.478768,0.007271,0.139136
0.029270,0.153525,0.029269,0.027671,0.026845,0.087315,0.086010,0.379052,0.025580,0.155464
0.146856,0.093097,0.146860,0.135577,0.115809,0.074275,0.069082,0.077015,0.048519,0.092908
0.016817,0.201128,0.016816,0.012735,0.013064,0.182741,0.076214,0.263497,0.013132,0.203856
0.193671,0.098294,0.193628,0.063459,0.077615,0.071914,0.073475,0.080997,0.048999,0.097947
0.103728,0.124396,0.103722,0.054374,0.061266,0.153685,0.134887,0.103301,0.036139,0.124503
0.307389,0.058636,0.307391,0.035448,0.085133,0.037560,0.033450,0.035734,0.040967,0.058291
0.112710,0.004814,0.112778,0.051241,0.700892,0.003393,0.003721,0.002841,0.002830,0.004779
0.089021,0.015031,0.089078,0.093596,0.645555,0.013017,0.016878,0.010862,0.011978,0.014983
0.014024,0.223299,0.014023,0.010820,0.011329,0.147336,0.076369,0.264668,0.011444,0.226688
0.329068,0.042903,0.329069,0.038989,0.112397,0.036108,0.034005,0.021567,0.013264,0.042630
0.000002,0.000002,0.000002,0.000001,0.000001,0.000001,0.000001,0.000001,0.999988,0.000002
0.027015,0.241432,0.027010,0.010190,0.012120,0.160643,0.056509,0.208258,0.013486,0.243338
0.025893,0.207720,0.025890,0.012902,0.014319,0.122359,0.111704,0.255182,0.013733,0.210298
0.023451,0.135648,0.023449,0.008560,0.011123,0.123722,0.460410,0.068353,0.009166,0.136118
0.348127,0.012482,0.348277,0.095730,0.149636,0.010614,0.009041,0.007200,0.006493,0.012402
0.073349,0.206599,0.073332,0.019554,0.025454,0.133903,0.063976,0.176157,0.020365,0.207310
0.010421,0.116193,0.010419,0.004990,0.005565,0.646013,0.034629,0.053370,0.004514,0.113885
0.012642,0.015076,0.012641,0.009730,0.009321,0.012278,0.010814,0.012292,0.890161,0.015045
0.170829,0.170973,0.170786,0.028457,0.045317,0.083995,0.060433,0.081884,0.021033,0.166291
0.016471,0.153364,0.016468,0.006172,0.006879,0.139980,0.421050,0.079817,0.005355,0.154444
0.038423,0.193802,0.038419,0.026700,0.025643,0.130579,0.097866,0.223171,0.031007,0.194391
0.016253,0.200327,0.016251,0.009825,0.011278,0.139483,0.055545,0.337265,0.010421,0.203352
0.086473,0.189834,0.086466,0.034958,0.044454,0.149157,0.089445,0.104359,0.027599,0.187254
0.019716,0.184800,0.019714,0.010719,0.011962,0.090961,0.083276,0.373099,0.018693,0.187061
0.157252,0.088367,0.157287,0.103361,0.177677,0.076453,0.061196,0.062518,0.027544,0.088346
0.009603,0.156161,0.009601,0.004021,0.004934,0.077520,0.087110,0.486461,0.005623,0.158966
0.009446,0.211253,0.009444,0.003469,0.004076,0.105093,0.080690,0.359536,0.003272,0.213721
0.266893,0.063589,0.266852,0.093334,0.095483,0.048092,0.044232,0.036244,0.022107,0.063173
0.071315,0.031349,0.071321,0.420079,0.048966,0.028942,0.272461,0.016354,0.007904,0.031308
0.109496,0.132142,0.109486,0.082779,0.066282,0.125277,0.104918,0.086518,0.051877,0.131225
0.037773,0.199971,0.037771,0.026798,0.031515,0.119946,0.124934,0.188936,0.031520,0.200838
0.043397,0.217063,0.043387,0.024263,0.023037,0.176131,0.075880,0.162086,0.017256,0.217500
0.020811,0.184801,0.020808,0.009160,0.010677,0.130496,0.047459,0.377882,0.010640,0.187266
0.112951,0.017307,0.112964,0.584178,0.098621,0.014549,0.015080,0.013522,0.013585,0.017244
0.104173,0.109914,0.104172,0.086742,0.093693,0.101803,0.107633,0.092577,0.089577,0.109717
0.142171,0.094713,0.142168,0.097904,0.092376,0.075724,0.071015,0.066481,0.123193,0.094256
0.240604,0.050787,0.240669,0.065734,0.229275,0.033542,0.032485,0.036376,0.019903,0.050625
0.024605,0.292058,0.024601,0.008948,0.010905,0.197787,0.048261,0.097864,0.009343,0.285628
0.015887,0.220891,0.015884,0.006327,0.007364,0.093430,0.040155,0.368922,0.007287,0.223854
0.073210,0.019962,0.073225,0.092272,0.662713,0.015477,0.016764,0.013440,0.013062,0.019874
0.163530,0.092445,0.163534,0.091542,0.109270,0.078418,0.076498,0.077554,0.054913,0.092296
0.150823,0.098148,0.150809,0.086975,0.089098,0.079529,0.064225,0.070477,0.112318,0.097597
0.275351,0.015735,0.275509,0.081139,0.294668,0.012590,0.011654,0.010423,0.007278,0.015653
0.268901,0.051154,0.268992,0.055668,0.156376,0.036160,0.055099,0.035814,0.020793,0.051041
0.314254,0.027002,0.314373,0.088976,0.161160,0.020258,0.017267,0.018858,0.010957,0.026895
0.288653,0.054838,0.288544,0.050739,0.075004,0.037829,0.035898,0.031449,0.082542,0.054505
0.055169,0.078320,0.055167,0.041551,0.046593,0.054987,0.056483,0.057398,0.476283,0.078049
0.047594,0.136992,0.047590,0.015859,0.020842,0.146962,0.350075,0.087583,0.008937,0.137566
0.259403,0.051833,0.259411,0.058060,0.130723,0.038795,0.032508,0.034255,0.083496,0.051517
0.010530,0.160677,0.010529,0.006172,0.007050,0.096665,0.045144,0.493344,0.005898,0.163991
0.034249,0.190090,0.034245,0.020821,0.023035,0.156107,0.074260,0.249033,0.027335,0.190824
0.024574,0.185579,0.024571,0.014767,0.015457,0.119289,0.062811,0.348183,0.016882,0.187887
0.016770,0.206690,0.016767,0.008622,0.008672,0.285502,0.047924,0.187072,0.012345,0.209637
0.036786,0.189582,0.036782,0.020243,0.023555,0.197404,0.080218,0.183587,0.042087,0.189755
0.017160,0.125116,0.017158,0.011168,0.011066,0.134611,0.054189,0.491438,0.011306,0.126788
0.024700,0.142558,0.024697,0.016721,0.016526,0.165284,0.055955,0.394638,0.014226,0.144695
0.303048,0.041466,0.303089,0.047689,0.154071,0.031839,0.027094,0.027688,0.022777,0.041240
0.029057,0.099468,0.029054,0.013752,0.015111,0.084886,0.559709,0.044870,0.024800,0.099292
0.007496,0.195912,0.007495,0.004907,0.005162,0.138462,0.121334,0.307846,0.012453,0.198932
0.006252,0.093272,0.006251,0.004023,0.004141,0.047431,0.049998,0.690377,0.003924,0.094329
0.329026,0.042692,0.329032,0.048200,0.105997,0.031749,0.028766,0.025072,0.017020,0.042445
0.020067,0.116619,0.020066,0.009297,0.010902,0.102404,0.548390,0.049375,0.006834,0.116046
0.012018,0.153639,0.012015,0.003820,0.004444,0.131310,0.477441,0.048743,0.003019,0.153550
0.024261,0.219316,0.024255,0.008597,0.009710,0.192552,0.049174,0.242496,0.007838,0.221801
0.013248,0.155979,0.013246,0.006981,0.007366,0.113850,0.043581,0.480746,0.006558,0.158444
0.035853,0.246408,0.035848,0.016981,0.019589,0.205117,0.066281,0.110059,0.018384,0.245479
0.029363,0.202238,0.029361,0.022543,0.023194,0.193598,0.096401,0.171643,0.027368,0.204291
0.015571,0.255532,0.015569,0.007685,0.007299,0.180290,0.143404,0.105960,0.012131,0.256558
0.010156,0.144227,0.010155,0.004797,0.006356,0.069543,0.035144,0.567298,0.004815,0.147509
0.044473,0.208748,0.044467,0.020271,0.026502,0.180716,0.103824,0.139172,0.022212,0.209615
0.025510,0.231627,0.025507,0.016496,0.017322,0.164786,0.081607,0.185324,0.017556,0.234265
0.017517,0.198087,0.017516,0.013485,0.013852,0.166437,0.073828,0.281209,0.016374,0.201694
0.005565,0.105070,0.005564,0.004436,0.004377,0.090844,0.030853,0.640739,0.004584,0.107969
0.023248,0.180297,0.023246,0.016191,0.016917,0.209582,0.070264,0.261433,0.016219,0.182604
0.009485,0.126201,0.009484,0.008828,0.007862,0.128488,0.048214,0.525592,0.006339,0.129507
0.004185,0.103086,0.004184,0.002081,0.002347,0.050550,0.019195,0.707109,0.001967,0.105296
0.011748,0.238903,0.011746,0.005143,0.005356,0.216520,0.148286,0.116736,0.003777,0.241786
0.050680,0.175745,0.050668,0.026427,0.025117,0.156755,0.136096,0.173739,0.027579,0.177194
0.038702,0.224046,0.038698,0.019305,0.021631,0.145946,0.065112,0.203703,0.020945,0.221913
0.008207,0.251569,0.008205,0.003157,0.003634,0.152684,0.184764,0.130329,0.002704,0.254747
0.031486,0.206590,0.031482,0.015289,0.019123,0.147315,0.065402,0.261577,0.015586,0.206151
0.048635,0.199390,0.048624,0.021721,0.024908,0.121054,0.077100,0.232181,0.025336,0.201052
0.023777,0.142165,0.023775,0.012603,0.013712,0.093396,0.439686,0.092394,0.015771,0.142721
0.021416,0.228893,0.021415,0.012424,0.015447,0.151809,0.065172,0.245830,0.012201,0.225393
0.035572,0.214718,0.035568,0.024596,0.021513,0.135298,0.049682,0.155286,0.113486,0.214281
0.020321,0.203699,0.020319,0.011722,0.013154,0.116168,0.054837,0.342383,0.011604,0.205795
0.023093,0.196784,0.023090,0.012568,0.013339,0.121657,0.064296,0.335024,0.010658,0.199490
0.072533,0.176580,0.072527,0.035826,0.038016,0.135771,0.064359,0.203988,0.021934,0.178466
0.015522,0.168544,0.015521,0.008999,0.009768,0.127810,0.394645,0.084781,0.007642,0.166767
0.014743,0.220842,0.014739,0.005629,0.006438,0.115684,0.042510,0.349567,0.005131,0.224716
0.158484,0.014208,0.158554,0.280650,0.336684,0.010865,0.008874,0.009403,0.008130,0.014148
0.214111,0.053063,0.214182,0.062124,0.261084,0.037422,0.038186,0.034112,0.032911,0.052804
0.086098,0.012496,0.086128,0.348567,0.420547,0.009630,0.010183,0.007876,0.006037,0.012439
0.025028,0.003956,0.025035,0.261891,0.667794,0.003046,0.003001,0.002944,0.003359,0.003945
0.267329,0.052858,0.267310,0.066807,0.121753,0.043444,0.041127,0.034915,0.051890,0.052566
0.157596,0.020877,0.157638,0.318683,0.256257,0.017605,0.017839,0.014120,0.018603,0.020783
0.027798,0.104407,0.027795,0.011494,0.015212,0.084290,0.563163,0.053368,0.007713,0.104760
0.099882,0.112777,0.099878,0.089384,0.087400,0.098417,0.092562,0.101928,0.105180,0.112591
0.018869,0.202098,0.018866,0.010637,0.011752,0.216730,0.054503,0.251549,0.009919,0.205079
0.039701,0.171311,0.039697,0.023918,0.025307,0.108436,0.057272,0.338079,0.023707,0.172573
0.100000,0.100000,0.100000,0.100000,0.100000,0.100000,0.100000,0.100000,0.100000,0.100000
0.242615,0.062203,0.242638,0.078072,0.121966,0.053752,0.039668,0.036855,0.060253,0.061979
0.238037,0.062206,0.238057,0.048526,0.098453,0.063909,0.049813,0.039591,0.099501,0.061906
0.095941,0.024887,0.095971,0.537995,0.138027,0.026027,0.021299,0.018610,0.016424,0.024819
0.145915,0.055957,0.145939,0.190187,0.244018,0.055912,0.063125,0.025617,0.017587,0.055743
0.304125,0.038046,0.304233,0.065021,0.148833,0.037287,0.024152,0.022566,0.017952,0.037785
0.301594,0.060950,0.301510,0.043109,0.082674,0.048583,0.038085,0.036212,0.026770,0.060514
0.011128,0.135854,0.011126,0.007986,0.006993,0.074619,0.030664,0.573457,0.009523,0.138650
0.024334,0.171610,0.024327,0.007397,0.009015,0.383652,0.044070,0.147292,0.015943,0.172361
0.054708,0.218412,0.054699,0.024800,0.028309,0.205070,0.067806,0.102790,0.029442,0.213965
0.272939,0.062428,0.272935,0.048774,0.103666,0.062195,0.050819,0.038450,0.025637,0.062157
0.071013,0.199926,0.071001,0.020657,0.025950,0.136621,0.074580,0.102021,0.101177,0.197054
0.224362,0.083642,0.224324,0.044829,0.069379,0.051020,0.042116,0.047367,0.129993,0.082970
0.058997,0.198445,0.058994,0.036119,0.035312,0.151879,0.096836,0.142005,0.025423,0.195990
0.184595,0.160010,0.184514,0.024464,0.034124,0.077840,0.047518,0.063217,0.067100,0.156619
0.039228,0.209420,0.039225,0.033094,0.033609,0.163351,0.088532,0.152510,0.035004,0.206027
0.061734,0.201966,0.061730,0.013038,0.022193,0.199230,0.054043,0.170208,0.012391,0.203468
0.016627,0.170950,0.016624,0.008683,0.009972,0.462678,0.072108,0.064187,0.011328,0.166844
0.032154,0.156746,0.032150,0.011132,0.014063,0.099790,0.410085,0.077684,0.009152,0.157046
0.016996,0.185121,0.016994,0.009562,0.010081,0.098793,0.036095,0.425928,0.012963,0.187467
0.025207,0.159572,0.025203,0.010308,0.011828,0.155496,0.368397,0.073453,0.010110,0.160427
0.111749,0.197410,0.111721,0.043281,0.041478,0.097615,0.082035,0.092544,0.029210,0.192957
0.106190,0.228353,0.106165,0.020597,0.030913,0.107707,0.064853,0.095514,0.017206,0.222501
0.060604,0.168328,0.060598,0.040274,0.042115,0.091963,0.080310,0.230720,0.056144,0.168944
0.029201,0.166290,0.029199,0.024166,0.024886,0.113735,0.229526,0.189649,0.026034,0.167314
0.017174,0.102475,0.017172,0.012117,0.011827,0.147198,0.509365,0.064312,0.015477,0.102883
0.044825,0.185518,0.044821,0.031421,0.030677,0.194099,0.119601,0.134289,0.029409,0.185340
0.084783,0.075263,0.084767,0.035199,0.036163,0.058148,0.483029,0.042712,0.024961,0.074976
0.009054,0.165818,0.009053,0.005164,0.005924,0.088411,0.047781,0.492931,0.007429,0.168434
0.339327,0.055673,0.339286,0.033397,0.058202,0.032908,0.039236,0.033869,0.012650,0.055451
0.135869,0.173554,0.135827,0.028346,0.042686,0.145653,0.052609,0.089329,0.022072,0.174054
0.016672,0.208152,0.016670,0.006985,0.007749,0.154873,0.298250,0.080676,0.005319,0.204655
0.054563,0.183870,0.054562,0.045026,0.043692,0.119860,0.116082,0.146159,0.052495,0.183691
0.004214,0.027501,0.004214,0.002959,0.002805,0.019528,0.888692,0.019956,0.002537,0.027592
0.039515,0.175679,0.039513,0.028874,0.031135,0.214458,0.152331,0.117729,0.025141,0.175627
0.005538,0.100043,0.005538,0.003795,0.003904,0.067999,0.047925,0.659925,0.003805,0.101527
0.050445,0.215219,0.050437,0.017969,0.021453,0.189999,0.064389,0.160036,0.013288,0.216765
0.021128,0.152565,0.021126,0.009887,0.010721,0.116706,0.417940,0.089489,0.007615,0.152824
0.012065,0.088956,0.012063,0.005708,0.006356,0.104232,0.634423,0.042537,0.004192,0.089469
0.034209,0.200700,0.034206,0.024867,0.026848,0.098884,0.080846,0.272909,0.024741,0.201790
0.056940,0.219798,0.056931,0.023903,0.028321,0.119918,0.114690,0.138154,0.022058,0.219288
0.044825,0.185518,0.044821,0.031421,0.030677,0.194099,0.119601,0.134289,0.029409,0.185340
0.039697,0.228853,0.039690,0.019732,0.021732,0.111094,0.094681,0.179740,0.036730,0.228052
0.087992,0.010473,0.088029,0.024508,0.752342,0.008388,0.006357,0.006165,0.005340,0.010407
0.194445,0.015850,0.194535,0.061339,0.479245,0.012609,0.010529,0.009085,0.006619,0.015744
0.268988,0.026618,0.268862,0.271793,0.066675,0.021060,0.020876,0.016933,0.011699,0.026496
0.013157,0.209846,0.013155,0.005849,0.006871,0.155100,0.048197,0.328987,0.007471,0.211366
0.001133,0.019884,0.001132,0.000650,0.000645,0.930791,0.006020,0.019412,0.000572,0.019760
0.318461,0.031349,0.318606,0.029857,0.196204,0.026504,0.016391,0.022815,0.008533,0.031280
0.030574,0.190122,0.030569,0.015189,0.016947,0.102034,0.067757,0.335234,0.020033,0.191541
0.034287,0.171240,0.034284,0.023260,0.025005,0.289915,0.083558,0.145435,0.019587,0.173431
0.027193,0.108773,0.027189,0.011700,0.015046,0.115126,0.514357,0.061563,0.009856,0.109197
0.011361,0.133268,0.011360,0.008301,0.008208,0.316454,0.057442,0.310040,0.009090,0.134477
0.032285,0.182607,0.032282,0.025314,0.024084,0.118854,0.238464,0.135055,0.029983,0.181072
0.033209,0.205756,0.033201,0.012122,0.013223,0.119377,0.043491,0.328679,0.007949,0.202993
0.005885,0.065764,0.005885,0.003252,0.003610,0.069226,0.747542,0.029374,0.002965,0.066497
0.042456,0.198281,0.042447,0.015457,0.020836,0.102065,0.077802,0.271156,0.030519,0.198979
0.013635,0.163287,0.013633,0.007031,0.007934,0.143025,0.047185,0.428918,0.007380,0.167972
0.013885,0.205504,0.013883,0.008227,0.008212,0.113299,0.098821,0.322248,0.007578,0.208343
0.017147,0.120581,0.017146,0.011352,0.012733,0.110058,0.054962,0.523288,0.011028,0.121704
0.015371,0.123381,0.015370,0.009781,0.011026,0.070100,0.055991,0.565110,0.009556,0.124313
0.017774,0.132965,0.017773,0.013197,0.013845,0.080513,0.056146,0.519040,0.014843,0.133902
0.055134,0.179917,0.055130,0.040352,0.039984,0.193626,0.103263,0.117349,0.037598,0.177646
0.023932,0.197236,0.023930,0.014891,0.016620,0.144772,0.066075,0.298506,0.015806,0.198231
0.020178,0.185710,0.020175,0.010858,0.011317,0.158075,0.290021,0.108682,0.008496,0.186487
0.034554,0.163988,0.034548,0.016803,0.019279,0.089979,0.077486,0.378552,0.020519,0.164292
0.018058,0.138439,0.018055,0.009650,0.010453,0.098810,0.038588,0.517109,0.010040,0.140797
0.033622,0.202420,0.033618,0.013819,0.016896,0.119327,0.133997,0.230121,0.010722,0.205457
0.002543,0.087288,0.002543,0.001388,0.001579,0.057792,0.014905,0.740751,0.001415,0.089797
0.009289,0.204950,0.009287,0.004534,0.004898,0.271922,0.062769,0.219169,0.004583,0.208598
0.103728,0.124396,0.103722,0.054374,0.061266,0.153685,0.134887,0.103301,0.036139,0.124503
0.017769,0.187383,0.017767,0.010115,0.011757,0.218447,0.065384,0.269261,0.012448,0.189668
0.028398,0.269607,0.028394,0.015030,0.016567,0.127101,0.096322,0.137645,0.017724,0.263211
0.025834,0.177376,0.025832,0.015980,0.018036,0.128213,0.074131,0.336867,0.016589,0.181143
0.029270,0.153525,0.029269,0.027671,0.026845,0.087315,0.086010,0.379052,0.025580,0.155464
0.021018,0.179492,0.021017,0.016923,0.016586,0.154574,0.082741,0.310166,0.016141,0.181341
0.016271,0.136687,0.016269,0.008974,0.010148,0.137370,0.049105,0.478768,0.007271,0.139136
0.071078,0.200694,0.071068,0.035978,0.039276,0.134719,0.077666,0.109959,0.062321,0.197240
0.056870,0.212198,0.056862,0.023086,0.027561,0.105771,0.089805,0.119305,0.099973,0.208569
0.016817,0.201128,0.016816,0.012735,0.013064,0.182741,0.076214,0.263497,0.013132,0.203856
0.061043,0.138639,0.061035,0.019305,0.029796,0.075740,0.413723,0.047361,0.015584,0.137774
0.023443,0.212322,0.023437,0.006747,0.008651,0.172323,0.225515,0.106285,0.007860,0.213417
0.072783,0.150850,0.072786,0.043298,0.059131,0.125384,0.117775,0.171280,0.035095,0.151619
0.013991,0.117915,0.013990,0.007939,0.008413,0.492803,0.168187,0.051914,0.006577,0.118270
0.014024,0.223299,0.014023,0.010820,0.011329,0.147336,0.076369,0.264668,0.011444,0.226688
0.013735,0.180168,0.013733,0.006106,0.007024,0.165901,0.039537,0.386998,0.004461,0.182337
0.016663,0.149018,0.016662,0.012822,0.013292,0.183920,0.063318,0.378900,0.012964,0.152441
0.052987,0.233879,0.052981,0.026587,0.033729,0.117545,0.100962,0.117567,0.029728,0.234036
0.025493,0.235451,0.025489,0.009632,0.011359,0.261088,0.123532,0.066278,0.012458,0.229221
0.005877,0.115317,0.005877,0.003954,0.004147,0.079191,0.026249,0.636619,0.004770,0.117998
0.023451,0.135648,0.023449,0.008560,0.011123,0.123722,0.460410,0.068353,0.009166,0.136118
0.019830,0.205260,0.019828,0.011595,0.012923,0.199515,0.050865,0.264537,0.012425,0.203221
0.025893,0.207720,0.025890,0.012902,0.014319,0.122359,0.111704,0.255182,0.013733,0.210298
0.006300,0.049868,0.006299,0.004767,0.004313,0.059184,0.769112,0.044976,0.004756,0.050426
0.027514,0.181749,0.027512,0.019121,0.019386,0.133001,0.063974,0.283493,0.061243,0.183007
0.006195,0.141047,0.006195,0.003715,0.004116,0.157417,0.035041,0.496812,0.003714,0.145747
0.007159,0.158854,0.007158,0.003449,0.004038,0.072703,0.026826,0.553894,0.004428,0.161491
0.009958,0.169472,0.009957,0.005312,0.005585,0.179781,0.266616,0.175919,0.005577,0.171823
0.073349,0.206599,0.073332,0.019554,0.025454,0.133903,0.063976,0.176157,0.020365,0.207310
0.012552,0.200919,0.012551,0.008344,0.008528,0.223305,0.046065,0.248730,0.034814,0.204193
0.028948,0.185125,0.028944,0.016086,0.017016,0.140834,0.087603,0.292788,0.015967,0.186689
0.014640,0.260677,0.014637,0.005637,0.006665,0.238086,0.056407,0.140600,0.005292,0.257358
0.036389,0.244577,0.036385,0.019106,0.020821,0.120992,0.073699,0.176972,0.027880,0.243176
0.011023,0.159948,0.011022,0.006821,0.006706,0.073753,0.031013,0.521651,0.016188,0.161875
0.020706,0.298732,0.020702,0.009616,0.011000,0.116657,0.069047,0.153155,0.009186,0.291200
0.022468,0.165668,0.022466,0.019221,0.019537,0.157398,0.063971,0.337640,0.020483,0.171148
0.037265,0.201213,0.037255,0.011607,0.013788,0.338692,0.064586,0.085655,0.009564,0.200374
0.061571,0.230762,0.061559,0.026349,0.031345,0.109677,0.102485,0.125820,0.023436,0.226996
0.048485,0.183261,0.048481,0.031472,0.034411,0.170228,0.140277,0.133371,0.026140,0.183874
0.017585,0.151569,0.017584,0.013170,0.013249,0.159200,0.061495,0.397958,0.012849,0.155341
0.015071,0.154266,0.015070,0.011201,0.011288,0.147830,0.060416,0.415751,0.011149,0.157958
0.033730,0.187792,0.033725,0.019571,0.021195,0.109126,0.080189,0.307660,0.018905,0.188108
0.027015,0.241432,0.027010,0.010190,0.012120,0.160643,0.056509,0.208258,0.013486,0.243338
0.008917,0.149290,0.008916,0.006043,0.006149,0.162740,0.066125,0.434807,0.005896,0.151117
0.008216,0.040351,0.008215,0.005835,0.005603,0.047866,0.800014,0.038632,0.004687,0.040580
0.014405,0.207364,0.014405,0.010456,0.010370,0.150486,0.294439,0.085053,0.007475,0.205549
0.074356,0.189694,0.074337,0.023586,0.027822,0.250974,0.073064,0.085774,0.014141,0.186251
0.033064,0.087897,0.033061,0.020569,0.021554,0.069757,0.586540,0.043393,0.017221,0.086945
0.018071,0.241182,0.018068,0.006634,0.008558,0.229066,0.124136,0.107345,0.005537,0.241403
0.029388,0.221803,0.029384,0.012684,0.014741,0.220803,0.107269,0.130359,0.012023,0.221546
0.017249,0.126421,0.017247,0.012727,0.013081,0.184534,0.048046,0.440024,0.012669,0.128000
0.043137,0.207660,0.043132,0.025148,0.026296,0.171398,0.091527,0.163101,0.023498,0.205104
0.022548,0.218855,0.022545,0.012013,0.011482,0.291037,0.113926,0.086289,0.007213,0.214091
0.016836,0.142277,0.016834,0.012225,0.009630,0.117940,0.062358,0.469357,0.008288,0.144255
0.073806,0.173140,0.073781,0.017641,0.022749,0.170615,0.186595,0.094249,0.013812,0.173612
0.018361,0.129103,0.018357,0.005856,0.007569,0.591276,0.029558,0.064875,0.004873,0.130171
0.012170,0.156135,0.012167,0.005184,0.005299,0.147277,0.427778,0.072118,0.004093,0.157779
0.039944,0.197591,0.039935,0.012912,0.017095,0.211426,0.063706,0.205319,0.011148,0.200924
0.011512,0.178614,0.011510,0.005168,0.005875,0.367119,0.040698,0.192806,0.004339,0.182358
0.035150,0.148200,0.035144,0.010134,0.014074,0.418544,0.113222,0.066693,0.009964,0.148875
0.024693,0.120400,0.024691,0.025102,0.018472,0.123663,0.063858,0.458922,0.018599,0.121602
0.020028,0.174528,0.020025,0.012051,0.012011,0.167527,0.052804,0.354557,0.009872,0.176597
0.013542,0.274280,0.013540,0.007524,0.007785,0.140159,0.063639,0.109327,0.102625,0.267579
0.006492,0.217501,0.006491,0.004015,0.004187,0.176733,0.198890,0.158925,0.004111,0.222656
0.021226,0.288396,0.021223,0.010955,0.011642,0.126340,0.057200,0.169069,0.009872,0.284078
0.019366,0.268938,0.019363,0.009267,0.009962,0.194398,0.039932,0.165372,0.012849,0.260552
0.016315,0.122710,0.016313,0.009881,0.010468,0.555515,0.044097,0.077605,0.024473,0.122624
0.023509,0.221797,0.023504,0.014039,0.011516,0.132483,0.074410,0.272174,0.008744,0.217824
0.048802,0.202060,0.048795,0.022645,0.028332,0.144535,0.088679,0.191330,0.021232,0.203590
0.010555,0.112508,0.010554,0.008011,0.008180,0.054099,0.077452,0.597155,0.007690,0.113796
0.142254,0.129752,0.142240,0.045831,0.082846,0.106847,0.081419,0.110150,0.028055,0.130606
0.038909,0.156259,0.038906,0.034801,0.031704,0.112437,0.063074,0.338206,0.026246,0.159458
0.008572,0.125916,0.008571,0.006575,0.005595,0.055976,0.061009,0.595227,0.004672,0.127888
0.053913,0.184680,0.053904,0.034963,0.034392,0.164561,0.074378,0.152528,0.063302,0.183380
0.008769,0.172547,0.008768,0.006417,0.006574,0.101055,0.050031,0.463537,0.006573,0.175729
0.009029,0.150945,0.009027,0.004330,0.004927,0.376374,0.162092,0.125790,0.004005,0.153481
0.027944,0.140724,0.027943,0.026637,0.023811,0.119387,0.059328,0.410014,0.022148,0.142064
0.036615,0.194129,0.036609,0.018038,0.020282,0.121955,0.079670,0.279335,0.016286,0.197081
0.052146,0.169470,0.052140,0.024370,0.029588,0.099451,0.300752,0.077972,0.025384,0.168727
0.002957,0.024416,0.002957,0.001495,0.001730,0.018659,0.907167,0.014950,0.001207,0.024463
0.004274,0.026803,0.004273,0.003230,0.002393,0.024637,0.890524,0.014777,0.002220,0.026870
0.016022,0.174629,0.016020,0.008413,0.009622,0.098584,0.053143,0.437130,0.008497,0.177941
0.027649,0.215121,0.027646,0.012141,0.014368,0.217813,0.082167,0.176166,0.010238,0.216692
0.028892,0.236369,0.028888,0.016589,0.013459,0.200514,0.078501,0.130985,0.028749,0.237054
0.021113,0.221781,0.021110,0.011589,0.012314,0.132012,0.070209,0.276983,0.011053,0.221834
0.024612,0.163065,0.024607,0.009980,0.011919,0.084127,0.046795,0.459211,0.010598,0.165086
0.025435,0.243226,0.025432,0.009950,0.013477,0.190074,0.086033,0.153174,0.007535,0.245662
0.041751,0.241601,0.041742,0.014737,0.018628,0.228122,0.095388,0.071004,0.010596,0.236430
0.106421,0.209909,0.106390,0.027314,0.033921,0.116586,0.057366,0.114203,0.023741,0.204149
0.105395,0.153522,0.105369,0.030649,0.041017,0.172430,0.077371,0.139540,0.021133,0.153573
0.071024,0.169650,0.071016,0.035094,0.042361,0.117409,0.119264,0.175201,0.028828,0.170153
0.091971,0.185263,0.091950,0.031999,0.046458,0.110627,0.075536,0.159215,0.021389,0.185591
0.009173,0.204497,0.009172,0.005708,0.005734,0.118446,0.284440,0.150086,0.005321,0.207423
0.006250,0.110801,0.006249,0.002977,0.003793,0.054223,0.020268,0.679760,0.002887,0.112791
0.006309,0.158434,0.006308,0.003248,0.003468,0.082422,0.025262,0.550424,0.003111,0.161015
0.015847,0.139157,0.015845,0.011436,0.011491,0.107720,0.064851,0.482148,0.010903,0.140602
0.056008,0.231048,0.055996,0.019987,0.024236,0.110838,0.088321,0.165776,0.014425,0.233363
0.014584,0.171022,0.014583,0.011197,0.010913,0.191689,0.081030,0.322417,0.011251,0.171314
0.037281,0.182713,0.037278,0.026429,0.025116,0.214474,0.070674,0.198561,0.025993,0.181481
0.002913,0.013718,0.002913,0.001181,0.001441,0.949309,0.005282,0.008689,0.000940,0.013614
0.023164,0.229929,0.023159,0.009404,0.010567,0.218922,0.056710,0.194300,0.007528,0.226319
0.015971,0.204776,0.015968,0.006924,0.008251,0.329688,0.072817,0.136859,0.007371,0.201374
0.046795,0.168012,0.046798,0.029686,0.043307,0.139574,0.128922,0.205441,0.021261,0.170205
0.015225,0.267097,0.015222,0.006152,0.007271,0.225990,0.055680,0.120676,0.020061,0.266626
0.036227,0.259047,0.036224,0.022001,0.022947,0.140243,0.108852,0.089203,0.029474,0.255782
0.047273,0.273359,0.047264,0.021997,0.019094,0.150766,0.081459,0.064098,0.027225,0.267464
0.015285,0.225842,0.015284,0.006785,0.008197,0.170928,0.067407,0.256833,0.005332,0.228108
0.006268,0.118796,0.006267,0.003591,0.003706,0.530649,0.031459,0.176845,0.003748,0.118671
0.029105,0.252598,0.029102,0.016606,0.017838,0.244033,0.070159,0.076120,0.019666,0.244771
0.046546,0.177638,0.046540,0.026340,0.028944,0.111570,0.099618,0.260000,0.023438,0.179366
0.016372,0.249634,0.016369,0.007810,0.008636,0.146060,0.047813,0.254142,0.007315,0.245848
0.015533,0.189071,0.015530,0.005916,0.007089,0.097623,0.385618,0.088799,0.005203,0.189618
0.005246,0.038680,0.005245,0.002993,0.003063,0.856650,0.015867,0.030298,0.003540,0.038418
0.032810,0.173122,0.032809,0.034422,0.026845,0.115126,0.064010,0.318174,0.027538,0.175144
0.009263,0.178449,0.009262,0.007914,0.007563,0.133169,0.249821,0.214801,0.008228,0.181529
0.021598,0.089883,0.021594,0.008341,0.009105,0.100461,0.579748,0.073962,0.004771,0.090538
0.022948,0.245468,0.022944,0.008434,0.014719,0.132197,0.180479,0.111980,0.014828,0.246005
0.012365,0.112085,0.012364,0.008792,0.008191,0.069627,0.037140,0.616917,0.009165,0.113355
0.018450,0.265598,0.018446,0.007079,0.008203,0.156669,0.037852,0.209236,0.010590,0.267879
0.022468,0.165668,0.022466,0.019221,0.019537,0.157398,0.063971,0.337640,0.020483,0.171148
0.035343,0.191372,0.035338,0.015901,0.018391,0.155803,0.099893,0.237977,0.018571,0.191410
0.021443,0.215211,0.021441,0.012582,0.015361,0.100716,0.060130,0.302773,0.032544,0.217799
0.023811,0.234735,0.023804,0.006104,0.007317,0.246184,0.074268,0.141778,0.003936,0.238064
0.018659,0.202024,0.018657,0.011812,0.012618,0.257243,0.193260,0.075666,0.010104,0.199957
0.028235,0.225640,0.028234,0.019147,0.018178,0.148470,0.152936,0.137913,0.016547,0.224699
0.011359,0.006687,0.011359,0.924554,0.012074,0.005880,0.013599,0.004465,0.003347,0.006675
0.102126,0.150320,0.102111,0.083686,0.057440,0.102046,0.088954,0.124547,0.040092,0.148678
0.260488,0.104520,0.260459,0.032105,0.058061,0.077713,0.037577,0.049442,0.015848,0.103786
0.035844,0.193630,0.035841,0.025851,0.028538,0.121139,0.129838,0.209071,0.025661,0.194587
0.015604,0.148131,0.015601,0.008365,0.008122,0.084769,0.039420,0.523403,0.006069,0.150516
0.024119,0.180890,0.024117,0.014159,0.015124,0.154364,0.314455,0.078547,0.014061,0.180164
0.043869,0.179267,0.043865,0.035921,0.031060,0.142399,0.074087,0.236117,0.032780,0.180635
0.020496,0.091656,0.020490,0.006395,0.006542,0.122154,0.587293,0.044465,0.008179,0.092331
0.014025,0.132322,0.014023,0.007804,0.008325,0.213156,0.319336,0.150268,0.006408,0.134332
0.016471,0.153364,0.016468,0.006172,0.006879,0.139980,0.421050,0.079817,0.005355,0.154444
0.114035,0.026648,0.114051,0.533041,0.104790,0.021645,0.022272,0.017688,0.019332,0.026498
0.045556,0.179513,0.045544,0.019971,0.020627,0.085381,0.145397,0.214569,0.062734,0.180707
0.038423,0.193802,0.038419,0.026700,0.025643,0.130579,0.097866,0.223171,0.031007,0.194391
0.010074,0.138195,0.010073,0.005992,0.006157,0.081547,0.027956,0.572400,0.006755,0.140851
0.060096,0.221839,0.060085,0.018268,0.027536,0.128008,0.083265,0.160617,0.018640,0.221646
0.026922,0.186440,0.026918,0.013077,0.014024,0.320938,0.137430,0.075950,0.014467,0.183833
0.041652,0.186846,0.041649,0.038951,0.031573,0.149941,0.098872,0.193185,0.032483,0.184847
0.010421,0.116193,0.010419,0.004990,0.005565,0.646013,0.034629,0.053370,0.004514,0.113885
0.080667,0.147727,0.080661,0.069650,0.064342,0.117315,0.086665,0.141328,0.063916,0.147730
0.028402,0.223065,0.028398,0.013683,0.015526,0.172651,0.123009,0.160111,0.010848,0.224308
0.042775,0.165598,0.042771,0.040887,0.031284,0.151287,0.132428,0.200611,0.025320,0.167039
0.020843,0.136557,0.020839,0.008376,0.008839,0.443672,0.153617,0.064904,0.005575,0.136779
0.038133,0.180349,0.038130,0.026221,0.026290,0.155694,0.077809,0.220726,0.054629,0.182020
0.047786,0.161479,0.047779,0.024550,0.026999,0.221128,0.086189,0.189528,0.031503,0.163059
0.070874,0.155833,0.070869,0.031526,0.036925,0.080060,0.314188,0.062966,0.022017,0.154743
0.005320,0.164496,0.005320,0.003961,0.003793,0.107231,0.234367,0.303865,0.003896,0.167750
0.004480,0.142200,0.004479,0.002066,0.002345,0.105526,0.226691,0.364958,0.001825,0.145429
0.016336,0.204893,0.016334,0.007347,0.008754,0.187653,0.069130,0.275047,0.006966,0.207539
0.016253,0.200327,0.016251,0.009825,0.011278,0.139483,0.055545,0.337265,0.010421,0.203352
0.010077,0.125550,0.010076,0.006270,0.007005,0.121362,0.047378,0.538979,0.006262,0.127041
0.013808,0.275604,0.013806,0.006389,0.007034,0.172120,0.076020,0.151546,0.006643,0.277030
0.006024,0.078222,0.006022,0.002402,0.002559,0.057403,0.737232,0.030883,0.002177,0.077075
0.048125,0.181594,0.048121,0.033372,0.032483,0.111990,0.118973,0.202023,0.041556,0.181764
0.030667,0.156840,0.030664,0.018381,0.019648,0.121418,0.055529,0.392522,0.016805,0.157527
0.012397,0.154338,0.012396,0.007137,0.007939,0.081417,0.068661,0.493303,0.006665,0.155747
0.008460,0.128781,0.008458,0.004625,0.004600,0.063726,0.021743,0.624601,0.003503,0.131503
0.039769,0.192184,0.039765,0.020161,0.023493,0.098922,0.172922,0.201424,0.018435,0.192924
0.018682,0.124262,0.018680,0.013766,0.014431,0.074100,0.058348,0.539250,0.013578,0.124903
0.025434,0.181852,0.025429,0.009505,0.010344,0.249974,0.237954,0.069116,0.007354,0.183038
0.004859,0.028197,0.004858,0.001789,0.002037,0.868668,0.047155,0.012917,0.001163,0.028357
0.008702,0.128493,0.008701,0.005177,0.005817,0.071719,0.047823,0.588594,0.005205,0.129770
0.012731,0.248358,0.012729,0.007377,0.006930,0.178055,0.031605,0.244748,0.008537,0.248929
0.037921,0.187326,0.037915,0.018791,0.020868,0.186025,0.056831,0.248655,0.015387,0.190282
0.005425,0.054615,0.005424,0.003834,0.003941,0.045459,0.759866,0.063290,0.002770,0.055374
0.082210,0.193149,0.082206,0.032935,0.050222,0.137931,0.084039,0.077798,0.069828,0.189681
0.170829,0.170973,0.170786,0.028457,0.045317,0.083995,0.060433,0.081884,0.021033,0.166291
0.010928,0.054613,0.010926,0.005231,0.005780,0.041911,0.763961,0.048400,0.003359,0.054892
0.043567,0.208934,0.043556,0.020933,0.019771,0.174897,0.056257,0.207759,0.012290,0.212036
0.031010,0.263095,0.031007,0.010696,0.012950,0.215767,0.065326,0.105366,0.008043,0.256741
0.041640,0.246635,0.041634,0.019215,0.026053,0.115211,0.072063,0.168628,0.023570,0.245350
0.004576,0.038572,0.004576,0.003362,0.003433,0.032194,0.829473,0.042506,0.002379,0.038930
0.043397,0.217063,0.043387,0.024263,0.023037,0.176131,0.075880,0.162086,0.017256,0.217500
0.013016,0.133796,0.013014,0.006807,0.006891,0.125847,0.446455,0.113231,0.005136,0.135807
0.025601,0.181307,0.025598,0.012442,0.012854,0.161747,0.035241,0.354323,0.007976,0.182910
0.024534,0.139891,0.024533,0.013915,0.016991,0.109847,0.055922,0.454384,0.018836,0.141146
0.009880,0.271356,0.009878,0.002967,0.003921,0.116983,0.257041,0.064077,0.002396,0.261502
0.028838,0.199406,0.028842,0.009711,0.019484,0.154027,0.057080,0.293784,0.005703,0.203125
0.023443,0.175173,0.023440,0.013048,0.013903,0.130230,0.057788,0.373659,0.010970,0.178346
0.030488,0.155089,0.030484,0.013787,0.016862,0.119493,0.321231,0.144113,0.012226,0.156227
0.059071,0.175794,0.059071,0.039869,0.045180,0.116261,0.114461,0.175038,0.038573,0.176681
0.017910,0.127078,0.017907,0.012411,0.011249,0.104906,0.472591,0.098278,0.011164,0.126506
0.027581,0.183928,0.027576,0.013085,0.013342,0.285044,0.099941,0.136679,0.027633,0.185191
0.017928,0.178855,0.017926,0.012764,0.013663,0.158590,0.076960,0.326353,0.013995,0.182967
0.012633,0.131155,0.012632,0.006468,0.006424,0.233312,0.284279,0.175598,0.004435,0.133065
0.019083,0.155040,0.019082,0.014420,0.015112,0.101014,0.072660,0.430697,0.014558,0.158335
0.075776,0.196849,0.075764,0.020044,0.031915,0.112933,0.113007,0.162228,0.013780,0.197704
0.031794,0.151997,0.031792,0.023925,0.025458,0.131216,0.086405,0.339913,0.024396,0.153104
0.027016,0.165279,0.027013,0.016564,0.017338,0.181400,0.055989,0.326480,0.017311,0.165611
0.006061,0.028192,0.006061,0.005123,0.004948,0.025837,0.872155,0.019368,0.003901,0.028353
0.039665,0.187821,0.039663,0.031639,0.032442,0.148388,0.102787,0.196790,0.031261,0.189543
0.022786,0.215050,0.022782,0.010314,0.010474,0.199989,0.129180,0.164625,0.006794,0.218006
0.086473,0.189834,0.086466,0.034958,0.044454,0.149157,0.089445,0.104359,0.027599,0.187254
0.018989,0.253296,0.018985,0.010172,0.010939,0.163376,0.056123,0.202194,0.010130,0.255796
0.032183,0.244386,0.032180,0.016748,0.019909,0.150197,0.080764,0.161780,0.016561,0.245291
0.092115,0.188976,0.092092,0.025750,0.034579,0.137632,0.082520,0.132103,0.025410,0.188822
0.033885,0.208938,0.033881,0.021964,0.020825,0.144351,0.055655,0.161257,0.110108,0.209136
0.037773,0.199971,0.037771,0.026798,0.031515,0.119946,0.124934,0.188936,0.031520,0.200838
0.033513,0.222564,0.033511,0.024822,0.025762,0.150486,0.113788,0.147006,0.026028,0.222520
0.018174,0.149817,0.018173,0.014077,0.013960,0.088941,0.067016,0.460493,0.016225,0.153124
0.019716,0.184800,0.019714,0.010719,0.011962,0.090961,0.083276,0.373099,0.018693,0.187061
0.020811,0.184801,0.020808,0.009160,0.010677,0.130496,0.047459,0.377882,0.010640,0.187266
0.009446,0.211253,0.009444,0.003469,0.004076,0.105093,0.080690,0.359536,0.003272,0.213721
0.009603,0.156161,0.009601,0.004021,0.004934,0.077520,0.087110,0.486461,0.005623,0.158966
0.038778,0.205961,0.038771,0.014327,0.018634,0.161661,0.075257,0.225840,0.013961,0.206810
0.040885,0.176134,0.040881,0.024529,0.027145,0.173602,0.089235,0.227605,0.021877,0.178106
0.057959,0.191166,0.057954,0.031560,0.033573,0.139817,0.068975,0.186673,0.040499,0.191824
0.047093,0.209080,0.047085,0.021217,0.026244,0.109631,0.096011,0.216249,0.017389,0.210001
0.009759,0.209647,0.009758,0.005831,0.006685,0.117309,0.213348,0.207797,0.006319,0.213547
0.026361,0.205401,0.026358,0.017869,0.018139,0.156050,0.101367,0.229359,0.015406,0.203689
0.027985,0.176050,0.027980,0.010913,0.013604,0.155932,0.068639,0.311586,0.028721,0.178592
0.087816,0.175431,0.087804,0.039404,0.046651,0.107357,0.088197,0.162261,0.030128,0.174950
0.004978,0.188002,0.004977,0.002132,0.002307,0.178940,0.171918,0.253748,0.001632,0.191365
0.014714,0.211663,0.014712,0.007419,0.008133,0.084421,0.045281,0.394641,0.008032,0.210985
0.045392,0.196379,0.045388,0.029480,0.032376,0.143409,0.113252,0.165075,0.032417,0.196832
0.025044,0.150288,0.025041,0.009600,0.012925,0.106095,0.302741,0.208836,0.007801,0.151629
0.062300,0.192291,0.062290,0.025134,0.032020,0.192852,0.132557,0.091149,0.019327,0.190079
0.038314,0.225017,0.038311,0.024069,0.029547,0.143899,0.104400,0.136787,0.033103,0.226554
0.009981,0.073769,0.009979,0.004778,0.004754,0.074204,0.690608,0.054517,0.003043,0.074367
0.004211,0.029264,0.004210,0.002706,0.002982,0.880371,0.012519,0.031878,0.002334,0.029525
0.057067,0.217137,0.057058,0.023276,0.024259,0.157004,0.090549,0.140312,0.014812,0.218527
0.023640,0.226835,0.023636,0.010601,0.012621,0.194856,0.098916,0.168961,0.010444,0.229488
0.165484,0.124177,0.165432,0.054302,0.060811,0.078008,0.115706,0.074730,0.037744,0.123605
0.051028,0.088931,0.051018,0.015266,0.018592,0.084566,0.557270,0.034918,0.009728,0.088683
0.008002,0.183887,0.008001,0.005323,0.005808,0.096248,0.050851,0.447660,0.005293,0.188927
0.008048,0.066912,0.008046,0.004374,0.003899,0.082812,0.709124,0.046508,0.002798,0.067479
0.030688,0.254255,0.030684,0.016473,0.018465,0.122709,0.106531,0.146412,0.016996,0.256787
0.054399,0.221838,0.054393,0.031302,0.036118,0.117750,0.104419,0.131808,0.025388,0.222585
0.045774,0.228373,0.045772,0.028209,0.031920,0.118644,0.102515,0.143691,0.025749,0.229352
0.077799,0.153975,0.077793,0.044815,0.054369,0.107589,0.107004,0.172800,0.049056,0.154802
0.043441,0.235347,0.043439,0.027898,0.032400,0.115588,0.103741,0.138183,0.023178,0.236784
0.003622,0.141262,0.003622,0.001977,0.002273,0.099012,0.043706,0.557225,0.002073,0.145229
0.101982,0.166556,0.101959,0.044753,0.052279,0.093209,0.097280,0.138750,0.037045,0.166186
0.021582,0.217967,0.021579,0.009397,0.010950,0.111201,0.173389,0.206936,0.007768,0.219231
0.002822,0.024895,0.002822,0.001780,0.001859,0.031526,0.896682,0.011368,0.001444,0.024802
0.077293,0.167635,0.077282,0.041558,0.046239,0.111372,0.112093,0.161352,0.037972,0.167203
0.002266,0.019719,0.002266,0.000813,0.001080,0.921856,0.018727,0.012814,0.000517,0.019942
0.010257,0.129390,0.010256,0.006049,0.006958,0.068347,0.048340,0.582583,0.006023,0.131797
0.024652,0.134890,0.024651,0.020207,0.019292,0.123780,0.090250,0.408174,0.018170,0.135934
0.012323,0.141680,0.012322,0.006971,0.007659,0.110475,0.385524,0.172796,0.006350,0.143900
0.025976,0.151054,0.025973,0.015995,0.017038,0.085461,0.063089,0.445452,0.015738,0.154223
0.021994,0.121832,0.021992,0.013875,0.015398,0.078522,0.068581,0.521885,0.013313,0.122606
0.003885,0.091267,0.003884,0.002666,0.002841,0.050473,0.035068,0.713379,0.002711,0.093826
0.001105,0.012013,0.001105,0.000702,0.000756,0.011004,0.951682,0.008836,0.000625,0.012172
0.001458,0.017539,0.001458,0.000611,0.000705,0.027309,0.922532,0.010206,0.000459,0.017724
0.004451,0.082801,0.004451,0.002737,0.002952,0.041650,0.030717,0.742349,0.002683,0.085210
0.013780,0.081944,0.013779,0.007945,0.009725,0.094549,0.626122,0.062408,0.006797,0.082952
0.002054,0.052174,0.002054,0.001010,0.000975,0.044340,0.813818,0.029657,0.000838,0.053079
0.019965,0.140970,0.019963,0.014811,0.014993,0.119557,0.060358,0.454347,0.012535,0.142501
0.005213,0.037076,0.005212,0.001821,0.002146,0.020432,0.878451,0.011964,0.001335,0.036348
0.024605,0.292058,0.024601,0.008948,0.010905,0.197787,0.048261,0.097864,0.009343,0.285628
0.015025,0.175586,0.015024,0.010891,0.010856,0.107958,0.043490,0.431056,0.011573,0.178541
0.050645,0.203501,0.050639,0.029084,0.032726,0.113898,0.100050,0.185328,0.030536,0.203594
0.007357,0.037914,0.007356,0.004938,0.005156,0.033942,0.827841,0.033468,0.003937,0.038092
0.011094,0.135308,0.011093,0.005328,0.005977,0.082940,0.461595,0.145246,0.004057,0.137362
0.015887,0.220891,0.015884,0.006327,0.007364,0.093430,0.040155,0.368922,0.007287,0.223854
0.044163,0.215615,0.044155,0.021689,0.023158,0.130703,0.082490,0.190831,0.029967,0.217228
0.029993,0.240683,0.029991,0.013103,0.014715,0.142324,0.096454,0.165505,0.024680,0.242551
0.015163,0.137201,0.015161,0.006397,0.007704,0.074027,0.470744,0.129193,0.005975,0.138435
0.012911,0.120440,0.012910,0.008674,0.008088,0.132886,0.514009,0.063095,0.005815,0.121171
0.020393,0.212817,0.020391,0.013198,0.014062,0.097129,0.148721,0.242355,0.016719,0.214215
0.048953,0.182859,0.048948,0.031738,0.034189,0.119512,0.111638,0.206195,0.032440,0.183529
0.121769,0.182862,0.121736,0.033889,0.039379,0.111260,0.098246,0.087707,0.021383,0.181770
0.023599,0.203033,0.023596,0.011586,0.011932,0.253314,0.044764,0.171199,0.051639,0.205339
0.023151,0.181551,0.023149,0.018978,0.016902,0.225074,0.079695,0.223999,0.024107,0.183394
0.101775,0.162349,0.101771,0.038809,0.052267,0.103544,0.073112,0.144395,0.059203,0.162775
0.023313,0.164530,0.023312,0.016265,0.017117,0.166919,0.306882,0.093629,0.022717,0.165315
0.010530,0.160677,0.010529,0.006172,0.007050,0.096665,0.045144,0.493344,0.005898,0.163991
0.007403,0.145718,0.007402,0.005250,0.005385,0.100115,0.437619,0.137096,0.006497,0.147515
0.041141,0.175806,0.041135,0.022147,0.023926,0.147133,0.084106,0.268325,0.017073,0.179208
0.282311,0.050099,0.282397,0.053642,0.160550,0.036772,0.034626,0.031700,0.018075,0.049827
0.027095,0.148778,0.027092,0.011650,0.013026,0.140878,0.370804,0.103047,0.008512,0.149119
0.017292,0.166418,0.017292,0.012640,0.015563,0.142966,0.298895,0.147431,0.013508,0.167993
0.066070,0.161865,0.066072,0.044244,0.088669,0.128324,0.091674,0.160373,0.030038,0.162671
0.009248,0.039818,0.009247,0.004493,0.004737,0.036931,0.828456,0.023996,0.003269,0.039804
0.001838,0.017119,0.001837,0.000740,0.000858,0.931507,0.020918,0.007505,0.000669,0.017009
0.035603,0.164865,0.035596,0.014573,0.017569,0.207045,0.270539,0.077587,0.011169,0.165455
0.035613,0.200666,0.035609,0.020701,0.023651,0.173384,0.071865,0.216759,0.018963,0.202789
0.020073,0.183591,0.020070,0.007814,0.009194,0.348341,0.120075,0.100618,0.006117,0.184108
0.071254,0.159047,0.071256,0.055949,0.077855,0.109053,0.088927,0.169696,0.036834,0.160128
0.014279,0.174006,0.014276,0.005809,0.005136,0.115163,0.435677,0.061017,0.004025,0.170612
0.042143,0.178217,0.042136,0.017476,0.022132,0.143509,0.244113,0.119079,0.015628,0.175566
0.165383,0.171037,0.165359,0.026155,0.046427,0.117363,0.074027,0.052815,0.013742,0.167692
0.029795,0.168679,0.029791,0.013093,0.014579,0.301766,0.149861,0.114280,0.009151,0.169006
0.013324,0.206080,0.013322,0.007885,0.007675,0.113907,0.251542,0.173488,0.005938,0.206840
0.001071,0.013194,0.001071,0.000466,0.000573,0.944950,0.014695,0.010153,0.000428,0.013399
0.010533,0.192920,0.010532,0.006080,0.006307,0.165859,0.082348,0.322165,0.005576,0.197680
0.055362,0.148062,0.055356,0.019751,0.024294,0.131093,0.309705,0.092825,0.015136,0.148416
0.015380,0.097619,0.015378,0.008223,0.007908,0.123789,0.571522,0.056039,0.005602,0.098539
0.059139,0.204867,0.059125,0.015385,0.020587,0.251409,0.077267,0.078125,0.029306,0.204791
0.017160,0.125116,0.017158,0.011168,0.011066,0.134611,0.054189,0.491438,0.011306,0.126788
0.061540,0.149224,0.061526,0.018057,0.023693,0.411148,0.048924,0.064800,0.013834,0.147253
0.016770,0.206690,0.016767,0.008622,0.008672,0.285502,0.047924,0.187072,0.012345,0.209637
0.073949,0.161364,0.073931,0.021411,0.027221,0.137230,0.223215,0.105318,0.013707,0.162655
0.034011,0.143588,0.034003,0.017662,0.016820,0.141538,0.351422,0.104932,0.011969,0.144055
0.024574,0.185579,0.024571,0.014767,0.015457,0.119289,0.062811,0.348183,0.016882,0.187887
0.034249,0.190090,0.034245,0.020821,0.023035,0.156107,0.074260,0.249033,0.027335,0.190824
0.047594,0.136992,0.047590,0.015859,0.020842,0.146962,0.350075,0.087583,0.008937,0.137566
0.068588,0.182347,0.068584,0.023404,0.031030,0.150280,0.167630,0.085220,0.042647,0.180272
0.036786,0.189582,0.036782,0.020243,0.023555,0.197404,0.080218,0.183587,0.042087,0.189755
0.010513,0.146277,0.010512,0.005169,0.006335,0.094382,0.426322,0.148475,0.004184,0.147832
0.012018,0.153639,0.012015,0.003820,0.004444,0.131310,0.477441,0.048743,0.003019,0.153550
0.024700,0.142558,0.024697,0.016721,0.016526,0.165284,0.055955,0.394638,0.014226,0.144695
0.026230,0.175669,0.026226,0.013005,0.012259,0.146723,0.278155,0.129015,0.016273,0.176445
0.021217,0.161856,0.021214,0.012419,0.014282,0.162587,0.232690,0.197885,0.012477,0.163373
0.049019,0.231106,0.049008,0.015598,0.019893,0.187474,0.057999,0.143017,0.015043,0.231843
0.025054,0.162291,0.025052,0.020018,0.018266,0.208038,0.224106,0.135243,0.018576,0.163356
0.005519,0.209109,0.005518,0.003183,0.003324,0.132914,0.032260,0.398722,0.003122,0.206328
0.017549,0.215283,0.017546,0.010220,0.010544,0.136782,0.063986,0.299890,0.010073,0.218127
0.022548,0.161350,0.022547,0.017015,0.017435,0.116717,0.054891,0.363344,0.059626,0.164527
0.029419,0.199395,0.029417,0.019470,0.022834,0.116244,0.058664,0.310401,0.018854,0.195301
0.051129,0.160565,0.051127,0.013347,0.019449,0.105283,0.045120,0.384751,0.007329,0.161900
0.027290,0.190223,0.027288,0.012545,0.015793,0.304558,0.086953,0.132202,0.012218,0.190930
0.024244,0.198820,0.024239,0.009326,0.011547,0.239740,0.107188,0.174806,0.009734,0.200356
0.004042,0.128227,0.004042,0.002660,0.002735,0.300831,0.023809,0.399938,0.002561,0.131155
0.015750,0.235051,0.015748,0.006284,0.007596,0.114754,0.055783,0.306831,0.005645,0.236557
0.029057,0.099468,0.029054,0.013752,0.015111,0.084886,0.559709,0.044870,0.024800,0.099292
0.010939,0.228084,0.010937,0.005311,0.005827,0.203113,0.149817,0.148719,0.005484,0.231771
0.011008,0.192984,0.011005,0.004390,0.005175,0.101967,0.077789,0.395697,0.004289,0.195696
0.061407,0.135625,0.061406,0.018030,0.031085,0.129121,0.361458,0.057107,0.008988,0.135773
0.029712,0.152233,0.029705,0.010466,0.012222,0.082931,0.034494,0.485511,0.008474,0.154252
0.033614,0.215810,0.033611,0.024345,0.023071,0.171883,0.090058,0.168084,0.027458,0.212064
0.007791,0.053035,0.007790,0.004176,0.004681,0.048717,0.781182,0.035301,0.003826,0.053501
0.041987,0.217460,0.041981,0.020882,0.021544,0.153053,0.061180,0.202288,0.020986,0.218638
0.006667,0.149245,0.006666,0.003368,0.003523,0.183170,0.022576,0.470376,0.002584,0.151823
0.011738,0.123636,0.011736,0.006914,0.007191,0.419890,0.239522,0.050794,0.006371,0.122207
0.037426,0.103555,0.037423,0.018377,0.017713,0.132383,0.492054,0.047613,0.010690,0.102765
0.026710,0.215320,0.026706,0.014227,0.016300,0.232040,0.076881,0.165364,0.015335,0.211117
0.066813,0.169015,0.066808,0.045588,0.047608,0.108573,0.100329,0.171028,0.054893,0.169345
0.037749,0.198334,0.037744,0.020080,0.022202,0.166818,0.078260,0.214278,0.024193,0.200342
0.037751,0.227951,0.037746,0.021327,0.024225,0.151822,0.151911,0.101514,0.018900,0.226852
0.042660,0.199897,0.042653,0.020665,0.024530,0.151891,0.070304,0.088080,0.159434,0.199885
0.014556,0.229941,0.014555,0.011227,0.010657,0.186067,0.087234,0.208666,0.010053,0.227043
0.040230,0.216021,0.040226,0.024875,0.027058,0.175576,0.093604,0.132567,0.034418,0.215425
0.010492,0.188211,0.010490,0.005307,0.006077,0.133927,0.335891,0.112875,0.005733,0.190995
0.040230,0.216021,0.040226,0.024875,0.027058,0.175576,0.093604,0.132567,0.034418,0.215425
0.076606,0.187009,0.076593,0.031798,0.040571,0.175137,0.131531,0.067689,0.030876,0.182190
0.006527,0.061772,0.006526,0.002864,0.003181,0.055654,0.769666,0.029853,0.002845,0.061112
0.031860,0.243887,0.031855,0.016723,0.018087,0.123106,0.090062,0.183965,0.015660,0.244795
0.007496,0.195912,0.007495,0.004907,0.005162,0.138462,0.121334,0.307846,0.012453,0.198932
0.026146,0.213043,0.026144,0.014486,0.018437,0.123518,0.097310,0.252406,0.013151,0.215360
0.010306,0.145638,0.010304,0.005928,0.006260,0.071007,0.033381,0.563438,0.005759,0.147980
0.023374,0.131380,0.023371,0.011930,0.012699,0.143121,0.392105,0.118578,0.010735,0.132707
0.019695,0.145843,0.019690,0.008725,0.008297,0.469005,0.139838,0.038431,0.005780,0.144695
0.003392,0.018837,0.003391,0.002096,0.002298,0.023764,0.915176,0.010044,0.002141,0.018861
0.035093,0.153647,0.035089,0.017777,0.019631,0.409891,0.060651,0.101399,0.012877,0.153947
0.015449,0.188926,0.015447,0.007032,0.013861,0.144737,0.300701,0.117861,0.005096,0.190891
0.010524,0.233007,0.010522,0.003467,0.004341,0.188357,0.083457,0.226316,0.003221,0.236788
0.077167,0.186698,0.077154,0.023314,0.031692,0.130808,0.138384,0.123605,0.025225,0.185952
0.028337,0.213211,0.028334,0.017729,0.019750,0.140202,0.124452,0.200874,0.017242,0.209870
0.026506,0.225343,0.026503,0.014212,0.016436,0.115461,0.137046,0.174343,0.038469,0.225682
0.007680,0.039786,0.007679,0.006071,0.005896,0.034829,0.827737,0.025584,0.004734,0.040003
0.008395,0.045802,0.008393,0.003287,0.003667,0.818048,0.013809,0.048995,0.003309,0.046295
0.006252,0.093272,0.006251,0.004023,0.004141,0.047431,0.049998,0.690377,0.003924,0.094329
0.079753,0.188284,0.079757,0.024854,0.040064,0.122106,0.101809,0.160556,0.014538,0.188279
0.040429,0.182686,0.040426,0.023551,0.026162,0.168259,0.074366,0.238150,0.020598,0.185373
0.013248,0.155979,0.013246,0.006981,0.007366,0.113850,0.043581,0.480746,0.006558,0.158444
0.009641,0.116121,0.009640,0.005605,0.005901,0.442528,0.031749,0.255602,0.005424,0.117789
0.016743,0.214027,0.016741,0.013689,0.012763,0.190826,0.097828,0.211921,0.013094,0.212369
0.019236,0.157477,0.019234,0.009782,0.010451,0.252809,0.278081,0.089325,0.007309,0.156297
0.013425,0.194630,0.013423,0.008322,0.009618,0.141203,0.111280,0.302419,0.008014,0.197665
0.079110,0.194866,0.079095,0.022267,0.028801,0.186212,0.063795,0.106126,0.044093,0.195636
0.006591,0.198189,0.006590,0.002348,0.002758,0.340020,0.104653,0.135290,0.002454,0.201108
0.016106,0.193252,0.016102,0.007198,0.007656,0.103656,0.112454,0.341591,0.004991,0.196994
0.019744,0.201830,0.019743,0.014154,0.015034,0.184237,0.073035,0.251620,0.015054,0.205549
0.014062,0.144020,0.014060,0.006578,0.006629,0.488845,0.106790,0.068800,0.004769,0.145448
0.135449,0.129561,0.135429,0.030283,0.039276,0.095673,0.246650,0.048645,0.009882,0.129152
0.087966,0.188714,0.087947,0.023155,0.028043,0.115067,0.105325,0.116008,0.057474,0.190301
0.019929,0.098408,0.019926,0.009746,0.010461,0.079315,0.604540,0.052460,0.006897,0.098318
0.053467,0.188585,0.053457,0.025701,0.029254,0.228314,0.103126,0.108007,0.020535,0.189554
0.013570,0.022252,0.013569,0.005452,0.006912,0.017651,0.886826,0.009202,0.002349,0.022217
0.076471,0.173742,0.076460,0.028650,0.043315,0.099234,0.143057,0.163350,0.023142,0.172578
0.047649,0.195715,0.047636,0.014767,0.019639,0.327505,0.087262,0.058555,0.010382,0.190889
0.024403,0.271170,0.024399,0.016125,0.014647,0.116507,0.116050,0.132988,0.017835,0.265875
0.045866,0.239312,0.045859,0.031319,0.022057,0.115139,0.093389,0.080894,0.091628,0.234539
0.018611,0.251573,0.018607,0.008531,0.008599,0.167472,0.046045,0.225686,0.007232,0.247642
0.015163,0.220236,0.015161,0.008272,0.009382,0.142870,0.051189,0.311618,0.009696,0.216414
0.029346,0.250580,0.029340,0.013434,0.014098,0.148391,0.066030,0.187877,0.012789,0.248114
0.028711,0.212592,0.028708,0.026711,0.019653,0.142894,0.054459,0.237616,0.036786,0.211871
0.054564,0.258866,0.054548,0.013966,0.017850,0.138502,0.118509,0.082957,0.008842,0.251395
0.089838,0.216569,0.089819,0.029369,0.030786,0.115545,0.071675,0.078703,0.066570,0.211126
0.155346,0.174785,0.155301,0.036165,0.044333,0.096168,0.068607,0.068299,0.030076,0.170920
0.076406,0.209253,0.076407,0.019220,0.027136,0.219157,0.048023,0.109063,0.009498,0.205836
0.031813,0.224259,0.031804,0.008856,0.011902,0.133119,0.254844,0.075918,0.008103,0.219380
0.038180,0.274476,0.038175,0.021409,0.023863,0.145603,0.064867,0.095327,0.032437,0.265663
0.012870,0.229282,0.012868,0.005478,0.006531,0.095608,0.329903,0.080359,0.004662,0.222439
0.018977,0.224521,0.018974,0.010232,0.010870,0.150019,0.098612,0.230414,0.010542,0.226838
0.010838,0.166562,0.010837,0.005729,0.006708,0.153855,0.041436,0.427060,0.007209,0.169768
0.040724,0.221490,0.040718,0.021665,0.024422,0.120090,0.053941,0.221830,0.033012,0.222107
0.007864,0.179597,0.007863,0.004311,0.004706,0.114235,0.311933,0.181869,0.004341,0.183282
0.009440,0.124724,0.009440,0.006522,0.006726,0.081140,0.038070,0.590959,0.006512,0.126467
0.014312,0.188852,0.014309,0.007260,0.007395,0.171043,0.228034,0.171977,0.007761,0.189057
0.030866,0.141692,0.030861,0.014277,0.015121,0.207866,0.274896,0.130426,0.011809,0.142185
0.012269,0.192863,0.012266,0.004492,0.004877,0.397700,0.074665,0.100328,0.005091,0.195449
0.008620,0.204878,0.008619,0.005347,0.005765,0.160489,0.052403,0.338903,0.005554,0.209422
0.018909,0.195780,0.018907,0.008030,0.009681,0.187254,0.205428,0.147675,0.010797,0.197539
0.011075,0.108283,0.011074,0.009207,0.009497,0.114802,0.528952,0.088685,0.009430,0.108995
0.024970,0.201188,0.024966,0.011151,0.012384,0.186845,0.045504,0.275768,0.013220,0.204003
0.079166,0.192881,0.079151,0.028064,0.032001,0.202242,0.098074,0.069357,0.030402,0.188664
0.060298,0.155765,0.060294,0.036804,0.039026,0.167478,0.073695,0.207615,0.042489,0.156536
0.006446,0.087660,0.006445,0.003266,0.003554,0.056897,0.654978,0.090967,0.002251,0.087536
0.040632,0.157843,0.040626,0.019660,0.020506,0.390499,0.089055,0.067888,0.017775,0.155516
0.131927,0.130731,0.131909,0.118170,0.076985,0.083720,0.073922,0.090430,0.031871,0.130336
0.044473,0.208748,0.044467,0.020271,0.026502,0.180716,0.103824,0.139172,0.022212,0.209615
0.052144,0.112590,0.052138,0.032426,0.050566,0.095304,0.388451,0.088680,0.014750,0.112950
0.020067,0.116619,0.020066,0.009297,0.010902,0.102404,0.548390,0.049375,0.006834,0.116046
0.028571,0.212331,0.028564,0.011151,0.012851,0.177877,0.052260,0.250676,0.010337,0.215382
0.043824,0.187519,0.043815,0.017703,0.020391,0.127712,0.052603,0.300715,0.016341,0.189377
0.005626,0.019373,0.005625,0.002076,0.002535,0.019295,0.914396,0.010080,0.001584,0.019411
0.011451,0.175549,0.011450,0.004985,0.006056,0.076501,0.469935,0.068333,0.003638,0.172102
0.070479,0.195161,0.070477,0.038475,0.074690,0.122712,0.061806,0.109027,0.064747,0.192427
0.030201,0.250161,0.030198,0.010193,0.016852,0.208362,0.133811,0.067051,0.008673,0.244499
0.020865,0.341750,0.020859,0.006977,0.007595,0.121927,0.033710,0.108108,0.011016,0.327191
0.022354,0.245812,0.022352,0.011332,0.013867,0.151560,0.070357,0.199838,0.014984,0.247545
0.046292,0.168881,0.046289,0.032136,0.032591,0.118821,0.067047,0.263704,0.055223,0.169018
0.008732,0.132824,0.008731,0.004473,0.004895,0.119227,0.491542,0.090104,0.005082,0.134391
0.026106,0.253704,0.026103,0.011034,0.015989,0.197413,0.057691,0.106963,0.052654,0.252343
0.022657,0.205342,0.022655,0.015404,0.014981,0.152929,0.042467,0.126310,0.194578,0.202677
0.005779,0.096712,0.005778,0.002896,0.003217,0.043948,0.015814,0.722954,0.003524,0.099379
0.024261,0.219316,0.024255,0.008597,0.009710,0.192552,0.049174,0.242496,0.007838,0.221801
0.046682,0.246550,0.046675,0.020051,0.021538,0.107303,0.069992,0.096112,0.099328,0.245768
0.023182,0.224598,0.023179,0.015622,0.016247,0.117896,0.063231,0.268190,0.021078,0.226776
0.035853,0.246408,0.035848,0.016981,0.019589,0.205117,0.066281,0.110059,0.018384,0.245479
0.011846,0.174725,0.011844,0.005348,0.005038,0.316419,0.148805,0.143067,0.004695,0.178214
0.046708,0.155541,0.046697,0.013123,0.015007,0.115205,0.387545,0.057516,0.007975,0.154683
0.017082,0.212913,0.017080,0.006644,0.008819,0.300953,0.154273,0.063298,0.008029,0.210909
0.015812,0.172638,0.015810,0.008811,0.009095,0.191709,0.240749,0.162779,0.007110,0.175487
0.007566,0.166213,0.007564,0.003388,0.003787,0.141083,0.231944,0.264664,0.003858,0.169932
0.022506,0.184719,0.022504,0.013826,0.014344,0.166873,0.062919,0.307217,0.018574,0.186518
0.022506,0.184719,0.022504,0.013826,0.014344,0.166873,0.062919,0.307217,0.018574,0.186518
0.057285,0.202286,0.057279,0.029897,0.034858,0.110563,0.085328,0.157142,0.063079,0.202284
0.039393,0.191092,0.039387,0.020753,0.020535,0.160023,0.057211,0.196042,0.082547,0.193018
0.008542,0.197209,0.008541,0.005231,0.005689,0.284093,0.067881,0.216302,0.005726,0.200786
0.022468,0.165668,0.022466,0.019221,0.019537,0.157398,0.063971,0.337640,0.020483,0.171148
0.028932,0.225776,0.028927,0.013799,0.012621,0.224258,0.114701,0.091433,0.033674,0.225878
0.025711,0.200078,0.025709,0.017112,0.018680,0.088353,0.058880,0.338415,0.025624,0.201439
0.007843,0.157942,0.007842,0.004843,0.004993,0.062702,0.023495,0.562644,0.007735,0.159961
0.007753,0.152690,0.007752,0.005089,0.005319,0.100811,0.028608,0.507115,0.029129,0.155734
0.049022,0.194428,0.049013,0.023884,0.022648,0.111075,0.138401,0.179352,0.036154,0.196023
0.014778,0.193444,0.014777,0.009313,0.009984,0.088120,0.047577,0.411703,0.014820,0.195484
0.007117,0.242789,0.007116,0.004584,0.004823,0.184364,0.048455,0.247886,0.006003,0.246863
0.031237,0.242892,0.031230,0.014305,0.013773,0.195457,0.042944,0.171376,0.018199,0.238588
0.016029,0.196903,0.016027,0.007894,0.008184,0.268751,0.046519,0.232322,0.006861,0.200510
0.035479,0.261557,0.035471,0.012543,0.012747,0.163699,0.050638,0.125429,0.041299,0.261139
0.043216,0.247547,0.043209,0.017307,0.020102,0.134627,0.092886,0.137837,0.020315,0.242955
0.023130,0.190638,0.023129,0.017097,0.022433,0.139342,0.076833,0.255389,0.058926,0.193085
0.015277,0.208398,0.015275,0.009550,0.010112,0.166359,0.093409,0.257916,0.011400,0.212303
0.010599,0.157696,0.010597,0.004750,0.005264,0.476684,0.136751,0.039504,0.003907,0.154247
0.033367,0.207347,0.033362,0.017850,0.016921,0.159104,0.127499,0.174829,0.019986,0.209734
0.005776,0.162882,0.005776,0.004231,0.003970,0.119858,0.034569,0.492446,0.004291,0.166200
0.273112,0.030579,0.273032,0.126144,0.091914,0.028492,0.022958,0.020603,0.102739,0.030427
0.066013,0.184352,0.066001,0.024390,0.028748,0.115668,0.089384,0.222927,0.020955,0.181563
0.056791,0.188012,0.056781,0.032646,0.034192,0.141788,0.094088,0.179943,0.028881,0.186878
0.027812,0.177677,0.027808,0.013869,0.015329,0.159995,0.286696,0.098622,0.015592,0.176601
0.069014,0.156656,0.069014,0.034867,0.070375,0.097559,0.139251,0.188412,0.016845,0.158007
0.011653,0.080648,0.011651,0.003992,0.004413,0.106113,0.640628,0.056581,0.002711,0.081611
0.011183,0.153413,0.011181,0.007749,0.008108,0.398791,0.046724,0.198954,0.008136,0.155761
0.022070,0.186229,0.022064,0.006106,0.007008,0.134101,0.039956,0.387590,0.005203,0.189674
0.028965,0.185916,0.028958,0.009458,0.011455,0.360385,0.054099,0.124959,0.008188,0.187616
0.034653,0.182728,0.034648,0.011333,0.013905,0.307188,0.088669,0.120544,0.022479,0.183853
0.167124,0.121267,0.167118,0.064589,0.090014,0.098173,0.072626,0.068193,0.030109,0.120788
0.013708,0.124719,0.013707,0.010143,0.010719,0.095308,0.054713,0.540618,0.010076,0.126289
0.004127,0.045551,0.004127,0.002327,0.002658,0.042846,0.800971,0.049398,0.001979,0.046016
0.016649,0.146277,0.016648,0.011009,0.011522,0.262125,0.250728,0.123511,0.014427,0.147104
0.003696,0.042618,0.003695,0.002237,0.002434,0.038399,0.824773,0.037587,0.001868,0.042694
0.019093,0.226593,0.019087,0.005966,0.006344,0.156634,0.183886,0.138824,0.015916,0.227657
0.016635,0.149022,0.016633,0.011761,0.011569,0.144276,0.047077,0.436073,0.014860,0.152094
0.077408,0.175104,0.077405,0.023230,0.031341,0.211151,0.111723,0.106039,0.011197,0.175402
0.007449,0.073095,0.007448,0.003774,0.004313,0.064429,0.707523,0.054843,0.003341,0.073786
0.040487,0.233768,0.040477,0.011687,0.014177,0.208794,0.095912,0.112470,0.011471,0.230758
0.017534,0.142266,0.017531,0.005834,0.007077,0.087310,0.505765,0.070880,0.004146,0.141657
0.020086,0.116718,0.020085,0.012714,0.012017,0.099301,0.523702,0.070652,0.006978,0.117746
0.015571,0.255532,0.015569,0.007685,0.007299,0.180290,0.143404,0.105960,0.012131,0.256558
0.075252,0.218873,0.075244,0.028352,0.059109,0.104496,0.095241,0.109060,0.018768,0.215605
0.029363,0.202238,0.029361,0.022543,0.023194,0.193598,0.096401,0.171643,0.027368,0.204291
0.025510,0.231627,0.025507,0.016496,0.017322,0.164786,0.081607,0.185324,0.017556,0.234265
0.010156,0.144227,0.010155,0.004797,0.006356,0.069543,0.035144,0.567298,0.004815,0.147509
0.011748,0.238903,0.011746,0.005143,0.005356,0.216520,0.148286,0.116736,0.003777,0.241786
0.017517,0.198087,0.017516,0.013485,0.013852,0.166437,0.073828,0.281209,0.016374,0.201694
0.008207,0.251569,0.008205,0.003157,0.003634,0.152684,0.184764,0.130329,0.002704,0.254747
0.050680,0.175745,0.050668,0.026427,0.025117,0.156755,0.136096,0.173739,0.027579,0.177194
0.023248,0.180297,0.023246,0.016191,0.016917,0.209582,0.070264,0.261433,0.016219,0.182604
0.009485,0.126201,0.009484,0.008828,0.007862,0.128488,0.048214,0.525592,0.006339,0.129507
0.004185,0.103086,0.004184,0.002081,0.002347,0.050550,0.019195,0.707109,0.001967,0.105296
0.005565,0.105070,0.005564,0.004436,0.004377,0.090844,0.030853,0.640739,0.004584,0.107969
0.038702,0.224046,0.038698,0.019305,0.021631,0.145946,0.065112,0.203703,0.020945,0.221913
0.048635,0.199390,0.048624,0.021721,0.024908,0.121054,0.077100,0.232181,0.025336,0.201052
0.120109,0.108201,0.120094,0.095053,0.084661,0.098210,0.091182,0.086463,0.088166,0.107861
0.031486,0.206590,0.031482,0.015289,0.019123,0.147315,0.065402,0.261577,0.015586,0.206151
0.011488,0.242381,0.011487,0.008121,0.008677,0.124227,0.065281,0.272611,0.008269,0.247457
0.044980,0.251285,0.044971,0.015054,0.021274,0.226639,0.059089,0.080675,0.014390,0.241643
0.009017,0.206027,0.009016,0.004870,0.004983,0.260848,0.200684,0.091914,0.004434,0.208209
0.125359,0.110271,0.125349,0.065873,0.056118,0.089133,0.065137,0.069581,0.183517,0.109662
0.007774,0.134618,0.007773,0.003492,0.003963,0.061694,0.020119,0.620305,0.002973,0.137289
0.022388,0.214112,0.022385,0.011275,0.012171,0.169867,0.054922,0.267687,0.008912,0.216281
0.041579,0.162336,0.041575,0.013027,0.019485,0.140600,0.294179,0.114624,0.009715,0.162880
0.023777,0.142165,0.023775,0.012603,0.013712,0.093396,0.439686,0.092394,0.015771,0.142721
0.012444,0.168145,0.012443,0.008473,0.008788,0.153196,0.093338,0.363954,0.008362,0.170856
0.006780,0.035312,0.006779,0.004143,0.003698,0.030153,0.854366,0.020844,0.002360,0.035564
0.018704,0.207947,0.018701,0.008108,0.008954,0.110453,0.039573,0.373690,0.007658,0.206213
0.005261,0.045963,0.005261,0.003000,0.002982,0.826721,0.015486,0.046707,0.002086,0.046533
0.029035,0.199307,0.029030,0.015852,0.016896,0.233505,0.094629,0.171264,0.012621,0.197861
0.043007,0.196944,0.043005,0.017940,0.025767,0.097418,0.064283,0.300485,0.012145,0.199007
0.058541,0.232000,0.058535,0.025735,0.030946,0.105685,0.090892,0.071520,0.098425,0.227722
0.054519,0.171270,0.054516,0.039549,0.040666,0.162518,0.107479,0.163454,0.034290,0.171739
0.012655,0.085984,0.012654,0.010253,0.008266,0.100403,0.633543,0.042610,0.007637,0.085994
0.022905,0.199781,0.022903,0.016224,0.015875,0.103798,0.079692,0.322922,0.015836,0.200065
0.062493,0.188719,0.062485,0.027218,0.033642,0.152730,0.084667,0.174171,0.023864,0.190010
0.021416,0.228893,0.021415,0.012424,0.015447,0.151809,0.065172,0.245830,0.012201,0.225393
0.040558,0.218216,0.040551,0.022825,0.021022,0.136112,0.055950,0.137550,0.109392,0.217825
0.035572,0.214718,0.035568,0.024596,0.021513,0.135298,0.049682,0.155286,0.113486,0.214281
0.024160,0.230234,0.024157,0.014376,0.015758,0.242233,0.079354,0.127441,0.015875,0.226411
0.124990,0.021580,0.125022,0.121650,0.522716,0.016171,0.021328,0.014209,0.010846,0.021489
0.020321,0.203699,0.020319,0.011722,0.013154,0.116168,0.054837,0.342383,0.011604,0.205795
0.015522,0.168544,0.015521,0.008999,0.009768,0.127810,0.394645,0.084781,0.007642,0.166767
0.014743,0.220842,0.014739,0.005629,0.006438,0.115684,0.042510,0.349567,0.005131,0.224716
0.023093,0.196784,0.023090,0.012568,0.013339,0.121657,0.064296,0.335024,0.010658,0.199490
0.024660,0.247216,0.024656,0.009087,0.011561,0.172598,0.059441,0.192850,0.007942,0.249988
0.010954,0.184132,0.010953,0.006947,0.006888,0.104543,0.041368,0.438523,0.006861,0.188831
0.010270,0.205795,0.010269,0.005319,0.006074,0.150994,0.278071,0.119740,0.005762,0.207707
0.072533,0.176580,0.072527,0.035826,0.038016,0.135771,0.064359,0.203988,0.021934,0.178466
0.034697,0.236571,0.034691,0.013917,0.017063,0.172796,0.087870,0.151318,0.013747,0.237329
0.024807,0.208268,0.024802,0.011468,0.012865,0.119968,0.050592,0.318679,0.015516,0.213037
0.044340,0.113531,0.044329,0.013329,0.015106,0.086500,0.488134,0.070623,0.010399,0.113710
0.009473,0.188331,0.009472,0.004192,0.004992,0.206308,0.262808,0.120188,0.004296,0.189941
0.042630,0.199144,0.042625,0.021228,0.028753,0.173501,0.128539,0.108978,0.055474,0.199129
0.008790,0.220096,0.008788,0.003252,0.003909,0.350632,0.095951,0.083028,0.002687,0.222867
0.116867,0.136086,0.116867,0.047757,0.100010,0.135760,0.078298,0.097463,0.035474,0.135419
0.072141,0.140346,0.072132,0.041178,0.044530,0.089446,0.073692,0.126438,0.199905,0.140192
0.054618,0.171830,0.054603,0.017840,0.022339,0.102167,0.280641,0.107556,0.016504,0.171902
0.029066,0.262039,0.029060,0.014862,0.013868,0.171191,0.083295,0.126670,0.010765,0.259184
0.021340,0.205828,0.021337,0.011165,0.012963,0.179071,0.051400,0.275224,0.011622,0.210051
0.035798,0.211546,0.035796,0.026462,0.036129,0.123849,0.111569,0.143079,0.065947,0.209825
0.074006,0.204615,0.074007,0.034632,0.059706,0.135343,0.091817,0.094137,0.032655,0.199082
0.093747,0.203402,0.093733,0.033447,0.040836,0.097358,0.118970,0.091522,0.025142,0.201844
0.014378,0.082676,0.014378,0.008792,0.011779,0.072874,0.652162,0.051147,0.008775,0.083039
0.036003,0.195853,0.035999,0.038547,0.023755,0.140118,0.114478,0.158077,0.061194,0.195976
0.078973,0.161732,0.078968,0.052779,0.057152,0.130741,0.118955,0.108097,0.051081,0.161523
0.035953,0.160723,0.035949,0.021301,0.023664,0.093414,0.324819,0.122517,0.021014,0.160646
0.058492,0.199677,0.058481,0.030587,0.032970,0.123810,0.120771,0.147192,0.027722,0.200299
0.035592,0.074389,0.035590,0.024113,0.025284,0.051544,0.613222,0.045376,0.020601,0.074289
0.023068,0.130877,0.023066,0.014315,0.015903,0.097940,0.470047,0.081081,0.012703,0.130999
0.020713,0.098674,0.020712,0.010270,0.018505,0.084429,0.594798,0.045381,0.007274,0.099244
0.006663,0.068976,0.006662,0.004900,0.004911,0.047049,0.740269,0.044876,0.006292,0.069400
0.042707,0.081217,0.042704,0.029113,0.030395,0.058968,0.559627,0.048293,0.026007,0.080971
0.018200,0.116887,0.018199,0.013509,0.014727,0.103578,0.530105,0.054632,0.013512,0.116651
0.006195,0.073071,0.006195,0.004932,0.004663,0.040856,0.747788,0.038369,0.004532,0.073398
0.007429,0.140132,0.007428,0.004795,0.005109,0.334459,0.052803,0.302268,0.004977,0.140599
0.006272,0.047797,0.006271,0.004392,0.003635,0.059380,0.793438,0.027569,0.002974,0.048272
0.025395,0.259061,0.025392,0.013701,0.016218,0.117782,0.122405,0.145236,0.014802,0.260009
0.002178,0.026384,0.002178,0.000877,0.001152,0.899330,0.022761,0.017754,0.000669,0.026718
0.006923,0.089811,0.006922,0.004628,0.003735,0.185848,0.524298,0.083535,0.002748,0.091553
0.005989,0.100850,0.005988,0.002901,0.002886,0.078193,0.589835,0.108709,0.002149,0.102501
0.072524,0.170914,0.072518,0.041554,0.079724,0.103300,0.089895,0.134978,0.063907,0.170686
0.028646,0.088919,0.028644,0.012660,0.107718,0.050784,0.548687,0.037101,0.007820,0.089021
0.021321,0.218649,0.021316,0.007855,0.009622,0.099714,0.061806,0.330021,0.007932,0.221763
0.027784,0.196548,0.027781,0.019398,0.017165,0.117059,0.078208,0.305074,0.012548,0.198435
0.052545,0.237523,0.052536,0.018550,0.024321,0.099730,0.055470,0.188092,0.032462,0.238772
0.010058,0.052770,0.010057,0.005134,0.005954,0.772890,0.020972,0.063776,0.005094,0.053294
0.037234,0.291369,0.037226,0.017997,0.020208,0.106895,0.057885,0.122955,0.024621,0.283609
0.039781,0.206124,0.039778,0.033840,0.030005,0.132761,0.081678,0.200344,0.031810,0.203880
0.054265,0.121250,0.054255,0.026300,0.027243,0.154482,0.362100,0.062234,0.017353,0.120518
0.009540,0.127161,0.009539,0.005461,0.005633,0.171256,0.036678,0.499371,0.004471,0.130889
0.106182,0.144087,0.106169,0.053507,0.044147,0.143578,0.130653,0.100819,0.027033,0.143825
0.044032,0.227467,0.044025,0.021475,0.024874,0.088896,0.060965,0.149713,0.110921,0.227633
0.056928,0.176992,0.056921,0.032835,0.037368,0.094434,0.077907,0.117610,0.171941,0.177065
0.027798,0.104407,0.027795,0.011494,0.015212,0.084290,0.563163,0.053368,0.007713,0.104760
0.023376,0.225732,0.023372,0.013238,0.013020,0.119711,0.047573,0.297068,0.015153,0.221756
0.174187,0.105876,0.174180,0.056075,0.101539,0.122532,0.053656,0.077622,0.028687,0.105646
0.000784,0.013534,0.000784,0.000359,0.000416,0.947238,0.012247,0.010557,0.000342,0.013740
0.027637,0.087383,0.027638,0.012753,0.015031,0.651858,0.056515,0.028694,0.006344,0.086146
0.018869,0.202098,0.018866,0.010637,0.011752,0.216730,0.054503,0.251549,0.009919,0.205079
0.060641,0.170794,0.060636,0.090568,0.053415,0.130521,0.118251,0.096533,0.047902,0.170739
0.103592,0.180930,0.103565,0.075689,0.039695,0.098045,0.094327,0.108531,0.013965,0.181662
0.095962,0.168338,0.095942,0.058832,0.046587,0.109380,0.081311,0.147923,0.026666,0.169059
0.077196,0.169560,0.077186,0.033309,0.034351,0.106727,0.057234,0.086489,0.189603,0.168344
0.052587,0.202868,0.052577,0.017881,0.023584,0.177311,0.142759,0.113109,0.013804,0.203519
0.042086,0.192794,0.042083,0.034763,0.033386,0.217106,0.077162,0.120978,0.049543,0.190099
0.100087,0.124917,0.100077,0.158520,0.062454,0.108183,0.079572,0.086691,0.055023,0.124476
0.099882,0.112777,0.099878,0.089384,0.087400,0.098417,0.092562,0.101928,0.105180,0.112591
0.057029,0.206518,0.057025,0.040234,0.034083,0.139909,0.097176,0.141307,0.022951,0.203768
0.041319,0.195423,0.041316,0.030441,0.032925,0.161295,0.133154,0.137320,0.031116,0.195691
0.041234,0.219331,0.041227,0.019007,0.022036,0.179238,0.106784,0.118458,0.034311,0.218372
0.100000,0.100000,0.100000,0.100000,0.100000,0.100000,0.100000,0.100000,0.100000,0.100000
0.049616,0.231028,0.049610,0.042134,0.033813,0.159392,0.096229,0.087441,0.025710,0.225028
0.019206,0.114362,0.019202,0.008996,0.009577,0.157399,0.503297,0.043737,0.010144,0.114080
0.081679,0.218340,0.081656,0.028210,0.029098,0.214821,0.053744,0.059223,0.020877,0.212352
0.069775,0.222978,0.069757,0.019505,0.025948,0.101111,0.068170,0.182901,0.015666,0.224189
0.050683,0.226749,0.050682,0.031001,0.040669,0.103424,0.140390,0.104891,0.024710,0.226800
0.067961,0.233036,0.067954,0.025509,0.033941,0.167135,0.084389,0.074505,0.018526,0.227044
0.040225,0.193811,0.040220,0.025510,0.023108,0.183968,0.111542,0.169536,0.016426,0.195653
0.011968,0.161118,0.011967,0.006505,0.007211,0.093531,0.038497,0.497487,0.006025,0.165690
0.040808,0.230179,0.040808,0.021339,0.037512,0.120891,0.103095,0.158222,0.019417,0.227730
0.034784,0.222960,0.034779,0.020661,0.021627,0.164812,0.095863,0.146290,0.034764,0.223461
0.015356,0.227375,0.015354,0.010478,0.010565,0.279726,0.068630,0.131990,0.011469,0.229055
0.042433,0.220209,0.042429,0.018868,0.022975,0.125636,0.077641,0.212123,0.014845,0.222842
0.011407,0.103813,0.011406,0.006912,0.007564,0.106395,0.545292,0.096160,0.006374,0.104677
0.042833,0.101729,0.042821,0.014860,0.016686,0.065956,0.535868,0.051286,0.027450,0.100512
0.003787,0.043879,0.003786,0.001604,0.001978,0.041974,0.832148,0.025323,0.001298,0.044223
0.021683,0.232417,0.021679,0.009844,0.011122,0.154899,0.062886,0.227554,0.023697,0.234218
0.022767,0.226001,0.022762,0.010932,0.010695,0.131655,0.069940,0.272672,0.008366,0.224212
0.018767,0.244445,0.018765,0.009072,0.010849,0.135313,0.038830,0.255206,0.026117,0.242635
0.026913,0.241838,0.026907,0.008015,0.010222,0.167024,0.046843,0.219888,0.006298,0.246053
0.010513,0.201526,0.010512,0.005549,0.006270,0.244235,0.122804,0.190764,0.004980,0.202848
0.021781,0.232316,0.021778,0.010680,0.012574,0.139872,0.175559,0.143726,0.007859,0.233857
0.002480,0.044733,0.002480,0.001581,0.001598,0.035551,0.841931,0.023129,0.001850,0.044666
0.003101,0.078217,0.003101,0.002207,0.002349,0.051854,0.022351,0.754454,0.002401,0.079965
0.003452,0.040998,0.003451,0.001971,0.002047,0.034506,0.853536,0.017452,0.001877,0.040711
0.003585,0.048439,0.003585,0.002046,0.002209,0.038087,0.828921,0.023206,0.002018,0.047904
0.010010,0.167924,0.010009,0.006287,0.006378,0.127500,0.082407,0.412896,0.005741,0.170848
0.039570,0.227517,0.039564,0.018232,0.020430,0.147589,0.067185,0.153457,0.057461,0.228996
0.019484,0.123523,0.019481,0.009053,0.009468,0.358969,0.277235,0.050601,0.008782,0.123404
0.042966,0.217716,0.042961,0.027147,0.028916,0.120060,0.109642,0.165543,0.027300,0.217749
0.021685,0.200999,0.021681,0.009652,0.010197,0.096975,0.054889,0.370242,0.008852,0.204828
0.027584,0.255641,0.027580,0.016615,0.017049,0.127189,0.071160,0.174472,0.026855,0.255854
0.049917,0.098991,0.049910,0.020968,0.027665,0.057708,0.532711,0.049946,0.013602,0.098582
0.044951,0.227625,0.044938,0.016215,0.019494,0.102991,0.063756,0.223556,0.027010,0.229465
0.033191,0.213375,0.033188,0.018827,0.024597,0.130640,0.183145,0.131089,0.019250,0.212698
0.016170,0.263808,0.016167,0.010044,0.009075,0.210568,0.138376,0.066537,0.011194,0.258059
0.046510,0.226264,0.046504,0.034322,0.028600,0.163926,0.062979,0.133860,0.030545,0.226490
0.045833,0.303652,0.045825,0.013096,0.018207,0.100015,0.073263,0.059045,0.048645,0.292418
0.038222,0.216878,0.038217,0.025965,0.025147,0.137045,0.160330,0.116711,0.024074,0.217410
0.056528,0.154918,0.056524,0.041060,0.044309,0.103444,0.092922,0.111992,0.183516,0.154788
0.065218,0.228345,0.065215,0.028044,0.043741,0.106112,0.097753,0.114722,0.024332,0.226520
0.058870,0.225262,0.058866,0.034753,0.041924,0.103221,0.102800,0.110833,0.038517,0.224953
0.009233,0.034465,0.009231,0.004608,0.004942,0.021505,0.862124,0.011805,0.007818,0.034268
0.047838,0.216157,0.047833,0.021251,0.027633,0.099529,0.229301,0.078313,0.017851,0.214294
0.039925,0.239316,0.039920,0.016955,0.021363,0.101032,0.202708,0.086964,0.014577,0.237240
0.082320,0.184440,0.082311,0.047025,0.049524,0.156786,0.083222,0.073198,0.060237,0.180937
0.022130,0.214764,0.022126,0.009325,0.011499,0.173916,0.221809,0.081357,0.026542,0.216532
0.003792,0.035842,0.003792,0.002234,0.002448,0.023644,0.875744,0.014582,0.002017,0.035905
0.056666,0.183590,0.056660,0.032726,0.034083,0.093527,0.218726,0.093452,0.047907,0.182664
0.008191,0.227324,0.008190,0.004900,0.005314,0.123082,0.217301,0.167824,0.006933,0.230940
0.020770,0.260165,0.020767,0.007306,0.008838,0.130104,0.066606,0.215999,0.005640,0.263804
0.064761,0.191398,0.064761,0.036595,0.073883,0.091498,0.068199,0.123084,0.094327,0.191494
0.049528,0.179571,0.049521,0.023788,0.026401,0.089127,0.227593,0.073164,0.102950,0.178357
0.074422,0.167521,0.074421,0.052949,0.059095,0.144307,0.099340,0.128919,0.033421,0.165605
0.031775,0.177131,0.031772,0.023998,0.025086,0.199516,0.070080,0.237231,0.023686,0.179725
0.039701,0.171311,0.039697,0.023918,0.025307,0.108436,0.057272,0.338079,0.023707,0.172573
0.055258,0.171249,0.055252,0.036843,0.041090,0.181164,0.125368,0.124879,0.037702,0.171196
0.033141,0.207062,0.033138,0.024055,0.020576,0.118378,0.125109,0.192156,0.037785,0.208600
0.146166,0.162333,0.146134,0.036160,0.049206,0.125780,0.080074,0.067910,0.026552,0.159684
0.032303,0.231062,0.032298,0.013302,0.015490,0.110746,0.061015,0.251857,0.017182,0.234745
0.209998,0.091112,0.209978,0.076385,0.102702,0.068640,0.063271,0.054352,0.032896,0.090665
0.027550,0.223038,0.027546,0.015257,0.015671,0.131294,0.064794,0.257840,0.017920,0.219091
0.001024,0.004531,0.001024,0.000524,0.000568,0.003508,0.982356,0.001616,0.000321,0.004527
0.033379,0.240450,0.033373,0.017775,0.020246,0.172072,0.070031,0.154671,0.019104,0.238898
0.061705,0.128157,0.061702,0.051487,0.052861,0.082671,0.071918,0.089283,0.272379,0.127837
0.090585,0.198144,0.090573,0.043099,0.057061,0.093016,0.083842,0.094275,0.052928,0.196476
0.021787,0.180482,0.021785,0.016157,0.016743,0.165372,0.066557,0.309752,0.016560,0.184805
0.090930,0.188922,0.090919,0.041603,0.054929,0.099899,0.097446,0.105272,0.042541,0.187540
0.027807,0.171129,0.027806,0.021885,0.022215,0.166096,0.073675,0.293483,0.021364,0.174540
0.051581,0.230634,0.051574,0.026993,0.030647,0.103696,0.116840,0.128056,0.030091,0.229889
0.011128,0.135854,0.011126,0.007986,0.006993,0.074619,0.030664,0.573457,0.009523,0.138650
0.028656,0.233891,0.028651,0.016472,0.017523,0.114148,0.075780,0.171766,0.076677,0.236437
0.045409,0.160466,0.045413,0.012657,0.022212,0.142928,0.059975,0.341191,0.005987,0.163762
0.011033,0.052931,0.011032,0.005662,0.005105,0.094097,0.729098,0.034249,0.003576,0.053218
0.129099,0.163332,0.129058,0.049438,0.045420,0.151061,0.076944,0.076179,0.019343,0.160127
0.025672,0.078530,0.025670,0.011804,0.015027,0.055269,0.673570,0.025392,0.010961,0.078105
0.148218,0.134279,0.148207,0.053345,0.088555,0.086563,0.082878,0.081375,0.043054,0.133526
0.073671,0.080463,0.073663,0.049237,0.040672,0.056186,0.047408,0.056767,0.441998,0.079934
0.065589,0.169734,0.065584,0.059002,0.052562,0.108190,0.117197,0.121211,0.071642,0.169289
0.049000,0.184702,0.048990,0.027580,0.021989,0.345073,0.054566,0.063025,0.023430,0.181645
0.022331,0.226754,0.022328,0.009129,0.011757,0.145470,0.166288,0.149448,0.022604,0.223890
0.100446,0.153579,0.100439,0.062143,0.067484,0.100846,0.098807,0.111088,0.052042,0.153127
0.049191,0.259725,0.049184,0.030683,0.027042,0.114103,0.075926,0.084102,0.053252,0.256793
0.062470,0.157518,0.062467,0.047590,0.046615,0.102823,0.221818,0.093252,0.048592,0.156855
0.170254,0.120468,0.170250,0.065913,0.081994,0.079736,0.066171,0.052210,0.073730,0.119274
0.033130,0.047999,0.033130,0.050436,0.025691,0.033143,0.693545,0.023802,0.011251,0.047873
0.007817,0.190482,0.007816,0.004250,0.004346,0.162241,0.050508,0.375184,0.003834,0.193520
0.010377,0.082541,0.010376,0.007462,0.007518,0.089364,0.612567,0.071210,0.025705,0.082880
0.022924,0.164967,0.022923,0.019191,0.018887,0.106742,0.102482,0.357339,0.017899,0.166646
0.008388,0.106573,0.008387,0.006749,0.006414,0.071958,0.594025,0.084690,0.006405,0.106411
0.007851,0.070922,0.007850,0.004250,0.004103,0.047549,0.734243,0.049162,0.002940,0.071129
0.006473,0.030597,0.006473,0.005461,0.005273,0.028002,0.861659,0.021125,0.004169,0.030768
0.008955,0.155344,0.008954,0.005983,0.006099,0.283014,0.042704,0.323788,0.005448,0.159709
0.028860,0.205217,0.028856,0.017356,0.014148,0.174159,0.224716,0.087435,0.012521,0.206731
0.024310,0.216227,0.024306,0.010886,0.012493,0.116698,0.067795,0.268133,0.040477,0.218675
0.012673,0.135839,0.012672,0.008409,0.008216,0.168999,0.408956,0.099712,0.006019,0.138505
0.005562,0.098213,0.005561,0.002608,0.002929,0.056948,0.019800,0.705544,0.002297,0.100538
0.007394,0.113656,0.007392,0.004017,0.004124,0.052475,0.057982,0.634001,0.003203,0.115757
0.042218,0.228853,0.042210,0.018253,0.022284,0.132251,0.080873,0.189041,0.013584,0.230432
0.021239,0.152327,0.021231,0.007138,0.007909,0.164463,0.042630,0.422925,0.005085,0.155052
0.018396,0.245012,0.018392,0.009392,0.010089,0.160607,0.042762,0.235631,0.012543,0.247176
0.030923,0.126897,0.030919,0.009924,0.014071,0.075764,0.529882,0.048708,0.007717,0.125197
0.029254,0.191129,0.029249,0.010506,0.014021,0.260623,0.058798,0.204090,0.010209,0.192122
0.015143,0.160179,0.015143,0.010216,0.012259,0.142109,0.056163,0.416394,0.009617,0.162778
0.112474,0.107089,0.112456,0.063695,0.050753,0.101524,0.059959,0.072243,0.213057,0.106749
0.034612,0.159736,0.034600,0.007333,0.009070,0.153711,0.027835,0.406712,0.004466,0.161925
0.190010,0.082799,0.189945,0.094549,0.084991,0.080665,0.074248,0.061020,0.059220,0.082550
0.141313,0.164588,0.141297,0.024591,0.042122,0.102520,0.080518,0.115605,0.022694,0.164751
0.024150,0.231418,0.024147,0.012069,0.014124,0.145578,0.123237,0.161461,0.033045,0.230769
0.022076,0.126493,0.022071,0.006941,0.008514,0.086601,0.029763,0.563462,0.005415,0.128665
0.042209,0.132227,0.042200,0.020616,0.018740,0.151027,0.378401,0.069847,0.012674,0.132059
0.066454,0.163188,0.066437,0.019972,0.022589,0.263813,0.145413,0.071219,0.017445,0.163470
0.147584,0.132766,0.147567,0.064223,0.071197,0.086271,0.062903,0.110606,0.044742,0.132140
0.198260,0.118269,0.198204,0.042020,0.066459,0.086782,0.051366,0.086378,0.034425,0.117838
0.119660,0.165846,0.119635,0.056581,0.058179,0.097328,0.070240,0.108407,0.039290,0.164834
0.140150,0.132941,0.140134,0.067663,0.069835,0.084163,0.081460,0.105410,0.045995,0.132249
0.233352,0.119507,0.233283,0.036507,0.046766,0.088178,0.046791,0.056614,0.020848,0.118154
0.278419,0.074684,0.278342,0.041238,0.070123,0.071864,0.045454,0.039520,0.026287,0.074070
0.094529,0.155583,0.094504,0.050386,0.041074,0.118072,0.076754,0.184960,0.028384,0.155754
0.075473,0.183987,0.075462,0.070076,0.050495,0.113074,0.075780,0.121811,0.050592,0.183250
0.025345,0.140327,0.025341,0.014504,0.012885,0.124029,0.407550,0.096846,0.012082,0.141089
0.154925,0.154571,0.154883,0.043083,0.050562,0.123252,0.072587,0.068178,0.027108,0.150851
0.134870,0.097352,0.134842,0.064525,0.057136,0.067016,0.061633,0.068895,0.216812,0.096918
0.023457,0.277000,0.023455,0.012564,0.013872,0.179773,0.092882,0.094548,0.013467,0.268982
0.257255,0.086555,0.257207,0.048390,0.068520,0.055799,0.051303,0.055705,0.033348,0.085918
0.040811,0.196570,0.040808,0.027906,0.030710,0.121095,0.090656,0.227965,0.025532,0.197948
0.079263,0.151474,0.079255,0.018230,0.030089,0.174212,0.234578,0.071813,0.008916,0.152169
0.020689,0.133691,0.020687,0.013185,0.013580,0.136370,0.413896,0.103219,0.010262,0.134420
0.036627,0.246999,0.036625,0.024902,0.027990,0.131048,0.071094,0.151086,0.032479,0.241150
0.050282,0.179153,0.050280,0.030735,0.041198,0.127756,0.072283,0.241266,0.026326,0.180722
0.036184,0.259866,0.036180,0.015522,0.018731,0.135863,0.084801,0.096202,0.057978,0.258673
0.015112,0.169263,0.015111,0.011269,0.011467,0.215488,0.065667,0.310680,0.011574,0.174368
0.018415,0.176025,0.018412,0.010338,0.011235,0.130473,0.067631,0.377423,0.009571,0.180478
0.035289,0.221863,0.035287,0.025815,0.026451,0.159962,0.069671,0.165441,0.039120,0.221101
0.061597,0.212569,0.061588,0.030837,0.033862,0.121281,0.097213,0.080172,0.093648,0.207234
0.116938,0.209268,0.116904,0.023912,0.034017,0.120796,0.051827,0.055363,0.067651,0.203323
0.017034,0.244529,0.017032,0.014752,0.010777,0.129222,0.047657,0.266506,0.012407,0.240084
0.054708,0.218412,0.054699,0.024800,0.028309,0.205070,0.067806,0.102790,0.029442,0.213965
0.073382,0.198597,0.073375,0.072138,0.044879,0.132661,0.072400,0.092483,0.045797,0.194287
0.091277,0.215326,0.091257,0.034189,0.036932,0.113938,0.058496,0.063870,0.086201,0.208515
0.016627,0.170950,0.016624,0.008683,0.009972,0.462678,0.072108,0.064187,0.011328,0.166844
0.024334,0.171610,0.024327,0.007397,0.009015,0.383652,0.044070,0.147292,0.015943,0.172361
0.071013,0.199926,0.071001,0.020657,0.025950,0.136621,0.074580,0.102021,0.101177,0.197054
0.058997,0.198445,0.058994,0.036119,0.035312,0.151879,0.096836,0.142005,0.025423,0.195990
0.039228,0.209420,0.039225,0.033094,0.033609,0.163351,0.088532,0.152510,0.035004,0.206027
0.060604,0.168328,0.060598,0.040274,0.042115,0.091963,0.080310,0.230720,0.056144,0.168944
0.184595,0.160010,0.184514,0.024464,0.034124,0.077840,0.047518,0.063217,0.067100,0.156619
0.106190,0.228353,0.106165,0.020597,0.030913,0.107707,0.064853,0.095514,0.017206,0.222501
0.135869,0.173554,0.135827,0.028346,0.042686,0.145653,0.052609,0.089329,0.022072,0.174054
0.015526,0.215201,0.015524,0.008600,0.009576,0.151850,0.048604,0.295510,0.025166,0.214442
0.111749,0.197410,0.111721,0.043281,0.041478,0.097615,0.082035,0.092544,0.029210,0.192957
0.016996,0.185121,0.016994,0.009562,0.010081,0.098793,0.036095,0.425928,0.012963,0.187467
0.061734,0.201966,0.061730,0.013038,0.022193,0.199230,0.054043,0.170208,0.012391,0.203468
0.025207,0.159572,0.025203,0.010308,0.011828,0.155496,0.368397,0.073453,0.010110,0.160427
0.030313,0.065825,0.030310,0.026805,0.019791,0.052647,0.431600,0.040877,0.236051,0.065781
0.032154,0.156746,0.032150,0.011132,0.014063,0.099790,0.410085,0.077684,0.009152,0.157046
0.056305,0.208404,0.056297,0.027420,0.032856,0.195984,0.088837,0.077399,0.052466,0.204031
0.050368,0.238803,0.050355,0.012636,0.016793,0.096749,0.098419,0.173414,0.023997,0.238466
0.105457,0.120980,0.105447,0.043040,0.052650,0.097588,0.096886,0.078266,0.178806,0.120881
0.058780,0.178273,0.058774,0.024337,0.029752,0.121459,0.109603,0.184076,0.055798,0.179148
0.052351,0.189607,0.052342,0.023465,0.025709,0.125841,0.070414,0.244317,0.024912,0.191042
0.072628,0.208768,0.072623,0.016873,0.028733,0.129866,0.059967,0.187236,0.012966,0.210339
0.043714,0.168429,0.043711,0.030514,0.032616,0.128904,0.098949,0.252532,0.031695,0.168935
0.017401,0.224583,0.017399,0.011518,0.012339,0.161654,0.081446,0.232066,0.014198,0.227395
0.040345,0.214297,0.040340,0.020850,0.024708,0.119073,0.072897,0.226099,0.026959,0.214433
0.056386,0.200138,0.056375,0.025469,0.028093,0.131506,0.102011,0.172898,0.028501,0.198624
0.009054,0.165818,0.009053,0.005164,0.005924,0.088411,0.047781,0.492931,0.007429,0.168434
0.046090,0.223379,0.046083,0.019533,0.022325,0.159458,0.098192,0.142299,0.020091,0.222551
0.051920,0.206980,0.051908,0.014497,0.020296,0.122591,0.124838,0.183512,0.015819,0.207640
0.008129,0.150540,0.008128,0.004868,0.005023,0.122830,0.054143,0.487263,0.005634,0.153440
0.042079,0.184065,0.042074,0.022817,0.025217,0.175957,0.074853,0.205974,0.042509,0.184454
0.064908,0.200856,0.064905,0.026974,0.046780,0.127188,0.103096,0.141112,0.023607,0.200574
0.042104,0.205385,0.042095,0.016525,0.020129,0.202276,0.079079,0.170156,0.015607,0.206644
0.009746,0.119129,0.009745,0.006536,0.006993,0.389021,0.052359,0.279219,0.006878,0.120374
0.024279,0.105470,0.024277,0.017549,0.017301,0.111167,0.267689,0.072343,0.254284,0.105640
0.013975,0.212366,0.013972,0.004818,0.005125,0.260720,0.144898,0.126353,0.003236,0.214536
0.008058,0.250432,0.008056,0.003864,0.004447,0.148914,0.034360,0.283283,0.004997,0.253588
0.036636,0.202147,0.036626,0.009781,0.014813,0.169091,0.220753,0.098833,0.007321,0.203999
0.024419,0.140852,0.024416,0.012774,0.011807,0.098799,0.489889,0.048519,0.009630,0.138895
0.002660,0.016180,0.002660,0.001213,0.001349,0.014300,0.935998,0.008545,0.000936,0.016159
0.039573,0.256188,0.039567,0.020409,0.017889,0.168106,0.063849,0.106255,0.034580,0.253584
0.079592,0.161684,0.079586,0.044815,0.050499,0.157557,0.099893,0.119082,0.045650,0.161642
0.032576,0.192881,0.032571,0.018406,0.019637,0.087982,0.288023,0.083237,0.052523,0.192163
0.075581,0.090082,0.075566,0.020065,0.027482,0.076789,0.502691,0.029742,0.012298,0.089703
0.084468,0.167218,0.084457,0.068595,0.051526,0.131154,0.119754,0.085133,0.041285,0.166410
0.098065,0.097164,0.098076,0.117858,0.171997,0.112764,0.069703,0.071651,0.065929,0.096792
0.071561,0.221151,0.071546,0.025860,0.029348,0.100841,0.134606,0.094559,0.029502,0.221024
0.106210,0.177908,0.106192,0.047438,0.057266,0.099048,0.080937,0.099434,0.048841,0.176726
0.128009,0.133214,0.127988,0.106118,0.065181,0.071131,0.145517,0.063082,0.027464,0.132297
0.093221,0.206855,0.093207,0.033774,0.041487,0.114664,0.084933,0.095198,0.031799,0.204862
0.051322,0.287080,0.051312,0.016907,0.023814,0.104034,0.073926,0.073987,0.038154,0.279464
0.099203,0.160639,0.099186,0.042362,0.049441,0.135057,0.078728,0.070701,0.105031,0.159652
0.047323,0.216577,0.047314,0.024369,0.026344,0.104662,0.068583,0.153057,0.094331,0.217440
0.071240,0.207657,0.071226,0.024539,0.029899,0.125884,0.140108,0.106383,0.015888,0.207177
0.045351,0.130181,0.045351,0.084395,0.039070,0.115456,0.324925,0.062535,0.022401,0.130335
0.018256,0.039742,0.018254,0.022408,0.013402,0.024452,0.798429,0.018471,0.006922,0.039663
0.037179,0.217065,0.037177,0.033515,0.034697,0.121627,0.081904,0.172951,0.044800,0.219086
0.091561,0.182096,0.091544,0.043246,0.057114,0.125750,0.096275,0.094677,0.036399,0.181338
0.083932,0.195589,0.083918,0.041865,0.050785,0.110604,0.094822,0.110232,0.035301,0.192952
0.054399,0.221349,0.054393,0.029639,0.031520,0.119777,0.064133,0.165068,0.037127,0.222594
0.080773,0.195216,0.080764,0.034860,0.046127,0.140473,0.113987,0.091011,0.021942,0.194845
0.051321,0.214200,0.051313,0.027290,0.028694,0.131899,0.072166,0.155667,0.052745,0.214705
0.036600,0.231612,0.036596,0.019753,0.020375,0.173295,0.149400,0.085562,0.015287,0.231521
0.059215,0.249865,0.059204,0.018214,0.022920,0.170085,0.061414,0.086083,0.024200,0.248801
0.040395,0.212672,0.040391,0.028408,0.030759,0.125415,0.131550,0.148363,0.029089,0.212957
0.075181,0.198846,0.075169,0.029478,0.035250,0.112318,0.153008,0.087147,0.035369,0.198235
0.044054,0.230317,0.044051,0.032878,0.037273,0.124146,0.094859,0.130951,0.033436,0.228034
0.049106,0.253780,0.049099,0.023217,0.029510,0.105539,0.113213,0.102040,0.021043,0.253454
0.030174,0.133841,0.030170,0.018691,0.020387,0.072302,0.472107,0.072906,0.015342,0.134081
0.055613,0.222788,0.055607,0.026347,0.034447,0.122388,0.077187,0.158313,0.025607,0.221703
0.052799,0.226154,0.052793,0.031589,0.035519,0.113477,0.087538,0.142985,0.031577,0.225570
0.072126,0.216664,0.072111,0.022469,0.028150,0.148958,0.082575,0.124420,0.016979,0.215547
0.018753,0.179783,0.018750,0.009121,0.010334,0.143357,0.179345,0.250069,0.008081,0.182408
0.082977,0.212914,0.082954,0.023410,0.028307,0.144525,0.071318,0.123166,0.017805,0.212622
0.041070,0.181779,0.041062,0.013353,0.016518,0.180337,0.250617,0.084277,0.009512,0.181477
0.109743,0.089386,0.109747,0.101668,0.141884,0.088495,0.087792,0.087790,0.094127,0.089367
0.061203,0.192348,0.061191,0.035063,0.033361,0.142565,0.081559,0.159775,0.039093,0.193843
0.062311,0.216626,0.062299,0.022501,0.030568,0.110702,0.064228,0.187961,0.023919,0.218887
0.025458,0.246475,0.025458,0.011468,0.015044,0.119805,0.100902,0.197130,0.008659,0.249600
0.005774,0.087198,0.005773,0.003050,0.002841,0.078611,0.664926,0.063334,0.002278,0.086213
0.037768,0.138074,0.037765,0.009598,0.014865,0.400457,0.177041,0.043563,0.005436,0.135433
0.051083,0.130972,0.051081,0.042864,0.043925,0.085987,0.110335,0.310305,0.041344,0.132103
0.158568,0.141693,0.158529,0.041659,0.048571,0.113580,0.065827,0.102939,0.026119,0.142516
0.046592,0.183472,0.046586,0.020317,0.021644,0.253609,0.084026,0.146918,0.012439,0.184398
0.023267,0.165350,0.023264,0.008131,0.010424,0.171492,0.306055,0.118741,0.006415,0.166861
0.029201,0.166290,0.029199,0.024166,0.024886,0.113735,0.229526,0.189649,0.026034,0.167314
0.025476,0.204697,0.025472,0.014772,0.015236,0.172954,0.064925,0.253750,0.015464,0.207254
0.016672,0.208152,0.016670,0.006985,0.007749,0.154873,0.298250,0.080676,0.005319,0.204655
0.054563,0.183870,0.054562,0.045026,0.043692,0.119860,0.116082,0.146159,0.052495,0.183691
0.017174,0.102475,0.017172,0.012117,0.011827,0.147198,0.509365,0.064312,0.015477,0.102883
0.044825,0.185518,0.044821,0.031421,0.030677,0.194099,0.119601,0.134289,0.029409,0.185340
0.056940,0.219798,0.056931,0.023903,0.028321,0.119918,0.114690,0.138154,0.022058,0.219288
0.039515,0.175679,0.039513,0.028874,0.031135,0.214458,0.152331,0.117729,0.025141,0.175627
0.005538,0.100043,0.005538,0.003795,0.003904,0.067999,0.047925,0.659925,0.003805,0.101527
0.034209,0.200700,0.034206,0.024867,0.026848,0.098884,0.080846,0.272909,0.024741,0.201790
0.041554,0.181705,0.041549,0.024569,0.027000,0.126371,0.215169,0.089631,0.070720,0.181732
0.047054,0.178406,0.047049,0.026967,0.030938,0.126113,0.246841,0.091898,0.026790,0.177944
0.044825,0.185518,0.044821,0.031421,0.030677,0.194099,0.119601,0.134289,0.029409,0.185340
0.027641,0.189569,0.027638,0.014675,0.016453,0.129031,0.144395,0.243197,0.015528,0.191872
0.004214,0.027501,0.004214,0.002959,0.002805,0.019528,0.888692,0.019956,0.002537,0.027592
0.021128,0.152565,0.021126,0.009887,0.010721,0.116706,0.417940,0.089489,0.007615,0.152824
0.040544,0.181215,0.040538,0.022806,0.019565,0.171961,0.193038,0.074350,0.074454,0.181529
0.014412,0.200113,0.014410,0.006766,0.008026,0.073500,0.046967,0.424606,0.009327,0.201872
0.049528,0.179571,0.049521,0.023788,0.026401,0.089127,0.227593,0.073164,0.102950,0.178357
0.057523,0.201210,0.057524,0.021814,0.042420,0.123798,0.087808,0.191770,0.014111,0.202022
0.029773,0.220192,0.029769,0.019159,0.020030,0.244773,0.092854,0.106158,0.018452,0.218840
0.023247,0.186650,0.023244,0.015790,0.015857,0.150354,0.070736,0.307906,0.016304,0.189912
0.017165,0.198793,0.017164,0.010665,0.012189,0.175292,0.076356,0.265422,0.026063,0.200891
0.002356,0.074123,0.002356,0.000983,0.001148,0.032582,0.008482,0.800494,0.001132,0.076344
0.041569,0.211937,0.041562,0.024925,0.025318,0.149666,0.088063,0.186095,0.020466,0.210399
0.042234,0.233806,0.042223,0.014783,0.017202,0.153534,0.050597,0.195833,0.014158,0.235629
0.031252,0.227670,0.031249,0.017672,0.018094,0.123809,0.085439,0.221176,0.012101,0.231538
0.032055,0.226949,0.032049,0.015870,0.017441,0.127906,0.071171,0.230391,0.021432,0.224737
0.006355,0.190029,0.006354,0.002816,0.003050,0.255204,0.211680,0.127915,0.002571,0.194025
0.050883,0.215914,0.050873,0.021859,0.026047,0.117575,0.072933,0.203661,0.022247,0.218008
0.027011,0.181153,0.027006,0.010324,0.012704,0.177805,0.265597,0.109236,0.006410,0.182753
0.026994,0.251205,0.026990,0.011872,0.015964,0.115770,0.088321,0.199207,0.010525,0.253152
0.042899,0.204705,0.042895,0.022759,0.028737,0.132402,0.096562,0.203990,0.020061,0.204989
0.024343,0.289678,0.024340,0.012624,0.014333,0.119801,0.068789,0.152499,0.012032,0.281561
0.019118,0.174513,0.019115,0.006933,0.008188,0.450793,0.045487,0.082531,0.020662,0.172660
0.050377,0.209113,0.050371,0.027593,0.031544,0.117305,0.142688,0.135549,0.026548,0.208913
0.011791,0.176652,0.011789,0.006705,0.005646,0.268586,0.160641,0.175724,0.003285,0.179181
0.050445,0.215219,0.050437,0.017969,0.021453,0.189999,0.064389,0.160036,0.013288,0.216765
0.015171,0.114200,0.015170,0.010064,0.010947,0.063118,0.059489,0.582957,0.013710,0.115173
0.023656,0.149465,0.023655,0.019423,0.020034,0.107687,0.091846,0.392842,0.019022,0.152370
0.026258,0.178951,0.026256,0.018237,0.019596,0.153214,0.099976,0.276458,0.018454,0.182599
0.067327,0.194112,0.067307,0.018046,0.021998,0.212688,0.149307,0.060954,0.018486,0.189775
0.006268,0.062245,0.006266,0.002724,0.002821,0.086853,0.726729,0.040711,0.002414,0.062969
0.021691,0.128333,0.021690,0.015052,0.016176,0.107397,0.077341,0.467925,0.015106,0.129289
0.023030,0.112618,0.023027,0.012763,0.014825,0.062881,0.077041,0.548028,0.012119,0.113667
0.014091,0.178110,0.014087,0.003749,0.004720,0.172076,0.300314,0.128810,0.003491,0.180551
0.006577,0.147852,0.006576,0.003740,0.004213,0.110803,0.040520,0.522557,0.003968,0.153195
0.049017,0.141311,0.049009,0.010394,0.015178,0.448555,0.042697,0.089843,0.011488,0.142510
0.029954,0.175030,0.029950,0.019276,0.020695,0.224509,0.061204,0.241772,0.019968,0.177643
0.008602,0.172725,0.008600,0.004765,0.004721,0.237602,0.239586,0.144013,0.003999,0.175388
0.024074,0.151634,0.024072,0.017877,0.017983,0.111010,0.058955,0.425129,0.014434,0.154832
0.027867,0.202128,0.027863,0.014038,0.016333,0.184597,0.054915,0.250151,0.015406,0.206703
0.097751,0.152834,0.097737,0.064009,0.054205,0.120215,0.100787,0.085586,0.076744,0.150129
0.015871,0.154318,0.015870,0.011297,0.011825,0.202406,0.051463,0.366692,0.011279,0.158979
0.029925,0.179020,0.029923,0.020979,0.021567,0.229323,0.073955,0.214883,0.020711,0.179714
0.024472,0.184758,0.024470,0.014006,0.016214,0.201395,0.160442,0.171650,0.014505,0.188088
0.005769,0.179338,0.005769,0.004078,0.004306,0.147819,0.271701,0.192300,0.004275,0.184645
0.040715,0.166265,0.040708,0.020126,0.021577,0.099511,0.075301,0.321048,0.046989,0.167760
0.019171,0.159144,0.019169,0.012036,0.012938,0.149515,0.062027,0.391458,0.011991,0.162550
0.018270,0.271039,0.018266,0.007954,0.009317,0.173725,0.045753,0.166707,0.024313,0.264656
0.207110,0.080349,0.207092,0.070709,0.123522,0.062505,0.064426,0.057322,0.046968,0.079998
0.026823,0.098111,0.026821,0.018386,0.022299,0.106664,0.395511,0.056855,0.150252,0.098277
0.034627,0.097941,0.034626,0.022574,0.030078,0.082204,0.516673,0.062675,0.020447,0.098153
0.069163,0.186048,0.069151,0.027259,0.047342,0.138327,0.059435,0.193674,0.021123,0.188478
0.173512,0.013676,0.173538,0.023806,0.565348,0.010926,0.010084,0.007753,0.007765,0.013590
0.074416,0.090772,0.074415,0.037134,0.435554,0.067718,0.053529,0.045950,0.029957,0.090556
0.013407,0.166186,0.013406,0.009338,0.009432,0.176643,0.061057,0.370639,0.010819,0.169073
0.019696,0.173587,0.019691,0.005964,0.007013,0.141742,0.342242,0.110524,0.004389,0.175152
0.030154,0.058770,0.030146,0.006033,0.009889,0.056340,0.724989,0.021687,0.003422,0.058569
0.053916,0.155952,0.053911,0.036943,0.038641,0.088855,0.095535,0.107147,0.213803,0.155295
0.113354,0.129815,0.113349,0.066522,0.074254,0.156150,0.089728,0.083118,0.044688,0.129022
0.076451,0.156466,0.076445,0.035898,0.175479,0.086218,0.067373,0.138772,0.030425,0.156475
0.104376,0.162232,0.104360,0.038792,0.049471,0.160217,0.105285,0.082971,0.030303,0.161993
0.067215,0.137147,0.067212,0.045513,0.051823,0.130614,0.093178,0.126160,0.143946,0.137191
0.058725,0.130356,0.058719,0.032400,0.040560,0.141521,0.065811,0.126259,0.214056,0.131592
0.018714,0.045853,0.018712,0.011450,0.020864,0.030386,0.025418,0.032356,0.750404,0.045842
0.037315,0.217508,0.037310,0.021255,0.023751,0.189366,0.106677,0.119372,0.030376,0.217070
0.055324,0.123995,0.055322,0.047430,0.045417,0.088563,0.085086,0.117738,0.257234,0.123890
0.179258,0.113262,0.179238,0.049533,0.083646,0.097633,0.080043,0.068346,0.036337,0.112703
0.162151,0.099820,0.162151,0.093881,0.108419,0.076755,0.075980,0.067570,0.053843,0.099431
0.082055,0.174125,0.082038,0.036871,0.039705,0.124965,0.113118,0.132527,0.041041,0.173555
0.016651,0.275432,0.016648,0.008215,0.009410,0.102506,0.081575,0.185870,0.026081,0.277613
0.018184,0.071012,0.018180,0.006757,0.007133,0.181895,0.590420,0.031631,0.004342,0.070447
0.013958,0.213718,0.013957,0.005095,0.006344,0.195891,0.044481,0.284326,0.003336,0.218895
0.015109,0.149367,0.015106,0.007402,0.009620,0.087926,0.036900,0.519982,0.007138,0.151449
0.024502,0.239706,0.024499,0.017252,0.017370,0.174388,0.064381,0.188209,0.016464,0.233229
0.053228,0.205633,0.053220,0.017785,0.023808,0.187666,0.099095,0.138011,0.015751,0.205802
0.023235,0.146657,0.023232,0.016190,0.016487,0.127136,0.055192,0.424601,0.019691,0.147579
0.032199,0.250091,0.032195,0.013342,0.017602,0.189693,0.071791,0.133982,0.013561,0.245543
0.013444,0.173487,0.013443,0.010124,0.009865,0.150524,0.058799,0.384768,0.008247,0.177298
0.016844,0.121258,0.016843,0.016179,0.014053,0.090376,0.041478,0.547130,0.013064,0.122775
0.010766,0.059806,0.010764,0.005171,0.005713,0.715661,0.103147,0.026378,0.003658,0.058936
0.001672,0.020322,0.001672,0.001068,0.001045,0.924422,0.006769,0.021726,0.000992,0.020312
0.000897,0.011818,0.000897,0.000505,0.000544,0.956933,0.003233,0.012702,0.000456,0.012016
0.002633,0.025467,0.002632,0.001537,0.001685,0.884127,0.010282,0.044273,0.001405,0.025958
0.160016,0.109266,0.159974,0.093533,0.059339,0.127206,0.063233,0.074252,0.044347,0.108833
0.029292,0.203007,0.029287,0.015509,0.015723,0.216749,0.133413,0.140029,0.013226,0.203763
0.002941,0.019289,0.002940,0.001162,0.001370,0.923121,0.019692,0.009475,0.000942,0.019067
0.024471,0.295318,0.024465,0.010833,0.010785,0.158553,0.058987,0.120505,0.010438,0.285646
0.003258,0.020168,0.003257,0.000901,0.001033,0.918823,0.023692,0.008117,0.000732,0.020019
0.032279,0.226292,0.032275,0.015043,0.017005,0.119794,0.180888,0.141685,0.013706,0.221033
0.028045,0.200088,0.028042,0.016991,0.018190,0.147042,0.074428,0.270587,0.016849,0.199736
0.044293,0.196793,0.044290,0.019938,0.162939,0.107781,0.048623,0.166566,0.010050,0.198727
0.013530,0.156285,0.013529,0.009842,0.009354,0.074226,0.040762,0.513349,0.011079,0.158044
0.046850,0.209146,0.046842,0.029776,0.027413,0.152494,0.065298,0.181131,0.031353,0.209697
0.072406,0.190743,0.072393,0.030780,0.036053,0.118803,0.087675,0.166133,0.032817,0.192196
0.078616,0.132925,0.078615,0.056142,0.067773,0.163024,0.134698,0.109239,0.046000,0.132967
0.056225,0.182513,0.056220,0.030763,0.039351,0.167464,0.124527,0.132162,0.027589,0.183185
0.083775,0.031868,0.083790,0.026853,0.661904,0.024634,0.019156,0.019418,0.016942,0.031661
0.043761,0.224168,0.043750,0.015634,0.018627,0.102751,0.044175,0.274486,0.014369,0.218280
0.059570,0.224067,0.059564,0.023289,0.034772,0.132122,0.072808,0.152216,0.015688,0.225905
0.080125,0.178420,0.080110,0.042073,0.038197,0.127215,0.148230,0.088558,0.039326,0.177745
0.017328,0.269584,0.017326,0.010976,0.011577,0.126165,0.088071,0.172586,0.012478,0.273907
0.004215,0.110248,0.004214,0.002603,0.002747,0.053039,0.021004,0.686484,0.002411,0.113035
0.045113,0.127723,0.045108,0.029570,0.028312,0.134656,0.372545,0.065814,0.023484,0.127674
0.012248,0.254524,0.012245,0.005510,0.005993,0.122464,0.126887,0.194861,0.005445,0.259824
0.134753,0.160687,0.134740,0.048424,0.063926,0.090437,0.090486,0.085580,0.031539,0.159429
0.014535,0.222163,0.014533,0.008283,0.008755,0.197623,0.179473,0.122252,0.007148,0.225234
0.062411,0.198081,0.062399,0.037432,0.032559,0.124063,0.115072,0.131274,0.038266,0.198443
0.008672,0.229187,0.008671,0.004399,0.005014,0.219684,0.186300,0.107464,0.004660,0.225949
0.024024,0.227422,0.024022,0.018424,0.017822,0.133479,0.087133,0.211256,0.025617,0.230802
0.016673,0.207140,0.016672,0.013160,0.013285,0.149193,0.075872,0.282670,0.014387,0.210949
0.011829,0.207197,0.011828,0.007285,0.007482,0.194781,0.067324,0.275371,0.005284,0.211618
0.013196,0.181436,0.013194,0.004553,0.005401,0.209348,0.036591,0.347738,0.003315,0.185228
0.014984,0.198573,0.014982,0.009252,0.010117,0.128374,0.060961,0.350890,0.009676,0.202192
0.012065,0.088956,0.012063,0.005708,0.006356,0.104232,0.634423,0.042537,0.004192,0.089469
0.004881,0.113288,0.004880,0.003423,0.003405,0.100023,0.571448,0.083152,0.003290,0.112209
0.001502,0.012238,0.001502,0.000592,0.000737,0.945886,0.014363,0.010282,0.000498,0.012399
0.021360,0.147775,0.021358,0.017195,0.017574,0.248622,0.079918,0.278910,0.018049,0.149239
0.006991,0.103799,0.006989,0.003265,0.003384,0.141604,0.568910,0.056990,0.002754,0.105315
0.008380,0.128398,0.008379,0.005165,0.005477,0.202149,0.381169,0.124564,0.005925,0.130394
0.055858,0.237967,0.055848,0.027679,0.029849,0.104013,0.084422,0.141019,0.026218,0.237127
0.020815,0.105826,0.020813,0.008511,0.010057,0.092275,0.541019,0.087329,0.006854,0.106501
0.028628,0.107098,0.028624,0.014292,0.017037,0.190576,0.430174,0.061458,0.014821,0.107290
0.011915,0.258384,0.011913,0.005744,0.006539,0.178376,0.080941,0.186526,0.005849,0.253812
0.026291,0.208098,0.026290,0.020546,0.019994,0.193165,0.092589,0.182423,0.022789,0.207813
0.015758,0.214558,0.015756,0.008565,0.008780,0.145881,0.234948,0.134213,0.007689,0.213852
0.007578,0.153290,0.007577,0.004866,0.005083,0.071405,0.086026,0.506026,0.004610,0.153539
0.008597,0.029173,0.008596,0.004633,0.005099,0.024994,0.872039,0.013959,0.003854,0.029054
0.013157,0.209846,0.013155,0.005849,0.006871,0.155100,0.048197,0.328987,0.007471,0.211366
0.008583,0.197004,0.008581,0.003776,0.003855,0.140046,0.170283,0.263588,0.003503,0.200780
0.038567,0.179528,0.038563,0.028721,0.027218,0.163421,0.092333,0.228042,0.023300,0.180307
0.039697,0.228853,0.039690,0.019732,0.021732,0.111094,0.094681,0.179740,0.036730,0.228052
0.027193,0.108773,0.027189,0.011700,0.015046,0.115126,0.514357,0.061563,0.009856,0.109197
0.030574,0.190122,0.030569,0.015189,0.016947,0.102034,0.067757,0.335234,0.020033,0.191541
0.060370,0.204814,0.060361,0.032944,0.035400,0.145776,0.108246,0.116550,0.033641,0.201899
0.004195,0.071001,0.004195,0.002772,0.002693,0.067544,0.698091,0.075463,0.002610,0.071436
0.013241,0.283460,0.013239,0.007458,0.007965,0.135225,0.081424,0.157878,0.013952,0.286157
0.024369,0.214867,0.024365,0.015383,0.014146,0.160150,0.043679,0.277305,0.014877,0.210860
0.003839,0.169360,0.003838,0.002532,0.002582,0.125286,0.131413,0.387652,0.002615,0.170883
0.019047,0.214305,0.019045,0.013127,0.013020,0.193299,0.054256,0.241211,0.016248,0.216443
0.009442,0.151364,0.009441,0.007297,0.006637,0.232385,0.196273,0.226723,0.006493,0.153945
0.007842,0.097989,0.007841,0.005503,0.005763,0.049442,0.033974,0.686639,0.005648,0.099359
0.022580,0.283896,0.022576,0.009780,0.011558,0.204402,0.061138,0.097127,0.013856,0.273087
0.026029,0.203476,0.026026,0.015016,0.015873,0.157379,0.056854,0.277422,0.015338,0.206588
0.034342,0.218705,0.034337,0.019136,0.020044,0.106527,0.154037,0.177346,0.016318,0.219209
0.080854,0.202033,0.080848,0.038493,0.059810,0.095141,0.085538,0.117876,0.038294,0.201113
0.153186,0.089163,0.153205,0.070557,0.235248,0.075308,0.061242,0.047458,0.026867,0.087766
0.057256,0.108025,0.057249,0.017682,0.026110,0.104072,0.453466,0.056715,0.011256,0.108169
0.006005,0.108957,0.006004,0.003980,0.004137,0.065604,0.053090,0.637626,0.003564,0.111033
0.021178,0.224541,0.021175,0.011688,0.013361,0.176560,0.061245,0.230514,0.012270,0.227468
0.015689,0.187570,0.015688,0.011392,0.011984,0.111387,0.066863,0.375577,0.012580,0.191270
0.003524,0.175435,0.003524,0.001731,0.001959,0.292360,0.193437,0.145851,0.001643,0.180535
0.012442,0.289040,0.012441,0.007050,0.007875,0.131205,0.087925,0.160797,0.008894,0.282331
0.020218,0.200771,0.020214,0.009095,0.009554,0.291348,0.142200,0.094353,0.009676,0.202571
0.032721,0.166502,0.032718,0.008736,0.015312,0.123006,0.368250,0.081522,0.006891,0.164343
0.034743,0.152941,0.034737,0.018729,0.019358,0.151264,0.278905,0.140026,0.014582,0.154715
0.010003,0.309262,0.010002,0.004954,0.005898,0.126362,0.070810,0.156022,0.005095,0.301591
0.002675,0.023770,0.002674,0.000787,0.000922,0.901605,0.032604,0.010361,0.000550,0.024052
0.009132,0.116783,0.009131,0.006318,0.006692,0.066421,0.025127,0.635742,0.005475,0.119178
0.013307,0.196694,0.013306,0.009606,0.009518,0.180502,0.045445,0.321729,0.008439,0.201455
0.009162,0.145252,0.009161,0.005828,0.006147,0.273219,0.051557,0.345516,0.007091,0.147067
0.062272,0.203709,0.062261,0.025217,0.030453,0.150921,0.090107,0.143560,0.027898,0.203601
0.010372,0.127743,0.010371,0.007176,0.007483,0.330030,0.051707,0.318582,0.007876,0.128659
0.089389,0.142099,0.089365,0.032497,0.031095,0.105582,0.298899,0.052225,0.017882,0.140967
0.032216,0.161093,0.032213,0.025237,0.024373,0.095017,0.066019,0.342022,0.059966,0.161845
0.007768,0.066724,0.007767,0.005260,0.004594,0.058494,0.738988,0.039178,0.003946,0.067281
0.032732,0.180748,0.032730,0.013366,0.015359,0.299813,0.049353,0.170589,0.022959,0.182352
0.017716,0.098737,0.017714,0.011263,0.010290,0.102152,0.562416,0.072746,0.007788,0.099177
0.018855,0.081676,0.018853,0.012755,0.010435,0.094788,0.626871,0.046870,0.007218,0.081679
0.095110,0.170350,0.095096,0.031992,0.037625,0.184948,0.078216,0.108800,0.027086,0.170777
0.089549,0.194818,0.089548,0.021874,0.031254,0.125400,0.073080,0.138718,0.039949,0.195810
0.040542,0.170325,0.040535,0.019227,0.021687,0.340894,0.108818,0.069606,0.021210,0.167157
0.052759,0.181727,0.052751,0.029213,0.032517,0.239535,0.075914,0.109952,0.043690,0.181941
0.024503,0.154647,0.024501,0.016980,0.016144,0.118573,0.071437,0.398344,0.019475,0.155394
0.074697,0.159580,0.074679,0.030051,0.027942,0.171606,0.215027,0.071033,0.015950,0.159436
0.043697,0.273549,0.043687,0.017311,0.021240,0.155429,0.069879,0.080437,0.029790,0.264980
0.009437,0.160515,0.009436,0.004819,0.005101,0.134264,0.173610,0.337036,0.004289,0.161492
0.014794,0.089731,0.014792,0.007894,0.007906,0.128850,0.602734,0.035847,0.007677,0.089774
0.047882,0.193895,0.047878,0.033945,0.036100,0.183357,0.078896,0.150142,0.033597,0.194307
0.003889,0.038094,0.003889,0.002084,0.002220,0.833366,0.015542,0.060460,0.001606,0.038849
0.005658,0.061380,0.005656,0.002818,0.002820,0.791527,0.019326,0.046436,0.002796,0.061583
0.025202,0.119026,0.025201,0.008445,0.012329,0.572537,0.074037,0.038866,0.006861,0.117496
0.025798,0.225265,0.025795,0.009568,0.011972,0.110050,0.176406,0.180367,0.007191,0.227587
0.009909,0.166573,0.009907,0.004624,0.004917,0.146816,0.029532,0.453072,0.004912,0.169739
0.023951,0.207730,0.023948,0.011609,0.013248,0.212213,0.156691,0.092520,0.049133,0.208956
0.019056,0.144439,0.019052,0.008570,0.007626,0.122215,0.431582,0.094899,0.007465,0.145095
0.002848,0.090104,0.002848,0.001908,0.001998,0.068145,0.018420,0.719174,0.001822,0.092734
0.016395,0.227617,0.016391,0.008232,0.008400,0.136721,0.095406,0.258660,0.007305,0.224872
0.017085,0.222950,0.017083,0.008788,0.009618,0.138016,0.029874,0.290273,0.041725,0.224587
0.011266,0.056060,0.011263,0.004603,0.005187,0.048138,0.771866,0.026356,0.009034,0.056228
0.041827,0.200339,0.041821,0.018468,0.022616,0.227305,0.132939,0.097633,0.016326,0.200725
0.076605,0.180597,0.076598,0.028422,0.049456,0.135119,0.063750,0.183616,0.024459,0.181378
0.029283,0.211912,0.029281,0.018049,0.018142,0.236814,0.074485,0.151642,0.018642,0.211750
0.016024,0.226973,0.016022,0.009756,0.011401,0.149247,0.058223,0.269033,0.011535,0.231787
0.012212,0.159537,0.012211,0.007023,0.007794,0.178489,0.048425,0.402597,0.008197,0.163516
0.003759,0.207701,0.003758,0.002120,0.002301,0.141649,0.257264,0.164678,0.002225,0.214545
0.088436,0.138102,0.088435,0.069275,0.082946,0.114028,0.111298,0.102540,0.068675,0.136265
0.028712,0.199842,0.028708,0.014837,0.016270,0.119774,0.056911,0.318941,0.018472,0.197534
0.034996,0.242681,0.034987,0.010633,0.013592,0.097570,0.049345,0.258113,0.012259,0.245824
0.016042,0.162954,0.016039,0.008917,0.007933,0.468664,0.076158,0.074455,0.007398,0.161440
0.043951,0.176266,0.043946,0.023472,0.026074,0.104711,0.133612,0.248475,0.023626,0.175865
0.030585,0.216374,0.030582,0.022272,0.022895,0.137953,0.107818,0.191650,0.025057,0.214815
0.009740,0.054912,0.009738,0.004181,0.004618,0.038302,0.792140,0.027109,0.004935,0.054326
0.018348,0.215458,0.018344,0.005898,0.007339,0.232360,0.160161,0.120726,0.004886,0.216481
0.035228,0.195140,0.035223,0.019370,0.021478,0.133419,0.066562,0.278196,0.022434,0.192950
0.027950,0.185891,0.027946,0.016382,0.015475,0.128098,0.070291,0.322386,0.017713,0.187870
0.008537,0.153988,0.008536,0.005030,0.005310,0.097015,0.038414,0.521914,0.005042,0.156214
0.023097,0.232908,0.023094,0.014271,0.013894,0.177876,0.068162,0.203600,0.013562,0.229537
0.024448,0.192278,0.024444,0.012295,0.013617,0.097036,0.056585,0.374123,0.015027,0.190148
0.044684,0.080668,0.044677,0.010695,0.016376,0.043182,0.624690,0.041609,0.012846,0.080573
0.094619,0.162559,0.094616,0.037043,0.057952,0.107312,0.195500,0.067744,0.023218,0.159437
0.021205,0.164539,0.021204,0.018253,0.016138,0.126883,0.067658,0.380725,0.016032,0.167365
0.027334,0.088231,0.027326,0.008412,0.009982,0.043973,0.656928,0.034957,0.016382,0.086476
0.019418,0.101082,0.019416,0.009640,0.011110,0.086755,0.599215,0.046811,0.005906,0.100648
0.030461,0.213788,0.030456,0.015488,0.016583,0.148400,0.073709,0.244157,0.013967,0.212990
0.005450,0.125659,0.005450,0.002981,0.003201,0.092037,0.036183,0.597672,0.003359,0.128007
0.135603,0.107172,0.135550,0.024673,0.035912,0.082202,0.302651,0.050773,0.018526,0.106937
0.010158,0.090405,0.010157,0.005067,0.005442,0.057790,0.574339,0.150955,0.004322,0.091364
0.019100,0.094729,0.019099,0.011325,0.012192,0.059435,0.627110,0.052829,0.010204,0.093976
0.041466,0.220660,0.041461,0.018962,0.021380,0.134607,0.113157,0.172272,0.017279,0.218756
0.015823,0.209104,0.015822,0.011918,0.011540,0.187894,0.131677,0.193192,0.010403,0.212628
0.030924,0.198916,0.030917,0.009266,0.012369,0.079038,0.046809,0.382873,0.007296,0.201590
0.040428,0.224516,0.040423,0.020482,0.023481,0.139667,0.140079,0.124969,0.025782,0.220174
0.082412,0.163915,0.082402,0.046945,0.051994,0.125141,0.128359,0.111113,0.045745,0.161971
0.039557,0.195056,0.039549,0.017227,0.019557,0.181847,0.164381,0.133291,0.014823,0.194711
0.021244,0.174767,0.021239,0.012104,0.012145,0.185802,0.074624,0.309478,0.009887,0.178710
0.007581,0.147207,0.007580,0.005837,0.005129,0.076721,0.025556,0.569993,0.004681,0.149715
0.087640,0.156552,0.087623,0.040743,0.041902,0.121551,0.110584,0.161286,0.035251,0.156870
0.032285,0.182607,0.032282,0.025314,0.024084,0.118854,0.238464,0.135055,0.029983,0.181072
0.006248,0.067226,0.006248,0.004128,0.004363,0.043490,0.755796,0.040518,0.004371,0.067613
0.020208,0.321812,0.020203,0.007849,0.008876,0.176752,0.058685,0.071025,0.008014,0.306574
0.038914,0.183116,0.038909,0.012797,0.018179,0.126622,0.314719,0.043772,0.043846,0.179128
0.035391,0.219563,0.035385,0.016974,0.019963,0.157952,0.085177,0.193436,0.016382,0.219778
0.022419,0.149463,0.022417,0.017133,0.017281,0.116641,0.063061,0.424475,0.016087,0.151023
0.006419,0.102278,0.006419,0.004592,0.004902,0.067515,0.024879,0.674028,0.004424,0.104545
0.014857,0.122238,0.014855,0.008664,0.007629,0.215782,0.378387,0.107502,0.006546,0.123539
0.064357,0.254532,0.064360,0.020734,0.032042,0.130266,0.064393,0.109141,0.013038,0.247136
0.024291,0.140243,0.024290,0.008104,0.011523,0.483622,0.083172,0.077704,0.005557,0.141492
0.014662,0.173000,0.014660,0.006924,0.008056,0.207094,0.059900,0.333776,0.006027,0.175902
0.036629,0.183258,0.036620,0.011638,0.013614,0.113266,0.273319,0.139709,0.007161,0.184787
0.130312,0.218654,0.130259,0.019956,0.027013,0.109580,0.056432,0.077351,0.017924,0.212519
0.025990,0.219732,0.025984,0.007496,0.008787,0.138467,0.096853,0.247042,0.006942,0.222707
0.174339,0.120563,0.174304,0.059829,0.069126,0.105811,0.060832,0.078993,0.036422,0.119780
0.257159,0.075102,0.257068,0.054079,0.073854,0.074224,0.063757,0.041548,0.028448,0.074760
0.261448,0.088603,0.261294,0.040967,0.058401,0.084559,0.043619,0.047126,0.026130,0.087854
0.133853,0.133034,0.133824,0.056927,0.065303,0.148916,0.084541,0.075983,0.035092,0.132527
0.016934,0.117738,0.016932,0.008553,0.010120,0.096188,0.561457,0.047997,0.007710,0.116370
0.156731,0.139962,0.156667,0.038145,0.047971,0.148300,0.055852,0.078764,0.038057,0.139549
0.175362,0.117075,0.175322,0.049922,0.057345,0.159940,0.060641,0.065147,0.022000,0.117245
0.020179,0.001393,0.020187,0.641803,0.309916,0.001022,0.001026,0.000847,0.002241,0.001385
0.146285,0.093964,0.146286,0.105384,0.119286,0.080336,0.081851,0.076636,0.056225,0.093747
0.261694,0.037202,0.261662,0.197294,0.114808,0.031848,0.025018,0.021417,0.012058,0.037001
0.153550,0.038847,0.153537,0.137931,0.345303,0.035479,0.036447,0.030498,0.029667,0.038740
0.106187,0.180053,0.106159,0.033042,0.041988,0.150650,0.072488,0.105135,0.024164,0.180134
0.181936,0.119581,0.181928,0.046107,0.089028,0.116683,0.064331,0.054715,0.026536,0.119154
0.242699,0.046317,0.242620,0.115655,0.151172,0.044866,0.053772,0.029728,0.027075,0.046094
0.306641,0.037980,0.306594,0.080259,0.082038,0.029530,0.029063,0.022906,0.067222,0.037767
0.094290,0.026494,0.094298,0.442292,0.227753,0.023295,0.022252,0.020850,0.022067,0.026409
0.193172,0.082727,0.193143,0.093247,0.112867,0.067110,0.061293,0.064025,0.049949,0.082467
0.158453,0.021580,0.158424,0.510031,0.070525,0.016056,0.016314,0.014252,0.012895,0.021471
0.293092,0.010173,0.293262,0.034898,0.331805,0.007984,0.007227,0.005912,0.005555,0.010093
0.182377,0.101953,0.182354,0.085389,0.089840,0.078644,0.067896,0.067589,0.042462,0.101498
0.329068,0.042903,0.329069,0.038989,0.112397,0.036108,0.034005,0.021567,0.013264,0.042630
0.307389,0.058636,0.307391,0.035448,0.085133,0.037560,0.033450,0.035734,0.040967,0.058291
0.140905,0.028179,0.140897,0.484267,0.073354,0.024877,0.022506,0.018996,0.037978,0.028040
0.044398,0.012127,0.044399,0.028522,0.822118,0.009748,0.010167,0.008809,0.007633,0.012079
0.153144,0.071672,0.153139,0.278446,0.089892,0.061940,0.047885,0.044740,0.027736,0.071406
0.045776,0.017149,0.045786,0.043380,0.776221,0.013993,0.013870,0.013548,0.013181,0.017096
0.178249,0.030291,0.178200,0.420160,0.078915,0.022897,0.022558,0.019998,0.018625,0.030107
0.111949,0.106408,0.111938,0.172557,0.059424,0.101646,0.128974,0.068698,0.031918,0.106489
0.377871,0.020699,0.377821,0.047855,0.098819,0.015924,0.014037,0.013246,0.013147,0.020581
0.261173,0.071043,0.261072,0.091724,0.074433,0.061242,0.036935,0.041847,0.029983,0.070547
0.321410,0.022196,0.321436,0.127892,0.122274,0.018030,0.017508,0.015198,0.011949,0.022108
0.034471,0.001905,0.034480,0.397324,0.524576,0.001419,0.001459,0.001204,0.001267,0.001894
0.159371,0.053318,0.159362,0.294812,0.104541,0.035944,0.036543,0.030811,0.072327,0.052972
0.228314,0.073768,0.228273,0.062468,0.122308,0.081438,0.052675,0.047105,0.030203,0.073449
0.054460,0.007426,0.054462,0.761333,0.092231,0.006552,0.006051,0.005335,0.004755,0.007393
0.214904,0.070945,0.214860,0.048458,0.064857,0.057551,0.056860,0.037999,0.162905,0.070661
0.316066,0.060941,0.315950,0.067822,0.068460,0.037255,0.032913,0.027651,0.012608,0.060337
0.039459,0.007699,0.039463,0.832960,0.052749,0.006099,0.005027,0.004998,0.003894,0.007654
0.253204,0.050038,0.253203,0.154595,0.109440,0.036890,0.037891,0.029078,0.025969,0.049692
0.142171,0.094713,0.142168,0.097904,0.092376,0.075724,0.071015,0.066481,0.123193,0.094256
0.150823,0.098148,0.150809,0.086975,0.089098,0.079529,0.064225,0.070477,0.112318,0.097597
0.266893,0.063589,0.266852,0.093334,0.095483,0.048092,0.044232,0.036244,0.022107,0.063173
0.104173,0.109914,0.104172,0.086742,0.093693,0.101803,0.107633,0.092577,0.089577,0.109717
0.163530,0.092445,0.163534,0.091542,0.109270,0.078418,0.076498,0.077554,0.054913,0.092296
0.112951,0.017307,0.112964,0.584178,0.098621,0.014549,0.015080,0.013522,0.013585,0.017244
0.306130,0.034748,0.306135,0.053722,0.169275,0.030689,0.023672,0.022339,0.018724,0.034567
0.078271,0.006741,0.078292,0.747776,0.065037,0.005192,0.004391,0.004216,0.003372,0.006712
0.288595,0.019833,0.288721,0.051716,0.280135,0.015600,0.014561,0.012029,0.009076,0.019734
0.326680,0.024161,0.326736,0.056551,0.169936,0.021628,0.021398,0.015903,0.012958,0.024049
0.159517,0.089596,0.159491,0.109521,0.094687,0.083654,0.096346,0.065969,0.051847,0.089372
0.035428,0.006580,0.035427,0.870859,0.024840,0.004737,0.004010,0.004413,0.007139,0.006567
0.111416,0.038703,0.111417,0.073807,0.489756,0.038496,0.043937,0.028252,0.025608,0.038607
0.030501,0.005708,0.030513,0.314454,0.596126,0.004704,0.005153,0.004310,0.002827,0.005705
0.165484,0.124177,0.165432,0.054302,0.060811,0.078008,0.115706,0.074730,0.037744,0.123605
0.261381,0.077629,0.261265,0.052359,0.063312,0.076782,0.048601,0.049523,0.031939,0.077207
0.105256,0.019400,0.105247,0.596517,0.090027,0.015545,0.014873,0.014924,0.018881,0.019329
0.153864,0.129518,0.153831,0.075658,0.068750,0.097316,0.073466,0.083950,0.034833,0.128814
0.259403,0.051833,0.259411,0.058060,0.130723,0.038795,0.032508,0.034255,0.083496,0.051517
0.197397,0.112981,0.197348,0.058989,0.069886,0.074334,0.061459,0.072810,0.042586,0.112210
0.192691,0.079806,0.192641,0.140940,0.096825,0.062015,0.052319,0.055731,0.047519,0.079514
0.344532,0.044774,0.344369,0.069094,0.059998,0.028331,0.028625,0.021036,0.014865,0.044375
0.275464,0.036215,0.275470,0.061803,0.101897,0.033371,0.024543,0.022614,0.132607,0.036016
0.191458,0.076042,0.191391,0.089844,0.098696,0.075442,0.073928,0.063893,0.063402,0.075904
0.194681,0.036639,0.194719,0.089958,0.334734,0.030076,0.033440,0.025234,0.024055,0.036464
0.197040,0.074834,0.196962,0.085218,0.090260,0.104732,0.063567,0.056957,0.055805,0.074625
0.302168,0.014205,0.302308,0.051558,0.277175,0.010761,0.010796,0.008991,0.007930,0.014109
0.098006,0.016133,0.098014,0.628980,0.093598,0.016054,0.012611,0.011714,0.008812,0.016079
0.230913,0.080188,0.230883,0.055939,0.092197,0.099125,0.050963,0.050719,0.029243,0.079829
0.119224,0.086796,0.119228,0.145359,0.129003,0.078259,0.078114,0.078040,0.079260,0.086718
0.014842,0.002621,0.014841,0.941770,0.015054,0.002221,0.002103,0.001909,0.002029,0.002610
0.241759,0.034391,0.241742,0.221028,0.126111,0.028103,0.027657,0.023293,0.021710,0.034205
0.030588,0.005805,0.030593,0.875805,0.030745,0.004522,0.004609,0.004169,0.007384,0.005779
0.070760,0.018511,0.070762,0.441226,0.320684,0.014939,0.020054,0.012475,0.012160,0.018428
0.236095,0.018465,0.236267,0.061334,0.379998,0.013625,0.012764,0.013198,0.009890,0.018365
0.071269,0.062858,0.071268,0.297223,0.057460,0.051508,0.045977,0.051664,0.228090,0.062683
0.099663,0.010721,0.099699,0.026591,0.719265,0.010197,0.008392,0.007259,0.007521,0.010692
0.172792,0.042582,0.172710,0.030325,0.447790,0.026512,0.024839,0.023722,0.016421,0.042307
0.303131,0.010512,0.303129,0.247036,0.099895,0.008815,0.006826,0.005133,0.005090,0.010433
0.179936,0.019559,0.180014,0.046657,0.503173,0.016635,0.013046,0.012030,0.009491,0.019459
0.273112,0.030579,0.273032,0.126144,0.091914,0.028492,0.022958,0.020603,0.102739,0.030427
0.108465,0.015721,0.108477,0.600773,0.104879,0.012910,0.012856,0.010331,0.009951,0.015636
0.062872,0.010671,0.062889,0.230167,0.590224,0.009370,0.006915,0.006399,0.009865,0.010627
0.161008,0.031609,0.160993,0.030285,0.500192,0.025434,0.018903,0.026230,0.013846,0.031500
0.120109,0.108201,0.120094,0.095053,0.084661,0.098210,0.091182,0.086463,0.088166,0.107861
0.238705,0.032429,0.238667,0.213393,0.163542,0.026183,0.023233,0.017613,0.013986,0.032250
0.326189,0.022980,0.326302,0.060047,0.179741,0.018975,0.017599,0.014300,0.011012,0.022855
0.239696,0.022149,0.239687,0.213278,0.203925,0.017970,0.015792,0.013468,0.012041,0.021992
0.267791,0.010597,0.267867,0.047700,0.367443,0.007886,0.007234,0.006678,0.006279,0.010525
0.264098,0.063328,0.264050,0.060330,0.112278,0.046430,0.048453,0.043457,0.034581,0.062995
0.023522,0.001130,0.023528,0.929488,0.018184,0.000903,0.000874,0.000669,0.000581,0.001122
0.025879,0.005387,0.025881,0.886750,0.033315,0.004271,0.004727,0.003882,0.004543,0.005365
0.149715,0.006154,0.149747,0.053189,0.618787,0.005586,0.004511,0.003549,0.002636,0.006125
0.126459,0.049121,0.126446,0.421789,0.091123,0.043972,0.035792,0.032156,0.024302,0.048840
0.096389,0.056661,0.096391,0.431678,0.087166,0.045757,0.042726,0.045043,0.041676,0.056514
0.179474,0.049319,0.179507,0.191476,0.200152,0.044798,0.037094,0.038345,0.030676,0.049159
0.303451,0.062310,0.303297,0.079712,0.072900,0.038740,0.028607,0.033883,0.015273,0.061828
0.156522,0.055935,0.156525,0.175483,0.198211,0.053534,0.051215,0.042306,0.054535,0.055735
0.029803,0.014261,0.029803,0.791783,0.036454,0.012965,0.012593,0.012151,0.045945,0.014241
0.015775,0.002512,0.015774,0.933166,0.022410,0.002294,0.002089,0.001773,0.001705,0.002501
0.086338,0.032616,0.086335,0.447161,0.140501,0.027032,0.029117,0.026169,0.092180,0.032552
0.308672,0.034179,0.308539,0.069943,0.156119,0.025314,0.024093,0.021593,0.017582,0.033966
0.088499,0.021250,0.088510,0.061474,0.659095,0.017789,0.017920,0.013442,0.010853,0.021168
0.073364,0.014106,0.073353,0.742713,0.042254,0.012843,0.009898,0.008667,0.008790,0.014013
0.038539,0.005679,0.038534,0.866422,0.029465,0.004341,0.004660,0.003696,0.003011,0.005654
0.326129,0.040935,0.326064,0.059594,0.103389,0.031537,0.027817,0.024773,0.019069,0.040694
0.011102,0.003012,0.011103,0.945065,0.016264,0.002555,0.002631,0.002391,0.002873,0.003002
0.114931,0.052801,0.114942,0.307238,0.116189,0.041861,0.039564,0.039535,0.120340,0.052599
0.059248,0.017037,0.059259,0.712757,0.078121,0.014395,0.014653,0.013893,0.013645,0.016993
0.194100,0.035001,0.194157,0.112654,0.319129,0.032369,0.026005,0.023985,0.027715,0.034884
0.178119,0.015204,0.178155,0.050996,0.518839,0.011741,0.010116,0.009902,0.011820,0.015108
0.263888,0.072066,0.263864,0.062649,0.095386,0.049863,0.050735,0.036873,0.033203,0.071472
0.237187,0.055507,0.237111,0.062666,0.076113,0.076897,0.050293,0.035423,0.113505,0.055298
0.104632,0.069193,0.104631,0.291644,0.109080,0.059820,0.091210,0.053870,0.046880,0.069040
0.370893,0.034050,0.370781,0.034832,0.059640,0.022609,0.026664,0.017372,0.029361,0.033798
0.267329,0.052858,0.267310,0.066807,0.121753,0.043444,0.041127,0.034915,0.051890,0.052566
0.022951,0.002746,0.022948,0.925973,0.013103,0.002733,0.002058,0.001743,0.003009,0.002736
0.209131,0.068473,0.209152,0.087971,0.158485,0.060629,0.049144,0.047436,0.041468,0.068111
0.094119,0.052214,0.094118,0.453058,0.089043,0.043796,0.041293,0.045786,0.034463,0.052110
0.045745,0.052896,0.045735,0.068965,0.025404,0.041678,0.627400,0.029872,0.009576,0.052728
0.174187,0.105876,0.174180,0.056075,0.101539,0.122532,0.053656,0.077622,0.028687,0.105646
0.034750,0.032826,0.034749,0.018170,0.025930,0.026539,0.765360,0.018126,0.010799,0.032751
0.281053,0.043091,0.281076,0.102725,0.115681,0.043597,0.037013,0.027646,0.025257,0.042861
0.238542,0.086855,0.238439,0.064910,0.064359,0.091453,0.054416,0.048109,0.026522,0.086395
0.238037,0.062206,0.238057,0.048526,0.098453,0.063909,0.049813,0.039591,0.099501,0.061906
0.325178,0.044117,0.325222,0.044894,0.106022,0.036741,0.024732,0.023533,0.025655,0.043908
0.272939,0.062428,0.272935,0.048774,0.103666,0.062195,0.050819,0.038450,0.025637,0.062157
0.053872,0.013133,0.053866,0.780893,0.041362,0.011502,0.011211,0.010283,0.010788,0.013091
0.368548,0.032500,0.368343,0.049402,0.075880,0.022168,0.019807,0.019034,0.012067,0.032252
0.263787,0.084366,0.263649,0.054318,0.053609,0.072070,0.048402,0.051205,0.024889,0.083706
0.336269,0.044294,0.336096,0.065452,0.066079,0.039775,0.028673,0.024268,0.015032,0.044063
0.293869,0.049450,0.293715,0.095505,0.082620,0.038340,0.036928,0.033155,0.027209,0.049209
0.322691,0.056004,0.322531,0.063397,0.059920,0.045416,0.031118,0.028753,0.014595,0.055575
0.234548,0.075302,0.234440,0.089522,0.080310,0.076052,0.054459,0.048648,0.031846,0.074875
0.209849,0.075552,0.209827,0.089458,0.114440,0.071441,0.054051,0.057026,0.043126,0.075231
0.181846,0.085101,0.181808,0.120607,0.094523,0.066493,0.069958,0.069766,0.045068,0.084830
0.301594,0.060950,0.301510,0.043109,0.082674,0.048583,0.038085,0.036212,0.026770,0.060514
0.221366,0.078925,0.221360,0.063732,0.128721,0.062905,0.054965,0.049064,0.040593,0.078368
0.288199,0.046952,0.288164,0.067363,0.122340,0.041664,0.038945,0.032319,0.027284,0.046769
0.190010,0.082799,0.189945,0.094549,0.084991,0.080665,0.074248,0.061020,0.059220,0.082550
0.229708,0.071568,0.229697,0.047029,0.072171,0.086914,0.143313,0.033615,0.014631,0.071354
0.278873,0.057600,0.278773,0.084238,0.085308,0.044686,0.043493,0.040288,0.029388,0.057353
0.025456,0.002055,0.025469,0.021782,0.917096,0.001592,0.001493,0.001452,0.001559,0.002047
0.103797,0.034601,0.103792,0.553895,0.069531,0.030144,0.026904,0.024249,0.018633,0.034454
0.022707,0.004701,0.022711,0.909710,0.020903,0.004696,0.003811,0.003099,0.002975,0.004686
0.131230,0.046440,0.131216,0.045631,0.040686,0.034009,0.025948,0.032429,0.466225,0.046187
0.039188,0.015249,0.039192,0.796181,0.045303,0.013295,0.012887,0.012312,0.011167,0.015225
0.061597,0.212569,0.061588,0.030837,0.033862,0.121281,0.097213,0.080172,0.093648,0.207234
0.339327,0.055673,0.339286,0.033397,0.058202,0.032908,0.039236,0.033869,0.012650,0.055451
0.067912,0.004866,0.067929,0.308694,0.523604,0.003627,0.003551,0.003315,0.011659,0.004843
0.372561,0.037547,0.372469,0.035196,0.064371,0.025280,0.023626,0.019951,0.011717,0.037281
0.327002,0.023780,0.327004,0.119520,0.121663,0.017677,0.013892,0.014720,0.011098,0.023643
0.335402,0.033646,0.335440,0.039384,0.145356,0.027174,0.017699,0.020446,0.012056,0.033396
0.083747,0.008499,0.083763,0.192817,0.594520,0.007021,0.008243,0.006298,0.006627,0.008465
0.335369,0.039638,0.335173,0.083112,0.069124,0.032004,0.026216,0.024320,0.015611,0.039434
0.115713,0.008768,0.115709,0.028219,0.697463,0.006946,0.006234,0.005626,0.006601,0.008721
0.216119,0.081845,0.216092,0.068376,0.100389,0.064335,0.055106,0.056122,0.060310,0.081307
0.198178,0.048534,0.198197,0.259699,0.112938,0.039370,0.032291,0.032455,0.030057,0.048280
0.160016,0.109266,0.159974,0.093533,0.059339,0.127206,0.063233,0.074252,0.044347,0.108833
0.126154,0.032115,0.126148,0.148553,0.441810,0.029417,0.023660,0.021506,0.018601,0.032035
0.060074,0.014592,0.060083,0.685729,0.119345,0.012332,0.012132,0.010467,0.010709,0.014536
0.116736,0.049158,0.116748,0.369545,0.141113,0.040721,0.040315,0.040320,0.036300,0.049044
0.278726,0.072780,0.278655,0.048564,0.069338,0.074543,0.043928,0.038233,0.022938,0.072294
0.183380,0.116366,0.183335,0.046050,0.067105,0.084686,0.079600,0.068276,0.055361,0.115842
0.214738,0.083099,0.214660,0.066807,0.095645,0.077145,0.060669,0.049829,0.054800,0.082607
0.095460,0.029331,0.095456,0.513359,0.149123,0.024249,0.022610,0.022119,0.019063,0.029230
0.301050,0.028457,0.301151,0.062828,0.196474,0.024781,0.022508,0.018700,0.015743,0.028308
0.175967,0.092010,0.175956,0.089025,0.090406,0.080136,0.094941,0.061509,0.048203,0.091847
0.301538,0.011461,0.301694,0.041624,0.303464,0.008406,0.008178,0.007024,0.005226,0.011386
0.032968,0.004435,0.032967,0.732784,0.179569,0.004093,0.003425,0.002815,0.002519,0.004423
0.228235,0.046536,0.228236,0.221041,0.106759,0.036245,0.033651,0.029106,0.023940,0.046250
0.375838,0.011444,0.376041,0.041259,0.154740,0.008499,0.007981,0.006933,0.005899,0.011366
0.022221,0.001283,0.022230,0.275305,0.673830,0.001000,0.001009,0.000881,0.000964,0.001277
0.257542,0.059209,0.257484,0.090724,0.105772,0.046603,0.044244,0.041189,0.038278,0.058955
0.004282,0.005045,0.004282,0.003417,0.003346,0.003864,0.003344,0.003672,0.963724,0.005025
0.176734,0.044763,0.176699,0.308556,0.108857,0.038406,0.035865,0.035878,0.029614,0.044629
0.261669,0.024818,0.261810,0.064381,0.291855,0.020050,0.020948,0.016977,0.012792,0.024701
0.106413,0.115875,0.106408,0.080269,0.080132,0.108514,0.114696,0.098178,0.074100,0.115415
0.231567,0.091243,0.231533,0.057196,0.073927,0.084922,0.056558,0.049844,0.032453,0.090757
0.225771,0.109280,0.225706,0.043222,0.057292,0.095278,0.057909,0.052572,0.024422,0.108547
0.136105,0.101143,0.136095,0.074374,0.114415,0.092754,0.111915,0.067778,0.064638,0.100783
0.377871,0.020699,0.377821,0.047855,0.098819,0.015924,0.014037,0.013246,0.013147,0.020581
0.089837,0.127604,0.089827,0.054216,0.067000,0.154177,0.097444,0.144671,0.047574,0.127651
0.059558,0.007305,0.059583,0.320221,0.523000,0.006335,0.005822,0.005391,0.005503,0.007282
0.321410,0.022196,0.321436,0.127892,0.122274,0.018030,0.017508,0.015198,0.011949,0.022108
0.195919,0.066225,0.195897,0.189684,0.104582,0.052995,0.054624,0.042669,0.031654,0.065752
0.241759,0.034391,0.241742,0.221028,0.126111,0.028103,0.027657,0.023293,0.021710,0.034205
0.216673,0.066670,0.216626,0.109321,0.121668,0.051413,0.056651,0.048498,0.046110,0.066371
0.119995,0.106864,0.119982,0.085564,0.113786,0.090410,0.092633,0.094588,0.069370,0.106808
0.097590,0.103911,0.097584,0.073207,0.074274,0.091278,0.085079,0.093950,0.179526,0.103601
0.168498,0.117082,0.168473,0.073133,0.079572,0.079575,0.078906,0.064030,0.054416,0.116313
0.184102,0.128305,0.184038,0.049508,0.060714,0.081968,0.071073,0.066757,0.046298,0.127235
0.100000,0.100000,0.100000,0.100000,0.100000,0.100000,0.100000,0.100000,0.100000,0.100000
0.101023,0.194018,0.101008,0.030084,0.044806,0.105835,0.070859,0.141895,0.017105,0.193366
0.110802,0.145638,0.110788,0.051981,0.061804,0.133752,0.087996,0.107638,0.044857,0.144744
0.267162,0.069974,0.267106,0.050920,0.105001,0.050195,0.047361,0.045909,0.026799,0.069572
0.025120,0.029449,0.025115,0.006641,0.009351,0.014301,0.009353,0.014155,0.837392,0.029123
0.228314,0.073768,0.228273,0.062468,0.122308,0.081438,0.052675,0.047105,0.030203,0.073449
0.190561,0.051965,0.190583,0.206228,0.144819,0.046319,0.041971,0.039432,0.036350,0.051771
0.206056,0.047807,0.206044,0.241424,0.127001,0.035129,0.035440,0.030789,0.022762,0.047547
0.292406,0.019840,0.292457,0.174348,0.146571,0.016301,0.020113,0.010538,0.007707,0.019719
0.149715,0.006154,0.149747,0.053189,0.618787,0.005586,0.004511,0.003549,0.002636,0.006125
0.154344,0.056244,0.154305,0.346407,0.079134,0.044156,0.037642,0.037267,0.034450,0.056051
0.235796,0.009530,0.235859,0.019463,0.464227,0.008505,0.006202,0.005078,0.005879,0.009460
0.143369,0.017629,0.143335,0.565911,0.061763,0.014910,0.013433,0.010530,0.011603,0.017519
0.000002,0.000002,0.000002,0.000001,0.000001,0.000001,0.000001,0.000001,0.999988,0.000002
0.004327,0.006472,0.004326,0.003428,0.002781,0.004106,0.003490,0.004293,0.960338,0.006439
0.190583,0.068169,0.190544,0.224434,0.073915,0.048944,0.053330,0.042886,0.039396,0.067800
0.139652,0.117749,0.139630,0.088223,0.082025,0.082068,0.079649,0.085150,0.068673,0.117181
0.101785,0.097261,0.101783,0.104389,0.087434,0.089190,0.082733,0.081991,0.156474,0.096960
0.132095,0.100528,0.132087,0.092020,0.094115,0.090911,0.087688,0.084421,0.085983,0.100151
0.096985,0.041025,0.096979,0.064357,0.127173,0.039299,0.028508,0.027468,0.437407,0.040798
0.085431,0.097426,0.085426,0.078471,0.071359,0.086803,0.084393,0.075711,0.237899,0.097081
0.154041,0.090404,0.154030,0.096726,0.101868,0.079822,0.078977,0.074525,0.079532,0.090076
0.133180,0.096319,0.133171,0.098742,0.100223,0.087304,0.087356,0.081642,0.086061,0.096000
0.162794,0.105099,0.162779,0.076499,0.087818,0.083860,0.075381,0.081849,0.059287,0.104634
0.027112,0.026345,0.027111,0.021031,0.021250,0.021198,0.019671,0.019751,0.790334,0.026197
0.001255,0.001404,0.001255,0.000759,0.000698,0.000951,0.000798,0.000999,0.990483,0.001398
0.077260,0.070729,0.077258,0.072933,0.057429,0.057613,0.052677,0.048049,0.415710,0.070343
0.009131,0.008272,0.009131,0.014664,0.007888,0.007438,0.006678,0.006958,0.921594,0.008246
0.006804,0.009791,0.006803,0.004344,0.004191,0.006064,0.004424,0.005570,0.942290,0.009719
0.010091,0.008156,0.010091,0.008712,0.008664,0.007311,0.007019,0.006888,0.924934,0.008135
0.008977,0.009911,0.008976,0.007101,0.005962,0.007619,0.007506,0.006321,0.927752,0.009875
0.076167,0.036198,0.076152,0.032007,0.036729,0.027956,0.025610,0.025775,0.627427,0.035979
0.025414,0.026209,0.025413,0.027445,0.022469,0.021818,0.021021,0.019748,0.784336,0.026127
0.074150,0.098315,0.074141,0.016997,0.026602,0.061395,0.499167,0.043083,0.008220,0.097931
0.003157,0.002761,0.003157,0.002888,0.002690,0.002595,0.002288,0.002250,0.975456,0.002757
0.023882,0.020869,0.023880,0.020297,0.017778,0.018040,0.017534,0.017751,0.819141,0.020827
0.037583,0.198566,0.037577,0.019994,0.021306,0.136572,0.091483,0.104665,0.154280,0.197974
0.100000,0.100000,0.100000,0.100000,0.100000,0.100000,0.100000,0.100000,0.100000,0.100000
0.067311,0.056991,0.067313,0.064499,0.050085,0.045945,0.037142,0.040870,0.513070,0.056773
0.079557,0.133928,0.079554,0.073520,0.063391,0.157244,0.090818,0.109128,0.078955,0.133904
0.023884,0.253372,0.023882,0.016549,0.017615,0.137781,0.149860,0.102903,0.021051,0.253102
0.012642,0.015076,0.012641,0.009730,0.009321,0.012278,0.010814,0.012292,0.890161,0.015045
0.028948,0.185125,0.028944,0.016086,0.017016,0.140834,0.087603,0.292788,0.015967,0.186689
0.064333,0.084157,0.064330,0.037923,0.284537,0.063895,0.056124,0.044989,0.215724,0.083988
0.023916,0.128658,0.023914,0.019973,0.015689,0.130047,0.358369,0.068215,0.102096,0.129122
0.026510,0.106307,0.026507,0.018081,0.018712,0.066661,0.059650,0.064205,0.507314,0.106053
0.000001,0.000001,0.000001,0.000001,0.000000,0.000000,0.000000,0.000000,0.999995,0.000001
0.006268,0.118796,0.006267,0.003591,0.003706,0.530649,0.031459,0.176845,0.003748,0.118671
0.000521,0.000527,0.000521,0.000487,0.000423,0.000705,0.000402,0.000426,0.995462,0.000526
0.172324,0.073913,0.172316,0.071743,0.211502,0.058898,0.046767,0.050217,0.068928,0.073392
0.016222,0.007141,0.016223,0.017791,0.912126,0.006048,0.006114,0.005600,0.005613,0.007122
0.166043,0.079268,0.166055,0.093873,0.183987,0.064665,0.057708,0.059752,0.049775,0.078874
0.149684,0.082407,0.149681,0.106393,0.150966,0.073853,0.074514,0.073851,0.056352,0.082300
0.060645,0.058663,0.060640,0.040884,0.036029,0.048511,0.055435,0.040751,0.539957,0.058485
0.127468,0.109240,0.127474,0.082177,0.120594,0.086084,0.081958,0.088397,0.067900,0.108708
0.211582,0.069325,0.211551,0.139224,0.112710,0.052958,0.042224,0.044632,0.046947,0.068847
0.012478,0.010447,0.012476,0.007625,0.007870,0.009312,0.006304,0.006388,0.916724,0.010376
0.019596,0.011774,0.019592,0.012300,0.008787,0.007947,0.006045,0.006970,0.895300,0.011688
0.059071,0.175794,0.059071,0.039869,0.045180,0.116261,0.114461,0.175038,0.038573,0.176681
0.005500,0.005029,0.005499,0.003446,0.003130,0.003646,0.003085,0.003224,0.962444,0.004997
0.123931,0.085696,0.123922,0.118381,0.130403,0.070505,0.058408,0.059666,0.143842,0.085245
0.027016,0.165279,0.027013,0.016564,0.017338,0.181400,0.055989,0.326480,0.017311,0.165611
0.000127,0.000157,0.000127,0.000084,0.000077,0.000103,0.000090,0.000106,0.998973,0.000156
0.031794,0.151997,0.031792,0.023925,0.025458,0.131216,0.086405,0.339913,0.024396,0.153104
0.017430,0.020787,0.017429,0.016557,0.015100,0.017238,0.016289,0.015158,0.843297,0.020716
0.109496,0.132142,0.109486,0.082779,0.066282,0.125277,0.104918,0.086518,0.051877,0.131225
0.100731,0.050643,0.100728,0.048885,0.055240,0.063026,0.040119,0.038961,0.451098,0.050569
0.023313,0.164530,0.023312,0.016265,0.017117,0.166919,0.306882,0.093629,0.022717,0.165315
0.012448,0.014080,0.012447,0.008892,0.008131,0.010575,0.010143,0.010418,0.898826,0.014041
0.095015,0.094461,0.095006,0.047801,0.068046,0.145099,0.062230,0.060861,0.237541,0.093940
0.108284,0.137638,0.108269,0.056403,0.062765,0.107584,0.079174,0.104514,0.097885,0.137484
0.004366,0.003222,0.004366,0.002276,0.002614,0.002273,0.001983,0.002099,0.973600,0.003201
0.006061,0.028192,0.006061,0.005123,0.004948,0.025837,0.872155,0.019368,0.003901,0.028353
0.108409,0.118935,0.108402,0.084274,0.091549,0.105758,0.087705,0.085929,0.090529,0.118509
0.129275,0.075365,0.129250,0.082307,0.102007,0.075820,0.052933,0.052092,0.225849,0.075101
0.163472,0.105267,0.163456,0.053546,0.144372,0.089825,0.067210,0.059541,0.048606,0.104705
0.025982,0.011778,0.025989,0.017204,0.867939,0.010585,0.009150,0.011140,0.008418,0.011816
0.096001,0.158326,0.095990,0.047587,0.059084,0.133394,0.083629,0.110481,0.057379,0.158129
0.000913,0.001157,0.000912,0.000847,0.000738,0.000906,0.000815,0.000852,0.991705,0.001154
0.210592,0.070298,0.210563,0.072199,0.125804,0.063388,0.059778,0.052991,0.064407,0.069980
0.169131,0.112114,0.169121,0.056102,0.106136,0.094843,0.068950,0.064438,0.047850,0.111314
0.006226,0.003923,0.006225,0.004618,0.004248,0.003531,0.003550,0.003315,0.960452,0.003912
0.117497,0.070294,0.117488,0.318917,0.088027,0.057354,0.054255,0.054570,0.051519,0.070079
0.099367,0.119403,0.099361,0.126739,0.082201,0.118139,0.077971,0.075918,0.081857,0.119045
0.191156,0.077761,0.191136,0.083144,0.115417,0.068188,0.068558,0.060257,0.066930,0.077451
0.153095,0.102008,0.153068,0.082025,0.097339,0.078328,0.083800,0.075519,0.073159,0.101659
0.138433,0.133612,0.138425,0.054715,0.068321,0.113986,0.092067,0.078462,0.048739,0.133240
0.237842,0.091560,0.237751,0.053935,0.065715,0.072086,0.048958,0.055832,0.045366,0.090954
0.079393,0.097839,0.079383,0.070520,0.046677,0.067766,0.059409,0.061988,0.339676,0.097350
0.062187,0.071171,0.062180,0.037872,0.037372,0.053761,0.053856,0.054659,0.496106,0.070836
0.019095,0.009646,0.019092,0.011366,0.010338,0.007994,0.007787,0.007310,0.897764,0.009608
0.001573,0.001601,0.001573,0.001486,0.001192,0.001345,0.001335,0.001229,0.987070,0.001596
0.165610,0.104579,0.165580,0.067108,0.079689,0.086527,0.085701,0.078260,0.062721,0.104224
0.079905,0.117433,0.079896,0.034263,0.039618,0.081801,0.066776,0.092695,0.290525,0.117089
0.100000,0.100000,0.100000,0.100000,0.100000,0.100000,0.100000,0.100000,0.100000,0.100000
0.157387,0.070254,0.157364,0.119213,0.078579,0.063573,0.060674,0.054817,0.168071,0.070067
0.229036,0.061446,0.228985,0.100570,0.117049,0.050422,0.048622,0.044833,0.057854,0.061182
0.102395,0.082103,0.102387,0.089433,0.070766,0.070696,0.058330,0.064921,0.277098,0.081871
0.207132,0.114250,0.207057,0.042942,0.068286,0.076059,0.059987,0.069037,0.041892,0.113358
0.140423,0.131599,0.140397,0.062531,0.066751,0.092657,0.098813,0.081934,0.053958,0.130935
0.093763,0.091908,0.093762,0.096090,0.087021,0.136043,0.085002,0.088284,0.136260,0.091868
0.013944,0.012714,0.013943,0.012188,0.008960,0.009245,0.009380,0.008626,0.898365,0.012636
0.132162,0.107387,0.132139,0.107963,0.072997,0.148886,0.062649,0.069157,0.059718,0.106941
0.089538,0.077884,0.089525,0.057590,0.060211,0.081227,0.064352,0.058787,0.343025,0.077861
0.002634,0.002883,0.002634,0.001694,0.001509,0.002238,0.001890,0.002159,0.979486,0.002872
0.081208,0.097420,0.081196,0.050481,0.051696,0.073249,0.056416,0.071094,0.340054,0.097186
0.080297,0.090062,0.080296,0.104712,0.072767,0.213374,0.070800,0.080731,0.116920,0.090040
0.121979,0.092151,0.121960,0.088914,0.084578,0.185117,0.070035,0.072644,0.070687,0.091935
0.078170,0.128420,0.078166,0.072725,0.066981,0.110035,0.083701,0.094278,0.159338,0.128188
0.144007,0.099052,0.143993,0.085123,0.095682,0.082305,0.085406,0.073655,0.091985,0.098793
0.160537,0.074398,0.160539,0.132803,0.123434,0.069343,0.079678,0.059825,0.065216,0.074227
0.100000,0.100000,0.100000,0.100000,0.100000,0.100000,0.100000,0.100000,0.100000,0.100000
0.136857,0.071151,0.136837,0.058972,0.094012,0.055187,0.049315,0.048629,0.278152,0.070887
0.093536,0.107375,0.093534,0.096542,0.089779,0.104486,0.097763,0.108658,0.100836,0.107492
0.192537,0.066607,0.192525,0.134153,0.132853,0.057407,0.055584,0.048499,0.053552,0.066283
0.087073,0.053474,0.087075,0.054193,0.062126,0.051331,0.056612,0.044615,0.450104,0.053397
0.138476,0.074988,0.138437,0.058288,0.057188,0.069466,0.049020,0.050025,0.289410,0.074702
0.192400,0.074058,0.192387,0.087266,0.170892,0.053323,0.053204,0.047778,0.055017,0.073676
0.126316,0.109736,0.126313,0.074090,0.087510,0.094287,0.079479,0.087268,0.105664,0.109337
0.207842,0.062978,0.207810,0.129221,0.158791,0.044688,0.045538,0.043506,0.036829,0.062797
0.191422,0.072439,0.191371,0.073488,0.101294,0.056703,0.061584,0.052368,0.127143,0.072188
0.099275,0.097340,0.099268,0.104705,0.064920,0.065396,0.081369,0.066414,0.224342,0.096972
0.293295,0.040020,0.293204,0.144065,0.081490,0.026397,0.028230,0.023113,0.030469,0.039717
0.222512,0.058597,0.222483,0.053180,0.171101,0.041859,0.045249,0.038319,0.088447,0.058254
0.210577,0.065118,0.210475,0.063485,0.064605,0.042720,0.036223,0.036942,0.205161,0.064695
0.128189,0.130551,0.128164,0.063788,0.065834,0.107389,0.091851,0.112418,0.041317,0.130501
0.082306,0.102648,0.082304,0.079744,0.074016,0.100672,0.082750,0.084303,0.208713,0.102543
0.225016,0.043623,0.224987,0.085100,0.225954,0.036352,0.037577,0.031335,0.046612,0.043446
0.167862,0.038511,0.167867,0.245307,0.202829,0.044858,0.029309,0.026383,0.038757,0.038317
0.145976,0.071862,0.145958,0.157059,0.103971,0.068050,0.076894,0.055793,0.102783,0.071655
0.161153,0.066225,0.161162,0.103091,0.196103,0.056578,0.063212,0.054672,0.071730,0.066073
0.209480,0.083308,0.209460,0.111049,0.084365,0.058790,0.063453,0.054292,0.042973,0.082829
0.133975,0.093216,0.133960,0.096851,0.089632,0.118126,0.083148,0.076135,0.081979,0.092978
0.093012,0.068577,0.092999,0.086791,0.079128,0.057594,0.050438,0.056666,0.346367,0.068428
0.004282,0.005045,0.004282,0.003417,0.003346,0.003864,0.003344,0.003672,0.963724,0.005025
0.178947,0.054455,0.178940,0.129734,0.201681,0.046779,0.043939,0.041421,0.069861,0.054243
0.188890,0.063379,0.188856,0.135125,0.118976,0.044204,0.043629,0.043226,0.110669,0.063047
0.121149,0.127744,0.121144,0.070479,0.075874,0.119461,0.099584,0.089117,0.047636,0.127812
0.116759,0.093574,0.116756,0.083876,0.101097,0.104797,0.084870,0.072937,0.131943,0.093391
0.001700,0.001227,0.001700,0.001560,0.001511,0.001154,0.001140,0.001102,0.987681,0.001226
0.012341,0.007546,0.012341,0.019015,0.022261,0.006218,0.006170,0.005855,0.900727,0.007527
0.121496,0.094383,0.121497,0.085581,0.121268,0.096625,0.096895,0.068921,0.099230,0.094104
0.018634,0.018167,0.018633,0.018271,0.019020,0.014151,0.013416,0.013846,0.847754,0.018108
0.019744,0.201830,0.019743,0.014154,0.015034,0.184237,0.073035,0.251620,0.015054,0.205549
0.018468,0.007411,0.018470,0.030351,0.889184,0.006721,0.006968,0.006382,0.008647,0.007396
0.100000,0.100000,0.100000,0.100000,0.100000,0.100000,0.100000,0.100000,0.100000,0.100000
0.005779,0.096712,0.005778,0.002896,0.003217,0.043948,0.015814,0.722954,0.003524,0.099379
0.043736,0.237438,0.043729,0.019838,0.022654,0.109013,0.118134,0.082442,0.090351,0.232665
0.011658,0.023761,0.011657,0.008601,0.008266,0.014510,0.014505,0.017295,0.866062,0.023687
0.057285,0.202286,0.057279,0.029897,0.034858,0.110563,0.085328,0.157142,0.063079,0.202284
0.127798,0.084102,0.127791,0.141421,0.122009,0.065862,0.123289,0.066413,0.057402,0.083914
0.095847,0.124041,0.095837,0.061595,0.067728,0.100047,0.156640,0.107875,0.066429,0.123959
0.068641,0.041315,0.068639,0.031275,0.040649,0.030816,0.026275,0.029504,0.621728,0.041158
0.154984,0.128845,0.154950,0.046333,0.059132,0.083346,0.113996,0.083225,0.047114,0.128074
0.004995,0.006088,0.004995,0.006147,0.004727,0.005517,0.004617,0.005683,0.951142,0.006089
0.243511,0.101882,0.243431,0.049299,0.056546,0.063179,0.054608,0.059996,0.026509,0.101039
0.007942,0.006838,0.007942,0.005547,0.005283,0.005403,0.004754,0.005000,0.944471,0.006821
0.077555,0.181622,0.077546,0.050554,0.051717,0.105265,0.101253,0.139749,0.033448,0.181292
0.082128,0.116140,0.082116,0.032718,0.037070,0.110034,0.057610,0.079893,0.285396,0.116895
0.040225,0.193811,0.040220,0.025510,0.023108,0.183968,0.111542,0.169536,0.016426,0.195653
0.202957,0.095089,0.202887,0.084328,0.076982,0.066615,0.061220,0.067663,0.047537,0.094722
0.157415,0.126056,0.157394,0.052485,0.079549,0.099751,0.068702,0.087811,0.045552,0.125286
0.231099,0.135461,0.230965,0.033301,0.041773,0.064491,0.039206,0.066901,0.022542,0.134260
0.100000,0.100000,0.100000,0.100000,0.100000,0.100000,0.100000,0.100000,0.100000,0.100000
0.227339,0.080996,0.227273,0.058418,0.093259,0.054897,0.050960,0.047447,0.079013,0.080398
0.179658,0.095145,0.179665,0.073081,0.124555,0.065546,0.055269,0.065844,0.066683,0.094555
0.143427,0.116133,0.143405,0.064351,0.089718,0.097145,0.071272,0.082765,0.075559,0.116224
0.100000,0.100000,0.100000,0.100000,0.100000,0.100000,0.100000,0.100000,0.100000,0.100000
0.316998,0.055840,0.316875,0.050940,0.077034,0.050001,0.029077,0.027442,0.020423,0.055370
0.267034,0.070812,0.266990,0.064766,0.089194,0.049814,0.047121,0.038336,0.035631,0.070303
0.186278,0.072181,0.186279,0.129325,0.129731,0.061484,0.056788,0.056992,0.048982,0.071960
0.167310,0.068725,0.167283,0.040533,0.071880,0.053003,0.040167,0.038322,0.284588,0.068189
0.158296,0.088115,0.158247,0.040848,0.040896,0.049430,0.040342,0.041296,0.295335,0.087195
0.178200,0.145487,0.178132,0.036522,0.052752,0.080005,0.075040,0.078217,0.031381,0.144264
0.034994,0.029999,0.034992,0.025736,0.025777,0.031876,0.016851,0.020509,0.749362,0.029903
0.073671,0.080463,0.073663,0.049237,0.040672,0.056186,0.047408,0.056767,0.441998,0.079934
0.183274,0.044089,0.183202,0.050870,0.056863,0.036709,0.028452,0.022897,0.349805,0.043839
0.017386,0.018106,0.017385,0.022940,0.015379,0.016193,0.013468,0.014526,0.846539,0.018078
0.214150,0.066972,0.214100,0.053280,0.069973,0.050399,0.040437,0.040864,0.183287,0.066539
0.000001,0.000001,0.000001,0.000001,0.000000,0.000000,0.000000,0.000000,0.999995,0.000001
0.038618,0.172097,0.038616,0.029557,0.031620,0.159968,0.081943,0.242708,0.028571,0.176302
0.123592,0.080427,0.123571,0.087533,0.080403,0.101830,0.059500,0.065865,0.196935,0.080344
0.000046,0.000042,0.000046,0.000055,0.000042,0.000039,0.000039,0.000038,0.999609,0.000042
0.072828,0.129119,0.072823,0.063856,0.060397,0.124151,0.095973,0.100499,0.151230,0.129124
0.080902,0.124561,0.080899,0.041791,0.099660,0.075252,0.074072,0.104466,0.194048,0.124351
0.030588,0.113093,0.030582,0.013155,0.013605,0.055970,0.176101,0.049779,0.404598,0.112530
0.025840,0.017077,0.025839,0.026388,0.022033,0.015891,0.016185,0.015277,0.818414,0.017056
0.218575,0.072681,0.218545,0.089222,0.111680,0.055077,0.057715,0.049925,0.054330,0.072250
0.030313,0.065825,0.030310,0.026805,0.019791,0.052647,0.431600,0.040877,0.236051,0.065781
0.105457,0.120980,0.105447,0.043040,0.052650,0.097588,0.096886,0.078266,0.178806,0.120881
0.013651,0.013069,0.013649,0.007719,0.010019,0.008801,0.008425,0.008573,0.903088,0.013005
0.135995,0.073684,0.135992,0.139422,0.228194,0.056103,0.052514,0.055210,0.049463,0.073422
0.202914,0.080265,0.202927,0.079953,0.104612,0.069919,0.069507,0.058642,0.051315,0.079945
0.000314,0.000370,0.000314,0.000244,0.000236,0.000288,0.000253,0.000303,0.997307,0.000369
0.007470,0.005316,0.007469,0.004577,0.004643,0.003985,0.003999,0.003701,0.953542,0.005296
0.008665,0.010443,0.008665,0.007698,0.006527,0.007145,0.006542,0.007031,0.926901,0.010382
0.013543,0.011833,0.013542,0.013072,0.011464,0.010070,0.009243,0.009580,0.895856,0.011798
0.045187,0.032269,0.045183,0.031997,0.026741,0.026543,0.025137,0.025033,0.709722,0.032189
0.000019,0.000020,0.000019,0.000014,0.000012,0.000014,0.000012,0.000013,0.999856,0.000020
0.001663,0.001542,0.001663,0.001601,0.001481,0.001422,0.001398,0.001412,0.986278,0.001541
0.090165,0.139994,0.090158,0.059975,0.063535,0.105481,0.089020,0.107008,0.114934,0.139730
0.110435,0.117221,0.110431,0.067358,0.074445,0.098937,0.078895,0.092821,0.132521,0.116936
0.100000,0.100000,0.100000,0.100000,0.100000,0.100000,0.100000,0.100000,0.100000,0.100000
0.085956,0.102639,0.085952,0.091942,0.072799,0.087626,0.074908,0.092066,0.203575,0.102536
0.001718,0.001730,0.001718,0.002064,0.001514,0.001552,0.001559,0.001597,0.984821,0.001727
0.004607,0.003992,0.004606,0.003009,0.002729,0.003030,0.002676,0.002734,0.968649,0.003968
0.199637,0.114611,0.199595,0.045976,0.065558,0.083633,0.064248,0.067239,0.045417,0.114085
0.037804,0.049697,0.037803,0.042400,0.032257,0.039468,0.039172,0.042228,0.629645,0.049525
0.000727,0.000670,0.000727,0.000364,0.000385,0.000479,0.000376,0.000409,0.995198,0.000665
0.130240,0.125877,0.130223,0.057416,0.073889,0.104060,0.077147,0.091366,0.084419,0.125362
0.008186,0.008204,0.008185,0.008967,0.006378,0.007087,0.006106,0.006416,0.932298,0.008172
0.010851,0.010863,0.010851,0.009298,0.008484,0.008963,0.008318,0.008380,0.913168,0.010823
0.000497,0.000608,0.000497,0.000384,0.000360,0.000464,0.000408,0.000463,0.995714,0.000605
0.000000,0.000000,0.000000,0.000000,0.000000,0.000000,0.000000,0.000000,0.999998,0.000000
0.000428,0.000421,0.000428,0.000378,0.000332,0.000347,0.000321,0.000332,0.996594,0.000420
0.000535,0.000642,0.000535,0.000504,0.000440,0.000508,0.000484,0.000541,0.995171,0.000641
0.000232,0.000231,0.000232,0.000193,0.000172,0.000191,0.000176,0.000188,0.998155,0.000230
0.002411,0.002832,0.002411,0.002294,0.001993,0.002434,0.002535,0.002628,0.977636,0.002825
0.057431,0.076601,0.057429,0.069748,0.049252,0.060255,0.054949,0.061804,0.436035,0.076495
0.004567,0.004938,0.004567,0.004577,0.003596,0.003903,0.003530,0.003694,0.961708,0.004919
0.189329,0.070979,0.189294,0.123864,0.113938,0.057683,0.059379,0.052921,0.071862,0.070751
0.062661,0.066569,0.062654,0.042295,0.045376,0.060916,0.043179,0.049090,0.500955,0.066305
0.106628,0.063697,0.106614,0.042506,0.048843,0.049708,0.050526,0.041400,0.426710,0.063369
0.021244,0.011877,0.021244,0.014564,0.056501,0.009208,0.009428,0.009430,0.834648,0.011855
0.065724,0.040468,0.065712,0.056391,0.035688,0.031260,0.031972,0.030470,0.601933,0.040381
0.145685,0.101990,0.145665,0.091612,0.086682,0.110466,0.074587,0.074782,0.066828,0.101702
0.237097,0.099353,0.237009,0.050302,0.064867,0.061619,0.055128,0.060413,0.035534,0.098679
0.205412,0.041885,0.205426,0.065911,0.307724,0.034229,0.038379,0.027544,0.031811,0.041680
0.082645,0.051420,0.082617,0.042017,0.032450,0.032234,0.026207,0.032011,0.567232,0.051167
0.006541,0.011114,0.006541,0.008245,0.004885,0.007599,0.005675,0.006932,0.931430,0.011038
0.018013,0.010165,0.018014,0.012542,0.020811,0.007439,0.006696,0.006632,0.889571,0.010117
0.005491,0.005401,0.005490,0.005000,0.003832,0.005167,0.005937,0.003739,0.954557,0.005387
0.007685,0.004561,0.007686,0.010299,0.138291,0.003717,0.003690,0.003771,0.815749,0.004552
0.002373,0.002035,0.002372,0.001637,0.001395,0.001435,0.001276,0.001297,0.984159,0.002022
0.006799,0.005634,0.006799,0.005040,0.010409,0.004526,0.004286,0.004166,0.946722,0.005618
0.025716,0.030530,0.025717,0.022782,0.026767,0.022091,0.017658,0.022118,0.776215,0.030407
0.124314,0.090702,0.124315,0.144729,0.138804,0.069800,0.065377,0.072701,0.078832,0.090427
0.000246,0.000286,0.000246,0.000181,0.000161,0.000208,0.000171,0.000203,0.998014,0.000285
0.001470,0.001622,0.001470,0.000956,0.001029,0.001177,0.001023,0.001111,0.988528,0.001615
0.001376,0.001525,0.001376,0.000962,0.000969,0.001104,0.001053,0.001114,0.989006,0.001516
0.069479,0.077063,0.069478,0.057507,0.059245,0.065217,0.067078,0.063980,0.394000,0.076953
0.005896,0.006010,0.005895,0.003965,0.004216,0.003953,0.003341,0.004008,0.956748,0.005969
0.007382,0.007009,0.007382,0.004905,0.004552,0.005031,0.004553,0.005034,0.947169,0.006982
0.013233,0.007346,0.013235,0.011572,0.022701,0.005853,0.005553,0.005877,0.907310,0.007322
0.132835,0.088408,0.132806,0.049426,0.057587,0.051857,0.050046,0.050714,0.298493,0.087828
0.028303,0.028828,0.028300,0.015028,0.016892,0.020323,0.016333,0.017903,0.799451,0.028640
0.107999,0.102144,0.108001,0.068073,0.209068,0.076877,0.064765,0.073668,0.087563,0.101844
0.034935,0.024041,0.034933,0.030658,0.043017,0.020165,0.017481,0.018104,0.752707,0.023960
0.116573,0.195804,0.116546,0.031937,0.038941,0.096780,0.078139,0.105826,0.025582,0.193872
0.218386,0.120769,0.218305,0.043935,0.054339,0.068686,0.052454,0.065014,0.038369,0.119743
0.127285,0.119762,0.127265,0.068114,0.064664,0.082340,0.063324,0.069560,0.158668,0.119017
0.022597,0.009830,0.022596,0.014264,0.193008,0.008279,0.006829,0.006837,0.705976,0.009784
0.185679,0.085946,0.185656,0.083607,0.104759,0.070328,0.063915,0.064446,0.070105,0.085559
0.222069,0.054464,0.222027,0.062704,0.131195,0.038662,0.041135,0.035009,0.138629,0.054106
0.180676,0.067472,0.180616,0.107793,0.059618,0.049003,0.046542,0.044197,0.197006,0.067079
0.002169,0.002643,0.002169,0.000957,0.000999,0.001785,0.001287,0.001518,0.983847,0.002626
0.129589,0.070866,0.129561,0.144605,0.067343,0.054000,0.046874,0.050151,0.236365,0.070646
0.175694,0.122076,0.175656,0.055510,0.062693,0.083374,0.071681,0.079953,0.052042,0.121321
0.130028,0.077492,0.130030,0.163683,0.154864,0.077268,0.067818,0.064612,0.056894,0.077311
0.034242,0.041118,0.034237,0.021921,0.020060,0.029026,0.026449,0.030253,0.721752,0.040943
0.227509,0.071678,0.227502,0.062046,0.160562,0.063570,0.045853,0.043988,0.026038,0.071254
0.182523,0.064030,0.182507,0.138838,0.127311,0.046483,0.051738,0.042377,0.100469,0.063725
0.001287,0.001973,0.001287,0.000916,0.000747,0.001412,0.001065,0.001305,0.988042,0.001967
0.013309,0.012835,0.013306,0.005158,0.006436,0.007603,0.005628,0.006941,0.916071,0.012712
0.033114,0.019253,0.033111,0.018067,0.017879,0.014752,0.014901,0.012841,0.816912,0.019169
0.066446,0.208537,0.066439,0.037069,0.045001,0.106711,0.098964,0.106218,0.056693,0.207921
0.205176,0.079210,0.205156,0.074829,0.136845,0.060368,0.053590,0.052481,0.053807,0.078538
0.038443,0.153286,0.038434,0.018428,0.017505,0.089175,0.094522,0.057690,0.340343,0.152174
0.086241,0.126234,0.086238,0.070750,0.068797,0.106669,0.094502,0.121868,0.112411,0.126290
0.171274,0.057799,0.171280,0.114409,0.239082,0.049131,0.044058,0.040403,0.055047,0.057516
0.004510,0.004415,0.004510,0.002729,0.002905,0.003239,0.002800,0.002747,0.967756,0.004390
0.100000,0.100000,0.100000,0.100000,0.100000,0.100000,0.100000,0.100000,0.100000,0.100000
0.179934,0.123211,0.179869,0.057234,0.072552,0.075661,0.064177,0.070077,0.055066,0.122220
0.055161,0.045342,0.055164,0.047034,0.395362,0.048222,0.034361,0.038353,0.235621,0.045381
0.281994,0.066361,0.281927,0.068792,0.078557,0.045349,0.039884,0.037603,0.033736,0.065798
0.121256,0.082928,0.121254,0.188369,0.130927,0.070680,0.071371,0.071292,0.059086,0.082837
0.178196,0.078626,0.178179,0.094677,0.126619,0.065875,0.062612,0.062249,0.074524,0.078443
0.190774,0.101255,0.190749,0.058850,0.079840,0.074354,0.082636,0.065214,0.055541,0.100788
0.170503,0.092708,0.170464,0.056899,0.084414,0.066423,0.055870,0.062266,0.148144,0.092309
0.072202,0.107605,0.072199,0.062373,0.065030,0.251084,0.080065,0.111082,0.070300,0.108059
0.112984,0.133807,0.112961,0.057170,0.060151,0.097415,0.134477,0.099682,0.058012,0.133341
0.100000,0.100000,0.100000,0.100000,0.100000,0.100000,0.100000,0.100000,0.100000,0.100000
0.100000,0.100000,0.100000,0.100000,0.100000,0.100000,0.100000,0.100000,0.100000,0.100000
0.316066,0.060941,0.315950,0.067822,0.068460,0.037255,0.032913,0.027651,0.012608,0.060337
0.072202,0.107605,0.072199,0.062373,0.065030,0.251084,0.080065,0.111082,0.070300,0.108059
0.249102,0.066844,0.249087,0.065007,0.097783,0.059156,0.052966,0.043945,0.049530,0.066580
0.328104,0.051195,0.328097,0.032839,0.097747,0.043203,0.025946,0.028961,0.012866,0.051042
0.279671,0.071167,0.279588,0.049502,0.069189,0.069123,0.044858,0.036618,0.029768,0.070516
0.182121,0.078735,0.182095,0.087288,0.100637,0.073796,0.089429,0.061130,0.066269,0.078500
0.261985,0.080249,0.261883,0.056484,0.065968,0.063074,0.053710,0.048277,0.028578,0.079792
0.100000,0.100000,0.100000,0.100000,0.100000,0.100000,0.100000,0.100000,0.100000,0.100000
0.403082,0.019179,0.402934,0.041026,0.069500,0.014973,0.012542,0.010532,0.007199,0.019033
0.100000,0.100000,0.100000,0.100000,0.100000,0.100000,0.100000,0.100000,0.100000,0.100000
0.362188,0.020685,0.362107,0.055367,0.127232,0.014885,0.014917,0.011909,0.010162,0.020549
0.349896,0.034552,0.349837,0.049299,0.093423,0.029090,0.024087,0.021378,0.014073,0.034366
0.303048,0.052725,0.302993,0.054688,0.093612,0.045849,0.038801,0.033274,0.022684,0.052326
0.262644,0.066602,0.262580,0.073054,0.088185,0.056486,0.044748,0.039372,0.040108,0.066221
0.324083,0.048655,0.324019,0.046981,0.087778,0.041319,0.028806,0.031463,0.018533,0.048364
0.100000,0.100000,0.100000,0.100000,0.100000,0.100000,0.100000,0.100000,0.100000,0.100000
0.339363,0.025551,0.339336,0.086884,0.118504,0.024016,0.017254,0.013986,0.009722,0.025384
0.382974,0.031355,0.382823,0.036478,0.059858,0.030418,0.018856,0.015097,0.010993,0.031148
0.338432,0.038844,0.338521,0.032045,0.128182,0.028691,0.027339,0.019623,0.009751,0.038572
0.364759,0.040838,0.364700,0.038655,0.064242,0.026548,0.021393,0.023723,0.014637,0.040505
0.334970,0.033013,0.334974,0.103624,0.084223,0.022861,0.020659,0.017164,0.015815,0.032697
0.371181,0.019221,0.371253,0.040017,0.124226,0.016310,0.018284,0.011694,0.008704,0.019111
0.322067,0.042056,0.322047,0.056376,0.098054,0.033249,0.039164,0.026403,0.018699,0.041884
0.410440,0.024488,0.410401,0.025298,0.053923,0.017404,0.013614,0.012132,0.008073,0.024226
0.198767,0.022684,0.198798,0.362612,0.125595,0.019345,0.021372,0.015541,0.012686,0.022602
0.338737,0.036976,0.338734,0.060710,0.086470,0.033619,0.028031,0.023637,0.016310,0.036776
0.296175,0.022168,0.296309,0.047883,0.251038,0.017976,0.017948,0.014364,0.014097,0.022042
0.312370,0.041867,0.312373,0.057750,0.114199,0.031843,0.031323,0.026969,0.029639,0.041667
0.340427,0.026024,0.340515,0.045248,0.151043,0.020899,0.019104,0.016839,0.014026,0.025875
0.266429,0.061839,0.266377,0.061204,0.088747,0.051218,0.043370,0.042721,0.056521,0.061575
0.313214,0.020993,0.313349,0.051326,0.217433,0.018026,0.019842,0.014088,0.010827,0.020902
0.320715,0.050108,0.320586,0.040859,0.087243,0.038702,0.035804,0.036792,0.019230,0.049961
0.287821,0.046868,0.287863,0.073287,0.121423,0.038407,0.036147,0.029214,0.032405,0.046563
0.393467,0.015813,0.393515,0.027869,0.116554,0.013403,0.010374,0.007888,0.005435,0.015682
0.389935,0.025046,0.389954,0.036629,0.076358,0.017596,0.016192,0.013496,0.009951,0.024842
0.298950,0.065718,0.298867,0.044415,0.078221,0.046932,0.041490,0.038913,0.021253,0.065240
0.142962,0.026020,0.142989,0.050479,0.527944,0.024645,0.020309,0.017643,0.021122,0.025885
0.344262,0.048893,0.344081,0.041159,0.053106,0.036959,0.028571,0.027294,0.027133,0.048541
0.314003,0.030922,0.314074,0.059154,0.161778,0.025543,0.027069,0.019989,0.016716,0.030752
0.333798,0.044178,0.333747,0.040942,0.098743,0.032709,0.029179,0.025974,0.016841,0.043891
0.208961,0.065189,0.208940,0.098967,0.138048,0.054817,0.047197,0.051195,0.061721,0.064965
0.129942,0.081701,0.129934,0.232892,0.082979,0.076375,0.065179,0.061638,0.057800,0.081560
0.314065,0.038823,0.314060,0.055457,0.089884,0.032520,0.021327,0.020729,0.074655,0.038478
0.245612,0.066524,0.245571,0.051434,0.088573,0.047403,0.046852,0.037242,0.104815,0.065973
0.393366,0.031696,0.393299,0.031773,0.053218,0.022546,0.018343,0.015343,0.009069,0.031347
0.122641,0.069759,0.122644,0.065089,0.106958,0.060462,0.051143,0.054857,0.276905,0.069542
0.415504,0.017912,0.415492,0.025903,0.067773,0.012185,0.011179,0.009150,0.007154,0.017747
0.260086,0.027152,0.260145,0.146305,0.205351,0.023999,0.019545,0.018451,0.011919,0.027049
0.366338,0.041442,0.366154,0.033728,0.051523,0.032015,0.026361,0.022815,0.018488,0.041135
0.250687,0.062155,0.250682,0.068136,0.099563,0.054874,0.058435,0.040237,0.053349,0.061882
0.362384,0.040566,0.362293,0.039328,0.063197,0.031611,0.024751,0.022102,0.013513,0.040256
0.268473,0.069112,0.268451,0.055571,0.095435,0.065291,0.041187,0.042894,0.024843,0.068743
0.002913,0.013718,0.002913,0.001181,0.001441,0.949309,0.005282,0.008689,0.000940,0.013614
0.209798,0.053463,0.209864,0.134007,0.183384,0.044984,0.040108,0.041466,0.029611,0.053316
0.000521,0.000527,0.000521,0.000487,0.000423,0.000705,0.000402,0.000426,0.995462,0.000526
0.175967,0.092010,0.175956,0.089025,0.090406,0.080136,0.094941,0.061509,0.048203,0.091847
0.005246,0.038680,0.005245,0.002993,0.003063,0.856650,0.015867,0.030298,0.003540,0.038418
0.420715,0.021883,0.420388,0.024153,0.038636,0.015445,0.014281,0.010808,0.011977,0.021715
0.000001,0.000001,0.000001,0.000001,0.000000,0.000000,0.000000,0.000000,0.999995,0.000001
0.100731,0.050643,0.100728,0.048885,0.055240,0.063026,0.040119,0.038961,0.451098,0.050569
0.111416,0.038703,0.111417,0.073807,0.489756,0.038496,0.043937,0.028252,0.025608,0.038607
0.284876,0.023810,0.284907,0.135810,0.188428,0.020916,0.014984,0.013217,0.009379,0.023674
0.165484,0.124177,0.165432,0.054302,0.060811,0.078008,0.115706,0.074730,0.037744,0.123605
0.004211,0.029264,0.004210,0.002706,0.002982,0.880371,0.012519,0.031878,0.002334,0.029525
0.155421,0.045235,0.155460,0.193751,0.145180,0.046804,0.037858,0.034751,0.140430,0.045110
0.004042,0.128227,0.004042,0.002660,0.002735,0.300831,0.023809,0.399938,0.002561,0.131155
0.002266,0.019719,0.002266,0.000813,0.001080,0.921856,0.018727,0.012814,0.000517,0.019942
0.187631,0.069727,0.187651,0.144685,0.117651,0.066847,0.063432,0.050969,0.041876,0.069531
0.132162,0.107387,0.132139,0.107963,0.072997,0.148886,0.062649,0.069157,0.059718,0.106941
0.080297,0.090062,0.080296,0.104712,0.072767,0.213374,0.070800,0.080731,0.116920,0.090040
0.121149,0.127744,0.121144,0.070479,0.075874,0.119461,0.099584,0.089117,0.047636,0.127812
0.193800,0.063942,0.193824,0.124385,0.156150,0.060739,0.057680,0.046860,0.038864,0.063755
0.093763,0.091908,0.093762,0.096090,0.087021,0.136043,0.085002,0.088284,0.136260,0.091868
0.011488,0.242381,0.011487,0.008121,0.008677,0.124227,0.065281,0.272611,0.008269,0.247457
0.008395,0.045802,0.008393,0.003287,0.003667,0.818048,0.013809,0.048995,0.003309,0.046295
0.120109,0.108201,0.120094,0.095053,0.084661,0.098210,0.091182,0.086463,0.088166,0.107861
0.016649,0.146277,0.016648,0.011009,0.011522,0.262125,0.250728,0.123511,0.014427,0.147104
0.004282,0.005045,0.004282,0.003417,0.003346,0.003864,0.003344,0.003672,0.963724,0.005025
0.009641,0.116121,0.009640,0.005605,0.005901,0.442528,0.031749,0.255602,0.005424,0.117789
0.002178,0.026384,0.002178,0.000877,0.001152,0.899330,0.022761,0.017754,0.000669,0.026718
0.005261,0.045963,0.005261,0.003000,0.002982,0.826721,0.015486,0.046707,0.002086,0.046533
0.010058,0.052770,0.010057,0.005134,0.005954,0.772890,0.020972,0.063776,0.005094,0.053294
0.027637,0.087383,0.027638,0.012753,0.015031,0.651858,0.056515,0.028694,0.006344,0.086146
0.174187,0.105876,0.174180,0.056075,0.101539,0.122532,0.053656,0.077622,0.028687,0.105646
0.108589,0.026375,0.108595,0.507784,0.140409,0.026628,0.025519,0.018265,0.011533,0.026304
0.000784,0.013534,0.000784,0.000359,0.000416,0.947238,0.012247,0.010557,0.000342,0.013740
0.221012,0.052293,0.221056,0.131200,0.163397,0.048106,0.041179,0.036807,0.032866,0.052084
0.319771,0.029600,0.319822,0.099939,0.102166,0.036063,0.031112,0.018335,0.013725,0.029468
0.190010,0.082799,0.189945,0.094549,0.084991,0.080665,0.074248,0.061020,0.059220,0.082550
0.160016,0.109266,0.159974,0.093533,0.059339,0.127206,0.063233,0.074252,0.044347,0.108833
0.023457,0.277000,0.023455,0.012564,0.013872,0.179773,0.092882,0.094548,0.013467,0.268982
0.000897,0.011818,0.000897,0.000505,0.000544,0.956933,0.003233,0.012702,0.000456,0.012016
0.003889,0.038094,0.003889,0.002084,0.002220,0.833366,0.015542,0.060460,0.001606,0.038849
0.002941,0.019289,0.002940,0.001162,0.001370,0.923121,0.019692,0.009475,0.000942,0.019067
0.002633,0.025467,0.002632,0.001537,0.001685,0.884127,0.010282,0.044273,0.001405,0.025958
0.197872,0.080669,0.197858,0.065214,0.118293,0.114395,0.054989,0.059355,0.030593,0.080761
0.003258,0.020168,0.003257,0.000901,0.001033,0.918823,0.023692,0.008117,0.000732,0.020019
0.001502,0.012238,0.001502,0.000592,0.000737,0.945886,0.014363,0.010282,0.000498,0.012399
0.165480,0.011779,0.165561,0.450901,0.158694,0.010127,0.009931,0.008766,0.007022,0.011738
0.001672,0.020322,0.001672,0.001068,0.001045,0.924422,0.006769,0.021726,0.000992,0.020312
0.161516,0.107241,0.161545,0.060522,0.104024,0.128395,0.071052,0.073816,0.024588,0.107301
0.005658,0.061380,0.005656,0.002818,0.002820,0.791527,0.019326,0.046436,0.002796,0.061583
0.242998,0.063283,0.243027,0.064612,0.154054,0.050665,0.045405,0.045302,0.027466,0.063187
0.294048,0.068471,0.293901,0.055131,0.052858,0.065836,0.039502,0.034621,0.027415,0.068217
0.324561,0.048995,0.324488,0.039946,0.094682,0.045021,0.031779,0.025256,0.016519,0.048753
0.179782,0.105886,0.179781,0.068549,0.086457,0.101253,0.080878,0.065858,0.025596,0.105961
0.354793,0.028728,0.354865,0.035570,0.117533,0.031801,0.019540,0.017179,0.011402,0.028589
0.267414,0.073392,0.267395,0.048468,0.095364,0.067722,0.046844,0.042801,0.017223,0.073377
0.244759,0.075298,0.244750,0.084608,0.083012,0.058314,0.063331,0.046883,0.023912,0.075133
0.261381,0.077629,0.261265,0.052359,0.063312,0.076782,0.048601,0.049523,0.031939,0.077207
0.317015,0.027659,0.317061,0.049467,0.180580,0.024476,0.021881,0.018161,0.016176,0.027524
0.040992,0.005393,0.041007,0.019060,0.872168,0.004554,0.003889,0.004185,0.003360,0.005394
0.100000,0.100000,0.100000,0.100000,0.100000,0.100000,0.100000,0.100000,0.100000,0.100000
0.170137,0.092589,0.170108,0.113247,0.081733,0.081689,0.076736,0.067614,0.054053,0.092094
0.167310,0.068725,0.167283,0.040533,0.071880,0.053003,0.040167,0.038322,0.284588,0.068189
0.143427,0.116133,0.143405,0.064351,0.089718,0.097145,0.071272,0.082765,0.075559,0.116224
0.316998,0.055840,0.316875,0.050940,0.077034,0.050001,0.029077,0.027442,0.020423,0.055370
0.186278,0.072181,0.186279,0.129325,0.129731,0.061484,0.056788,0.056992,0.048982,0.071960
0.227339,0.080996,0.227273,0.058418,0.093259,0.054897,0.050960,0.047447,0.079013,0.080398
0.158296,0.088115,0.158247,0.040848,0.040896,0.049430,0.040342,0.041296,0.295335,0.087195
0.008949,0.004228,0.008949,0.952134,0.007706,0.003491,0.003737,0.003235,0.003356,0.004214
0.267034,0.070812,0.266990,0.064766,0.089194,0.049814,0.047121,0.038336,0.035631,0.070303
0.214150,0.066972,0.214100,0.053280,0.069973,0.050399,0.040437,0.040864,0.183287,0.066539
0.183274,0.044089,0.183202,0.050870,0.056863,0.036709,0.028452,0.022897,0.349805,0.043839
0.005795,0.001458,0.005796,0.973304,0.006597,0.001452,0.001536,0.001176,0.001429,0.001455
0.022153,0.009081,0.022155,0.880705,0.024944,0.008610,0.009489,0.007184,0.006620,0.009059
0.223148,0.037933,0.223162,0.222780,0.138053,0.034867,0.031749,0.028619,0.021903,0.037785
0.008883,0.002380,0.008883,0.963473,0.007040,0.001879,0.001989,0.001678,0.001425,0.002369
0.025493,0.235451,0.025489,0.009632,0.011359,0.261088,0.123532,0.066278,0.012458,0.229221
0.055384,0.008999,0.055389,0.781847,0.039932,0.006978,0.006704,0.005665,0.030153,0.008947
0.400664,0.016669,0.400830,0.023502,0.102924,0.013359,0.010062,0.009286,0.006153,0.016551
0.241906,0.034660,0.241949,0.180497,0.163204,0.032393,0.026824,0.023398,0.020677,0.034492
0.088659,0.021413,0.088665,0.650700,0.057858,0.018359,0.018030,0.016698,0.018276,0.021342
0.167715,0.048985,0.167723,0.308008,0.118041,0.038243,0.041380,0.033258,0.027922,0.048724
0.020428,0.007033,0.020426,0.914200,0.011963,0.005240,0.005655,0.004683,0.003364,0.007008
0.019596,0.011774,0.019592,0.012300,0.008787,0.007947,0.006045,0.006970,0.895300,0.011688
0.006747,0.001629,0.006746,0.970844,0.006835,0.001597,0.001448,0.001217,0.001315,0.001623
0.114035,0.026648,0.114051,0.533041,0.104790,0.021645,0.022272,0.017688,0.019332,0.026498
0.012397,0.154338,0.012396,0.007137,0.007939,0.081417,0.068661,0.493303,0.006665,0.155747
0.144427,0.020944,0.144478,0.474499,0.135567,0.016987,0.014734,0.012981,0.014561,0.020823
0.060645,0.058663,0.060640,0.040884,0.036029,0.048511,0.055435,0.040751,0.539957,0.058485
0.015512,0.003208,0.015510,0.938352,0.013638,0.002724,0.003046,0.002355,0.002459,0.003196
0.093957,0.010873,0.093979,0.417126,0.339392,0.008714,0.008686,0.007641,0.008815,0.010817
0.102713,0.012831,0.102746,0.240700,0.485090,0.011182,0.010688,0.009902,0.011362,0.012787
0.206056,0.047807,0.206044,0.241424,0.127001,0.035129,0.035440,0.030789,0.022762,0.047547
0.056684,0.028309,0.056681,0.700101,0.044783,0.021728,0.022905,0.020040,0.020666,0.028102
0.319667,0.021770,0.319796,0.074664,0.185038,0.017661,0.014282,0.013210,0.012273,0.021638
0.192167,0.046606,0.192157,0.171431,0.120666,0.044117,0.037840,0.031529,0.117036,0.046451
0.106223,0.030228,0.106215,0.047092,0.507407,0.023832,0.025934,0.021618,0.101360,0.030091
0.288653,0.054838,0.288544,0.050739,0.075004,0.037829,0.035898,0.031449,0.082542,0.054505
0.269085,0.051644,0.269016,0.088374,0.111479,0.053137,0.035938,0.032261,0.037744,0.051320
0.020393,0.212817,0.020391,0.013198,0.014062,0.097129,0.148721,0.242355,0.016719,0.214215
0.047637,0.010001,0.047648,0.808451,0.044032,0.009029,0.009141,0.007947,0.006136,0.009976
0.060858,0.012265,0.060864,0.752507,0.041767,0.008508,0.007009,0.006726,0.037326,0.012171
0.031855,0.025929,0.031856,0.728167,0.044594,0.022911,0.023789,0.022452,0.042561,0.025887
0.396311,0.015955,0.396391,0.037774,0.100873,0.012433,0.010321,0.008510,0.005606,0.015825
0.257644,0.072040,0.257597,0.089427,0.075907,0.053238,0.043951,0.043649,0.035184,0.071361
0.034423,0.036994,0.034424,0.671466,0.038539,0.038613,0.038144,0.036211,0.034157,0.037028
0.000913,0.001157,0.000912,0.000847,0.000738,0.000906,0.000815,0.000852,0.991705,0.001154
0.228198,0.060856,0.228195,0.127133,0.116124,0.054689,0.042795,0.040750,0.040792,0.060468
0.320452,0.028579,0.320497,0.119035,0.117375,0.021252,0.018770,0.015849,0.009801,0.028391
0.026506,0.225343,0.026503,0.014212,0.016436,0.115461,0.137046,0.174343,0.038469,0.225682
0.251078,0.083713,0.251055,0.064797,0.091336,0.055417,0.043467,0.050040,0.025695,0.083401
0.248288,0.043066,0.248302,0.140299,0.159679,0.033218,0.027021,0.032755,0.024456,0.042915
0.247179,0.062059,0.247210,0.090229,0.136250,0.042421,0.040853,0.042122,0.029934,0.061741
0.336902,0.023270,0.337030,0.050283,0.166212,0.021864,0.015727,0.014834,0.010758,0.023122
0.048635,0.199390,0.048624,0.021721,0.024908,0.121054,0.077100,0.232181,0.025336,0.201052
0.298906,0.022343,0.299092,0.064792,0.238490,0.015750,0.014384,0.013797,0.010288,0.022157
0.147229,0.052015,0.147249,0.278181,0.167303,0.042915,0.039500,0.040988,0.032789,0.051832
0.039781,0.206124,0.039778,0.033840,0.030005,0.132761,0.081678,0.200344,0.031810,0.203880
0.370893,0.034050,0.370781,0.034832,0.059640,0.022609,0.026664,0.017372,0.029361,0.033798
0.042651,0.008245,0.042662,0.831524,0.037160,0.007477,0.007382,0.006583,0.008097,0.008219
0.267335,0.032431,0.267370,0.137678,0.170206,0.026789,0.025827,0.021322,0.018771,0.032272
0.217482,0.056703,0.217508,0.160560,0.122872,0.042510,0.045697,0.038884,0.041354,0.056430
0.312540,0.031402,0.312580,0.078885,0.150423,0.021243,0.018916,0.018922,0.023885,0.031204
0.080283,0.021870,0.080290,0.674326,0.062323,0.017935,0.014296,0.014553,0.012357,0.021767
0.259302,0.049630,0.259349,0.080540,0.158614,0.037984,0.040257,0.034643,0.030334,0.049346
0.017174,0.102475,0.017172,0.012117,0.011827,0.147198,0.509365,0.064312,0.015477,0.102883
0.137674,0.036393,0.137704,0.391550,0.141227,0.033903,0.030186,0.028150,0.026934,0.036279
0.062511,0.012779,0.062527,0.761461,0.054325,0.010293,0.008401,0.007961,0.007049,0.012694
0.279661,0.026312,0.279807,0.067458,0.255547,0.019429,0.017151,0.016480,0.011977,0.026178
0.300413,0.028921,0.300560,0.104971,0.158861,0.024079,0.020437,0.018443,0.014618,0.028696
0.029201,0.166290,0.029199,0.024166,0.024886,0.113735,0.229526,0.189649,0.026034,0.167314
0.044825,0.185518,0.044821,0.031421,0.030677,0.194099,0.119601,0.134289,0.029409,0.185340
0.298864,0.035922,0.298948,0.127537,0.113529,0.030070,0.024363,0.020119,0.015002,0.035646
0.032578,0.021245,0.032581,0.805714,0.027220,0.018013,0.014412,0.018826,0.008226,0.021185
0.032279,0.226292,0.032275,0.015043,0.017005,0.119794,0.180888,0.141685,0.013706,0.221033
0.017165,0.198793,0.017164,0.010665,0.012189,0.175292,0.076356,0.265422,0.026063,0.200891
0.216124,0.039148,0.216160,0.184978,0.170548,0.034415,0.037334,0.030549,0.031716,0.039029
0.246100,0.066109,0.246077,0.097619,0.097242,0.050309,0.053148,0.044453,0.033138,0.065804
0.028948,0.185125,0.028944,0.016086,0.017016,0.140834,0.087603,0.292788,0.015967,0.186689
0.236806,0.024998,0.236885,0.176223,0.220146,0.020658,0.021658,0.018173,0.019561,0.024891
0.043944,0.006241,0.043951,0.847558,0.033041,0.004943,0.005287,0.004441,0.004382,0.006212
0.005109,0.027544,0.005109,0.003860,0.003937,0.025905,0.879729,0.018187,0.002922,0.027696
0.037281,0.182713,0.037278,0.026429,0.025116,0.214474,0.070674,0.198561,0.025993,0.181481
0.077855,0.136992,0.077855,0.060409,0.072025,0.103105,0.131721,0.146924,0.055743,0.137371
0.069570,0.164363,0.069564,0.048898,0.050678,0.107760,0.176704,0.100258,0.048590,0.163614
0.036091,0.140517,0.036086,0.017328,0.018475,0.147495,0.382283,0.064722,0.016192,0.140810
0.046546,0.177638,0.046540,0.026340,0.028944,0.111570,0.099618,0.260000,0.023438,0.179366
0.166299,0.063943,0.166360,0.122610,0.169596,0.062159,0.062981,0.060428,0.061727,0.063896
0.031794,0.151997,0.031792,0.023925,0.025458,0.131216,0.086405,0.339913,0.024396,0.153104
0.079346,0.145486,0.079349,0.043118,0.060463,0.155834,0.155890,0.101047,0.033707,0.145759
0.006061,0.028192,0.006061,0.005123,0.004948,0.025837,0.872155,0.019368,0.003901,0.028353
0.027016,0.165279,0.027013,0.016564,0.017338,0.181400,0.055989,0.326480,0.017311,0.165611
0.022468,0.165668,0.022466,0.019221,0.019537,0.157398,0.063971,0.337640,0.020483,0.171148
0.153864,0.129518,0.153831,0.075658,0.068750,0.097316,0.073466,0.083950,0.034833,0.128814
0.109726,0.110756,0.109724,0.076891,0.134627,0.096016,0.086692,0.100983,0.063901,0.110685
0.066528,0.195967,0.066516,0.033384,0.035723,0.117746,0.089292,0.171631,0.025811,0.197403
0.032404,0.163630,0.032401,0.020428,0.021787,0.118863,0.078886,0.346204,0.020557,0.164840
0.029419,0.199395,0.029417,0.019470,0.022834,0.116244,0.058664,0.310401,0.018854,0.195301
0.059071,0.175794,0.059071,0.039869,0.045180,0.116261,0.114461,0.175038,0.038573,0.176681
0.043770,0.172102,0.043768,0.038217,0.038540,0.153457,0.161198,0.144780,0.031038,0.173128
0.027534,0.182400,0.027532,0.021502,0.021444,0.146188,0.092376,0.274509,0.020768,0.185747
0.021043,0.187514,0.021042,0.014873,0.016500,0.148852,0.280612,0.108484,0.012329,0.188752
0.007680,0.039786,0.007679,0.006071,0.005896,0.034829,0.827737,0.025584,0.004734,0.040003
0.019744,0.201830,0.019743,0.014154,0.015034,0.184237,0.073035,0.251620,0.015054,0.205549
0.059851,0.145233,0.059850,0.046641,0.054642,0.111560,0.111557,0.221072,0.043635,0.145959
0.054055,0.162410,0.054053,0.039958,0.043482,0.176495,0.103981,0.161241,0.041611,0.162714
0.067299,0.157230,0.067300,0.043770,0.041850,0.126297,0.201157,0.112037,0.025056,0.158003
0.025630,0.221219,0.025628,0.018746,0.018904,0.168365,0.079134,0.201338,0.017866,0.223172
0.062889,0.132066,0.062888,0.058384,0.058680,0.099670,0.142335,0.190921,0.059546,0.132621
0.100000,0.100000,0.100000,0.100000,0.100000,0.100000,0.100000,0.100000,0.100000,0.100000
0.141292,0.158203,0.141247,0.037232,0.045583,0.083052,0.082070,0.123787,0.029578,0.157955
0.104513,0.159128,0.104503,0.034222,0.080412,0.134543,0.071553,0.127960,0.023515,0.159652
0.065561,0.172214,0.065552,0.022782,0.028865,0.159388,0.209798,0.086092,0.017073,0.172675
0.083422,0.198033,0.083406,0.029490,0.035964,0.115707,0.090683,0.141979,0.023811,0.197505
0.006048,0.031058,0.006047,0.005146,0.004678,0.029335,0.862516,0.020542,0.003411,0.031219
0.027974,0.161359,0.027972,0.020747,0.021529,0.129244,0.074038,0.349961,0.025090,0.162085
0.063783,0.153058,0.063782,0.050021,0.053819,0.126712,0.123149,0.162508,0.049867,0.153302
0.009079,0.199249,0.009078,0.004790,0.005491,0.225798,0.071944,0.266133,0.004433,0.204005
0.040225,0.193811,0.040220,0.025510,0.023108,0.183968,0.111542,0.169536,0.016426,0.195653
0.072942,0.186161,0.072927,0.029216,0.034954,0.141332,0.108280,0.141876,0.026526,0.185785
0.014335,0.156693,0.014335,0.011077,0.011769,0.124110,0.062765,0.434593,0.011049,0.159274
0.027550,0.223038,0.027546,0.015257,0.015671,0.131294,0.064794,0.257840,0.017920,0.219091
0.062236,0.143399,0.062230,0.032368,0.037533,0.099605,0.096830,0.216087,0.104652,0.145061
0.006473,0.030597,0.006473,0.005461,0.005273,0.028002,0.861659,0.021125,0.004169,0.030768
0.035639,0.182576,0.035636,0.030883,0.029787,0.114309,0.229702,0.134880,0.023610,0.182979
0.032309,0.145086,0.032307,0.031485,0.022775,0.168235,0.274784,0.103454,0.043792,0.145773
0.061257,0.185185,0.061253,0.035071,0.045667,0.151889,0.120323,0.121759,0.031395,0.186201
0.047634,0.199840,0.047625,0.024977,0.025849,0.126417,0.076259,0.226654,0.021880,0.202864
0.034650,0.138894,0.034645,0.016416,0.018514,0.235434,0.282200,0.086128,0.013705,0.139416
0.024134,0.114146,0.024132,0.019245,0.019315,0.145101,0.398129,0.089555,0.051249,0.114994
0.075162,0.137125,0.075161,0.059390,0.069175,0.104242,0.139392,0.148684,0.054154,0.137517
0.032910,0.140668,0.032906,0.016717,0.018933,0.218318,0.302920,0.079011,0.016699,0.140917
0.073610,0.139847,0.073601,0.061187,0.052772,0.192730,0.096253,0.130343,0.039410,0.140246
0.037788,0.172712,0.037786,0.028374,0.029548,0.132087,0.113907,0.248401,0.025811,0.173586
0.025618,0.139430,0.025616,0.020988,0.019727,0.150803,0.352832,0.101997,0.022805,0.140185
0.052404,0.195260,0.052399,0.034127,0.036164,0.116640,0.140422,0.140869,0.036561,0.195152
0.074385,0.152154,0.074383,0.043326,0.070746,0.127398,0.175120,0.094558,0.035547,0.152384
0.011361,0.133268,0.011360,0.008301,0.008208,0.316454,0.057442,0.310040,0.009090,0.134477
0.109726,0.110756,0.109724,0.076891,0.134627,0.096016,0.086692,0.100983,0.063901,0.110685
0.060032,0.165865,0.060031,0.046402,0.058683,0.155921,0.120719,0.119032,0.046879,0.166437
0.001133,0.019884,0.001132,0.000650,0.000645,0.930791,0.006020,0.019412,0.000572,0.019760
0.166299,0.063943,0.166360,0.122610,0.169596,0.062159,0.062981,0.060428,0.061727,0.063896
0.013635,0.163287,0.013633,0.007031,0.007934,0.143025,0.047185,0.428918,0.007380,0.167972
0.023932,0.197236,0.023930,0.014891,0.016620,0.144772,0.066075,0.298506,0.015806,0.198231
0.076738,0.119808,0.076730,0.026083,0.034382,0.084715,0.396465,0.051627,0.014185,0.119268
0.022468,0.165668,0.022466,0.019221,0.019537,0.157398,0.063971,0.337640,0.020483,0.171148
0.006195,0.141047,0.006195,0.003715,0.004116,0.157417,0.035041,0.496812,0.003714,0.145747
0.016663,0.149018,0.016662,0.012822,0.013292,0.183920,0.063318,0.378900,0.012964,0.152441
0.017585,0.151569,0.017584,0.013170,0.013249,0.159200,0.061495,0.397958,0.012849,0.155341
0.019830,0.205260,0.019828,0.011595,0.012923,0.199515,0.050865,0.264537,0.012425,0.203221
0.017249,0.126421,0.017247,0.012727,0.013081,0.184534,0.048046,0.440024,0.012669,0.128000
0.016836,0.142277,0.016834,0.012225,0.009630,0.117940,0.062358,0.469357,0.008288,0.144255
0.073806,0.173140,0.073781,0.017641,0.022749,0.170615,0.186595,0.094249,0.013812,0.173612
0.015071,0.154266,0.015070,0.011201,0.011288,0.147830,0.060416,0.415751,0.011149,0.157958
0.011512,0.178614,0.011510,0.005168,0.005875,0.367119,0.040698,0.192806,0.004339,0.182358
0.037265,0.201213,0.037255,0.011607,0.013788,0.338692,0.064586,0.085655,0.009564,0.200374
0.035150,0.148200,0.035144,0.010134,0.014074,0.418544,0.113222,0.066693,0.009964,0.148875
0.024693,0.120400,0.024691,0.025102,0.018472,0.123663,0.063858,0.458922,0.018599,0.121602
0.012170,0.156135,0.012167,0.005184,0.005299,0.147277,0.427778,0.072118,0.004093,0.157779
0.020028,0.174528,0.020025,0.012051,0.012011,0.167527,0.052804,0.354557,0.009872,0.176597
0.018361,0.129103,0.018357,0.005856,0.007569,0.591276,0.029558,0.064875,0.004873,0.130171
0.052146,0.169470,0.052140,0.024370,0.029588,0.099451,0.300752,0.077972,0.025384,0.168727
0.039944,0.197591,0.039935,0.012912,0.017095,0.211426,0.063706,0.205319,0.011148,0.200924
0.004274,0.026803,0.004273,0.003230,0.002393,0.024637,0.890524,0.014777,0.002220,0.026870
0.000001,0.000001,0.000001,0.000001,0.000000,0.000000,0.000000,0.000000,0.999995,0.000001
0.000521,0.000527,0.000521,0.000487,0.000423,0.000705,0.000402,0.000426,0.995462,0.000526
0.037281,0.182713,0.037278,0.026429,0.025116,0.214474,0.070674,0.198561,0.025993,0.181481
0.002913,0.013718,0.002913,0.001181,0.001441,0.949309,0.005282,0.008689,0.000940,0.013614
0.006268,0.118796,0.006267,0.003591,0.003706,0.530649,0.031459,0.176845,0.003748,0.118671
0.005246,0.038680,0.005245,0.002993,0.003063,0.856650,0.015867,0.030298,0.003540,0.038418
0.015285,0.225842,0.015284,0.006785,0.008197,0.170928,0.067407,0.256833,0.005332,0.228108
0.043869,0.179267,0.043865,0.035921,0.031060,0.142399,0.074087,0.236117,0.032780,0.180635
0.020496,0.091656,0.020490,0.006395,0.006542,0.122154,0.587293,0.044465,0.008179,0.092331
0.105395,0.153522,0.105369,0.030649,0.041017,0.172430,0.077371,0.139540,0.021133,0.153573
0.023811,0.234735,0.023804,0.006104,0.007317,0.246184,0.074268,0.141778,0.003936,0.238064
0.022468,0.165668,0.022466,0.019221,0.019537,0.157398,0.063971,0.337640,0.020483,0.171148
0.014025,0.132322,0.014023,0.007804,0.008325,0.213156,0.319336,0.150268,0.006408,0.134332
0.012365,0.112085,0.012364,0.008792,0.008191,0.069627,0.037140,0.616917,0.009165,0.113355
0.024119,0.180890,0.024117,0.014159,0.015124,0.154364,0.314455,0.078547,0.014061,0.180164
0.060645,0.058663,0.060640,0.040884,0.036029,0.048511,0.055435,0.040751,0.539957,0.058485
0.041640,0.246635,0.041634,0.019215,0.026053,0.115211,0.072063,0.168628,0.023570,0.245350
0.166299,0.063943,0.166360,0.122610,0.169596,0.062159,0.062981,0.060428,0.061727,0.063896
0.214904,0.070945,0.214860,0.048458,0.064857,0.057551,0.056860,0.037999,0.162905,0.070661
0.004859,0.028197,0.004858,0.001789,0.002037,0.868668,0.047155,0.012917,0.001163,0.028357
0.020843,0.136557,0.020839,0.008376,0.008839,0.443672,0.153617,0.064904,0.005575,0.136779
0.031010,0.263095,0.031007,0.010696,0.012950,0.215767,0.065326,0.105366,0.008043,0.256741
0.222948,0.038104,0.222956,0.161282,0.158009,0.029614,0.028984,0.025843,0.074312,0.037948
0.027581,0.183928,0.027576,0.013085,0.013342,0.285044,0.099941,0.136679,0.027633,0.185191
0.228314,0.073768,0.228273,0.062468,0.122308,0.081438,0.052675,0.047105,0.030203,0.073449
0.012633,0.131155,0.012632,0.006468,0.006424,0.233312,0.284279,0.175598,0.004435,0.133065
0.062300,0.192291,0.062290,0.025134,0.032020,0.192852,0.132557,0.091149,0.019327,0.190079
0.189451,0.095668,0.189402,0.068834,0.070374,0.107832,0.066436,0.082391,0.033866,0.095745
0.017430,0.020787,0.017429,0.016557,0.015100,0.017238,0.016289,0.015158,0.843297,0.020716
0.009981,0.073769,0.009979,0.004778,0.004754,0.074204,0.690608,0.054517,0.003043,0.074367
0.262289,0.074475,0.262218,0.069493,0.075320,0.060314,0.055084,0.042269,0.024636,0.073902
0.006061,0.028192,0.006061,0.005123,0.004948,0.025837,0.872155,0.019368,0.003901,0.028353
0.051028,0.088931,0.051018,0.015266,0.018592,0.084566,0.557270,0.034918,0.009728,0.088683
0.008048,0.066912,0.008046,0.004374,0.003899,0.082812,0.709124,0.046508,0.002798,0.067479
0.002266,0.019719,0.002266,0.000813,0.001080,0.921856,0.018727,0.012814,0.000517,0.019942
0.012911,0.120440,0.012910,0.008674,0.008088,0.132886,0.514009,0.063095,0.005815,0.121171
0.267414,0.073392,0.267395,0.048468,0.095364,0.067722,0.046844,0.042801,0.017223,0.073377
0.100000,0.100000,0.100000,0.100000,0.100000,0.100000,0.100000,0.100000,0.100000,0.100000
0.244759,0.075298,0.244750,0.084608,0.083012,0.058314,0.063331,0.046883,0.023912,0.075133
0.179782,0.105886,0.179781,0.068549,0.086457,0.101253,0.080878,0.065858,0.025596,0.105961
0.206056,0.047807,0.206044,0.241424,0.127001,0.035129,0.035440,0.030789,0.022762,0.047547
0.354793,0.028728,0.354865,0.035570,0.117533,0.031801,0.019540,0.017179,0.011402,0.028589
0.023599,0.203033,0.023596,0.011586,0.011932,0.253314,0.044764,0.171199,0.051639,0.205339
0.324561,0.048995,0.324488,0.039946,0.094682,0.045021,0.031779,0.025256,0.016519,0.048753
0.153864,0.129518,0.153831,0.075658,0.068750,0.097316,0.073466,0.083950,0.034833,0.128814
0.042143,0.178217,0.042136,0.017476,0.022132,0.143509,0.244113,0.119079,0.015628,0.175566
0.351712,0.046515,0.351597,0.031126,0.055061,0.053325,0.029137,0.021595,0.013879,0.046055
0.001838,0.017119,0.001837,0.000740,0.000858,0.931507,0.020918,0.007505,0.000669,0.017009
0.194681,0.036639,0.194719,0.089958,0.334734,0.030076,0.033440,0.025234,0.024055,0.036464
0.035613,0.200666,0.035609,0.020701,0.023651,0.173384,0.071865,0.216759,0.018963,0.202789
0.071254,0.159047,0.071256,0.055949,0.077855,0.109053,0.088927,0.169696,0.036834,0.160128
0.360953,0.028424,0.361079,0.031907,0.115956,0.027975,0.019895,0.013361,0.012268,0.028184
0.330232,0.025668,0.330305,0.081786,0.116299,0.022510,0.018327,0.015971,0.033394,0.025510
0.290314,0.051038,0.290380,0.060769,0.125549,0.038995,0.033066,0.034776,0.024310,0.050802
0.395018,0.026494,0.394742,0.056119,0.047054,0.018741,0.014419,0.012722,0.008437,0.026254
0.177336,0.086201,0.177346,0.070516,0.131548,0.074900,0.083197,0.059170,0.053965,0.085821
0.064091,0.023121,0.064107,0.169352,0.586104,0.019191,0.018963,0.018714,0.013270,0.023087
0.329763,0.041236,0.329591,0.095251,0.062371,0.029672,0.026396,0.023925,0.020835,0.040959
0.235628,0.041267,0.235670,0.091479,0.240230,0.029313,0.035830,0.024203,0.025406,0.040975
0.020073,0.183591,0.020070,0.007814,0.009194,0.348341,0.120075,0.100618,0.006117,0.184108
0.130849,0.130219,0.130815,0.099333,0.058268,0.092638,0.105663,0.085515,0.037168,0.129534
0.013324,0.206080,0.013322,0.007885,0.007675,0.113907,0.251542,0.173488,0.005938,0.206840
0.014279,0.174006,0.014276,0.005809,0.005136,0.115163,0.435677,0.061017,0.004025,0.170612
0.165383,0.171037,0.165359,0.026155,0.046427,0.117363,0.074027,0.052815,0.013742,0.167692
0.029795,0.168679,0.029791,0.013093,0.014579,0.301766,0.149861,0.114280,0.009151,0.169006
0.123299,0.093108,0.123288,0.103713,0.102421,0.091969,0.089527,0.089554,0.090062,0.093059
0.035603,0.164865,0.035596,0.014573,0.017569,0.207045,0.270539,0.077587,0.011169,0.165455
0.015380,0.097619,0.015378,0.008223,0.007908,0.123789,0.571522,0.056039,0.005602,0.098539
0.275464,0.036215,0.275470,0.061803,0.101897,0.033371,0.024543,0.022614,0.132607,0.036016
0.059139,0.204867,0.059125,0.015385,0.020587,0.251409,0.077267,0.078125,0.029306,0.204791
0.010533,0.192920,0.010532,0.006080,0.006307,0.165859,0.082348,0.322165,0.005576,0.197680
0.073949,0.161364,0.073931,0.021411,0.027221,0.137230,0.223215,0.105318,0.013707,0.162655
0.034011,0.143588,0.034003,0.017662,0.016820,0.141538,0.351422,0.104932,0.011969,0.144055
0.001071,0.013194,0.001071,0.000466,0.000573,0.944950,0.014695,0.010153,0.000428,0.013399
0.061540,0.149224,0.061526,0.018057,0.023693,0.411148,0.048924,0.064800,0.013834,0.147253
0.210592,0.070298,0.210563,0.072199,0.125804,0.063388,0.059778,0.052991,0.064407,0.069980
0.051129,0.160565,0.051127,0.013347,0.019449,0.105283,0.045120,0.384751,0.007329,0.161900
0.114408,0.150198,0.114402,0.045607,0.075647,0.115143,0.075373,0.129158,0.030580,0.149485
0.029419,0.199395,0.029417,0.019470,0.022834,0.116244,0.058664,0.310401,0.018854,0.195301
0.026230,0.175669,0.026226,0.013005,0.012259,0.146723,0.278155,0.129015,0.016273,0.176445
0.021217,0.161856,0.021214,0.012419,0.014282,0.162587,0.232690,0.197885,0.012477,0.163373
0.204116,0.113101,0.204067,0.049539,0.068923,0.068365,0.078418,0.063938,0.037435,0.112097
0.329038,0.033090,0.329125,0.045781,0.130419,0.029870,0.026888,0.020860,0.022048,0.032882
0.129275,0.075365,0.129250,0.082307,0.102007,0.075820,0.052933,0.052092,0.225849,0.075101
0.096001,0.158326,0.095990,0.047587,0.059084,0.133394,0.083629,0.110481,0.057379,0.158129
0.117497,0.070294,0.117488,0.318917,0.088027,0.057354,0.054255,0.054570,0.051519,0.070079
0.006226,0.003923,0.006225,0.004618,0.004248,0.003531,0.003550,0.003315,0.960452,0.003912
0.076606,0.187009,0.076593,0.031798,0.040571,0.175137,0.131531,0.067689,0.030876,0.182190
0.183459,0.071645,0.183503,0.097105,0.159103,0.063681,0.063930,0.056759,0.049305,0.071510
0.191156,0.077761,0.191136,0.083144,0.115417,0.068188,0.068558,0.060257,0.066930,0.077451
0.237842,0.091560,0.237751,0.053935,0.065715,0.072086,0.048958,0.055832,0.045366,0.090954
0.153095,0.102008,0.153068,0.082025,0.097339,0.078328,0.083800,0.075519,0.073159,0.101659
0.138433,0.133612,0.138425,0.054715,0.068321,0.113986,0.092067,0.078462,0.048739,0.133240
0.062187,0.071171,0.062180,0.037872,0.037372,0.053761,0.053856,0.054659,0.496106,0.070836
0.001573,0.001601,0.001573,0.001486,0.001192,0.001345,0.001335,0.001229,0.987070,0.001596
0.165610,0.104579,0.165580,0.067108,0.079689,0.086527,0.085701,0.078260,0.062721,0.104224
0.140423,0.131599,0.140397,0.062531,0.066751,0.092657,0.098813,0.081934,0.053958,0.130935
0.207132,0.114250,0.207057,0.042942,0.068286,0.076059,0.059987,0.069037,0.041892,0.113358
0.079393,0.097839,0.079383,0.070520,0.046677,0.067766,0.059409,0.061988,0.339676,0.097350
0.099367,0.119403,0.099361,0.126739,0.082201,0.118139,0.077971,0.075918,0.081857,0.119045
0.229036,0.061446,0.228985,0.100570,0.117049,0.050422,0.048622,0.044833,0.057854,0.061182
0.100000,0.100000,0.100000,0.100000,0.100000,0.100000,0.100000,0.100000,0.100000,0.100000
0.081208,0.097420,0.081196,0.050481,0.051696,0.073249,0.056416,0.071094,0.340054,0.097186
0.089538,0.077884,0.089525,0.057590,0.060211,0.081227,0.064352,0.058787,0.343025,0.077861
0.080297,0.090062,0.080296,0.104712,0.072767,0.213374,0.070800,0.080731,0.116920,0.090040
0.102395,0.082103,0.102387,0.089433,0.070766,0.070696,0.058330,0.064921,0.277098,0.081871
0.132162,0.107387,0.132139,0.107963,0.072997,0.148886,0.062649,0.069157,0.059718,0.106941
0.093763,0.091908,0.093762,0.096090,0.087021,0.136043,0.085002,0.088284,0.136260,0.091868
0.144007,0.099052,0.143993,0.085123,0.095682,0.082305,0.085406,0.073655,0.091985,0.098793
0.121979,0.092151,0.121960,0.088914,0.084578,0.185117,0.070035,0.072644,0.070687,0.091935
0.100000,0.100000,0.100000,0.100000,0.100000,0.100000,0.100000,0.100000,0.100000,0.100000
0.087073,0.053474,0.087075,0.054193,0.062126,0.051331,0.056612,0.044615,0.450104,0.053397
0.192400,0.074058,0.192387,0.087266,0.170892,0.053323,0.053204,0.047778,0.055017,0.073676
0.160537,0.074398,0.160539,0.132803,0.123434,0.069343,0.079678,0.059825,0.065216,0.074227
0.093536,0.107375,0.093534,0.096542,0.089779,0.104486,0.097763,0.108658,0.100836,0.107492
0.004282,0.005045,0.004282,0.003417,0.003346,0.003864,0.003344,0.003672,0.963724,0.005025
0.136857,0.071151,0.136837,0.058972,0.094012,0.055187,0.049315,0.048629,0.278152,0.070887
0.078170,0.128420,0.078166,0.072725,0.066981,0.110035,0.083701,0.094278,0.159338,0.128188
0.121149,0.127744,0.121144,0.070479,0.075874,0.119461,0.099584,0.089117,0.047636,0.127812
0.138476,0.074988,0.138437,0.058288,0.057188,0.069466,0.049020,0.050025,0.289410,0.074702
0.009641,0.116121,0.009640,0.005605,0.005901,0.442528,0.031749,0.255602,0.005424,0.117789
0.035093,0.153647,0.035089,0.017777,0.019631,0.409891,0.060651,0.101399,0.012877,0.153947
0.212295,0.035548,0.212336,0.146441,0.233829,0.031660,0.037267,0.028715,0.026456,0.035453
0.087966,0.188714,0.087947,0.023155,0.028043,0.115067,0.105325,0.116008,0.057474,0.190301
0.007680,0.039786,0.007679,0.006071,0.005896,0.034829,0.827737,0.025584,0.004734,0.040003
0.053467,0.188585,0.053457,0.025701,0.029254,0.228314,0.103126,0.108007,0.020535,0.189554
0.247057,0.068802,0.247087,0.057377,0.113883,0.061983,0.058866,0.046927,0.029517,0.068501
0.076471,0.173742,0.076460,0.028650,0.043315,0.099234,0.143057,0.163350,0.023142,0.172578
0.019929,0.098408,0.019926,0.009746,0.010461,0.079315,0.604540,0.052460,0.006897,0.098318
0.019744,0.201830,0.019743,0.014154,0.015034,0.184237,0.073035,0.251620,0.015054,0.205549
0.357826,0.036891,0.357778,0.051165,0.072621,0.032524,0.023746,0.019170,0.011682,0.036597
0.047649,0.195715,0.047636,0.014767,0.019639,0.327505,0.087262,0.058555,0.010382,0.190889
0.134155,0.017172,0.134179,0.170369,0.477497,0.014469,0.014360,0.011130,0.009580,0.017089
0.014062,0.144020,0.014060,0.006578,0.006629,0.488845,0.106790,0.068800,0.004769,0.145448
0.100000,0.100000,0.100000,0.100000,0.100000,0.100000,0.100000,0.100000,0.100000,0.100000
0.060298,0.155765,0.060294,0.036804,0.039026,0.167478,0.073695,0.207615,0.042489,0.156536
0.030866,0.141692,0.030861,0.014277,0.015121,0.207866,0.274896,0.130426,0.011809,0.142185
0.079166,0.192881,0.079151,0.028064,0.032001,0.202242,0.098074,0.069357,0.030402,0.188664
0.043216,0.247547,0.043209,0.017307,0.020102,0.134627,0.092886,0.137837,0.020315,0.242955
0.179936,0.019559,0.180014,0.046657,0.503173,0.016635,0.013046,0.012030,0.009491,0.019459
0.069014,0.156656,0.069014,0.034867,0.070375,0.097559,0.139251,0.188412,0.016845,0.158007
0.161008,0.031609,0.160993,0.030285,0.500192,0.025434,0.018903,0.026230,0.013846,0.031500
0.272114,0.037595,0.272196,0.078338,0.166981,0.033184,0.024655,0.024653,0.052859,0.037426
0.004127,0.045551,0.004127,0.002327,0.002658,0.042846,0.800971,0.049398,0.001979,0.046016
0.010599,0.157696,0.010597,0.004750,0.005264,0.476684,0.136751,0.039504,0.003907,0.154247
0.066013,0.184352,0.066001,0.024390,0.028748,0.115668,0.089384,0.222927,0.020955,0.181563
0.167124,0.121267,0.167118,0.064589,0.090014,0.098173,0.072626,0.068193,0.030109,0.120788
0.022070,0.186229,0.022064,0.006106,0.007008,0.134101,0.039956,0.387590,0.005203,0.189674
0.210195,0.040962,0.210240,0.177020,0.187244,0.041751,0.034257,0.029416,0.028095,0.040820
0.083452,0.009598,0.083469,0.718911,0.062499,0.007177,0.006650,0.006059,0.012649,0.009537
0.027812,0.177677,0.027808,0.013869,0.015329,0.159995,0.286696,0.098622,0.015592,0.176601
0.011183,0.153413,0.011181,0.007749,0.008108,0.398791,0.046724,0.198954,0.008136,0.155761
0.355828,0.033422,0.355818,0.060538,0.087728,0.030224,0.017253,0.017749,0.008283,0.033158
0.011653,0.080648,0.011651,0.003992,0.004413,0.106113,0.640628,0.056581,0.002711,0.081611
0.013708,0.124719,0.013707,0.010143,0.010719,0.095308,0.054713,0.540618,0.010076,0.126289
0.125561,0.159723,0.125549,0.039224,0.054593,0.154317,0.082223,0.083026,0.016924,0.158861
0.235209,0.027246,0.235293,0.186936,0.213224,0.021309,0.018296,0.018921,0.016451,0.027116
0.034653,0.182728,0.034648,0.011333,0.013905,0.307188,0.088669,0.120544,0.022479,0.183853
0.003696,0.042618,0.003695,0.002237,0.002434,0.038399,0.824773,0.037587,0.001868,0.042694
0.075701,0.105133,0.075688,0.240314,0.039656,0.079074,0.158041,0.108984,0.012046,0.105363
0.077408,0.175104,0.077405,0.023230,0.031341,0.211151,0.111723,0.106039,0.011197,0.175402
0.017534,0.142266,0.017531,0.005834,0.007077,0.087310,0.505765,0.070880,0.004146,0.141657
0.020086,0.116718,0.020085,0.012714,0.012017,0.099301,0.523702,0.070652,0.006978,0.117746
0.028965,0.185916,0.028958,0.009458,0.011455,0.360385,0.054099,0.124959,0.008188,0.187616
0.184774,0.108662,0.184747,0.066139,0.082501,0.074794,0.068631,0.076047,0.045489,0.108216
0.006780,0.035312,0.006779,0.004143,0.003698,0.030153,0.854366,0.020844,0.002360,0.035564
0.041579,0.162336,0.041575,0.013027,0.019485,0.140600,0.294179,0.114624,0.009715,0.162880
0.005261,0.045963,0.005261,0.003000,0.002982,0.826721,0.015486,0.046707,0.002086,0.046533
0.124990,0.021580,0.125022,0.121650,0.522716,0.016171,0.021328,0.014209,0.010846,0.021489
0.011488,0.242381,0.011487,0.008121,0.008677,0.124227,0.065281,0.272611,0.008269,0.247457
0.235194,0.010303,0.235345,0.031373,0.449327,0.008963,0.008778,0.005786,0.004691,0.010241
0.317015,0.027659,0.317061,0.049467,0.180580,0.024476,0.021881,0.018161,0.016176,0.027524
0.021340,0.205828,0.021337,0.011165,0.012963,0.179071,0.051400,0.275224,0.011622,0.210051
0.034697,0.236571,0.034691,0.013917,0.017063,0.172796,0.087870,0.151318,0.013747,0.237329
0.362618,0.024470,0.362687,0.038704,0.116982,0.021412,0.021330,0.014003,0.013487,0.024307
0.008790,0.220096,0.008788,0.003252,0.003909,0.350632,0.095951,0.083028,0.002687,0.222867
0.131372,0.128988,0.131359,0.046494,0.077927,0.111566,0.091623,0.114099,0.038047,0.128525
0.006923,0.089811,0.006922,0.004628,0.003735,0.185848,0.524298,0.083535,0.002748,0.091553
0.365022,0.022964,0.365119,0.047169,0.118962,0.017388,0.016284,0.013913,0.010376,0.022803
0.007429,0.140132,0.007428,0.004795,0.005109,0.334459,0.052803,0.302268,0.004977,0.140599
0.005989,0.100850,0.005988,0.002901,0.002886,0.078193,0.589835,0.108709,0.002149,0.102501
0.006272,0.047797,0.006271,0.004392,0.003635,0.059380,0.793438,0.027569,0.002974,0.048272
0.000784,0.013534,0.000784,0.000359,0.000416,0.947238,0.012247,0.010557,0.000342,0.013740
0.009540,0.127161,0.009539,0.005461,0.005633,0.171256,0.036678,0.499371,0.004471,0.130889
0.274830,0.047330,0.274817,0.087303,0.109554,0.047792,0.044622,0.032136,0.034479,0.047136
0.002178,0.026384,0.002178,0.000877,0.001152,0.899330,0.022761,0.017754,0.000669,0.026718
0.027637,0.087383,0.027638,0.012753,0.015031,0.651858,0.056515,0.028694,0.006344,0.086146
0.095962,0.168338,0.095942,0.058832,0.046587,0.109380,0.081311,0.147923,0.026666,0.169059
0.199184,0.074150,0.199138,0.144055,0.091851,0.064338,0.066617,0.050248,0.036558,0.073861
0.007942,0.006838,0.007942,0.005547,0.005283,0.005403,0.004754,0.005000,0.944471,0.006821
0.021787,0.180482,0.021785,0.016157,0.016743,0.165372,0.066557,0.309752,0.016560,0.184805
0.026913,0.241838,0.026907,0.008015,0.010222,0.167024,0.046843,0.219888,0.006298,0.246053
0.042833,0.101729,0.042821,0.014860,0.016686,0.065956,0.535868,0.051286,0.027450,0.100512
0.072198,0.044362,0.072193,0.031867,0.030557,0.042719,0.631192,0.020859,0.009800,0.044252
0.027807,0.171129,0.027806,0.021885,0.022215,0.166096,0.073675,0.293483,0.021364,0.174540
0.281053,0.043091,0.281076,0.102725,0.115681,0.043597,0.037013,0.027646,0.025257,0.042861
0.011033,0.052931,0.011032,0.005662,0.005105,0.094097,0.729098,0.034249,0.003576,0.053218
0.024310,0.216227,0.024306,0.010886,0.012493,0.116698,0.067795,0.268133,0.040477,0.218675
0.008955,0.155344,0.008954,0.005983,0.006099,0.283014,0.042704,0.323788,0.005448,0.159709
0.123069,0.032259,0.123095,0.426680,0.151649,0.034042,0.028601,0.023396,0.025055,0.032155
0.099250,0.115838,0.099235,0.043320,0.041778,0.149660,0.249142,0.071624,0.013618,0.116535
0.030923,0.126897,0.030919,0.009924,0.014071,0.075764,0.529882,0.048708,0.007717,0.125197
0.012673,0.135839,0.012672,0.008409,0.008216,0.168999,0.408956,0.099712,0.006019,0.138505
0.157134,0.164279,0.157113,0.027386,0.047414,0.090108,0.071242,0.103709,0.017581,0.164034
0.006473,0.030597,0.006473,0.005461,0.005273,0.028002,0.861659,0.021125,0.004169,0.030768
0.015143,0.160179,0.015143,0.010216,0.012259,0.142109,0.056163,0.416394,0.009617,0.162778
0.040811,0.196570,0.040808,0.027906,0.030710,0.121095,0.090656,0.227965,0.025532,0.197948
0.018415,0.176025,0.018412,0.010338,0.011235,0.130473,0.067631,0.377423,0.009571,0.180478
0.042218,0.228853,0.042210,0.018253,0.022284,0.132251,0.080873,0.189041,0.013584,0.230432
0.154925,0.154571,0.154883,0.043083,0.050562,0.123252,0.072587,0.068178,0.027108,0.150851
0.066454,0.163188,0.066437,0.019972,0.022589,0.263813,0.145413,0.071219,0.017445,0.163470
0.025345,0.140327,0.025341,0.014504,0.012885,0.124029,0.407550,0.096846,0.012082,0.141089
0.015112,0.169263,0.015111,0.011269,0.011467,0.215488,0.065667,0.310680,0.011574,0.174368
0.110435,0.117221,0.110431,0.067358,0.074445,0.098937,0.078895,0.092821,0.132521,0.116936
0.000727,0.000670,0.000727,0.000364,0.000385,0.000479,0.000376,0.000409,0.995198,0.000665
0.000019,0.000020,0.000019,0.000014,0.000012,0.000014,0.000012,0.000013,0.999856,0.000020
0.130240,0.125877,0.130223,0.057416,0.073889,0.104060,0.077147,0.091366,0.084419,0.125362
0.100000,0.100000,0.100000,0.100000,0.100000,0.100000,0.100000,0.100000,0.100000,0.100000
0.090165,0.139994,0.090158,0.059975,0.063535,0.105481,0.089020,0.107008,0.114934,0.139730
0.001718,0.001730,0.001718,0.002064,0.001514,0.001552,0.001559,0.001597,0.984821,0.001727
0.004567,0.004938,0.004567,0.004577,0.003596,0.003903,0.003530,0.003694,0.961708,0.004919
0.002411,0.002832,0.002411,0.002294,0.001993,0.002434,0.002535,0.002628,0.977636,0.002825
0.004607,0.003992,0.004606,0.003009,0.002729,0.003030,0.002676,0.002734,0.968649,0.003968
0.216126,0.061629,0.216109,0.091624,0.169106,0.055666,0.053343,0.041919,0.033111,0.061366
0.009746,0.119129,0.009745,0.006536,0.006993,0.389021,0.052359,0.279219,0.006878,0.120374
0.041070,0.181779,0.041062,0.013353,0.016518,0.180337,0.250617,0.084277,0.009512,0.181477
0.136073,0.035107,0.136072,0.469444,0.088757,0.026893,0.030329,0.022653,0.019751,0.034920
0.000535,0.000642,0.000535,0.000504,0.000440,0.000508,0.000484,0.000541,0.995171,0.000641
0.000000,0.000000,0.000000,0.000000,0.000000,0.000000,0.000000,0.000000,0.999998,0.000000
0.037768,0.138074,0.037765,0.009598,0.014865,0.400457,0.177041,0.043563,0.005436,0.135433
0.158568,0.141693,0.158529,0.041659,0.048571,0.113580,0.065827,0.102939,0.026119,0.142516
0.083747,0.008499,0.083763,0.192817,0.594520,0.007021,0.008243,0.006298,0.006627,0.008465
0.018753,0.179783,0.018750,0.009121,0.010334,0.143357,0.179345,0.250069,0.008081,0.182408
0.027011,0.181153,0.027006,0.010324,0.012704,0.177805,0.265597,0.109236,0.006410,0.182753
0.297825,0.034566,0.297871,0.058428,0.162811,0.035138,0.024098,0.021253,0.033656,0.034354
0.046592,0.183472,0.046586,0.020317,0.021644,0.253609,0.084026,0.146918,0.012439,0.184398
0.027867,0.202128,0.027863,0.014038,0.016333,0.184597,0.054915,0.250151,0.015406,0.206703
0.006268,0.062245,0.006266,0.002724,0.002821,0.086853,0.726729,0.040711,0.002414,0.062969
0.006577,0.147852,0.006576,0.003740,0.004213,0.110803,0.040520,0.522557,0.003968,0.153195
0.115713,0.008768,0.115709,0.028219,0.697463,0.006946,0.006234,0.005626,0.006601,0.008721
0.006355,0.190029,0.006354,0.002816,0.003050,0.255204,0.211680,0.127915,0.002571,0.194025
0.049017,0.141311,0.049009,0.010394,0.015178,0.448555,0.042697,0.089843,0.011488,0.142510
0.014091,0.178110,0.014087,0.003749,0.004720,0.172076,0.300314,0.128810,0.003491,0.180551
0.029954,0.175030,0.029950,0.019276,0.020695,0.224509,0.061204,0.241772,0.019968,0.177643
0.067327,0.194112,0.067307,0.018046,0.021998,0.212688,0.149307,0.060954,0.018486,0.189775
0.024074,0.151634,0.024072,0.017877,0.017983,0.111010,0.058955,0.425129,0.014434,0.154832
0.024472,0.184758,0.024470,0.014006,0.016214,0.201395,0.160442,0.171650,0.014505,0.188088
0.008602,0.172725,0.008600,0.004765,0.004721,0.237602,0.239586,0.144013,0.003999,0.175388
0.019696,0.173587,0.019691,0.005964,0.007013,0.141742,0.342242,0.110524,0.004389,0.175152
0.019171,0.159144,0.019169,0.012036,0.012938,0.149515,0.062027,0.391458,0.011991,0.162550
0.015871,0.154318,0.015870,0.011297,0.011825,0.202406,0.051463,0.366692,0.011279,0.158979
0.097751,0.152834,0.097737,0.064009,0.054205,0.120215,0.100787,0.085586,0.076744,0.150129
0.018184,0.071012,0.018180,0.006757,0.007133,0.181895,0.590420,0.031631,0.004342,0.070447
0.040715,0.166265,0.040708,0.020126,0.021577,0.099511,0.075301,0.321048,0.046989,0.167760
0.001672,0.020322,0.001672,0.001068,0.001045,0.924422,0.006769,0.021726,0.000992,0.020312
0.002941,0.019289,0.002940,0.001162,0.001370,0.923121,0.019692,0.009475,0.000942,0.019067
0.029925,0.179020,0.029923,0.020979,0.021567,0.229323,0.073955,0.214883,0.020711,0.179714
0.000897,0.011818,0.000897,0.000505,0.000544,0.956933,0.003233,0.012702,0.000456,0.012016
0.010766,0.059806,0.010764,0.005171,0.005713,0.715661,0.103147,0.026378,0.003658,0.058936
0.003258,0.020168,0.003257,0.000901,0.001033,0.918823,0.023692,0.008117,0.000732,0.020019
0.347130,0.023728,0.347213,0.050850,0.131806,0.032953,0.016111,0.012388,0.014261,0.023560
0.002633,0.025467,0.002632,0.001537,0.001685,0.884127,0.010282,0.044273,0.001405,0.025958
0.280384,0.029225,0.280465,0.086503,0.202206,0.028730,0.023966,0.021556,0.017830,0.029135
0.306789,0.040224,0.306922,0.052185,0.149369,0.032258,0.027627,0.028794,0.015631,0.040201
0.002675,0.023770,0.002674,0.000787,0.000922,0.901605,0.032604,0.010361,0.000550,0.024052
0.276017,0.068122,0.276027,0.053070,0.099191,0.046941,0.052609,0.035911,0.024473,0.067639
0.266343,0.074270,0.266293,0.045630,0.079356,0.088512,0.043582,0.041051,0.021154,0.073809
0.026029,0.203476,0.026026,0.015016,0.015873,0.157379,0.056854,0.277422,0.015338,0.206588
0.013307,0.196694,0.013306,0.009606,0.009518,0.180502,0.045445,0.321729,0.008439,0.201455
0.018855,0.081676,0.018853,0.012755,0.010435,0.094788,0.626871,0.046870,0.007218,0.081679
0.009162,0.145252,0.009161,0.005828,0.006147,0.273219,0.051557,0.345516,0.007091,0.147067
0.007768,0.066724,0.007767,0.005260,0.004594,0.058494,0.738988,0.039178,0.003946,0.067281
0.095110,0.170350,0.095096,0.031992,0.037625,0.184948,0.078216,0.108800,0.027086,0.170777
0.010372,0.127743,0.010371,0.007176,0.007483,0.330030,0.051707,0.318582,0.007876,0.128659
0.089389,0.142099,0.089365,0.032497,0.031095,0.105582,0.298899,0.052225,0.017882,0.140967
0.032732,0.180748,0.032730,0.013366,0.015359,0.299813,0.049353,0.170589,0.022959,0.182352
0.017716,0.098737,0.017714,0.011263,0.010290,0.102152,0.562416,0.072746,0.007788,0.099177
0.089549,0.194818,0.089548,0.021874,0.031254,0.125400,0.073080,0.138718,0.039949,0.195810
0.009437,0.160515,0.009436,0.004819,0.005101,0.134264,0.173610,0.337036,0.004289,0.161492
0.074697,0.159580,0.074679,0.030051,0.027942,0.171606,0.215027,0.071033,0.015950,0.159436
0.014794,0.089731,0.014792,0.007894,0.007906,0.128850,0.602734,0.035847,0.007677,0.089774
0.040542,0.170325,0.040535,0.019227,0.021687,0.340894,0.108818,0.069606,0.021210,0.167157
0.025202,0.119026,0.025201,0.008445,0.012329,0.572537,0.074037,0.038866,0.006861,0.117496
0.041827,0.200339,0.041821,0.018468,0.022616,0.227305,0.132939,0.097633,0.016326,0.200725
0.024503,0.154647,0.024501,0.016980,0.016144,0.118573,0.071437,0.398344,0.019475,0.155394
0.052759,0.181727,0.052751,0.029213,0.032517,0.239535,0.075914,0.109952,0.043690,0.181941
0.009909,0.166573,0.009907,0.004624,0.004917,0.146816,0.029532,0.453072,0.004912,0.169739
0.003889,0.038094,0.003889,0.002084,0.002220,0.833366,0.015542,0.060460,0.001606,0.038849
0.047882,0.193895,0.047878,0.033945,0.036100,0.183357,0.078896,0.150142,0.033597,0.194307
0.034996,0.242681,0.034987,0.010633,0.013592,0.097570,0.049345,0.258113,0.012259,0.245824
0.005658,0.061380,0.005656,0.002818,0.002820,0.791527,0.019326,0.046436,0.002796,0.061583
0.035228,0.195140,0.035223,0.019370,0.021478,0.133419,0.066562,0.278196,0.022434,0.192950
0.019056,0.144439,0.019052,0.008570,0.007626,0.122215,0.431582,0.094899,0.007465,0.145095
0.012212,0.159537,0.012211,0.007023,0.007794,0.178489,0.048425,0.402597,0.008197,0.163516
0.016042,0.162954,0.016039,0.008917,0.007933,0.468664,0.076158,0.074455,0.007398,0.161440
0.088436,0.138102,0.088435,0.069275,0.082946,0.114028,0.111298,0.102540,0.068675,0.136265
0.028712,0.199842,0.028708,0.014837,0.016270,0.119774,0.056911,0.318941,0.018472,0.197534
0.043951,0.176266,0.043946,0.023472,0.026074,0.104711,0.133612,0.248475,0.023626,0.175865
0.018348,0.215458,0.018344,0.005898,0.007339,0.232360,0.160161,0.120726,0.004886,0.216481
0.009740,0.054912,0.009738,0.004181,0.004618,0.038302,0.792140,0.027109,0.004935,0.054326
0.027950,0.185891,0.027946,0.016382,0.015475,0.128098,0.070291,0.322386,0.017713,0.187870
0.187897,0.127192,0.187862,0.041268,0.061140,0.079956,0.087826,0.074882,0.025593,0.126383
0.030585,0.216374,0.030582,0.022272,0.022895,0.137953,0.107818,0.191650,0.025057,0.214815
0.008537,0.153988,0.008536,0.005030,0.005310,0.097015,0.038414,0.521914,0.005042,0.156214
0.024448,0.192278,0.024444,0.012295,0.013617,0.097036,0.056585,0.374123,0.015027,0.190148
0.044684,0.080668,0.044677,0.010695,0.016376,0.043182,0.624690,0.041609,0.012846,0.080573
0.094619,0.162559,0.094616,0.037043,0.057952,0.107312,0.195500,0.067744,0.023218,0.159437
0.021205,0.164539,0.021204,0.018253,0.016138,0.126883,0.067658,0.380725,0.016032,0.167365
0.005450,0.125659,0.005450,0.002981,0.003201,0.092037,0.036183,0.597672,0.003359,0.128007
0.023097,0.232908,0.023094,0.014271,0.013894,0.177876,0.068162,0.203600,0.013562,0.229537
0.030924,0.198916,0.030917,0.009266,0.012369,0.079038,0.046809,0.382873,0.007296,0.201590
0.019418,0.101082,0.019416,0.009640,0.011110,0.086755,0.599215,0.046811,0.005906,0.100648
0.030461,0.213788,0.030456,0.015488,0.016583,0.148400,0.073709,0.244157,0.013967,0.212990
0.041466,0.220660,0.041461,0.018962,0.021380,0.134607,0.113157,0.172272,0.017279,0.218756
0.010158,0.090405,0.010157,0.005067,0.005442,0.057790,0.574339,0.150955,0.004322,0.091364
0.027334,0.088231,0.027326,0.008412,0.009982,0.043973,0.656928,0.034957,0.016382,0.086476
0.040428,0.224516,0.040423,0.020482,0.023481,0.139667,0.140079,0.124969,0.025782,0.220174
0.135603,0.107172,0.135550,0.024673,0.035912,0.082202,0.302651,0.050773,0.018526,0.106937
0.082412,0.163915,0.082402,0.046945,0.051994,0.125141,0.128359,0.111113,0.045745,0.161971
0.050330,0.004854,0.050349,0.777456,0.096739,0.006105,0.003723,0.002995,0.002614,0.004835
0.024291,0.140243,0.024290,0.008104,0.011523,0.483622,0.083172,0.077704,0.005557,0.141492
0.015823,0.209104,0.015822,0.011918,0.011540,0.187894,0.131677,0.193192,0.010403,0.212628
0.275580,0.056163,0.275561,0.082304,0.092980,0.059900,0.031236,0.026593,0.043997,0.055686
0.019100,0.094729,0.019099,0.011325,0.012192,0.059435,0.627110,0.052829,0.010204,0.093976
0.014662,0.173000,0.014660,0.006924,0.008056,0.207094,0.059900,0.333776,0.006027,0.175902
0.065581,0.028385,0.065569,0.033796,0.023797,0.036148,0.677740,0.013425,0.027239,0.028320
0.034287,0.171240,0.034284,0.023260,0.025005,0.289915,0.083558,0.145435,0.019587,0.173431
0.014857,0.122238,0.014855,0.008664,0.007629,0.215782,0.378387,0.107502,0.006546,0.123539
0.018058,0.138439,0.018055,0.009650,0.010453,0.098810,0.038588,0.517109,0.010040,0.140797
0.005885,0.065764,0.005885,0.003252,0.003610,0.069226,0.747542,0.029374,0.002965,0.066497
0.017147,0.120581,0.017146,0.011352,0.012733,0.110058,0.054962,0.523288,0.011028,0.121704
0.025834,0.177376,0.025832,0.015980,0.018036,0.128213,0.074131,0.336867,0.016589,0.181143
0.015371,0.123381,0.015370,0.009781,0.011026,0.070100,0.055991,0.565110,0.009556,0.124313
0.034554,0.163988,0.034548,0.016803,0.019279,0.089979,0.077486,0.378552,0.020519,0.164292
0.199269,0.079846,0.199259,0.061591,0.087586,0.056094,0.050041,0.054174,0.132691,0.079448
0.055134,0.179917,0.055130,0.040352,0.039984,0.193626,0.103263,0.117349,0.037598,0.177646
0.017774,0.132965,0.017773,0.013197,0.013845,0.080513,0.056146,0.519040,0.014843,0.133902
0.010077,0.125550,0.010076,0.006270,0.007005,0.121362,0.047378,0.538979,0.006262,0.127041
0.043137,0.207660,0.043132,0.025148,0.026296,0.171398,0.091527,0.163101,0.023498,0.205104
0.006300,0.049868,0.006299,0.004767,0.004313,0.059184,0.769112,0.044976,0.004756,0.050426
0.018682,0.124262,0.018680,0.013766,0.014431,0.074100,0.058348,0.539250,0.013578,0.124903
0.008216,0.040351,0.008215,0.005835,0.005603,0.047866,0.800014,0.038632,0.004687,0.040580
0.008702,0.128493,0.008701,0.005177,0.005817,0.071719,0.047823,0.588594,0.005205,0.129770
0.010928,0.054613,0.010926,0.005231,0.005780,0.041911,0.763961,0.048400,0.003359,0.054892
0.004576,0.038572,0.004576,0.003362,0.003433,0.032194,0.829473,0.042506,0.002379,0.038930
0.005425,0.054615,0.005424,0.003834,0.003941,0.045459,0.759866,0.063290,0.002770,0.055374
0.107114,0.082095,0.107107,0.189332,0.086456,0.107247,0.067958,0.069563,0.101161,0.081967
0.024534,0.139891,0.024533,0.013915,0.016991,0.109847,0.055922,0.454384,0.018836,0.141146
0.018174,0.149817,0.018173,0.014077,0.013960,0.088941,0.067016,0.460493,0.016225,0.153124
0.017928,0.178855,0.017926,0.012764,0.013663,0.158590,0.076960,0.326353,0.013995,0.182967
0.043567,0.208934,0.043556,0.020933,0.019771,0.174897,0.056257,0.207759,0.012290,0.212036
0.019083,0.155040,0.019082,0.014420,0.015112,0.101014,0.072660,0.430697,0.014558,0.158335
0.002822,0.024895,0.002822,0.001780,0.001859,0.031526,0.896682,0.011368,0.001444,0.024802
0.110618,0.078847,0.110608,0.218822,0.085033,0.118870,0.064595,0.065369,0.068570,0.078668
0.077293,0.167635,0.077282,0.041558,0.046239,0.111372,0.112093,0.161352,0.037972,0.167203
0.024652,0.134890,0.024651,0.020207,0.019292,0.123780,0.090250,0.408174,0.018170,0.135934
0.021582,0.217967,0.021579,0.009397,0.010950,0.111201,0.173389,0.206936,0.007768,0.219231
0.003622,0.141262,0.003622,0.001977,0.002273,0.099012,0.043706,0.557225,0.002073,0.145229
0.077799,0.153975,0.077793,0.044815,0.054369,0.107589,0.107004,0.172800,0.049056,0.154802
0.010257,0.129390,0.010256,0.006049,0.006958,0.068347,0.048340,0.582583,0.006023,0.131797
0.012323,0.141680,0.012322,0.006971,0.007659,0.110475,0.385524,0.172796,0.006350,0.143900
0.021994,0.121832,0.021992,0.013875,0.015398,0.078522,0.068581,0.521885,0.013313,0.122606
0.025976,0.151054,0.025973,0.015995,0.017038,0.085461,0.063089,0.445452,0.015738,0.154223
0.013780,0.081944,0.013779,0.007945,0.009725,0.094549,0.626122,0.062408,0.006797,0.082952
0.002054,0.052174,0.002054,0.001010,0.000975,0.044340,0.813818,0.029657,0.000838,0.053079
0.019965,0.140970,0.019963,0.014811,0.014993,0.119557,0.060358,0.454347,0.012535,0.142501
0.001458,0.017539,0.001458,0.000611,0.000705,0.027309,0.922532,0.010206,0.000459,0.017724
0.011094,0.135308,0.011093,0.005328,0.005977,0.082940,0.461595,0.145246,0.004057,0.137362
0.001105,0.012013,0.001105,0.000702,0.000756,0.011004,0.951682,0.008836,0.000625,0.012172
0.003885,0.091267,0.003884,0.002666,0.002841,0.050473,0.035068,0.713379,0.002711,0.093826
0.004451,0.082801,0.004451,0.002737,0.002952,0.041650,0.030717,0.742349,0.002683,0.085210
0.191458,0.076042,0.191391,0.089844,0.098696,0.075442,0.073928,0.063893,0.063402,0.075904
0.015163,0.137201,0.015161,0.006397,0.007704,0.074027,0.470744,0.129193,0.005975,0.138435
0.007357,0.037914,0.007356,0.004938,0.005156,0.033942,0.827841,0.033468,0.003937,0.038092
0.316595,0.053669,0.316438,0.044474,0.066429,0.063163,0.034785,0.027013,0.024242,0.053192
0.223961,0.079554,0.223868,0.066306,0.070562,0.103446,0.052744,0.052243,0.048035,0.079281
0.273882,0.064292,0.273803,0.050305,0.076738,0.074552,0.041425,0.040595,0.040358,0.064049
0.179087,0.095505,0.179048,0.073130,0.078397,0.102997,0.062339,0.069939,0.064351,0.095206
0.250021,0.066570,0.249946,0.064529,0.087624,0.086777,0.040633,0.045060,0.042531,0.066310
0.144740,0.047316,0.144749,0.148790,0.152937,0.041219,0.063789,0.034426,0.174864,0.047170
0.007449,0.073095,0.007448,0.003774,0.004313,0.064429,0.707523,0.054843,0.003341,0.073786
0.037426,0.103555,0.037423,0.018377,0.017713,0.132383,0.492054,0.047613,0.010690,0.102765
0.197040,0.074834,0.196962,0.085218,0.090260,0.104732,0.063567,0.056957,0.055805,0.074625
0.006446,0.087660,0.006445,0.003266,0.003554,0.056897,0.654978,0.090967,0.002251,0.087536
0.354520,0.029002,0.354550,0.034624,0.090757,0.022439,0.022074,0.017049,0.046146,0.028840
0.073671,0.080463,0.073663,0.049237,0.040672,0.056186,0.047408,0.056767,0.441998,0.079934
0.313984,0.032396,0.314059,0.058008,0.155054,0.032912,0.020326,0.020420,0.020624,0.032217
0.006527,0.061772,0.006526,0.002864,0.003181,0.055654,0.769666,0.029853,0.002845,0.061112
0.051083,0.130972,0.051081,0.042864,0.043925,0.085987,0.110335,0.310305,0.041344,0.132103
0.210852,0.056224,0.210889,0.107484,0.171235,0.047177,0.043997,0.043171,0.052985,0.055988
0.021683,0.232417,0.021679,0.009844,0.011122,0.154899,0.062886,0.227554,0.023697,0.234218
0.026258,0.178951,0.026256,0.018237,0.019596,0.153214,0.099976,0.276458,0.018454,0.182599
0.185380,0.074913,0.185350,0.092564,0.114490,0.072276,0.067379,0.062891,0.070051,0.074707
0.015171,0.114200,0.015170,0.010064,0.010947,0.063118,0.059489,0.582957,0.013710,0.115173
0.125503,0.083895,0.125477,0.071728,0.061526,0.061979,0.051889,0.054748,0.279834,0.083420
0.216119,0.081845,0.216092,0.068376,0.100389,0.064335,0.055106,0.056122,0.060310,0.081307
0.021691,0.128333,0.021690,0.015052,0.016176,0.107397,0.077341,0.467925,0.015106,0.129289
0.173271,0.084921,0.173230,0.074106,0.092001,0.090911,0.098114,0.070760,0.057951,0.084736
0.028045,0.200088,0.028042,0.016991,0.018190,0.147042,0.074428,0.270587,0.016849,0.199736
0.023030,0.112618,0.023027,0.012763,0.014825,0.062881,0.077041,0.548028,0.012119,0.113667
0.023656,0.149465,0.023655,0.019423,0.020034,0.107687,0.091846,0.392842,0.019022,0.152370
0.011915,0.258384,0.011913,0.005744,0.006539,0.178376,0.080941,0.186526,0.005849,0.253812
0.183380,0.116366,0.183335,0.046050,0.067105,0.084686,0.079600,0.068276,0.055361,0.115842
0.028628,0.107098,0.028624,0.014292,0.017037,0.190576,0.430174,0.061458,0.014821,0.107290
0.038567,0.179528,0.038563,0.028721,0.027218,0.163421,0.092333,0.228042,0.023300,0.180307
0.006005,0.108957,0.006004,0.003980,0.004137,0.065604,0.053090,0.637626,0.003564,0.111033
0.055858,0.237967,0.055848,0.027679,0.029849,0.104013,0.084422,0.141019,0.026218,0.237127
0.007578,0.153290,0.007577,0.004866,0.005083,0.071405,0.086026,0.506026,0.004610,0.153539
0.009442,0.151364,0.009441,0.007297,0.006637,0.232385,0.196273,0.226723,0.006493,0.153945
0.087640,0.156552,0.087623,0.040743,0.041902,0.121551,0.110584,0.161286,0.035251,0.156870
0.296226,0.047230,0.296250,0.048263,0.150039,0.033583,0.029216,0.031091,0.021171,0.046930
0.107114,0.082095,0.107107,0.189332,0.086456,0.107247,0.067958,0.069563,0.101161,0.081967
0.156476,0.046633,0.156491,0.292739,0.137319,0.035149,0.035998,0.028724,0.064082,0.046389
0.187419,0.057287,0.187381,0.072382,0.078664,0.053061,0.065828,0.037118,0.203795,0.057064
0.110618,0.078847,0.110608,0.218822,0.085033,0.118870,0.064595,0.065369,0.068570,0.078668
0.184840,0.100296,0.184819,0.079628,0.080842,0.073537,0.069782,0.076348,0.050011,0.099895
0.085505,0.025494,0.085526,0.055127,0.633879,0.022397,0.023219,0.021774,0.021635,0.025442
0.072825,0.042304,0.072838,0.076633,0.522893,0.037292,0.060906,0.037662,0.034390,0.042256
0.023842,0.007083,0.023849,0.032173,0.879217,0.007293,0.006637,0.006352,0.006477,0.007076
0.130849,0.130219,0.130815,0.099333,0.058268,0.092638,0.105663,0.085515,0.037168,0.129534
0.036914,0.012046,0.036924,0.045864,0.811494,0.010410,0.012306,0.009520,0.012502,0.012020
0.061701,0.053495,0.061698,0.471981,0.064408,0.041945,0.054370,0.042415,0.094620,0.053367
0.006070,0.003020,0.006070,0.963082,0.007604,0.002647,0.002643,0.002528,0.003320,0.003014
0.023224,0.009311,0.023229,0.030116,0.870059,0.008542,0.008838,0.008584,0.008791,0.009305
0.024683,0.015498,0.024684,0.837859,0.027780,0.013326,0.013680,0.013321,0.013689,0.015478
0.013797,0.010200,0.013797,0.894345,0.018861,0.009487,0.010162,0.009585,0.009569,0.010197
0.047017,0.023863,0.047009,0.751468,0.033757,0.018965,0.017235,0.018638,0.018261,0.023787
0.042441,0.012456,0.042451,0.083504,0.763112,0.010092,0.012281,0.010691,0.010537,0.012436
0.047414,0.032959,0.047415,0.661069,0.052997,0.027653,0.046766,0.028644,0.022176,0.032907
0.005409,0.002611,0.005409,0.969691,0.005303,0.002258,0.002339,0.002091,0.002284,0.002605
0.014692,0.011672,0.014693,0.888561,0.016837,0.010676,0.011160,0.010797,0.009243,0.011669
0.098938,0.035800,0.098959,0.098546,0.494194,0.032633,0.034468,0.031390,0.039333,0.035739
0.031855,0.025929,0.031856,0.728167,0.044594,0.022911,0.023789,0.022452,0.042561,0.025887
0.047637,0.010001,0.047648,0.808451,0.044032,0.009029,0.009141,0.007947,0.006136,0.009976
0.008641,0.006562,0.008642,0.921705,0.011584,0.005478,0.009250,0.005485,0.016103,0.006551
0.003126,0.001980,0.003126,0.972060,0.003928,0.001866,0.001781,0.001779,0.008378,0.001977
0.007378,0.004579,0.007379,0.949372,0.008836,0.005370,0.003942,0.003725,0.004850,0.004570
0.057349,0.042821,0.057344,0.621356,0.047753,0.032055,0.029527,0.035418,0.033605,0.042771
0.005698,0.002643,0.005698,0.967025,0.006265,0.002406,0.002341,0.002082,0.003207,0.002636
0.070912,0.018359,0.070932,0.084075,0.674573,0.016085,0.016156,0.015194,0.015392,0.018322
0.074402,0.072359,0.074399,0.290335,0.072088,0.063079,0.150147,0.059998,0.070967,0.072226
0.163716,0.019024,0.163791,0.050896,0.533876,0.013997,0.012562,0.012426,0.010797,0.018915
0.009036,0.006958,0.009037,0.917042,0.011946,0.005787,0.009915,0.005799,0.017534,0.006946
0.083460,0.074119,0.083454,0.238165,0.079657,0.061847,0.090707,0.061221,0.153384,0.073985
0.034423,0.036994,0.034424,0.671466,0.038539,0.038613,0.038144,0.036211,0.034157,0.037028
0.129769,0.065802,0.129772,0.299391,0.096276,0.076052,0.051046,0.048568,0.037807,0.065518
0.006033,0.002773,0.006032,0.964630,0.006785,0.002591,0.002779,0.002285,0.003325,0.002767
0.063741,0.053237,0.063733,0.561730,0.049074,0.037445,0.032739,0.039842,0.045363,0.053095
0.050939,0.003631,0.050965,0.084513,0.794843,0.002989,0.002740,0.002553,0.003210,0.003616
0.166847,0.013992,0.166877,0.044171,0.562010,0.009372,0.009906,0.007506,0.005423,0.013897
0.118374,0.078577,0.118375,0.182690,0.128549,0.072357,0.073047,0.070763,0.078758,0.078510
0.244499,0.038426,0.244457,0.207373,0.117147,0.029365,0.027605,0.025746,0.027161,0.038222
0.155546,0.086527,0.155543,0.068960,0.193425,0.064864,0.058186,0.062191,0.068630,0.086129
0.125359,0.110271,0.125349,0.065873,0.056118,0.089133,0.065137,0.069581,0.183517,0.109662
0.090685,0.021586,0.090703,0.080758,0.614311,0.016806,0.016877,0.014454,0.032343,0.021476
0.342233,0.042414,0.342234,0.034835,0.095518,0.038815,0.026458,0.022789,0.012667,0.042036
0.056870,0.212198,0.056862,0.023086,0.027561,0.105771,0.089805,0.119305,0.099973,0.208569
0.263348,0.014814,0.263412,0.063293,0.330836,0.012325,0.018153,0.009921,0.009142,0.014757
0.141036,0.046288,0.141054,0.373502,0.108137,0.043008,0.037274,0.036977,0.026506,0.046218
0.013735,0.180168,0.013733,0.006106,0.007024,0.165901,0.039537,0.386998,0.004461,0.182337
0.071078,0.200694,0.071068,0.035978,0.039276,0.134719,0.077666,0.109959,0.062321,0.197240
0.096985,0.041025,0.096979,0.064357,0.127173,0.039299,0.028508,0.027468,0.437407,0.040798
0.020179,0.001393,0.020187,0.641803,0.309916,0.001022,0.001026,0.000847,0.002241,0.001385
0.132095,0.100528,0.132087,0.092020,0.094115,0.090911,0.087688,0.084421,0.085983,0.100151
0.023443,0.212322,0.023437,0.006747,0.008651,0.172323,0.225515,0.106285,0.007860,0.213417
0.096522,0.017934,0.096543,0.082519,0.620514,0.014220,0.013171,0.012993,0.027728,0.017856
0.133180,0.096319,0.133171,0.098742,0.100223,0.087304,0.087356,0.081642,0.086061,0.096000
0.139652,0.117749,0.139630,0.088223,0.082025,0.082068,0.079649,0.085150,0.068673,0.117181
0.162794,0.105099,0.162779,0.076499,0.087818,0.083860,0.075381,0.081849,0.059287,0.104634
0.154041,0.090404,0.154030,0.096726,0.101868,0.079822,0.078977,0.074525,0.079532,0.090076
0.085431,0.097426,0.085426,0.078471,0.071359,0.086803,0.084393,0.075711,0.237899,0.097081
0.077260,0.070729,0.077258,0.072933,0.057429,0.057613,0.052677,0.048049,0.415710,0.070343
0.001255,0.001404,0.001255,0.000759,0.000698,0.000951,0.000798,0.000999,0.990483,0.001398
0.027112,0.026345,0.027111,0.021031,0.021250,0.021198,0.019671,0.019751,0.790334,0.026197
0.009958,0.169472,0.009957,0.005312,0.005585,0.179781,0.266616,0.175919,0.005577,0.171823
0.076167,0.036198,0.076152,0.032007,0.036729,0.027956,0.025610,0.025775,0.627427,0.035979
0.011023,0.159948,0.011022,0.006821,0.006706,0.073753,0.031013,0.521651,0.016188,0.161875
0.013542,0.274280,0.013540,0.007524,0.007785,0.140159,0.063639,0.109327,0.102625,0.267579
0.036389,0.244577,0.036385,0.019106,0.020821,0.120992,0.073699,0.176972,0.027880,0.243176
0.014640,0.260677,0.014637,0.005637,0.006665,0.238086,0.056407,0.140600,0.005292,0.257358
0.193172,0.082727,0.193143,0.093247,0.112867,0.067110,0.061293,0.064025,0.049949,0.082467
0.027514,0.181749,0.027512,0.019121,0.019386,0.133001,0.063974,0.283493,0.061243,0.183007
0.012552,0.200919,0.012551,0.008344,0.008528,0.223305,0.046065,0.248730,0.034814,0.204193
0.021226,0.288396,0.021223,0.010955,0.011642,0.126340,0.057200,0.169069,0.009872,0.284078
0.019366,0.268938,0.019363,0.009267,0.009962,0.194398,0.039932,0.165372,0.012849,0.260552
0.158453,0.021580,0.158424,0.510031,0.070525,0.016056,0.016314,0.014252,0.012895,0.021471
0.016372,0.249634,0.016369,0.007810,0.008636,0.146060,0.047813,0.254142,0.007315,0.245848
0.018450,0.265598,0.018446,0.007079,0.008203,0.156669,0.037852,0.209236,0.010590,0.267879
0.047273,0.273359,0.047264,0.021997,0.019094,0.150766,0.081459,0.064098,0.027225,0.267464
0.036227,0.259047,0.036224,0.022001,0.022947,0.140243,0.108852,0.089203,0.029474,0.255782
0.015225,0.267097,0.015222,0.006152,0.007271,0.225990,0.055680,0.120676,0.020061,0.266626
0.140519,0.132867,0.140515,0.080065,0.071995,0.098110,0.077714,0.097736,0.028322,0.132158
0.029105,0.252598,0.029102,0.016606,0.017838,0.244033,0.070159,0.076120,0.019666,0.244771
0.102126,0.150320,0.102111,0.083686,0.057440,0.102046,0.088954,0.124547,0.040092,0.148678
0.082210,0.193149,0.082206,0.032935,0.050222,0.137931,0.084039,0.077798,0.069828,0.189681
0.009880,0.271356,0.009878,0.002967,0.003921,0.116983,0.257041,0.064077,0.002396,0.261502
0.018989,0.253296,0.018985,0.010172,0.010939,0.163376,0.056123,0.202194,0.010130,0.255796
0.012731,0.248358,0.012729,0.007377,0.006930,0.178055,0.031605,0.244748,0.008537,0.248929
0.260488,0.104520,0.260459,0.032105,0.058061,0.077713,0.037577,0.049442,0.015848,0.103786
0.039665,0.187821,0.039663,0.031639,0.032442,0.148388,0.102787,0.196790,0.031261,0.189543
0.022786,0.215050,0.022782,0.010314,0.010474,0.199989,0.129180,0.164625,0.006794,0.218006
0.033885,0.208938,0.033881,0.021964,0.020825,0.144351,0.055655,0.161257,0.110108,0.209136
0.015440,0.001936,0.015443,0.873333,0.086572,0.001451,0.001440,0.001348,0.001108,0.001929
0.027589,0.002216,0.027603,0.013745,0.919893,0.002008,0.001920,0.001486,0.001330,0.002210
0.015533,0.189071,0.015530,0.005916,0.007089,0.097623,0.385618,0.088799,0.005203,0.189618
0.044163,0.215615,0.044155,0.021689,0.023158,0.130703,0.082490,0.190831,0.029967,0.217228
0.229525,0.065391,0.229492,0.088985,0.129328,0.051486,0.053136,0.044695,0.042929,0.065031
0.099829,0.012648,0.099817,0.683593,0.057530,0.010028,0.009298,0.008107,0.006562,0.012589
0.086062,0.124823,0.086060,0.075683,0.077005,0.119897,0.101598,0.115858,0.088035,0.124979
0.187938,0.036000,0.187964,0.268970,0.179795,0.028968,0.027618,0.023560,0.023380,0.035807
0.068557,0.016655,0.068547,0.701996,0.046100,0.013756,0.015116,0.011186,0.041501,0.016584
0.228709,0.053055,0.228681,0.171425,0.112026,0.040604,0.041928,0.033920,0.036862,0.052788
0.006667,0.149245,0.006666,0.003368,0.003523,0.183170,0.022576,0.470376,0.002584,0.151823
0.050238,0.013933,0.050239,0.773463,0.054616,0.011446,0.011018,0.010368,0.010800,0.013879
0.295528,0.041131,0.295500,0.063056,0.145041,0.031474,0.028540,0.026009,0.032843,0.040878
0.126316,0.109736,0.126313,0.074090,0.087510,0.094287,0.079479,0.087268,0.105664,0.109337
0.177512,0.019579,0.177528,0.033299,0.522145,0.014885,0.012277,0.011697,0.011623,0.019456
0.028711,0.212592,0.028708,0.026711,0.019653,0.142894,0.054459,0.237616,0.036786,0.211871
0.079110,0.194866,0.079095,0.022267,0.028801,0.186212,0.063795,0.106126,0.044093,0.195636
0.089838,0.216569,0.089819,0.029369,0.030786,0.115545,0.071675,0.078703,0.066570,0.211126
0.054564,0.258866,0.054548,0.013966,0.017850,0.138502,0.118509,0.082957,0.008842,0.251395
0.018611,0.251573,0.018607,0.008531,0.008599,0.167472,0.046045,0.225686,0.007232,0.247642
0.024403,0.271170,0.024399,0.016125,0.014647,0.116507,0.116050,0.132988,0.017835,0.265875
0.015163,0.220236,0.015161,0.008272,0.009382,0.142870,0.051189,0.311618,0.009696,0.216414
0.045866,0.239312,0.045859,0.031319,0.022057,0.115139,0.093389,0.080894,0.091628,0.234539
0.155346,0.174785,0.155301,0.036165,0.044333,0.096168,0.068607,0.068299,0.030076,0.170920
0.038180,0.274476,0.038175,0.021409,0.023863,0.145603,0.064867,0.095327,0.032437,0.265663
0.040724,0.221490,0.040718,0.021665,0.024422,0.120090,0.053941,0.221830,0.033012,0.222107
0.029346,0.250580,0.029340,0.013434,0.014098,0.148391,0.066030,0.187877,0.012789,0.248114
0.012870,0.229282,0.012868,0.005478,0.006531,0.095608,0.329903,0.080359,0.004662,0.222439
0.229677,0.010599,0.229812,0.239463,0.250553,0.009571,0.007611,0.006144,0.006038,0.010531
0.076406,0.209253,0.076407,0.019220,0.027136,0.219157,0.048023,0.109063,0.009498,0.205836
0.043824,0.187519,0.043815,0.017703,0.020391,0.127712,0.052603,0.300715,0.016341,0.189377
0.028571,0.212331,0.028564,0.011151,0.012851,0.177877,0.052260,0.250676,0.010337,0.215382
0.031813,0.224259,0.031804,0.008856,0.011902,0.133119,0.254844,0.075918,0.008103,0.219380
0.005779,0.096712,0.005778,0.002896,0.003217,0.043948,0.015814,0.722954,0.003524,0.099379
0.046682,0.246550,0.046675,0.020051,0.021538,0.107303,0.069992,0.096112,0.099328,0.245768
0.011451,0.175549,0.011450,0.004985,0.006056,0.076501,0.469935,0.068333,0.003638,0.172102
0.022354,0.245812,0.022352,0.011332,0.013867,0.151560,0.070357,0.199838,0.014984,0.247545
0.046292,0.168881,0.046289,0.032136,0.032591,0.118821,0.067047,0.263704,0.055223,0.169018
0.020865,0.341750,0.020859,0.006977,0.007595,0.121927,0.033710,0.108108,0.011016,0.327191
0.022657,0.205342,0.022655,0.015404,0.014981,0.152929,0.042467,0.126310,0.194578,0.202677
0.031237,0.242892,0.031230,0.014305,0.013773,0.195457,0.042944,0.171376,0.018199,0.238588
0.008732,0.132824,0.008731,0.004473,0.004895,0.119227,0.491542,0.090104,0.005082,0.134391
0.023182,0.224598,0.023179,0.015622,0.016247,0.117896,0.063231,0.268190,0.021078,0.226776
0.019093,0.226593,0.019087,0.005966,0.006344,0.156634,0.183886,0.138824,0.015916,0.227657
0.107422,0.124552,0.107418,0.111516,0.083077,0.101856,0.082943,0.130751,0.025595,0.124870
0.058541,0.232000,0.058535,0.025735,0.030946,0.105685,0.090892,0.071520,0.098425,0.227722
0.125359,0.110271,0.125349,0.065873,0.056118,0.089133,0.065137,0.069581,0.183517,0.109662
0.022905,0.199781,0.022903,0.016224,0.015875,0.103798,0.079692,0.322922,0.015836,0.200065
0.040558,0.218216,0.040551,0.022825,0.021022,0.136112,0.055950,0.137550,0.109392,0.217825
0.035572,0.214718,0.035568,0.024596,0.021513,0.135298,0.049682,0.155286,0.113486,0.214281
0.012655,0.085984,0.012654,0.010253,0.008266,0.100403,0.633543,0.042610,0.007637,0.085994
0.181915,0.140677,0.181911,0.042134,0.065182,0.097383,0.047384,0.082286,0.021098,0.140031
0.024660,0.247216,0.024656,0.009087,0.011561,0.172598,0.059441,0.192850,0.007942,0.249988
0.164462,0.013151,0.164540,0.278151,0.333055,0.009522,0.009087,0.008823,0.006112,0.013096
0.024160,0.230234,0.024157,0.014376,0.015758,0.242233,0.079354,0.127441,0.015875,0.226411
0.263520,0.076957,0.263544,0.059849,0.100414,0.050760,0.041048,0.049676,0.017380,0.076852
0.308816,0.024391,0.308864,0.081536,0.186270,0.017718,0.019452,0.016025,0.012653,0.024275
0.097573,0.146235,0.097575,0.068288,0.062863,0.114936,0.098774,0.131239,0.036832,0.145684
0.082128,0.116140,0.082116,0.032718,0.037070,0.110034,0.057610,0.079893,0.285396,0.116895
0.004995,0.006088,0.004995,0.006147,0.004727,0.005517,0.004617,0.005683,0.951142,0.006089
0.042433,0.220209,0.042429,0.018868,0.022975,0.125636,0.077641,0.212123,0.014845,0.222842
0.018396,0.245012,0.018392,0.009392,0.010089,0.160607,0.042762,0.235631,0.012543,0.247176
0.325178,0.044117,0.325222,0.044894,0.106022,0.036741,0.024732,0.023533,0.025655,0.043908
0.222558,0.106181,0.222564,0.053114,0.088561,0.061244,0.050966,0.056823,0.032692,0.105297
0.029254,0.191129,0.029249,0.010506,0.014021,0.260623,0.058798,0.204090,0.010209,0.192122
0.129099,0.163332,0.129058,0.049438,0.045420,0.151061,0.076944,0.076179,0.019343,0.160127
0.179658,0.095145,0.179665,0.073081,0.124555,0.065546,0.055269,0.065844,0.066683,0.094555
0.022767,0.226001,0.022762,0.010932,0.010695,0.131655,0.069940,0.272672,0.008366,0.224212
0.025840,0.017077,0.025839,0.026388,0.022033,0.015891,0.016185,0.015277,0.818414,0.017056
0.112474,0.107089,0.112456,0.063695,0.050753,0.101524,0.059959,0.072243,0.213057,0.106749
0.147584,0.132766,0.147567,0.064223,0.071197,0.086271,0.062903,0.110606,0.044742,0.132140
0.141313,0.164588,0.141297,0.024591,0.042122,0.102520,0.080518,0.115605,0.022694,0.164751
0.024150,0.231418,0.024147,0.012069,0.014124,0.145578,0.123237,0.161461,0.033045,0.230769
0.278419,0.074684,0.278342,0.041238,0.070123,0.071864,0.045454,0.039520,0.026287,0.074070
0.198260,0.118269,0.198204,0.042020,0.066459,0.086782,0.051366,0.086378,0.034425,0.117838
0.140150,0.132941,0.140134,0.067663,0.069835,0.084163,0.081460,0.105410,0.045995,0.132249
0.134870,0.097352,0.134842,0.064525,0.057136,0.067016,0.061633,0.068895,0.216812,0.096918
0.094529,0.155583,0.094504,0.050386,0.041074,0.118072,0.076754,0.184960,0.028384,0.155754
0.257255,0.086555,0.257207,0.048390,0.068520,0.055799,0.051303,0.055705,0.033348,0.085918
0.119660,0.165846,0.119635,0.056581,0.058179,0.097328,0.070240,0.108407,0.039290,0.164834
0.233352,0.119507,0.233283,0.036507,0.046766,0.088178,0.046791,0.056614,0.020848,0.118154
0.035289,0.221863,0.035287,0.025815,0.026451,0.159962,0.069671,0.165441,0.039120,0.221101
0.036184,0.259866,0.036180,0.015522,0.018731,0.135863,0.084801,0.096202,0.057978,0.258673
0.036627,0.246999,0.036625,0.024902,0.027990,0.131048,0.071094,0.151086,0.032479,0.241150
0.075473,0.183987,0.075462,0.070076,0.050495,0.113074,0.075780,0.121811,0.050592,0.183250
0.091277,0.215326,0.091257,0.034189,0.036932,0.113938,0.058496,0.063870,0.086201,0.208515
0.073382,0.198597,0.073375,0.072138,0.044879,0.132661,0.072400,0.092483,0.045797,0.194287
0.017034,0.244529,0.017032,0.014752,0.010777,0.129222,0.047657,0.266506,0.012407,0.240084
0.095156,0.172727,0.095148,0.036644,0.042814,0.155644,0.077486,0.129636,0.022913,0.171831
0.061597,0.212569,0.061588,0.030837,0.033862,0.121281,0.097213,0.080172,0.093648,0.207234
0.035328,0.007646,0.035333,0.842137,0.041098,0.007004,0.005447,0.005023,0.013383,0.007601
0.006541,0.011114,0.006541,0.008245,0.004885,0.007599,0.005675,0.006932,0.931430,0.011038
0.056305,0.208404,0.056297,0.027420,0.032856,0.195984,0.088837,0.077399,0.052466,0.204031
0.116938,0.209268,0.116904,0.023912,0.034017,0.120796,0.051827,0.055363,0.067651,0.203323
0.000574,0.000157,0.000574,0.997275,0.000763,0.000149,0.000126,0.000123,0.000103,0.000157
0.008058,0.250432,0.008056,0.003864,0.004447,0.148914,0.034360,0.283283,0.004997,0.253588
0.024419,0.140852,0.024416,0.012774,0.011807,0.098799,0.489889,0.048519,0.009630,0.138895
0.032055,0.226949,0.032049,0.015870,0.017441,0.127906,0.071171,0.230391,0.021432,0.224737
0.164341,0.098014,0.164329,0.164051,0.076164,0.070883,0.066722,0.063385,0.034697,0.097415
0.004215,0.110248,0.004214,0.002603,0.002747,0.053039,0.021004,0.686484,0.002411,0.113035
0.214738,0.083099,0.214660,0.066807,0.095645,0.077145,0.060669,0.049829,0.054800,0.082607
0.376000,0.031877,0.375920,0.037617,0.061903,0.021306,0.017120,0.015608,0.031035,0.031615
0.008672,0.229187,0.008671,0.004399,0.005014,0.219684,0.186300,0.107464,0.004660,0.225949
0.024471,0.295318,0.024465,0.010833,0.010785,0.158553,0.058987,0.120505,0.010438,0.285646
0.205176,0.079210,0.205156,0.074829,0.136845,0.060368,0.053590,0.052481,0.053807,0.078538
0.033114,0.019253,0.033111,0.018067,0.017879,0.014752,0.014901,0.012841,0.816912,0.019169
0.042456,0.198281,0.042447,0.015457,0.020836,0.102065,0.077802,0.271156,0.030519,0.198979
0.013885,0.205504,0.013883,0.008227,0.008212,0.113299,0.098821,0.322248,0.007578,0.208343
0.017769,0.187383,0.017767,0.010115,0.011757,0.218447,0.065384,0.269261,0.012448,0.189668
0.038443,0.153286,0.038434,0.018428,0.017505,0.089175,0.094522,0.057690,0.340343,0.152174
0.016934,0.117738,0.016932,0.008553,0.010120,0.096188,0.561457,0.047997,0.007710,0.116370
0.033622,0.202420,0.033618,0.013819,0.016896,0.119327,0.133997,0.230121,0.010722,0.205457
0.028398,0.269607,0.028394,0.015030,0.016567,0.127101,0.096322,0.137645,0.017724,0.263211
0.086241,0.126234,0.086238,0.070750,0.068797,0.106669,0.094502,0.121868,0.112411,0.126290
0.013241,0.283460,0.013239,0.007458,0.007965,0.135225,0.081424,0.157878,0.013952,0.286157
0.002543,0.087288,0.002543,0.001388,0.001579,0.057792,0.014905,0.740751,0.001415,0.089797
0.014984,0.198573,0.014982,0.009252,0.010117,0.128374,0.060961,0.350890,0.009676,0.202192
0.016663,0.149018,0.016662,0.012822,0.013292,0.183920,0.063318,0.378900,0.012964,0.152441
0.071024,0.169650,0.071016,0.035094,0.042361,0.117409,0.119264,0.175201,0.028828,0.170153
0.006250,0.110801,0.006249,0.002977,0.003793,0.054223,0.020268,0.679760,0.002887,0.112791
0.035343,0.191372,0.035338,0.015901,0.018391,0.155803,0.099893,0.237977,0.018571,0.191410
0.010074,0.138195,0.010073,0.005992,0.006157,0.081547,0.027956,0.572400,0.006755,0.140851
0.042775,0.165598,0.042771,0.040887,0.031284,0.151287,0.132428,0.200611,0.025320,0.167039
0.014025,0.132322,0.014023,0.007804,0.008325,0.213156,0.319336,0.150268,0.006408,0.134332
0.105395,0.153522,0.105369,0.030649,0.041017,0.172430,0.077371,0.139540,0.021133,0.153573
0.057959,0.191166,0.057954,0.031560,0.033573,0.139817,0.068975,0.186673,0.040499,0.191824
0.023640,0.226835,0.023636,0.010601,0.012621,0.194856,0.098916,0.168961,0.010444,0.229488
0.080667,0.147727,0.080661,0.069650,0.064342,0.117315,0.086665,0.141328,0.063916,0.147730
0.038133,0.180349,0.038130,0.026221,0.026290,0.155694,0.077809,0.220726,0.054629,0.182020
0.062300,0.192291,0.062290,0.025134,0.032020,0.192852,0.132557,0.091149,0.019327,0.190079
0.047786,0.161479,0.047779,0.024550,0.026999,0.221128,0.086189,0.189528,0.031503,0.163059
0.048125,0.181594,0.048121,0.033372,0.032483,0.111990,0.118973,0.202023,0.041556,0.181764
0.010513,0.146277,0.010512,0.005169,0.006335,0.094382,0.426322,0.148475,0.004184,0.147832
0.025044,0.150288,0.025041,0.009600,0.012925,0.106095,0.302741,0.208836,0.007801,0.151629
0.054399,0.221838,0.054393,0.031302,0.036118,0.117750,0.104419,0.131808,0.025388,0.222585
0.029419,0.199395,0.029417,0.019470,0.022834,0.116244,0.058664,0.310401,0.018854,0.195301
0.043441,0.235347,0.043439,0.027898,0.032400,0.115588,0.103741,0.138183,0.023178,0.236784
0.087966,0.188714,0.087947,0.023155,0.028043,0.115067,0.105325,0.116008,0.057474,0.190301
0.045774,0.228373,0.045772,0.028209,0.031920,0.118644,0.102515,0.143691,0.025749,0.229352
0.051129,0.160565,0.051127,0.013347,0.019449,0.105283,0.045120,0.384751,0.007329,0.161900
0.135449,0.129561,0.135429,0.030283,0.039276,0.095673,0.246650,0.048645,0.009882,0.129152
0.043216,0.247547,0.043209,0.017307,0.020102,0.134627,0.092886,0.137837,0.020315,0.242955
0.014062,0.144020,0.014060,0.006578,0.006629,0.488845,0.106790,0.068800,0.004769,0.145448
0.056791,0.188012,0.056781,0.032646,0.034192,0.141788,0.094088,0.179943,0.028881,0.186878
0.019929,0.098408,0.019926,0.009746,0.010461,0.079315,0.604540,0.052460,0.006897,0.098318
0.013570,0.022252,0.013569,0.005452,0.006912,0.017651,0.886826,0.009202,0.002349,0.022217
0.076471,0.173742,0.076460,0.028650,0.043315,0.099234,0.143057,0.163350,0.023142,0.172578
0.053467,0.188585,0.053457,0.025701,0.029254,0.228314,0.103126,0.108007,0.020535,0.189554
0.010599,0.157696,0.010597,0.004750,0.005264,0.476684,0.136751,0.039504,0.003907,0.154247
0.044340,0.113531,0.044329,0.013329,0.015106,0.086500,0.488134,0.070623,0.010399,0.113710
0.066013,0.184352,0.066001,0.024390,0.028748,0.115668,0.089384,0.222927,0.020955,0.181563
0.004127,0.045551,0.004127,0.002327,0.002658,0.042846,0.800971,0.049398,0.001979,0.046016
0.042833,0.101729,0.042821,0.014860,0.016686,0.065956,0.535868,0.051286,0.027450,0.100512
0.023376,0.225732,0.023372,0.013238,0.013020,0.119711,0.047573,0.297068,0.015153,0.221756
0.069014,0.156656,0.069014,0.034867,0.070375,0.097559,0.139251,0.188412,0.016845,0.158007
0.116867,0.136086,0.116867,0.047757,0.100010,0.135760,0.078298,0.097463,0.035474,0.135419
0.034697,0.236571,0.034691,0.013917,0.017063,0.172796,0.087870,0.151318,0.013747,0.237329
0.306790,0.041409,0.306786,0.099951,0.104833,0.028860,0.025778,0.023262,0.021143,0.041187
0.052587,0.202868,0.052577,0.017881,0.023584,0.177311,0.142759,0.113109,0.013804,0.203519
0.040811,0.196570,0.040808,0.027906,0.030710,0.121095,0.090656,0.227965,0.025532,0.197948
0.146166,0.162333,0.146134,0.036160,0.049206,0.125780,0.080074,0.067910,0.026552,0.159684
0.050368,0.238803,0.050355,0.012636,0.016793,0.096749,0.098419,0.173414,0.023997,0.238466
0.030923,0.126897,0.030919,0.009924,0.014071,0.075764,0.529882,0.048708,0.007717,0.125197
0.052351,0.189607,0.052342,0.023465,0.025709,0.125841,0.070414,0.244317,0.024912,0.191042
0.056386,0.200138,0.056375,0.025469,0.028093,0.131506,0.102011,0.172898,0.028501,0.198624
0.017401,0.224583,0.017399,0.011518,0.012339,0.161654,0.081446,0.232066,0.014198,0.227395
0.040345,0.214297,0.040340,0.020850,0.024708,0.119073,0.072897,0.226099,0.026959,0.214433
0.046090,0.223379,0.046083,0.019533,0.022325,0.159458,0.098192,0.142299,0.020091,0.222551
0.008129,0.150540,0.008128,0.004868,0.005023,0.122830,0.054143,0.487263,0.005634,0.153440
0.072628,0.208768,0.072623,0.016873,0.028733,0.129866,0.059967,0.187236,0.012966,0.210339
0.043714,0.168429,0.043711,0.030514,0.032616,0.128904,0.098949,0.252532,0.031695,0.168935
0.058780,0.178273,0.058774,0.024337,0.029752,0.121459,0.109603,0.184076,0.055798,0.179148
0.008380,0.128398,0.008379,0.005165,0.005477,0.202149,0.381169,0.124564,0.005925,0.130394
0.051920,0.206980,0.051908,0.014497,0.020296,0.122591,0.124838,0.183512,0.015819,0.207640
0.022580,0.283896,0.022576,0.009780,0.011558,0.204402,0.061138,0.097127,0.013856,0.273087
0.042079,0.184065,0.042074,0.022817,0.025217,0.175957,0.074853,0.205974,0.042509,0.184454
0.034996,0.242681,0.034987,0.010633,0.013592,0.097570,0.049345,0.258113,0.012259,0.245824
0.088436,0.138102,0.088435,0.069275,0.082946,0.114028,0.111298,0.102540,0.068675,0.136265
0.009740,0.054912,0.009738,0.004181,0.004618,0.038302,0.792140,0.027109,0.004935,0.054326
0.057256,0.108025,0.057249,0.017682,0.026110,0.104072,0.453466,0.056715,0.011256,0.108169
0.030585,0.216374,0.030582,0.022272,0.022895,0.137953,0.107818,0.191650,0.025057,0.214815
0.027950,0.185891,0.027946,0.016382,0.015475,0.128098,0.070291,0.322386,0.017713,0.187870
0.028712,0.199842,0.028708,0.014837,0.016270,0.119774,0.056911,0.318941,0.018472,0.197534
0.187897,0.127192,0.187862,0.041268,0.061140,0.079956,0.087826,0.074882,0.025593,0.126383
0.024448,0.192278,0.024444,0.012295,0.013617,0.097036,0.056585,0.374123,0.015027,0.190148
0.018348,0.215458,0.018344,0.005898,0.007339,0.232360,0.160161,0.120726,0.004886,0.216481
0.094619,0.162559,0.094616,0.037043,0.057952,0.107312,0.195500,0.067744,0.023218,0.159437
0.035228,0.195140,0.035223,0.019370,0.021478,0.133419,0.066562,0.278196,0.022434,0.192950
0.021205,0.164539,0.021204,0.018253,0.016138,0.126883,0.067658,0.380725,0.016032,0.167365
0.027334,0.088231,0.027326,0.008412,0.009982,0.043973,0.656928,0.034957,0.016382,0.086476
0.043951,0.176266,0.043946,0.023472,0.026074,0.104711,0.133612,0.248475,0.023626,0.175865
0.008537,0.153988,0.008536,0.005030,0.005310,0.097015,0.038414,0.521914,0.005042,0.156214
0.044684,0.080668,0.044677,0.010695,0.016376,0.043182,0.624690,0.041609,0.012846,0.080573
0.005450,0.125659,0.005450,0.002981,0.003201,0.092037,0.036183,0.597672,0.003359,0.128007
0.023097,0.232908,0.023094,0.014271,0.013894,0.177876,0.068162,0.203600,0.013562,0.229537
0.030461,0.213788,0.030456,0.015488,0.016583,0.148400,0.073709,0.244157,0.013967,0.212990
0.019418,0.101082,0.019416,0.009640,0.011110,0.086755,0.599215,0.046811,0.005906,0.100648
0.010158,0.090405,0.010157,0.005067,0.005442,0.057790,0.574339,0.150955,0.004322,0.091364
0.041466,0.220660,0.041461,0.018962,0.021380,0.134607,0.113157,0.172272,0.017279,0.218756
0.082412,0.163915,0.082402,0.046945,0.051994,0.125141,0.128359,0.111113,0.045745,0.161971
0.135603,0.107172,0.135550,0.024673,0.035912,0.082202,0.302651,0.050773,0.018526,0.106937
0.030924,0.198916,0.030917,0.009266,0.012369,0.079038,0.046809,0.382873,0.007296,0.201590
0.040428,0.224516,0.040423,0.020482,0.023481,0.139667,0.140079,0.124969,0.025782,0.220174
0.015823,0.209104,0.015822,0.011918,0.011540,0.187894,0.131677,0.193192,0.010403,0.212628
0.019100,0.094729,0.019099,0.011325,0.012192,0.059435,0.627110,0.052829,0.010204,0.093976
0.106413,0.115875,0.106408,0.080269,0.080132,0.108514,0.114696,0.098178,0.074100,0.115415
0.150868,0.029018,0.150849,0.038100,0.516650,0.024365,0.025250,0.016360,0.019721,0.028819
0.225771,0.109280,0.225706,0.043222,0.057292,0.095278,0.057909,0.052572,0.024422,0.108547
0.231567,0.091243,0.231533,0.057196,0.073927,0.084922,0.056558,0.049844,0.032453,0.090757
0.004282,0.005045,0.004282,0.003417,0.003346,0.003864,0.003344,0.003672,0.963724,0.005025
0.002543,0.087288,0.002543,0.001388,0.001579,0.057792,0.014905,0.740751,0.001415,0.089797
0.342772,0.026462,0.342877,0.061596,0.130136,0.020375,0.019215,0.016085,0.014205,0.026277
0.033622,0.202420,0.033618,0.013819,0.016896,0.119327,0.133997,0.230121,0.010722,0.205457
0.016663,0.149018,0.016662,0.012822,0.013292,0.183920,0.063318,0.378900,0.012964,0.152441
0.006250,0.110801,0.006249,0.002977,0.003793,0.054223,0.020268,0.679760,0.002887,0.112791
0.071024,0.169650,0.071016,0.035094,0.042361,0.117409,0.119264,0.175201,0.028828,0.170153
0.159522,0.066060,0.159528,0.166811,0.139933,0.060833,0.058697,0.054479,0.068269,0.065869
0.306641,0.037980,0.306594,0.080259,0.082038,0.029530,0.029063,0.022906,0.067222,0.037767
0.035343,0.191372,0.035338,0.015901,0.018391,0.155803,0.099893,0.237977,0.018571,0.191410
0.247923,0.008274,0.248044,0.045695,0.417704,0.006899,0.006431,0.005388,0.005413,0.008229
0.111949,0.106408,0.111938,0.172557,0.059424,0.101646,0.128974,0.068698,0.031918,0.106489
0.178249,0.030291,0.178200,0.420160,0.078915,0.022897,0.022558,0.019998,0.018625,0.030107
0.195919,0.066225,0.195897,0.189684,0.104582,0.052995,0.054624,0.042669,0.031654,0.065752
0.211582,0.069325,0.211551,0.139224,0.112710,0.052958,0.042224,0.044632,0.046947,0.068847
0.260342,0.075988,0.260337,0.057419,0.091513,0.056791,0.048863,0.044107,0.029094,0.075546
0.272218,0.051175,0.272174,0.103080,0.103559,0.038879,0.039789,0.033355,0.034893,0.050878
0.265352,0.075561,0.265263,0.052596,0.070456,0.065302,0.044815,0.045082,0.040514,0.075059
0.214904,0.070945,0.214860,0.048458,0.064857,0.057551,0.056860,0.037999,0.162905,0.070661
0.054399,0.221838,0.054393,0.031302,0.036118,0.117750,0.104419,0.131808,0.025388,0.222585
0.023640,0.226835,0.023636,0.010601,0.012621,0.194856,0.098916,0.168961,0.010444,0.229488
0.043441,0.235347,0.043439,0.027898,0.032400,0.115588,0.103741,0.138183,0.023178,0.236784
0.294048,0.068471,0.293901,0.055131,0.052858,0.065836,0.039502,0.034621,0.027415,0.068217
0.252471,0.080193,0.252401,0.054626,0.081843,0.076357,0.048845,0.045327,0.028285,0.079651
0.380217,0.022025,0.380078,0.072791,0.073911,0.017548,0.012513,0.010810,0.008266,0.021842
0.045774,0.228373,0.045772,0.028209,0.031920,0.118644,0.102515,0.143691,0.025749,0.229352
0.210592,0.070298,0.210563,0.072199,0.125804,0.063388,0.059778,0.052991,0.064407,0.069980
0.017430,0.020787,0.017429,0.016557,0.015100,0.017238,0.016289,0.015158,0.843297,0.020716
0.010074,0.138195,0.010073,0.005992,0.006157,0.081547,0.027956,0.572400,0.006755,0.140851
0.298950,0.065718,0.298867,0.044415,0.078221,0.046932,0.041490,0.038913,0.021253,0.065240
0.333798,0.044178,0.333747,0.040942,0.098743,0.032709,0.029179,0.025974,0.016841,0.043891
0.396311,0.015955,0.396391,0.037774,0.100873,0.012433,0.010321,0.008510,0.005606,0.015825
0.208961,0.065189,0.208940,0.098967,0.138048,0.054817,0.047197,0.051195,0.061721,0.064965
0.184602,0.097834,0.184595,0.058522,0.075515,0.068877,0.071915,0.051614,0.109441,0.097085
0.245612,0.066524,0.245571,0.051434,0.088573,0.047403,0.046852,0.037242,0.104815,0.065973
0.273197,0.034011,0.273236,0.141417,0.139222,0.039950,0.023168,0.021999,0.019924,0.033875
0.415504,0.017912,0.415492,0.025903,0.067773,0.012185,0.011179,0.009150,0.007154,0.017747
0.379329,0.023192,0.379336,0.036410,0.102846,0.015930,0.014700,0.013380,0.011858,0.023019
0.404514,0.009251,0.404666,0.016702,0.135087,0.006458,0.005976,0.004888,0.003281,0.009177
0.071269,0.062858,0.071268,0.297223,0.057460,0.051508,0.045977,0.051664,0.228090,0.062683
0.314003,0.030922,0.314074,0.059154,0.161778,0.025543,0.027069,0.019989,0.016716,0.030752
0.411033,0.018353,0.411056,0.017822,0.069708,0.012043,0.016030,0.007543,0.018257,0.018156
0.248288,0.043066,0.248302,0.140299,0.159679,0.033218,0.027021,0.032755,0.024456,0.042915
0.252746,0.079212,0.252714,0.046434,0.090702,0.060018,0.053372,0.053424,0.032530,0.078847
0.317793,0.046385,0.317789,0.040446,0.117651,0.033700,0.032467,0.028076,0.019567,0.046126
0.238546,0.072065,0.238504,0.094847,0.074245,0.066987,0.047225,0.045808,0.050163,0.071612
0.129769,0.065802,0.129772,0.299391,0.096276,0.076052,0.051046,0.048568,0.037807,0.065518
0.203165,0.065747,0.203174,0.154645,0.119497,0.047700,0.049583,0.046092,0.044910,0.065488
0.237977,0.043294,0.237965,0.143754,0.173048,0.033877,0.031247,0.029046,0.026695,0.043097
0.320326,0.044766,0.320362,0.042091,0.113099,0.033302,0.029777,0.027826,0.023984,0.044467
0.168067,0.110835,0.168035,0.061629,0.077666,0.084901,0.079843,0.076457,0.062374,0.110194
0.183459,0.071645,0.183503,0.097105,0.159103,0.063681,0.063930,0.056759,0.049305,0.071510
0.117497,0.070294,0.117488,0.318917,0.088027,0.057354,0.054255,0.054570,0.051519,0.070079
0.129275,0.075365,0.129250,0.082307,0.102007,0.075820,0.052933,0.052092,0.225849,0.075101
0.191156,0.077761,0.191136,0.083144,0.115417,0.068188,0.068558,0.060257,0.066930,0.077451
0.006226,0.003923,0.006225,0.004618,0.004248,0.003531,0.003550,0.003315,0.960452,0.003912
0.001573,0.001601,0.001573,0.001486,0.001192,0.001345,0.001335,0.001229,0.987070,0.001596
0.062187,0.071171,0.062180,0.037872,0.037372,0.053761,0.053856,0.054659,0.496106,0.070836
0.165610,0.104579,0.165580,0.067108,0.079689,0.086527,0.085701,0.078260,0.062721,0.104224
0.153095,0.102008,0.153068,0.082025,0.097339,0.078328,0.083800,0.075519,0.073159,0.101659
0.229036,0.061446,0.228985,0.100570,0.117049,0.050422,0.048622,0.044833,0.057854,0.061182
0.019095,0.009646,0.019092,0.011366,0.010338,0.007994,0.007787,0.007310,0.897764,0.009608
0.013944,0.012714,0.013943,0.012188,0.008960,0.009245,0.009380,0.008626,0.898365,0.012636
0.002634,0.002883,0.002634,0.001694,0.001509,0.002238,0.001890,0.002159,0.979486,0.002872
0.144007,0.099052,0.143993,0.085123,0.095682,0.082305,0.085406,0.073655,0.091985,0.098793
0.192537,0.066607,0.192525,0.134153,0.132853,0.057407,0.055584,0.048499,0.053552,0.066283
0.160537,0.074398,0.160539,0.132803,0.123434,0.069343,0.079678,0.059825,0.065216,0.074227
0.078170,0.128420,0.078166,0.072725,0.066981,0.110035,0.083701,0.094278,0.159338,0.128188
0.087073,0.053474,0.087075,0.054193,0.062126,0.051331,0.056612,0.044615,0.450104,0.053397
0.192400,0.074058,0.192387,0.087266,0.170892,0.053323,0.053204,0.047778,0.055017,0.073676
0.136857,0.071151,0.136837,0.058972,0.094012,0.055187,0.049315,0.048629,0.278152,0.070887
0.093536,0.107375,0.093534,0.096542,0.089779,0.104486,0.097763,0.108658,0.100836,0.107492
0.225016,0.043623,0.224987,0.085100,0.225954,0.036352,0.037577,0.031335,0.046612,0.043446
0.293295,0.040020,0.293204,0.144065,0.081490,0.026397,0.028230,0.023113,0.030469,0.039717
0.138476,0.074988,0.138437,0.058288,0.057188,0.069466,0.049020,0.050025,0.289410,0.074702
0.191422,0.072439,0.191371,0.073488,0.101294,0.056703,0.061584,0.052368,0.127143,0.072188
0.099275,0.097340,0.099268,0.104705,0.064920,0.065396,0.081369,0.066414,0.224342,0.096972
0.167862,0.038511,0.167867,0.245307,0.202829,0.044858,0.029309,0.026383,0.038757,0.038317
0.207842,0.062978,0.207810,0.129221,0.158791,0.044688,0.045538,0.043506,0.036829,0.062797
0.222512,0.058597,0.222483,0.053180,0.171101,0.041859,0.045249,0.038319,0.088447,0.058254
0.209480,0.083308,0.209460,0.111049,0.084365,0.058790,0.063453,0.054292,0.042973,0.082829
0.210577,0.065118,0.210475,0.063485,0.064605,0.042720,0.036223,0.036942,0.205161,0.064695
0.082306,0.102648,0.082304,0.079744,0.074016,0.100672,0.082750,0.084303,0.208713,0.102543
0.161153,0.066225,0.161162,0.103091,0.196103,0.056578,0.063212,0.054672,0.071730,0.066073
0.092050,0.116066,0.092049,0.096333,0.080309,0.104673,0.130976,0.098312,0.073230,0.116004
0.128189,0.130551,0.128164,0.063788,0.065834,0.107389,0.091851,0.112418,0.041317,0.130501
0.188890,0.063379,0.188856,0.135125,0.118976,0.044204,0.043629,0.043226,0.110669,0.063047
0.279431,0.079314,0.279373,0.042696,0.066892,0.051393,0.046328,0.049614,0.025699,0.079259
0.145976,0.071862,0.145958,0.157059,0.103971,0.068050,0.076894,0.055793,0.102783,0.071655
0.093012,0.068577,0.092999,0.086791,0.079128,0.057594,0.050438,0.056666,0.346367,0.068428
0.082459,0.035479,0.082449,0.039149,0.036530,0.028345,0.026687,0.025341,0.608247,0.035313
0.399524,0.026298,0.399421,0.028405,0.053468,0.017908,0.015537,0.013120,0.020260,0.026059
0.200152,0.054431,0.200170,0.103363,0.223780,0.047583,0.043546,0.041274,0.031425,0.054274
0.155689,0.120675,0.155670,0.061542,0.070161,0.096978,0.094042,0.075528,0.049470,0.120245
0.013570,0.022252,0.013569,0.005452,0.006912,0.017651,0.886826,0.009202,0.002349,0.022217
0.092960,0.049116,0.092947,0.053257,0.057822,0.036882,0.034187,0.035757,0.498128,0.048943
0.019744,0.201830,0.019743,0.014154,0.015034,0.184237,0.073035,0.251620,0.015054,0.205549
0.135449,0.129561,0.135429,0.030283,0.039276,0.095673,0.246650,0.048645,0.009882,0.129152
0.341244,0.021189,0.341332,0.056358,0.163053,0.016783,0.017306,0.013510,0.008152,0.021072
0.091998,0.022903,0.092003,0.630482,0.072210,0.018731,0.020225,0.015437,0.013189,0.022820
0.322233,0.046234,0.322177,0.066678,0.077356,0.035629,0.038217,0.025574,0.020027,0.045873
0.318296,0.032659,0.318214,0.057042,0.076229,0.031517,0.025446,0.019385,0.088773,0.032440
0.193473,0.096007,0.193418,0.073917,0.081339,0.078307,0.069235,0.071535,0.046996,0.095773
0.131902,0.056176,0.131894,0.126491,0.171925,0.041186,0.038674,0.040120,0.205665,0.055968
0.161008,0.031609,0.160993,0.030285,0.500192,0.025434,0.018903,0.026230,0.013846,0.031500
0.366973,0.023957,0.367084,0.031593,0.133570,0.016208,0.014582,0.013591,0.008642,0.023801
0.402287,0.026265,0.402221,0.027937,0.058598,0.018322,0.017639,0.012441,0.008247,0.026042
0.216544,0.072764,0.216488,0.092192,0.120571,0.055199,0.052716,0.049156,0.051910,0.072461
0.393366,0.031696,0.393299,0.031773,0.053218,0.022546,0.018343,0.015343,0.009069,0.031347
0.244499,0.038426,0.244457,0.207373,0.117147,0.029365,0.027605,0.025746,0.027161,0.038222
0.109800,0.090592,0.109797,0.202514,0.087984,0.082268,0.078868,0.080964,0.066691,0.090521
0.135451,0.099385,0.135418,0.045953,0.053875,0.071620,0.053531,0.067280,0.238444,0.099043
0.127798,0.084102,0.127791,0.141421,0.122009,0.065862,0.123289,0.066413,0.057402,0.083914
0.202957,0.095089,0.202887,0.084328,0.076982,0.066615,0.061220,0.067663,0.047537,0.094722
0.191315,0.054463,0.191289,0.117944,0.110893,0.043032,0.042059,0.040601,0.154197,0.054206
0.218758,0.082029,0.218724,0.069237,0.092793,0.066201,0.066914,0.053718,0.050023,0.081602
0.368000,0.011288,0.368202,0.027169,0.187308,0.008406,0.007511,0.006440,0.004465,0.011210
0.052587,0.202868,0.052577,0.017881,0.023584,0.177311,0.142759,0.113109,0.013804,0.203519
0.116867,0.136086,0.116867,0.047757,0.100010,0.135760,0.078298,0.097463,0.035474,0.135419
0.379305,0.018760,0.379450,0.032291,0.126397,0.014857,0.011035,0.011129,0.008129,0.018648
0.075877,0.003483,0.075909,0.017392,0.814477,0.002760,0.002232,0.002227,0.002179,0.003463
0.183354,0.064037,0.183316,0.164510,0.071407,0.044282,0.043389,0.037591,0.144513,0.063600
0.260086,0.027152,0.260145,0.146305,0.205351,0.023999,0.019545,0.018451,0.011919,0.027049
0.146166,0.162333,0.146134,0.036160,0.049206,0.125780,0.080074,0.067910,0.026552,0.159684
0.040992,0.005393,0.041007,0.019060,0.872168,0.004554,0.003889,0.004185,0.003360,0.005394
0.306790,0.041409,0.306786,0.099951,0.104833,0.028860,0.025778,0.023262,0.021143,0.041187
0.073577,0.071223,0.073577,0.146580,0.062767,0.051283,0.056199,0.055606,0.338085,0.071102
0.186278,0.072181,0.186279,0.129325,0.129731,0.061484,0.056788,0.056992,0.048982,0.071960
0.100000,0.100000,0.100000,0.100000,0.100000,0.100000,0.100000,0.100000,0.100000,0.100000
0.143427,0.116133,0.143405,0.064351,0.089718,0.097145,0.071272,0.082765,0.075559,0.116224
0.227339,0.080996,0.227273,0.058418,0.093259,0.054897,0.050960,0.047447,0.079013,0.080398
0.267034,0.070812,0.266990,0.064766,0.089194,0.049814,0.047121,0.038336,0.035631,0.070303
0.184102,0.128305,0.184038,0.049508,0.060714,0.081968,0.071073,0.066757,0.046298,0.127235
0.316998,0.055840,0.316875,0.050940,0.077034,0.050001,0.029077,0.027442,0.020423,0.055370
0.167310,0.068725,0.167283,0.040533,0.071880,0.053003,0.040167,0.038322,0.284588,0.068189
0.101023,0.194018,0.101008,0.030084,0.044806,0.105835,0.070859,0.141895,0.017105,0.193366
0.214150,0.066972,0.214100,0.053280,0.069973,0.050399,0.040437,0.040864,0.183287,0.066539
0.168498,0.117082,0.168473,0.073133,0.079572,0.079575,0.078906,0.064030,0.054416,0.116313
0.100000,0.100000,0.100000,0.100000,0.100000,0.100000,0.100000,0.100000,0.100000,0.100000
0.158296,0.088115,0.158247,0.040848,0.040896,0.049430,0.040342,0.041296,0.295335,0.087195
0.025120,0.029449,0.025115,0.006641,0.009351,0.014301,0.009353,0.014155,0.837392,0.029123
0.097590,0.103911,0.097584,0.073207,0.074274,0.091278,0.085079,0.093950,0.179526,0.103601
0.183274,0.044089,0.183202,0.050870,0.056863,0.036709,0.028452,0.022897,0.349805,0.043839
0.038618,0.172097,0.038616,0.029557,0.031620,0.159968,0.081943,0.242708,0.028571,0.176302
0.178200,0.145487,0.178132,0.036522,0.052752,0.080005,0.075040,0.078217,0.031381,0.144264
0.030588,0.113093,0.030582,0.013155,0.013605,0.055970,0.176101,0.049779,0.404598,0.112530
0.277464,0.017942,0.277579,0.058103,0.297025,0.015947,0.014804,0.011715,0.011569,0.017852
0.169339,0.061470,0.169295,0.072057,0.080712,0.046560,0.045818,0.041874,0.251696,0.061181
0.354520,0.029002,0.354550,0.034624,0.090757,0.022439,0.022074,0.017049,0.046146,0.028840
0.303540,0.030669,0.303659,0.045564,0.215094,0.021789,0.019120,0.019554,0.010430,0.030579
0.218575,0.072681,0.218545,0.089222,0.111680,0.055077,0.057715,0.049925,0.054330,0.072250
0.283491,0.058196,0.283481,0.064856,0.107961,0.043780,0.036121,0.035310,0.029034,0.057770
0.251606,0.065389,0.251629,0.091227,0.114637,0.048644,0.040352,0.046534,0.024794,0.065186
0.202914,0.080265,0.202927,0.079953,0.104612,0.069919,0.069507,0.058642,0.051315,0.079945
0.007470,0.005316,0.007469,0.004577,0.004643,0.003985,0.003999,0.003701,0.953542,0.005296
0.000019,0.000020,0.000019,0.000014,0.000012,0.000014,0.000012,0.000013,0.999856,0.000020
0.004607,0.003992,0.004606,0.003009,0.002729,0.003030,0.002676,0.002734,0.968649,0.003968
0.100000,0.100000,0.100000,0.100000,0.100000,0.100000,0.100000,0.100000,0.100000,0.100000
0.000727,0.000670,0.000727,0.000364,0.000385,0.000479,0.000376,0.000409,0.995198,0.000665
0.130240,0.125877,0.130223,0.057416,0.073889,0.104060,0.077147,0.091366,0.084419,0.125362
0.037804,0.049697,0.037803,0.042400,0.032257,0.039468,0.039172,0.042228,0.629645,0.049525
0.199637,0.114611,0.199595,0.045976,0.065558,0.083633,0.064248,0.067239,0.045417,0.114085
0.002411,0.002832,0.002411,0.002294,0.001993,0.002434,0.002535,0.002628,0.977636,0.002825
0.000232,0.000231,0.000232,0.000193,0.000172,0.000191,0.000176,0.000188,0.998155,0.000230
0.000000,0.000000,0.000000,0.000000,0.000000,0.000000,0.000000,0.000000,0.999998,0.000000
0.008186,0.008204,0.008185,0.008967,0.006378,0.007087,0.006106,0.006416,0.932298,0.008172
0.000428,0.000421,0.000428,0.000378,0.000332,0.000347,0.000321,0.000332,0.996594,0.000420
0.000535,0.000642,0.000535,0.000504,0.000440,0.000508,0.000484,0.000541,0.995171,0.000641
0.237097,0.099353,0.237009,0.050302,0.064867,0.061619,0.055128,0.060413,0.035534,0.098679
0.145685,0.101990,0.145665,0.091612,0.086682,0.110466,0.074587,0.074782,0.066828,0.101702
0.004567,0.004938,0.004567,0.004577,0.003596,0.003903,0.003530,0.003694,0.961708,0.004919
0.106628,0.063697,0.106614,0.042506,0.048843,0.049708,0.050526,0.041400,0.426710,0.063369
0.189329,0.070979,0.189294,0.123864,0.113938,0.057683,0.059379,0.052921,0.071862,0.070751
0.065724,0.040468,0.065712,0.056391,0.035688,0.031260,0.031972,0.030470,0.601933,0.040381
0.205412,0.041885,0.205426,0.065911,0.307724,0.034229,0.038379,0.027544,0.031811,0.041680
0.124314,0.090702,0.124315,0.144729,0.138804,0.069800,0.065377,0.072701,0.078832,0.090427
0.082645,0.051420,0.082617,0.042017,0.032450,0.032234,0.026207,0.032011,0.567232,0.051167
0.072628,0.208768,0.072623,0.016873,0.028733,0.129866,0.059967,0.187236,0.012966,0.210339
0.197982,0.092939,0.197936,0.060970,0.075551,0.080720,0.070896,0.061914,0.068724,0.092369
0.046090,0.223379,0.046083,0.019533,0.022325,0.159458,0.098192,0.142299,0.020091,0.222551
0.052351,0.189607,0.052342,0.023465,0.025709,0.125841,0.070414,0.244317,0.024912,0.191042
0.017401,0.224583,0.017399,0.011518,0.012339,0.161654,0.081446,0.232066,0.014198,0.227395
0.040345,0.214297,0.040340,0.020850,0.024708,0.119073,0.072897,0.226099,0.026959,0.214433
0.131230,0.046440,0.131216,0.045631,0.040686,0.034009,0.025948,0.032429,0.466225,0.046187
0.389906,0.021484,0.389923,0.024705,0.098663,0.014084,0.009945,0.010988,0.018917,0.021384
0.219854,0.014267,0.219907,0.362221,0.127781,0.011340,0.011303,0.009881,0.009242,0.014203
0.056386,0.200138,0.056375,0.025469,0.028093,0.131506,0.102011,0.172898,0.028501,0.198624
0.195199,0.020216,0.195267,0.302074,0.214870,0.016539,0.013433,0.012490,0.009801,0.020112
0.058780,0.178273,0.058774,0.024337,0.029752,0.121459,0.109603,0.184076,0.055798,0.179148
0.381367,0.038504,0.381278,0.026178,0.053070,0.025489,0.021411,0.019586,0.014922,0.038194
0.008129,0.150540,0.008128,0.004868,0.005023,0.122830,0.054143,0.487263,0.005634,0.153440
0.296662,0.046427,0.296626,0.063641,0.128603,0.038738,0.032963,0.030319,0.019824,0.046196
0.087702,0.013454,0.087719,0.120603,0.629756,0.013186,0.011753,0.010057,0.012360,0.013409
0.286037,0.028286,0.286068,0.059239,0.230353,0.021025,0.019155,0.019471,0.022219,0.028147
0.222069,0.054464,0.222027,0.062704,0.131195,0.038662,0.041135,0.035009,0.138629,0.054106
0.115713,0.008768,0.115709,0.028219,0.697463,0.006946,0.006234,0.005626,0.006601,0.008721
0.256821,0.066034,0.256769,0.059771,0.106327,0.053157,0.050402,0.043415,0.041574,0.065731
0.240911,0.024814,0.240981,0.193676,0.209681,0.020197,0.019477,0.014309,0.011307,0.024647
0.297825,0.034566,0.297871,0.058428,0.162811,0.035138,0.024098,0.021253,0.033656,0.034354
0.218627,0.091629,0.218565,0.053286,0.081786,0.075246,0.072703,0.057583,0.039449,0.091126
0.182523,0.064030,0.182507,0.138838,0.127311,0.046483,0.051738,0.042377,0.100469,0.063725
0.129589,0.070866,0.129561,0.144605,0.067343,0.054000,0.046874,0.050151,0.236365,0.070646
0.185679,0.085946,0.185656,0.083607,0.104759,0.070328,0.063915,0.064446,0.070105,0.085559
0.180676,0.067472,0.180616,0.107793,0.059618,0.049003,0.046542,0.044197,0.197006,0.067079
0.022580,0.283896,0.022576,0.009780,0.011558,0.204402,0.061138,0.097127,0.013856,0.273087
0.001287,0.001973,0.001287,0.000916,0.000747,0.001412,0.001065,0.001305,0.988042,0.001967
0.171274,0.057799,0.171280,0.114409,0.239082,0.049131,0.044058,0.040403,0.055047,0.057516
0.008380,0.128398,0.008379,0.005165,0.005477,0.202149,0.381169,0.124564,0.005925,0.130394
0.190774,0.101255,0.190749,0.058850,0.079840,0.074354,0.082636,0.065214,0.055541,0.100788
0.124664,0.108337,0.124646,0.094733,0.086666,0.091762,0.097952,0.083945,0.079206,0.108090
0.032968,0.004435,0.032967,0.732784,0.179569,0.004093,0.003425,0.002815,0.002519,0.004423
0.170503,0.092708,0.170464,0.056899,0.084414,0.066423,0.055870,0.062266,0.148144,0.092309
0.429518,0.008523,0.429673,0.015527,0.088414,0.006349,0.005743,0.004315,0.003488,0.008449
0.287624,0.072146,0.287476,0.045958,0.062143,0.057200,0.046518,0.041678,0.027692,0.071566
0.281994,0.066361,0.281927,0.068792,0.078557,0.045349,0.039884,0.037603,0.033736,0.065798
0.000127,0.000157,0.000127,0.000084,0.000077,0.000103,0.000090,0.000106,0.998973,0.000156
0.028402,0.223065,0.028398,0.013683,0.015526,0.172651,0.123009,0.160111,0.010848,0.224308
0.178196,0.078626,0.178179,0.094677,0.126619,0.065875,0.062612,0.062249,0.074524,0.078443
0.006804,0.009791,0.006803,0.004344,0.004191,0.006064,0.004424,0.005570,0.942290,0.009719
0.005500,0.005029,0.005499,0.003446,0.003130,0.003646,0.003085,0.003224,0.962444,0.004997
0.028481,0.004179,0.028492,0.711484,0.202961,0.003573,0.003230,0.003102,0.010336,0.004163
0.179934,0.123211,0.179869,0.057234,0.072552,0.075661,0.064177,0.070077,0.055066,0.122220
0.037773,0.199971,0.037771,0.026798,0.031515,0.119946,0.124934,0.188936,0.031520,0.200838
0.294762,0.039820,0.294791,0.050301,0.176041,0.032018,0.028399,0.026617,0.017642,0.039610
0.211678,0.042594,0.211748,0.134686,0.238535,0.032962,0.031582,0.030407,0.023403,0.042406
0.028838,0.199406,0.028842,0.009711,0.019484,0.154027,0.057080,0.293784,0.005703,0.203125
0.260449,0.072774,0.260415,0.049282,0.114639,0.053813,0.041917,0.046791,0.027594,0.072326
0.328104,0.051195,0.328097,0.032839,0.097747,0.043203,0.025946,0.028961,0.012866,0.051042
0.371260,0.016695,0.371371,0.032864,0.150239,0.012953,0.011212,0.009551,0.007276,0.016580
0.050939,0.003631,0.050965,0.084513,0.794843,0.002989,0.002740,0.002553,0.003210,0.003616
0.261985,0.080249,0.261883,0.056484,0.065968,0.063074,0.053710,0.048277,0.028578,0.079792
0.101672,0.014311,0.101719,0.358463,0.364242,0.011676,0.010886,0.010392,0.012392,0.014248
0.015025,0.175586,0.015024,0.010891,0.010856,0.107958,0.043490,0.431056,0.011573,0.178541
0.182121,0.078735,0.182095,0.087288,0.100637,0.073796,0.089429,0.061130,0.066269,0.078500
0.160071,0.035873,0.160099,0.210067,0.279581,0.031250,0.031314,0.028506,0.027447,0.035793
0.163716,0.019024,0.163791,0.050896,0.533876,0.013997,0.012562,0.012426,0.010797,0.018915
0.022548,0.161350,0.022547,0.017015,0.017435,0.116717,0.054891,0.363344,0.059626,0.164527
0.253634,0.012748,0.253728,0.032679,0.402023,0.008958,0.008314,0.007541,0.007707,0.012668
0.218347,0.066275,0.218369,0.119552,0.131500,0.051704,0.045866,0.045774,0.036637,0.065977
0.098006,0.016133,0.098014,0.628980,0.093598,0.016054,0.012611,0.011714,0.008812,0.016079
0.024244,0.198820,0.024239,0.009326,0.011547,0.239740,0.107188,0.174806,0.009734,0.200356
0.017549,0.215283,0.017546,0.010220,0.010544,0.136782,0.063986,0.299890,0.010073,0.218127
0.027290,0.190223,0.027288,0.012545,0.015793,0.304558,0.086953,0.132202,0.012218,0.190930
0.011008,0.192984,0.011005,0.004390,0.005175,0.101967,0.077789,0.395697,0.004289,0.195696
0.056178,0.005974,0.056196,0.755064,0.102467,0.004854,0.005042,0.004473,0.003798,0.005956
0.046708,0.155541,0.046697,0.013123,0.015007,0.115205,0.387545,0.057516,0.007975,0.154683
0.061407,0.135625,0.061406,0.018030,0.031085,0.129121,0.361458,0.057107,0.008988,0.135773
0.035853,0.246408,0.035848,0.016981,0.019589,0.205117,0.066281,0.110059,0.018384,0.245479
0.009017,0.206027,0.009016,0.004870,0.004983,0.260848,0.200684,0.091914,0.004434,0.208209
0.024807,0.208268,0.024802,0.011468,0.012865,0.119968,0.050592,0.318679,0.015516,0.213037
0.075252,0.218873,0.075244,0.028352,0.059109,0.104496,0.095241,0.109060,0.018768,0.215605
0.042086,0.192794,0.042083,0.034763,0.033386,0.217106,0.077162,0.120978,0.049543,0.190099
0.019206,0.114362,0.019202,0.008996,0.009577,0.157399,0.503297,0.043737,0.010144,0.114080
0.021936,0.001998,0.021947,0.860374,0.085596,0.001746,0.001588,0.001507,0.001316,0.001992
0.068773,0.007760,0.068799,0.742987,0.083194,0.006080,0.005449,0.005507,0.003709,0.007742
0.048217,0.001708,0.048245,0.048608,0.846762,0.001341,0.001233,0.001098,0.001090,0.001699
0.083478,0.223516,0.083477,0.024496,0.040287,0.098180,0.062146,0.131685,0.029797,0.222938
0.158484,0.014208,0.158554,0.280650,0.336684,0.010865,0.008874,0.009403,0.008130,0.014148
0.318965,0.035610,0.318947,0.086186,0.118079,0.027586,0.023858,0.021269,0.014096,0.035404
0.304125,0.038046,0.304233,0.065021,0.148833,0.037287,0.024152,0.022566,0.017952,0.037785
0.058997,0.198445,0.058994,0.036119,0.035312,0.151879,0.096836,0.142005,0.025423,0.195990
0.039228,0.209420,0.039225,0.033094,0.033609,0.163351,0.088532,0.152510,0.035004,0.206027
0.100000,0.100000,0.100000,0.100000,0.100000,0.100000,0.100000,0.100000,0.100000,0.100000
0.032154,0.156746,0.032150,0.011132,0.014063,0.099790,0.410085,0.077684,0.009152,0.157046
0.071013,0.199926,0.071001,0.020657,0.025950,0.136621,0.074580,0.102021,0.101177,0.197054
0.135869,0.173554,0.135827,0.028346,0.042686,0.145653,0.052609,0.089329,0.022072,0.174054
0.025207,0.159572,0.025203,0.010308,0.011828,0.155496,0.368397,0.073453,0.010110,0.160427
0.000246,0.000286,0.000246,0.000181,0.000161,0.000208,0.000171,0.000203,0.998014,0.000285
0.005491,0.005401,0.005490,0.005000,0.003832,0.005167,0.005937,0.003739,0.954557,0.005387
0.000497,0.000608,0.000497,0.000384,0.000360,0.000464,0.000408,0.000463,0.995714,0.000605
0.105457,0.120980,0.105447,0.043040,0.052650,0.097588,0.096886,0.078266,0.178806,0.120881
0.015526,0.215201,0.015524,0.008600,0.009576,0.151850,0.048604,0.295510,0.025166,0.214442
0.018013,0.010165,0.018014,0.012542,0.020811,0.007439,0.006696,0.006632,0.889571,0.010117
0.000314,0.000370,0.000314,0.000244,0.000236,0.000288,0.000253,0.000303,0.997307,0.000369
0.001376,0.001525,0.001376,0.000962,0.000969,0.001104,0.001053,0.001114,0.989006,0.001516
0.001718,0.001730,0.001718,0.002064,0.001514,0.001552,0.001559,0.001597,0.984821,0.001727
0.025716,0.030530,0.025717,0.022782,0.026767,0.022091,0.017658,0.022118,0.776215,0.030407
0.007382,0.007009,0.007382,0.004905,0.004552,0.005031,0.004553,0.005034,0.947169,0.006982
0.008665,0.010443,0.008665,0.007698,0.006527,0.007145,0.006542,0.007031,0.926901,0.010382
0.002373,0.002035,0.002372,0.001637,0.001395,0.001435,0.001276,0.001297,0.984159,0.002022
0.005896,0.006010,0.005895,0.003965,0.004216,0.003953,0.003341,0.004008,0.956748,0.005969
0.069479,0.077063,0.069478,0.057507,0.059245,0.065217,0.067078,0.063980,0.394000,0.076953
0.028303,0.028828,0.028300,0.015028,0.016892,0.020323,0.016333,0.017903,0.799451,0.028640
0.001470,0.001622,0.001470,0.000956,0.001029,0.001177,0.001023,0.001111,0.988528,0.001615
0.335402,0.033646,0.335440,0.039384,0.145356,0.027174,0.017699,0.020446,0.012056,0.033396
0.013233,0.007346,0.013235,0.011572,0.022701,0.005853,0.005553,0.005877,0.907310,0.007322
0.067912,0.004866,0.067929,0.308694,0.523604,0.003627,0.003551,0.003315,0.011659,0.004843
0.389994,0.019093,0.390138,0.027892,0.105882,0.018078,0.010735,0.009051,0.010178,0.018958
0.222789,0.015531,0.222855,0.181950,0.302404,0.013593,0.009710,0.008814,0.006937,0.015417
0.177191,0.025117,0.177246,0.303379,0.213373,0.020994,0.020254,0.017613,0.019823,0.025009
0.418634,0.018675,0.418504,0.022822,0.060209,0.016049,0.010882,0.009276,0.006437,0.018513
0.032721,0.166502,0.032718,0.008736,0.015312,0.123006,0.368250,0.081522,0.006891,0.164343
0.012442,0.289040,0.012441,0.007050,0.007875,0.131205,0.087925,0.160797,0.008894,0.282331
0.242437,0.021452,0.242511,0.114850,0.298496,0.018290,0.015278,0.013534,0.011808,0.021344
0.003524,0.175435,0.003524,0.001731,0.001959,0.292360,0.193437,0.145851,0.001643,0.180535
0.354027,0.018230,0.354147,0.033095,0.177689,0.013545,0.011265,0.010233,0.009698,0.018071
0.034743,0.152941,0.034737,0.018729,0.019358,0.151264,0.278905,0.140026,0.014582,0.154715
0.009132,0.116783,0.009131,0.006318,0.006692,0.066421,0.025127,0.635742,0.005475,0.119178
0.288653,0.054838,0.288544,0.050739,0.075004,0.037829,0.035898,0.031449,0.082542,0.054505
0.193671,0.098294,0.193628,0.063459,0.077615,0.071914,0.073475,0.080997,0.048999,0.097947
0.272218,0.051175,0.272174,0.103080,0.103559,0.038879,0.039789,0.033355,0.034893,0.050878
0.150868,0.029018,0.150849,0.038100,0.516650,0.024365,0.025250,0.016360,0.019721,0.028819
0.252471,0.080193,0.252401,0.054626,0.081843,0.076357,0.048845,0.045327,0.028285,0.079651
0.265352,0.075561,0.265263,0.052596,0.070456,0.065302,0.044815,0.045082,0.040514,0.075059
0.010003,0.309262,0.010002,0.004954,0.005898,0.126362,0.070810,0.156022,0.005095,0.301591
0.250021,0.066570,0.249946,0.064529,0.087624,0.086777,0.040633,0.045060,0.042531,0.066310
0.123299,0.093108,0.123288,0.103713,0.102421,0.091969,0.089527,0.089554,0.090062,0.093059
0.316595,0.053669,0.316438,0.044474,0.066429,0.063163,0.034785,0.027013,0.024242,0.053192
0.223961,0.079554,0.223868,0.066306,0.070562,0.103446,0.052744,0.052243,0.048035,0.079281
0.106223,0.030228,0.106215,0.047092,0.507407,0.023832,0.025934,0.021618,0.101360,0.030091
0.179087,0.095505,0.179048,0.073130,0.078397,0.102997,0.062339,0.069939,0.064351,0.095206
0.235628,0.041267,0.235670,0.091479,0.240230,0.029313,0.035830,0.024203,0.025406,0.040975
0.273882,0.064292,0.273803,0.050305,0.076738,0.074552,0.041425,0.040595,0.040358,0.064049
0.080737,0.013283,0.080767,0.544332,0.228874,0.010492,0.009724,0.009626,0.008928,0.013237
0.218627,0.091629,0.218565,0.053286,0.081786,0.075246,0.072703,0.057583,0.039449,0.091126
0.147596,0.131815,0.147556,0.053108,0.066888,0.094430,0.084417,0.093772,0.048915,0.131503
0.046590,0.037345,0.046581,0.032639,0.027028,0.028086,0.024152,0.026975,0.693384,0.037220
0.235660,0.065023,0.235646,0.056488,0.179127,0.060330,0.037627,0.039577,0.025829,0.064692
0.287624,0.072146,0.287476,0.045958,0.062143,0.057200,0.046518,0.041678,0.027692,0.071566
0.237360,0.094464,0.237275,0.057180,0.068155,0.063411,0.063083,0.052946,0.032171,0.093955
0.234123,0.083988,0.234079,0.070550,0.077619,0.062759,0.067177,0.051408,0.034755,0.083542
0.280277,0.058834,0.280208,0.053457,0.099914,0.056874,0.040825,0.038619,0.032528,0.058464
0.123936,0.111834,0.123932,0.075907,0.094947,0.113699,0.083379,0.084614,0.076064,0.111688
0.055169,0.078320,0.055167,0.041551,0.046593,0.054987,0.056483,0.057398,0.476283,0.078049
0.086062,0.124823,0.086060,0.075683,0.077005,0.119897,0.101598,0.115858,0.088035,0.124979
0.124341,0.122819,0.124332,0.068383,0.086338,0.093115,0.080405,0.097667,0.080225,0.122375
0.100000,0.100000,0.100000,0.100000,0.100000,0.100000,0.100000,0.100000,0.100000,0.100000
0.112154,0.130361,0.112145,0.064826,0.077762,0.109866,0.088592,0.105106,0.069143,0.130044
0.269194,0.012159,0.269214,0.289272,0.118613,0.008564,0.008573,0.007070,0.005274,0.012068
0.262289,0.074475,0.262218,0.069493,0.075320,0.060314,0.055084,0.042269,0.024636,0.073902
0.128296,0.110905,0.128292,0.073806,0.146234,0.087845,0.067250,0.084242,0.062539,0.110590
0.154820,0.109718,0.154812,0.062327,0.091135,0.112079,0.078879,0.078421,0.048413,0.109397
0.206909,0.079069,0.206895,0.096215,0.112159,0.061185,0.056413,0.060731,0.041582,0.078843
0.202837,0.089900,0.202807,0.061778,0.082499,0.073292,0.073692,0.060515,0.063205,0.089476
0.229937,0.063718,0.229883,0.050907,0.075342,0.047607,0.042328,0.036468,0.160555,0.063254
0.322233,0.046234,0.322177,0.066678,0.077356,0.035629,0.038217,0.025574,0.020027,0.045873
0.309679,0.058898,0.309554,0.030289,0.051237,0.039047,0.031002,0.026957,0.085066,0.058268
0.291580,0.064476,0.291531,0.045748,0.070377,0.052873,0.043993,0.038773,0.036547,0.064101
0.178649,0.037492,0.178613,0.369895,0.088570,0.030988,0.031074,0.026907,0.020452,0.037360
0.314065,0.038823,0.314060,0.055457,0.089884,0.032520,0.021327,0.020729,0.074655,0.038478
0.184774,0.108662,0.184747,0.066139,0.082501,0.074794,0.068631,0.076047,0.045489,0.108216
0.100000,0.100000,0.100000,0.100000,0.100000,0.100000,0.100000,0.100000,0.100000,0.100000
0.234123,0.083988,0.234079,0.070550,0.077619,0.062759,0.067177,0.051408,0.034755,0.083542
0.237907,0.016206,0.237969,0.035977,0.407900,0.013260,0.012615,0.010249,0.011804,0.016113
0.287987,0.038882,0.287996,0.072504,0.157669,0.030035,0.041988,0.025786,0.018450,0.038704
0.276017,0.068122,0.276027,0.053070,0.099191,0.046941,0.052609,0.035911,0.024473,0.067639
0.294892,0.057914,0.294851,0.057855,0.093269,0.050186,0.037337,0.035581,0.020421,0.057695
0.237360,0.094464,0.237275,0.057180,0.068155,0.063411,0.063083,0.052946,0.032171,0.093955
0.312960,0.049211,0.313081,0.057032,0.102857,0.037333,0.033029,0.032636,0.012800,0.049062
0.257743,0.029558,0.257817,0.106103,0.236071,0.021534,0.028091,0.018998,0.014688,0.029395
0.121852,0.021657,0.121885,0.475205,0.170381,0.018511,0.016440,0.015639,0.016868,0.021562
0.400664,0.016669,0.400830,0.023502,0.102924,0.013359,0.010062,0.009286,0.006153,0.016551
0.198178,0.048534,0.198197,0.259699,0.112938,0.039370,0.032291,0.032455,0.030057,0.048280
0.293092,0.010173,0.293262,0.034898,0.331805,0.007984,0.007227,0.005912,0.005555,0.010093
0.265087,0.029707,0.265150,0.065450,0.263322,0.023498,0.022289,0.019126,0.016845,0.029525
0.182377,0.101953,0.182354,0.085389,0.089840,0.078644,0.067896,0.067589,0.042462,0.101498
0.012552,0.200919,0.012551,0.008344,0.008528,0.223305,0.046065,0.248730,0.034814,0.204193
0.036615,0.194129,0.036609,0.018038,0.020282,0.121955,0.079670,0.279335,0.016286,0.197081
0.020179,0.001393,0.020187,0.641803,0.309916,0.001022,0.001026,0.000847,0.002241,0.001385
0.190509,0.011846,0.190585,0.033226,0.529319,0.009836,0.009303,0.007903,0.005676,0.011798
0.005246,0.038680,0.005245,0.002993,0.003063,0.856650,0.015867,0.030298,0.003540,0.038418
0.030501,0.005708,0.030513,0.314454,0.596126,0.004704,0.005153,0.004310,0.002827,0.005705
0.333236,0.024489,0.333311,0.086835,0.138713,0.018302,0.017191,0.013687,0.009932,0.024305
0.109496,0.132142,0.109486,0.082779,0.066282,0.125277,0.104918,0.086518,0.051877,0.131225
0.030488,0.155089,0.030484,0.013787,0.016862,0.119493,0.321231,0.144113,0.012226,0.156227
0.022786,0.215050,0.022782,0.010314,0.010474,0.199989,0.129180,0.164625,0.006794,0.218006
0.041303,0.004345,0.041322,0.842100,0.053104,0.003985,0.003400,0.003172,0.002939,0.004331
0.023151,0.181551,0.023149,0.018978,0.016902,0.225074,0.079695,0.223999,0.024107,0.183394
0.035428,0.006580,0.035427,0.870859,0.024840,0.004737,0.004010,0.004413,0.007139,0.006567
0.012448,0.014080,0.012447,0.008892,0.008131,0.010575,0.010143,0.010418,0.898826,0.014041
0.326680,0.024161,0.326736,0.056551,0.169936,0.021628,0.021398,0.015903,0.012958,0.024049
0.008002,0.183887,0.008001,0.005323,0.005808,0.096248,0.050851,0.447660,0.005293,0.188927
0.248288,0.043066,0.248302,0.140299,0.159679,0.033218,0.027021,0.032755,0.024456,0.042915
0.236095,0.018465,0.236267,0.061334,0.379998,0.013625,0.012764,0.013198,0.009890,0.018365
0.290910,0.039601,0.290952,0.057222,0.128350,0.033498,0.027798,0.025746,0.066496,0.039427
0.041987,0.217460,0.041981,0.020882,0.021544,0.153053,0.061180,0.202288,0.020986,0.218638
0.177512,0.019579,0.177528,0.033299,0.522145,0.014885,0.012277,0.011697,0.011623,0.019456
0.006667,0.149245,0.006666,0.003368,0.003523,0.183170,0.022576,0.470376,0.002584,0.151823
0.302168,0.014205,0.302308,0.051558,0.277175,0.010761,0.010796,0.008991,0.007930,0.014109
0.210756,0.062047,0.210795,0.077028,0.168430,0.052306,0.079422,0.044103,0.033296,0.061818
0.026146,0.213043,0.026144,0.014486,0.018437,0.123518,0.097310,0.252406,0.013151,0.215360
0.010306,0.145638,0.010304,0.005928,0.006260,0.071007,0.033381,0.563438,0.005759,0.147980
0.023374,0.131380,0.023371,0.011930,0.012699,0.143121,0.392105,0.118578,0.010735,0.132707
0.234923,0.016523,0.235082,0.060077,0.390875,0.012291,0.012571,0.010424,0.010824,0.016411
0.029712,0.152233,0.029705,0.010466,0.012222,0.082931,0.034494,0.485511,0.008474,0.154252
0.015449,0.188926,0.015447,0.007032,0.013861,0.144737,0.300701,0.117861,0.005096,0.190891
0.299405,0.044388,0.299460,0.056757,0.134862,0.032544,0.029742,0.031879,0.026717,0.044246
0.237907,0.016206,0.237969,0.035977,0.407900,0.013260,0.012615,0.010249,0.011804,0.016113
0.030588,0.005805,0.030593,0.875805,0.030745,0.004522,0.004609,0.004169,0.007384,0.005779
0.099663,0.010721,0.099699,0.026591,0.719265,0.010197,0.008392,0.007259,0.007521,0.010692
0.240789,0.044352,0.240780,0.042338,0.232929,0.034813,0.025614,0.024720,0.069658,0.044007
0.016106,0.193252,0.016102,0.007198,0.007656,0.103656,0.112454,0.341591,0.004991,0.196994
0.019713,0.001104,0.019727,0.004615,0.950453,0.000914,0.000791,0.000795,0.000789,0.001099
0.321131,0.026051,0.321227,0.041568,0.204354,0.018994,0.015635,0.015374,0.009787,0.025879
0.230518,0.014765,0.230656,0.043143,0.417446,0.011008,0.010502,0.008899,0.018409,0.014656
0.225983,0.069400,0.225968,0.079666,0.133623,0.049674,0.038808,0.046902,0.060885,0.069091
0.154984,0.128845,0.154950,0.046333,0.059132,0.083346,0.113996,0.083225,0.047114,0.128074
0.137234,0.033896,0.137266,0.032013,0.545563,0.023553,0.020735,0.021574,0.014421,0.033744
0.243511,0.101882,0.243431,0.049299,0.056546,0.063179,0.054608,0.059996,0.026509,0.101039
0.312225,0.046149,0.312279,0.048130,0.125880,0.034335,0.029622,0.027048,0.018490,0.045842
0.155696,0.030495,0.155712,0.058835,0.218807,0.023401,0.021968,0.021058,0.283655,0.030374
0.095847,0.124041,0.095837,0.061595,0.067728,0.100047,0.156640,0.107875,0.066429,0.123959
0.225243,0.047307,0.225277,0.168337,0.152409,0.039939,0.032135,0.033612,0.028631,0.047111
0.252280,0.067913,0.252330,0.059803,0.125258,0.059031,0.050696,0.041456,0.023632,0.067602
0.077555,0.181622,0.077546,0.050554,0.051717,0.105265,0.101253,0.139749,0.033448,0.181292
0.325178,0.044117,0.325222,0.044894,0.106022,0.036741,0.024732,0.023533,0.025655,0.043908
0.003101,0.078217,0.003101,0.002207,0.002349,0.051854,0.022351,0.754454,0.002401,0.079965
0.021683,0.232417,0.021679,0.009844,0.011122,0.154899,0.062886,0.227554,0.023697,0.234218
0.218147,0.056738,0.218152,0.088009,0.204169,0.049983,0.040000,0.039886,0.028386,0.056530
0.100876,0.160793,0.100847,0.032787,0.036978,0.227202,0.059279,0.103958,0.015377,0.161903
0.129331,0.018826,0.129341,0.576857,0.069481,0.017727,0.014680,0.010108,0.014960,0.018689
0.175694,0.122076,0.175656,0.055510,0.062693,0.083374,0.071681,0.079953,0.052042,0.121321
0.131230,0.046440,0.131216,0.045631,0.040686,0.034009,0.025948,0.032429,0.466225,0.046187
0.116573,0.195804,0.116546,0.031937,0.038941,0.096780,0.078139,0.105826,0.025582,0.193872
0.182265,0.067778,0.182289,0.112130,0.181487,0.057262,0.054486,0.056330,0.038216,0.067758
0.149618,0.049204,0.149628,0.079334,0.389773,0.044448,0.036891,0.030998,0.021014,0.049092
0.082515,0.010001,0.082547,0.023212,0.762230,0.008231,0.007068,0.006635,0.007598,0.009964
0.085728,0.014389,0.085750,0.629062,0.123158,0.010179,0.024373,0.008043,0.004999,0.014320
0.214738,0.083099,0.214660,0.066807,0.095645,0.077145,0.060669,0.049829,0.054800,0.082607
0.004215,0.110248,0.004214,0.002603,0.002747,0.053039,0.021004,0.686484,0.002411,0.113035
0.301538,0.011461,0.301694,0.041624,0.303464,0.008406,0.008178,0.007024,0.005226,0.011386
0.171466,0.076273,0.171441,0.182447,0.094232,0.050031,0.049760,0.050354,0.077978,0.076016
0.014984,0.198573,0.014982,0.009252,0.010117,0.128374,0.060961,0.350890,0.009676,0.202192
0.132046,0.033846,0.132063,0.038468,0.522728,0.024671,0.020564,0.019195,0.042816,0.033603
0.305701,0.041238,0.305782,0.040867,0.150233,0.029029,0.034521,0.021874,0.029809,0.040947
0.008672,0.229187,0.008671,0.004399,0.005014,0.219684,0.186300,0.107464,0.004660,0.225949
0.301050,0.028457,0.301151,0.062828,0.196474,0.024781,0.022508,0.018700,0.015743,0.028308
0.008583,0.197004,0.008581,0.003776,0.003855,0.140046,0.170283,0.263588,0.003503,0.200780
0.021178,0.224541,0.021175,0.011688,0.013361,0.176560,0.061245,0.230514,0.012270,0.227468
0.307049,0.027461,0.307086,0.076740,0.171573,0.024711,0.020951,0.018189,0.018918,0.027323
0.015689,0.187570,0.015688,0.011392,0.011984,0.111387,0.066863,0.375577,0.012580,0.191270
0.015758,0.214558,0.015756,0.008565,0.008780,0.145881,0.234948,0.134213,0.007689,0.213852
0.217588,0.060144,0.217620,0.098795,0.153936,0.048710,0.051803,0.044589,0.046844,0.059972
0.006005,0.108957,0.006004,0.003980,0.004137,0.065604,0.053090,0.637626,0.003564,0.111033
0.287624,0.072146,0.287476,0.045958,0.062143,0.057200,0.046518,0.041678,0.027692,0.071566
0.261669,0.024818,0.261810,0.064381,0.291855,0.020050,0.020948,0.016977,0.012792,0.024701
0.020218,0.200771,0.020214,0.009095,0.009554,0.291348,0.142200,0.094353,0.009676,0.202571
0.153186,0.089163,0.153205,0.070557,0.235248,0.075308,0.061242,0.047458,0.026867,0.087766
0.375838,0.011444,0.376041,0.041259,0.154740,0.008499,0.007981,0.006933,0.005899,0.011366
0.114870,0.019740,0.114878,0.573473,0.096908,0.019273,0.015980,0.014293,0.010890,0.019695
0.032285,0.182607,0.032282,0.025314,0.024084,0.118854,0.238464,0.135055,0.029983,0.181072
0.151975,0.030603,0.152005,0.122202,0.423357,0.023390,0.024188,0.021884,0.019918,0.030481
0.094290,0.026494,0.094298,0.442292,0.227753,0.023295,0.022252,0.020850,0.022067,0.026409
0.236333,0.049956,0.236375,0.091773,0.149104,0.048036,0.046388,0.044758,0.047393,0.049883
0.067861,0.007236,0.067885,0.018682,0.810352,0.005557,0.005194,0.005036,0.004997,0.007200
0.112984,0.133807,0.112961,0.057170,0.060151,0.097415,0.134477,0.099682,0.058012,0.133341
0.178819,0.083219,0.178805,0.095581,0.124234,0.078399,0.062802,0.068034,0.047033,0.083073
0.194671,0.016702,0.194749,0.153193,0.384729,0.011597,0.011486,0.009500,0.006772,0.016601
0.185811,0.034871,0.185856,0.252978,0.197351,0.036657,0.025046,0.025329,0.021312,0.034789
0.182377,0.101953,0.182354,0.085389,0.089840,0.078644,0.067896,0.067589,0.042462,0.101498
0.247923,0.008274,0.248044,0.045695,0.417704,0.006899,0.006431,0.005388,0.005413,0.008229
0.041303,0.004345,0.041322,0.842100,0.053104,0.003985,0.003400,0.003172,0.002939,0.004331
0.261173,0.071043,0.261072,0.091724,0.074433,0.061242,0.036935,0.041847,0.029983,0.070547
0.136105,0.101143,0.136095,0.074374,0.114415,0.092754,0.111915,0.067778,0.064638,0.100783
0.140905,0.028179,0.140897,0.484267,0.073354,0.024877,0.022506,0.018996,0.037978,0.028040
0.321410,0.022196,0.321436,0.127892,0.122274,0.018030,0.017508,0.015198,0.011949,0.022108
0.156476,0.046633,0.156491,0.292739,0.137319,0.035149,0.035998,0.028724,0.064082,0.046389
0.265087,0.029707,0.265150,0.065450,0.263322,0.023498,0.022289,0.019126,0.016845,0.029525
0.377871,0.020699,0.377821,0.047855,0.098819,0.015924,0.014037,0.013246,0.013147,0.020581
0.367219,0.026447,0.367261,0.031616,0.115256,0.020301,0.016250,0.015961,0.013399,0.026290
0.288768,0.047031,0.288728,0.077298,0.123039,0.047370,0.034661,0.026410,0.019971,0.046724
0.300993,0.039497,0.301051,0.058588,0.166743,0.028395,0.027323,0.022913,0.015212,0.039287
0.028481,0.004179,0.028492,0.711484,0.202961,0.003573,0.003230,0.003102,0.010336,0.004163
0.093688,0.168799,0.093681,0.036889,0.050389,0.146309,0.113334,0.102390,0.024872,0.169650
0.295247,0.034654,0.295329,0.057759,0.187529,0.030893,0.026244,0.021931,0.015940,0.034474
0.034471,0.001905,0.034480,0.397324,0.524576,0.001419,0.001459,0.001204,0.001267,0.001894
0.050551,0.011645,0.050566,0.056117,0.784776,0.009259,0.009710,0.008231,0.007547,0.011598
0.262546,0.020116,0.262608,0.091190,0.287837,0.016009,0.014212,0.011996,0.013526,0.019961
0.262886,0.047495,0.262877,0.063483,0.193551,0.037201,0.029240,0.029204,0.026939,0.047124
0.260449,0.072774,0.260415,0.049282,0.114639,0.053813,0.041917,0.046791,0.027594,0.072326
0.209207,0.025898,0.209268,0.065313,0.381517,0.021619,0.022710,0.018516,0.020140,0.025812
0.241759,0.034391,0.241742,0.221028,0.126111,0.028103,0.027657,0.023293,0.021710,0.034205
0.192691,0.079806,0.192641,0.140940,0.096825,0.062015,0.052319,0.055731,0.047519,0.079514
0.298572,0.025456,0.298632,0.090895,0.159611,0.018893,0.017757,0.013100,0.051840,0.025243
0.240493,0.008091,0.240578,0.022913,0.461926,0.006584,0.004713,0.003826,0.002843,0.008032
0.023842,0.007083,0.023849,0.032173,0.879217,0.007293,0.006637,0.006352,0.006477,0.007076
0.072825,0.042304,0.072838,0.076633,0.522893,0.037292,0.060906,0.037662,0.034390,0.042256
0.047414,0.032959,0.047415,0.661069,0.052997,0.027653,0.046766,0.028644,0.022176,0.032907
0.085505,0.025494,0.085526,0.055127,0.633879,0.022397,0.023219,0.021774,0.021635,0.025442
0.061701,0.053495,0.061698,0.471981,0.064408,0.041945,0.054370,0.042415,0.094620,0.053367
0.042441,0.012456,0.042451,0.083504,0.763112,0.010092,0.012281,0.010691,0.010537,0.012436
0.013797,0.010200,0.013797,0.894345,0.018861,0.009487,0.010162,0.009585,0.009569,0.010197
0.014692,0.011672,0.014693,0.888561,0.016837,0.010676,0.011160,0.010797,0.009243,0.011669
0.036914,0.012046,0.036924,0.045864,0.811494,0.010410,0.012306,0.009520,0.012502,0.012020
0.023224,0.009311,0.023229,0.030116,0.870059,0.008542,0.008838,0.008584,0.008791,0.009305
0.031855,0.025929,0.031856,0.728167,0.044594,0.022911,0.023789,0.022452,0.042561,0.025887
0.024683,0.015498,0.024684,0.837859,0.027780,0.013326,0.013680,0.013321,0.013689,0.015478
0.005409,0.002611,0.005409,0.969691,0.005303,0.002258,0.002339,0.002091,0.002284,0.002605
0.006070,0.003020,0.006070,0.963082,0.007604,0.002647,0.002643,0.002528,0.003320,0.003014
0.047017,0.023863,0.047009,0.751468,0.033757,0.018965,0.017235,0.018638,0.018261,0.023787
0.047637,0.010001,0.047648,0.808451,0.044032,0.009029,0.009141,0.007947,0.006136,0.009976
0.008641,0.006562,0.008642,0.921705,0.011584,0.005478,0.009250,0.005485,0.016103,0.006551
0.098938,0.035800,0.098959,0.098546,0.494194,0.032633,0.034468,0.031390,0.039333,0.035739
0.003126,0.001980,0.003126,0.972060,0.003928,0.001866,0.001781,0.001779,0.008378,0.001977
0.007378,0.004579,0.007379,0.949372,0.008836,0.005370,0.003942,0.003725,0.004850,0.004570
0.005698,0.002643,0.005698,0.967025,0.006265,0.002406,0.002341,0.002082,0.003207,0.002636
0.057349,0.042821,0.057344,0.621356,0.047753,0.032055,0.029527,0.035418,0.033605,0.042771
0.034423,0.036994,0.034424,0.671466,0.038539,0.038613,0.038144,0.036211,0.034157,0.037028
0.063741,0.053237,0.063733,0.561730,0.049074,0.037445,0.032739,0.039842,0.045363,0.053095
0.074402,0.072359,0.074399,0.290335,0.072088,0.063079,0.150147,0.059998,0.070967,0.072226
0.246431,0.036602,0.246501,0.080349,0.246968,0.028448,0.026730,0.026441,0.025065,0.036465
0.009036,0.006958,0.009037,0.917042,0.011946,0.005787,0.009915,0.005799,0.017534,0.006946
0.070912,0.018359,0.070932,0.084075,0.674573,0.016085,0.016156,0.015194,0.015392,0.018322
0.083460,0.074119,0.083454,0.238165,0.079657,0.061847,0.090707,0.061221,0.153384,0.073985
0.006033,0.002773,0.006032,0.964630,0.006785,0.002591,0.002779,0.002285,0.003325,0.002767
0.133975,0.093216,0.133960,0.096851,0.089632,0.118126,0.083148,0.076135,0.081979,0.092978
0.228317,0.064613,0.228339,0.060891,0.183368,0.062710,0.039731,0.039807,0.027951,0.064273
0.334065,0.019689,0.334145,0.039785,0.207826,0.013783,0.011857,0.011066,0.008233,0.019551
0.086885,0.012118,0.086922,0.355342,0.407190,0.010031,0.010197,0.009357,0.009868,0.012089
0.144554,0.014101,0.144626,0.305001,0.341898,0.010192,0.010528,0.008729,0.006338,0.014032
0.070760,0.018511,0.070762,0.441226,0.320684,0.014939,0.020054,0.012475,0.012160,0.018428
0.298906,0.022343,0.299092,0.064792,0.238490,0.015750,0.014384,0.013797,0.010288,0.022157
0.075745,0.011381,0.075758,0.466623,0.325454,0.008432,0.008834,0.007561,0.008893,0.011320
0.214890,0.042112,0.214968,0.076162,0.288144,0.033218,0.029411,0.029795,0.029403,0.041896
0.364943,0.025086,0.364974,0.036977,0.125486,0.016443,0.014452,0.013937,0.012816,0.024886
0.165990,0.023035,0.166038,0.128894,0.428873,0.017541,0.016612,0.017642,0.012395,0.022979
0.299405,0.044388,0.299460,0.056757,0.134862,0.032544,0.029742,0.031879,0.026717,0.044246
0.272523,0.072413,0.272475,0.047684,0.088132,0.053903,0.044157,0.046554,0.030042,0.072117
0.056942,0.021429,0.056956,0.628629,0.135271,0.019696,0.019543,0.018729,0.021408,0.021398
0.208574,0.031884,0.208593,0.151531,0.270132,0.025788,0.024529,0.021917,0.025310,0.031742
0.023522,0.001130,0.023528,0.929488,0.018184,0.000903,0.000874,0.000669,0.000581,0.001122
0.121157,0.022404,0.121183,0.328411,0.310519,0.020584,0.019022,0.017411,0.016992,0.022316
0.359087,0.021677,0.359223,0.029995,0.158571,0.016484,0.013694,0.010859,0.008924,0.021485
0.326189,0.022980,0.326302,0.060047,0.179741,0.018975,0.017599,0.014300,0.011012,0.022855
0.124990,0.021580,0.125022,0.121650,0.522716,0.016171,0.021328,0.014209,0.010846,0.021489
0.032692,0.004654,0.032701,0.845370,0.064948,0.003557,0.003570,0.003295,0.004581,0.004633
0.159498,0.005128,0.159522,0.012545,0.643356,0.005085,0.003938,0.003174,0.002653,0.005100
0.244499,0.038426,0.244457,0.207373,0.117147,0.029365,0.027605,0.025746,0.027161,0.038222
0.254142,0.018467,0.254277,0.096555,0.306726,0.016205,0.013415,0.012046,0.009798,0.018368
0.239696,0.022149,0.239687,0.213278,0.203925,0.017970,0.015792,0.013468,0.012041,0.021992
0.133501,0.014478,0.133534,0.529134,0.129521,0.011114,0.010275,0.009373,0.014660,0.014410
0.105701,0.008916,0.105766,0.485919,0.256483,0.007484,0.008244,0.006343,0.006263,0.008881
0.055254,0.002788,0.055280,0.010669,0.865679,0.002143,0.001931,0.001659,0.001826,0.002770
0.277121,0.026254,0.277260,0.047118,0.269123,0.019978,0.016796,0.015038,0.025238,0.026075
0.133495,0.051195,0.133507,0.212733,0.148971,0.046726,0.048211,0.035789,0.138355,0.051018
0.267791,0.010597,0.267867,0.047700,0.367443,0.007886,0.007234,0.006678,0.006279,0.010525
0.156522,0.055935,0.156525,0.175483,0.198211,0.053534,0.051215,0.042306,0.054535,0.055735
0.264098,0.063328,0.264050,0.060330,0.112278,0.046430,0.048453,0.043457,0.034581,0.062995
0.025879,0.005387,0.025881,0.886750,0.033315,0.004271,0.004727,0.003882,0.004543,0.005365
0.029803,0.014261,0.029803,0.791783,0.036454,0.012965,0.012593,0.012151,0.045945,0.014241
0.086338,0.032616,0.086335,0.447161,0.140501,0.027032,0.029117,0.026169,0.092180,0.032552
0.126459,0.049121,0.126446,0.421789,0.091123,0.043972,0.035792,0.032156,0.024302,0.048840
0.179474,0.049319,0.179507,0.191476,0.200152,0.044798,0.037094,0.038345,0.030676,0.049159
0.308672,0.034179,0.308539,0.069943,0.156119,0.025314,0.024093,0.021593,0.017582,0.033966
0.096389,0.056661,0.096391,0.431678,0.087166,0.045757,0.042726,0.045043,0.041676,0.056514
0.303451,0.062310,0.303297,0.079712,0.072900,0.038740,0.028607,0.033883,0.015273,0.061828
0.015775,0.002512,0.015774,0.933166,0.022410,0.002294,0.002089,0.001773,0.001705,0.002501
0.326129,0.040935,0.326064,0.059594,0.103389,0.031537,0.027817,0.024773,0.019069,0.040694
0.038539,0.005679,0.038534,0.866422,0.029465,0.004341,0.004660,0.003696,0.003011,0.005654
0.073364,0.014106,0.073353,0.742713,0.042254,0.012843,0.009898,0.008667,0.008790,0.014013
0.011102,0.003012,0.011103,0.945065,0.016264,0.002555,0.002631,0.002391,0.002873,0.003002
0.178119,0.015204,0.178155,0.050996,0.518839,0.011741,0.010116,0.009902,0.011820,0.015108
0.059248,0.017037,0.059259,0.712757,0.078121,0.014395,0.014653,0.013893,0.013645,0.016993
0.022951,0.002746,0.022948,0.925973,0.013103,0.002733,0.002058,0.001743,0.003009,0.002736
0.166847,0.013992,0.166877,0.044171,0.562010,0.009372,0.009906,0.007506,0.005423,0.013897
0.088499,0.021250,0.088510,0.061474,0.659095,0.017789,0.017920,0.013442,0.010853,0.021168
0.104632,0.069193,0.104631,0.291644,0.109080,0.059820,0.091210,0.053870,0.046880,0.069040
0.263888,0.072066,0.263864,0.062649,0.095386,0.049863,0.050735,0.036873,0.033203,0.071472
0.194100,0.035001,0.194157,0.112654,0.319129,0.032369,0.026005,0.023985,0.027715,0.034884
0.211658,0.017526,0.211738,0.162354,0.334398,0.012266,0.012127,0.010577,0.009943,0.017413
0.114931,0.052801,0.114942,0.307238,0.116189,0.041861,0.039564,0.039535,0.120340,0.052599
0.120411,0.007693,0.120482,0.593079,0.127143,0.006246,0.005630,0.005617,0.006043,0.007656
0.014206,0.002936,0.014206,0.939481,0.012895,0.002259,0.002208,0.001982,0.006908,0.002919
0.091130,0.017788,0.091133,0.664665,0.070074,0.013869,0.012650,0.012203,0.008787,0.017702
0.181205,0.065634,0.181230,0.087885,0.172623,0.066699,0.081530,0.053248,0.044509,0.065437
0.290159,0.025660,0.290304,0.036334,0.271196,0.019278,0.016737,0.014000,0.010851,0.025481
0.252932,0.030631,0.253015,0.108329,0.244265,0.022615,0.021346,0.018428,0.017994,0.030446
0.351953,0.013583,0.352123,0.048097,0.184004,0.011540,0.009768,0.007748,0.007690,0.013492
0.072623,0.003269,0.072664,0.714559,0.124923,0.002591,0.002162,0.002003,0.001959,0.003248
0.092679,0.004725,0.092721,0.051384,0.740304,0.003762,0.003312,0.002988,0.003426,0.004699
0.327537,0.019819,0.327620,0.073426,0.180557,0.018134,0.013475,0.011222,0.008527,0.019682
0.262577,0.022487,0.262677,0.069547,0.305204,0.018445,0.013297,0.013672,0.009742,0.022353
0.276261,0.024053,0.276365,0.074300,0.258083,0.022596,0.016843,0.014726,0.012865,0.023910
0.181185,0.029049,0.181219,0.101693,0.385153,0.024544,0.024132,0.022363,0.021686,0.028974
0.205657,0.024320,0.205703,0.178339,0.287959,0.021957,0.018244,0.015952,0.017675,0.024194
0.212403,0.068222,0.212438,0.117981,0.151146,0.044270,0.064824,0.040630,0.020276,0.067809
0.206035,0.011266,0.206115,0.272283,0.261170,0.009917,0.008479,0.007365,0.006158,0.011212
0.017158,0.003004,0.017165,0.577560,0.372932,0.002416,0.002349,0.002351,0.002067,0.002996
0.199497,0.077443,0.199499,0.076253,0.117144,0.075956,0.059494,0.055368,0.062316,0.077029
0.198332,0.033753,0.198375,0.056128,0.393818,0.025924,0.020869,0.022674,0.016535,0.033592
0.227717,0.044275,0.227772,0.062224,0.266080,0.041868,0.030596,0.029583,0.025776,0.044108
0.021494,0.005525,0.021496,0.902085,0.025340,0.004834,0.005003,0.004401,0.004308,0.005513
0.117121,0.010045,0.117181,0.553467,0.164024,0.007967,0.008133,0.007083,0.004949,0.010030
0.027893,0.001353,0.027910,0.007276,0.930271,0.001089,0.001011,0.000886,0.000966,0.001346
0.193632,0.043163,0.193682,0.102730,0.300974,0.035877,0.032008,0.030868,0.023933,0.043133
0.305451,0.021413,0.305565,0.089061,0.191084,0.024780,0.015207,0.014868,0.011221,0.021350
0.023043,0.003063,0.023052,0.897477,0.040156,0.002627,0.002520,0.002262,0.002752,0.003049
0.154630,0.009092,0.154683,0.024291,0.626017,0.006266,0.005523,0.005278,0.005182,0.009037
0.134376,0.019213,0.134419,0.483828,0.154680,0.018310,0.013127,0.012063,0.010882,0.019101
0.217026,0.015259,0.217094,0.056776,0.438177,0.011117,0.011177,0.009727,0.008475,0.015172
0.110176,0.012893,0.110225,0.024439,0.696238,0.009471,0.008008,0.008458,0.007265,0.012827
0.042556,0.005889,0.042571,0.014924,0.871556,0.004443,0.004514,0.003964,0.003725,0.005859
0.243758,0.040767,0.243785,0.096249,0.234239,0.030042,0.025172,0.024599,0.020825,0.040565
0.266973,0.050518,0.266986,0.061107,0.173931,0.035966,0.038889,0.032058,0.023359,0.050212
0.268285,0.030376,0.268386,0.079272,0.244216,0.023913,0.021399,0.021727,0.012104,0.030322
0.204206,0.021688,0.204320,0.047672,0.427620,0.015169,0.014107,0.013891,0.029761,0.021567
0.163292,0.014858,0.163356,0.425506,0.177170,0.010895,0.011076,0.008911,0.010174,0.014762
0.302890,0.033578,0.302985,0.066842,0.163882,0.026569,0.026982,0.022523,0.020314,0.033435
0.071675,0.025092,0.071662,0.685868,0.044694,0.021942,0.019264,0.018255,0.016549,0.024999
0.342641,0.026397,0.342790,0.047567,0.139753,0.023362,0.020445,0.017155,0.013616,0.026274
0.122266,0.011358,0.122305,0.029437,0.673272,0.008252,0.008046,0.007242,0.006528,0.011294
0.065103,0.019349,0.065101,0.720715,0.050983,0.015543,0.016278,0.014220,0.013433,0.019276
0.102820,0.025699,0.102830,0.310144,0.350933,0.021595,0.022182,0.020561,0.017606,0.025631
0.301614,0.047742,0.301643,0.060848,0.117811,0.034725,0.038273,0.028870,0.021044,0.047430
0.128406,0.016069,0.128416,0.580410,0.080971,0.012990,0.012521,0.011656,0.012551,0.016009
0.378089,0.042667,0.377901,0.032177,0.049820,0.028615,0.019944,0.018164,0.010376,0.042247
0.250936,0.040254,0.250896,0.201113,0.103520,0.034241,0.031223,0.026244,0.021517,0.040055
0.069026,0.006332,0.069036,0.755050,0.074766,0.005598,0.005239,0.004420,0.004228,0.006304
0.054212,0.004862,0.054223,0.770506,0.094314,0.004400,0.004601,0.003678,0.004360,0.004843
0.077526,0.016203,0.077529,0.708880,0.059003,0.013046,0.013225,0.010389,0.008078,0.016121
0.273650,0.036900,0.273726,0.063626,0.216066,0.030366,0.026856,0.025210,0.016880,0.036720
0.039860,0.001859,0.039882,0.149589,0.761448,0.001547,0.001524,0.001228,0.001214,0.001849
0.104024,0.010720,0.104032,0.688724,0.053894,0.007705,0.008176,0.006546,0.005518,0.010660
0.205231,0.077846,0.205224,0.104016,0.077329,0.059825,0.055883,0.047175,0.090024,0.077447
0.217482,0.056703,0.217508,0.160560,0.122872,0.042510,0.045697,0.038884,0.041354,0.056430
0.191053,0.027574,0.191035,0.423490,0.071474,0.021742,0.018716,0.016285,0.011241,0.027390
0.241682,0.012344,0.241659,0.267475,0.189140,0.010977,0.009693,0.007524,0.007235,0.012271
0.145915,0.055957,0.145939,0.190187,0.244018,0.055912,0.063125,0.025617,0.017587,0.055743
0.242615,0.062203,0.242638,0.078072,0.121966,0.053752,0.039668,0.036855,0.060253,0.061979
0.098172,0.035130,0.098191,0.135852,0.462713,0.031913,0.034210,0.030561,0.038190,0.035067
0.220904,0.007712,0.220918,0.072224,0.448702,0.006481,0.008030,0.004292,0.003063,0.007673
0.030767,0.002679,0.030776,0.837141,0.087510,0.002214,0.002231,0.001831,0.002184,0.002666
0.006439,0.004089,0.006439,0.956103,0.007805,0.003700,0.003525,0.003365,0.004454,0.004080
0.039841,0.004500,0.039857,0.062214,0.836336,0.003613,0.003249,0.002919,0.002994,0.004477
0.051435,0.017617,0.051446,0.654971,0.118158,0.015322,0.015185,0.014719,0.043564,0.017582
0.011850,0.007688,0.011851,0.886210,0.012955,0.007037,0.006543,0.006572,0.041626,0.007667
0.094119,0.052214,0.094118,0.453058,0.089043,0.043796,0.041293,0.045786,0.034463,0.052110
0.053872,0.013133,0.053866,0.780893,0.041362,0.011502,0.011211,0.010283,0.010788,0.013091
0.222244,0.028021,0.222321,0.115723,0.304880,0.030019,0.019751,0.017406,0.011704,0.027932
0.162553,0.084502,0.162565,0.125197,0.122120,0.071134,0.066673,0.063265,0.057615,0.084376
0.242510,0.030581,0.242577,0.059188,0.299590,0.034708,0.021320,0.024286,0.014746,0.030494
0.093089,0.009307,0.093125,0.526658,0.241552,0.006897,0.006868,0.006236,0.007010,0.009258
0.301922,0.026845,0.302059,0.070990,0.191901,0.017928,0.015700,0.015234,0.030740,0.026682
0.193409,0.027430,0.193463,0.318725,0.163916,0.022312,0.020152,0.019202,0.014063,0.027328
0.123069,0.032259,0.123095,0.426680,0.151649,0.034042,0.028601,0.023396,0.025055,0.032155
0.282540,0.082808,0.282541,0.034961,0.080834,0.052177,0.053488,0.035028,0.013505,0.082120
0.060436,0.010353,0.060443,0.785102,0.041490,0.008781,0.008252,0.006809,0.008033,0.010301
0.250400,0.049615,0.250450,0.074945,0.183325,0.037135,0.034623,0.033673,0.036467,0.049367
0.154111,0.147035,0.154092,0.052968,0.067361,0.092111,0.069955,0.087419,0.028203,0.146745
0.129331,0.018826,0.129341,0.576857,0.069481,0.017727,0.014680,0.010108,0.014960,0.018689
0.203355,0.051297,0.203393,0.062077,0.282464,0.038813,0.036609,0.033270,0.037656,0.051065
0.104156,0.020340,0.104185,0.037002,0.653544,0.016221,0.017313,0.014417,0.012564,0.020258
0.235818,0.057399,0.235842,0.075256,0.137295,0.042013,0.051451,0.038927,0.068821,0.057177
0.258359,0.023802,0.258361,0.043404,0.329141,0.017919,0.018204,0.014496,0.012670,0.023645
0.226415,0.061346,0.226437,0.048729,0.108664,0.049788,0.030583,0.033658,0.153454,0.060927
0.230492,0.079573,0.230488,0.060605,0.080774,0.066350,0.049578,0.051362,0.071369,0.079410
0.062027,0.010955,0.062046,0.145707,0.670734,0.010287,0.009644,0.008203,0.009487,0.010911
0.236641,0.036942,0.236683,0.140484,0.206552,0.028866,0.026963,0.025027,0.025068,0.036774
0.244534,0.068323,0.244536,0.052764,0.153037,0.053224,0.043288,0.042697,0.029687,0.067910
0.257983,0.084067,0.257973,0.032330,0.094505,0.066393,0.065294,0.041316,0.016640,0.083499
0.195333,0.096483,0.195328,0.096815,0.087887,0.083535,0.052194,0.068026,0.028052,0.096348
0.305697,0.034283,0.305657,0.115214,0.112931,0.026800,0.023757,0.021398,0.020178,0.034085
0.173723,0.115008,0.173731,0.055073,0.099748,0.076028,0.086100,0.078356,0.027785,0.114447
0.124801,0.061918,0.124787,0.032864,0.053881,0.043375,0.030795,0.037406,0.428656,0.061516
0.251487,0.057332,0.251533,0.104811,0.152731,0.037538,0.035635,0.032686,0.019142,0.057106
0.209849,0.075552,0.209827,0.089458,0.114440,0.071441,0.054051,0.057026,0.043126,0.075231
0.225921,0.018605,0.225972,0.270878,0.186909,0.015054,0.011483,0.010568,0.016095,0.018514
0.161513,0.011754,0.161560,0.155574,0.468465,0.008822,0.007622,0.007240,0.005754,0.011697
0.140811,0.027545,0.140827,0.437405,0.139636,0.029814,0.028817,0.016802,0.010950,0.027393
0.217575,0.060635,0.217607,0.109897,0.141939,0.049995,0.048963,0.049312,0.043585,0.060492
0.179303,0.010920,0.179401,0.095509,0.490840,0.008696,0.008408,0.007290,0.008761,0.010873
0.255466,0.010559,0.255613,0.214399,0.225660,0.008592,0.007923,0.005974,0.005325,0.010489
0.141036,0.046288,0.141054,0.373502,0.108137,0.043008,0.037274,0.036977,0.026506,0.046218
0.221366,0.078925,0.221360,0.063732,0.128721,0.062905,0.054965,0.049064,0.040593,0.078368
0.009475,0.000642,0.009482,0.002637,0.975180,0.000529,0.000514,0.000440,0.000462,0.000639
0.270391,0.027471,0.270471,0.061689,0.263608,0.021479,0.018511,0.016543,0.022535,0.027301
0.348581,0.005072,0.348769,0.020773,0.260006,0.003960,0.003186,0.002612,0.002012,0.005029
0.103797,0.034601,0.103792,0.553895,0.069531,0.030144,0.026904,0.024249,0.018633,0.034454
0.340021,0.024953,0.340063,0.044051,0.169852,0.021633,0.014127,0.012533,0.007990,0.024777
0.015871,0.000934,0.015881,0.004348,0.959278,0.000754,0.000738,0.000649,0.000617,0.000930
0.021290,0.001828,0.021304,0.005407,0.942939,0.001443,0.001487,0.001261,0.001221,0.001820
0.327002,0.023780,0.327004,0.119520,0.121663,0.017677,0.013892,0.014720,0.011098,0.023643
0.279661,0.026312,0.279807,0.067458,0.255547,0.019429,0.017151,0.016480,0.011977,0.026178
0.271930,0.054305,0.271913,0.053111,0.140852,0.058281,0.034198,0.031684,0.029705,0.054020
0.298864,0.035922,0.298948,0.127537,0.113529,0.030070,0.024363,0.020119,0.015002,0.035646
0.300413,0.028921,0.300560,0.104971,0.158861,0.024079,0.020437,0.018443,0.014618,0.028696
0.154870,0.145128,0.154833,0.028398,0.046292,0.124457,0.107578,0.073936,0.020711,0.143798
0.082808,0.009689,0.082840,0.038053,0.747428,0.008246,0.008646,0.006759,0.005883,0.009648
0.142903,0.012775,0.142959,0.309215,0.338843,0.010528,0.008246,0.007817,0.014017,0.012697
0.376000,0.031877,0.375920,0.037617,0.061903,0.021306,0.017120,0.015608,0.031035,0.031615
0.298779,0.066330,0.298724,0.062769,0.072882,0.041242,0.041469,0.030978,0.021113,0.065715
0.312960,0.049211,0.313081,0.057032,0.102857,0.037333,0.033029,0.032636,0.012800,0.049062
0.138601,0.023175,0.138643,0.539941,0.075372,0.018634,0.018590,0.016235,0.007699,0.023111
0.198178,0.048534,0.198197,0.259699,0.112938,0.039370,0.032291,0.032455,0.030057,0.048280
0.095460,0.029331,0.095456,0.513359,0.149123,0.024249,0.022610,0.022119,0.019063,0.029230
0.335369,0.039638,0.335173,0.083112,0.069124,0.032004,0.026216,0.024320,0.015611,0.039434
0.194445,0.015850,0.194535,0.061339,0.479245,0.012609,0.010529,0.009085,0.006619,0.015744
0.058148,0.006197,0.058168,0.700875,0.151828,0.005006,0.004824,0.004666,0.004108,0.006180
0.274220,0.044362,0.274281,0.049666,0.126225,0.053822,0.025964,0.034106,0.073090,0.044263
0.392246,0.012331,0.392350,0.034173,0.122938,0.010471,0.008925,0.007729,0.006578,0.012260
0.114870,0.019740,0.114878,0.573473,0.096908,0.019273,0.015980,0.014293,0.010890,0.019695
0.046310,0.007603,0.046317,0.835806,0.035662,0.006858,0.005063,0.004771,0.004045,0.007566
0.157047,0.026338,0.157067,0.371719,0.194659,0.018136,0.017049,0.016343,0.015464,0.026179
0.104049,0.021439,0.104063,0.589136,0.091226,0.019894,0.017528,0.015993,0.015311,0.021361
0.306104,0.038762,0.306160,0.076177,0.147334,0.025692,0.023726,0.025163,0.012326,0.038556
0.261694,0.037202,0.261662,0.197294,0.114808,0.031848,0.025018,0.021417,0.012058,0.037001
0.052987,0.233879,0.052981,0.026587,0.033729,0.117545,0.100962,0.117567,0.029728,0.234036
0.305186,0.018694,0.305252,0.067024,0.227525,0.014907,0.011862,0.009580,0.021388,0.018582
0.014024,0.223299,0.014023,0.010820,0.011329,0.147336,0.076369,0.264668,0.011444,0.226688
0.164142,0.018666,0.164215,0.333081,0.248374,0.013970,0.011059,0.013110,0.014813,0.018570
0.090065,0.022504,0.090080,0.628153,0.074238,0.018787,0.018641,0.016446,0.018680,0.022405
0.052744,0.003317,0.052773,0.200734,0.676731,0.002730,0.002640,0.002225,0.002807,0.003300
0.087248,0.014446,0.087259,0.664789,0.087660,0.011950,0.010978,0.009537,0.011767,0.014366
0.061043,0.138639,0.061035,0.019305,0.029796,0.075740,0.413723,0.047361,0.015584,0.137774
0.020706,0.298732,0.020702,0.009616,0.011000,0.116657,0.069047,0.153155,0.009186,0.291200
0.023882,0.020869,0.023880,0.020297,0.017778,0.018040,0.017534,0.017751,0.819141,0.020827
0.067311,0.056991,0.067313,0.064499,0.050085,0.045945,0.037142,0.040870,0.513070,0.056773
0.027649,0.215121,0.027646,0.012141,0.014368,0.217813,0.082167,0.176166,0.010238,0.216692
0.016817,0.201128,0.016816,0.012735,0.013064,0.182741,0.076214,0.263497,0.013132,0.203856
0.032810,0.173122,0.032809,0.034422,0.026845,0.115126,0.064010,0.318174,0.027538,0.175144
0.028235,0.225640,0.028234,0.019147,0.018178,0.148470,0.152936,0.137913,0.016547,0.224699
0.153144,0.071672,0.153139,0.278446,0.089892,0.061940,0.047885,0.044740,0.027736,0.071406
0.144427,0.020944,0.144478,0.474499,0.135567,0.016987,0.014734,0.012981,0.014561,0.020823
0.081642,0.018896,0.081657,0.677607,0.064550,0.015328,0.013655,0.015217,0.012591,0.018856
0.153541,0.022901,0.153594,0.080142,0.494781,0.018463,0.020098,0.015690,0.017981,0.022809
0.076995,0.005992,0.077020,0.766027,0.051422,0.004877,0.004194,0.003933,0.003576,0.005962
0.070874,0.155833,0.070869,0.031526,0.036925,0.080060,0.314188,0.062966,0.022017,0.154743
0.023313,0.164530,0.023312,0.016265,0.017117,0.166919,0.306882,0.093629,0.022717,0.165315
0.027985,0.176050,0.027980,0.010913,0.013604,0.155932,0.068639,0.311586,0.028721,0.178592
0.029993,0.240683,0.029991,0.013103,0.014715,0.142324,0.096454,0.165505,0.024680,0.242551
0.101775,0.162349,0.101771,0.038809,0.052267,0.103544,0.073112,0.144395,0.059203,0.162775
0.049019,0.231106,0.049008,0.015598,0.019893,0.187474,0.057999,0.143017,0.015043,0.231843
0.025054,0.162291,0.025052,0.020018,0.018266,0.208038,0.224106,0.135243,0.018576,0.163356
0.198652,0.061574,0.198662,0.091721,0.198983,0.051332,0.050330,0.044197,0.043167,0.061382
0.306993,0.045540,0.307061,0.068091,0.123206,0.031865,0.027832,0.026877,0.017258,0.045277
0.078271,0.006741,0.078292,0.747776,0.065037,0.005192,0.004391,0.004216,0.003372,0.006712
0.228317,0.064613,0.228339,0.060891,0.183368,0.062710,0.039731,0.039807,0.027951,0.064273
0.011075,0.108283,0.011074,0.009207,0.009497,0.114802,0.528952,0.088685,0.009430,0.108995
0.232311,0.013743,0.232425,0.102647,0.365943,0.010354,0.009515,0.009314,0.010070,0.013679
0.026106,0.253704,0.026103,0.011034,0.015989,0.197413,0.057691,0.106963,0.052654,0.252343
0.070760,0.018511,0.070762,0.441226,0.320684,0.014939,0.020054,0.012475,0.012160,0.018428
0.015812,0.172638,0.015810,0.008811,0.009095,0.191709,0.240749,0.162779,0.007110,0.175487
0.070479,0.195161,0.070477,0.038475,0.074690,0.122712,0.061806,0.109027,0.064747,0.192427
0.030201,0.250161,0.030198,0.010193,0.016852,0.208362,0.133811,0.067051,0.008673,0.244499
0.057285,0.202286,0.057279,0.029897,0.034858,0.110563,0.085328,0.157142,0.063079,0.202284
0.022506,0.184719,0.022504,0.013826,0.014344,0.166873,0.062919,0.307217,0.018574,0.186518
0.011846,0.174725,0.011844,0.005348,0.005038,0.316419,0.148805,0.143067,0.004695,0.178214
0.022506,0.184719,0.022504,0.013826,0.014344,0.166873,0.062919,0.307217,0.018574,0.186518
0.007566,0.166213,0.007564,0.003388,0.003787,0.141083,0.231944,0.264664,0.003858,0.169932
0.017082,0.212913,0.017080,0.006644,0.008819,0.300953,0.154273,0.063298,0.008029,0.210909
0.007843,0.157942,0.007842,0.004843,0.004993,0.062702,0.023495,0.562644,0.007735,0.159961
0.008542,0.197209,0.008541,0.005231,0.005689,0.284093,0.067881,0.216302,0.005726,0.200786
0.039393,0.191092,0.039387,0.020753,0.020535,0.160023,0.057211,0.196042,0.082547,0.193018
0.022468,0.165668,0.022466,0.019221,0.019537,0.157398,0.063971,0.337640,0.020483,0.171148
0.028932,0.225776,0.028927,0.013799,0.012621,0.224258,0.114701,0.091433,0.033674,0.225878
0.014778,0.193444,0.014777,0.009313,0.009984,0.088120,0.047577,0.411703,0.014820,0.195484
0.005776,0.162882,0.005776,0.004231,0.003970,0.119858,0.034569,0.492446,0.004291,0.166200
0.049022,0.194428,0.049013,0.023884,0.022648,0.111075,0.138401,0.179352,0.036154,0.196023
0.025711,0.200078,0.025709,0.017112,0.018680,0.088353,0.058880,0.338415,0.025624,0.201439
0.033367,0.207347,0.033362,0.017850,0.016921,0.159104,0.127499,0.174829,0.019986,0.209734
0.007753,0.152690,0.007752,0.005089,0.005319,0.100811,0.028608,0.507115,0.029129,0.155734
0.016029,0.196903,0.016027,0.007894,0.008184,0.268751,0.046519,0.232322,0.006861,0.200510
0.304570,0.038038,0.304604,0.087919,0.134187,0.033093,0.024876,0.019736,0.015231,0.037746
0.023130,0.190638,0.023129,0.017097,0.022433,0.139342,0.076833,0.255389,0.058926,0.193085
0.016635,0.149022,0.016633,0.011761,0.011569,0.144276,0.047077,0.436073,0.014860,0.152094
0.007117,0.242789,0.007116,0.004584,0.004823,0.184364,0.048455,0.247886,0.006003,0.246863
0.015277,0.208398,0.015275,0.009550,0.010112,0.166359,0.093409,0.257916,0.011400,0.212303
0.265305,0.034891,0.265385,0.103787,0.206060,0.025782,0.025794,0.021386,0.016882,0.034728
0.040487,0.233768,0.040477,0.011687,0.014177,0.208794,0.095912,0.112470,0.011471,0.230758
0.029066,0.262039,0.029060,0.014862,0.013868,0.171191,0.083295,0.126670,0.010765,0.259184
0.212341,0.034930,0.212384,0.089640,0.307674,0.029906,0.029276,0.025431,0.023630,0.034788
0.366973,0.023957,0.367084,0.031593,0.133570,0.016208,0.014582,0.013591,0.008642,0.023801
0.068641,0.041315,0.068639,0.031275,0.040649,0.030816,0.026275,0.029504,0.621728,0.041158
0.039781,0.206124,0.039778,0.033840,0.030005,0.132761,0.081678,0.200344,0.031810,0.203880
0.292476,0.063298,0.292430,0.048008,0.114280,0.040156,0.034534,0.033712,0.018237,0.062870
0.293230,0.040646,0.293202,0.052587,0.167024,0.036176,0.029958,0.023367,0.023340,0.040470
0.164232,0.027420,0.164263,0.185208,0.349402,0.021811,0.022123,0.018957,0.019283,0.027300
0.196997,0.032032,0.197069,0.128403,0.329286,0.023343,0.023493,0.021308,0.016181,0.031890
0.056928,0.176992,0.056921,0.032835,0.037368,0.094434,0.077907,0.117610,0.171941,0.177065
0.044032,0.227467,0.044025,0.021475,0.024874,0.088896,0.060965,0.149713,0.110921,0.227633
0.052545,0.237523,0.052536,0.018550,0.024321,0.099730,0.055470,0.188092,0.032462,0.238772
0.318211,0.020799,0.318295,0.042495,0.226866,0.015969,0.014378,0.013656,0.008582,0.020746
0.370893,0.034050,0.370781,0.034832,0.059640,0.022609,0.026664,0.017372,0.029361,0.033798
0.258881,0.056994,0.258871,0.062820,0.179899,0.047876,0.028323,0.027382,0.022575,0.056379
0.267335,0.032431,0.267370,0.137678,0.170206,0.026789,0.025827,0.021322,0.018771,0.032272
0.157596,0.020877,0.157638,0.318683,0.256257,0.017605,0.017839,0.014120,0.018603,0.020783
0.100000,0.100000,0.100000,0.100000,0.100000,0.100000,0.100000,0.100000,0.100000,0.100000
0.041319,0.195423,0.041316,0.030441,0.032925,0.161295,0.133154,0.137320,0.031116,0.195691
0.276740,0.050948,0.276744,0.063298,0.135667,0.042829,0.039943,0.036952,0.026115,0.050765
0.037234,0.291369,0.037226,0.017997,0.020208,0.106895,0.057885,0.122955,0.024621,0.283609
0.080737,0.013283,0.080767,0.544332,0.228874,0.010492,0.009724,0.009626,0.008928,0.013237
0.069775,0.222978,0.069757,0.019505,0.025948,0.101111,0.068170,0.182901,0.015666,0.224189
0.021781,0.232316,0.021778,0.010680,0.012574,0.139872,0.175559,0.143726,0.007859,0.233857
0.050683,0.226749,0.050682,0.031001,0.040669,0.103424,0.140390,0.104891,0.024710,0.226800
0.010513,0.201526,0.010512,0.005549,0.006270,0.244235,0.122804,0.190764,0.004980,0.202848
0.039570,0.227517,0.039564,0.018232,0.020430,0.147589,0.067185,0.153457,0.057461,0.228996
0.044951,0.227625,0.044938,0.016215,0.019494,0.102991,0.063756,0.223556,0.027010,0.229465
0.042966,0.217716,0.042961,0.027147,0.028916,0.120060,0.109642,0.165543,0.027300,0.217749
0.018767,0.244445,0.018765,0.009072,0.010849,0.135313,0.038830,0.255206,0.026117,0.242635
0.045833,0.303652,0.045825,0.013096,0.018207,0.100015,0.073263,0.059045,0.048645,0.292418
0.016170,0.263808,0.016167,0.010044,0.009075,0.210568,0.138376,0.066537,0.011194,0.258059
0.027584,0.255641,0.027580,0.016615,0.017049,0.127189,0.071160,0.174472,0.026855,0.255854
0.033191,0.213375,0.033188,0.018827,0.024597,0.130640,0.183145,0.131089,0.019250,0.212698
0.049917,0.098991,0.049910,0.020968,0.027665,0.057708,0.532711,0.049946,0.013602,0.098582
0.046510,0.226264,0.046504,0.034322,0.028600,0.163926,0.062979,0.133860,0.030545,0.226490
0.065218,0.228345,0.065215,0.028044,0.043741,0.106112,0.097753,0.114722,0.024332,0.226520
0.056528,0.154918,0.056524,0.041060,0.044309,0.103444,0.092922,0.111992,0.183516,0.154788
0.047838,0.216157,0.047833,0.021251,0.027633,0.099529,0.229301,0.078313,0.017851,0.214294
0.038222,0.216878,0.038217,0.025965,0.025147,0.137045,0.160330,0.116711,0.024074,0.217410
0.058870,0.225262,0.058866,0.034753,0.041924,0.103221,0.102800,0.110833,0.038517,0.224953
0.082320,0.184440,0.082311,0.047025,0.049524,0.156786,0.083222,0.073198,0.060237,0.180937
0.039925,0.239316,0.039920,0.016955,0.021363,0.101032,0.202708,0.086964,0.014577,0.237240
0.009233,0.034465,0.009231,0.004608,0.004942,0.021505,0.862124,0.011805,0.007818,0.034268
0.022130,0.214764,0.022126,0.009325,0.011499,0.173916,0.221809,0.081357,0.026542,0.216532
0.267549,0.015598,0.267713,0.044795,0.346788,0.013125,0.010656,0.010313,0.007952,0.015511
0.008191,0.227324,0.008190,0.004900,0.005314,0.123082,0.217301,0.167824,0.006933,0.230940
0.049528,0.179571,0.049521,0.023788,0.026401,0.089127,0.227593,0.073164,0.102950,0.178357
0.003792,0.035842,0.003792,0.002234,0.002448,0.023644,0.875744,0.014582,0.002017,0.035905
0.032303,0.231062,0.032298,0.013302,0.015490,0.110746,0.061015,0.251857,0.017182,0.234745
0.056666,0.183590,0.056660,0.032726,0.034083,0.093527,0.218726,0.093452,0.047907,0.182664
0.064761,0.191398,0.064761,0.036595,0.073883,0.091498,0.068199,0.123084,0.094327,0.191494
0.001024,0.004531,0.001024,0.000524,0.000568,0.003508,0.982356,0.001616,0.000321,0.004527
0.090585,0.198144,0.090573,0.043099,0.057061,0.093016,0.083842,0.094275,0.052928,0.196476
0.031775,0.177131,0.031772,0.023998,0.025086,0.199516,0.070080,0.237231,0.023686,0.179725
0.061705,0.128157,0.061702,0.051487,0.052861,0.082671,0.071918,0.089283,0.272379,0.127837
0.051581,0.230634,0.051574,0.026993,0.030647,0.103696,0.116840,0.128056,0.030091,0.229889
0.049000,0.184702,0.048990,0.027580,0.021989,0.345073,0.054566,0.063025,0.023430,0.181645
0.033379,0.240450,0.033373,0.017775,0.020246,0.172072,0.070031,0.154671,0.019104,0.238898
0.025672,0.078530,0.025670,0.011804,0.015027,0.055269,0.673570,0.025392,0.010961,0.078105
0.028656,0.233891,0.028651,0.016472,0.017523,0.114148,0.075780,0.171766,0.076677,0.236437
0.100446,0.153579,0.100439,0.062143,0.067484,0.100846,0.098807,0.111088,0.052042,0.153127
0.148218,0.134279,0.148207,0.053345,0.088555,0.086563,0.082878,0.081375,0.043054,0.133526
0.022331,0.226754,0.022328,0.009129,0.011757,0.145470,0.166288,0.149448,0.022604,0.223890
0.065589,0.169734,0.065584,0.059002,0.052562,0.108190,0.117197,0.121211,0.071642,0.169289
0.090930,0.188922,0.090919,0.041603,0.054929,0.099899,0.097446,0.105272,0.042541,0.187540
0.033130,0.047999,0.033130,0.050436,0.025691,0.033143,0.693545,0.023802,0.011251,0.047873
0.049191,0.259725,0.049184,0.030683,0.027042,0.114103,0.075926,0.084102,0.053252,0.256793
0.170254,0.120468,0.170250,0.065913,0.081994,0.079736,0.066171,0.052210,0.073730,0.119274
0.028860,0.205217,0.028856,0.017356,0.014148,0.174159,0.224716,0.087435,0.012521,0.206731
0.062470,0.157518,0.062467,0.047590,0.046615,0.102823,0.221818,0.093252,0.048592,0.156855
0.315602,0.066830,0.315583,0.033882,0.073415,0.044737,0.031235,0.040340,0.011810,0.066565
0.067546,0.004584,0.067580,0.021681,0.820771,0.003528,0.003427,0.002928,0.003396,0.004559
0.139338,0.047857,0.139322,0.028782,0.489107,0.041458,0.025885,0.027403,0.013148,0.047698
0.013651,0.013069,0.013649,0.007719,0.010019,0.008801,0.008425,0.008573,0.903088,0.013005
0.008665,0.010443,0.008665,0.007698,0.006527,0.007145,0.006542,0.007031,0.926901,0.010382
0.005491,0.005401,0.005490,0.005000,0.003832,0.005167,0.005937,0.003739,0.954557,0.005387
0.000246,0.000286,0.000246,0.000181,0.000161,0.000208,0.000171,0.000203,0.998014,0.000285
0.006541,0.011114,0.006541,0.008245,0.004885,0.007599,0.005675,0.006932,0.931430,0.011038
0.018013,0.010165,0.018014,0.012542,0.020811,0.007439,0.006696,0.006632,0.889571,0.010117
0.025716,0.030530,0.025717,0.022782,0.026767,0.022091,0.017658,0.022118,0.776215,0.030407
0.002373,0.002035,0.002372,0.001637,0.001395,0.001435,0.001276,0.001297,0.984159,0.002022
0.001376,0.001525,0.001376,0.000962,0.000969,0.001104,0.001053,0.001114,0.989006,0.001516
0.007382,0.007009,0.007382,0.004905,0.004552,0.005031,0.004553,0.005034,0.947169,0.006982
0.316501,0.044988,0.316531,0.041758,0.120510,0.036357,0.033501,0.026190,0.018932,0.044731
0.028303,0.028828,0.028300,0.015028,0.016892,0.020323,0.016333,0.017903,0.799451,0.028640
0.292768,0.024897,0.292853,0.068680,0.226647,0.020109,0.017620,0.016016,0.015658,0.024751
0.269342,0.028628,0.269332,0.196750,0.130910,0.023741,0.020087,0.017917,0.014822,0.028472
0.005896,0.006010,0.005895,0.003965,0.004216,0.003953,0.003341,0.004008,0.956748,0.005969
0.210183,0.014814,0.210236,0.120451,0.380490,0.013389,0.012832,0.010606,0.012250,0.014749
0.001470,0.001622,0.001470,0.000956,0.001029,0.001177,0.001023,0.001111,0.988528,0.001615
0.069479,0.077063,0.069478,0.057507,0.059245,0.065217,0.067078,0.063980,0.394000,0.076953
0.013233,0.007346,0.013235,0.011572,0.022701,0.005853,0.005553,0.005877,0.907310,0.007322
0.021617,0.003833,0.021624,0.697266,0.237784,0.002794,0.003628,0.002521,0.005119,0.003813
0.099466,0.059730,0.099486,0.226312,0.121577,0.050494,0.208222,0.044108,0.030894,0.059709
0.118374,0.078577,0.118375,0.182690,0.128549,0.072357,0.073047,0.070763,0.078758,0.078510
0.039573,0.256188,0.039567,0.020409,0.017889,0.168106,0.063849,0.106255,0.034580,0.253584
0.036636,0.202147,0.036626,0.009781,0.014813,0.169091,0.220753,0.098833,0.007321,0.203999
0.084468,0.167218,0.084457,0.068595,0.051526,0.131154,0.119754,0.085133,0.041285,0.166410
0.098065,0.097164,0.098076,0.117858,0.171997,0.112764,0.069703,0.071651,0.065929,0.096792
0.106210,0.177908,0.106192,0.047438,0.057266,0.099048,0.080937,0.099434,0.048841,0.176726
0.075581,0.090082,0.075566,0.020065,0.027482,0.076789,0.502691,0.029742,0.012298,0.089703
0.032576,0.192881,0.032571,0.018406,0.019637,0.087982,0.288023,0.083237,0.052523,0.192163
0.128009,0.133214,0.127988,0.106118,0.065181,0.071131,0.145517,0.063082,0.027464,0.132297
0.071240,0.207657,0.071226,0.024539,0.029899,0.125884,0.140108,0.106383,0.015888,0.207177
0.071561,0.221151,0.071546,0.025860,0.029348,0.100841,0.134606,0.094559,0.029502,0.221024
0.018256,0.039742,0.018254,0.022408,0.013402,0.024452,0.798429,0.018471,0.006922,0.039663
0.037179,0.217065,0.037177,0.033515,0.034697,0.121627,0.081904,0.172951,0.044800,0.219086
0.051322,0.287080,0.051312,0.016907,0.023814,0.104034,0.073926,0.073987,0.038154,0.279464
0.045351,0.130181,0.045351,0.084395,0.039070,0.115456,0.324925,0.062535,0.022401,0.130335
0.047323,0.216577,0.047314,0.024369,0.026344,0.104662,0.068583,0.153057,0.094331,0.217440
0.093221,0.206855,0.093207,0.033774,0.041487,0.114664,0.084933,0.095198,0.031799,0.204862
0.091561,0.182096,0.091544,0.043246,0.057114,0.125750,0.096275,0.094677,0.036399,0.181338
0.099203,0.160639,0.099186,0.042362,0.049441,0.135057,0.078728,0.070701,0.105031,0.159652
0.075181,0.198846,0.075169,0.029478,0.035250,0.112318,0.153008,0.087147,0.035369,0.198235
0.083932,0.195589,0.083918,0.041865,0.050785,0.110604,0.094822,0.110232,0.035301,0.192952
0.080773,0.195216,0.080764,0.034860,0.046127,0.140473,0.113987,0.091011,0.021942,0.194845
0.030174,0.133841,0.030170,0.018691,0.020387,0.072302,0.472107,0.072906,0.015342,0.134081
0.036600,0.231612,0.036596,0.019753,0.020375,0.173295,0.149400,0.085562,0.015287,0.231521
0.054399,0.221349,0.054393,0.029639,0.031520,0.119777,0.064133,0.165068,0.037127,0.222594
0.072126,0.216664,0.072111,0.022469,0.028150,0.148958,0.082575,0.124420,0.016979,0.215547
0.044054,0.230317,0.044051,0.032878,0.037273,0.124146,0.094859,0.130951,0.033436,0.228034
0.051321,0.214200,0.051313,0.027290,0.028694,0.131899,0.072166,0.155667,0.052745,0.214705
0.059215,0.249865,0.059204,0.018214,0.022920,0.170085,0.061414,0.086083,0.024200,0.248801
0.052799,0.226154,0.052793,0.031589,0.035519,0.113477,0.087538,0.142985,0.031577,0.225570
0.085728,0.014389,0.085750,0.629062,0.123158,0.010179,0.024373,0.008043,0.004999,0.014320
0.055613,0.222788,0.055607,0.026347,0.034447,0.122388,0.077187,0.158313,0.025607,0.221703
0.040395,0.212672,0.040391,0.028408,0.030759,0.125415,0.131550,0.148363,0.029089,0.212957
0.049106,0.253780,0.049099,0.023217,0.029510,0.105539,0.113213,0.102040,0.021043,0.253454
0.132046,0.033846,0.132063,0.038468,0.522728,0.024671,0.020564,0.019195,0.042816,0.033603
0.039188,0.015249,0.039192,0.796181,0.045303,0.013295,0.012887,0.012312,0.011167,0.015225
0.109743,0.089386,0.109747,0.101668,0.141884,0.088495,0.087792,0.087790,0.094127,0.089367
0.082515,0.010001,0.082547,0.023212,0.762230,0.008231,0.007068,0.006635,0.007598,0.009964
0.062311,0.216626,0.062299,0.022501,0.030568,0.110702,0.064228,0.187961,0.023919,0.218887
0.027641,0.189569,0.027638,0.014675,0.016453,0.129031,0.144395,0.243197,0.015528,0.191872
0.142866,0.125885,0.142870,0.048533,0.091372,0.093282,0.052977,0.080985,0.096316,0.124913
0.029773,0.220192,0.029769,0.019159,0.020030,0.244773,0.092854,0.106158,0.018452,0.218840
0.145402,0.026912,0.145454,0.172926,0.339242,0.022641,0.020981,0.020491,0.079109,0.026841
0.050883,0.215914,0.050873,0.021859,0.026047,0.117575,0.072933,0.203661,0.022247,0.218008
0.142903,0.012775,0.142959,0.309215,0.338843,0.010528,0.008246,0.007817,0.014017,0.012697
0.040544,0.181215,0.040538,0.022806,0.019565,0.171961,0.193038,0.074350,0.074454,0.181529
0.305701,0.041238,0.305782,0.040867,0.150233,0.029029,0.034521,0.021874,0.029809,0.040947
0.014412,0.200113,0.014410,0.006766,0.008026,0.073500,0.046967,0.424606,0.009327,0.201872
0.046310,0.007603,0.046317,0.835806,0.035662,0.006858,0.005063,0.004771,0.004045,0.007566
0.222079,0.087493,0.222027,0.054670,0.072439,0.123606,0.054558,0.047281,0.028646,0.087202
0.179435,0.120715,0.179400,0.054373,0.076377,0.082282,0.076757,0.070635,0.040093,0.119933
0.004510,0.004415,0.004510,0.002729,0.002905,0.003239,0.002800,0.002747,0.967756,0.004390
0.029283,0.211912,0.029281,0.018049,0.018142,0.236814,0.074485,0.151642,0.018642,0.211750
0.080854,0.202033,0.080848,0.038493,0.059810,0.095141,0.085538,0.117876,0.038294,0.201113
0.016024,0.226973,0.016022,0.009756,0.011401,0.149247,0.058223,0.269033,0.011535,0.231787
0.002848,0.090104,0.002848,0.001908,0.001998,0.068145,0.018420,0.719174,0.001822,0.092734
0.146285,0.093964,0.146286,0.105384,0.119286,0.080336,0.081851,0.076636,0.056225,0.093747
0.181936,0.119581,0.181928,0.046107,0.089028,0.116683,0.064331,0.054715,0.026536,0.119154
0.023951,0.207730,0.023948,0.011609,0.013248,0.212213,0.156691,0.092520,0.049133,0.208956
0.305186,0.018694,0.305252,0.067024,0.227525,0.014907,0.011862,0.009580,0.021388,0.018582
0.032285,0.182607,0.032282,0.025314,0.024084,0.118854,0.238464,0.135055,0.029983,0.181072
0.052744,0.003317,0.052773,0.200734,0.676731,0.002730,0.002640,0.002225,0.002807,0.003300
0.036629,0.183258,0.036620,0.011638,0.013614,0.113266,0.273319,0.139709,0.007161,0.184787
0.157047,0.026338,0.157067,0.371719,0.194659,0.018136,0.017049,0.016343,0.015464,0.026179
0.025798,0.225265,0.025795,0.009568,0.011972,0.110050,0.176406,0.180367,0.007191,0.227587
0.122462,0.114070,0.122451,0.076478,0.082922,0.095119,0.092288,0.093523,0.086804,0.113883
0.025990,0.219732,0.025984,0.007496,0.008787,0.138467,0.096853,0.247042,0.006942,0.222707
0.130312,0.218654,0.130259,0.019956,0.027013,0.109580,0.056432,0.077351,0.017924,0.212519
0.013991,0.117915,0.013990,0.007939,0.008413,0.492803,0.168187,0.051914,0.006577,0.118270
0.025493,0.235451,0.025489,0.009632,0.011359,0.261088,0.123532,0.066278,0.012458,0.229221
0.101023,0.194018,0.101008,0.030084,0.044806,0.105835,0.070859,0.141895,0.017105,0.193366
0.005877,0.115317,0.005877,0.003954,0.004147,0.079191,0.026249,0.636619,0.004770,0.117998
0.055384,0.008999,0.055389,0.781847,0.039932,0.006978,0.006704,0.005665,0.030153,0.008947
0.142254,0.129752,0.142240,0.045831,0.082846,0.106847,0.081419,0.110150,0.028055,0.130606
0.014405,0.207364,0.014405,0.010456,0.010370,0.150486,0.294439,0.085053,0.007475,0.205549
0.048802,0.202060,0.048795,0.022645,0.028332,0.144535,0.088679,0.191330,0.021232,0.203590
0.007159,0.158854,0.007158,0.003449,0.004038,0.072703,0.026826,0.553894,0.004428,0.161491
0.016315,0.122710,0.016313,0.009881,0.010468,0.555515,0.044097,0.077605,0.024473,0.122624
0.038909,0.156259,0.038906,0.034801,0.031704,0.112437,0.063074,0.338206,0.026246,0.159458
0.023509,0.221797,0.023504,0.014039,0.011516,0.132483,0.074410,0.272174,0.008744,0.217824
0.008769,0.172547,0.008768,0.006417,0.006574,0.101055,0.050031,0.463537,0.006573,0.175729
0.010555,0.112508,0.010554,0.008011,0.008180,0.054099,0.077452,0.597155,0.007690,0.113796
0.008572,0.125916,0.008571,0.006575,0.005595,0.055976,0.061009,0.595227,0.004672,0.127888
0.053913,0.184680,0.053904,0.034963,0.034392,0.164561,0.074378,0.152528,0.063302,0.183380
0.184840,0.100296,0.184819,0.079628,0.080842,0.073537,0.069782,0.076348,0.050011,0.099895
0.015604,0.148131,0.015601,0.008365,0.008122,0.084769,0.039420,0.523403,0.006069,0.150516
0.106421,0.209909,0.106390,0.027314,0.033921,0.116586,0.057366,0.114203,0.023741,0.204149
0.187419,0.057287,0.187381,0.072382,0.078664,0.053061,0.065828,0.037118,0.203795,0.057064
0.026922,0.186440,0.026918,0.013077,0.014024,0.320938,0.137430,0.075950,0.014467,0.183833
0.065137,0.009153,0.065159,0.050964,0.769084,0.008428,0.007634,0.006688,0.008636,0.009116
0.116603,0.150082,0.116578,0.047248,0.058301,0.100523,0.120379,0.095681,0.045048,0.149557
0.006024,0.078222,0.006022,0.002402,0.002559,0.057403,0.737232,0.030883,0.002177,0.077075
0.030667,0.156840,0.030664,0.018381,0.019648,0.121418,0.055529,0.392522,0.016805,0.157527
0.306130,0.034748,0.306135,0.053722,0.169275,0.030689,0.023672,0.022339,0.018724,0.034567
0.013016,0.133796,0.013014,0.006807,0.006891,0.125847,0.446455,0.113231,0.005136,0.135807
0.016336,0.204893,0.016334,0.007347,0.008754,0.187653,0.069130,0.275047,0.006966,0.207539
0.025601,0.181307,0.025598,0.012442,0.012854,0.161747,0.035241,0.354323,0.007976,0.182910
0.041652,0.186846,0.041649,0.038951,0.031573,0.149941,0.098872,0.193185,0.032483,0.184847
0.017910,0.127078,0.017907,0.012411,0.011249,0.104906,0.472591,0.098278,0.011164,0.126506
0.283703,0.023043,0.283777,0.209034,0.119943,0.017424,0.017796,0.013827,0.008535,0.022917
0.032494,0.034637,0.032494,0.135051,0.029628,0.026832,0.040827,0.027326,0.606200,0.034510
0.192167,0.046606,0.192157,0.171431,0.120666,0.044117,0.037840,0.031529,0.117036,0.046451
0.159517,0.089596,0.159491,0.109521,0.094687,0.083654,0.096346,0.065969,0.051847,0.089372
0.060858,0.012265,0.060864,0.752507,0.041767,0.008508,0.007009,0.006726,0.037326,0.012171
0.197397,0.112981,0.197348,0.058989,0.069886,0.074334,0.061459,0.072810,0.042586,0.112210
0.083460,0.074119,0.083454,0.238165,0.079657,0.061847,0.090707,0.061221,0.153384,0.073985
0.152320,0.097327,0.152315,0.068184,0.100787,0.086172,0.133591,0.069358,0.042484,0.097462
0.074402,0.072359,0.074399,0.290335,0.072088,0.063079,0.150147,0.059998,0.070967,0.072226
0.041987,0.217460,0.041981,0.020882,0.021544,0.153053,0.061180,0.202288,0.020986,0.218638
0.007791,0.053035,0.007790,0.004176,0.004681,0.048717,0.781182,0.035301,0.003826,0.053501
0.033614,0.215810,0.033611,0.024345,0.023071,0.171883,0.090058,0.168084,0.027458,0.212064
0.026710,0.215320,0.026706,0.014227,0.016300,0.232040,0.076881,0.165364,0.015335,0.211117
0.011738,0.123636,0.011736,0.006914,0.007191,0.419890,0.239522,0.050794,0.006371,0.122207
0.031860,0.243887,0.031855,0.016723,0.018087,0.123106,0.090062,0.183965,0.015660,0.244795
0.037751,0.227951,0.037746,0.021327,0.024225,0.151822,0.151911,0.101514,0.018900,0.226852
0.037749,0.198334,0.037744,0.020080,0.022202,0.166818,0.078260,0.214278,0.024193,0.200342
0.019695,0.145843,0.019690,0.008725,0.008297,0.469005,0.139838,0.038431,0.005780,0.144695
0.066813,0.169015,0.066808,0.045588,0.047608,0.108573,0.100329,0.171028,0.054893,0.169345
0.026308,0.152904,0.026304,0.013045,0.013752,0.117135,0.358726,0.125860,0.012334,0.153631
0.320452,0.028579,0.320497,0.119035,0.117375,0.021252,0.018770,0.015849,0.009801,0.028391
0.014556,0.229941,0.014555,0.011227,0.010657,0.186067,0.087234,0.208666,0.010053,0.227043
0.052144,0.112590,0.052138,0.032426,0.050566,0.095304,0.388451,0.088680,0.014750,0.112950
0.062493,0.188719,0.062485,0.027218,0.033642,0.152730,0.084667,0.174171,0.023864,0.190010
0.077196,0.169560,0.077186,0.033309,0.034351,0.106727,0.057234,0.086489,0.189603,0.168344
0.040632,0.157843,0.040626,0.019660,0.020506,0.390499,0.089055,0.067888,0.017775,0.155516
0.005626,0.019373,0.005625,0.002076,0.002535,0.019295,0.914396,0.010080,0.001584,0.019411
0.019484,0.123523,0.019481,0.009053,0.009468,0.358969,0.277235,0.050601,0.008782,0.123404
0.011968,0.161118,0.011967,0.006505,0.007211,0.093531,0.038497,0.497487,0.006025,0.165690
0.081679,0.218340,0.081656,0.028210,0.029098,0.214821,0.053744,0.059223,0.020877,0.212352
0.331303,0.035636,0.331263,0.038898,0.140316,0.035419,0.021855,0.018256,0.011647,0.035407
0.045409,0.160466,0.045413,0.012657,0.022212,0.142928,0.059975,0.341191,0.005987,0.163762
0.065676,0.024523,0.065688,0.689537,0.055612,0.024095,0.017324,0.021231,0.011853,0.024461
0.273789,0.031369,0.273844,0.049791,0.264858,0.022524,0.019614,0.019282,0.013786,0.031143
0.008388,0.106573,0.008387,0.006749,0.006414,0.071958,0.594025,0.084690,0.006405,0.106411
0.007394,0.113656,0.007392,0.004017,0.004124,0.052475,0.057982,0.634001,0.003203,0.115757
0.010377,0.082541,0.010376,0.007462,0.007518,0.089364,0.612567,0.071210,0.025705,0.082880
0.097889,0.016721,0.097906,0.468121,0.253368,0.012866,0.012279,0.011339,0.012876,0.016634
0.085956,0.102639,0.085952,0.091942,0.072799,0.087626,0.074908,0.092066,0.203575,0.102536
0.007817,0.190482,0.007816,0.004250,0.004346,0.162241,0.050508,0.375184,0.003834,0.193520
0.259302,0.049630,0.259349,0.080540,0.158614,0.037984,0.040257,0.034643,0.030334,0.049346
0.229708,0.071568,0.229697,0.047029,0.072171,0.086914,0.143313,0.033615,0.014631,0.071354
0.001663,0.001542,0.001663,0.001601,0.001481,0.001422,0.001398,0.001412,0.986278,0.001541
0.042104,0.205385,0.042095,0.016525,0.020129,0.202276,0.079079,0.170156,0.015607,0.206644
0.339553,0.036363,0.339541,0.039474,0.117851,0.033483,0.022386,0.020026,0.015140,0.036184
0.032578,0.021245,0.032581,0.805714,0.027220,0.018013,0.014412,0.018826,0.008226,0.021185
0.019118,0.174513,0.019115,0.006933,0.008188,0.450793,0.045487,0.082531,0.020662,0.172660
0.327593,0.041155,0.327632,0.037149,0.123721,0.039334,0.029306,0.020552,0.012642,0.040918
0.336852,0.035977,0.336851,0.042939,0.126395,0.030278,0.025614,0.016944,0.012515,0.035633
0.005774,0.087198,0.005773,0.003050,0.002841,0.078611,0.664926,0.063334,0.002278,0.086213
0.004881,0.113288,0.004880,0.003423,0.003405,0.100023,0.571448,0.083152,0.003290,0.112209
0.025476,0.204697,0.025472,0.014772,0.015236,0.172954,0.064925,0.253750,0.015464,0.207254
0.006991,0.103799,0.006989,0.003265,0.003384,0.141604,0.568910,0.056990,0.002754,0.105315
0.171466,0.076273,0.171441,0.182447,0.094232,0.050031,0.049760,0.050354,0.077978,0.076016
0.024369,0.214867,0.024365,0.015383,0.014146,0.160150,0.043679,0.277305,0.014877,0.210860
0.022419,0.149463,0.022417,0.017133,0.017281,0.116641,0.063061,0.424475,0.016087,0.151023
0.007842,0.097989,0.007841,0.005503,0.005763,0.049442,0.033974,0.686639,0.005648,0.099359
0.170064,0.098047,0.170046,0.085812,0.087949,0.077331,0.075298,0.070294,0.067471,0.097688
0.007581,0.147207,0.007580,0.005837,0.005129,0.076721,0.025556,0.569993,0.004681,0.149715
0.006419,0.102278,0.006419,0.004592,0.004902,0.067515,0.024879,0.674028,0.004424,0.104545
0.021244,0.174767,0.021239,0.012104,0.012145,0.185802,0.074624,0.309478,0.009887,0.178710
0.035391,0.219563,0.035385,0.016974,0.019963,0.157952,0.085177,0.193436,0.016382,0.219778
0.003839,0.169360,0.003838,0.002532,0.002582,0.125286,0.131413,0.387652,0.002615,0.170883
0.029388,0.221803,0.029384,0.012684,0.014741,0.220803,0.107269,0.130359,0.012023,0.221546
0.064357,0.254532,0.064360,0.020734,0.032042,0.130266,0.064393,0.109141,0.013038,0.247136
0.014405,0.207364,0.014405,0.010456,0.010370,0.150486,0.294439,0.085053,0.007475,0.205549
0.018071,0.241182,0.018068,0.006634,0.008558,0.229066,0.124136,0.107345,0.005537,0.241403
0.114823,0.006593,0.114866,0.507819,0.231014,0.005917,0.004765,0.004009,0.003633,0.006560
0.009029,0.150945,0.009027,0.004330,0.004927,0.376374,0.162092,0.125790,0.004005,0.153481
0.002957,0.024416,0.002957,0.001495,0.001730,0.018659,0.907167,0.014950,0.001207,0.024463
0.214890,0.042112,0.214968,0.076162,0.288144,0.033218,0.029411,0.029795,0.029403,0.041896
0.005626,0.019373,0.005625,0.002076,0.002535,0.019295,0.914396,0.010080,0.001584,0.019411
0.208574,0.031884,0.208593,0.151531,0.270132,0.025788,0.024529,0.021917,0.025310,0.031742
0.025456,0.002055,0.025469,0.021782,0.917096,0.001592,0.001493,0.001452,0.001559,0.002047
0.400664,0.016669,0.400830,0.023502,0.102924,0.013359,0.010062,0.009286,0.006153,0.016551
0.087816,0.175431,0.087804,0.039404,0.046651,0.107357,0.088197,0.162261,0.030128,0.174950
0.003392,0.018837,0.003391,0.002096,0.002298,0.023764,0.915176,0.010044,0.002141,0.018861
0.209849,0.075552,0.209827,0.089458,0.114440,0.071441,0.054051,0.057026,0.043126,0.075231
0.020218,0.200771,0.020214,0.009095,0.009554,0.291348,0.142200,0.094353,0.009676,0.202571
0.072783,0.150850,0.072786,0.043298,0.059131,0.125384,0.117775,0.171280,0.035095,0.151619
0.221366,0.078925,0.221360,0.063732,0.128721,0.062905,0.054965,0.049064,0.040593,0.078368
0.151975,0.030603,0.152005,0.122202,0.423357,0.023390,0.024188,0.021884,0.019918,0.030481
0.002660,0.016180,0.002660,0.001213,0.001349,0.014300,0.935998,0.008545,0.000936,0.016159
0.194671,0.016702,0.194749,0.153193,0.384729,0.011597,0.011486,0.009500,0.006772,0.016601
0.348127,0.012482,0.348277,0.095730,0.149636,0.010614,0.009041,0.007200,0.006493,0.012402
0.164142,0.018666,0.164215,0.333081,0.248374,0.013970,0.011059,0.013110,0.014813,0.018570
0.113981,0.027625,0.113986,0.518514,0.108097,0.023320,0.023494,0.021223,0.022210,0.027551
0.276541,0.008518,0.276680,0.016988,0.391055,0.007014,0.005662,0.004789,0.004301,0.008452
0.022221,0.001283,0.022230,0.275305,0.673830,0.001000,0.001009,0.000881,0.000964,0.001277
0.333236,0.024489,0.333311,0.086835,0.138713,0.018302,0.017191,0.013687,0.009932,0.024305
0.240493,0.008091,0.240578,0.022913,0.461926,0.006584,0.004713,0.003826,0.002843,0.008032
0.298572,0.025456,0.298632,0.090895,0.159611,0.018893,0.017757,0.013100,0.051840,0.025243
0.198652,0.061574,0.198662,0.091721,0.198983,0.051332,0.050330,0.044197,0.043167,0.061382
0.086885,0.012118,0.086922,0.355342,0.407190,0.010031,0.010197,0.009357,0.009868,0.012089
0.268901,0.051154,0.268992,0.055668,0.156376,0.036160,0.055099,0.035814,0.020793,0.051041
0.201985,0.040062,0.201976,0.335183,0.080655,0.035743,0.023865,0.023738,0.016993,0.039798
0.076141,0.021574,0.076142,0.684055,0.050013,0.019021,0.016267,0.015046,0.020228,0.021512
0.334065,0.019689,0.334145,0.039785,0.207826,0.013783,0.011857,0.011066,0.008233,0.019551
0.246431,0.036602,0.246501,0.080349,0.246968,0.028448,0.026730,0.026441,0.025065,0.036465
0.144554,0.014101,0.144626,0.305001,0.341898,0.010192,0.010528,0.008729,0.006338,0.014032
0.070760,0.018511,0.070762,0.441226,0.320684,0.014939,0.020054,0.012475,0.012160,0.018428
0.240604,0.050787,0.240669,0.065734,0.229275,0.033542,0.032485,0.036376,0.019903,0.050625
0.229677,0.010599,0.229812,0.239463,0.250553,0.009571,0.007611,0.006144,0.006038,0.010531
0.320452,0.028579,0.320497,0.119035,0.117375,0.021252,0.018770,0.015849,0.009801,0.028391
0.165990,0.023035,0.166038,0.128894,0.428873,0.017541,0.016612,0.017642,0.012395,0.022979
0.021936,0.001998,0.021947,0.860374,0.085596,0.001746,0.001588,0.001507,0.001316,0.001992
0.091998,0.022903,0.092003,0.630482,0.072210,0.018731,0.020225,0.015437,0.013189,0.022820
0.159498,0.005128,0.159522,0.012545,0.643356,0.005085,0.003938,0.003174,0.002653,0.005100
0.032692,0.004654,0.032701,0.845370,0.064948,0.003557,0.003570,0.003295,0.004581,0.004633
0.158484,0.014208,0.158554,0.280650,0.336684,0.010865,0.008874,0.009403,0.008130,0.014148
0.362618,0.024470,0.362687,0.038704,0.116982,0.021412,0.021330,0.014003,0.013487,0.024307
0.366973,0.023957,0.367084,0.031593,0.133570,0.016208,0.014582,0.013591,0.008642,0.023801
0.133495,0.051195,0.133507,0.212733,0.148971,0.046726,0.048211,0.035789,0.138355,0.051018
0.073207,0.012093,0.073212,0.714181,0.079676,0.010610,0.009253,0.008248,0.007481,0.012039
0.147229,0.052015,0.147249,0.278181,0.167303,0.042915,0.039500,0.040988,0.032789,0.051832
0.042651,0.008245,0.042662,0.831524,0.037160,0.007477,0.007382,0.006583,0.008097,0.008219
0.318211,0.020799,0.318295,0.042495,0.226866,0.015969,0.014378,0.013656,0.008582,0.020746
0.319771,0.029600,0.319822,0.099939,0.102166,0.036063,0.031112,0.018335,0.013725,0.029468
0.133501,0.014478,0.133534,0.529134,0.129521,0.011114,0.010275,0.009373,0.014660,0.014410
0.301922,0.026845,0.302059,0.070990,0.191901,0.017928,0.015700,0.015234,0.030740,0.026682
0.164462,0.013151,0.164540,0.278151,0.333055,0.009522,0.009087,0.008823,0.006112,0.013096
0.193409,0.027430,0.193463,0.318725,0.163916,0.022312,0.020152,0.019202,0.014063,0.027328
0.039841,0.004500,0.039857,0.062214,0.836336,0.003613,0.003249,0.002919,0.002994,0.004477
0.162553,0.084502,0.162565,0.125197,0.122120,0.071134,0.066673,0.063265,0.057615,0.084376
0.067961,0.233036,0.067954,0.025509,0.033941,0.167135,0.084389,0.074505,0.018526,0.227044
0.217482,0.056703,0.217508,0.160560,0.122872,0.042510,0.045697,0.038884,0.041354,0.056430
0.267549,0.015598,0.267713,0.044795,0.346788,0.013125,0.010656,0.010313,0.007952,0.015511
0.222244,0.028021,0.222321,0.115723,0.304880,0.030019,0.019751,0.017406,0.011704,0.027932
0.137674,0.036393,0.137704,0.391550,0.141227,0.033903,0.030186,0.028150,0.026934,0.036279
0.321009,0.041468,0.321052,0.069393,0.110554,0.038004,0.024668,0.022157,0.010453,0.041241
0.011473,0.001740,0.011475,0.946443,0.022210,0.001479,0.001458,0.001096,0.000895,0.001732
0.093089,0.009307,0.093125,0.526658,0.241552,0.006897,0.006868,0.006236,0.007010,0.009258
0.036953,0.007423,0.036958,0.859641,0.029441,0.006246,0.006927,0.005123,0.003892,0.007396
0.097926,0.011321,0.097960,0.260674,0.485425,0.008798,0.009016,0.007954,0.009657,0.011269
0.179285,0.006547,0.179373,0.295149,0.313993,0.005135,0.006299,0.003898,0.003814,0.006508
0.303540,0.030669,0.303659,0.045564,0.215094,0.021789,0.019120,0.019554,0.010430,0.030579
0.266496,0.038235,0.266645,0.047396,0.253681,0.026005,0.025898,0.026026,0.011562,0.038055
0.035328,0.007646,0.035333,0.842137,0.041098,0.007004,0.005447,0.005023,0.013383,0.007601
0.145402,0.026912,0.145454,0.172926,0.339242,0.022641,0.020981,0.020491,0.079109,0.026841
0.041569,0.211937,0.041562,0.024925,0.025318,0.149666,0.088063,0.186095,0.020466,0.210399
0.140811,0.027545,0.140827,0.437405,0.139636,0.029814,0.028817,0.016802,0.010950,0.027393
0.078759,0.009362,0.078784,0.718297,0.075903,0.006973,0.007633,0.005937,0.009050,0.009303
0.342365,0.028005,0.342494,0.056385,0.136572,0.020629,0.016233,0.017412,0.012082,0.027822
0.021617,0.003833,0.021624,0.697266,0.237784,0.002794,0.003628,0.002521,0.005119,0.003813
0.046310,0.007603,0.046317,0.835806,0.035662,0.006858,0.005063,0.004771,0.004045,0.007566
0.043944,0.006241,0.043951,0.847558,0.033041,0.004943,0.005287,0.004441,0.004382,0.006212
0.165480,0.011779,0.165561,0.450901,0.158694,0.010127,0.009931,0.008766,0.007022,0.011738
0.194445,0.015850,0.194535,0.061339,0.479245,0.012609,0.010529,0.009085,0.006619,0.015744
0.410411,0.020247,0.410410,0.018888,0.077003,0.013505,0.011777,0.009843,0.007867,0.020049
0.412500,0.017755,0.412528,0.018511,0.084861,0.015027,0.008659,0.009223,0.003319,0.017617
0.306104,0.038762,0.306160,0.076177,0.147334,0.025692,0.023726,0.025163,0.012326,0.038556
0.148347,0.018775,0.148388,0.554894,0.063378,0.014048,0.012775,0.011292,0.009456,0.018647
0.305186,0.018694,0.305252,0.067024,0.227525,0.014907,0.011862,0.009580,0.021388,0.018582
0.284876,0.023810,0.284907,0.135810,0.188428,0.020916,0.014984,0.013217,0.009379,0.023674
0.261448,0.088603,0.261294,0.040967,0.058401,0.084559,0.043619,0.047126,0.026130,0.087854
0.090065,0.022504,0.090080,0.628153,0.074238,0.018787,0.018641,0.016446,0.018680,0.022405
0.174854,0.023657,0.174923,0.122427,0.412997,0.017229,0.022385,0.014713,0.013284,0.023530
0.140519,0.132867,0.140515,0.080065,0.071995,0.098110,0.077714,0.097736,0.028322,0.132158
0.146856,0.093097,0.146860,0.135577,0.115809,0.074275,0.069082,0.077015,0.048519,0.092908
0.187569,0.006747,0.187716,0.026581,0.562809,0.004931,0.004466,0.003945,0.008534,0.006702
0.052744,0.003317,0.052773,0.200734,0.676731,0.002730,0.002640,0.002225,0.002807,0.003300
0.228290,0.081065,0.228284,0.052404,0.137256,0.063562,0.051052,0.047145,0.030432,0.080510
0.133853,0.133034,0.133824,0.056927,0.065303,0.148916,0.084541,0.075983,0.035092,0.132527
0.262644,0.066602,0.262580,0.073054,0.088185,0.056486,0.044748,0.039372,0.040108,0.066221
0.100000,0.100000,0.100000,0.100000,0.100000,0.100000,0.100000,0.100000,0.100000,0.100000
0.174339,0.120563,0.174304,0.059829,0.069126,0.105811,0.060832,0.078993,0.036422,0.119780
0.260449,0.072774,0.260415,0.049282,0.114639,0.053813,0.041917,0.046791,0.027594,0.072326
0.100000,0.100000,0.100000,0.100000,0.100000,0.100000,0.100000,0.100000,0.100000,0.100000
0.056684,0.028309,0.056681,0.700101,0.044783,0.021728,0.022905,0.020040,0.020666,0.028102
0.306993,0.045540,0.307061,0.068091,0.123206,0.031865,0.027832,0.026877,0.017258,0.045277
0.060858,0.012265,0.060864,0.752507,0.041767,0.008508,0.007009,0.006726,0.037326,0.012171
0.114408,0.150198,0.114402,0.045607,0.075647,0.115143,0.075373,0.129158,0.030580,0.149485
0.250486,0.030649,0.250563,0.059609,0.296204,0.023120,0.022983,0.019760,0.016118,0.030507
0.184602,0.097834,0.184595,0.058522,0.075515,0.068877,0.071915,0.051614,0.109441,0.097085
0.170137,0.092589,0.170108,0.113247,0.081733,0.081689,0.076736,0.067614,0.054053,0.092094
0.262886,0.047495,0.262877,0.063483,0.193551,0.037201,0.029240,0.029204,0.026939,0.047124
0.093688,0.168799,0.093681,0.036889,0.050389,0.146309,0.113334,0.102390,0.024872,0.169650
0.320452,0.028579,0.320497,0.119035,0.117375,0.021252,0.018770,0.015849,0.009801,0.028391
0.210756,0.062047,0.210795,0.077028,0.168430,0.052306,0.079422,0.044103,0.033296,0.061818
0.228198,0.060856,0.228195,0.127133,0.116124,0.054689,0.042795,0.040750,0.040792,0.060468
0.240789,0.044352,0.240780,0.042338,0.232929,0.034813,0.025614,0.024720,0.069658,0.044007
0.228317,0.064613,0.228339,0.060891,0.183368,0.062710,0.039731,0.039807,0.027951,0.064273
0.106187,0.180053,0.106159,0.033042,0.041988,0.150650,0.072488,0.105135,0.024164,0.180134
0.257644,0.072040,0.257597,0.089427,0.075907,0.053238,0.043951,0.043649,0.035184,0.071361
0.204116,0.113101,0.204067,0.049539,0.068923,0.068365,0.078418,0.063938,0.037435,0.112097
0.083452,0.009598,0.083469,0.718911,0.062499,0.007177,0.006650,0.006059,0.012649,0.009537
0.251078,0.083713,0.251055,0.064797,0.091336,0.055417,0.043467,0.050040,0.025695,0.083401
0.181915,0.140677,0.181911,0.042134,0.065182,0.097383,0.047384,0.082286,0.021098,0.140031
0.304570,0.038038,0.304604,0.087919,0.134187,0.033093,0.024876,0.019736,0.015231,0.037746
0.125561,0.159723,0.125549,0.039224,0.054593,0.154317,0.082223,0.083026,0.016924,0.158861
0.075701,0.105133,0.075688,0.240314,0.039656,0.079074,0.158041,0.108984,0.012046,0.105363
0.097573,0.146235,0.097575,0.068288,0.062863,0.114936,0.098774,0.131239,0.036832,0.145684
0.131372,0.128988,0.131359,0.046494,0.077927,0.111566,0.091623,0.114099,0.038047,0.128525
0.235194,0.010303,0.235345,0.031373,0.449327,0.008963,0.008778,0.005786,0.004691,0.010241
0.107422,0.124552,0.107418,0.111516,0.083077,0.101856,0.082943,0.130751,0.025595,0.124870
0.196997,0.032032,0.197069,0.128403,0.329286,0.023343,0.023493,0.021308,0.016181,0.031890
0.263520,0.076957,0.263544,0.059849,0.100414,0.050760,0.041048,0.049676,0.017380,0.076852
0.272523,0.072413,0.272475,0.047684,0.088132,0.053903,0.044157,0.046554,0.030042,0.072117
0.259693,0.056945,0.259692,0.069294,0.134546,0.051542,0.044887,0.032698,0.034117,0.056585
0.258881,0.056994,0.258871,0.062820,0.179899,0.047876,0.028323,0.027382,0.022575,0.056379
0.080283,0.021870,0.080290,0.674326,0.062323,0.017935,0.014296,0.014553,0.012357,0.021767
0.276740,0.050948,0.276744,0.063298,0.135667,0.042829,0.039943,0.036952,0.026115,0.050765
0.304125,0.038046,0.304233,0.065021,0.148833,0.037287,0.024152,0.022566,0.017952,0.037785
0.260086,0.027152,0.260145,0.146305,0.205351,0.023999,0.019545,0.018451,0.011919,0.027049
0.222558,0.106181,0.222564,0.053114,0.088561,0.061244,0.050966,0.056823,0.032692,0.105297
0.224362,0.083642,0.224324,0.044829,0.069379,0.051020,0.042116,0.047367,0.129993,0.082970
0.093089,0.009307,0.093125,0.526658,0.241552,0.006897,0.006868,0.006236,0.007010,0.009258
0.068773,0.007760,0.068799,0.742987,0.083194,0.006080,0.005449,0.005507,0.003709,0.007742
0.062511,0.012779,0.062527,0.761461,0.054325,0.010293,0.008401,0.007961,0.007049,0.012694
0.200483,0.082470,0.200557,0.048375,0.162338,0.079996,0.069954,0.055527,0.017830,0.082470
0.236401,0.087050,0.236353,0.058956,0.082535,0.058357,0.055835,0.061701,0.036183,0.086630
0.282540,0.082808,0.282541,0.034961,0.080834,0.052177,0.053488,0.035028,0.013505,0.082120
0.083478,0.223516,0.083477,0.024496,0.040287,0.098180,0.062146,0.131685,0.029797,0.222938
0.340023,0.031658,0.340073,0.043702,0.122784,0.023741,0.034652,0.018114,0.013803,0.031450
0.218147,0.056738,0.218152,0.088009,0.204169,0.049983,0.040000,0.039886,0.028386,0.056530
0.198964,0.040314,0.199013,0.075461,0.339072,0.030682,0.029857,0.027278,0.019219,0.040139
0.318965,0.035610,0.318947,0.086186,0.118079,0.027586,0.023858,0.021269,0.014096,0.035404
0.230492,0.079573,0.230488,0.060605,0.080774,0.066350,0.049578,0.051362,0.071369,0.079410
0.157134,0.164279,0.157113,0.027386,0.047414,0.090108,0.071242,0.103709,0.017581,0.164034
0.096868,0.017065,0.096888,0.030839,0.699386,0.014812,0.011707,0.009210,0.006282,0.016942
0.100876,0.160793,0.100847,0.032787,0.036978,0.227202,0.059279,0.103958,0.015377,0.161903
0.099250,0.115838,0.099235,0.043320,0.041778,0.149660,0.249142,0.071624,0.013618,0.116535
0.235818,0.057399,0.235842,0.075256,0.137295,0.042013,0.051451,0.038927,0.068821,0.057177
0.315602,0.066830,0.315583,0.033882,0.073415,0.044737,0.031235,0.040340,0.011810,0.066565
0.226415,0.061346,0.226437,0.048729,0.108664,0.049788,0.030583,0.033658,0.153454,0.060927
0.251606,0.065389,0.251629,0.091227,0.114637,0.048644,0.040352,0.046534,0.024794,0.065186
0.203355,0.051297,0.203393,0.062077,0.282464,0.038813,0.036609,0.033270,0.037656,0.051065
0.060436,0.010353,0.060443,0.785102,0.041490,0.008781,0.008252,0.006809,0.008033,0.010301
0.236641,0.036942,0.236683,0.140484,0.206552,0.028866,0.026963,0.025027,0.025068,0.036774
0.258359,0.023802,0.258361,0.043404,0.329141,0.017919,0.018204,0.014496,0.012670,0.023645
0.104156,0.020340,0.104185,0.037002,0.653544,0.016221,0.017313,0.014417,0.012564,0.020258
0.062027,0.010955,0.062046,0.145707,0.670734,0.010287,0.009644,0.008203,0.009487,0.010911
0.257983,0.084067,0.257973,0.032330,0.094505,0.066393,0.065294,0.041316,0.016640,0.083499
0.250400,0.049615,0.250450,0.074945,0.183325,0.037135,0.034623,0.033673,0.036467,0.049367
0.154111,0.147035,0.154092,0.052968,0.067361,0.092111,0.069955,0.087419,0.028203,0.146745
0.217575,0.060635,0.217607,0.109897,0.141939,0.049995,0.048963,0.049312,0.043585,0.060492
0.305697,0.034283,0.305657,0.115214,0.112931,0.026800,0.023757,0.021398,0.020178,0.034085
0.173723,0.115008,0.173731,0.055073,0.099748,0.076028,0.086100,0.078356,0.027785,0.114447
0.244534,0.068323,0.244536,0.052764,0.153037,0.053224,0.043288,0.042697,0.029687,0.067910
0.309630,0.020809,0.309684,0.035786,0.247502,0.021497,0.012748,0.012322,0.009352,0.020670
0.251487,0.057332,0.251533,0.104811,0.152731,0.037538,0.035635,0.032686,0.019142,0.057106
0.192390,0.065984,0.192394,0.046400,0.276996,0.045927,0.038835,0.042857,0.032531,0.065685
0.195333,0.096483,0.195328,0.096815,0.087887,0.083535,0.052194,0.068026,0.028052,0.096348
0.139338,0.047857,0.139322,0.028782,0.489107,0.041458,0.025885,0.027403,0.013148,0.047698
0.283491,0.058196,0.283481,0.064856,0.107961,0.043780,0.036121,0.035310,0.029034,0.057770
0.124801,0.061918,0.124787,0.032864,0.053881,0.043375,0.030795,0.037406,0.428656,0.061516
0.146067,0.061483,0.146098,0.095517,0.295888,0.054591,0.047806,0.046035,0.045231,0.061283
0.175362,0.117075,0.175322,0.049922,0.057345,0.159940,0.060641,0.065147,0.022000,0.117245
0.241071,0.055265,0.241089,0.074444,0.193810,0.040700,0.037845,0.032928,0.028047,0.054801
0.164341,0.098014,0.164329,0.164051,0.076164,0.070883,0.066722,0.063385,0.034697,0.097415
0.142866,0.125885,0.142870,0.048533,0.091372,0.093282,0.052977,0.080985,0.096316,0.124913
0.127813,0.018535,0.127847,0.058213,0.600608,0.014294,0.012170,0.011528,0.010582,0.018410
0.095156,0.172727,0.095148,0.036644,0.042814,0.155644,0.077486,0.129636,0.022913,0.171831
0.194484,0.062236,0.194493,0.107884,0.194867,0.052909,0.046733,0.047727,0.036599,0.062068
0.234073,0.047460,0.234104,0.109564,0.191277,0.038926,0.035979,0.034652,0.026688,0.047278
0.154870,0.145128,0.154833,0.028398,0.046292,0.124457,0.107578,0.073936,0.020711,0.143798
0.170681,0.031765,0.170735,0.148991,0.350377,0.027156,0.024817,0.021730,0.022141,0.031607
0.298779,0.066330,0.298724,0.062769,0.072882,0.041242,0.041469,0.030978,0.021113,0.065715
0.266343,0.074270,0.266293,0.045630,0.079356,0.088512,0.043582,0.041051,0.021154,0.073809
0.335369,0.039638,0.335173,0.083112,0.069124,0.032004,0.026216,0.024320,0.015611,0.039434
0.129856,0.032971,0.129846,0.534808,0.059547,0.023302,0.020508,0.019358,0.017089,0.032715
0.217588,0.060144,0.217620,0.098795,0.153936,0.048710,0.051803,0.044589,0.046844,0.059972
0.306789,0.040224,0.306922,0.052185,0.149369,0.032258,0.027627,0.028794,0.015631,0.040201
0.278731,0.035386,0.278730,0.034690,0.251683,0.024712,0.023210,0.017755,0.020026,0.035079
0.293869,0.049450,0.293715,0.095505,0.082620,0.038340,0.036928,0.033155,0.027209,0.049209
0.238542,0.086855,0.238439,0.064910,0.064359,0.091453,0.054416,0.048109,0.026522,0.086395
0.336269,0.044294,0.336096,0.065452,0.066079,0.039775,0.028673,0.024268,0.015032,0.044063
0.322691,0.056004,0.322531,0.063397,0.059920,0.045416,0.031118,0.028753,0.014595,0.055575
0.187897,0.127192,0.187862,0.041268,0.061140,0.079956,0.087826,0.074882,0.025593,0.126383
0.368548,0.032500,0.368343,0.049402,0.075880,0.022168,0.019807,0.019034,0.012067,0.032252
0.278873,0.057600,0.278773,0.084238,0.085308,0.044686,0.043493,0.040288,0.029388,0.057353
0.161516,0.107241,0.161545,0.060522,0.104024,0.128395,0.071052,0.073816,0.024588,0.107301
0.181846,0.085101,0.181808,0.120607,0.094523,0.066493,0.069958,0.069766,0.045068,0.084830
0.263787,0.084366,0.263649,0.054318,0.053609,0.072070,0.048402,0.051205,0.024889,0.083706
0.234548,0.075302,0.234440,0.089522,0.080310,0.076052,0.054459,0.048648,0.031846,0.074875
0.039769,0.192184,0.039765,0.020161,0.023493,0.098922,0.172922,0.201424,0.018435,0.192924
0.033513,0.222564,0.033511,0.024822,0.025762,0.150486,0.113788,0.147006,0.026028,0.222520
0.278726,0.072780,0.278655,0.048564,0.069338,0.074543,0.043928,0.038233,0.022938,0.072294
0.344532,0.044774,0.344369,0.069094,0.059998,0.028331,0.028625,0.021036,0.014865,0.044375
0.060096,0.221839,0.060085,0.018268,0.027536,0.128008,0.083265,0.160617,0.018640,0.221646
0.040230,0.216021,0.040226,0.024875,0.027058,0.175576,0.093604,0.132567,0.034418,0.215425
0.040230,0.216021,0.040226,0.024875,0.027058,0.175576,0.093604,0.132567,0.034418,0.215425
0.242699,0.046317,0.242620,0.115655,0.151172,0.044866,0.053772,0.029728,0.027075,0.046094
0.032183,0.244386,0.032180,0.016748,0.019909,0.150197,0.080764,0.161780,0.016561,0.245291
0.076141,0.021574,0.076142,0.684055,0.050013,0.019021,0.016267,0.015046,0.020228,0.021512
0.251469,0.064228,0.251429,0.081234,0.107948,0.050780,0.047151,0.046650,0.035088,0.064023
0.003452,0.040998,0.003451,0.001971,0.002047,0.034506,0.853536,0.017452,0.001877,0.040711
0.054519,0.171270,0.054516,0.039549,0.040666,0.162518,0.107479,0.163454,0.034290,0.171739
0.033141,0.207062,0.033138,0.024055,0.020576,0.118378,0.125109,0.192156,0.037785,0.208600
0.165990,0.023035,0.166038,0.128894,0.428873,0.017541,0.016612,0.017642,0.012395,0.022979
0.309646,0.057562,0.309652,0.044357,0.089172,0.037883,0.033798,0.033428,0.027361,0.057141
0.034750,0.032826,0.034749,0.018170,0.025930,0.026539,0.765360,0.018126,0.010799,0.032751
0.002480,0.044733,0.002480,0.001581,0.001598,0.035551,0.841931,0.023129,0.001850,0.044666
0.003585,0.048439,0.003585,0.002046,0.002209,0.038087,0.828921,0.023206,0.002018,0.047904
0.288199,0.046952,0.288164,0.067363,0.122340,0.041664,0.038945,0.032319,0.027284,0.046769
0.060370,0.204814,0.060361,0.032944,0.035400,0.145776,0.108246,0.116550,0.033641,0.201899
0.011791,0.176652,0.011789,0.006705,0.005646,0.268586,0.160641,0.175724,0.003285,0.179181
0.312960,0.049211,0.313081,0.057032,0.102857,0.037333,0.033029,0.032636,0.012800,0.049062
0.246100,0.066109,0.246077,0.097619,0.097242,0.050309,0.053148,0.044453,0.033138,0.065804
0.194671,0.016702,0.194749,0.153193,0.384729,0.011597,0.011486,0.009500,0.006772,0.016601
0.013975,0.212366,0.013972,0.004818,0.005125,0.260720,0.144898,0.126353,0.003236,0.214536
0.138601,0.023175,0.138643,0.539941,0.075372,0.018634,0.018590,0.016235,0.007699,0.023111
0.014584,0.171022,0.014583,0.011197,0.010913,0.191689,0.081030,0.322417,0.011251,0.171314
0.023164,0.229929,0.023159,0.009404,0.010567,0.218922,0.056710,0.194300,0.007528,0.226319
0.257542,0.059209,0.257484,0.090724,0.105772,0.046603,0.044244,0.041189,0.038278,0.058955
0.015971,0.204776,0.015968,0.006924,0.008251,0.329688,0.072817,0.136859,0.007371,0.201374
0.006309,0.158434,0.006308,0.003248,0.003468,0.082422,0.025262,0.550424,0.003111,0.161015
0.046795,0.168012,0.046798,0.029686,0.043307,0.139574,0.128922,0.205441,0.021261,0.170205
0.153965,0.106654,0.153934,0.078169,0.086326,0.091368,0.074881,0.094118,0.053821,0.106764
0.141588,0.039768,0.141610,0.173920,0.133515,0.031309,0.031158,0.027427,0.240090,0.039615
0.055362,0.148062,0.055356,0.019751,0.024294,0.131093,0.309705,0.092825,0.015136,0.148416
0.165383,0.171037,0.165359,0.026155,0.046427,0.117363,0.074027,0.052815,0.013742,0.167692
0.068588,0.182347,0.068584,0.023404,0.031030,0.150280,0.167630,0.085220,0.042647,0.180272
0.147596,0.131815,0.147556,0.053108,0.066888,0.094430,0.084417,0.093772,0.048915,0.131503
0.044980,0.251285,0.044971,0.015054,0.021274,0.226639,0.059089,0.080675,0.014390,0.241643
0.026291,0.208098,0.026290,0.020546,0.019994,0.193165,0.092589,0.182423,0.022789,0.207813
0.021598,0.089883,0.021594,0.008341,0.009105,0.100461,0.579748,0.073962,0.004771,0.090538
0.144554,0.014101,0.144626,0.305001,0.341898,0.010192,0.010528,0.008729,0.006338,0.014032
0.054265,0.121250,0.054255,0.026300,0.027243,0.154482,0.362100,0.062234,0.017353,0.120518
0.029035,0.199307,0.029030,0.015852,0.016896,0.233505,0.094629,0.171264,0.012621,0.197861
0.079753,0.188284,0.079757,0.024854,0.040064,0.122106,0.101809,0.160556,0.014538,0.188279
0.106182,0.144087,0.106169,0.053507,0.044147,0.143578,0.130653,0.100819,0.027033,0.143825
0.022076,0.126493,0.022071,0.006941,0.008514,0.086601,0.029763,0.563462,0.005415,0.128665
0.011407,0.103813,0.011406,0.006912,0.007564,0.106395,0.545292,0.096160,0.006374,0.104677
0.179285,0.006547,0.179373,0.295149,0.313993,0.005135,0.006299,0.003898,0.003814,0.006508
0.013407,0.166186,0.013406,0.009338,0.009432,0.176643,0.061057,0.370639,0.010819,0.169073
0.042209,0.132227,0.042200,0.020616,0.018740,0.151027,0.378401,0.069847,0.012674,0.132059
0.020815,0.105826,0.020813,0.008511,0.010057,0.092275,0.541019,0.087329,0.006854,0.106501
0.034612,0.159736,0.034600,0.007333,0.009070,0.153711,0.027835,0.406712,0.004466,0.161925
0.321009,0.041468,0.321052,0.069393,0.110554,0.038004,0.024668,0.022157,0.010453,0.041241
0.017910,0.127078,0.017907,0.012411,0.011249,0.104906,0.472591,0.098278,0.011164,0.126506
0.023267,0.165350,0.023264,0.008131,0.010424,0.171492,0.306055,0.118741,0.006415,0.166861
0.043567,0.208934,0.043556,0.020933,0.019771,0.174897,0.056257,0.207759,0.012290,0.212036
0.005519,0.209109,0.005518,0.003183,0.003324,0.132914,0.032260,0.398722,0.003122,0.206328
0.005213,0.037076,0.005212,0.001821,0.002146,0.020432,0.878451,0.011964,0.001335,0.036348
0.006527,0.061772,0.006526,0.002864,0.003181,0.055654,0.769666,0.029853,0.002845,0.061112
0.045556,0.179513,0.045544,0.019971,0.020627,0.085381,0.145397,0.214569,0.062734,0.180707
0.013425,0.194630,0.013423,0.008322,0.009618,0.141203,0.111280,0.302419,0.008014,0.197665
0.007791,0.053035,0.007790,0.004176,0.004681,0.048717,0.781182,0.035301,0.003826,0.053501
0.019236,0.157477,0.019234,0.009782,0.010451,0.252809,0.278081,0.089325,0.007309,0.156297
0.057029,0.206518,0.057025,0.040234,0.034083,0.139909,0.097176,0.141307,0.022951,0.203768
0.024970,0.201188,0.024966,0.011151,0.012384,0.186845,0.045504,0.275768,0.013220,0.204003
0.009473,0.188331,0.009472,0.004192,0.004992,0.206308,0.262808,0.120188,0.004296,0.189941
0.014312,0.188852,0.014309,0.007260,0.007395,0.171043,0.228034,0.171977,0.007761,0.189057
0.040429,0.182686,0.040426,0.023551,0.026162,0.168259,0.074366,0.238150,0.020598,0.185373
0.016743,0.214027,0.016741,0.013689,0.012763,0.190826,0.097828,0.211921,0.013094,0.212369
0.008620,0.204878,0.008619,0.005347,0.005765,0.160489,0.052403,0.338903,0.005554,0.209422
0.011915,0.258384,0.011913,0.005744,0.006539,0.178376,0.080941,0.186526,0.005849,0.253812
0.011791,0.176652,0.011789,0.006705,0.005646,0.268586,0.160641,0.175724,0.003285,0.179181
0.028045,0.200088,0.028042,0.016991,0.018190,0.147042,0.074428,0.270587,0.016849,0.199736
0.033141,0.207062,0.033138,0.024055,0.020576,0.118378,0.125109,0.192156,0.037785,0.208600
0.013958,0.213718,0.013957,0.005095,0.006344,0.195891,0.044481,0.284326,0.003336,0.218895
0.344619,0.027214,0.344633,0.045371,0.098872,0.020846,0.016664,0.020693,0.053987,0.027101
0.296199,0.041423,0.296281,0.045448,0.160395,0.023114,0.020735,0.021091,0.054248,0.041068
0.038567,0.179528,0.038563,0.028721,0.027218,0.163421,0.092333,0.228042,0.023300,0.180307
0.004195,0.071001,0.004195,0.002772,0.002693,0.067544,0.698091,0.075463,0.002610,0.071436
0.061203,0.192348,0.061191,0.035063,0.033361,0.142565,0.081559,0.159775,0.039093,0.193843
0.034342,0.218705,0.034337,0.019136,0.020044,0.106527,0.154037,0.177346,0.016318,0.219209
0.223148,0.037933,0.223162,0.222780,0.138053,0.034867,0.031749,0.028619,0.021903,0.037785
0.269194,0.012159,0.269214,0.289272,0.118613,0.008564,0.008573,0.007070,0.005274,0.012068
0.005795,0.001458,0.005796,0.973304,0.006597,0.001452,0.001536,0.001176,0.001429,0.001455
0.263348,0.014814,0.263412,0.063293,0.330836,0.012325,0.018153,0.009921,0.009142,0.014757
0.294368,0.056212,0.294418,0.038402,0.129941,0.042346,0.035615,0.034105,0.018796,0.055798
0.022153,0.009081,0.022155,0.880705,0.024944,0.008610,0.009489,0.007184,0.006620,0.009059
0.008949,0.004228,0.008949,0.952134,0.007706,0.003491,0.003737,0.003235,0.003356,0.004214
0.241906,0.034660,0.241949,0.180497,0.163204,0.032393,0.026824,0.023398,0.020677,0.034492
0.166299,0.063943,0.166360,0.122610,0.169596,0.062159,0.062981,0.060428,0.061727,0.063896
0.008883,0.002380,0.008883,0.963473,0.007040,0.001879,0.001989,0.001678,0.001425,0.002369
0.088659,0.021413,0.088665,0.650700,0.057858,0.018359,0.018030,0.016698,0.018276,0.021342
0.236333,0.049956,0.236375,0.091773,0.149104,0.048036,0.046388,0.044758,0.047393,0.049883
0.087248,0.014446,0.087259,0.664789,0.087660,0.011950,0.010978,0.009537,0.011767,0.014366
0.114823,0.006593,0.114866,0.507819,0.231014,0.005917,0.004765,0.004009,0.003633,0.006560
0.113773,0.008621,0.113831,0.025347,0.701577,0.007053,0.006922,0.006294,0.007993,0.008590
0.199269,0.079846,0.199259,0.061591,0.087586,0.056094,0.050041,0.054174,0.132691,0.079448
0.112710,0.004814,0.112778,0.051241,0.700892,0.003393,0.003721,0.002841,0.002830,0.004779
0.101023,0.194018,0.101008,0.030084,0.044806,0.105835,0.070859,0.141895,0.017105,0.193366
0.089021,0.015031,0.089078,0.093596,0.645555,0.013017,0.016878,0.010862,0.011978,0.014983
0.122462,0.114070,0.122451,0.076478,0.082922,0.095119,0.092288,0.093523,0.086804,0.113883
0.178819,0.083219,0.178805,0.095581,0.124234,0.078399,0.062802,0.068034,0.047033,0.083073
0.055384,0.008999,0.055389,0.781847,0.039932,0.006978,0.006704,0.005665,0.030153,0.008947
0.400664,0.016669,0.400830,0.023502,0.102924,0.013359,0.010062,0.009286,0.006153,0.016551
0.084464,0.013807,0.084478,0.021186,0.746162,0.009978,0.009672,0.008825,0.007697,0.013729
0.342772,0.026462,0.342877,0.061596,0.130136,0.020375,0.019215,0.016085,0.014205,0.026277
0.265087,0.029707,0.265150,0.065450,0.263322,0.023498,0.022289,0.019126,0.016845,0.029525
0.185811,0.034871,0.185856,0.252978,0.197351,0.036657,0.025046,0.025329,0.021312,0.034789
0.194671,0.016702,0.194749,0.153193,0.384729,0.011597,0.011486,0.009500,0.006772,0.016601
0.306641,0.037980,0.306594,0.080259,0.082038,0.029530,0.029063,0.022906,0.067222,0.037767
0.159522,0.066060,0.159528,0.166811,0.139933,0.060833,0.058697,0.054479,0.068269,0.065869
0.209798,0.053463,0.209864,0.134007,0.183384,0.044984,0.040108,0.041466,0.029611,0.053316
0.190509,0.011846,0.190585,0.033226,0.529319,0.009836,0.009303,0.007903,0.005676,0.011798
0.242998,0.063283,0.243027,0.064612,0.154054,0.050665,0.045405,0.045302,0.027466,0.063187
0.113981,0.027625,0.113986,0.518514,0.108097,0.023320,0.023494,0.021223,0.022210,0.027551
0.260342,0.075988,0.260337,0.057419,0.091513,0.056791,0.048863,0.044107,0.029094,0.075546
0.006747,0.001629,0.006746,0.970844,0.006835,0.001597,0.001448,0.001217,0.001315,0.001623
0.276541,0.008518,0.276680,0.016988,0.391055,0.007014,0.005662,0.004789,0.004301,0.008452
0.167715,0.048985,0.167723,0.308008,0.118041,0.038243,0.041380,0.033258,0.027922,0.048724
0.030914,0.008841,0.030923,0.018906,0.874926,0.007475,0.006820,0.006498,0.005895,0.008803
0.114035,0.026648,0.114051,0.533041,0.104790,0.021645,0.022272,0.017688,0.019332,0.026498
0.156731,0.139962,0.156667,0.038145,0.047971,0.148300,0.055852,0.078764,0.038057,0.139549
0.020428,0.007033,0.020426,0.914200,0.011963,0.005240,0.005655,0.004683,0.003364,0.007008
0.065137,0.009153,0.065159,0.050964,0.769084,0.008428,0.007634,0.006688,0.008636,0.009116
0.257159,0.075102,0.257068,0.054079,0.073854,0.074224,0.063757,0.041548,0.028448,0.074760
0.093957,0.010873,0.093979,0.417126,0.339392,0.008714,0.008686,0.007641,0.008815,0.010817
0.153541,0.022901,0.153594,0.080142,0.494781,0.018463,0.020098,0.015690,0.017981,0.022809
0.041303,0.004345,0.041322,0.842100,0.053104,0.003985,0.003400,0.003172,0.002939,0.004331
0.063971,0.004296,0.064000,0.011844,0.839706,0.003734,0.003616,0.002565,0.001995,0.004273
0.247923,0.008274,0.248044,0.045695,0.417704,0.006899,0.006431,0.005388,0.005413,0.008229
0.166299,0.063943,0.166360,0.122610,0.169596,0.062159,0.062981,0.060428,0.061727,0.063896
0.102713,0.012831,0.102746,0.240700,0.485090,0.011182,0.010688,0.009902,0.011362,0.012787
0.015512,0.003208,0.015510,0.938352,0.013638,0.002724,0.003046,0.002355,0.002459,0.003196
0.292406,0.019840,0.292457,0.174348,0.146571,0.016301,0.020113,0.010538,0.007707,0.019719
0.371260,0.016695,0.371371,0.032864,0.150239,0.012953,0.011212,0.009551,0.007276,0.016580
0.367219,0.026447,0.367261,0.031616,0.115256,0.020301,0.016250,0.015961,0.013399,0.026290
0.190561,0.051965,0.190583,0.206228,0.144819,0.046319,0.041971,0.039432,0.036350,0.051771
0.222948,0.038104,0.222956,0.161282,0.158009,0.029614,0.028984,0.025843,0.074312,0.037948
0.028481,0.004179,0.028492,0.711484,0.202961,0.003573,0.003230,0.003102,0.010336,0.004163
0.300993,0.039497,0.301051,0.058588,0.166743,0.028395,0.027323,0.022913,0.015212,0.039287
0.211678,0.042594,0.211748,0.134686,0.238535,0.032962,0.031582,0.030407,0.023403,0.042406
0.288768,0.047031,0.288728,0.077298,0.123039,0.047370,0.034661,0.026410,0.019971,0.046724
0.283703,0.023043,0.283777,0.209034,0.119943,0.017424,0.017796,0.013827,0.008535,0.022917
0.076995,0.005992,0.077020,0.766027,0.051422,0.004877,0.004194,0.003933,0.003576,0.005962
0.059558,0.007305,0.059583,0.320221,0.523000,0.006335,0.005822,0.005391,0.005503,0.007282
0.157252,0.088367,0.157287,0.103361,0.177677,0.076453,0.061196,0.062518,0.027544,0.088346
0.078820,0.020551,0.078834,0.635057,0.089825,0.016276,0.015247,0.014694,0.030230,0.020466
0.202837,0.089900,0.202807,0.061778,0.082499,0.073292,0.073692,0.060515,0.063205,0.089476
0.122641,0.023034,0.122653,0.075639,0.578813,0.014904,0.014990,0.012688,0.011776,0.022861
0.262289,0.074475,0.262218,0.069493,0.075320,0.060314,0.055084,0.042269,0.024636,0.073902
0.269085,0.051644,0.269016,0.088374,0.111479,0.053137,0.035938,0.032261,0.037744,0.051320
0.403082,0.019179,0.402934,0.041026,0.069500,0.014973,0.012542,0.010532,0.007199,0.019033
0.144427,0.020944,0.144478,0.474499,0.135567,0.016987,0.014734,0.012981,0.014561,0.020823
0.254241,0.012505,0.254320,0.038544,0.392513,0.009964,0.009558,0.007674,0.008249,0.012431
0.371181,0.019221,0.371253,0.040017,0.124226,0.016310,0.018284,0.011694,0.008704,0.019111
0.322067,0.042056,0.322047,0.056376,0.098054,0.033249,0.039164,0.026403,0.018699,0.041884
0.339363,0.025551,0.339336,0.086884,0.118504,0.024016,0.017254,0.013986,0.009722,0.025384
0.364759,0.040838,0.364700,0.038655,0.064242,0.026548,0.021393,0.023723,0.014637,0.040505
0.296175,0.022168,0.296309,0.047883,0.251038,0.017976,0.017948,0.014364,0.014097,0.022042
0.334970,0.033013,0.334974,0.103624,0.084223,0.022861,0.020659,0.017164,0.015815,0.032697
0.338432,0.038844,0.338521,0.032045,0.128182,0.028691,0.027339,0.019623,0.009751,0.038572
0.198767,0.022684,0.198798,0.362612,0.125595,0.019345,0.021372,0.015541,0.012686,0.022602
0.338737,0.036976,0.338734,0.060710,0.086470,0.033619,0.028031,0.023637,0.016310,0.036776
0.410440,0.024488,0.410401,0.025298,0.053923,0.017404,0.013614,0.012132,0.008073,0.024226
0.320715,0.050108,0.320586,0.040859,0.087243,0.038702,0.035804,0.036792,0.019230,0.049961
0.340427,0.026024,0.340515,0.045248,0.151043,0.020899,0.019104,0.016839,0.014026,0.025875
0.287821,0.046868,0.287863,0.073287,0.121423,0.038407,0.036147,0.029214,0.032405,0.046563
0.266429,0.061839,0.266377,0.061204,0.088747,0.051218,0.043370,0.042721,0.056521,0.061575
0.393467,0.015813,0.393515,0.027869,0.116554,0.013403,0.010374,0.007888,0.005435,0.015682
0.313214,0.020993,0.313349,0.051326,0.217433,0.018026,0.019842,0.014088,0.010827,0.020902
0.389935,0.025046,0.389954,0.036629,0.076358,0.017596,0.016192,0.013496,0.009951,0.024842
0.312370,0.041867,0.312373,0.057750,0.114199,0.031843,0.031323,0.026969,0.029639,0.041667
0.142962,0.026020,0.142989,0.050479,0.527944,0.024645,0.020309,0.017643,0.021122,0.025885
0.380217,0.022025,0.380078,0.072791,0.073911,0.017548,0.012513,0.010810,0.008266,0.021842
0.071315,0.031349,0.071321,0.420079,0.048966,0.028942,0.272461,0.016354,0.007904,0.031308
0.344262,0.048893,0.344081,0.041159,0.053106,0.036959,0.028571,0.027294,0.027133,0.048541
0.073210,0.019962,0.073225,0.092272,0.662713,0.015477,0.016764,0.013440,0.013062,0.019874
0.332670,0.034665,0.332679,0.030501,0.148104,0.037514,0.016889,0.018048,0.014500,0.034430
0.112661,0.017991,0.112696,0.597263,0.093556,0.015333,0.012824,0.010484,0.009303,0.017887
0.295247,0.034654,0.295329,0.057759,0.187529,0.030893,0.026244,0.021931,0.015940,0.034474
0.068557,0.016655,0.068547,0.701996,0.046100,0.013756,0.015116,0.011186,0.041501,0.016584
0.043875,0.006477,0.043895,0.115230,0.764054,0.005046,0.005089,0.004707,0.005172,0.006454
0.050551,0.011645,0.050566,0.056117,0.784776,0.009259,0.009710,0.008231,0.007547,0.011598
0.027589,0.002216,0.027603,0.013745,0.919893,0.002008,0.001920,0.001486,0.001330,0.002210
0.314254,0.027002,0.314373,0.088976,0.161160,0.020258,0.017267,0.018858,0.010957,0.026895
0.038816,0.003398,0.038834,0.031852,0.872356,0.003028,0.002775,0.002416,0.003141,0.003383
0.015440,0.001936,0.015443,0.873333,0.086572,0.001451,0.001440,0.001348,0.001108,0.001929
0.206056,0.047807,0.206044,0.241424,0.127001,0.035129,0.035440,0.030789,0.022762,0.047547
0.344385,0.026500,0.344447,0.040554,0.137679,0.018177,0.016806,0.014512,0.030662,0.026279
0.351712,0.046515,0.351597,0.031126,0.055061,0.053325,0.029137,0.021595,0.013879,0.046055
0.275351,0.015735,0.275509,0.081139,0.294668,0.012590,0.011654,0.010423,0.007278,0.015653
0.192167,0.046606,0.192157,0.171431,0.120666,0.044117,0.037840,0.031529,0.117036,0.046451
0.045393,0.004578,0.045416,0.252140,0.633581,0.004000,0.003082,0.003207,0.004047,0.004557
0.360953,0.028424,0.361079,0.031907,0.115956,0.027975,0.019895,0.013361,0.012268,0.028184
0.177336,0.086201,0.177346,0.070516,0.131548,0.074900,0.083197,0.059170,0.053965,0.085821
0.330232,0.025668,0.330305,0.081786,0.116299,0.022510,0.018327,0.015971,0.033394,0.025510
0.329763,0.041236,0.329591,0.095251,0.062371,0.029672,0.026396,0.023925,0.020835,0.040959
0.298572,0.025456,0.298632,0.090895,0.159611,0.018893,0.017757,0.013100,0.051840,0.025243
0.143369,0.017629,0.143335,0.565911,0.061763,0.014910,0.013433,0.010530,0.011603,0.017519
0.155421,0.045235,0.155460,0.193751,0.145180,0.046804,0.037858,0.034751,0.140430,0.045110
0.064091,0.023121,0.064107,0.169352,0.586104,0.019191,0.018963,0.018714,0.013270,0.023087
0.395018,0.026494,0.394742,0.056119,0.047054,0.018741,0.014419,0.012722,0.008437,0.026254
0.229937,0.063718,0.229883,0.050907,0.075342,0.047607,0.042328,0.036468,0.160555,0.063254
0.290314,0.051038,0.290380,0.060769,0.125549,0.038995,0.033066,0.034776,0.024310,0.050802
0.273197,0.034011,0.273236,0.141417,0.139222,0.039950,0.023168,0.021999,0.019924,0.033875
0.309679,0.058898,0.309554,0.030289,0.051237,0.039047,0.031002,0.026957,0.085066,0.058268
0.291580,0.064476,0.291531,0.045748,0.070377,0.052873,0.043993,0.038773,0.036547,0.064101
0.187938,0.036000,0.187964,0.268970,0.179795,0.028968,0.027618,0.023560,0.023380,0.035807
0.190583,0.068169,0.190544,0.224434,0.073915,0.048944,0.053330,0.042886,0.039396,0.067800
0.099829,0.012648,0.099817,0.683593,0.057530,0.010028,0.009298,0.008107,0.006562,0.012589
0.050238,0.013933,0.050239,0.773463,0.054616,0.011446,0.011018,0.010368,0.010800,0.013879
0.100000,0.100000,0.100000,0.100000,0.100000,0.100000,0.100000,0.100000,0.100000,0.100000
0.085505,0.025494,0.085526,0.055127,0.633879,0.022397,0.023219,0.021774,0.021635,0.025442
0.295528,0.041131,0.295500,0.063056,0.145041,0.031474,0.028540,0.026009,0.032843,0.040878
0.240493,0.008091,0.240578,0.022913,0.461926,0.006584,0.004713,0.003826,0.002843,0.008032
0.072825,0.042304,0.072838,0.076633,0.522893,0.037292,0.060906,0.037662,0.034390,0.042256
0.023842,0.007083,0.023849,0.032173,0.879217,0.007293,0.006637,0.006352,0.006477,0.007076
0.228709,0.053055,0.228681,0.171425,0.112026,0.040604,0.041928,0.033920,0.036862,0.052788
0.036914,0.012046,0.036924,0.045864,0.811494,0.010410,0.012306,0.009520,0.012502,0.012020
0.023224,0.009311,0.023229,0.030116,0.870059,0.008542,0.008838,0.008584,0.008791,0.009305
0.061701,0.053495,0.061698,0.471981,0.064408,0.041945,0.054370,0.042415,0.094620,0.053367
0.042441,0.012456,0.042451,0.083504,0.763112,0.010092,0.012281,0.010691,0.010537,0.012436
0.013797,0.010200,0.013797,0.894345,0.018861,0.009487,0.010162,0.009585,0.009569,0.010197
0.014692,0.011672,0.014693,0.888561,0.016837,0.010676,0.011160,0.010797,0.009243,0.011669
0.047017,0.023863,0.047009,0.751468,0.033757,0.018965,0.017235,0.018638,0.018261,0.023787
0.024683,0.015498,0.024684,0.837859,0.027780,0.013326,0.013680,0.013321,0.013689,0.015478
0.047414,0.032959,0.047415,0.661069,0.052997,0.027653,0.046766,0.028644,0.022176,0.032907
0.005409,0.002611,0.005409,0.969691,0.005303,0.002258,0.002339,0.002091,0.002284,0.002605
0.006070,0.003020,0.006070,0.963082,0.007604,0.002647,0.002643,0.002528,0.003320,0.003014
0.031855,0.025929,0.031856,0.728167,0.044594,0.022911,0.023789,0.022452,0.042561,0.025887
0.098938,0.035800,0.098959,0.098546,0.494194,0.032633,0.034468,0.031390,0.039333,0.035739
0.070912,0.018359,0.070932,0.084075,0.674573,0.016085,0.016156,0.015194,0.015392,0.018322
0.047637,0.010001,0.047648,0.808451,0.044032,0.009029,0.009141,0.007947,0.006136,0.009976
0.008641,0.006562,0.008642,0.921705,0.011584,0.005478,0.009250,0.005485,0.016103,0.006551
0.005698,0.002643,0.005698,0.967025,0.006265,0.002406,0.002341,0.002082,0.003207,0.002636
0.057349,0.042821,0.057344,0.621356,0.047753,0.032055,0.029527,0.035418,0.033605,0.042771
0.083460,0.074119,0.083454,0.238165,0.079657,0.061847,0.090707,0.061221,0.153384,0.073985
0.006033,0.002773,0.006032,0.964630,0.006785,0.002591,0.002779,0.002285,0.003325,0.002767
0.003126,0.001980,0.003126,0.972060,0.003928,0.001866,0.001781,0.001779,0.008378,0.001977
0.007378,0.004579,0.007379,0.949372,0.008836,0.005370,0.003942,0.003725,0.004850,0.004570
0.009036,0.006958,0.009037,0.917042,0.011946,0.005787,0.009915,0.005799,0.017534,0.006946
0.034423,0.036994,0.034424,0.671466,0.038539,0.038613,0.038144,0.036211,0.034157,0.037028
0.063741,0.053237,0.063733,0.561730,0.049074,0.037445,0.032739,0.039842,0.045363,0.053095
0.290910,0.039601,0.290952,0.057222,0.128350,0.033498,0.027798,0.025746,0.066496,0.039427
0.396311,0.015955,0.396391,0.037774,0.100873,0.012433,0.010321,0.008510,0.005606,0.015825
0.074402,0.072359,0.074399,0.290335,0.072088,0.063079,0.150147,0.059998,0.070967,0.072226
0.023767,0.001437,0.023782,0.843229,0.101843,0.001282,0.001181,0.001020,0.001028,0.001431
0.314003,0.030922,0.314074,0.059154,0.161778,0.025543,0.027069,0.019989,0.016716,0.030752
0.333798,0.044178,0.333747,0.040942,0.098743,0.032709,0.029179,0.025974,0.016841,0.043891
0.071269,0.062858,0.071268,0.297223,0.057460,0.051508,0.045977,0.051664,0.228090,0.062683
0.415504,0.017912,0.415492,0.025903,0.067773,0.012185,0.011179,0.009150,0.007154,0.017747
0.379329,0.023192,0.379336,0.036410,0.102846,0.015930,0.014700,0.013380,0.011858,0.023019
0.208961,0.065189,0.208940,0.098967,0.138048,0.054817,0.047197,0.051195,0.061721,0.064965
0.245612,0.066524,0.245571,0.051434,0.088573,0.047403,0.046852,0.037242,0.104815,0.065973
0.404514,0.009251,0.404666,0.016702,0.135087,0.006458,0.005976,0.004888,0.003281,0.009177
0.298950,0.065718,0.298867,0.044415,0.078221,0.046932,0.041490,0.038913,0.021253,0.065240
0.203165,0.065747,0.203174,0.154645,0.119497,0.047700,0.049583,0.046092,0.044910,0.065488
0.238546,0.072065,0.238504,0.094847,0.074245,0.066987,0.047225,0.045808,0.050163,0.071612
0.252746,0.079212,0.252714,0.046434,0.090702,0.060018,0.053372,0.053424,0.032530,0.078847
0.329026,0.042692,0.329032,0.048200,0.105997,0.031749,0.028766,0.025072,0.017020,0.042445
0.237977,0.043294,0.237965,0.143754,0.173048,0.033877,0.031247,0.029046,0.026695,0.043097
0.253634,0.012748,0.253728,0.032679,0.402023,0.008958,0.008314,0.007541,0.007707,0.012668
0.317793,0.046385,0.317789,0.040446,0.117651,0.033700,0.032467,0.028076,0.019567,0.046126
0.411033,0.018353,0.411056,0.017822,0.069708,0.012043,0.016030,0.007543,0.018257,0.018156
0.247179,0.062059,0.247210,0.090229,0.136250,0.042421,0.040853,0.042122,0.029934,0.061741
0.248288,0.043066,0.248302,0.140299,0.159679,0.033218,0.027021,0.032755,0.024456,0.042915
0.085882,0.005711,0.085941,0.073626,0.726547,0.004651,0.004571,0.003983,0.003401,0.005688
0.101672,0.014311,0.101719,0.358463,0.364242,0.011676,0.010886,0.010392,0.012392,0.014248
0.160071,0.035873,0.160099,0.210067,0.279581,0.031250,0.031314,0.028506,0.027447,0.035793
0.218347,0.066275,0.218369,0.119552,0.131500,0.051704,0.045866,0.045774,0.036637,0.065977
0.183459,0.071645,0.183503,0.097105,0.159103,0.063681,0.063930,0.056759,0.049305,0.071510
0.329038,0.033090,0.329125,0.045781,0.130419,0.029870,0.026888,0.020860,0.022048,0.032882
0.177512,0.019579,0.177528,0.033299,0.522145,0.014885,0.012277,0.011697,0.011623,0.019456
0.303048,0.041466,0.303089,0.047689,0.154071,0.031839,0.027094,0.027688,0.022777,0.041240
0.168067,0.110835,0.168035,0.061629,0.077666,0.084901,0.079843,0.076457,0.062374,0.110194
0.320326,0.044766,0.320362,0.042091,0.113099,0.033302,0.029777,0.027826,0.023984,0.044467
0.139255,0.075589,0.139276,0.082999,0.189294,0.073954,0.078929,0.072125,0.073031,0.075549
0.091644,0.009273,0.091667,0.025544,0.746748,0.008303,0.005993,0.005742,0.005878,0.009210
0.200152,0.054431,0.200170,0.103363,0.223780,0.047583,0.043546,0.041274,0.031425,0.054274
0.321131,0.026051,0.321227,0.041568,0.204354,0.018994,0.015635,0.015374,0.009787,0.025879
0.092050,0.116066,0.092049,0.096333,0.080309,0.104673,0.130976,0.098312,0.073230,0.116004
0.129942,0.081701,0.129934,0.232892,0.082979,0.076375,0.065179,0.061638,0.057800,0.081560
0.234923,0.016523,0.235082,0.060077,0.390875,0.012291,0.012571,0.010424,0.010824,0.016411
0.364943,0.025086,0.364974,0.036977,0.125486,0.016443,0.014452,0.013937,0.012816,0.024886
0.314065,0.038823,0.314060,0.055457,0.089884,0.032520,0.021327,0.020729,0.074655,0.038478
0.082459,0.035479,0.082449,0.039149,0.036530,0.028345,0.026687,0.025341,0.608247,0.035313
0.279431,0.079314,0.279373,0.042696,0.066892,0.051393,0.046328,0.049614,0.025699,0.079259
0.232311,0.013743,0.232425,0.102647,0.365943,0.010354,0.009515,0.009314,0.010070,0.013679
0.212295,0.035548,0.212336,0.146441,0.233829,0.031660,0.037267,0.028715,0.026456,0.035453
0.019713,0.001104,0.019727,0.004615,0.950453,0.000914,0.000791,0.000795,0.000789,0.001099
0.299405,0.044388,0.299460,0.056757,0.134862,0.032544,0.029742,0.031879,0.026717,0.044246
0.247057,0.068802,0.247087,0.057377,0.113883,0.061983,0.058866,0.046927,0.029517,0.068501
0.237907,0.016206,0.237969,0.035977,0.407900,0.013260,0.012615,0.010249,0.011804,0.016113
0.357826,0.036891,0.357778,0.051165,0.072621,0.032524,0.023746,0.019170,0.011682,0.036597
0.399524,0.026298,0.399421,0.028405,0.053468,0.017908,0.015537,0.013120,0.020260,0.026059
0.134155,0.017172,0.134179,0.170369,0.477497,0.014469,0.014360,0.011130,0.009580,0.017089
0.155689,0.120675,0.155670,0.061542,0.070161,0.096978,0.094042,0.075528,0.049470,0.120245
0.092960,0.049116,0.092947,0.053257,0.057822,0.036882,0.034187,0.035757,0.498128,0.048943
0.214890,0.042112,0.214968,0.076162,0.288144,0.033218,0.029411,0.029795,0.029403,0.041896
0.341244,0.021189,0.341332,0.056358,0.163053,0.016783,0.017306,0.013510,0.008152,0.021072
0.021936,0.001998,0.021947,0.860374,0.085596,0.001746,0.001588,0.001507,0.001316,0.001992
0.229677,0.010599,0.229812,0.239463,0.250553,0.009571,0.007611,0.006144,0.006038,0.010531
0.052333,0.002206,0.052358,0.006616,0.877485,0.002156,0.001357,0.001147,0.002152,0.002191
0.235209,0.027246,0.235293,0.186936,0.213224,0.021309,0.018296,0.018921,0.016451,0.027116
0.272501,0.025196,0.272575,0.084785,0.242942,0.020888,0.021959,0.017566,0.016495,0.025092
0.071766,0.007657,0.071795,0.049165,0.767939,0.006254,0.006384,0.005730,0.005674,0.007636
0.210195,0.040962,0.210240,0.177020,0.187244,0.041751,0.034257,0.029416,0.028095,0.040820
0.272114,0.037595,0.272196,0.078338,0.166981,0.033184,0.024655,0.024653,0.052859,0.037426
0.165990,0.023035,0.166038,0.128894,0.428873,0.017541,0.016612,0.017642,0.012395,0.022979
0.355828,0.033422,0.355818,0.060538,0.087728,0.030224,0.017253,0.017749,0.008283,0.033158
0.144554,0.014101,0.144626,0.305001,0.341898,0.010192,0.010528,0.008729,0.006338,0.014032
0.265305,0.034891,0.265385,0.103787,0.206060,0.025782,0.025794,0.021386,0.016882,0.034728
0.402287,0.026265,0.402221,0.027937,0.058598,0.018322,0.017639,0.012441,0.008247,0.026042
0.230518,0.014765,0.230656,0.043143,0.417446,0.011008,0.010502,0.008899,0.018409,0.014656
0.193473,0.096007,0.193418,0.073917,0.081339,0.078307,0.069235,0.071535,0.046996,0.095773
0.298906,0.022343,0.299092,0.064792,0.238490,0.015750,0.014384,0.013797,0.010288,0.022157
0.322233,0.046234,0.322177,0.066678,0.077356,0.035629,0.038217,0.025574,0.020027,0.045873
0.208574,0.031884,0.208593,0.151531,0.270132,0.025788,0.024529,0.021917,0.025310,0.031742
0.131902,0.056176,0.131894,0.126491,0.171925,0.041186,0.038674,0.040120,0.205665,0.055968
0.121157,0.022404,0.121183,0.328411,0.310519,0.020584,0.019022,0.017411,0.016992,0.022316
0.075745,0.011381,0.075758,0.466623,0.325454,0.008432,0.008834,0.007561,0.008893,0.011320
0.336902,0.023270,0.337030,0.050283,0.166212,0.021864,0.015727,0.014834,0.010758,0.023122
0.393366,0.031696,0.393299,0.031773,0.053218,0.022546,0.018343,0.015343,0.009069,0.031347
0.359087,0.021677,0.359223,0.029995,0.158571,0.016484,0.013694,0.010859,0.008924,0.021485
0.317015,0.027659,0.317061,0.049467,0.180580,0.024476,0.021881,0.018161,0.016176,0.027524
0.025028,0.003956,0.025035,0.261891,0.667794,0.003046,0.003001,0.002944,0.003359,0.003945
0.159498,0.005128,0.159522,0.012545,0.643356,0.005085,0.003938,0.003174,0.002653,0.005100
0.124990,0.021580,0.125022,0.121650,0.522716,0.016171,0.021328,0.014209,0.010846,0.021489
0.251469,0.064228,0.251429,0.081234,0.107948,0.050780,0.047151,0.046650,0.035088,0.064023
0.216544,0.072764,0.216488,0.092192,0.120571,0.055199,0.052716,0.049156,0.051910,0.072461
0.214111,0.053063,0.214182,0.062124,0.261084,0.037422,0.038186,0.034112,0.032911,0.052804
0.362618,0.024470,0.362687,0.038704,0.116982,0.021412,0.021330,0.014003,0.013487,0.024307
0.158484,0.014208,0.158554,0.280650,0.336684,0.010865,0.008874,0.009403,0.008130,0.014148
0.252280,0.067913,0.252330,0.059803,0.125258,0.059031,0.050696,0.041456,0.023632,0.067602
0.155696,0.030495,0.155712,0.058835,0.218807,0.023401,0.021968,0.021058,0.283655,0.030374
0.109800,0.090592,0.109797,0.202514,0.087984,0.082268,0.078868,0.080964,0.066691,0.090521
0.086098,0.012496,0.086128,0.348567,0.420547,0.009630,0.010183,0.007876,0.006037,0.012439
0.055254,0.002788,0.055280,0.010669,0.865679,0.002143,0.001931,0.001659,0.001826,0.002770
0.365022,0.022964,0.365119,0.047169,0.118962,0.017388,0.016284,0.013913,0.010376,0.022803
0.105701,0.008916,0.105766,0.485919,0.256483,0.007484,0.008244,0.006343,0.006263,0.008881
0.312225,0.046149,0.312279,0.048130,0.125880,0.034335,0.029622,0.027048,0.018490,0.045842
0.277121,0.026254,0.277260,0.047118,0.269123,0.019978,0.016796,0.015038,0.025238,0.026075
0.254142,0.018467,0.254277,0.096555,0.306726,0.016205,0.013415,0.012046,0.009798,0.018368
0.368000,0.011288,0.368202,0.027169,0.187308,0.008406,0.007511,0.006440,0.004465,0.011210
0.312540,0.031402,0.312580,0.078885,0.150423,0.021243,0.018916,0.018922,0.023885,0.031204
0.238072,0.039847,0.238056,0.200507,0.132925,0.031218,0.027475,0.026298,0.025943,0.039658
0.218758,0.082029,0.218724,0.069237,0.092793,0.066201,0.066914,0.053718,0.050023,0.081602
0.212341,0.034930,0.212384,0.089640,0.307674,0.029906,0.029276,0.025431,0.023630,0.034788
0.191315,0.054463,0.191289,0.117944,0.110893,0.043032,0.042059,0.040601,0.154197,0.054206
0.135451,0.099385,0.135418,0.045953,0.053875,0.071620,0.053531,0.067280,0.238444,0.099043
0.225243,0.047307,0.225277,0.168337,0.152409,0.039939,0.032135,0.033612,0.028631,0.047111
0.137234,0.033896,0.137266,0.032013,0.545563,0.023553,0.020735,0.021574,0.014421,0.033744
0.211658,0.017526,0.211738,0.162354,0.334398,0.012266,0.012127,0.010577,0.009943,0.017413
0.292476,0.063298,0.292430,0.048008,0.114280,0.040156,0.034534,0.033712,0.018237,0.062870
0.092679,0.004725,0.092721,0.051384,0.740304,0.003762,0.003312,0.002988,0.003426,0.004699
0.181205,0.065634,0.181230,0.087885,0.172623,0.066699,0.081530,0.053248,0.044509,0.065437
0.091130,0.017788,0.091133,0.664665,0.070074,0.013869,0.012650,0.012203,0.008787,0.017702
0.164232,0.027420,0.164263,0.185208,0.349402,0.021811,0.022123,0.018957,0.019283,0.027300
0.252932,0.030631,0.253015,0.108329,0.244265,0.022615,0.021346,0.018428,0.017994,0.030446
0.293230,0.040646,0.293202,0.052587,0.167024,0.036176,0.029958,0.023367,0.023340,0.040470
0.120411,0.007693,0.120482,0.593079,0.127143,0.006246,0.005630,0.005617,0.006043,0.007656
0.014206,0.002936,0.014206,0.939481,0.012895,0.002259,0.002208,0.001982,0.006908,0.002919
0.212403,0.068222,0.212438,0.117981,0.151146,0.044270,0.064824,0.040630,0.020276,0.067809
0.206035,0.011266,0.206115,0.272283,0.261170,0.009917,0.008479,0.007365,0.006158,0.011212
0.072623,0.003269,0.072664,0.714559,0.124923,0.002591,0.002162,0.002003,0.001959,0.003248
0.290159,0.025660,0.290304,0.036334,0.271196,0.019278,0.016737,0.014000,0.010851,0.025481
0.351953,0.013583,0.352123,0.048097,0.184004,0.011540,0.009768,0.007748,0.007690,0.013492
0.205657,0.024320,0.205703,0.178339,0.287959,0.021957,0.018244,0.015952,0.017675,0.024194
0.276261,0.024053,0.276365,0.074300,0.258083,0.022596,0.016843,0.014726,0.012865,0.023910
0.262577,0.022487,0.262677,0.069547,0.305204,0.018445,0.013297,0.013672,0.009742,0.022353
0.327537,0.019819,0.327620,0.073426,0.180557,0.018134,0.013475,0.011222,0.008527,0.019682
0.017158,0.003004,0.017165,0.577560,0.372932,0.002416,0.002349,0.002351,0.002067,0.002996
0.199497,0.077443,0.199499,0.076253,0.117144,0.075956,0.059494,0.055368,0.062316,0.077029
0.181185,0.029049,0.181219,0.101693,0.385153,0.024544,0.024132,0.022363,0.021686,0.028974
0.117121,0.010045,0.117181,0.553467,0.164024,0.007967,0.008133,0.007083,0.004949,0.010030
0.021494,0.005525,0.021496,0.902085,0.025340,0.004834,0.005003,0.004401,0.004308,0.005513
0.198332,0.033753,0.198375,0.056128,0.393818,0.025924,0.020869,0.022674,0.016535,0.033592
0.217026,0.015259,0.217094,0.056776,0.438177,0.011117,0.011177,0.009727,0.008475,0.015172
0.227717,0.044275,0.227772,0.062224,0.266080,0.041868,0.030596,0.029583,0.025776,0.044108
0.266973,0.050518,0.266986,0.061107,0.173931,0.035966,0.038889,0.032058,0.023359,0.050212
0.305451,0.021413,0.305565,0.089061,0.191084,0.024780,0.015207,0.014868,0.011221,0.021350
0.027893,0.001353,0.027910,0.007276,0.930271,0.001089,0.001011,0.000886,0.000966,0.001346
0.193632,0.043163,0.193682,0.102730,0.300974,0.035877,0.032008,0.030868,0.023933,0.043133
0.154630,0.009092,0.154683,0.024291,0.626017,0.006266,0.005523,0.005278,0.005182,0.009037
0.023043,0.003063,0.023052,0.897477,0.040156,0.002627,0.002520,0.002262,0.002752,0.003049
0.268285,0.030376,0.268386,0.079272,0.244216,0.023913,0.021399,0.021727,0.012104,0.030322
0.042556,0.005889,0.042571,0.014924,0.871556,0.004443,0.004514,0.003964,0.003725,0.005859
0.110176,0.012893,0.110225,0.024439,0.696238,0.009471,0.008008,0.008458,0.007265,0.012827
0.134376,0.019213,0.134419,0.483828,0.154680,0.018310,0.013127,0.012063,0.010882,0.019101
0.065103,0.019349,0.065101,0.720715,0.050983,0.015543,0.016278,0.014220,0.013433,0.019276
0.302890,0.033578,0.302985,0.066842,0.163882,0.026569,0.026982,0.022523,0.020314,0.033435
0.102820,0.025699,0.102830,0.310144,0.350933,0.021595,0.022182,0.020561,0.017606,0.025631
0.342641,0.026397,0.342790,0.047567,0.139753,0.023362,0.020445,0.017155,0.013616,0.026274
0.122266,0.011358,0.122305,0.029437,0.673272,0.008252,0.008046,0.007242,0.006528,0.011294
0.163292,0.014858,0.163356,0.425506,0.177170,0.010895,0.011076,0.008911,0.010174,0.014762
0.071675,0.025092,0.071662,0.685868,0.044694,0.021942,0.019264,0.018255,0.016549,0.024999
0.250936,0.040254,0.250896,0.201113,0.103520,0.034241,0.031223,0.026244,0.021517,0.040055
0.243758,0.040767,0.243785,0.096249,0.234239,0.030042,0.025172,0.024599,0.020825,0.040565
0.301614,0.047742,0.301643,0.060848,0.117811,0.034725,0.038273,0.028870,0.021044,0.047430
0.204206,0.021688,0.204320,0.047672,0.427620,0.015169,0.014107,0.013891,0.029761,0.021567
0.077526,0.016203,0.077529,0.708880,0.059003,0.013046,0.013225,0.010389,0.008078,0.016121
0.128406,0.016069,0.128416,0.580410,0.080971,0.012990,0.012521,0.011656,0.012551,0.016009
0.378089,0.042667,0.377901,0.032177,0.049820,0.028615,0.019944,0.018164,0.010376,0.042247
0.069026,0.006332,0.069036,0.755050,0.074766,0.005598,0.005239,0.004420,0.004228,0.006304
0.191053,0.027574,0.191035,0.423490,0.071474,0.021742,0.018716,0.016285,0.011241,0.027390
0.030767,0.002679,0.030776,0.837141,0.087510,0.002214,0.002231,0.001831,0.002184,0.002666
0.039860,0.001859,0.039882,0.149589,0.761448,0.001547,0.001524,0.001228,0.001214,0.001849
0.318211,0.020799,0.318295,0.042495,0.226866,0.015969,0.014378,0.013656,0.008582,0.020746
0.054212,0.004862,0.054223,0.770506,0.094314,0.004400,0.004601,0.003678,0.004360,0.004843
0.220904,0.007712,0.220918,0.072224,0.448702,0.006481,0.008030,0.004292,0.003063,0.007673
0.273650,0.036900,0.273726,0.063626,0.216066,0.030366,0.026856,0.025210,0.016880,0.036720
0.104024,0.010720,0.104032,0.688724,0.053894,0.007705,0.008176,0.006546,0.005518,0.010660
0.271054,0.018567,0.271131,0.137818,0.234540,0.015163,0.012358,0.011798,0.009127,0.018445
0.052755,0.056945,0.052749,0.097212,0.043614,0.040969,0.552604,0.033413,0.012932,0.056808
0.267335,0.032431,0.267370,0.137678,0.170206,0.026789,0.025827,0.021322,0.018771,0.032272
0.205231,0.077846,0.205224,0.104016,0.077329,0.059825,0.055883,0.047175,0.090024,0.077447
0.087991,0.029356,0.088006,0.374283,0.106029,0.024209,0.235706,0.015884,0.009281,0.029256
0.108589,0.026375,0.108595,0.507784,0.140409,0.026628,0.025519,0.018265,0.011533,0.026304
0.157596,0.020877,0.157638,0.318683,0.256257,0.017605,0.017839,0.014120,0.018603,0.020783
0.274830,0.047330,0.274817,0.087303,0.109554,0.047792,0.044622,0.032136,0.034479,0.047136
0.144740,0.047316,0.144749,0.148790,0.152937,0.041219,0.063789,0.034426,0.174864,0.047170
0.217482,0.056703,0.217508,0.160560,0.122872,0.042510,0.045697,0.038884,0.041354,0.056430
0.145915,0.055957,0.145939,0.190187,0.244018,0.055912,0.063125,0.025617,0.017587,0.055743
0.306790,0.041409,0.306786,0.099951,0.104833,0.028860,0.025778,0.023262,0.021143,0.041187
0.308816,0.024391,0.308864,0.081536,0.186270,0.017718,0.019452,0.016025,0.012653,0.024275
0.379305,0.018760,0.379450,0.032291,0.126397,0.014857,0.011035,0.011129,0.008129,0.018648
0.309646,0.057562,0.309652,0.044357,0.089172,0.037883,0.033798,0.033428,0.027361,0.057141
0.273789,0.031369,0.273844,0.049791,0.264858,0.022524,0.019614,0.019282,0.013786,0.031143
0.242615,0.062203,0.242638,0.078072,0.121966,0.053752,0.039668,0.036855,0.060253,0.061979
0.075877,0.003483,0.075909,0.017392,0.814477,0.002760,0.002232,0.002227,0.002179,0.003463
0.183354,0.064037,0.183316,0.164510,0.071407,0.044282,0.043389,0.037591,0.144513,0.063600
0.073577,0.071223,0.073577,0.146580,0.062767,0.051283,0.056199,0.055606,0.338085,0.071102
0.036953,0.007423,0.036958,0.859641,0.029441,0.006246,0.006927,0.005123,0.003892,0.007396
0.331303,0.035636,0.331263,0.038898,0.140316,0.035419,0.021855,0.018256,0.011647,0.035407
0.048217,0.001708,0.048245,0.048608,0.846762,0.001341,0.001233,0.001098,0.001090,0.001699
0.040992,0.005393,0.041007,0.019060,0.872168,0.004554,0.003889,0.004185,0.003360,0.005394
0.095941,0.024887,0.095971,0.537995,0.138027,0.026027,0.021299,0.018610,0.016424,0.024819
0.065676,0.024523,0.065688,0.689537,0.055612,0.024095,0.017324,0.021231,0.011853,0.024461
0.049757,0.004538,0.049782,0.059690,0.818283,0.004216,0.003001,0.003076,0.003139,0.004517
0.123069,0.032259,0.123095,0.426680,0.151649,0.034042,0.028601,0.023396,0.025055,0.032155
0.259302,0.049630,0.259349,0.080540,0.158614,0.037984,0.040257,0.034643,0.030334,0.049346
0.030964,0.002144,0.030984,0.010589,0.916972,0.001570,0.002041,0.001370,0.001232,0.002133
0.222244,0.028021,0.222321,0.115723,0.304880,0.030019,0.019751,0.017406,0.011704,0.027932
0.242510,0.030581,0.242577,0.059188,0.299590,0.034708,0.021320,0.024286,0.014746,0.030494
0.277464,0.017942,0.277579,0.058103,0.297025,0.015947,0.014804,0.011715,0.011569,0.017852
0.169339,0.061470,0.169295,0.072057,0.080712,0.046560,0.045818,0.041874,0.251696,0.061181
0.097889,0.016721,0.097906,0.468121,0.253368,0.012866,0.012279,0.011339,0.012876,0.016634
0.067546,0.004584,0.067580,0.021681,0.820771,0.003528,0.003427,0.002928,0.003396,0.004559
0.154344,0.056244,0.154305,0.346407,0.079134,0.044156,0.037642,0.037267,0.034450,0.056051
0.354520,0.029002,0.354550,0.034624,0.090757,0.022439,0.022074,0.017049,0.046146,0.028840
0.145950,0.013377,0.145965,0.057980,0.576574,0.011961,0.010849,0.009315,0.014710,0.013319
0.313984,0.032396,0.314059,0.058008,0.155054,0.032912,0.020326,0.020420,0.020624,0.032217
0.241660,0.086273,0.241593,0.056277,0.075627,0.077792,0.065944,0.044881,0.024100,0.085852
0.129331,0.018826,0.129341,0.576857,0.069481,0.017727,0.014680,0.010108,0.014960,0.018689
0.238542,0.086855,0.238439,0.064910,0.064359,0.091453,0.054416,0.048109,0.026522,0.086395
0.336269,0.044294,0.336096,0.065452,0.066079,0.039775,0.028673,0.024268,0.015032,0.044063
0.314195,0.058376,0.314045,0.053733,0.073308,0.039354,0.034479,0.035165,0.019382,0.057962
0.368548,0.032500,0.368343,0.049402,0.075880,0.022168,0.019807,0.019034,0.012067,0.032252
0.181846,0.085101,0.181808,0.120607,0.094523,0.066493,0.069958,0.069766,0.045068,0.084830
0.263787,0.084366,0.263649,0.054318,0.053609,0.072070,0.048402,0.051205,0.024889,0.083706
0.234548,0.075302,0.234440,0.089522,0.080310,0.076052,0.054459,0.048648,0.031846,0.074875
0.322691,0.056004,0.322531,0.063397,0.059920,0.045416,0.031118,0.028753,0.014595,0.055575
0.210852,0.056224,0.210889,0.107484,0.171235,0.047177,0.043997,0.043171,0.052985,0.055988
0.293869,0.049450,0.293715,0.095505,0.082620,0.038340,0.036928,0.033155,0.027209,0.049209
0.321009,0.041468,0.321052,0.069393,0.110554,0.038004,0.024668,0.022157,0.010453,0.041241
0.303540,0.030669,0.303659,0.045564,0.215094,0.021789,0.019120,0.019554,0.010430,0.030579
0.274153,0.035842,0.274081,0.186582,0.099372,0.028481,0.025438,0.021971,0.018478,0.035603
0.326647,0.052707,0.326620,0.040448,0.088124,0.031785,0.032182,0.030051,0.019140,0.052296
0.035328,0.007646,0.035333,0.842137,0.041098,0.007004,0.005447,0.005023,0.013383,0.007601
0.366338,0.041442,0.366154,0.033728,0.051523,0.032015,0.026361,0.022815,0.018488,0.041135
0.316501,0.044988,0.316531,0.041758,0.120510,0.036357,0.033501,0.026190,0.018932,0.044731
0.340021,0.024953,0.340063,0.044051,0.169852,0.021633,0.014127,0.012533,0.007990,0.024777
0.161513,0.011754,0.161560,0.155574,0.468465,0.008822,0.007622,0.007240,0.005754,0.011697
0.278873,0.057600,0.278773,0.084238,0.085308,0.044686,0.043493,0.040288,0.029388,0.057353
0.140811,0.027545,0.140827,0.437405,0.139636,0.029814,0.028817,0.016802,0.010950,0.027393
0.225921,0.018605,0.225972,0.270878,0.186909,0.015054,0.011483,0.010568,0.016095,0.018514
0.219854,0.014267,0.219907,0.362221,0.127781,0.011340,0.011303,0.009881,0.009242,0.014203
0.270391,0.027471,0.270471,0.061689,0.263608,0.021479,0.018511,0.016543,0.022535,0.027301
0.015871,0.000934,0.015881,0.004348,0.959278,0.000754,0.000738,0.000649,0.000617,0.000930
0.235796,0.009530,0.235859,0.019463,0.464227,0.008505,0.006202,0.005078,0.005879,0.009460
0.255466,0.010559,0.255613,0.214399,0.225660,0.008592,0.007923,0.005974,0.005325,0.010489
0.389906,0.021484,0.389923,0.024705,0.098663,0.014084,0.009945,0.010988,0.018917,0.021384
0.084783,0.075263,0.084767,0.035199,0.036163,0.058148,0.483029,0.042712,0.024961,0.074976
0.292768,0.024897,0.292853,0.068680,0.226647,0.020109,0.017620,0.016016,0.015658,0.024751
0.339553,0.036363,0.339541,0.039474,0.117851,0.033483,0.022386,0.020026,0.015140,0.036184
0.141036,0.046288,0.141054,0.373502,0.108137,0.043008,0.037274,0.036977,0.026506,0.046218
0.269342,0.028628,0.269332,0.196750,0.130910,0.023741,0.020087,0.017917,0.014822,0.028472
0.381367,0.038504,0.381278,0.026178,0.053070,0.025489,0.021411,0.019586,0.014922,0.038194
0.210183,0.014814,0.210236,0.120451,0.380490,0.013389,0.012832,0.010606,0.012250,0.014749
0.285549,0.019699,0.285637,0.094139,0.238452,0.016119,0.015286,0.012398,0.013131,0.019589
0.336852,0.035977,0.336851,0.042939,0.126395,0.030278,0.025614,0.016944,0.012515,0.035633
0.266496,0.038235,0.266645,0.047396,0.253681,0.026005,0.025898,0.026026,0.011562,0.038055
0.195199,0.020216,0.195267,0.302074,0.214870,0.016539,0.013433,0.012490,0.009801,0.020112
0.389994,0.019093,0.390138,0.027892,0.105882,0.018078,0.010735,0.009051,0.010178,0.018958
0.286037,0.028286,0.286068,0.059239,0.230353,0.021025,0.019155,0.019471,0.022219,0.028147
0.136073,0.035107,0.136072,0.469444,0.088757,0.026893,0.030329,0.022653,0.019751,0.034920
0.099466,0.059730,0.099486,0.226312,0.121577,0.050494,0.208222,0.044108,0.030894,0.059709
0.179303,0.010920,0.179401,0.095509,0.490840,0.008696,0.008408,0.007290,0.008761,0.010873
0.009475,0.000642,0.009482,0.002637,0.975180,0.000529,0.000514,0.000440,0.000462,0.000639
0.022713,0.001773,0.022728,0.005865,0.940016,0.001369,0.001312,0.001169,0.001292,0.001763
0.327593,0.041155,0.327632,0.037149,0.123721,0.039334,0.029306,0.020552,0.012642,0.040918
0.021290,0.001828,0.021304,0.005407,0.942939,0.001443,0.001487,0.001261,0.001221,0.001820
0.348581,0.005072,0.348769,0.020773,0.260006,0.003960,0.003186,0.002612,0.002012,0.005029
0.271930,0.054305,0.271913,0.053111,0.140852,0.058281,0.034198,0.031684,0.029705,0.054020
0.216126,0.061629,0.216109,0.091624,0.169106,0.055666,0.053343,0.041919,0.033111,0.061366
0.182265,0.067778,0.182289,0.112130,0.181487,0.057262,0.054486,0.056330,0.038216,0.067758
0.087702,0.013454,0.087719,0.120603,0.629756,0.013186,0.011753,0.010057,0.012360,0.013409
0.149618,0.049204,0.149628,0.079334,0.389773,0.044448,0.036891,0.030998,0.021014,0.049092
0.296662,0.046427,0.296626,0.063641,0.128603,0.038738,0.032963,0.030319,0.019824,0.046196
0.164524,0.006866,0.164638,0.102029,0.531556,0.005819,0.006481,0.004981,0.006270,0.006835
0.028311,0.003790,0.028325,0.015961,0.906851,0.003277,0.003242,0.003041,0.003424,0.003780
0.298864,0.035922,0.298948,0.127537,0.113529,0.030070,0.024363,0.020119,0.015002,0.035646
0.125503,0.083895,0.125477,0.071728,0.061526,0.061979,0.051889,0.054748,0.279834,0.083420
0.279661,0.026312,0.279807,0.067458,0.255547,0.019429,0.017151,0.016480,0.011977,0.026178
0.101654,0.007372,0.101719,0.027948,0.729381,0.007326,0.006048,0.005546,0.005659,0.007346
0.085728,0.014389,0.085750,0.629062,0.123158,0.010179,0.024373,0.008043,0.004999,0.014320
0.300413,0.028921,0.300560,0.104971,0.158861,0.024079,0.020437,0.018443,0.014618,0.028696
0.132046,0.033846,0.132063,0.038468,0.522728,0.024671,0.020564,0.019195,0.042816,0.033603
0.256821,0.066034,0.256769,0.059771,0.106327,0.053157,0.050402,0.043415,0.041574,0.065731
0.082515,0.010001,0.082547,0.023212,0.762230,0.008231,0.007068,0.006635,0.007598,0.009964
0.164341,0.098014,0.164329,0.164051,0.076164,0.070883,0.066722,0.063385,0.034697,0.097415
0.222789,0.015531,0.222855,0.181950,0.302404,0.013593,0.009710,0.008814,0.006937,0.015417
0.032578,0.021245,0.032581,0.805714,0.027220,0.018013,0.014412,0.018826,0.008226,0.021185
0.305701,0.041238,0.305782,0.040867,0.150233,0.029029,0.034521,0.021874,0.029809,0.040947
0.082808,0.009689,0.082840,0.038053,0.747428,0.008246,0.008646,0.006759,0.005883,0.009648
0.248103,0.059902,0.248056,0.056211,0.175292,0.041120,0.039913,0.038084,0.033742,0.059577
0.042641,0.007710,0.042657,0.048021,0.824457,0.006578,0.006742,0.005941,0.007564,0.007688
0.418634,0.018675,0.418504,0.022822,0.060209,0.016049,0.010882,0.009276,0.006437,0.018513
0.241677,0.058168,0.241674,0.083205,0.144238,0.048556,0.048652,0.042085,0.033751,0.057995
0.089406,0.032831,0.089406,0.549913,0.090066,0.029036,0.025468,0.027352,0.033773,0.032751
0.297825,0.034566,0.297871,0.058428,0.162811,0.035138,0.024098,0.021253,0.033656,0.034354
0.201584,0.015674,0.201708,0.047022,0.470966,0.013598,0.012056,0.011931,0.009843,0.015619
0.088107,0.007810,0.088145,0.021345,0.764663,0.006178,0.005319,0.005547,0.005114,0.007773
0.240911,0.024814,0.240981,0.193676,0.209681,0.020197,0.019477,0.014309,0.011307,0.024647
0.033773,0.003190,0.033786,0.016305,0.900389,0.002481,0.002428,0.002256,0.002212,0.003179
0.099994,0.010609,0.100017,0.155882,0.587503,0.008770,0.007471,0.007023,0.012176,0.010556
0.263087,0.041598,0.263116,0.070617,0.199144,0.031961,0.030287,0.028558,0.030250,0.041383
0.258120,0.014121,0.258211,0.026968,0.392812,0.010905,0.010687,0.008196,0.005936,0.014044
0.242786,0.042173,0.242830,0.050043,0.280420,0.027467,0.024000,0.026820,0.021522,0.041938
0.173512,0.013676,0.173538,0.023806,0.565348,0.010926,0.010084,0.007753,0.007765,0.013590
0.134365,0.015069,0.134398,0.029083,0.632348,0.011484,0.010531,0.010262,0.007463,0.014998
0.171466,0.076273,0.171441,0.182447,0.094232,0.050031,0.049760,0.050354,0.077978,0.076016
0.278726,0.072780,0.278655,0.048564,0.069338,0.074543,0.043928,0.038233,0.022938,0.072294
0.076118,0.013573,0.076144,0.026426,0.753522,0.010947,0.010614,0.009975,0.009150,0.013530
0.142903,0.012775,0.142959,0.309215,0.338843,0.010528,0.008246,0.007817,0.014017,0.012697
0.138601,0.023175,0.138643,0.539941,0.075372,0.018634,0.018590,0.016235,0.007699,0.023111
0.312960,0.049211,0.313081,0.057032,0.102857,0.037333,0.033029,0.032636,0.012800,0.049062
0.376000,0.031877,0.375920,0.037617,0.061903,0.021306,0.017120,0.015608,0.031035,0.031615
0.307049,0.027461,0.307086,0.076740,0.171573,0.024711,0.020951,0.018189,0.018918,0.027323
0.194445,0.015850,0.194535,0.061339,0.479245,0.012609,0.010529,0.009085,0.006619,0.015744
0.296199,0.041423,0.296281,0.045448,0.160395,0.023114,0.020735,0.021091,0.054248,0.041068
0.347130,0.023728,0.347213,0.050850,0.131806,0.032953,0.016111,0.012388,0.014261,0.023560
0.087992,0.010473,0.088029,0.024508,0.752342,0.008388,0.006357,0.006165,0.005340,0.010407
0.046310,0.007603,0.046317,0.835806,0.035662,0.006858,0.005063,0.004771,0.004045,0.007566
0.318461,0.031349,0.318606,0.029857,0.196204,0.026504,0.016391,0.022815,0.008533,0.031280
0.344619,0.027214,0.344633,0.045371,0.098872,0.020846,0.016664,0.020693,0.053987,0.027101
0.222079,0.087493,0.222027,0.054670,0.072439,0.123606,0.054558,0.047281,0.028646,0.087202
0.179435,0.120715,0.179400,0.054373,0.076377,0.082282,0.076757,0.070635,0.040093,0.119933
0.268988,0.026618,0.268862,0.271793,0.066675,0.021060,0.020876,0.016933,0.011699,0.026496
0.280384,0.029225,0.280465,0.086503,0.202206,0.028730,0.023966,0.021556,0.017830,0.029135
0.342379,0.024222,0.342442,0.052012,0.155490,0.019820,0.016391,0.013696,0.009487,0.024061
0.146285,0.093964,0.146286,0.105384,0.119286,0.080336,0.081851,0.076636,0.056225,0.093747
0.362384,0.040566,0.362293,0.039328,0.063197,0.031611,0.024751,0.022102,0.013513,0.040256
0.241539,0.040990,0.241562,0.069190,0.170652,0.036280,0.038153,0.026540,0.094319,0.040776
0.181936,0.119581,0.181928,0.046107,0.089028,0.116683,0.064331,0.054715,0.026536,0.119154
0.196021,0.034951,0.196034,0.190666,0.250718,0.029648,0.028014,0.022606,0.016511,0.034830
0.105014,0.012689,0.105034,0.189260,0.518885,0.011218,0.009534,0.008336,0.027390,0.012641
0.242437,0.021452,0.242511,0.114850,0.298496,0.018290,0.015278,0.013534,0.011808,0.021344
0.288028,0.024098,0.288070,0.035026,0.263326,0.037350,0.015373,0.014708,0.010048,0.023974
0.268473,0.069112,0.268451,0.055571,0.095435,0.065291,0.041187,0.042894,0.024843,0.068743
0.058148,0.006197,0.058168,0.700875,0.151828,0.005006,0.004824,0.004666,0.004108,0.006180
0.392246,0.012331,0.392350,0.034173,0.122938,0.010471,0.008925,0.007729,0.006578,0.012260
0.193148,0.014239,0.193218,0.031404,0.489862,0.012371,0.011416,0.009131,0.031045,0.014166
0.306104,0.038762,0.306160,0.076177,0.147334,0.025692,0.023726,0.025163,0.012326,0.038556
0.274220,0.044362,0.274281,0.049666,0.126225,0.053822,0.025964,0.034106,0.073090,0.044263
0.275580,0.056163,0.275561,0.082304,0.092980,0.059900,0.031236,0.026593,0.043997,0.055686
0.429518,0.008523,0.429673,0.015527,0.088414,0.006349,0.005743,0.004315,0.003488,0.008449
0.410411,0.020247,0.410410,0.018888,0.077003,0.013505,0.011777,0.009843,0.007867,0.020049
0.050330,0.004854,0.050349,0.777456,0.096739,0.006105,0.003723,0.002995,0.002614,0.004835
0.114870,0.019740,0.114878,0.573473,0.096908,0.019273,0.015980,0.014293,0.010890,0.019695
0.229134,0.048707,0.229092,0.186370,0.116357,0.038440,0.045900,0.031637,0.025918,0.048445
0.104049,0.021439,0.104063,0.589136,0.091226,0.019894,0.017528,0.015993,0.015311,0.021361
0.305186,0.018694,0.305252,0.067024,0.227525,0.014907,0.011862,0.009580,0.021388,0.018582
0.412500,0.017755,0.412528,0.018511,0.084861,0.015027,0.008659,0.009223,0.003319,0.017617
0.294762,0.039820,0.294791,0.050301,0.176041,0.032018,0.028399,0.026617,0.017642,0.039610
0.284876,0.023810,0.284907,0.135810,0.188428,0.020916,0.014984,0.013217,0.009379,0.023674
0.174854,0.023657,0.174923,0.122427,0.412997,0.017229,0.022385,0.014713,0.013284,0.023530
0.342233,0.042414,0.342234,0.034835,0.095518,0.038815,0.026458,0.022789,0.012667,0.042036
0.141588,0.039768,0.141610,0.173920,0.133515,0.031309,0.031158,0.027427,0.240090,0.039615
0.157047,0.026338,0.157067,0.371719,0.194659,0.018136,0.017049,0.016343,0.015464,0.026179
0.164142,0.018666,0.164215,0.333081,0.248374,0.013970,0.011059,0.013110,0.014813,0.018570
0.072757,0.004253,0.072802,0.018151,0.814823,0.003415,0.003227,0.003001,0.003337,0.004234
0.420715,0.021883,0.420388,0.024153,0.038636,0.015445,0.014281,0.010808,0.011977,0.021715
0.187569,0.006747,0.187716,0.026581,0.562809,0.004931,0.004466,0.003945,0.008534,0.006702
0.236806,0.024998,0.236885,0.176223,0.220146,0.020658,0.021658,0.018173,0.019561,0.024891
0.178649,0.037492,0.178613,0.369895,0.088570,0.030988,0.031074,0.026907,0.020452,0.037360
0.177336,0.086201,0.177346,0.070516,0.131548,0.074900,0.083197,0.059170,0.053965,0.085821
0.154820,0.109718,0.154812,0.062327,0.091135,0.112079,0.078879,0.078421,0.048413,0.109397
0.329038,0.033090,0.329125,0.045781,0.130419,0.029870,0.026888,0.020860,0.022048,0.032882
0.274830,0.047330,0.274817,0.087303,0.109554,0.047792,0.044622,0.032136,0.034479,0.047136
0.052744,0.003317,0.052773,0.200734,0.676731,0.002730,0.002640,0.002225,0.002807,0.003300
0.166299,0.063943,0.166360,0.122610,0.169596,0.062159,0.062981,0.060428,0.061727,0.063896
0.078170,0.128420,0.078166,0.072725,0.066981,0.110035,0.083701,0.094278,0.159338,0.128188
0.351712,0.046515,0.351597,0.031126,0.055061,0.053325,0.029137,0.021595,0.013879,0.046055
0.187707,0.082046,0.187707,0.074227,0.128502,0.070044,0.066403,0.065104,0.056443,0.081819
0.237360,0.094464,0.237275,0.057180,0.068155,0.063411,0.063083,0.052946,0.032171,0.093955
0.190794,0.090000,0.190744,0.110194,0.078248,0.071088,0.061707,0.062591,0.055006,0.089627
0.113773,0.008621,0.113831,0.025347,0.701577,0.007053,0.006922,0.006294,0.007993,0.008590
0.234123,0.083988,0.234079,0.070550,0.077619,0.062759,0.067177,0.051408,0.034755,0.083542
0.020178,0.185710,0.020175,0.010858,0.011317,0.158075,0.290021,0.108682,0.008496,0.186487
0.067861,0.007236,0.067885,0.018682,0.810352,0.005557,0.005194,0.005036,0.004997,0.007200
0.100000,0.100000,0.100000,0.100000,0.100000,0.100000,0.100000,0.100000,0.100000,0.100000
0.048485,0.183261,0.048481,0.031472,0.034411,0.170228,0.140277,0.133371,0.026140,0.183874
0.372561,0.037547,0.372469,0.035196,0.064371,0.025280,0.023626,0.019951,0.011717,0.037281
0.113507,0.133308,0.113489,0.067792,0.069604,0.104569,0.094624,0.110852,0.059344,0.132913
0.003157,0.002761,0.003157,0.002888,0.002690,0.002595,0.002288,0.002250,0.975456,0.002757
0.008977,0.009911,0.008976,0.007101,0.005962,0.007619,0.007506,0.006321,0.927752,0.009875
0.061571,0.230762,0.061559,0.026349,0.031345,0.109677,0.102485,0.125820,0.023436,0.226996
0.072783,0.150850,0.072786,0.043298,0.059131,0.125384,0.117775,0.171280,0.035095,0.151619
0.023916,0.128658,0.023914,0.019973,0.015689,0.130047,0.358369,0.068215,0.102096,0.129122
0.074150,0.098315,0.074141,0.016997,0.026602,0.061395,0.499167,0.043083,0.008220,0.097931
0.037583,0.198566,0.037577,0.019994,0.021306,0.136572,0.091483,0.104665,0.154280,0.197974
0.079557,0.133928,0.079554,0.073520,0.063391,0.157244,0.090818,0.109128,0.078955,0.133904
0.026510,0.106307,0.026507,0.018081,0.018712,0.066661,0.059650,0.064205,0.507314,0.106053
0.033730,0.187792,0.033725,0.019571,0.021195,0.109126,0.080189,0.307660,0.018905,0.188108
0.074356,0.189694,0.074337,0.023586,0.027822,0.250974,0.073064,0.085774,0.014141,0.186251
0.022548,0.218855,0.022545,0.012013,0.011482,0.291037,0.113926,0.086289,0.007213,0.214091
0.064333,0.084157,0.064330,0.037923,0.284537,0.063895,0.056124,0.044989,0.215724,0.083988
0.140932,0.083042,0.140911,0.069442,0.091358,0.089136,0.233134,0.043621,0.025626,0.082798
0.084464,0.013807,0.084478,0.021186,0.746162,0.009978,0.009672,0.008825,0.007697,0.013729
0.008917,0.149290,0.008916,0.006043,0.006149,0.162740,0.066125,0.434807,0.005896,0.151117
0.023884,0.253372,0.023882,0.016549,0.017615,0.137781,0.149860,0.102903,0.021051,0.253102
0.006492,0.217501,0.006491,0.004015,0.004187,0.176733,0.198890,0.158925,0.004111,0.222656
0.041751,0.241601,0.041742,0.014737,0.018628,0.228122,0.095388,0.071004,0.010596,0.236430
0.027944,0.140724,0.027943,0.026637,0.023811,0.119387,0.059328,0.410014,0.022148,0.142064
0.016022,0.174629,0.016020,0.008413,0.009622,0.098584,0.053143,0.437130,0.008497,0.177941
0.046206,0.217976,0.046194,0.013436,0.015435,0.200114,0.146321,0.092076,0.009112,0.213130
0.024612,0.163065,0.024607,0.009980,0.011919,0.084127,0.046795,0.459211,0.010598,0.165086
0.112073,0.088476,0.112072,0.185181,0.130201,0.073334,0.068682,0.064887,0.076962,0.088132
0.028892,0.236369,0.028888,0.016589,0.013459,0.200514,0.078501,0.130985,0.028749,0.237054
0.027649,0.215121,0.027646,0.012141,0.014368,0.217813,0.082167,0.176166,0.010238,0.216692
0.106421,0.209909,0.106390,0.027314,0.033921,0.116586,0.057366,0.114203,0.023741,0.204149
0.021113,0.221781,0.021110,0.011589,0.012314,0.132012,0.070209,0.276983,0.011053,0.221834
0.025435,0.243226,0.025432,0.009950,0.013477,0.190074,0.086033,0.153174,0.007535,0.245662
0.296226,0.047230,0.296250,0.048263,0.150039,0.033583,0.029216,0.031091,0.021171,0.046930
0.015847,0.139157,0.015845,0.011436,0.011491,0.107720,0.064851,0.482148,0.010903,0.140602
0.056008,0.231048,0.055996,0.019987,0.024236,0.110838,0.088321,0.165776,0.014425,0.233363
0.091971,0.185263,0.091950,0.031999,0.046458,0.110627,0.075536,0.159215,0.021389,0.185591
0.009173,0.204497,0.009172,0.005708,0.005734,0.118446,0.284440,0.150086,0.005321,0.207423
0.030914,0.008841,0.030923,0.018906,0.874926,0.007475,0.006820,0.006498,0.005895,0.008803
0.167715,0.048985,0.167723,0.308008,0.118041,0.038243,0.041380,0.033258,0.027922,0.048724
0.022948,0.245468,0.022944,0.008434,0.014719,0.132197,0.180479,0.111980,0.014828,0.246005
0.021443,0.215211,0.021441,0.012582,0.015361,0.100716,0.060130,0.302773,0.032544,0.217799
0.172324,0.073913,0.172316,0.071743,0.211502,0.058898,0.046767,0.050217,0.068928,0.073392
0.018659,0.202024,0.018657,0.011812,0.012618,0.257243,0.193260,0.075666,0.010104,0.199957
0.166043,0.079268,0.166055,0.093873,0.183987,0.064665,0.057708,0.059752,0.049775,0.078874
0.009263,0.178449,0.009262,0.007914,0.007563,0.133169,0.249821,0.214801,0.008228,0.181529
0.127468,0.109240,0.127474,0.082177,0.120594,0.086084,0.081958,0.088397,0.067900,0.108708
0.149684,0.082407,0.149681,0.106393,0.150966,0.073853,0.074514,0.073851,0.056352,0.082300
0.016222,0.007141,0.016223,0.017791,0.912126,0.006048,0.006114,0.005600,0.005613,0.007122
0.063971,0.004296,0.064000,0.011844,0.839706,0.003734,0.003616,0.002565,0.001995,0.004273
0.011359,0.006687,0.011359,0.924554,0.012074,0.005880,0.013599,0.004465,0.003347,0.006675
0.044398,0.012127,0.044399,0.028522,0.822118,0.009748,0.010167,0.008809,0.007633,0.012079
0.012478,0.010447,0.012476,0.007625,0.007870,0.009312,0.006304,0.006388,0.916724,0.010376
0.045776,0.017149,0.045786,0.043380,0.776221,0.013993,0.013870,0.013548,0.013181,0.017096
0.005320,0.164496,0.005320,0.003961,0.003793,0.107231,0.234367,0.303865,0.003896,0.167750
0.012397,0.154338,0.012396,0.007137,0.007939,0.081417,0.068661,0.493303,0.006665,0.155747
0.261173,0.071043,0.261072,0.091724,0.074433,0.061242,0.036935,0.041847,0.029983,0.070547
0.025434,0.181852,0.025429,0.009505,0.010344,0.249974,0.237954,0.069116,0.007354,0.183038
0.201985,0.040062,0.201976,0.335183,0.080655,0.035743,0.023865,0.023738,0.016993,0.039798
0.013808,0.275604,0.013806,0.006389,0.007034,0.172120,0.076020,0.151546,0.006643,0.277030
0.123931,0.085696,0.123922,0.118381,0.130403,0.070505,0.058408,0.059666,0.143842,0.085245
0.319667,0.021770,0.319796,0.074664,0.185038,0.017661,0.014282,0.013210,0.012273,0.021638
0.100000,0.100000,0.100000,0.100000,0.100000,0.100000,0.100000,0.100000,0.100000,0.100000
0.253204,0.050038,0.253203,0.154595,0.109440,0.036890,0.037891,0.029078,0.025969,0.049692
0.092115,0.188976,0.092092,0.025750,0.034579,0.137632,0.082520,0.132103,0.025410,0.188822
0.269085,0.051644,0.269016,0.088374,0.111479,0.053137,0.035938,0.032261,0.037744,0.051320
0.054460,0.007426,0.054462,0.761333,0.092231,0.006552,0.006051,0.005335,0.004755,0.007393
0.141834,0.096447,0.141828,0.125503,0.106469,0.078293,0.068431,0.074806,0.070399,0.095990
0.122641,0.023034,0.122653,0.075639,0.578813,0.014904,0.014990,0.012688,0.011776,0.022861
0.254241,0.012505,0.254320,0.038544,0.392513,0.009964,0.009558,0.007674,0.008249,0.012431
0.300482,0.077772,0.300333,0.040754,0.056932,0.046607,0.033028,0.042073,0.024998,0.077022
0.050073,0.041793,0.050072,0.063513,0.043096,0.034426,0.030407,0.031980,0.613037,0.041604
0.100000,0.100000,0.100000,0.100000,0.100000,0.100000,0.100000,0.100000,0.100000,0.100000
0.059558,0.007305,0.059583,0.320221,0.523000,0.006335,0.005822,0.005391,0.005503,0.007282
0.078820,0.020551,0.078834,0.635057,0.089825,0.016276,0.015247,0.014694,0.030230,0.020466
0.197137,0.128928,0.197089,0.041089,0.068173,0.072864,0.051375,0.066495,0.049490,0.127359
0.038778,0.205961,0.038771,0.014327,0.018634,0.161661,0.075257,0.225840,0.013961,0.206810
0.045392,0.196379,0.045388,0.029480,0.032376,0.143409,0.113252,0.165075,0.032417,0.196832
0.039459,0.007699,0.039463,0.832960,0.052749,0.006099,0.005027,0.004998,0.003894,0.007654
0.250486,0.030649,0.250563,0.059609,0.296204,0.023120,0.022983,0.019760,0.016118,0.030507
0.009759,0.209647,0.009758,0.005831,0.006685,0.117309,0.213348,0.207797,0.006319,0.213547
0.295247,0.034654,0.295329,0.057759,0.187529,0.030893,0.026244,0.021931,0.015940,0.034474
0.027589,0.002216,0.027603,0.013745,0.919893,0.002008,0.001920,0.001486,0.001330,0.002210
0.262886,0.047495,0.262877,0.063483,0.193551,0.037201,0.029240,0.029204,0.026939,0.047124
0.112661,0.017991,0.112696,0.597263,0.093556,0.015333,0.012824,0.010484,0.009303,0.017887
0.332670,0.034665,0.332679,0.030501,0.148104,0.037514,0.016889,0.018048,0.014500,0.034430
0.030688,0.254255,0.030684,0.016473,0.018465,0.122709,0.106531,0.146412,0.016996,0.256787
0.057067,0.217137,0.057058,0.023276,0.024259,0.157004,0.090549,0.140312,0.014812,0.218527
0.038314,0.225017,0.038311,0.024069,0.029547,0.143899,0.104400,0.136787,0.033103,0.226554
0.344385,0.026500,0.344447,0.040554,0.137679,0.018177,0.016806,0.014512,0.030662,0.026279
0.121769,0.182862,0.121736,0.033889,0.039379,0.111260,0.098246,0.087707,0.021383,0.181770
0.105256,0.019400,0.105247,0.596517,0.090027,0.015545,0.014873,0.014924,0.018881,0.019329
0.038816,0.003398,0.038834,0.031852,0.872356,0.003028,0.002775,0.002416,0.003141,0.003383
0.020393,0.212817,0.020391,0.013198,0.014062,0.097129,0.148721,0.242355,0.016719,0.214215
0.101982,0.166556,0.101959,0.044753,0.052279,0.093209,0.097280,0.138750,0.037045,0.166186
0.045393,0.004578,0.045416,0.252140,0.633581,0.004000,0.003082,0.003207,0.004047,0.004557
0.048953,0.182859,0.048948,0.031738,0.034189,0.119512,0.111638,0.206195,0.032440,0.183529
0.095015,0.094461,0.095006,0.047801,0.068046,0.145099,0.062230,0.060861,0.237541,0.093940
0.027095,0.148778,0.027092,0.011650,0.013026,0.140878,0.370804,0.103047,0.008512,0.149119
0.041141,0.175806,0.041135,0.022147,0.023926,0.147133,0.084106,0.268325,0.017073,0.179208
0.007403,0.145718,0.007402,0.005250,0.005385,0.100115,0.437619,0.137096,0.006497,0.147515
0.009248,0.039818,0.009247,0.004493,0.004737,0.036931,0.828456,0.023996,0.003269,0.039804
0.282311,0.050099,0.282397,0.053642,0.160550,0.036772,0.034626,0.031700,0.018075,0.049827
0.017292,0.166418,0.017292,0.012640,0.015563,0.142966,0.298895,0.147431,0.013508,0.167993
0.023767,0.001437,0.023782,0.843229,0.101843,0.001282,0.001181,0.001020,0.001028,0.001431
0.066070,0.161865,0.066072,0.044244,0.088669,0.128324,0.091674,0.160373,0.030038,0.162671
0.163472,0.105267,0.163456,0.053546,0.144372,0.089825,0.067210,0.059541,0.048606,0.104705
0.169131,0.112114,0.169121,0.056102,0.106136,0.094843,0.068950,0.064438,0.047850,0.111314
0.025982,0.011778,0.025989,0.017204,0.867939,0.010585,0.009150,0.011140,0.008418,0.011816
0.042660,0.199897,0.042653,0.020665,0.024530,0.151891,0.070304,0.088080,0.159434,0.199885
0.108409,0.118935,0.108402,0.084274,0.091549,0.105758,0.087705,0.085929,0.090529,0.118509
0.157387,0.070254,0.157364,0.119213,0.078579,0.063573,0.060674,0.054817,0.168071,0.070067
0.228317,0.064613,0.228339,0.060891,0.183368,0.062710,0.039731,0.039807,0.027951,0.064273
0.085882,0.005711,0.085941,0.073626,0.726547,0.004651,0.004571,0.003983,0.003401,0.005688
0.139255,0.075589,0.139276,0.082999,0.189294,0.073954,0.078929,0.072125,0.073031,0.075549
0.010492,0.188211,0.010490,0.005307,0.006077,0.133927,0.335891,0.112875,0.005733,0.190995
0.026308,0.152904,0.026304,0.013045,0.013752,0.117135,0.358726,0.125860,0.012334,0.153631
0.015449,0.188926,0.015447,0.007032,0.013861,0.144737,0.300701,0.117861,0.005096,0.190891
0.091644,0.009273,0.091667,0.025544,0.746748,0.008303,0.005993,0.005742,0.005878,0.009210
0.077167,0.186698,0.077154,0.023314,0.031692,0.130808,0.138384,0.123605,0.025225,0.185952
0.121496,0.094383,0.121497,0.085581,0.121268,0.096625,0.096895,0.068921,0.099230,0.094104
0.010524,0.233007,0.010522,0.003467,0.004341,0.188357,0.083457,0.226316,0.003221,0.236788
0.018468,0.007411,0.018470,0.030351,0.889184,0.006721,0.006968,0.006382,0.008647,0.007396
0.237907,0.016206,0.237969,0.035977,0.407900,0.013260,0.012615,0.010249,0.011804,0.016113
0.026506,0.225343,0.026503,0.014212,0.016436,0.115461,0.137046,0.174343,0.038469,0.225682
0.116759,0.093574,0.116756,0.083876,0.101097,0.104797,0.084870,0.072937,0.131943,0.093391
0.028337,0.213211,0.028334,0.017729,0.019750,0.140202,0.124452,0.200874,0.017242,0.209870
0.128296,0.110905,0.128292,0.073806,0.146234,0.087845,0.067250,0.084242,0.062539,0.110590
0.299405,0.044388,0.299460,0.056757,0.134862,0.032544,0.029742,0.031879,0.026717,0.044246
0.112154,0.130361,0.112145,0.064826,0.077762,0.109866,0.088592,0.105106,0.069143,0.130044
0.007864,0.179597,0.007863,0.004311,0.004706,0.114235,0.311933,0.181869,0.004341,0.183282
0.018977,0.224521,0.018974,0.010232,0.010870,0.150019,0.098612,0.230414,0.010542,0.226838
0.124341,0.122819,0.124332,0.068383,0.086338,0.093115,0.080405,0.097667,0.080225,0.122375
0.010838,0.166562,0.010837,0.005729,0.006708,0.153855,0.041436,0.427060,0.007209,0.169768
0.001700,0.001227,0.001700,0.001560,0.001511,0.001154,0.001140,0.001102,0.987681,0.001226
0.100000,0.100000,0.100000,0.100000,0.100000,0.100000,0.100000,0.100000,0.100000,0.100000
0.009440,0.124724,0.009440,0.006522,0.006726,0.081140,0.038070,0.590959,0.006512,0.126467
0.172792,0.042582,0.172710,0.030325,0.447790,0.026512,0.024839,0.023722,0.016421,0.042307
0.062872,0.010671,0.062889,0.230167,0.590224,0.009370,0.006915,0.006399,0.009865,0.010627
0.052333,0.002206,0.052358,0.006616,0.877485,0.002156,0.001357,0.001147,0.002152,0.002191
0.052144,0.112590,0.052138,0.032426,0.050566,0.095304,0.388451,0.088680,0.014750,0.112950
0.035479,0.261557,0.035471,0.012543,0.012747,0.163699,0.050638,0.125429,0.041299,0.261139
0.108465,0.015721,0.108477,0.600773,0.104879,0.012910,0.012856,0.010331,0.009951,0.015636
0.123936,0.111834,0.123932,0.075907,0.094947,0.113699,0.083379,0.084614,0.076064,0.111688
0.043736,0.237438,0.043729,0.019838,0.022654,0.109013,0.118134,0.082442,0.090351,0.232665
0.012341,0.007546,0.012341,0.019015,0.022261,0.006218,0.006170,0.005855,0.900727,0.007527
0.121157,0.022404,0.121183,0.328411,0.310519,0.020584,0.019022,0.017411,0.016992,0.022316
0.159498,0.005128,0.159522,0.012545,0.643356,0.005085,0.003938,0.003174,0.002653,0.005100
0.238705,0.032429,0.238667,0.213393,0.163542,0.026183,0.023233,0.017613,0.013986,0.032250
0.115841,0.087086,0.115843,0.133366,0.133115,0.081050,0.083681,0.078146,0.084979,0.086893
0.139291,0.096827,0.139282,0.096158,0.105699,0.087223,0.088120,0.079960,0.071033,0.096408
0.010270,0.205795,0.010269,0.005319,0.006074,0.150994,0.278071,0.119740,0.005762,0.207707
0.160236,0.096924,0.160227,0.083285,0.110979,0.078968,0.076018,0.073505,0.063459,0.096400
0.100000,0.100000,0.100000,0.100000,0.100000,0.100000,0.100000,0.100000,0.100000,0.100000
0.042630,0.199144,0.042625,0.021228,0.028753,0.173501,0.128539,0.108978,0.055474,0.199129
0.072141,0.140346,0.072132,0.041178,0.044530,0.089446,0.073692,0.126438,0.199905,0.140192
0.073207,0.012093,0.073212,0.714181,0.079676,0.010610,0.009253,0.008248,0.007481,0.012039
0.035798,0.211546,0.035796,0.026462,0.036129,0.123849,0.111569,0.143079,0.065947,0.209825
0.054618,0.171830,0.054603,0.017840,0.022339,0.102167,0.280641,0.107556,0.016504,0.171902
0.074006,0.204615,0.074007,0.034632,0.059706,0.135343,0.091817,0.094137,0.032655,0.199082
0.035953,0.160723,0.035949,0.021301,0.023664,0.093414,0.324819,0.122517,0.021014,0.160646
0.035592,0.074389,0.035590,0.024113,0.025284,0.051544,0.613222,0.045376,0.020601,0.074289
0.093747,0.203402,0.093733,0.033447,0.040836,0.097358,0.118970,0.091522,0.025142,0.201844
0.042707,0.081217,0.042704,0.029113,0.030395,0.058968,0.559627,0.048293,0.026007,0.080971
0.036003,0.195853,0.035999,0.038547,0.023755,0.140118,0.114478,0.158077,0.061194,0.195976
0.058492,0.199677,0.058481,0.030587,0.032970,0.123810,0.120771,0.147192,0.027722,0.200299
0.023068,0.130877,0.023066,0.014315,0.015903,0.097940,0.470047,0.081081,0.012703,0.130999
0.020713,0.098674,0.020712,0.010270,0.018505,0.084429,0.594798,0.045381,0.007274,0.099244
0.014378,0.082676,0.014378,0.008792,0.011779,0.072874,0.652162,0.051147,0.008775,0.083039
0.006663,0.068976,0.006662,0.004900,0.004911,0.047049,0.740269,0.044876,0.006292,0.069400
0.078973,0.161732,0.078968,0.052779,0.057152,0.130741,0.118955,0.108097,0.051081,0.161523
0.006195,0.073071,0.006195,0.004932,0.004663,0.040856,0.747788,0.038369,0.004532,0.073398
0.028646,0.088919,0.028644,0.012660,0.107718,0.050784,0.548687,0.037101,0.007820,0.089021
0.241682,0.012344,0.241659,0.267475,0.189140,0.010977,0.009693,0.007524,0.007235,0.012271
0.018200,0.116887,0.018199,0.013509,0.014727,0.103578,0.530105,0.054632,0.013512,0.116651
0.042086,0.192794,0.042083,0.034763,0.033386,0.217106,0.077162,0.120978,0.049543,0.190099
0.238072,0.039847,0.238056,0.200507,0.132925,0.031218,0.027475,0.026298,0.025943,0.039658
0.072524,0.170914,0.072518,0.041554,0.079724,0.103300,0.089895,0.134978,0.063907,0.170686
0.041234,0.219331,0.041227,0.019007,0.022036,0.179238,0.106784,0.118458,0.034311,0.218372
0.060641,0.170794,0.060636,0.090568,0.053415,0.130521,0.118251,0.096533,0.047902,0.170739
0.025395,0.259061,0.025392,0.013701,0.016218,0.117782,0.122405,0.145236,0.014802,0.260009
0.049616,0.231028,0.049610,0.042134,0.033813,0.159392,0.096229,0.087441,0.025710,0.225028
0.100087,0.124917,0.100077,0.158520,0.062454,0.108183,0.079572,0.086691,0.055023,0.124476
0.019206,0.114362,0.019202,0.008996,0.009577,0.157399,0.503297,0.043737,0.010144,0.114080
0.067961,0.233036,0.067954,0.025509,0.033941,0.167135,0.084389,0.074505,0.018526,0.227044
0.040808,0.230179,0.040808,0.021339,0.037512,0.120891,0.103095,0.158222,0.019417,0.227730
0.260889,0.065595,0.260824,0.065312,0.112433,0.051600,0.044579,0.041491,0.032146,0.065132
0.082005,0.187081,0.081995,0.049131,0.050283,0.109705,0.121978,0.095710,0.035247,0.186864
0.015356,0.227375,0.015354,0.010478,0.010565,0.279726,0.068630,0.131990,0.011469,0.229055
0.085799,0.042505,0.085801,0.075463,0.542017,0.034086,0.031021,0.030995,0.030036,0.042275
0.161952,0.071681,0.161933,0.116065,0.226586,0.053360,0.049613,0.049888,0.037605,0.071315
0.097926,0.011321,0.097960,0.260674,0.485425,0.008798,0.009016,0.007954,0.009657,0.011269
0.034784,0.222960,0.034779,0.020661,0.021627,0.164812,0.095863,0.146290,0.034764,0.223461
0.011473,0.001740,0.011475,0.946443,0.022210,0.001479,0.001458,0.001096,0.000895,0.001732
0.121948,0.132185,0.121941,0.089025,0.104493,0.087518,0.088844,0.084803,0.037522,0.131721
0.008191,0.227324,0.008190,0.004900,0.005314,0.123082,0.217301,0.167824,0.006933,0.230940
0.049757,0.004538,0.049782,0.059690,0.818283,0.004216,0.003001,0.003076,0.003139,0.004517
0.055258,0.171249,0.055252,0.036843,0.041090,0.181164,0.125368,0.124879,0.037702,0.171196
0.157415,0.126056,0.157394,0.052485,0.079549,0.099751,0.068702,0.087811,0.045552,0.125286
0.017386,0.018106,0.017385,0.022940,0.015379,0.016193,0.013468,0.014526,0.846539,0.018078
0.231099,0.135461,0.230965,0.033301,0.041773,0.064491,0.039206,0.066901,0.022542,0.134260
0.030964,0.002144,0.030984,0.010589,0.916972,0.001570,0.002041,0.001370,0.001232,0.002133
0.209998,0.091112,0.209978,0.076385,0.102702,0.068640,0.063271,0.054352,0.032896,0.090665
0.000001,0.000001,0.000001,0.000001,0.000000,0.000000,0.000000,0.000000,0.999995,0.000001
0.034994,0.029999,0.034992,0.025736,0.025777,0.031876,0.016851,0.020509,0.749362,0.029903
0.000046,0.000042,0.000046,0.000055,0.000042,0.000039,0.000039,0.000038,0.999609,0.000042
0.072828,0.129119,0.072823,0.063856,0.060397,0.124151,0.095973,0.100499,0.151230,0.129124
0.080902,0.124561,0.080899,0.041791,0.099660,0.075252,0.074072,0.104466,0.194048,0.124351
0.123592,0.080427,0.123571,0.087533,0.080403,0.101830,0.059500,0.065865,0.196935,0.080344
0.007851,0.070922,0.007850,0.004250,0.004103,0.047549,0.734243,0.049162,0.002940,0.071129
0.022924,0.164967,0.022923,0.019191,0.018887,0.106742,0.102482,0.357339,0.017899,0.166646
0.005562,0.098213,0.005561,0.002608,0.002929,0.056948,0.019800,0.705544,0.002297,0.100538
0.236401,0.087050,0.236353,0.058956,0.082535,0.058357,0.055835,0.061701,0.036183,0.086630
0.135995,0.073684,0.135992,0.139422,0.228194,0.056103,0.052514,0.055210,0.049463,0.073422
0.241071,0.055265,0.241089,0.074444,0.193810,0.040700,0.037845,0.032928,0.028047,0.054801
0.062511,0.012779,0.062527,0.761461,0.054325,0.010293,0.008401,0.007961,0.007049,0.012694
0.137674,0.036393,0.137704,0.391550,0.141227,0.033903,0.030186,0.028150,0.026934,0.036279
0.020689,0.133691,0.020687,0.013185,0.013580,0.136370,0.413896,0.103219,0.010262,0.134420
0.198964,0.040314,0.199013,0.075461,0.339072,0.030682,0.029857,0.027278,0.019219,0.040139
0.145950,0.013377,0.145965,0.057980,0.576574,0.011961,0.010849,0.009315,0.014710,0.013319
0.007394,0.113656,0.007392,0.004017,0.004124,0.052475,0.057982,0.634001,0.003203,0.115757
0.022707,0.004701,0.022711,0.909710,0.020903,0.004696,0.003811,0.003099,0.002975,0.004686
0.274153,0.035842,0.274081,0.186582,0.099372,0.028481,0.025438,0.021971,0.018478,0.035603
0.013543,0.011833,0.013542,0.013072,0.011464,0.010070,0.009243,0.009580,0.895856,0.011798
0.283491,0.058196,0.283481,0.064856,0.107961,0.043780,0.036121,0.035310,0.029034,0.057770
0.218386,0.120769,0.218305,0.043935,0.054339,0.068686,0.052454,0.065014,0.038369,0.119743
0.007685,0.004561,0.007686,0.010299,0.138291,0.003717,0.003690,0.003771,0.815749,0.004552
0.006799,0.005634,0.006799,0.005040,0.010409,0.004526,0.004286,0.004166,0.946722,0.005618
0.062661,0.066569,0.062654,0.042295,0.045376,0.060916,0.043179,0.049090,0.500955,0.066305
0.034935,0.024041,0.034933,0.030658,0.043017,0.020165,0.017481,0.018104,0.752707,0.023960
0.107999,0.102144,0.108001,0.068073,0.209068,0.076877,0.064765,0.073668,0.087563,0.101844
0.021244,0.011877,0.021244,0.014564,0.056501,0.009208,0.009428,0.009430,0.834648,0.011855
0.024279,0.105470,0.024277,0.017549,0.017301,0.111167,0.267689,0.072343,0.254284,0.105640
0.103797,0.034601,0.103792,0.553895,0.069531,0.030144,0.026904,0.024249,0.018633,0.034454
0.057431,0.076601,0.057429,0.069748,0.049252,0.060255,0.054949,0.061804,0.436035,0.076495
0.132835,0.088408,0.132806,0.049426,0.057587,0.051857,0.050046,0.050714,0.298493,0.087828
0.194484,0.062236,0.194493,0.107884,0.194867,0.052909,0.046733,0.047727,0.036599,0.062068
0.064908,0.200856,0.064905,0.026974,0.046780,0.127188,0.103096,0.141112,0.023607,0.200574
0.127813,0.018535,0.127847,0.058213,0.600608,0.014294,0.012170,0.011528,0.010582,0.018410
0.127285,0.119762,0.127265,0.068114,0.064664,0.082340,0.063324,0.069560,0.158668,0.119017
0.285549,0.019699,0.285637,0.094139,0.238452,0.016119,0.015286,0.012398,0.013131,0.019589
0.028311,0.003790,0.028325,0.015961,0.906851,0.003277,0.003242,0.003041,0.003424,0.003780
0.164524,0.006866,0.164638,0.102029,0.531556,0.005819,0.006481,0.004981,0.006270,0.006835
0.022713,0.001773,0.022728,0.005865,0.940016,0.001369,0.001312,0.001169,0.001292,0.001763
0.079592,0.161684,0.079586,0.044815,0.050499,0.157557,0.099893,0.119082,0.045650,0.161642
0.009475,0.000642,0.009482,0.002637,0.975180,0.000529,0.000514,0.000440,0.000462,0.000639
0.041554,0.181705,0.041549,0.024569,0.027000,0.126371,0.215169,0.089631,0.070720,0.181732
0.082977,0.212914,0.082954,0.023410,0.028307,0.144525,0.071318,0.123166,0.017805,0.212622
0.101654,0.007372,0.101719,0.027948,0.729381,0.007326,0.006048,0.005546,0.005659,0.007346
0.047054,0.178406,0.047049,0.026967,0.030938,0.126113,0.246841,0.091898,0.026790,0.177944
0.023247,0.186650,0.023244,0.015790,0.015857,0.150354,0.070736,0.307906,0.016304,0.189912
0.248103,0.059902,0.248056,0.056211,0.175292,0.041120,0.039913,0.038084,0.033742,0.059577
0.057523,0.201210,0.057524,0.021814,0.042420,0.123798,0.087808,0.191770,0.014111,0.202022
0.031252,0.227670,0.031249,0.017672,0.018094,0.123809,0.085439,0.221176,0.012101,0.231538
0.002169,0.002643,0.002169,0.000957,0.000999,0.001785,0.001287,0.001518,0.983847,0.002626
0.335369,0.039638,0.335173,0.083112,0.069124,0.032004,0.026216,0.024320,0.015611,0.039434
0.041569,0.211937,0.041562,0.024925,0.025318,0.149666,0.088063,0.186095,0.020466,0.210399
0.022597,0.009830,0.022596,0.014264,0.193008,0.008279,0.006829,0.006837,0.705976,0.009784
0.155546,0.086527,0.155543,0.068960,0.193425,0.064864,0.058186,0.062191,0.068630,0.086129
0.042641,0.007710,0.042657,0.048021,0.824457,0.006578,0.006742,0.005941,0.007564,0.007688
0.017165,0.198793,0.017164,0.010665,0.012189,0.175292,0.076356,0.265422,0.026063,0.200891
0.042234,0.233806,0.042223,0.014783,0.017202,0.153534,0.050597,0.195833,0.014158,0.235629
0.089406,0.032831,0.089406,0.549913,0.090066,0.029036,0.025468,0.027352,0.033773,0.032751
0.013309,0.012835,0.013306,0.005158,0.006436,0.007603,0.005628,0.006941,0.916071,0.012712
0.069163,0.186048,0.069151,0.027259,0.047342,0.138327,0.059435,0.193674,0.021123,0.188478
0.026994,0.251205,0.026990,0.011872,0.015964,0.115770,0.088321,0.199207,0.010525,0.253152
0.034242,0.041118,0.034237,0.021921,0.020060,0.029026,0.026449,0.030253,0.721752,0.040943
0.042899,0.204705,0.042895,0.022759,0.028737,0.132402,0.096562,0.203990,0.020061,0.204989
0.024343,0.289678,0.024340,0.012624,0.014333,0.119801,0.068789,0.152499,0.012032,0.281561
0.005769,0.179338,0.005769,0.004078,0.004306,0.147819,0.271701,0.192300,0.004275,0.184645
0.018270,0.271039,0.018266,0.007954,0.009317,0.173725,0.045753,0.166707,0.024313,0.264656
0.207110,0.080349,0.207092,0.070709,0.123522,0.062505,0.064426,0.057322,0.046968,0.079998
0.034627,0.097941,0.034626,0.022574,0.030078,0.082204,0.516673,0.062675,0.020447,0.098153
0.201584,0.015674,0.201708,0.047022,0.470966,0.013598,0.012056,0.011931,0.009843,0.015619
0.126154,0.032115,0.126148,0.148553,0.441810,0.029417,0.023660,0.021506,0.018601,0.032035
0.026823,0.098111,0.026821,0.018386,0.022299,0.106664,0.395511,0.056855,0.150252,0.098277
0.235660,0.065023,0.235646,0.056488,0.179127,0.060330,0.037627,0.039577,0.025829,0.064692
0.090685,0.021586,0.090703,0.080758,0.614311,0.016806,0.016877,0.014454,0.032343,0.021476
0.116736,0.049158,0.116748,0.369545,0.141113,0.040721,0.040315,0.040320,0.036300,0.049044
0.030154,0.058770,0.030146,0.006033,0.009889,0.056340,0.724989,0.021687,0.003422,0.058569
0.130028,0.077492,0.130030,0.163683,0.154864,0.077268,0.067818,0.064612,0.056894,0.077311
0.046590,0.037345,0.046581,0.032639,0.027028,0.028086,0.024152,0.026975,0.693384,0.037220
0.278731,0.035386,0.278730,0.034690,0.251683,0.024712,0.023210,0.017755,0.020026,0.035079
0.170681,0.031765,0.170735,0.148991,0.350377,0.027156,0.024817,0.021730,0.022141,0.031607
0.227509,0.071678,0.227502,0.062046,0.160562,0.063570,0.045853,0.043988,0.026038,0.071254
0.096522,0.017934,0.096543,0.082519,0.620514,0.014220,0.013171,0.012993,0.027728,0.017856
0.263087,0.041598,0.263116,0.070617,0.199144,0.031961,0.030287,0.028558,0.030250,0.041383
0.258120,0.014121,0.258211,0.026968,0.392812,0.010905,0.010687,0.008196,0.005936,0.014044
0.088107,0.007810,0.088145,0.021345,0.764663,0.006178,0.005319,0.005547,0.005114,0.007773
0.076118,0.013573,0.076144,0.026426,0.753522,0.010947,0.010614,0.009975,0.009150,0.013530
0.099994,0.010609,0.100017,0.155882,0.587503,0.008770,0.007471,0.007023,0.012176,0.010556
0.033773,0.003190,0.033786,0.016305,0.900389,0.002481,0.002428,0.002256,0.002212,0.003179
0.173512,0.013676,0.173538,0.023806,0.565348,0.010926,0.010084,0.007753,0.007765,0.013590
0.242786,0.042173,0.242830,0.050043,0.280420,0.027467,0.024000,0.026820,0.021522,0.041938
0.053916,0.155952,0.053911,0.036943,0.038641,0.088855,0.095535,0.107147,0.213803,0.155295
0.134365,0.015069,0.134398,0.029083,0.632348,0.011484,0.010531,0.010262,0.007463,0.014998
0.074416,0.090772,0.074415,0.037134,0.435554,0.067718,0.053529,0.045950,0.029957,0.090556
0.113354,0.129815,0.113349,0.066522,0.074254,0.156150,0.089728,0.083118,0.044688,0.129022
0.067215,0.137147,0.067212,0.045513,0.051823,0.130614,0.093178,0.126160,0.143946,0.137191
0.179258,0.113262,0.179238,0.049533,0.083646,0.097633,0.080043,0.068346,0.036337,0.112703
0.104376,0.162232,0.104360,0.038792,0.049471,0.160217,0.105285,0.082971,0.030303,0.161993
0.058725,0.130356,0.058719,0.032400,0.040560,0.141521,0.065811,0.126259,0.214056,0.131592
0.018714,0.045853,0.018712,0.011450,0.020864,0.030386,0.025418,0.032356,0.750404,0.045842
0.037315,0.217508,0.037310,0.021255,0.023751,0.189366,0.106677,0.119372,0.030376,0.217070
0.162151,0.099820,0.162151,0.093881,0.108419,0.076755,0.075980,0.067570,0.053843,0.099431
0.016651,0.275432,0.016648,0.008215,0.009410,0.102506,0.081575,0.185870,0.026081,0.277613
0.024502,0.239706,0.024499,0.017252,0.017370,0.174388,0.064381,0.188209,0.016464,0.233229
0.053228,0.205633,0.053220,0.017785,0.023808,0.187666,0.099095,0.138011,0.015751,0.205802
0.055324,0.123995,0.055322,0.047430,0.045417,0.088563,0.085086,0.117738,0.257234,0.123890
0.076451,0.156466,0.076445,0.035898,0.175479,0.086218,0.067373,0.138772,0.030425,0.156475
0.023235,0.146657,0.023232,0.016190,0.016487,0.127136,0.055192,0.424601,0.019691,0.147579
0.060074,0.014592,0.060083,0.685729,0.119345,0.012332,0.012132,0.010467,0.010709,0.014536
0.032199,0.250091,0.032195,0.013342,0.017602,0.189693,0.071791,0.133982,0.013561,0.245543
0.082055,0.174125,0.082038,0.036871,0.039705,0.124965,0.113118,0.132527,0.041041,0.173555
0.015109,0.149367,0.015106,0.007402,0.009620,0.087926,0.036900,0.519982,0.007138,0.151449
0.016844,0.121258,0.016843,0.016179,0.014053,0.090376,0.041478,0.547130,0.013064,0.122775
0.013444,0.173487,0.013443,0.010124,0.009865,0.150524,0.058799,0.384768,0.008247,0.177298
0.032279,0.226292,0.032275,0.015043,0.017005,0.119794,0.180888,0.141685,0.013706,0.221033
0.069570,0.164363,0.069564,0.048898,0.050678,0.107760,0.176704,0.100258,0.048590,0.163614
0.056225,0.182513,0.056220,0.030763,0.039351,0.167464,0.124527,0.132162,0.027589,0.183185
0.072406,0.190743,0.072393,0.030780,0.036053,0.118803,0.087675,0.166133,0.032817,0.192196
0.043761,0.224168,0.043750,0.015634,0.018627,0.102751,0.044175,0.274486,0.014369,0.218280
0.044293,0.196793,0.044290,0.019938,0.162939,0.107781,0.048623,0.166566,0.010050,0.198727
0.059570,0.224067,0.059564,0.023289,0.034772,0.132122,0.072808,0.152216,0.015688,0.225905
0.078616,0.132925,0.078615,0.056142,0.067773,0.163024,0.134698,0.109239,0.046000,0.132967
0.012248,0.254524,0.012245,0.005510,0.005993,0.122464,0.126887,0.194861,0.005445,0.259824
0.046850,0.209146,0.046842,0.029776,0.027413,0.152494,0.065298,0.181131,0.031353,0.209697
0.013530,0.156285,0.013529,0.009842,0.009354,0.074226,0.040762,0.513349,0.011079,0.158044
0.080125,0.178420,0.080110,0.042073,0.038197,0.127215,0.148230,0.088558,0.039326,0.177745
0.083775,0.031868,0.083790,0.026853,0.661904,0.024634,0.019156,0.019418,0.016942,0.031661
0.008597,0.029173,0.008596,0.004633,0.005099,0.024994,0.872039,0.013959,0.003854,0.029054
0.024024,0.227422,0.024022,0.018424,0.017822,0.133479,0.087133,0.211256,0.025617,0.230802
0.134753,0.160687,0.134740,0.048424,0.063926,0.090437,0.090486,0.085580,0.031539,0.159429
0.129856,0.032971,0.129846,0.534808,0.059547,0.023302,0.020508,0.019358,0.017089,0.032715
0.062411,0.198081,0.062399,0.037432,0.032559,0.124063,0.115072,0.131274,0.038266,0.198443
0.017328,0.269584,0.017326,0.010976,0.011577,0.126165,0.088071,0.172586,0.012478,0.273907
0.022580,0.283896,0.022576,0.009780,0.011558,0.204402,0.061138,0.097127,0.013856,0.273087
0.045113,0.127723,0.045108,0.029570,0.028312,0.134656,0.372545,0.065814,0.023484,0.127674
0.342365,0.028005,0.342494,0.056385,0.136572,0.020629,0.016233,0.017412,0.012082,0.027822
0.062272,0.203709,0.062261,0.025217,0.030453,0.150921,0.090107,0.143560,0.027898,0.203601
0.228235,0.046536,0.228236,0.221041,0.106759,0.036245,0.033651,0.029106,0.023940,0.046250
0.193148,0.014239,0.193218,0.031404,0.489862,0.012371,0.011416,0.009131,0.031045,0.014166
0.032216,0.161093,0.032213,0.025237,0.024373,0.095017,0.066019,0.342022,0.059966,0.161845
0.066446,0.208537,0.066439,0.037069,0.045001,0.106711,0.098964,0.106218,0.056693,0.207921
0.095460,0.029331,0.095456,0.513359,0.149123,0.024249,0.022610,0.022119,0.019063,0.029230
0.011266,0.056060,0.011263,0.004603,0.005187,0.048138,0.771866,0.026356,0.009034,0.056228
0.076605,0.180597,0.076598,0.028422,0.049456,0.135119,0.063750,0.183616,0.024459,0.181378
0.017085,0.222950,0.017083,0.008788,0.009618,0.138016,0.029874,0.290273,0.041725,0.224587
0.003759,0.207701,0.003758,0.002120,0.002301,0.141649,0.257264,0.164678,0.002225,0.214545
0.288028,0.024098,0.288070,0.035026,0.263326,0.037350,0.015373,0.014708,0.010048,0.023974
0.100000,0.100000,0.100000,0.100000,0.100000,0.100000,0.100000,0.100000,0.100000,0.100000
0.055161,0.045342,0.055164,0.047034,0.395362,0.048222,0.034361,0.038353,0.235621,0.045381
0.039557,0.195056,0.039549,0.017227,0.019557,0.181847,0.164381,0.133291,0.014823,0.194711
0.006248,0.067226,0.006248,0.004128,0.004363,0.043490,0.755796,0.040518,0.004371,0.067613
0.020208,0.321812,0.020203,0.007849,0.008876,0.176752,0.058685,0.071025,0.008014,0.306574
0.212462,0.055437,0.212450,0.065436,0.222090,0.050370,0.049144,0.041441,0.035837,0.055332
0.121256,0.082928,0.121254,0.188369,0.130927,0.070680,0.071371,0.071292,0.059086,0.082837
0.187569,0.006747,0.187716,0.026581,0.562809,0.004931,0.004466,0.003945,0.008534,0.006702
0.410411,0.020247,0.410410,0.018888,0.077003,0.013505,0.011777,0.009843,0.007867,0.020049
0.342233,0.042414,0.342234,0.034835,0.095518,0.038815,0.026458,0.022789,0.012667,0.042036
0.072757,0.004253,0.072802,0.018151,0.814823,0.003415,0.003227,0.003001,0.003337,0.004234
0.087991,0.029356,0.088006,0.374283,0.106029,0.024209,0.235706,0.015884,0.009281,0.029256
0.045745,0.052896,0.045735,0.068965,0.025404,0.041678,0.627400,0.029872,0.009576,0.052728
0.052755,0.056945,0.052749,0.097212,0.043614,0.040969,0.552604,0.033413,0.012932,0.056808
0.105014,0.012689,0.105034,0.189260,0.518885,0.011218,0.009534,0.008336,0.027390,0.012641
0.081860,0.048796,0.081850,0.033786,0.588756,0.031077,0.028106,0.033761,0.023443,0.048565
0.241539,0.040990,0.241562,0.069190,0.170652,0.036280,0.038153,0.026540,0.094319,0.040776
0.096868,0.017065,0.096888,0.030839,0.699386,0.014812,0.011707,0.009210,0.006282,0.016942
0.342379,0.024222,0.342442,0.052012,0.155490,0.019820,0.016391,0.013696,0.009487,0.024061
0.115354,0.126907,0.115336,0.092154,0.063092,0.083933,0.070706,0.104552,0.101207,0.126758
0.109013,0.090049,0.108999,0.167212,0.082694,0.060911,0.060611,0.069011,0.161762,0.089739
0.138308,0.104031,0.138286,0.126760,0.073228,0.077127,0.069790,0.079230,0.089576,0.103666
0.196021,0.034951,0.196034,0.190666,0.250718,0.029648,0.028014,0.022606,0.016511,0.034830
0.150128,0.091930,0.150112,0.130374,0.090807,0.077772,0.068646,0.068840,0.079672,0.091719
0.104592,0.151104,0.104573,0.056137,0.055041,0.126037,0.102433,0.111402,0.037840,0.150842
0.095250,0.127373,0.095242,0.101309,0.077447,0.097596,0.103046,0.115932,0.059300,0.127506
0.209131,0.068473,0.209152,0.087971,0.158485,0.060629,0.049144,0.047436,0.041468,0.068111
0.241677,0.058168,0.241674,0.083205,0.144238,0.048556,0.048652,0.042085,0.033751,0.057995
0.251078,0.083713,0.251055,0.064797,0.091336,0.055417,0.043467,0.050040,0.025695,0.083401
0.241682,0.012344,0.241659,0.267475,0.189140,0.010977,0.009693,0.007524,0.007235,0.012271
0.043944,0.006241,0.043951,0.847558,0.033041,0.004943,0.005287,0.004441,0.004382,0.006212
0.229134,0.048707,0.229092,0.186370,0.116357,0.038440,0.045900,0.031637,0.025918,0.048445
