0.176719,0.176713,0.044687,0.035878,0.108857,0.035865,0.029614,0.308556,0.044705,0.038406
0.071778,0.071783,0.007645,0.005730,0.767939,0.006384,0.005674,0.049165,0.007648,0.006254
0.272531,0.272545,0.025138,0.017566,0.242941,0.021959,0.016495,0.084785,0.025151,0.020888
0.072201,0.072200,0.107862,0.111083,0.065030,0.080065,0.070300,0.062373,0.107803,0.251081
0.072201,0.072200,0.107862,0.111083,0.065030,0.080065,0.070300,0.062373,0.107803,0.251081
0.011846,0.011845,0.176708,0.143065,0.005038,0.148805,0.004695,0.005348,0.176250,0.316401
0.014311,0.014310,0.188970,0.171974,0.007395,0.228034,0.007761,0.007260,0.188943,0.171042
0.100000,0.100000,0.100000,0.100000,0.100000,0.100000,0.100000,0.100000,0.100000,0.100000
0.024968,0.024967,0.202782,0.275769,0.012384,0.045504,0.013220,0.011151,0.202413,0.186841
0.100000,0.100000,0.100000,0.100000,0.100000,0.100000,0.100000,0.100000,0.100000,0.100000
0.015811,0.015811,0.174255,0.162776,0.009095,0.240748,0.007110,0.008811,0.173881,0.191702
0.100000,0.100000,0.100000,0.100000,0.100000,0.100000,0.100000,0.100000,0.100000,0.100000
0.178944,0.178943,0.054335,0.041421,0.201681,0.043939,0.069861,0.129734,0.054363,0.046779
0.271085,0.271099,0.018498,0.011798,0.234540,0.012358,0.009127,0.137818,0.018514,0.015163
0.021359,0.021359,0.148604,0.278910,0.017574,0.079918,0.018049,0.017195,0.148412,0.248619
0.077725,0.077723,0.061958,0.040362,0.044046,0.533413,0.017943,0.031894,0.061962,0.052975
0.033062,0.033062,0.087357,0.043393,0.021554,0.586541,0.017221,0.020569,0.087482,0.069758
0.273079,0.273065,0.030493,0.020603,0.091914,0.022958,0.102739,0.126144,0.030513,0.028492
0.009288,0.009288,0.207018,0.219168,0.004898,0.062769,0.004583,0.004534,0.206539,0.271914
0.412511,0.412516,0.017678,0.009223,0.084861,0.008659,0.003319,0.018511,0.017696,0.015027
0.101784,0.101784,0.097091,0.081991,0.087434,0.082733,0.156474,0.104389,0.097130,0.089190
0.259693,0.259692,0.056742,0.032697,0.134546,0.044887,0.034117,0.069294,0.056789,0.051542
0.021017,0.021017,0.180538,0.310168,0.016586,0.082741,0.016141,0.016923,0.180295,0.154573
0.016270,0.016270,0.138073,0.478770,0.010148,0.049105,0.007272,0.008974,0.137751,0.137367
0.029270,0.029269,0.154622,0.379052,0.026845,0.086010,0.025580,0.027671,0.154368,0.087313
0.146857,0.146858,0.092991,0.077014,0.115809,0.069082,0.048519,0.135577,0.093016,0.074275
0.016817,0.016817,0.202671,0.263499,0.013064,0.076214,0.013132,0.012735,0.202312,0.182740
0.193654,0.193646,0.098099,0.080997,0.077615,0.073475,0.048999,0.063458,0.098144,0.071914
0.103725,0.103724,0.124459,0.103300,0.061266,0.134886,0.036139,0.054374,0.124445,0.153683
0.307389,0.307390,0.058442,0.035734,0.085133,0.033450,0.040967,0.035448,0.058487,0.037560
0.112738,0.112750,0.004794,0.002841,0.700892,0.003721,0.002830,0.051241,0.004799,0.003393
0.089044,0.089055,0.015004,0.010862,0.645555,0.016878,0.011978,0.093596,0.015010,0.013017
0.014023,0.014023,0.225213,0.264673,0.011329,0.076370,0.011444,0.010820,0.224769,0.147335
0.329068,0.329068,0.042749,0.021567,0.112397,0.034005,0.013264,0.038989,0.042785,0.036108
0.000002,0.000002,0.000002,0.000001,0.000001,0.000001,0.999988,0.000001,0.000002,0.000001
0.027012,0.027012,0.242516,0.208252,0.012119,0.056508,0.013485,0.010189,0.242266,0.160640
0.025892,0.025891,0.209179,0.255183,0.014319,0.111704,0.013733,0.012902,0.208841,0.122358
0.023450,0.023449,0.135922,0.068351,0.011123,0.460400,0.009166,0.008560,0.135861,0.123717
0.348188,0.348216,0.012437,0.007199,0.149636,0.009041,0.006493,0.095729,0.012447,0.010614
0.073341,0.073338,0.207006,0.176153,0.025454,0.063976,0.020364,0.019554,0.206913,0.133900
0.010420,0.010419,0.114873,0.053368,0.005565,0.034629,0.004514,0.004990,0.115175,0.646047
0.012642,0.012641,0.015059,0.012292,0.009321,0.010814,0.890160,0.009730,0.015063,0.012278
0.170821,0.170813,0.168305,0.081889,0.045319,0.060437,0.021034,0.028458,0.168919,0.084005
0.016470,0.016469,0.153985,0.079814,0.006878,0.421039,0.005355,0.006172,0.153843,0.139974
0.038421,0.038420,0.194138,0.223169,0.025642,0.097865,0.031007,0.026699,0.194060,0.130579
0.016252,0.016252,0.202040,0.337262,0.011278,0.055545,0.010421,0.009825,0.201643,0.139481
0.086471,0.086470,0.188370,0.104360,0.044454,0.089447,0.027600,0.034958,0.188708,0.149162
0.019715,0.019714,0.186081,0.373098,0.011961,0.083276,0.018693,0.010719,0.185784,0.090959
0.157265,0.157272,0.088357,0.062518,0.177676,0.061195,0.027544,0.103360,0.088360,0.076452
0.009602,0.009602,0.157749,0.486459,0.004934,0.087110,0.005623,0.004021,0.157381,0.077519
0.009445,0.009445,0.212651,0.359532,0.004076,0.080690,0.003272,0.003469,0.212327,0.105092
0.266876,0.266868,0.063355,0.036244,0.095483,0.044232,0.022107,0.093333,0.063409,0.048092
0.071318,0.071319,0.031328,0.016354,0.048966,0.272459,0.007904,0.420078,0.031333,0.028942
0.109492,0.109490,0.131623,0.086517,0.066282,0.104918,0.051877,0.082779,0.131743,0.125279
0.037772,0.037772,0.200462,0.188935,0.031515,0.124933,0.031519,0.026798,0.200349,0.119945
0.043392,0.043390,0.217315,0.162082,0.023037,0.075879,0.017256,0.024263,0.217258,0.176128
0.020810,0.020809,0.186198,0.377879,0.010677,0.047459,0.010640,0.009160,0.185874,0.130493
0.112956,0.112958,0.017272,0.013522,0.098621,0.015080,0.013585,0.584178,0.017280,0.014549
0.104172,0.104172,0.109803,0.092576,0.093693,0.107633,0.089577,0.086742,0.109829,0.101802
0.142170,0.142169,0.094455,0.066480,0.092376,0.071015,0.123192,0.097904,0.094515,0.075724
0.240630,0.240642,0.050696,0.036376,0.229274,0.032485,0.019903,0.065734,0.050717,0.033542
0.024605,0.024604,0.288400,0.097871,0.010905,0.048265,0.009344,0.008948,0.289244,0.197814
0.015886,0.015886,0.222572,0.368913,0.007364,0.040155,0.007287,0.006327,0.222183,0.093428
0.073216,0.073219,0.019913,0.013440,0.662712,0.016764,0.013062,0.092272,0.019924,0.015477
0.163532,0.163532,0.092362,0.077553,0.109270,0.076498,0.054913,0.091541,0.092381,0.078418
0.150817,0.150815,0.097836,0.070477,0.089098,0.064225,0.112318,0.086975,0.097909,0.079530
0.275416,0.275445,0.015689,0.010423,0.294668,0.011654,0.007278,0.081139,0.015699,0.012590
0.268938,0.268954,0.051092,0.035814,0.156376,0.055099,0.020793,0.055668,0.051106,0.036160
0.314303,0.314324,0.026942,0.018858,0.161160,0.017267,0.010957,0.088976,0.026956,0.020258
0.288608,0.288588,0.054651,0.031448,0.075004,0.035898,0.082541,0.050738,0.054694,0.037829
0.055168,0.055168,0.078167,0.057398,0.046593,0.056483,0.476283,0.041551,0.078203,0.054987
0.047592,0.047591,0.137323,0.087581,0.020842,0.350070,0.008937,0.015859,0.137248,0.146958
0.259406,0.259408,0.051654,0.034255,0.130723,0.032508,0.083496,0.058060,0.051696,0.038795
0.010529,0.010529,0.162553,0.493342,0.007050,0.045145,0.005898,0.006172,0.162118,0.096663
0.034247,0.034247,0.190508,0.249029,0.023035,0.074260,0.027334,0.020821,0.190412,0.156106
0.024573,0.024572,0.186887,0.348179,0.015457,0.062811,0.016882,0.014767,0.186584,0.119287
0.016769,0.016768,0.208361,0.187070,0.008672,0.047924,0.012345,0.008622,0.207975,0.285495
0.036784,0.036784,0.189683,0.183583,0.023555,0.080218,0.042086,0.020243,0.189661,0.197403
0.017159,0.017159,0.126061,0.491441,0.011066,0.054189,0.011306,0.011168,0.125841,0.134610
0.024699,0.024698,0.143765,0.394643,0.016526,0.055955,0.014226,0.016721,0.143485,0.165282
0.303064,0.303072,0.041338,0.027688,0.154070,0.027094,0.022777,0.047689,0.041368,0.031839
0.029056,0.029055,0.099374,0.044869,0.015111,0.559700,0.024800,0.013752,0.099397,0.084885
0.007496,0.007496,0.197625,0.307840,0.005162,0.121334,0.012453,0.004906,0.197229,0.138458
0.006252,0.006252,0.093872,0.690372,0.004141,0.049998,0.003924,0.004023,0.093733,0.047431
0.329028,0.329029,0.042553,0.025071,0.105997,0.028766,0.017020,0.048200,0.042586,0.031749
0.020067,0.020067,0.116297,0.049375,0.010902,0.548386,0.006834,0.009297,0.116372,0.102404
0.012017,0.012016,0.153594,0.048742,0.004444,0.477434,0.003019,0.003820,0.153606,0.131308
0.024259,0.024257,0.220728,0.242491,0.009710,0.049173,0.007838,0.008597,0.220401,0.192546
0.013247,0.013247,0.157375,0.480746,0.007366,0.043581,0.006558,0.006981,0.157051,0.113848
0.035851,0.035850,0.245883,0.110058,0.019589,0.066281,0.018384,0.016981,0.246005,0.205118
0.029362,0.029362,0.203400,0.171644,0.023194,0.096401,0.027368,0.022543,0.203131,0.193596
0.015570,0.015569,0.256121,0.105956,0.007299,0.143401,0.012131,0.007685,0.255986,0.180282
0.010155,0.010155,0.146081,0.567304,0.006356,0.035145,0.004815,0.004797,0.145650,0.069542
0.044470,0.044469,0.209244,0.139169,0.026502,0.103822,0.022212,0.020271,0.209130,0.180712
0.025509,0.025508,0.233122,0.185323,0.017321,0.081607,0.017556,0.016496,0.232776,0.164783
0.017517,0.017517,0.200124,0.281215,0.013852,0.073829,0.016374,0.013485,0.199650,0.166437
0.005565,0.005565,0.106704,0.640751,0.004377,0.030853,0.004584,0.004436,0.106324,0.090842
0.023247,0.023247,0.181602,0.261435,0.016917,0.070264,0.016219,0.016191,0.181300,0.209579
0.009484,0.009484,0.128066,0.525604,0.007862,0.048215,0.006339,0.008828,0.127632,0.128485
0.004185,0.004185,0.104332,0.707118,0.002347,0.019195,0.001967,0.002081,0.104042,0.050549
0.011747,0.011746,0.240543,0.116732,0.005356,0.148282,0.003777,0.005143,0.240165,0.216509
0.050675,0.050673,0.176569,0.173737,0.025117,0.136095,0.027579,0.026427,0.176379,0.156751
0.038701,0.038700,0.222834,0.203705,0.021631,0.065113,0.020945,0.019305,0.223114,0.145952
0.008206,0.008206,0.253375,0.130324,0.003634,0.184758,0.002704,0.003157,0.252958,0.152678
0.031484,0.031484,0.206339,0.261578,0.019123,0.065403,0.015586,0.015289,0.206397,0.147318
0.048630,0.048628,0.200334,0.232176,0.024907,0.077100,0.025336,0.021721,0.200116,0.121051
0.023776,0.023776,0.142487,0.092392,0.013712,0.439677,0.015771,0.012603,0.142414,0.093394
0.021416,0.021416,0.226898,0.245840,0.015448,0.065175,0.012202,0.012424,0.227358,0.151823
0.035570,0.035570,0.214471,0.155285,0.021513,0.049682,0.113486,0.024596,0.214528,0.135299
0.020320,0.020319,0.204885,0.342382,0.013154,0.054837,0.011604,0.011722,0.204610,0.116168
0.023092,0.023091,0.198316,0.335025,0.013339,0.064297,0.010658,0.012568,0.197960,0.121655
0.072530,0.072529,0.177650,0.203986,0.038016,0.064358,0.021934,0.035825,0.177403,0.135768
0.015522,0.015522,0.167535,0.084782,0.009768,0.394647,0.007642,0.008999,0.167768,0.127814
0.014741,0.014741,0.223036,0.349564,0.006438,0.042510,0.005131,0.005629,0.222528,0.115681
0.158512,0.158525,0.014174,0.009403,0.336684,0.008874,0.008130,0.280650,0.014182,0.010865
0.214140,0.214153,0.052917,0.034112,0.261083,0.038186,0.032911,0.062124,0.052951,0.037422
0.086110,0.086116,0.012464,0.007876,0.420547,0.010183,0.006037,0.348567,0.012471,0.009630
0.025031,0.025032,0.003950,0.002944,0.667795,0.003001,0.003359,0.261891,0.003951,0.003046
0.267321,0.267318,0.052693,0.034915,0.121753,0.041127,0.051890,0.066807,0.052731,0.043444
0.157613,0.157621,0.020824,0.014120,0.256257,0.017839,0.018603,0.318683,0.020836,0.017605
0.027796,0.027796,0.104613,0.053366,0.015212,0.563153,0.007713,0.011494,0.104567,0.084288
0.099880,0.099879,0.112673,0.101928,0.087399,0.092562,0.105180,0.089384,0.112697,0.098418
0.018867,0.018867,0.203786,0.251548,0.011752,0.054503,0.009919,0.010637,0.203395,0.216726
0.039699,0.039698,0.172026,0.338078,0.025307,0.057272,0.023707,0.023918,0.171860,0.108435
0.100000,0.100000,0.100000,0.100000,0.100000,0.100000,0.100000,0.100000,0.100000,0.100000
0.242623,0.242627,0.062078,0.036854,0.121966,0.039668,0.060253,0.078072,0.062107,0.053751
0.238045,0.238048,0.062037,0.039591,0.098453,0.049813,0.099501,0.048526,0.062077,0.063909
0.095953,0.095959,0.024849,0.018610,0.138027,0.021299,0.016424,0.537995,0.024858,0.026027
0.145924,0.145929,0.055839,0.025616,0.244017,0.063125,0.017587,0.190186,0.055867,0.055911
0.304169,0.304189,0.037899,0.022566,0.148833,0.024152,0.017952,0.065021,0.037933,0.037287
0.301560,0.301544,0.060704,0.036211,0.082674,0.038085,0.026770,0.043109,0.060761,0.048583
0.011127,0.011127,0.137435,0.573459,0.006993,0.030664,0.009523,0.007986,0.137068,0.074618
0.024331,0.024329,0.172041,0.147287,0.009015,0.044070,0.015942,0.007397,0.171943,0.383644
0.054706,0.054705,0.215879,0.102794,0.028310,0.067809,0.029443,0.024801,0.216463,0.205090
0.272937,0.272936,0.062276,0.038449,0.103666,0.050819,0.025637,0.048774,0.062312,0.062195
0.071009,0.071006,0.198298,0.102021,0.025950,0.074581,0.101177,0.020658,0.198675,0.136625
0.224346,0.224339,0.083263,0.047366,0.069378,0.042116,0.129993,0.044828,0.083351,0.051020
0.058996,0.058996,0.197052,0.142005,0.035312,0.096837,0.025423,0.036119,0.197374,0.151885
0.184566,0.184551,0.158083,0.063218,0.034125,0.047520,0.067101,0.024464,0.158528,0.077844
0.039228,0.039228,0.207484,0.152518,0.033610,0.088536,0.035005,0.033095,0.207930,0.163366
0.061732,0.061731,0.202823,0.170202,0.022193,0.054042,0.012390,0.013037,0.202626,0.199224
0.016626,0.016625,0.168605,0.064188,0.009972,0.072109,0.011328,0.008683,0.169144,0.462720
0.032152,0.032151,0.156925,0.077681,0.014063,0.410074,0.009151,0.011131,0.156886,0.099787
0.016996,0.016995,0.186451,0.425923,0.010081,0.036095,0.012963,0.009562,0.186143,0.098792
0.025205,0.025204,0.160065,0.073450,0.011828,0.368388,0.010110,0.010308,0.159952,0.155490
0.111742,0.111737,0.194876,0.092548,0.041479,0.082039,0.029211,0.043283,0.195461,0.097624
0.106186,0.106182,0.225024,0.095519,0.030915,0.064857,0.017207,0.020598,0.225792,0.107720
0.060601,0.060600,0.168678,0.230718,0.042115,0.080310,0.056144,0.040274,0.168598,0.091962
0.029200,0.029200,0.166871,0.189648,0.024886,0.229525,0.026034,0.024166,0.166736,0.113734
0.017173,0.017172,0.102710,0.064311,0.011827,0.509362,0.015476,0.012117,0.102656,0.147195
0.044823,0.044823,0.185419,0.134287,0.030677,0.119600,0.029409,0.031421,0.185442,0.194099
0.084776,0.084773,0.075103,0.042711,0.036162,0.483027,0.024961,0.035199,0.075140,0.058148
0.009054,0.009054,0.167299,0.492929,0.005924,0.047781,0.007429,0.005164,0.166956,0.088410
0.339309,0.339301,0.055550,0.033869,0.058202,0.039236,0.012650,0.033396,0.055579,0.032908
0.135849,0.135842,0.173845,0.089325,0.042685,0.052608,0.022072,0.028346,0.173780,0.145648
0.016671,0.016671,0.206167,0.080676,0.007749,0.298255,0.005319,0.006985,0.206626,0.154881
0.054562,0.054562,0.183770,0.146158,0.043692,0.116082,0.052495,0.045026,0.183793,0.119860
0.004214,0.004214,0.027554,0.019956,0.002805,0.888689,0.002537,0.002959,0.027542,0.019528
0.039514,0.039513,0.175651,0.117727,0.031135,0.152331,0.025141,0.028873,0.175658,0.214458
0.005538,0.005538,0.100882,0.659925,0.003904,0.047926,0.003805,0.003795,0.100688,0.067999
0.050441,0.050440,0.216098,0.160033,0.021453,0.064388,0.013288,0.017969,0.215895,0.189995
0.021127,0.021127,0.152718,0.089486,0.010721,0.417931,0.007614,0.009887,0.152684,0.116704
0.012064,0.012064,0.089253,0.042536,0.006356,0.634413,0.004192,0.005708,0.089186,0.104229
0.034208,0.034207,0.201320,0.272905,0.026847,0.080846,0.024741,0.024866,0.201177,0.098883
0.056936,0.056934,0.219514,0.138150,0.028320,0.114689,0.022058,0.023902,0.219581,0.119916
0.044823,0.044823,0.185419,0.134287,0.030677,0.119600,0.029409,0.031421,0.185442,0.194099
0.039694,0.039692,0.228402,0.179738,0.021732,0.094680,0.036730,0.019732,0.228507,0.111094
0.088007,0.088014,0.010436,0.006164,0.752342,0.006357,0.005340,0.024508,0.010445,0.008388
0.194482,0.194498,0.015790,0.009085,0.479245,0.010529,0.006619,0.061339,0.015804,0.012609
0.268937,0.268914,0.026550,0.016933,0.066675,0.020876,0.011699,0.271792,0.026566,0.021060
0.013156,0.013156,0.210713,0.328977,0.006871,0.048196,0.007471,0.005849,0.210513,0.155098
0.001133,0.001132,0.019812,0.019412,0.000645,0.006020,0.000572,0.000650,0.019828,0.930796
0.318520,0.318546,0.031311,0.022815,0.196204,0.016391,0.008533,0.029857,0.031320,0.026504
0.030572,0.030571,0.190927,0.335231,0.016947,0.067757,0.020033,0.015189,0.190741,0.102033
0.034286,0.034285,0.172482,0.145435,0.025005,0.083558,0.019587,0.023260,0.172194,0.289908
0.027191,0.027191,0.109020,0.061562,0.015046,0.514348,0.009856,0.011700,0.108964,0.115123
0.011360,0.011360,0.133952,0.310040,0.008208,0.057442,0.009090,0.008301,0.133794,0.316452
0.032284,0.032283,0.181735,0.135055,0.024084,0.238466,0.029983,0.025314,0.181937,0.118858
0.033206,0.033205,0.204179,0.328695,0.013224,0.043493,0.007949,0.012122,0.204541,0.119386
0.005885,0.005885,0.066183,0.029373,0.003610,0.747537,0.002965,0.003252,0.066086,0.069224
0.042452,0.042450,0.198683,0.271148,0.020836,0.077801,0.030519,0.015457,0.198591,0.102063
0.013634,0.013634,0.165928,0.428938,0.007935,0.047186,0.007380,0.007031,0.165313,0.143021
0.013884,0.013884,0.207114,0.322243,0.008212,0.098821,0.007578,0.008227,0.206741,0.113297
0.017147,0.017146,0.121217,0.523287,0.012732,0.054962,0.011028,0.011352,0.121070,0.110057
0.015371,0.015370,0.123910,0.565106,0.011026,0.055991,0.009556,0.009781,0.123788,0.070100
0.017774,0.017774,0.133496,0.519039,0.013845,0.056146,0.014843,0.013197,0.133373,0.080513
0.055133,0.055132,0.178625,0.117351,0.039984,0.103265,0.037599,0.040352,0.178923,0.193635
0.023931,0.023931,0.197802,0.298501,0.016620,0.066075,0.015806,0.014891,0.197672,0.144771
0.020177,0.020176,0.186155,0.108680,0.011316,0.290017,0.008496,0.010858,0.186053,0.158071
0.034551,0.034550,0.164162,0.378547,0.019279,0.077486,0.020519,0.016803,0.164122,0.089979
0.018057,0.018057,0.139773,0.517109,0.010453,0.038588,0.010040,0.009650,0.139464,0.098808
0.033620,0.033619,0.204142,0.230118,0.016896,0.133997,0.010722,0.013819,0.203743,0.119323
0.002543,0.002543,0.088701,0.740765,0.001579,0.014905,0.001415,0.001388,0.088371,0.057791
0.009288,0.009288,0.207018,0.219168,0.004898,0.062769,0.004583,0.004534,0.206539,0.271914
0.103725,0.103724,0.124459,0.103300,0.061266,0.134886,0.036139,0.054374,0.124445,0.153683
0.017768,0.017768,0.188677,0.269260,0.011757,0.065384,0.012448,0.010115,0.188377,0.218445
0.028398,0.028398,0.265969,0.137656,0.016568,0.096330,0.017725,0.015031,0.266809,0.127117
0.025833,0.025833,0.179503,0.336876,0.018036,0.074131,0.016589,0.015980,0.179008,0.128211
0.029270,0.029269,0.154622,0.379052,0.026845,0.086010,0.025580,0.027671,0.154368,0.087313
0.021017,0.021017,0.180538,0.310168,0.016586,0.082741,0.016141,0.016923,0.180295,0.154573
0.016270,0.016270,0.138073,0.478770,0.010148,0.049105,0.007272,0.008974,0.137751,0.137367
0.071076,0.071074,0.198730,0.109963,0.039277,0.077668,0.062323,0.035979,0.199183,0.134727
0.056868,0.056867,0.210138,0.119306,0.027561,0.089808,0.099975,0.023087,0.210614,0.105777
0.016817,0.016817,0.202671,0.263499,0.013064,0.076214,0.013132,0.012735,0.202312,0.182740
0.061039,0.061038,0.138155,0.047359,0.029795,0.413717,0.015584,0.019304,0.138269,0.075739
0.023440,0.023439,0.212951,0.106281,0.008650,0.225510,0.007860,0.006747,0.212807,0.172315
0.072784,0.072784,0.151284,0.171282,0.059131,0.117775,0.035095,0.043298,0.151183,0.125383
0.013991,0.013991,0.118121,0.051913,0.008413,0.168185,0.006577,0.007939,0.118074,0.492797
0.014023,0.014023,0.225213,0.264673,0.011329,0.076370,0.011444,0.010820,0.224769,0.147335
0.013734,0.013734,0.181400,0.386991,0.007024,0.039537,0.004461,0.006106,0.181115,0.165898
0.016663,0.016662,0.150946,0.378920,0.013292,0.063319,0.012964,0.012822,0.150497,0.183915
0.052984,0.052983,0.233973,0.117564,0.033728,0.100961,0.029727,0.026586,0.233952,0.117543
0.025493,0.025492,0.231906,0.066281,0.011359,0.123539,0.012459,0.009632,0.232724,0.261116
0.005877,0.005877,0.116831,0.636626,0.004147,0.026249,0.004770,0.003954,0.116479,0.079190
0.023450,0.023449,0.135922,0.068351,0.011123,0.460400,0.009166,0.008560,0.135861,0.123717
0.019829,0.019829,0.204096,0.264546,0.012923,0.050866,0.012426,0.011595,0.204364,0.199527
0.025892,0.025891,0.209179,0.255183,0.014319,0.111704,0.013733,0.012902,0.208841,0.122358
0.006299,0.006299,0.050186,0.044975,0.004313,0.769110,0.004756,0.004767,0.050112,0.059182
0.027513,0.027512,0.182460,0.283496,0.019386,0.063974,0.061242,0.019121,0.182295,0.133000
0.006195,0.006195,0.143695,0.496835,0.004116,0.035042,0.003714,0.003715,0.143078,0.157413
0.007159,0.007159,0.160346,0.553893,0.004038,0.026827,0.004428,0.003449,0.160000,0.072703
0.009958,0.009957,0.170809,0.175916,0.005585,0.266614,0.005576,0.005312,0.170500,0.179773
0.073341,0.073338,0.207006,0.176153,0.025454,0.063976,0.020364,0.019554,0.206913,0.133900
0.012552,0.012551,0.202773,0.248729,0.008528,0.046065,0.034814,0.008344,0.202344,0.223301
0.028947,0.028946,0.186014,0.292783,0.017016,0.087602,0.015967,0.016086,0.185808,0.140831
0.014639,0.014639,0.258791,0.140602,0.006665,0.056409,0.005292,0.005637,0.259226,0.238100
0.036387,0.036387,0.243786,0.176970,0.020821,0.073699,0.027880,0.019106,0.243970,0.120993
0.011022,0.011022,0.161039,0.521649,0.006706,0.031013,0.016188,0.006821,0.160786,0.073753
0.020706,0.020706,0.294447,0.153172,0.011001,0.069054,0.009187,0.009617,0.295435,0.116676
0.022468,0.022468,0.168759,0.337655,0.019538,0.063973,0.020483,0.019222,0.168040,0.157395
0.037260,0.037259,0.200743,0.085653,0.013787,0.064586,0.009564,0.011607,0.200853,0.338688
0.061567,0.061565,0.228624,0.125822,0.031345,0.102488,0.023437,0.026349,0.229119,0.109683
0.048483,0.048482,0.183613,0.133369,0.034411,0.140275,0.026139,0.031472,0.183532,0.170224
0.017585,0.017585,0.153691,0.397982,0.013250,0.061496,0.012849,0.013170,0.153196,0.159196
0.015070,0.015070,0.156344,0.415775,0.011288,0.060417,0.011149,0.011201,0.155859,0.147826
0.033728,0.033727,0.187973,0.307656,0.021194,0.080189,0.018905,0.019571,0.187932,0.109126
0.027012,0.027012,0.242516,0.208252,0.012119,0.056508,0.013485,0.010189,0.242266,0.160640
0.008916,0.008916,0.150325,0.434805,0.006149,0.066125,0.005896,0.006043,0.150085,0.162739
0.008216,0.008216,0.040482,0.038632,0.005603,0.800012,0.004687,0.005835,0.040452,0.047865
0.014405,0.014405,0.206331,0.085054,0.010370,0.294444,0.007475,0.010456,0.206569,0.150492
0.074349,0.074346,0.187737,0.085775,0.027823,0.073065,0.014141,0.023586,0.188189,0.250988
0.033062,0.033062,0.087357,0.043393,0.021554,0.586541,0.017221,0.020569,0.087482,0.069758
0.018069,0.018069,0.241315,0.107340,0.008558,0.124133,0.005537,0.006634,0.241286,0.229059
0.029386,0.029385,0.221662,0.130355,0.014741,0.107268,0.012023,0.012684,0.221696,0.220800
0.017248,0.017248,0.127313,0.440029,0.013081,0.048046,0.012669,0.012727,0.127106,0.184532
0.043135,0.043135,0.206205,0.163105,0.026296,0.091529,0.023498,0.025149,0.206540,0.171408
0.022547,0.022547,0.216142,0.086292,0.011482,0.113931,0.007214,0.012014,0.216767,0.291064
0.016835,0.016835,0.143397,0.469357,0.009630,0.062358,0.008288,0.012225,0.143138,0.117938
0.073794,0.073790,0.173416,0.094245,0.022748,0.186591,0.013812,0.017641,0.173354,0.170608
0.018360,0.018359,0.129715,0.064875,0.007569,0.029558,0.004873,0.005856,0.129575,0.591260
0.012169,0.012168,0.157074,0.072116,0.005299,0.427769,0.004093,0.005184,0.156858,0.147270
0.039940,0.039938,0.199482,0.205316,0.017095,0.063706,0.011148,0.012912,0.199045,0.211417
0.011511,0.011511,0.180734,0.192809,0.005875,0.040698,0.004339,0.005168,0.180242,0.367111
0.035147,0.035146,0.148590,0.066692,0.014074,0.113222,0.009964,0.010134,0.148501,0.418530
0.024692,0.024691,0.121080,0.458922,0.018471,0.063858,0.018599,0.025102,0.120922,0.123662
0.020026,0.020026,0.175699,0.354558,0.012011,0.052804,0.009872,0.012050,0.175427,0.167526
0.013542,0.013542,0.270471,0.109333,0.007786,0.063644,0.102631,0.007525,0.271351,0.140176
0.006492,0.006491,0.220417,0.158926,0.004187,0.198893,0.004111,0.004015,0.219740,0.176729
0.021225,0.021225,0.285942,0.169078,0.011642,0.057203,0.009872,0.010955,0.286509,0.126350
0.019367,0.019366,0.264160,0.165392,0.009963,0.039937,0.012850,0.009267,0.265260,0.194436
0.016314,0.016314,0.122661,0.077604,0.010468,0.044097,0.024473,0.009880,0.122673,0.555517
0.023507,0.023507,0.219533,0.272187,0.011517,0.074414,0.008744,0.014040,0.220055,0.132496
0.048799,0.048798,0.202930,0.191327,0.028332,0.088678,0.021231,0.022644,0.202729,0.144532
0.010555,0.010554,0.113236,0.597158,0.008180,0.077452,0.007690,0.008011,0.113067,0.054098
0.142247,0.142245,0.130239,0.110149,0.082846,0.081418,0.028055,0.045830,0.130127,0.106845
0.038908,0.038908,0.158067,0.338211,0.031704,0.063074,0.026246,0.034801,0.157647,0.112434
0.008571,0.008571,0.127031,0.595228,0.005595,0.061009,0.004672,0.006574,0.126772,0.055976
0.053909,0.053908,0.183941,0.152529,0.034392,0.074379,0.063302,0.034963,0.184111,0.164566
0.008768,0.008768,0.174345,0.463541,0.006574,0.050031,0.006573,0.006417,0.173927,0.101055
0.009028,0.009028,0.152383,0.125791,0.004927,0.162093,0.004005,0.004330,0.152050,0.376366
0.027943,0.027943,0.141481,0.410016,0.023811,0.059328,0.022148,0.026637,0.141305,0.119387
0.036613,0.036612,0.195801,0.279333,0.020282,0.079670,0.016286,0.018038,0.195413,0.121952
0.052143,0.052142,0.169054,0.077970,0.029588,0.300747,0.025383,0.024370,0.169152,0.099450
0.002957,0.002957,0.024444,0.014949,0.001730,0.907165,0.001207,0.001495,0.024438,0.018659
0.004273,0.004273,0.026842,0.014777,0.002393,0.890521,0.002220,0.003230,0.026834,0.024637
0.016021,0.016021,0.176498,0.437139,0.009622,0.053143,0.008497,0.008413,0.176064,0.098583
0.027647,0.027647,0.216017,0.176161,0.014368,0.082166,0.010238,0.012141,0.215810,0.217806
0.028890,0.028889,0.236765,0.130980,0.013458,0.078499,0.028748,0.016589,0.236675,0.200506
0.021112,0.021111,0.221811,0.276982,0.012314,0.070210,0.011053,0.011589,0.221803,0.132015
0.024609,0.024609,0.164211,0.459206,0.011919,0.046795,0.010598,0.009980,0.163946,0.084126
0.025433,0.025433,0.244612,0.153169,0.013477,0.086032,0.007535,0.009950,0.244292,0.190066
0.041749,0.041747,0.238664,0.071005,0.018628,0.095392,0.010596,0.014738,0.239343,0.228139
0.106416,0.106410,0.206626,0.114212,0.033923,0.057371,0.023743,0.027315,0.207382,0.116602
0.105383,0.105379,0.153555,0.139537,0.041017,0.077370,0.021133,0.030649,0.153549,0.172427
0.071021,0.071019,0.169936,0.175202,0.042360,0.119263,0.028828,0.035093,0.169870,0.117408
0.091961,0.091958,0.185453,0.159212,0.046458,0.075535,0.021389,0.031999,0.185410,0.110625
0.009172,0.009172,0.206156,0.150084,0.005734,0.284438,0.005321,0.005708,0.205772,0.118443
0.006250,0.006250,0.111925,0.679764,0.003793,0.020268,0.002887,0.002977,0.111664,0.054223
0.006309,0.006309,0.159896,0.550420,0.003468,0.025262,0.003111,0.003248,0.159557,0.082420
0.015846,0.015846,0.139973,0.482152,0.011491,0.064851,0.010903,0.011436,0.139783,0.107720
0.056002,0.056000,0.232363,0.165773,0.024235,0.088320,0.014425,0.019987,0.232059,0.110835
0.014583,0.014583,0.171185,0.322420,0.010913,0.081030,0.011251,0.011197,0.171147,0.191691
0.037280,0.037279,0.182011,0.198564,0.025116,0.070675,0.025993,0.026429,0.182173,0.214481
0.002913,0.002913,0.013659,0.008689,0.001441,0.005282,0.000940,0.001181,0.013672,0.949311
0.023162,0.023161,0.227877,0.194304,0.010567,0.056711,0.007528,0.009404,0.228350,0.218936
0.015970,0.015970,0.202836,0.136863,0.008251,0.072819,0.007371,0.006924,0.203282,0.329714
0.046796,0.046797,0.169254,0.205440,0.043307,0.128922,0.021261,0.029685,0.168966,0.139571
0.015223,0.015223,0.266837,0.120672,0.007271,0.055679,0.020061,0.006152,0.266898,0.225984
0.036226,0.036226,0.257193,0.089204,0.022948,0.108855,0.029475,0.022002,0.257622,0.140250
0.047271,0.047269,0.270012,0.064101,0.019094,0.081464,0.027226,0.021998,0.270785,0.150779
0.015284,0.015284,0.227129,0.256826,0.008197,0.067406,0.005331,0.006785,0.226832,0.170925
0.006268,0.006267,0.118721,0.176845,0.003706,0.031458,0.003748,0.003591,0.118737,0.530659
0.029107,0.029106,0.248137,0.076127,0.017840,0.070167,0.019668,0.016608,0.249164,0.244077
0.046543,0.046542,0.178616,0.260001,0.028943,0.099618,0.023438,0.026340,0.178390,0.111569
0.016371,0.016371,0.247482,0.254149,0.008637,0.047815,0.007315,0.007810,0.247979,0.146072
0.015532,0.015531,0.189389,0.088795,0.007089,0.385609,0.005203,0.005915,0.189317,0.097619
0.005245,0.005245,0.038530,0.030297,0.003063,0.015867,0.003540,0.002993,0.038564,0.856656
0.032810,0.032809,0.174265,0.318176,0.026845,0.064011,0.027538,0.034422,0.174000,0.115125
0.009263,0.009263,0.180190,0.214803,0.007563,0.249823,0.008229,0.007914,0.179785,0.133167
0.021597,0.021596,0.090259,0.073961,0.009105,0.579741,0.004771,0.008341,0.090173,0.100458
0.022946,0.022945,0.245777,0.111977,0.014718,0.180475,0.014828,0.008434,0.245707,0.132193
0.012365,0.012365,0.112803,0.616917,0.008191,0.037140,0.009165,0.008792,0.112637,0.069627
0.018448,0.018447,0.266895,0.209229,0.008203,0.037852,0.010589,0.007079,0.266596,0.156664
0.022468,0.022468,0.168759,0.337655,0.019538,0.063973,0.020483,0.019222,0.168040,0.157395
0.035341,0.035340,0.191398,0.237972,0.018391,0.099892,0.018571,0.015900,0.191393,0.155803
0.021442,0.021442,0.216678,0.302768,0.015361,0.060129,0.032544,0.012582,0.216339,0.100714
0.023807,0.023806,0.236626,0.141774,0.007317,0.074267,0.003936,0.006104,0.236189,0.246173
0.018658,0.018658,0.200853,0.075666,0.012618,0.193260,0.010104,0.011812,0.201124,0.257248
0.028235,0.028234,0.225109,0.137911,0.018178,0.152936,0.016547,0.019147,0.225233,0.148470
0.011359,0.011359,0.006681,0.004465,0.012074,0.013599,0.003347,0.924554,0.006682,0.005880
0.102121,0.102118,0.149386,0.124548,0.057440,0.088956,0.040092,0.083687,0.149602,0.102050
0.260475,0.260470,0.104107,0.049442,0.058061,0.037577,0.015848,0.032104,0.104203,0.077713
0.035842,0.035842,0.194173,0.209071,0.028538,0.129837,0.025661,0.025851,0.194047,0.121137
0.015603,0.015602,0.149482,0.523400,0.008122,0.039421,0.006069,0.008365,0.149169,0.084767
0.024118,0.024118,0.180483,0.078546,0.015124,0.314452,0.014061,0.014159,0.180578,0.154363
0.043867,0.043866,0.180043,0.236115,0.031060,0.074087,0.032780,0.035921,0.179864,0.142397
0.020493,0.020492,0.092044,0.044464,0.006542,0.587287,0.008179,0.006395,0.091955,0.122149
0.014024,0.014024,0.133465,0.150266,0.008325,0.319334,0.006408,0.007804,0.133201,0.213149
0.016470,0.016469,0.153985,0.079814,0.006878,0.421039,0.005355,0.006172,0.153843,0.139974
0.114042,0.114045,0.026563,0.017688,0.104790,0.022272,0.019332,0.533041,0.026583,0.021645
0.045551,0.045549,0.180193,0.214566,0.020627,0.145395,0.062734,0.019971,0.180037,0.085379
0.038421,0.038420,0.194138,0.223169,0.025642,0.097865,0.031007,0.026699,0.194060,0.130579
0.010074,0.010074,0.139698,0.572400,0.006157,0.027956,0.006755,0.005992,0.139349,0.081546
0.060091,0.060089,0.221733,0.160614,0.027536,0.083264,0.018640,0.018268,0.221758,0.128007
0.026920,0.026920,0.184961,0.075949,0.014024,0.137431,0.014467,0.013076,0.185304,0.320947
0.041652,0.041651,0.185706,0.193190,0.031573,0.098875,0.032484,0.038951,0.185968,0.149950
0.010420,0.010419,0.114873,0.053368,0.005565,0.034629,0.004514,0.004990,0.115175,0.646047
0.080664,0.080663,0.147731,0.141326,0.064341,0.086664,0.063915,0.069649,0.147731,0.117314
0.028400,0.028399,0.223777,0.160105,0.015526,0.123006,0.010847,0.013682,0.223613,0.172645
0.042773,0.042773,0.166417,0.200609,0.031284,0.132427,0.025320,0.040887,0.166228,0.151284
0.020841,0.020840,0.136691,0.064902,0.008839,0.153616,0.005575,0.008376,0.136662,0.443660
0.038132,0.038131,0.181297,0.220724,0.026290,0.077808,0.054629,0.026221,0.181078,0.155692
0.047783,0.047782,0.162377,0.189525,0.026999,0.086189,0.031503,0.024550,0.162170,0.221122
0.070872,0.070871,0.155220,0.062965,0.036925,0.314184,0.022016,0.031525,0.155363,0.080059
0.005320,0.005320,0.166337,0.303865,0.003793,0.234369,0.003896,0.003961,0.165910,0.107229
0.004480,0.004480,0.144026,0.364961,0.002345,0.226692,0.001825,0.002066,0.143602,0.105524
0.016335,0.016335,0.206395,0.275042,0.008754,0.069130,0.006966,0.007347,0.206048,0.187647
0.016252,0.016252,0.202040,0.337262,0.011278,0.055545,0.010421,0.009825,0.201643,0.139481
0.010076,0.010076,0.126394,0.538980,0.007005,0.047378,0.006262,0.006270,0.126198,0.121361
0.013807,0.013806,0.276415,0.151542,0.007034,0.076018,0.006643,0.006389,0.276228,0.172117
0.006023,0.006023,0.077570,0.030883,0.002559,0.737238,0.002177,0.002402,0.077721,0.057404
0.048123,0.048123,0.181690,0.202022,0.032483,0.118973,0.041555,0.033372,0.181668,0.111990
0.030666,0.030665,0.157229,0.392520,0.019648,0.055529,0.016805,0.018381,0.157139,0.121419
0.012396,0.012396,0.155137,0.493299,0.007939,0.068661,0.006665,0.007137,0.154952,0.081416
0.008459,0.008459,0.130319,0.624606,0.004600,0.021743,0.003503,0.004625,0.129961,0.063724
0.039767,0.039766,0.192604,0.201424,0.023493,0.172921,0.018435,0.020161,0.192507,0.098921
0.018681,0.018681,0.124626,0.539248,0.014431,0.058348,0.013578,0.013766,0.124542,0.074100
0.025432,0.025431,0.182533,0.069113,0.010344,0.237950,0.007354,0.009505,0.182377,0.249961
0.004858,0.004858,0.028290,0.012917,0.002037,0.047157,0.001163,0.001789,0.028269,0.868661
0.008702,0.008702,0.129217,0.588591,0.005817,0.047823,0.005205,0.005177,0.129049,0.071718
0.012730,0.012730,0.248682,0.244745,0.006930,0.031605,0.008537,0.007377,0.248607,0.178055
0.037919,0.037918,0.188998,0.248657,0.020868,0.056831,0.015387,0.018791,0.188610,0.186022
0.005425,0.005425,0.055046,0.063289,0.003941,0.759865,0.002770,0.003834,0.054947,0.045458
0.082210,0.082209,0.191181,0.077799,0.050223,0.084041,0.069829,0.032936,0.191636,0.137937
0.170821,0.170813,0.168305,0.081889,0.045319,0.060437,0.021034,0.028458,0.168919,0.084005
0.010927,0.010926,0.054773,0.048399,0.005780,0.763958,0.003359,0.005231,0.054737,0.041910
0.043562,0.043560,0.210693,0.207757,0.019770,0.056257,0.012290,0.020933,0.210286,0.174892
0.031011,0.031010,0.259478,0.105374,0.012951,0.065330,0.008043,0.010696,0.260312,0.215795
0.041638,0.041637,0.245906,0.168628,0.026053,0.072063,0.023571,0.019215,0.246075,0.115214
0.004576,0.004576,0.038776,0.042505,0.003433,0.829471,0.002379,0.003362,0.038729,0.032193
0.043392,0.043390,0.217315,0.162082,0.023037,0.075879,0.017256,0.024263,0.217258,0.176128
0.013015,0.013015,0.134938,0.113230,0.006891,0.446453,0.005136,0.006807,0.134674,0.125842
0.025600,0.025599,0.182216,0.354319,0.012854,0.035241,0.007976,0.012442,0.182006,0.161747
0.024534,0.024533,0.140601,0.454385,0.016991,0.055922,0.018836,0.013915,0.140436,0.109846
0.009880,0.009880,0.265745,0.064085,0.003922,0.257080,0.002396,0.002967,0.267038,0.117007
0.028840,0.028840,0.201510,0.293785,0.019484,0.057080,0.005703,0.009711,0.201022,0.154024
0.023442,0.023442,0.176966,0.373663,0.013903,0.057788,0.010970,0.013048,0.176550,0.130228
0.030486,0.030486,0.155737,0.144110,0.016862,0.321229,0.012226,0.013787,0.155587,0.119490
0.059071,0.059071,0.176300,0.175034,0.045180,0.114460,0.038573,0.039869,0.176184,0.116259
0.017909,0.017908,0.126755,0.098276,0.011249,0.472592,0.011164,0.012411,0.126830,0.104907
0.027579,0.027578,0.184647,0.136677,0.013342,0.099940,0.027633,0.013085,0.184482,0.285037
0.017927,0.017927,0.181178,0.326360,0.013663,0.076961,0.013995,0.012764,0.180638,0.158587
0.012633,0.012632,0.132239,0.175597,0.006424,0.284278,0.004435,0.006468,0.131988,0.233305
0.019083,0.019082,0.156898,0.430709,0.015112,0.072660,0.014558,0.014420,0.156466,0.101012
0.075770,0.075768,0.197340,0.162222,0.031914,0.113005,0.013780,0.020044,0.197227,0.112930
0.031793,0.031793,0.152625,0.339909,0.025458,0.086405,0.024396,0.023925,0.152480,0.131215
0.027015,0.027014,0.165469,0.326475,0.017338,0.055989,0.017311,0.016564,0.165425,0.181401
0.006061,0.006061,0.028285,0.019368,0.004948,0.872152,0.003901,0.005123,0.028264,0.025837
0.039664,0.039664,0.188795,0.196792,0.032442,0.102788,0.031261,0.031639,0.188569,0.148387
0.022784,0.022783,0.216730,0.164622,0.010474,0.129179,0.006793,0.010314,0.216342,0.199979
0.086471,0.086470,0.188370,0.104360,0.044454,0.089447,0.027600,0.034958,0.188708,0.149162
0.018987,0.018987,0.254717,0.202187,0.010939,0.056122,0.010130,0.010171,0.254389,0.163370
0.032182,0.032181,0.244904,0.161775,0.019909,0.080762,0.016560,0.016748,0.244785,0.150193
0.092105,0.092101,0.188893,0.132101,0.034579,0.082519,0.025410,0.025750,0.188913,0.137630
0.033883,0.033882,0.209054,0.161254,0.020825,0.055654,0.110107,0.021964,0.209028,0.144349
0.037772,0.037772,0.200462,0.188935,0.031515,0.124933,0.031519,0.026798,0.200349,0.119945
0.033512,0.033511,0.222542,0.147004,0.025762,0.113787,0.026028,0.024822,0.222548,0.150486
0.018174,0.018174,0.151682,0.460505,0.013960,0.067016,0.016225,0.014077,0.151248,0.088940
0.019715,0.019714,0.186081,0.373098,0.011961,0.083276,0.018693,0.010719,0.185784,0.090959
0.020810,0.020809,0.186198,0.377879,0.010677,0.047459,0.010640,0.009160,0.185874,0.130493
0.009445,0.009445,0.212651,0.359532,0.004076,0.080690,0.003272,0.003469,0.212327,0.105092
0.009602,0.009602,0.157749,0.486459,0.004934,0.087110,0.005623,0.004021,0.157381,0.077519
0.038775,0.038773,0.206445,0.225837,0.018633,0.075257,0.013961,0.014327,0.206334,0.161659
0.040883,0.040882,0.177252,0.227604,0.027145,0.089235,0.021877,0.024529,0.176993,0.173599
0.057957,0.057956,0.191541,0.186671,0.033573,0.068974,0.040498,0.031560,0.191455,0.139815
0.047089,0.047088,0.209605,0.216245,0.026244,0.096010,0.017388,0.021217,0.209484,0.109629
0.009758,0.009758,0.211853,0.207798,0.006685,0.213349,0.006319,0.005831,0.211342,0.117306
0.026360,0.026359,0.204425,0.229365,0.018139,0.101369,0.015406,0.017869,0.204650,0.156057
0.027983,0.027982,0.177493,0.311580,0.013604,0.068638,0.028721,0.010913,0.177159,0.155928
0.087811,0.087809,0.175160,0.162260,0.046651,0.088197,0.030128,0.039404,0.175223,0.107357
0.004978,0.004978,0.189912,0.253743,0.002307,0.171916,0.001632,0.002132,0.189471,0.178931
0.014713,0.014713,0.211274,0.394649,0.008133,0.045281,0.008032,0.007419,0.211363,0.084423
0.045390,0.045390,0.196636,0.165075,0.032375,0.113252,0.032417,0.029480,0.196577,0.143408
0.025042,0.025042,0.151051,0.208833,0.012925,0.302739,0.007801,0.009600,0.150875,0.106093
0.062296,0.062294,0.191039,0.091149,0.032020,0.132558,0.019327,0.025133,0.191329,0.192855
0.038312,0.038312,0.225891,0.136784,0.029547,0.104399,0.033102,0.024069,0.225689,0.143895
0.009980,0.009980,0.074113,0.054516,0.004754,0.690601,0.003043,0.004778,0.074034,0.074202
0.004211,0.004211,0.029412,0.031878,0.002983,0.012519,0.002334,0.002706,0.029378,0.880368
0.057062,0.057061,0.217929,0.140309,0.024259,0.090548,0.014812,0.023276,0.217746,0.156999
0.023638,0.023637,0.228341,0.168958,0.012621,0.098915,0.010444,0.010601,0.227993,0.194851
0.165462,0.165452,0.123856,0.074729,0.060811,0.115705,0.037744,0.054302,0.123931,0.078008
0.051024,0.051022,0.088795,0.034917,0.018592,0.557265,0.009728,0.015266,0.088828,0.084564
0.008002,0.008002,0.186732,0.447671,0.005808,0.050852,0.005293,0.005323,0.186071,0.096246
0.008047,0.008047,0.067237,0.046508,0.003899,0.709118,0.002798,0.004374,0.067163,0.082810
0.030686,0.030685,0.255691,0.146410,0.018465,0.106531,0.016996,0.016472,0.255359,0.122706
0.054395,0.054394,0.222266,0.131805,0.036117,0.104418,0.025388,0.031302,0.222168,0.117747
0.045773,0.045772,0.228932,0.143688,0.031919,0.102513,0.025749,0.028209,0.228804,0.118641
0.077796,0.077795,0.154446,0.172797,0.054368,0.107003,0.049056,0.044815,0.154337,0.107587
0.043439,0.043439,0.236165,0.138180,0.032400,0.103740,0.023178,0.027898,0.235976,0.115585
0.003622,0.003622,0.143500,0.557238,0.002273,0.043706,0.002073,0.001977,0.142979,0.099009
0.101972,0.101968,0.166349,0.138749,0.052279,0.097280,0.037045,0.044753,0.166397,0.093209
0.021580,0.021580,0.218691,0.206927,0.010950,0.173385,0.007767,0.009397,0.218525,0.111197
0.002822,0.002822,0.024844,0.011368,0.001859,0.896681,0.001444,0.001780,0.024856,0.031526
0.077288,0.077286,0.167392,0.161351,0.046238,0.112093,0.037972,0.041558,0.167449,0.111372
0.002266,0.002266,0.019847,0.012815,0.001080,0.018728,0.000517,0.000813,0.019818,0.921850
0.010257,0.010257,0.130750,0.582587,0.006958,0.048341,0.006023,0.006049,0.130434,0.068345
0.024652,0.024651,0.135481,0.408174,0.019292,0.090250,0.018170,0.020207,0.135343,0.123780
0.012323,0.012322,0.142939,0.172796,0.007659,0.385522,0.006350,0.006971,0.142647,0.110471
0.025975,0.025974,0.152846,0.445455,0.017038,0.063090,0.015738,0.015995,0.152430,0.085459
0.021993,0.021993,0.122270,0.521887,0.015397,0.068581,0.013313,0.013875,0.122168,0.078522
0.003885,0.003884,0.092708,0.713392,0.002841,0.035068,0.002711,0.002666,0.092373,0.050472
0.001105,0.001105,0.012104,0.008836,0.000756,0.951681,0.000625,0.000702,0.012083,0.011004
0.001458,0.001458,0.017645,0.010206,0.000705,0.922530,0.000459,0.000611,0.017620,0.027308
0.004451,0.004451,0.084157,0.742363,0.002952,0.030717,0.002683,0.002737,0.083841,0.041648
0.013779,0.013779,0.082517,0.062407,0.009725,0.626119,0.006797,0.007945,0.082385,0.094546
0.002054,0.002054,0.052689,0.029657,0.000975,0.813814,0.000838,0.001010,0.052570,0.044338
0.019964,0.019964,0.141838,0.454345,0.014993,0.060358,0.012535,0.014811,0.141637,0.119556
0.005213,0.005213,0.036662,0.011964,0.002146,0.878456,0.001335,0.001821,0.036757,0.020433
0.024605,0.024604,0.288400,0.097871,0.010905,0.048265,0.009344,0.008948,0.289244,0.197814
0.015025,0.015025,0.177254,0.431064,0.010856,0.043490,0.011573,0.010891,0.176866,0.107957
0.050642,0.050641,0.203555,0.185327,0.032725,0.100050,0.030535,0.029083,0.203543,0.113897
0.007356,0.007356,0.038017,0.033467,0.005156,0.827839,0.003937,0.004938,0.037993,0.033941
0.011093,0.011093,0.136475,0.145243,0.005977,0.461589,0.004057,0.005328,0.136206,0.082937
0.015886,0.015886,0.222572,0.368913,0.007364,0.040155,0.007287,0.006327,0.222183,0.093428
0.044159,0.044158,0.216533,0.190827,0.023158,0.082489,0.029966,0.021689,0.216321,0.130700
0.029991,0.029991,0.241749,0.165498,0.014714,0.096452,0.024680,0.013103,0.241503,0.142318
0.015162,0.015162,0.137906,0.129190,0.007704,0.470737,0.005975,0.006397,0.137744,0.074024
0.012911,0.012910,0.120859,0.063094,0.008088,0.514004,0.005815,0.008674,0.120763,0.132882
0.020392,0.020391,0.213610,0.242353,0.014061,0.148721,0.016719,0.013198,0.213426,0.097128
0.048950,0.048950,0.183239,0.206194,0.034189,0.111638,0.032440,0.031738,0.183151,0.119512
0.121754,0.121748,0.182249,0.087705,0.039378,0.098245,0.021382,0.033889,0.182392,0.111259
0.023598,0.023597,0.204340,0.171199,0.011932,0.044764,0.051638,0.011586,0.204037,0.253310
0.023151,0.023150,0.182595,0.223998,0.016902,0.079695,0.024107,0.018977,0.182354,0.225071
0.101773,0.101772,0.162593,0.144393,0.052267,0.073111,0.059202,0.038809,0.162537,0.103543
0.023312,0.023312,0.164979,0.093628,0.017117,0.306879,0.022717,0.016265,0.164876,0.166915
0.010529,0.010529,0.162553,0.493342,0.007050,0.045145,0.005898,0.006172,0.162118,0.096663
0.007403,0.007403,0.146737,0.137096,0.005385,0.437616,0.006497,0.005250,0.146501,0.100113
0.041139,0.041138,0.177731,0.268327,0.023926,0.084106,0.017073,0.022147,0.177284,0.147129
0.282346,0.282362,0.049946,0.031700,0.160550,0.034626,0.018075,0.053642,0.049982,0.036772
0.027093,0.027093,0.148973,0.103046,0.013026,0.370801,0.008512,0.011650,0.148928,0.140878
0.017292,0.017292,0.167313,0.147430,0.015563,0.298892,0.013508,0.012640,0.167107,0.142963
0.066071,0.066071,0.162322,0.160373,0.088669,0.091674,0.030038,0.044244,0.162216,0.128323
0.009248,0.009248,0.039811,0.023996,0.004737,0.828453,0.003269,0.004493,0.039813,0.036931
0.001838,0.001838,0.017057,0.007505,0.000858,0.020917,0.000669,0.000740,0.017071,0.931508
0.035599,0.035598,0.165207,0.077585,0.017569,0.270534,0.011169,0.014572,0.165130,0.207036
0.035611,0.035611,0.201868,0.216760,0.023651,0.071865,0.018963,0.020701,0.201589,0.173382
0.020071,0.020071,0.183890,0.100615,0.009194,0.120074,0.006116,0.007813,0.183822,0.348333
0.071255,0.071255,0.159662,0.169694,0.077854,0.088926,0.036834,0.055949,0.159520,0.109050
0.014278,0.014277,0.172078,0.061017,0.005136,0.435688,0.004025,0.005809,0.172523,0.115168
0.042140,0.042139,0.176708,0.119082,0.022133,0.244120,0.015629,0.017476,0.177056,0.143517
0.165376,0.165371,0.169138,0.052815,0.046428,0.074029,0.013742,0.026155,0.169578,0.117369
0.029793,0.029793,0.168870,0.114277,0.014578,0.149860,0.009151,0.013093,0.168827,0.301759
0.013323,0.013322,0.206515,0.173484,0.007675,0.251539,0.005938,0.007885,0.206415,0.113905
0.001071,0.001071,0.013311,0.010154,0.000573,0.014696,0.000428,0.000466,0.013284,0.944946
0.010533,0.010532,0.195607,0.322177,0.006307,0.082350,0.005576,0.006080,0.194982,0.165856
0.055359,0.055358,0.148268,0.092823,0.024294,0.309699,0.015136,0.019751,0.148222,0.131090
0.015379,0.015379,0.098145,0.056038,0.007908,0.571516,0.005602,0.008223,0.098024,0.123785
0.059132,0.059130,0.204832,0.078123,0.020586,0.077266,0.029305,0.015385,0.204842,0.251400
0.017159,0.017159,0.126061,0.491441,0.011066,0.054189,0.011306,0.011168,0.125841,0.134610
0.061534,0.061531,0.148103,0.064800,0.023693,0.048925,0.013834,0.018057,0.148362,0.411161
0.016769,0.016768,0.208361,0.187070,0.008672,0.047924,0.012345,0.008622,0.207975,0.285495
0.073941,0.073937,0.162100,0.105315,0.027220,0.223212,0.013707,0.021410,0.161931,0.137226
0.034007,0.034006,0.143858,0.104930,0.016820,0.351416,0.011969,0.017662,0.143797,0.141534
0.024573,0.024572,0.186887,0.348179,0.015457,0.062811,0.016882,0.014767,0.186584,0.119287
0.034247,0.034247,0.190508,0.249029,0.023035,0.074260,0.027334,0.020821,0.190412,0.156106
0.047592,0.047591,0.137323,0.087581,0.020842,0.350070,0.008937,0.015859,0.137248,0.146958
0.068587,0.068586,0.181171,0.085219,0.031030,0.167630,0.042647,0.023404,0.181444,0.150283
0.036784,0.036784,0.189683,0.183583,0.023555,0.080218,0.042086,0.020243,0.189661,0.197403
0.010513,0.010512,0.147163,0.148471,0.006335,0.426315,0.004184,0.005168,0.146959,0.094379
0.012017,0.012016,0.153594,0.048742,0.004444,0.477434,0.003019,0.003820,0.153606,0.131308
0.024699,0.024698,0.143765,0.394643,0.016526,0.055955,0.014226,0.016721,0.143485,0.165282
0.026228,0.026227,0.176114,0.129012,0.012259,0.278150,0.016272,0.013005,0.176012,0.146719
0.021216,0.021215,0.162719,0.197881,0.014282,0.232688,0.012477,0.012419,0.162520,0.162583
0.049013,0.049011,0.231531,0.143012,0.019893,0.057998,0.015042,0.015598,0.231434,0.187468
0.025053,0.025053,0.162896,0.135243,0.018265,0.224106,0.018576,0.020018,0.162756,0.208035
0.005519,0.005518,0.207519,0.398744,0.003324,0.032261,0.003122,0.003183,0.207883,0.132927
0.017548,0.017547,0.216892,0.299891,0.010544,0.063986,0.010073,0.010220,0.216519,0.136780
0.022548,0.022548,0.163144,0.363350,0.017435,0.054891,0.059627,0.017015,0.162727,0.116714
0.029420,0.029419,0.197059,0.310420,0.022835,0.058668,0.018855,0.019470,0.197596,0.116257
0.051128,0.051127,0.161326,0.384743,0.019449,0.045120,0.007329,0.013347,0.161150,0.105282
0.027289,0.027289,0.190629,0.132199,0.015793,0.086952,0.012218,0.012545,0.190536,0.304551
0.024241,0.024240,0.199696,0.174802,0.011547,0.107187,0.009734,0.009326,0.199494,0.239732
0.004042,0.004042,0.129880,0.399948,0.002735,0.023809,0.002561,0.002660,0.129495,0.300827
0.015749,0.015749,0.235908,0.306822,0.007596,0.055782,0.005645,0.006284,0.235711,0.114752
0.029056,0.029055,0.099374,0.044869,0.015111,0.559700,0.024800,0.013752,0.099397,0.084885
0.010938,0.010938,0.230178,0.148715,0.005826,0.149815,0.005484,0.005311,0.229694,0.203102
0.011006,0.011006,0.194521,0.395692,0.005175,0.077789,0.004289,0.004390,0.194165,0.101966
0.061406,0.061406,0.135716,0.057105,0.031084,0.361452,0.008988,0.018029,0.135696,0.129117
0.029709,0.029708,0.153377,0.485509,0.012222,0.034494,0.008474,0.010466,0.153112,0.082930
0.033614,0.033613,0.213677,0.168091,0.023072,0.090062,0.027459,0.024346,0.214168,0.171898
0.007790,0.007790,0.053301,0.035301,0.004681,0.781178,0.003826,0.004176,0.053240,0.048716
0.041984,0.041983,0.218130,0.202285,0.021544,0.061180,0.020986,0.020882,0.217975,0.153052
0.006667,0.006667,0.150703,0.470377,0.003523,0.022576,0.002584,0.003368,0.150365,0.183169
0.011737,0.011737,0.122823,0.050794,0.007191,0.239522,0.006371,0.006914,0.123010,0.419902
0.037425,0.037424,0.103109,0.047612,0.017713,0.492053,0.010690,0.018377,0.103213,0.132384
0.026709,0.026709,0.212924,0.165371,0.016300,0.076884,0.015335,0.014228,0.213476,0.232064
0.066811,0.066810,0.169204,0.171027,0.047608,0.100329,0.054892,0.045588,0.169160,0.108573
0.037746,0.037746,0.199474,0.214276,0.022202,0.078260,0.024193,0.020080,0.199210,0.166814
0.037749,0.037748,0.227329,0.101513,0.024225,0.151911,0.018900,0.021327,0.227474,0.151823
0.042657,0.042655,0.199894,0.088079,0.024530,0.070304,0.159432,0.020665,0.199895,0.151889
0.014556,0.014556,0.228294,0.208670,0.010657,0.087236,0.010053,0.011227,0.228674,0.186077
0.040228,0.040227,0.215687,0.132564,0.027057,0.093603,0.034418,0.024875,0.215765,0.175575
0.010491,0.010491,0.189789,0.112873,0.006077,0.335891,0.005733,0.005307,0.189424,0.133923
0.040228,0.040227,0.215687,0.132564,0.027057,0.093603,0.034418,0.024875,0.215765,0.175575
0.076604,0.076602,0.184263,0.067693,0.040573,0.131538,0.030878,0.031799,0.184895,0.175155
0.006526,0.006526,0.061397,0.029852,0.003181,0.769669,0.002845,0.002864,0.061484,0.055655
0.031858,0.031857,0.244407,0.183959,0.018086,0.090060,0.015660,0.016722,0.244288,0.123103
0.007496,0.007496,0.197625,0.307840,0.005162,0.121334,0.012453,0.004906,0.197229,0.138458
0.026145,0.026144,0.214358,0.252401,0.018437,0.097309,0.013151,0.014486,0.214054,0.123515
0.010305,0.010305,0.146959,0.563445,0.006260,0.033381,0.005759,0.005928,0.146652,0.071006
0.023373,0.023372,0.132135,0.118576,0.012699,0.392103,0.010735,0.011930,0.131961,0.143117
0.019693,0.019692,0.145196,0.038430,0.008297,0.139837,0.005780,0.008725,0.145347,0.469004
0.003392,0.003391,0.018852,0.010043,0.002298,0.915174,0.002141,0.002096,0.018849,0.023764
0.035091,0.035090,0.153821,0.101398,0.019631,0.060650,0.012877,0.017777,0.153781,0.409884
0.015448,0.015448,0.190045,0.117856,0.013861,0.300695,0.005096,0.007032,0.189788,0.144731
0.010523,0.010523,0.235152,0.226311,0.004341,0.083456,0.003221,0.003467,0.234656,0.188351
0.077161,0.077159,0.186279,0.123602,0.031692,0.138383,0.025225,0.023314,0.186377,0.130807
0.028336,0.028336,0.211309,0.200880,0.019751,0.124456,0.017242,0.017729,0.211747,0.140212
0.026504,0.026504,0.225540,0.174338,0.016436,0.137044,0.038468,0.014212,0.225495,0.115459
0.007680,0.007680,0.039911,0.025584,0.005896,0.827733,0.004734,0.006071,0.039883,0.034829
0.008395,0.008394,0.046084,0.048996,0.003667,0.013809,0.003309,0.003287,0.046019,0.818040
0.006252,0.006252,0.093872,0.690372,0.004141,0.049998,0.003924,0.004023,0.093733,0.047431
0.079754,0.079755,0.188287,0.160551,0.040064,0.101807,0.014538,0.024853,0.188287,0.122104
0.040428,0.040427,0.184209,0.238149,0.026162,0.074366,0.020598,0.023551,0.183856,0.168255
0.013247,0.013247,0.157375,0.480746,0.007366,0.043581,0.006558,0.006981,0.157051,0.113848
0.009641,0.009641,0.117066,0.255604,0.005901,0.031749,0.005424,0.005605,0.116847,0.442523
0.016742,0.016742,0.213077,0.211930,0.012763,0.097831,0.013094,0.013689,0.213294,0.190838
0.019235,0.019234,0.156811,0.089323,0.010451,0.278079,0.007309,0.009782,0.156966,0.252809
0.013424,0.013424,0.196350,0.302417,0.009618,0.111280,0.008014,0.008322,0.195951,0.141200
0.079103,0.079100,0.195309,0.106124,0.028800,0.063794,0.044092,0.022266,0.195208,0.186204
0.006590,0.006590,0.199849,0.135288,0.002758,0.104652,0.002454,0.002348,0.199465,0.340005
0.016104,0.016104,0.195373,0.341586,0.007656,0.112454,0.004991,0.007198,0.194882,0.103653
0.019744,0.019743,0.203931,0.251625,0.015034,0.073036,0.015054,0.014154,0.203443,0.184236
0.014061,0.014061,0.144836,0.068798,0.006629,0.106790,0.004769,0.006578,0.144648,0.488831
0.135439,0.135436,0.129337,0.048644,0.039275,0.246646,0.009882,0.030282,0.129390,0.095670
0.087957,0.087954,0.189619,0.116004,0.028043,0.105323,0.057473,0.023155,0.189411,0.115062
0.019927,0.019927,0.098361,0.052459,0.010461,0.604534,0.006897,0.009746,0.098373,0.079314
0.053463,0.053461,0.189139,0.108004,0.029254,0.103125,0.020534,0.025700,0.189012,0.228309
0.013570,0.013569,0.022234,0.009202,0.006912,0.886824,0.002349,0.005452,0.022238,0.017650
0.076467,0.076465,0.173082,0.163351,0.043315,0.143058,0.023142,0.028650,0.173235,0.099236
0.047645,0.047643,0.192966,0.058557,0.019640,0.087266,0.010382,0.014768,0.193599,0.327534
0.024403,0.024402,0.268162,0.132993,0.014648,0.116056,0.017836,0.016126,0.268857,0.116517
0.045865,0.045864,0.236598,0.080898,0.022058,0.093394,0.091632,0.031320,0.237224,0.115149
0.018610,0.018609,0.249337,0.225693,0.008600,0.046048,0.007233,0.008531,0.249853,0.167487
0.015162,0.015162,0.218057,0.311633,0.009383,0.051192,0.009696,0.008272,0.218559,0.142884
0.029344,0.029343,0.249179,0.187879,0.014098,0.066032,0.012789,0.013434,0.249503,0.148398
0.028710,0.028709,0.212180,0.237619,0.019653,0.054459,0.036786,0.026711,0.212274,0.142899
0.054562,0.054559,0.254616,0.082964,0.017851,0.118521,0.008842,0.013967,0.255596,0.138522
0.089835,0.089831,0.213472,0.078707,0.030787,0.071680,0.066573,0.029371,0.214186,0.115557
0.155333,0.155324,0.172586,0.068301,0.044334,0.068610,0.030076,0.036166,0.173094,0.096175
0.076408,0.076408,0.207310,0.109066,0.027136,0.048025,0.009498,0.019220,0.207758,0.219172
0.031810,0.031809,0.221485,0.075921,0.011903,0.254857,0.008104,0.008857,0.222126,0.133130
0.038183,0.038182,0.269455,0.095341,0.023865,0.064877,0.032441,0.021411,0.270611,0.145634
0.012870,0.012870,0.225383,0.080365,0.006532,0.329936,0.004662,0.005479,0.226281,0.095621
0.018975,0.018975,0.225837,0.230408,0.010870,0.098611,0.010542,0.010232,0.225533,0.150016
0.010837,0.010837,0.168377,0.427060,0.006708,0.041436,0.007209,0.005729,0.167956,0.153851
0.040721,0.040720,0.221839,0.221831,0.024422,0.053941,0.033012,0.021665,0.221758,0.120091
0.007863,0.007863,0.181681,0.181870,0.004706,0.311936,0.004341,0.004311,0.181197,0.114232
0.009440,0.009440,0.125708,0.590964,0.006726,0.038070,0.006512,0.006522,0.125479,0.081140
0.014311,0.014310,0.188970,0.171974,0.007395,0.228034,0.007761,0.007260,0.188943,0.171042
0.030864,0.030863,0.141976,0.130424,0.015121,0.274893,0.011809,0.014277,0.141911,0.207862
0.012267,0.012267,0.194335,0.100327,0.004877,0.074664,0.005091,0.004492,0.193995,0.397683
0.008620,0.008620,0.207448,0.338905,0.005765,0.052403,0.005554,0.005347,0.206852,0.160487
0.018908,0.018908,0.196781,0.147672,0.009681,0.205426,0.010797,0.008030,0.196550,0.187248
0.011075,0.011075,0.108690,0.088684,0.009497,0.528948,0.009430,0.009207,0.108596,0.114800
0.024968,0.024967,0.202782,0.275769,0.012384,0.045504,0.013220,0.011151,0.202413,0.186841
0.079162,0.079160,0.190481,0.069359,0.032002,0.098078,0.030403,0.028064,0.191034,0.202257
0.060297,0.060296,0.156201,0.207617,0.039026,0.073695,0.042488,0.036804,0.156100,0.167477
0.006446,0.006445,0.087589,0.090967,0.003554,0.654980,0.002251,0.003266,0.087605,0.056897
0.040629,0.040628,0.156520,0.067888,0.020506,0.089055,0.017775,0.019660,0.156826,0.390512
0.131919,0.131915,0.130510,0.090429,0.076984,0.073922,0.031871,0.118169,0.130561,0.083720
0.044470,0.044469,0.209244,0.139169,0.026502,0.103822,0.022212,0.020271,0.209130,0.180712
0.052141,0.052140,0.112798,0.088678,0.050566,0.388448,0.014750,0.032426,0.112751,0.095302
0.020067,0.020067,0.116297,0.049375,0.010902,0.548386,0.006834,0.009297,0.116372,0.102404
0.028568,0.028567,0.214064,0.250668,0.012851,0.052259,0.010337,0.011151,0.213664,0.177871
0.043820,0.043818,0.188574,0.300711,0.020391,0.052603,0.016340,0.017703,0.188330,0.127710
0.005625,0.005625,0.019396,0.010080,0.002535,0.914393,0.001584,0.002076,0.019391,0.019295
0.011451,0.011451,0.173590,0.068334,0.006056,0.469949,0.003638,0.004985,0.174043,0.076504
0.070480,0.070479,0.193608,0.109028,0.074691,0.061807,0.064747,0.038475,0.193967,0.122718
0.030201,0.030200,0.246940,0.067053,0.016853,0.133819,0.008673,0.010193,0.247683,0.208383
0.020868,0.020867,0.333467,0.108137,0.007597,0.033719,0.011018,0.006979,0.335378,0.121971
0.022353,0.022352,0.246798,0.199832,0.013867,0.070356,0.014984,0.011332,0.246570,0.151556
0.046290,0.046290,0.168960,0.263701,0.032590,0.067047,0.055223,0.032136,0.168942,0.118821
0.008731,0.008731,0.133717,0.090102,0.004895,0.491536,0.005082,0.004473,0.133511,0.119222
0.026104,0.026104,0.252936,0.106960,0.015989,0.057690,0.052654,0.011034,0.253115,0.197413
0.022657,0.022656,0.203825,0.126313,0.014981,0.042468,0.194582,0.015405,0.204175,0.152938
0.005778,0.005778,0.098215,0.722965,0.003217,0.015814,0.003524,0.002896,0.097865,0.043947
0.024259,0.024257,0.220728,0.242491,0.009710,0.049173,0.007838,0.008597,0.220401,0.192546
0.046679,0.046677,0.246111,0.096110,0.021538,0.069991,0.099327,0.020050,0.246214,0.107302
0.023181,0.023180,0.225834,0.268186,0.016247,0.063231,0.021077,0.015622,0.225548,0.117894
0.035851,0.035850,0.245883,0.110058,0.019589,0.066281,0.018384,0.016981,0.246005,0.205118
0.011846,0.011845,0.176708,0.143065,0.005038,0.148805,0.004695,0.005348,0.176250,0.316401
0.046703,0.046701,0.155061,0.057514,0.015007,0.387538,0.007975,0.013123,0.155174,0.115203
0.017081,0.017080,0.211780,0.063297,0.008819,0.154273,0.008029,0.006644,0.212043,0.300954
0.015811,0.015811,0.174255,0.162776,0.009095,0.240748,0.007110,0.008811,0.173881,0.191702
0.007565,0.007565,0.168317,0.264665,0.003787,0.231946,0.003858,0.003388,0.167829,0.141079
0.022505,0.022505,0.185737,0.307219,0.014344,0.062919,0.018574,0.013826,0.185500,0.166872
0.022505,0.022505,0.185737,0.307219,0.014344,0.062919,0.018574,0.013826,0.185500,0.166872
0.057282,0.057281,0.202288,0.157139,0.034857,0.085327,0.063079,0.029897,0.202289,0.110561
0.039390,0.039389,0.192183,0.196042,0.020535,0.057211,0.082546,0.020753,0.191930,0.160021
0.008542,0.008541,0.199235,0.216301,0.005689,0.067882,0.005726,0.005231,0.198766,0.284086
0.022468,0.022468,0.168759,0.337655,0.019538,0.063973,0.020483,0.019222,0.168040,0.157395
0.028930,0.028929,0.225841,0.091430,0.012621,0.114699,0.033674,0.013799,0.225828,0.224250
0.025710,0.025710,0.200851,0.338410,0.018680,0.058880,0.025624,0.017112,0.200673,0.088352
0.007842,0.007842,0.159086,0.562641,0.004993,0.023495,0.007735,0.004843,0.158821,0.062701
0.007753,0.007752,0.154411,0.507117,0.005319,0.028608,0.029129,0.005089,0.154011,0.100810
0.049018,0.049016,0.195335,0.179348,0.022648,0.138400,0.036154,0.023883,0.195126,0.111072
0.014778,0.014777,0.194597,0.411705,0.009984,0.047577,0.014820,0.009313,0.194329,0.088120
0.007117,0.007117,0.245093,0.247887,0.004823,0.048455,0.006003,0.004584,0.244559,0.184362
0.031235,0.031234,0.240446,0.171380,0.013773,0.042945,0.018199,0.014306,0.241011,0.195471
0.016028,0.016028,0.198947,0.232324,0.008184,0.046519,0.006861,0.007894,0.198473,0.268742
0.035475,0.035473,0.261328,0.125424,0.012747,0.050637,0.041298,0.012542,0.261383,0.163694
0.043215,0.043213,0.244939,0.137840,0.020102,0.092890,0.020315,0.017307,0.245542,0.134636
0.023129,0.023129,0.192024,0.255388,0.022433,0.076833,0.058925,0.017097,0.191703,0.139339
0.015276,0.015276,0.210611,0.257914,0.010112,0.093409,0.011400,0.009550,0.210098,0.166354
0.010598,0.010598,0.155729,0.039504,0.005264,0.136752,0.003907,0.004750,0.156182,0.476716
0.033365,0.033364,0.208705,0.174824,0.016921,0.127498,0.019985,0.017850,0.208391,0.159098
0.005776,0.005776,0.164756,0.492453,0.003970,0.034569,0.004291,0.004231,0.164321,0.119856
0.273079,0.273065,0.030493,0.020603,0.091914,0.022958,0.102739,0.126144,0.030513,0.028492
0.066010,0.066007,0.182765,0.222932,0.028748,0.089386,0.020955,0.024390,0.183131,0.115675
0.056787,0.056785,0.187368,0.179944,0.034193,0.094089,0.028881,0.032646,0.187517,0.141791
0.027810,0.027809,0.177068,0.098620,0.015329,0.286696,0.015592,0.013869,0.177210,0.159996
0.069013,0.069013,0.157424,0.188409,0.070374,0.139250,0.016845,0.034866,0.157246,0.097557
0.011652,0.011651,0.081198,0.056580,0.004413,0.640623,0.002711,0.003992,0.081071,0.106109
0.011182,0.011182,0.154743,0.198953,0.008108,0.046724,0.008136,0.007749,0.154435,0.398787
0.022067,0.022066,0.188180,0.387589,0.007008,0.039956,0.005203,0.006106,0.187728,0.134096
0.028962,0.028961,0.186884,0.124958,0.011455,0.054099,0.008188,0.009458,0.186661,0.360374
0.034651,0.034650,0.183374,0.120541,0.013905,0.088668,0.022479,0.011333,0.183226,0.307174
0.167120,0.167119,0.120999,0.068192,0.090014,0.072626,0.030108,0.064588,0.121062,0.098172
0.013707,0.013707,0.125607,0.540619,0.010719,0.054713,0.010076,0.010143,0.125401,0.095308
0.004127,0.004127,0.045817,0.049397,0.002658,0.800967,0.001979,0.002327,0.045756,0.042845
0.016649,0.016649,0.146748,0.123510,0.011522,0.250726,0.014427,0.011009,0.146640,0.262120
0.003696,0.003696,0.042662,0.037587,0.002434,0.824772,0.001868,0.002237,0.042652,0.038398
0.019090,0.019089,0.227204,0.138819,0.006344,0.183881,0.015915,0.005966,0.227065,0.156628
0.016635,0.016634,0.150758,0.436077,0.011569,0.047077,0.014860,0.011761,0.150355,0.144274
0.077406,0.077405,0.175280,0.106035,0.031341,0.111721,0.011197,0.023229,0.175241,0.211145
0.007448,0.007448,0.073490,0.054841,0.004313,0.707517,0.003341,0.003774,0.073399,0.064427
0.040483,0.040481,0.232060,0.112471,0.014177,0.095913,0.011471,0.011687,0.232455,0.208803
0.017533,0.017532,0.141928,0.070877,0.007077,0.505757,0.004146,0.005834,0.142008,0.087309
0.020086,0.020085,0.117306,0.070651,0.012017,0.523694,0.006978,0.012714,0.117172,0.099298
0.015570,0.015569,0.256121,0.105956,0.007299,0.143401,0.012131,0.007685,0.255986,0.180282
0.075250,0.075249,0.217019,0.109061,0.059110,0.095243,0.018768,0.028352,0.217448,0.104500
0.029362,0.029362,0.203400,0.171644,0.023194,0.096401,0.027368,0.022543,0.203131,0.193596
0.025509,0.025508,0.233122,0.185323,0.017321,0.081607,0.017556,0.016496,0.232776,0.164783
0.010155,0.010155,0.146081,0.567304,0.006356,0.035145,0.004815,0.004797,0.145650,0.069542
0.011747,0.011746,0.240543,0.116732,0.005356,0.148282,0.003777,0.005143,0.240165,0.216509
0.017517,0.017517,0.200124,0.281215,0.013852,0.073829,0.016374,0.013485,0.199650,0.166437
0.008206,0.008206,0.253375,0.130324,0.003634,0.184758,0.002704,0.003157,0.252958,0.152678
0.050675,0.050673,0.176569,0.173737,0.025117,0.136095,0.027579,0.026427,0.176379,0.156751
0.023247,0.023247,0.181602,0.261435,0.016917,0.070264,0.016219,0.016191,0.181300,0.209579
0.009484,0.009484,0.128066,0.525604,0.007862,0.048215,0.006339,0.008828,0.127632,0.128485
0.004185,0.004185,0.104332,0.707118,0.002347,0.019195,0.001967,0.002081,0.104042,0.050549
0.005565,0.005565,0.106704,0.640751,0.004377,0.030853,0.004584,0.004436,0.106324,0.090842
0.038701,0.038700,0.222834,0.203705,0.021631,0.065113,0.020945,0.019305,0.223114,0.145952
0.048630,0.048628,0.200334,0.232176,0.024907,0.077100,0.025336,0.021721,0.200116,0.121051
0.120103,0.120100,0.108009,0.086463,0.084661,0.091182,0.088166,0.095053,0.108054,0.098210
0.031484,0.031484,0.206339,0.261578,0.019123,0.065403,0.015586,0.015289,0.206397,0.147318
0.011488,0.011488,0.245252,0.272613,0.008677,0.065282,0.008269,0.008121,0.244586,0.124224
0.044983,0.044981,0.245782,0.080688,0.021276,0.059099,0.014392,0.015056,0.247047,0.226697
0.009016,0.009016,0.207269,0.091911,0.004983,0.200681,0.004434,0.004870,0.206983,0.260836
0.125355,0.125353,0.109928,0.069580,0.056118,0.065136,0.183516,0.065873,0.110008,0.089133
0.007774,0.007773,0.136128,0.620307,0.003963,0.020119,0.002973,0.003492,0.135778,0.061693
0.022387,0.022386,0.215340,0.267686,0.012170,0.054922,0.008911,0.011275,0.215056,0.169866
0.041577,0.041576,0.162650,0.114620,0.019485,0.294175,0.009715,0.013027,0.162579,0.140596
0.023776,0.023776,0.142487,0.092392,0.013712,0.439677,0.015771,0.012603,0.142414,0.093394
0.012444,0.012444,0.169680,0.363953,0.008788,0.093338,0.008362,0.008473,0.169324,0.153193
0.006779,0.006779,0.035457,0.020844,0.003699,0.854362,0.002360,0.004143,0.035424,0.030153
0.018703,0.018702,0.206958,0.373700,0.008954,0.039573,0.007658,0.008109,0.207186,0.110458
0.005261,0.005261,0.046288,0.046708,0.002982,0.015487,0.002086,0.003000,0.046213,0.826715
0.029033,0.029032,0.198483,0.171267,0.016896,0.094630,0.012621,0.015852,0.198673,0.233513
0.043006,0.043005,0.198114,0.300482,0.025767,0.064283,0.012145,0.017940,0.197843,0.097416
0.058540,0.058539,0.229570,0.071522,0.030946,0.090896,0.098428,0.025735,0.230132,0.105691
0.054517,0.054517,0.171538,0.163452,0.040666,0.107478,0.034290,0.039549,0.171477,0.162516
0.012655,0.012655,0.085994,0.042609,0.008266,0.633538,0.007637,0.010253,0.085992,0.100401
0.022904,0.022903,0.199945,0.322916,0.015875,0.079692,0.015836,0.016224,0.199908,0.103798
0.062490,0.062488,0.189452,0.174170,0.033642,0.084666,0.023864,0.027218,0.189283,0.152727
0.021416,0.021416,0.226898,0.245840,0.015448,0.065175,0.012202,0.012424,0.227358,0.151823
0.040555,0.040553,0.217999,0.137547,0.021021,0.055949,0.109391,0.022825,0.218050,0.136110
0.035570,0.035570,0.214471,0.155285,0.021513,0.049682,0.113486,0.024596,0.214528,0.135299
0.024160,0.024159,0.228056,0.127447,0.015758,0.079358,0.015876,0.014376,0.228557,0.242254
0.125003,0.125009,0.021529,0.014208,0.522715,0.021328,0.010846,0.121649,0.021541,0.016171
0.020320,0.020319,0.204885,0.342382,0.013154,0.054837,0.011604,0.011722,0.204610,0.116168
0.015522,0.015522,0.167535,0.084782,0.009768,0.394647,0.007642,0.008999,0.167768,0.127814
0.014741,0.014741,0.223036,0.349564,0.006438,0.042510,0.005131,0.005629,0.222528,0.115681
0.023092,0.023091,0.198316,0.335025,0.013339,0.064297,0.010658,0.012568,0.197960,0.121655
0.024658,0.024657,0.248790,0.192845,0.011561,0.059440,0.007942,0.009087,0.248426,0.172592
0.010954,0.010954,0.186785,0.438533,0.006888,0.041368,0.006861,0.006947,0.186168,0.104541
0.010269,0.010269,0.206883,0.119737,0.006074,0.278067,0.005762,0.005319,0.206632,0.150989
0.072530,0.072529,0.177650,0.203986,0.038016,0.064358,0.021934,0.035825,0.177403,0.135768
0.034694,0.034693,0.237004,0.151315,0.017063,0.087869,0.013746,0.013917,0.236905,0.172793
0.024805,0.024804,0.210962,0.318686,0.012865,0.050593,0.015516,0.011468,0.210336,0.119965
0.044335,0.044333,0.113637,0.070621,0.015106,0.488129,0.010399,0.013329,0.113614,0.086498
0.009472,0.009472,0.189247,0.120185,0.004992,0.262805,0.004296,0.004192,0.189036,0.206302
0.042627,0.042627,0.199138,0.108976,0.028753,0.128538,0.055474,0.021228,0.199140,0.173499
0.008789,0.008789,0.221673,0.083027,0.003909,0.095950,0.002687,0.003252,0.221310,0.350614
0.116867,0.116867,0.135709,0.097462,0.100009,0.078298,0.035474,0.047756,0.135796,0.135761
0.072137,0.072135,0.140260,0.126438,0.044530,0.073692,0.199904,0.041178,0.140280,0.089445
0.054611,0.054608,0.171875,0.107555,0.022339,0.280638,0.016504,0.017840,0.171866,0.102165
0.029064,0.029063,0.260421,0.126670,0.013868,0.083296,0.010765,0.014862,0.260795,0.171196
0.021339,0.021339,0.208214,0.275230,0.012963,0.051401,0.011622,0.011165,0.207660,0.179068
0.035797,0.035797,0.210569,0.143079,0.036129,0.111571,0.065947,0.026462,0.210795,0.123853
0.074011,0.074011,0.201460,0.094144,0.059709,0.091824,0.032657,0.034635,0.202186,0.135362
0.093740,0.093738,0.202524,0.091520,0.040835,0.118969,0.025141,0.033447,0.202728,0.097358
0.014378,0.014378,0.082885,0.051147,0.011779,0.652158,0.008775,0.008792,0.082837,0.072872
0.036001,0.036000,0.195925,0.158076,0.023755,0.114477,0.061193,0.038547,0.195909,0.140117
0.078970,0.078969,0.161615,0.108096,0.057152,0.118955,0.051080,0.052779,0.161643,0.130740
0.035951,0.035950,0.160683,0.122515,0.023664,0.324815,0.021014,0.021301,0.160693,0.093413
0.058487,0.058485,0.200031,0.147191,0.032969,0.120770,0.027722,0.030586,0.199950,0.123809
0.035591,0.035591,0.074335,0.045376,0.025284,0.613218,0.020601,0.024113,0.074348,0.051544
0.023067,0.023067,0.130949,0.081080,0.015903,0.470044,0.012703,0.014315,0.130933,0.097939
0.020712,0.020712,0.099001,0.045380,0.018505,0.594792,0.007274,0.010270,0.098926,0.084427
0.006663,0.006663,0.069219,0.044877,0.004911,0.740264,0.006292,0.004900,0.069163,0.047049
0.042706,0.042705,0.081080,0.048292,0.030395,0.559623,0.026007,0.029113,0.081112,0.058968
0.018200,0.018199,0.116756,0.054632,0.014727,0.530101,0.013512,0.013509,0.116787,0.103577
0.006195,0.006195,0.073260,0.038368,0.004663,0.747782,0.004532,0.004932,0.073217,0.040855
0.007429,0.007428,0.140394,0.302270,0.005109,0.052804,0.004977,0.004795,0.140333,0.334462
0.006272,0.006271,0.048069,0.027569,0.003635,0.793433,0.002974,0.004392,0.048007,0.059378
0.025394,0.025393,0.259599,0.145235,0.016217,0.122404,0.014802,0.013701,0.259474,0.117781
0.002178,0.002178,0.026575,0.017755,0.001152,0.022762,0.000669,0.000877,0.026531,0.899324
0.006922,0.006922,0.090800,0.083534,0.003735,0.524298,0.002748,0.004628,0.090572,0.185840
0.005988,0.005988,0.101788,0.108708,0.002886,0.589831,0.002149,0.002901,0.101571,0.078191
0.072521,0.072520,0.170787,0.134977,0.079724,0.089895,0.063906,0.041554,0.170817,0.103299
0.028645,0.028644,0.088981,0.037101,0.107718,0.548680,0.007820,0.012660,0.088968,0.050783
0.021319,0.021318,0.220414,0.330017,0.009622,0.061806,0.007932,0.007855,0.220005,0.099712
0.027782,0.027782,0.197617,0.305073,0.017164,0.078208,0.012548,0.019398,0.197369,0.117057
0.052540,0.052538,0.238237,0.188085,0.024320,0.055468,0.032461,0.018549,0.238073,0.099727
0.010058,0.010058,0.053070,0.063777,0.005954,0.020973,0.005095,0.005134,0.053001,0.772882
0.037234,0.037232,0.286958,0.122967,0.020210,0.057891,0.024623,0.017998,0.287977,0.106910
0.039780,0.039780,0.204843,0.200353,0.030005,0.081680,0.031810,0.033841,0.205138,0.132770
0.054261,0.054259,0.120837,0.062233,0.027243,0.362098,0.017353,0.026300,0.120933,0.154483
0.009540,0.009540,0.129261,0.499393,0.005633,0.036679,0.004471,0.005461,0.128771,0.171252
0.106176,0.106174,0.143943,0.100817,0.044147,0.130651,0.027032,0.053506,0.143977,0.143577
0.044028,0.044027,0.227567,0.149709,0.024874,0.060964,0.110919,0.021475,0.227545,0.088894
0.056925,0.056924,0.177038,0.117607,0.037368,0.077906,0.171939,0.032834,0.177028,0.094432
0.027796,0.027796,0.104613,0.053366,0.015212,0.563153,0.007713,0.011494,0.104567,0.084288
0.023376,0.023375,0.223467,0.297084,0.013020,0.047576,0.015154,0.013239,0.223988,0.119723
0.174183,0.174182,0.105747,0.077621,0.101539,0.053656,0.028687,0.056075,0.105778,0.122532
0.000784,0.000784,0.013652,0.010557,0.000416,0.012247,0.000342,0.000359,0.013625,0.947235
0.027637,0.027637,0.086680,0.028694,0.015031,0.056515,0.006344,0.012752,0.086842,0.651869
0.018867,0.018867,0.203786,0.251548,0.011752,0.054503,0.009919,0.010637,0.203395,0.216726
0.060638,0.060637,0.170767,0.096531,0.053414,0.118250,0.047902,0.090568,0.170774,0.130519
0.103579,0.103574,0.181349,0.108528,0.039695,0.094326,0.013965,0.075688,0.181253,0.098043
0.095953,0.095949,0.168749,0.147921,0.046587,0.081311,0.026666,0.058832,0.168654,0.109379
0.077192,0.077190,0.168872,0.086489,0.034351,0.057234,0.189603,0.033309,0.169031,0.106729
0.052582,0.052581,0.203241,0.113107,0.023584,0.142758,0.013804,0.017881,0.203155,0.177308
0.042086,0.042085,0.191258,0.120981,0.033387,0.077164,0.049544,0.034763,0.191612,0.217120
0.100083,0.100081,0.124669,0.086690,0.062454,0.079572,0.055023,0.158519,0.124727,0.108183
0.099880,0.099879,0.112673,0.101928,0.087399,0.092562,0.105180,0.089384,0.112697,0.098418
0.057029,0.057028,0.204955,0.141309,0.034083,0.097179,0.022951,0.040235,0.205316,0.139916
0.041317,0.041317,0.195578,0.137318,0.032925,0.133153,0.031116,0.030441,0.195543,0.161293
0.041231,0.041230,0.218794,0.118454,0.022036,0.106782,0.034310,0.019007,0.218920,0.179236
0.100000,0.100000,0.100000,0.100000,0.100000,0.100000,0.100000,0.100000,0.100000,0.100000
0.049617,0.049615,0.227611,0.087447,0.033815,0.096236,0.025711,0.042137,0.228399,0.159412
0.019204,0.019203,0.114207,0.043737,0.009577,0.503292,0.010144,0.008996,0.114244,0.157397
0.081674,0.081670,0.214931,0.059226,0.029100,0.053747,0.020878,0.028211,0.215717,0.214846
0.069766,0.069763,0.223670,0.182896,0.025948,0.068169,0.015665,0.019504,0.223511,0.101107
0.050682,0.050682,0.226783,0.104888,0.040668,0.140389,0.024710,0.031001,0.226776,0.103422
0.067962,0.067961,0.229625,0.074509,0.033942,0.084395,0.018527,0.025511,0.230412,0.167155
0.040223,0.040222,0.194860,0.169531,0.023108,0.111541,0.016426,0.025510,0.194618,0.183961
0.011968,0.011967,0.163698,0.497502,0.007211,0.038498,0.006025,0.006506,0.163098,0.093528
0.040808,0.040808,0.228788,0.158225,0.037512,0.103097,0.019417,0.021340,0.229109,0.120896
0.034781,0.034780,0.223249,0.146287,0.021626,0.095861,0.034763,0.020660,0.223183,0.164808
0.015355,0.015355,0.228330,0.131987,0.010565,0.068629,0.011469,0.010478,0.228110,0.279721
0.042431,0.042430,0.221700,0.212123,0.022975,0.077640,0.014845,0.018868,0.221354,0.125633
0.011407,0.011406,0.104306,0.096159,0.007564,0.545287,0.006374,0.006912,0.104193,0.106393
0.042828,0.042826,0.101039,0.051285,0.016685,0.535871,0.027450,0.014860,0.101199,0.065957
0.003787,0.003787,0.044077,0.025323,0.001978,0.832143,0.001298,0.001604,0.044032,0.041973
0.021681,0.021681,0.233442,0.227547,0.011122,0.062885,0.023697,0.009844,0.233206,0.154895
0.022765,0.022764,0.224984,0.272675,0.010695,0.069941,0.008366,0.010932,0.225219,0.131659
0.018767,0.018766,0.243417,0.255207,0.010849,0.038831,0.026117,0.009072,0.243655,0.135318
0.026910,0.026909,0.244225,0.219887,0.010222,0.046842,0.006298,0.008015,0.243672,0.167019
0.010513,0.010512,0.202274,0.190763,0.006270,0.122804,0.004980,0.005548,0.202101,0.244235
0.021779,0.021779,0.233195,0.143720,0.012574,0.175555,0.007859,0.010679,0.232993,0.139867
0.002480,0.002480,0.044696,0.023129,0.001598,0.841929,0.001850,0.001581,0.044705,0.035551
0.003101,0.003101,0.079203,0.754459,0.002349,0.022351,0.002401,0.002207,0.078974,0.051854
0.003452,0.003452,0.040836,0.017452,0.002047,0.853535,0.001877,0.001971,0.040874,0.034506
0.003585,0.003585,0.048135,0.023206,0.002209,0.828924,0.002018,0.002046,0.048205,0.038088
0.010010,0.010009,0.169579,0.412895,0.006378,0.082407,0.005741,0.006287,0.169196,0.127498
0.039567,0.039566,0.228359,0.153454,0.020429,0.067184,0.057460,0.018232,0.228165,0.147585
0.019483,0.019482,0.123461,0.050600,0.009468,0.277232,0.008782,0.009052,0.123476,0.358964
0.042963,0.042963,0.217740,0.165538,0.028916,0.109640,0.027300,0.027146,0.217735,0.120058
0.021683,0.021683,0.203164,0.370244,0.010197,0.054890,0.008852,0.009652,0.202662,0.096973
0.027582,0.027581,0.255767,0.174467,0.017049,0.071159,0.026855,0.016615,0.255740,0.127186
0.049914,0.049913,0.098763,0.049945,0.027665,0.532705,0.013602,0.020968,0.098817,0.057707
0.044945,0.044943,0.228674,0.223547,0.019493,0.063755,0.027009,0.016215,0.228432,0.102987
0.033189,0.033189,0.212998,0.131084,0.024597,0.183141,0.019250,0.018827,0.213087,0.130638
0.016170,0.016169,0.260542,0.066539,0.009076,0.138383,0.011195,0.010044,0.261297,0.210585
0.046507,0.046506,0.226398,0.133856,0.028600,0.062978,0.030545,0.034321,0.226368,0.163922
0.045837,0.045835,0.297264,0.059053,0.018210,0.073275,0.048652,0.013098,0.298739,0.100037
0.038219,0.038218,0.217186,0.116708,0.025147,0.160326,0.024074,0.025964,0.217116,0.137041
0.056526,0.056525,0.154846,0.111992,0.044308,0.092922,0.183515,0.041060,0.154863,0.103443
0.065216,0.065215,0.227316,0.114719,0.043740,0.097752,0.024332,0.028043,0.227556,0.106111
0.058868,0.058867,0.225091,0.110831,0.041924,0.102798,0.038517,0.034753,0.225132,0.103219
0.009232,0.009232,0.034356,0.011805,0.004943,0.862119,0.007819,0.004608,0.034382,0.021505
0.047835,0.047834,0.215108,0.078311,0.027633,0.229298,0.017851,0.021250,0.215353,0.099528
0.039922,0.039921,0.238147,0.086961,0.021363,0.202705,0.014576,0.016955,0.238420,0.101030
0.082318,0.082316,0.182450,0.073199,0.049525,0.083224,0.060238,0.047026,0.182909,0.156794
0.022128,0.022127,0.215776,0.081353,0.011498,0.221802,0.026541,0.009324,0.215544,0.173905
0.003792,0.003792,0.035880,0.014582,0.002448,0.875739,0.002017,0.002234,0.035872,0.023644
0.056663,0.056662,0.183070,0.093450,0.034082,0.218723,0.047906,0.032726,0.183191,0.093526
0.008191,0.008191,0.229375,0.167820,0.005314,0.217300,0.006933,0.004900,0.228900,0.123078
0.020769,0.020768,0.262231,0.215992,0.008838,0.066605,0.005640,0.007306,0.261753,0.130099
0.064760,0.064760,0.191458,0.123081,0.073882,0.068198,0.094325,0.036595,0.191445,0.091495
0.049525,0.049523,0.178889,0.073162,0.026401,0.227589,0.102949,0.023788,0.179049,0.089126
0.074422,0.074422,0.166431,0.128921,0.059095,0.099342,0.033421,0.052950,0.166683,0.144313
0.031774,0.031773,0.178598,0.237233,0.025087,0.070081,0.023686,0.023998,0.178258,0.199512
0.039699,0.039698,0.172026,0.338078,0.025307,0.057272,0.023707,0.023918,0.171860,0.108435
0.055255,0.055254,0.171223,0.124877,0.041090,0.125367,0.037702,0.036842,0.171229,0.181161
0.033139,0.033139,0.207936,0.192152,0.020576,0.125108,0.037785,0.024055,0.207734,0.118376
0.146155,0.146149,0.160829,0.067911,0.049207,0.080076,0.026553,0.036161,0.161177,0.125784
0.032300,0.032299,0.233150,0.251852,0.015490,0.061015,0.017182,0.013302,0.232667,0.110742
0.209989,0.209986,0.090861,0.054351,0.102702,0.063271,0.032896,0.076385,0.090919,0.068640
0.027549,0.027549,0.220790,0.257853,0.015671,0.064797,0.017920,0.015257,0.221307,0.131306
0.001024,0.001024,0.004529,0.001616,0.000568,0.982355,0.000321,0.000524,0.004530,0.003508
0.033377,0.033376,0.239567,0.154674,0.020246,0.070031,0.019105,0.017775,0.239771,0.172078
0.061704,0.061703,0.127977,0.089282,0.052861,0.071918,0.272378,0.051487,0.128019,0.082670
0.090579,0.090577,0.197203,0.094274,0.057061,0.083842,0.052927,0.043099,0.197422,0.093016
0.021787,0.021786,0.182919,0.309768,0.016743,0.066558,0.016560,0.016157,0.182352,0.165369
0.090925,0.090923,0.188142,0.105271,0.054928,0.097445,0.042540,0.041602,0.188324,0.099899
0.027807,0.027807,0.173051,0.293497,0.022216,0.073676,0.021364,0.021885,0.172604,0.166094
0.051577,0.051576,0.230216,0.128054,0.030646,0.116839,0.030091,0.026992,0.230314,0.103694
0.011127,0.011127,0.137435,0.573459,0.006993,0.030664,0.009523,0.007986,0.137068,0.074618
0.028654,0.028653,0.235338,0.171761,0.017523,0.075778,0.076675,0.016471,0.235004,0.114143
0.045411,0.045411,0.162333,0.341191,0.022212,0.059976,0.005987,0.012657,0.161900,0.142923
0.011033,0.011032,0.053097,0.034248,0.005105,0.729093,0.003576,0.005662,0.053059,0.094095
0.129085,0.129078,0.161508,0.076180,0.045421,0.076947,0.019343,0.049439,0.161929,0.151070
0.025671,0.025671,0.078294,0.025391,0.015027,0.673563,0.010961,0.011804,0.078349,0.055268
0.148213,0.148211,0.133854,0.081374,0.088555,0.082878,0.043054,0.053345,0.133953,0.086563
0.073668,0.073666,0.080164,0.056767,0.040672,0.047408,0.441998,0.049237,0.080234,0.056187
0.065587,0.065586,0.169484,0.121209,0.052562,0.117196,0.071642,0.059001,0.169543,0.108190
0.048996,0.048994,0.182968,0.063024,0.021989,0.054567,0.023430,0.027580,0.183369,0.345083
0.022330,0.022329,0.225132,0.149446,0.011757,0.166289,0.022604,0.009129,0.225508,0.145473
0.100442,0.100441,0.153325,0.111087,0.067484,0.098806,0.052042,0.062142,0.153385,0.100846
0.049188,0.049186,0.258066,0.084101,0.027042,0.075926,0.053251,0.030683,0.258451,0.114104
0.062469,0.062468,0.157146,0.093251,0.046615,0.221816,0.048592,0.047589,0.157233,0.102823
0.170252,0.170252,0.119794,0.052209,0.081993,0.066171,0.073730,0.065913,0.119950,0.079736
0.033130,0.033130,0.047930,0.023802,0.025691,0.693542,0.011251,0.050436,0.047946,0.033143
0.007817,0.007816,0.192204,0.375180,0.004346,0.050509,0.003834,0.004250,0.191805,0.162239
0.010377,0.010376,0.082737,0.071208,0.007518,0.612561,0.025705,0.007462,0.082693,0.089363
0.022923,0.022923,0.165917,0.357340,0.018887,0.102482,0.017899,0.019191,0.165696,0.106742
0.008388,0.008388,0.106482,0.084690,0.006414,0.594023,0.006404,0.006749,0.106503,0.071959
0.007851,0.007851,0.071041,0.049162,0.004103,0.734240,0.002940,0.004250,0.071014,0.047549
0.006473,0.006473,0.030695,0.021125,0.005273,0.861656,0.004169,0.005461,0.030673,0.028002
0.008955,0.008955,0.157805,0.323807,0.006100,0.042705,0.005448,0.005984,0.157232,0.283009
0.028858,0.028857,0.206083,0.087432,0.014148,0.224710,0.012521,0.017356,0.205884,0.174150
0.024308,0.024307,0.217616,0.268130,0.012493,0.067794,0.040476,0.010886,0.217295,0.116695
0.012673,0.012673,0.137349,0.099712,0.008216,0.408958,0.006019,0.008409,0.136999,0.168993
0.005561,0.005561,0.099525,0.705552,0.002929,0.019800,0.002297,0.002608,0.099220,0.056947
0.007393,0.007393,0.114846,0.633997,0.004124,0.057982,0.003203,0.004017,0.114570,0.052474
0.042214,0.042213,0.229748,0.189040,0.022284,0.080873,0.013584,0.018253,0.229541,0.132249
0.021236,0.021234,0.153870,0.422926,0.007909,0.042630,0.005085,0.007138,0.153512,0.164460
0.018395,0.018394,0.246243,0.235623,0.010088,0.042761,0.012543,0.009392,0.245959,0.160603
0.030921,0.030920,0.125934,0.048707,0.014071,0.529883,0.007717,0.009924,0.126157,0.075765
0.029252,0.029251,0.191693,0.204087,0.014021,0.058798,0.010209,0.010505,0.191563,0.260621
0.015143,0.015143,0.161650,0.416393,0.012259,0.056164,0.009617,0.010216,0.161309,0.142107
0.112467,0.112463,0.106898,0.072242,0.050753,0.059959,0.213057,0.063695,0.106943,0.101523
0.034607,0.034605,0.160978,0.406709,0.009070,0.027835,0.004466,0.007333,0.160690,0.153708
0.189983,0.189971,0.082659,0.061020,0.084991,0.074248,0.059220,0.094549,0.082692,0.080665
0.141305,0.141302,0.164685,0.115602,0.042122,0.080517,0.022694,0.024591,0.164664,0.102518
0.024149,0.024148,0.231055,0.161457,0.014124,0.123237,0.033044,0.012069,0.231140,0.145578
0.022074,0.022073,0.127721,0.563464,0.008514,0.029763,0.005415,0.006941,0.127436,0.086599
0.042205,0.042203,0.132137,0.069845,0.018739,0.378396,0.012674,0.020616,0.132159,0.151024
0.066446,0.066443,0.163356,0.071217,0.022589,0.145411,0.017445,0.019972,0.163319,0.263803
0.147577,0.147574,0.132411,0.110606,0.071197,0.062904,0.044742,0.064223,0.132493,0.086272
0.198236,0.198226,0.118026,0.086377,0.066458,0.051366,0.034425,0.042020,0.118083,0.086782
0.119650,0.119645,0.165274,0.108406,0.058179,0.070241,0.039289,0.056581,0.165407,0.097329
0.140144,0.140141,0.132549,0.105409,0.069835,0.081460,0.045995,0.067663,0.132640,0.084163
0.233323,0.233311,0.118742,0.056613,0.046766,0.046791,0.020848,0.036507,0.118920,0.088179
0.278387,0.278373,0.074337,0.039520,0.070123,0.045454,0.026287,0.041238,0.074418,0.071864
0.094518,0.094514,0.155682,0.184958,0.041074,0.076753,0.028384,0.050386,0.155660,0.118071
0.075468,0.075466,0.183571,0.121810,0.050495,0.075780,0.050592,0.070076,0.183668,0.113074
0.025343,0.025343,0.140766,0.096843,0.012885,0.407542,0.012082,0.014504,0.140666,0.124025
0.154914,0.154906,0.152451,0.068181,0.050564,0.072590,0.027108,0.043084,0.152939,0.123263
0.134859,0.134854,0.097108,0.068894,0.057136,0.061633,0.216812,0.064525,0.097165,0.067016
0.023458,0.023458,0.272435,0.094558,0.013874,0.092892,0.013468,0.012565,0.273487,0.179804
0.257236,0.257227,0.086195,0.055704,0.068520,0.051303,0.033347,0.048390,0.086278,0.055799
0.040809,0.040809,0.197351,0.227964,0.030710,0.090656,0.025532,0.027906,0.197170,0.121093
0.079259,0.079257,0.151875,0.071811,0.030088,0.234575,0.008916,0.018230,0.151784,0.174206
0.020688,0.020688,0.134107,0.103219,0.013580,0.413892,0.010262,0.013185,0.134012,0.136368
0.036629,0.036628,0.243669,0.151097,0.027992,0.071099,0.032481,0.024903,0.244437,0.131065
0.050281,0.050281,0.180042,0.241265,0.041198,0.072283,0.026326,0.030735,0.179836,0.127754
0.036182,0.036182,0.259193,0.096200,0.018731,0.084800,0.057978,0.015522,0.259350,0.135862
0.015112,0.015112,0.172140,0.310702,0.011467,0.065669,0.011574,0.011269,0.171470,0.215485
0.018413,0.018413,0.178535,0.377443,0.011235,0.067632,0.009571,0.010338,0.177950,0.130470
0.035288,0.035288,0.221430,0.165442,0.026451,0.069672,0.039121,0.025815,0.221530,0.159964
0.061596,0.061595,0.209533,0.080177,0.033863,0.097219,0.093652,0.030838,0.210233,0.121294
0.116932,0.116925,0.205885,0.055366,0.034019,0.051830,0.067655,0.023913,0.206665,0.120809
0.017034,0.017033,0.242000,0.266518,0.010777,0.047660,0.012408,0.014753,0.242584,0.129234
0.054706,0.054705,0.215879,0.102794,0.028310,0.067809,0.029443,0.024801,0.216463,0.205090
0.073382,0.073381,0.196143,0.092488,0.044881,0.072404,0.045799,0.072141,0.196708,0.132673
0.091276,0.091273,0.211446,0.063875,0.036934,0.058501,0.086208,0.034191,0.212340,0.113954
0.016626,0.016625,0.168605,0.064188,0.009972,0.072109,0.011328,0.008683,0.169144,0.462720
0.024331,0.024329,0.172041,0.147287,0.009015,0.044070,0.015942,0.007397,0.171943,0.383644
0.071009,0.071006,0.198298,0.102021,0.025950,0.074581,0.101177,0.020658,0.198675,0.136625
0.058996,0.058996,0.197052,0.142005,0.035312,0.096837,0.025423,0.036119,0.197374,0.151885
0.039228,0.039228,0.207484,0.152518,0.033610,0.088536,0.035005,0.033095,0.207930,0.163366
0.060601,0.060600,0.168678,0.230718,0.042115,0.080310,0.056144,0.040274,0.168598,0.091962
0.184566,0.184551,0.158083,0.063218,0.034125,0.047520,0.067101,0.024464,0.158528,0.077844
0.106186,0.106182,0.225024,0.095519,0.030915,0.064857,0.017207,0.020598,0.225792,0.107720
0.135849,0.135842,0.173845,0.089325,0.042685,0.052608,0.022072,0.028346,0.173780,0.145648
0.015526,0.015525,0.214768,0.295512,0.009576,0.048604,0.025165,0.008600,0.214868,0.151854
0.111742,0.111737,0.194876,0.092548,0.041479,0.082039,0.029211,0.043283,0.195461,0.097624
0.016996,0.016995,0.186451,0.425923,0.010081,0.036095,0.012963,0.009562,0.186143,0.098792
0.061732,0.061731,0.202823,0.170202,0.022193,0.054042,0.012390,0.013037,0.202626,0.199224
0.025205,0.025204,0.160065,0.073450,0.011828,0.368388,0.010110,0.010308,0.159952,0.155490
0.030311,0.030311,0.065803,0.040877,0.019791,0.431596,0.236051,0.026805,0.065808,0.052647
0.032152,0.032151,0.156925,0.077681,0.014063,0.410074,0.009151,0.011131,0.156886,0.099787
0.056303,0.056302,0.205918,0.077401,0.032857,0.088841,0.052467,0.027421,0.206491,0.195999
0.050361,0.050359,0.238618,0.173408,0.016793,0.098418,0.023997,0.012636,0.238663,0.096747
0.105452,0.105451,0.120927,0.078265,0.052649,0.096885,0.178804,0.043040,0.120940,0.097586
0.058777,0.058776,0.178771,0.184074,0.029752,0.109603,0.055797,0.024337,0.178656,0.121457
0.052347,0.052345,0.190424,0.244312,0.025708,0.070413,0.024912,0.023465,0.190235,0.125838
0.072625,0.072624,0.209663,0.187231,0.028732,0.059967,0.012966,0.016873,0.209457,0.129862
0.043713,0.043712,0.168716,0.252532,0.032616,0.098949,0.031695,0.030514,0.168649,0.128904
0.017400,0.017400,0.226174,0.232066,0.012339,0.081446,0.014198,0.011518,0.225805,0.161653
0.040343,0.040342,0.214372,0.226100,0.024708,0.072897,0.026959,0.020850,0.214355,0.119074
0.056382,0.056380,0.199278,0.172900,0.028093,0.102012,0.028501,0.025470,0.199476,0.131510
0.009054,0.009054,0.167299,0.492929,0.005924,0.047781,0.007429,0.005164,0.166956,0.088410
0.046086,0.046085,0.222915,0.142295,0.022325,0.098191,0.020091,0.019532,0.223023,0.159456
0.051914,0.051912,0.207359,0.183507,0.020295,0.124836,0.015818,0.014497,0.207272,0.122589
0.008129,0.008129,0.152181,0.487263,0.005023,0.054144,0.005634,0.004868,0.151800,0.122828
0.042077,0.042076,0.184286,0.205972,0.025217,0.074853,0.042509,0.022817,0.184235,0.175957
0.064906,0.064905,0.200700,0.141109,0.046780,0.103095,0.023607,0.026974,0.200737,0.127187
0.042100,0.042098,0.206105,0.170151,0.020129,0.079078,0.015607,0.016524,0.205939,0.202270
0.009745,0.009745,0.119834,0.279221,0.006993,0.052359,0.006878,0.006536,0.119671,0.389018
0.024278,0.024278,0.105571,0.072343,0.017301,0.267686,0.254282,0.017549,0.105548,0.111165
0.013974,0.013973,0.213605,0.126348,0.005125,0.144894,0.003236,0.004818,0.213320,0.260707
0.008057,0.008057,0.252224,0.283274,0.004447,0.034360,0.004997,0.003864,0.251810,0.148910
0.036631,0.036629,0.203205,0.098829,0.014812,0.220748,0.007321,0.009781,0.202962,0.169082
0.024418,0.024417,0.139745,0.048518,0.011807,0.489888,0.009630,0.012774,0.140002,0.098801
0.002660,0.002660,0.016169,0.008544,0.001349,0.935996,0.000936,0.001213,0.016172,0.014300
0.039570,0.039569,0.254715,0.106254,0.017889,0.063849,0.034580,0.020409,0.255057,0.168109
0.079589,0.079588,0.161664,0.119081,0.050498,0.099893,0.045649,0.044815,0.161669,0.157555
0.032573,0.032572,0.192480,0.083235,0.019636,0.288018,0.052522,0.018406,0.192575,0.087980
0.075575,0.075572,0.089872,0.029742,0.027482,0.502686,0.012298,0.020065,0.089922,0.076787
0.084463,0.084461,0.166763,0.085132,0.051526,0.119754,0.041284,0.068595,0.166869,0.131154
0.098070,0.098072,0.096953,0.071651,0.171997,0.069703,0.065929,0.117858,0.097002,0.112766
0.071554,0.071551,0.221086,0.094556,0.029347,0.134604,0.029502,0.025860,0.221103,0.100838
0.106202,0.106199,0.177241,0.099432,0.057265,0.080937,0.048841,0.047438,0.177396,0.099048
0.127999,0.127995,0.132698,0.063080,0.065180,0.145516,0.027464,0.106118,0.132819,0.071131
0.093215,0.093212,0.205729,0.095196,0.041487,0.084933,0.031799,0.033774,0.205991,0.114664
0.051321,0.051319,0.282755,0.073991,0.023816,0.073931,0.038157,0.016908,0.283755,0.104046
0.099195,0.099192,0.160084,0.070699,0.049440,0.078727,0.105031,0.042362,0.160214,0.135055
0.047319,0.047317,0.217070,0.153054,0.026344,0.068581,0.094330,0.024369,0.216957,0.104660
0.071233,0.071231,0.207390,0.106380,0.029899,0.140106,0.015888,0.024539,0.207453,0.125882
0.045351,0.045351,0.130274,0.062533,0.039069,0.324920,0.022401,0.084395,0.130254,0.115453
0.018255,0.018255,0.039700,0.018471,0.013402,0.798425,0.006922,0.022408,0.039710,0.024452
0.037178,0.037177,0.218214,0.172947,0.034696,0.081902,0.044800,0.033514,0.217949,0.121623
0.091553,0.091550,0.181672,0.094675,0.057113,0.096274,0.036398,0.043246,0.181772,0.125747
0.083928,0.083925,0.194091,0.110234,0.050785,0.094824,0.035301,0.041866,0.194438,0.110608
0.054396,0.054395,0.222060,0.165063,0.031520,0.064132,0.037126,0.029639,0.221897,0.119773
0.080768,0.080767,0.195012,0.091009,0.046126,0.113986,0.021942,0.034860,0.195061,0.140470
0.051317,0.051316,0.214491,0.155663,0.028694,0.072164,0.052744,0.027290,0.214425,0.131895
0.036597,0.036597,0.231568,0.085559,0.020375,0.149397,0.015287,0.019752,0.231580,0.173289
0.059210,0.059208,0.249266,0.086081,0.022920,0.061413,0.024199,0.018214,0.249405,0.170084
0.040393,0.040392,0.212837,0.148361,0.030759,0.131549,0.029088,0.028408,0.212800,0.125413
0.075174,0.075172,0.198507,0.087145,0.035250,0.153005,0.035369,0.029477,0.198587,0.112315
0.044053,0.044053,0.229022,0.130952,0.037273,0.094861,0.033436,0.032879,0.229322,0.124150
0.049102,0.049101,0.253601,0.102037,0.029509,0.113210,0.021042,0.023217,0.253644,0.105536
0.030172,0.030171,0.133983,0.072904,0.020386,0.472099,0.015342,0.018691,0.133952,0.072300
0.055610,0.055609,0.222174,0.158313,0.034447,0.077187,0.025607,0.026347,0.222316,0.122389
0.052796,0.052795,0.225828,0.142982,0.035519,0.087537,0.031576,0.031588,0.225904,0.113475
0.072119,0.072116,0.216034,0.124419,0.028150,0.082575,0.016979,0.022469,0.216181,0.148957
0.018752,0.018751,0.181272,0.250065,0.010334,0.179344,0.008081,0.009121,0.180928,0.143353
0.082967,0.082962,0.212755,0.123163,0.028306,0.071317,0.017805,0.023410,0.212793,0.144522
0.041066,0.041065,0.181613,0.084275,0.016518,0.250613,0.009511,0.013353,0.181652,0.180334
0.109744,0.109745,0.089375,0.087790,0.141884,0.087792,0.094127,0.101668,0.089378,0.088495
0.061198,0.061196,0.193196,0.159774,0.033360,0.081559,0.039092,0.035063,0.193000,0.142562
0.062305,0.062303,0.217911,0.187956,0.030568,0.064227,0.023919,0.022500,0.217615,0.110697
0.025458,0.025458,0.248249,0.197125,0.015044,0.100901,0.008659,0.011468,0.247838,0.119801
0.005774,0.005774,0.086639,0.063333,0.002841,0.664929,0.002278,0.003050,0.086768,0.078613
0.037766,0.037766,0.136571,0.043562,0.014865,0.177042,0.005436,0.009598,0.136918,0.400474
0.051082,0.051082,0.131611,0.310307,0.043925,0.110335,0.041344,0.042864,0.131463,0.085986
0.158550,0.158543,0.142163,0.102937,0.048571,0.065826,0.026118,0.041658,0.142055,0.113577
0.046589,0.046588,0.184003,0.146914,0.021643,0.084025,0.012439,0.020317,0.183881,0.253601
0.023265,0.023265,0.166212,0.118738,0.010424,0.306050,0.006415,0.008131,0.166014,0.171486
0.029200,0.029200,0.166871,0.189648,0.024886,0.229525,0.026034,0.024166,0.166736,0.113734
0.025474,0.025473,0.206145,0.253749,0.015236,0.064925,0.015464,0.014772,0.205810,0.172951
0.016671,0.016671,0.206167,0.080676,0.007749,0.298255,0.005319,0.006985,0.206626,0.154881
0.054562,0.054562,0.183770,0.146158,0.043692,0.116082,0.052495,0.045026,0.183793,0.119860
0.017173,0.017172,0.102710,0.064311,0.011827,0.509362,0.015476,0.012117,0.102656,0.147195
0.044823,0.044823,0.185419,0.134287,0.030677,0.119600,0.029409,0.031421,0.185442,0.194099
0.056936,0.056934,0.219514,0.138150,0.028320,0.114689,0.022058,0.023902,0.219581,0.119916
0.039514,0.039513,0.175651,0.117727,0.031135,0.152331,0.025141,0.028873,0.175658,0.214458
0.005538,0.005538,0.100882,0.659925,0.003904,0.047926,0.003805,0.003795,0.100688,0.067999
0.034208,0.034207,0.201320,0.272905,0.026847,0.080846,0.024741,0.024866,0.201177,0.098883
0.041551,0.041551,0.181725,0.089630,0.027000,0.215166,0.070719,0.024569,0.181721,0.126368
0.047051,0.047050,0.178149,0.091897,0.030938,0.246838,0.026790,0.026967,0.178210,0.126111
0.044823,0.044823,0.185419,0.134287,0.030677,0.119600,0.029409,0.031421,0.185442,0.194099
0.027640,0.027639,0.190876,0.243192,0.016453,0.144394,0.015528,0.014675,0.190574,0.129028
0.004214,0.004214,0.027554,0.019956,0.002805,0.888689,0.002537,0.002959,0.027542,0.019528
0.021127,0.021127,0.152718,0.089486,0.010721,0.417931,0.007614,0.009887,0.152684,0.116704
0.040541,0.040540,0.181400,0.074347,0.019565,0.193035,0.074453,0.022806,0.181359,0.171955
0.014411,0.014411,0.201113,0.424596,0.008026,0.046967,0.009327,0.006766,0.200882,0.073500
0.049525,0.049523,0.178889,0.073162,0.026401,0.227589,0.102949,0.023788,0.179049,0.089126
0.057523,0.057523,0.201675,0.191765,0.042420,0.087807,0.014111,0.021814,0.201568,0.123795
0.029771,0.029770,0.219423,0.106159,0.020030,0.092855,0.018452,0.019159,0.219601,0.244780
0.023246,0.023246,0.188495,0.307908,0.015857,0.070736,0.016304,0.015790,0.188067,0.150351
0.017165,0.017165,0.199984,0.265418,0.012189,0.076356,0.026063,0.010665,0.199708,0.175288
0.002356,0.002356,0.075374,0.800505,0.001148,0.008482,0.001132,0.000983,0.075082,0.032581
0.041566,0.041565,0.211065,0.186095,0.025318,0.088064,0.020466,0.024925,0.211266,0.149670
0.042229,0.042227,0.234845,0.195827,0.017201,0.050596,0.014157,0.014783,0.234605,0.153529
0.031250,0.031250,0.229861,0.221175,0.018094,0.085439,0.012101,0.017671,0.229354,0.123805
0.032053,0.032052,0.225694,0.230392,0.017441,0.071172,0.021433,0.015870,0.225984,0.127911
0.006355,0.006354,0.192293,0.127916,0.003050,0.211680,0.002571,0.002816,0.191769,0.255194
0.050879,0.050877,0.217102,0.203659,0.026046,0.072932,0.022247,0.021858,0.216827,0.117572
0.027009,0.027008,0.182068,0.109232,0.012704,0.265592,0.006410,0.010324,0.181858,0.177797
0.026992,0.026991,0.252314,0.199200,0.015963,0.088320,0.010525,0.011872,0.252058,0.115766
0.042897,0.042896,0.204869,0.203988,0.028737,0.096562,0.020061,0.022759,0.204831,0.132401
0.024344,0.024344,0.285058,0.152518,0.014334,0.068797,0.012033,0.012626,0.286123,0.119822
0.019117,0.019116,0.173461,0.082530,0.008188,0.045487,0.020662,0.006933,0.173704,0.450802
0.050374,0.050373,0.209004,0.135546,0.031543,0.142687,0.026548,0.027593,0.209030,0.117303
0.011790,0.011790,0.178090,0.175720,0.005646,0.160640,0.003285,0.006705,0.177758,0.268576
0.050441,0.050440,0.216098,0.160033,0.021453,0.064388,0.013288,0.017969,0.215895,0.189995
0.015170,0.015170,0.114750,0.582960,0.010947,0.059489,0.013710,0.010064,0.114622,0.063117
0.023656,0.023655,0.151107,0.392847,0.020034,0.091846,0.019022,0.019423,0.150726,0.107684
0.026258,0.026257,0.181014,0.276461,0.019596,0.099977,0.018454,0.018237,0.180535,0.153210
0.067320,0.067317,0.191647,0.060955,0.021998,0.149311,0.018486,0.018046,0.192217,0.212702
0.006267,0.006267,0.062659,0.040710,0.002821,0.726724,0.002414,0.002724,0.062564,0.086850
0.021690,0.021690,0.128872,0.467930,0.016176,0.077341,0.015106,0.015052,0.128747,0.107396
0.023028,0.023028,0.113211,0.548031,0.014825,0.077041,0.012119,0.012763,0.113073,0.062881
0.014089,0.014089,0.179500,0.128805,0.004720,0.300309,0.003491,0.003749,0.179180,0.172068
0.006576,0.006576,0.150857,0.522594,0.004213,0.040520,0.003968,0.003740,0.150156,0.110799
0.049013,0.049012,0.141997,0.089842,0.015178,0.042697,0.011488,0.010394,0.141840,0.448539
0.029953,0.029952,0.176509,0.241774,0.020695,0.061204,0.019968,0.019276,0.176166,0.224505
0.008601,0.008601,0.174235,0.144012,0.004721,0.239585,0.003999,0.004765,0.173886,0.237594
0.024073,0.024073,0.153438,0.425141,0.017983,0.058956,0.014434,0.017877,0.153018,0.111007
0.027865,0.027865,0.204713,0.250160,0.016333,0.054916,0.015406,0.014038,0.204112,0.184592
0.097748,0.097745,0.151294,0.085588,0.054206,0.100790,0.076746,0.064011,0.151649,0.120223
0.015871,0.015870,0.156942,0.366718,0.011825,0.051464,0.011279,0.011297,0.156331,0.202402
0.029924,0.029923,0.179405,0.214894,0.021567,0.073956,0.020711,0.020979,0.179314,0.229327
0.024471,0.024471,0.186643,0.171653,0.016214,0.160442,0.014505,0.014006,0.186206,0.201389
0.005769,0.005769,0.182336,0.192304,0.004306,0.271708,0.004275,0.004078,0.181639,0.147816
0.040712,0.040711,0.167110,0.321052,0.021576,0.075301,0.046989,0.020126,0.166914,0.099510
0.019170,0.019170,0.161061,0.391479,0.012938,0.062027,0.011991,0.012036,0.160614,0.149512
0.018270,0.018269,0.267405,0.166720,0.009317,0.045757,0.024314,0.007955,0.268242,0.173750
0.207102,0.207099,0.080151,0.057322,0.123522,0.064426,0.046968,0.070708,0.080197,0.062505
0.026822,0.026822,0.098209,0.056854,0.022299,0.395506,0.150252,0.018386,0.098187,0.106662
0.034627,0.034626,0.098065,0.062675,0.030078,0.516667,0.020447,0.022574,0.098037,0.082203
0.069158,0.069156,0.187427,0.193671,0.047342,0.059435,0.021123,0.027259,0.187108,0.138323
0.173523,0.173528,0.013628,0.007753,0.565348,0.010084,0.007765,0.023806,0.013639,0.010926
0.074415,0.074415,0.090651,0.045949,0.435553,0.053529,0.029957,0.037134,0.090680,0.067718
0.013407,0.013407,0.167822,0.370637,0.009432,0.061057,0.010820,0.009338,0.167442,0.176639
0.019694,0.019693,0.174482,0.110520,0.007013,0.342234,0.004389,0.005964,0.174277,0.141735
0.030151,0.030150,0.058660,0.021686,0.009889,0.724983,0.003422,0.006033,0.058687,0.056340
0.053914,0.053913,0.155583,0.107146,0.038641,0.095535,0.213802,0.036943,0.155669,0.088855
0.113352,0.113351,0.129367,0.083117,0.074254,0.089728,0.044688,0.066522,0.129471,0.156151
0.076448,0.076447,0.156474,0.138770,0.175478,0.067372,0.030424,0.035897,0.156473,0.086217
0.104369,0.104366,0.162101,0.082969,0.049471,0.105284,0.030303,0.038791,0.162132,0.160215
0.067214,0.067213,0.137173,0.126160,0.051823,0.093177,0.143945,0.045513,0.137168,0.130614
0.058722,0.058721,0.131058,0.126259,0.040560,0.065811,0.214055,0.032400,0.130896,0.141518
0.018713,0.018713,0.045847,0.032356,0.020864,0.025418,0.750403,0.011450,0.045849,0.030386
0.037313,0.037312,0.217262,0.119371,0.023751,0.106677,0.030375,0.021255,0.217319,0.189366
0.055323,0.055323,0.123937,0.117737,0.045417,0.085086,0.257233,0.047430,0.123951,0.088563
0.179249,0.179245,0.112948,0.068345,0.083646,0.080043,0.036337,0.049533,0.113021,0.097633
0.162151,0.162151,0.099601,0.067569,0.108419,0.075980,0.053843,0.093880,0.099652,0.076755
0.082048,0.082044,0.173805,0.132525,0.039704,0.113117,0.041041,0.036871,0.173880,0.124964
0.016649,0.016649,0.276672,0.185864,0.009410,0.081574,0.026080,0.008215,0.276385,0.102503
0.018182,0.018182,0.070694,0.031630,0.007133,0.590418,0.004342,0.006757,0.070768,0.181894
0.013958,0.013957,0.216648,0.284329,0.006345,0.044481,0.003336,0.005095,0.215968,0.195883
0.015108,0.015107,0.150547,0.519979,0.009620,0.036900,0.007138,0.007402,0.150274,0.087925
0.024503,0.024502,0.236012,0.188228,0.017371,0.064387,0.016465,0.017253,0.236861,0.174417
0.053224,0.053223,0.205733,0.138010,0.023808,0.099094,0.015751,0.017785,0.205710,0.187662
0.023234,0.023233,0.147179,0.424601,0.016487,0.055192,0.019691,0.016190,0.147058,0.127136
0.032198,0.032198,0.247506,0.133986,0.017603,0.071794,0.013562,0.013343,0.248103,0.189707
0.013444,0.013443,0.175643,0.384771,0.009865,0.058800,0.008247,0.010125,0.175142,0.150520
0.016844,0.016844,0.122115,0.547133,0.014053,0.041478,0.013064,0.016179,0.121916,0.090375
0.010765,0.010765,0.059309,0.026377,0.005713,0.103144,0.003658,0.005171,0.059423,0.715675
0.001672,0.001672,0.020316,0.021726,0.001045,0.006769,0.000992,0.001068,0.020317,0.924424
0.000897,0.000897,0.011931,0.012702,0.000544,0.003233,0.000456,0.000505,0.011905,0.956931
0.002633,0.002633,0.025746,0.044275,0.001686,0.010282,0.001405,0.001537,0.025681,0.884122
0.159998,0.159991,0.109022,0.074252,0.059339,0.063233,0.044347,0.093533,0.109079,0.127206
0.029289,0.029288,0.203440,0.140026,0.015723,0.133412,0.013226,0.015509,0.203341,0.216745
0.002940,0.002940,0.019163,0.009474,0.001369,0.019692,0.000942,0.001162,0.019192,0.923125
0.024472,0.024471,0.289813,0.120522,0.010787,0.058995,0.010439,0.010835,0.291082,0.158586
0.003258,0.003258,0.020084,0.008117,0.001033,0.023692,0.000732,0.000901,0.020104,0.918823
0.032279,0.032278,0.223298,0.141693,0.017006,0.180900,0.013707,0.015044,0.223988,0.119807
0.028044,0.028043,0.199885,0.270591,0.018190,0.074428,0.016849,0.016991,0.199931,0.147046
0.044291,0.044291,0.197893,0.166562,0.162937,0.048622,0.010049,0.019938,0.197639,0.107777
0.013530,0.013530,0.157282,0.513346,0.009354,0.040762,0.011079,0.009842,0.157051,0.074225
0.046846,0.046845,0.209461,0.181128,0.027413,0.065298,0.031352,0.029776,0.209389,0.152492
0.072400,0.072398,0.191570,0.166131,0.036052,0.087674,0.032817,0.030780,0.191379,0.118799
0.078616,0.078615,0.132951,0.109239,0.067773,0.134697,0.045999,0.056142,0.132945,0.163022
0.056222,0.056222,0.182899,0.132159,0.039351,0.124525,0.027589,0.030763,0.182811,0.167460
0.083781,0.083784,0.031751,0.019418,0.661903,0.019156,0.016942,0.026853,0.031778,0.024634
0.043759,0.043757,0.220811,0.274510,0.018629,0.044178,0.014370,0.015635,0.221584,0.102766
0.059567,0.059565,0.225113,0.152212,0.034772,0.072806,0.015688,0.023288,0.224871,0.132118
0.080118,0.080115,0.178043,0.088556,0.038197,0.148228,0.039326,0.042072,0.178132,0.127213
0.017327,0.017327,0.272032,0.172584,0.011577,0.088071,0.012478,0.010976,0.271465,0.126162
0.004215,0.004215,0.111820,0.686493,0.002747,0.021004,0.002411,0.002603,0.111454,0.053039
0.045111,0.045110,0.127700,0.065813,0.028312,0.372541,0.023484,0.029570,0.127706,0.134654
0.012247,0.012246,0.257525,0.194858,0.005993,0.126887,0.005445,0.005510,0.256829,0.122460
0.134747,0.134745,0.159976,0.085578,0.063926,0.090486,0.031539,0.048424,0.160141,0.090438
0.014534,0.014534,0.223909,0.122248,0.008755,0.179470,0.007148,0.008283,0.223506,0.197613
0.062405,0.062403,0.198289,0.131272,0.032558,0.115071,0.038266,0.037431,0.198242,0.124061
0.008672,0.008671,0.227346,0.107466,0.005014,0.186304,0.004660,0.004399,0.227771,0.219697
0.024023,0.024022,0.229338,0.211253,0.017822,0.087132,0.025617,0.018424,0.228895,0.133474
0.016673,0.016673,0.209292,0.282675,0.013285,0.075873,0.014387,0.013161,0.208792,0.149191
0.011829,0.011829,0.209699,0.275372,0.007482,0.067325,0.005284,0.007285,0.209118,0.194777
0.013195,0.013195,0.183585,0.347736,0.005401,0.036592,0.003315,0.004553,0.183087,0.209340
0.014983,0.014983,0.200619,0.350892,0.010117,0.060962,0.009676,0.009252,0.200144,0.128372
0.012064,0.012064,0.089253,0.042536,0.006356,0.634413,0.004192,0.005708,0.089186,0.104229
0.004880,0.004880,0.112673,0.083152,0.003405,0.571453,0.003290,0.003423,0.112815,0.100027
0.001502,0.001502,0.012330,0.010283,0.000737,0.014364,0.000498,0.000592,0.012309,0.945883
0.021359,0.021359,0.148604,0.278910,0.017574,0.079918,0.018049,0.017195,0.148412,0.248619
0.006990,0.006990,0.104661,0.056989,0.003384,0.568905,0.002754,0.003265,0.104462,0.141599
0.008379,0.008379,0.129532,0.124562,0.005477,0.381168,0.005925,0.005165,0.129270,0.202142
0.055853,0.055851,0.237496,0.141016,0.029848,0.084421,0.026218,0.027679,0.237606,0.104011
0.020814,0.020813,0.106213,0.087328,0.010057,0.541013,0.006854,0.008511,0.106124,0.092273
0.028627,0.028626,0.107210,0.061458,0.017037,0.430171,0.014821,0.014292,0.107185,0.190573
0.011915,0.011914,0.255780,0.186537,0.006540,0.080946,0.005850,0.005744,0.256380,0.178395
0.026291,0.026290,0.207933,0.182426,0.019994,0.092590,0.022789,0.020546,0.207970,0.193170
0.015757,0.015757,0.214161,0.134211,0.008780,0.234946,0.007689,0.008565,0.214254,0.145881
0.007577,0.007577,0.153427,0.506033,0.005083,0.086026,0.004610,0.004866,0.153394,0.071407
0.008597,0.008597,0.029106,0.013959,0.005099,0.872038,0.003854,0.004633,0.029122,0.024994
0.013156,0.013156,0.210713,0.328977,0.006871,0.048196,0.007471,0.005849,0.210513,0.155098
0.008582,0.008582,0.199144,0.263585,0.003855,0.170282,0.003503,0.003776,0.198649,0.140041
0.038565,0.038565,0.179969,0.228043,0.027218,0.092333,0.023299,0.028721,0.179867,0.163420
0.039694,0.039692,0.228402,0.179738,0.021732,0.094680,0.036730,0.019732,0.228507,0.111094
0.027191,0.027191,0.109020,0.061562,0.015046,0.514348,0.009856,0.011700,0.108964,0.115123
0.030572,0.030571,0.190927,0.335231,0.016947,0.067757,0.020033,0.015189,0.190741,0.102033
0.060367,0.060366,0.203156,0.116553,0.035401,0.108248,0.033642,0.032944,0.203539,0.145784
0.004195,0.004195,0.071250,0.075462,0.002693,0.698086,0.002610,0.002772,0.071193,0.067544
0.013240,0.013240,0.284990,0.157874,0.007965,0.081423,0.013952,0.007458,0.284636,0.135222
0.024368,0.024367,0.212581,0.277321,0.014146,0.043681,0.014878,0.015384,0.213106,0.160168
0.003839,0.003839,0.170223,0.387651,0.002582,0.131412,0.002615,0.002532,0.170023,0.125286
0.019046,0.019046,0.215516,0.241210,0.013020,0.054256,0.016248,0.013127,0.215235,0.193298
0.009442,0.009442,0.152827,0.226722,0.006637,0.196273,0.006493,0.007297,0.152488,0.232379
0.007842,0.007842,0.098765,0.686637,0.005763,0.033974,0.005648,0.005503,0.098585,0.049442
0.022582,0.022582,0.277735,0.097144,0.011559,0.061149,0.013858,0.009782,0.279153,0.204457
0.026028,0.026027,0.205233,0.277429,0.015873,0.056855,0.015338,0.015016,0.204824,0.157377
0.034339,0.034338,0.218992,0.177345,0.020044,0.154036,0.016318,0.019136,0.218926,0.106526
0.080851,0.080850,0.201515,0.117875,0.059809,0.085537,0.038294,0.038492,0.201636,0.095141
0.153195,0.153199,0.088368,0.047458,0.235250,0.061243,0.026867,0.070558,0.088551,0.075312
0.057253,0.057252,0.108111,0.056714,0.026109,0.453461,0.011256,0.017682,0.108093,0.104069
0.006005,0.006005,0.110129,0.637631,0.004137,0.053090,0.003564,0.003980,0.109856,0.065603
0.021177,0.021176,0.226200,0.230511,0.013361,0.061245,0.012270,0.011688,0.225816,0.176556
0.015689,0.015688,0.189661,0.375582,0.011984,0.066863,0.012580,0.011392,0.189176,0.111385
0.003524,0.003524,0.178320,0.145854,0.001960,0.193442,0.001643,0.001731,0.177651,0.292351
0.012442,0.012442,0.285224,0.160810,0.007876,0.087933,0.008894,0.007050,0.286104,0.131223
0.020216,0.020215,0.201798,0.094351,0.009554,0.142198,0.009676,0.009095,0.201562,0.291335
0.032719,0.032719,0.165280,0.081521,0.015312,0.368250,0.006891,0.008736,0.165563,0.123008
0.034740,0.034739,0.153948,0.140025,0.019358,0.278903,0.014582,0.018729,0.153715,0.151259
0.010003,0.010003,0.304900,0.156038,0.005899,0.070818,0.005096,0.004954,0.305906,0.126383
0.002675,0.002675,0.023933,0.010361,0.000922,0.032606,0.000550,0.000787,0.023896,0.901597
0.009132,0.009131,0.118135,0.635748,0.006692,0.025128,0.005475,0.006318,0.117821,0.066421
0.013307,0.013307,0.199382,0.321738,0.009518,0.045445,0.008439,0.009606,0.198757,0.180500
0.009161,0.009161,0.146280,0.345516,0.006147,0.051557,0.007091,0.005828,0.146042,0.273216
0.062267,0.062265,0.203653,0.143558,0.030453,0.090106,0.027897,0.025216,0.203667,0.150919
0.010372,0.010372,0.128262,0.318582,0.007483,0.051707,0.007876,0.007176,0.128142,0.330028
0.089378,0.089374,0.141464,0.052223,0.031095,0.298895,0.017881,0.032497,0.141612,0.105581
0.032215,0.032214,0.161519,0.342021,0.024373,0.066019,0.059965,0.025236,0.161420,0.095017
0.007768,0.007768,0.067043,0.039177,0.004594,0.738982,0.003946,0.005260,0.066970,0.058493
0.032731,0.032731,0.181660,0.170587,0.015358,0.049353,0.022959,0.013366,0.181449,0.299806
0.017715,0.017715,0.098992,0.072745,0.010290,0.562408,0.007788,0.011263,0.098934,0.102150
0.018854,0.018854,0.081682,0.046869,0.010435,0.626863,0.007218,0.012755,0.081682,0.094786
0.095104,0.095101,0.170594,0.108799,0.037625,0.078215,0.027086,0.031992,0.170538,0.184946
0.089547,0.089547,0.195388,0.138713,0.031253,0.073079,0.039948,0.021873,0.195257,0.125395
0.040539,0.040538,0.168519,0.069607,0.021687,0.108820,0.021210,0.019228,0.168935,0.340916
0.052755,0.052754,0.181851,0.109950,0.032517,0.075914,0.043690,0.029213,0.181823,0.239533
0.024502,0.024502,0.155070,0.398343,0.016144,0.071437,0.019475,0.016980,0.154972,0.118573
0.074689,0.074685,0.159503,0.071031,0.027942,0.215025,0.015950,0.030051,0.159522,0.171602
0.043698,0.043696,0.268673,0.080446,0.021242,0.069887,0.029793,0.017313,0.269798,0.155456
0.009437,0.009436,0.161069,0.337034,0.005101,0.173611,0.004289,0.004819,0.160941,0.134264
0.014793,0.014793,0.089762,0.035846,0.007906,0.602726,0.007677,0.007894,0.089756,0.128847
0.047881,0.047880,0.194130,0.150141,0.036100,0.078896,0.033597,0.033945,0.194076,0.183356
0.003889,0.003889,0.038523,0.060463,0.002221,0.015543,0.001606,0.002084,0.038424,0.833358
0.005657,0.005657,0.061496,0.046436,0.002820,0.019326,0.002796,0.002818,0.061469,0.791524
0.025201,0.025201,0.118157,0.038865,0.012329,0.074036,0.006861,0.008445,0.118358,0.572548
0.025796,0.025796,0.226584,0.180364,0.011972,0.176404,0.007190,0.009568,0.226280,0.110047
0.009908,0.009907,0.168362,0.453077,0.004917,0.029532,0.004912,0.004624,0.167946,0.146814
0.023950,0.023949,0.208431,0.092518,0.013248,0.156688,0.049132,0.011609,0.208270,0.212205
0.019054,0.019053,0.144817,0.094896,0.007626,0.431575,0.007465,0.008570,0.144731,0.122211
0.002848,0.002848,0.091585,0.719189,0.001998,0.018420,0.001822,0.001908,0.091240,0.068143
0.016394,0.016393,0.226054,0.258669,0.008400,0.095409,0.007305,0.008232,0.226414,0.136730
0.017084,0.017084,0.223879,0.290269,0.009618,0.029874,0.041725,0.008788,0.223664,0.138015
0.011265,0.011264,0.056159,0.026355,0.005187,0.771859,0.009034,0.004603,0.056137,0.048137
0.041824,0.041823,0.200562,0.097631,0.022616,0.132937,0.016326,0.018468,0.200511,0.227301
0.076601,0.076600,0.181043,0.183612,0.049456,0.063750,0.024459,0.028421,0.180940,0.135117
0.029282,0.029282,0.211823,0.151640,0.018142,0.074484,0.018642,0.018049,0.211844,0.236814
0.016023,0.016023,0.229693,0.269038,0.011401,0.058224,0.011535,0.009756,0.229061,0.149246
0.012212,0.012212,0.161783,0.402607,0.007795,0.048426,0.008197,0.007023,0.161261,0.178485
0.003759,0.003759,0.211566,0.164682,0.002301,0.257273,0.002225,0.002120,0.210668,0.141647
0.088437,0.088436,0.137056,0.102542,0.082947,0.111300,0.068675,0.069276,0.137297,0.114033
0.028711,0.028710,0.198529,0.318946,0.016270,0.056913,0.018472,0.014837,0.198832,0.119780
0.034992,0.034990,0.244462,0.258111,0.013592,0.049345,0.012259,0.010633,0.244049,0.097568
0.016041,0.016040,0.162093,0.074454,0.007932,0.076157,0.007398,0.008917,0.162292,0.468676
0.043949,0.043948,0.176040,0.248474,0.026074,0.133613,0.023626,0.023472,0.176093,0.104712
0.030584,0.030584,0.215487,0.191652,0.022895,0.107819,0.025057,0.022272,0.215692,0.137957
0.009739,0.009739,0.054580,0.027108,0.004618,0.792141,0.004935,0.004181,0.054657,0.038302
0.018346,0.018345,0.216048,0.120720,0.007339,0.160158,0.004886,0.005898,0.215914,0.232348
0.035227,0.035226,0.193894,0.278201,0.021478,0.066563,0.022434,0.019370,0.194181,0.133425
0.027948,0.027947,0.187009,0.322390,0.015475,0.070291,0.017713,0.016381,0.186749,0.128097
0.008537,0.008537,0.155244,0.521920,0.005310,0.038414,0.005042,0.005030,0.154952,0.097014
0.023097,0.023096,0.230985,0.203611,0.013894,0.068165,0.013562,0.014271,0.231427,0.177892
0.024447,0.024446,0.191066,0.374129,0.013617,0.056587,0.015027,0.012295,0.191345,0.097041
0.044681,0.044680,0.080618,0.041608,0.016376,0.624685,0.012846,0.010695,0.080630,0.043181
0.094619,0.094619,0.160783,0.067746,0.057953,0.195506,0.023219,0.037044,0.161193,0.107318
0.021204,0.021204,0.166134,0.380733,0.016138,0.067658,0.016032,0.018253,0.165763,0.126882
0.027331,0.027329,0.087232,0.034957,0.009982,0.656938,0.016382,0.008412,0.087463,0.043975
0.019417,0.019417,0.100838,0.046810,0.011110,0.599212,0.005906,0.009640,0.100895,0.086754
0.030459,0.030458,0.213331,0.244163,0.016583,0.073710,0.013967,0.015488,0.213436,0.148405
0.005450,0.005450,0.126986,0.597675,0.003201,0.036184,0.003359,0.002981,0.126677,0.092036
0.135580,0.135571,0.107044,0.050772,0.035912,0.302648,0.018526,0.024673,0.107075,0.082200
0.010158,0.010157,0.090951,0.150953,0.005442,0.574336,0.004322,0.005067,0.090825,0.057789
0.019099,0.019099,0.094304,0.052828,0.012192,0.627110,0.010204,0.011325,0.094403,0.059435
0.041464,0.041463,0.219578,0.172275,0.021380,0.113159,0.017279,0.018962,0.219828,0.134612
0.015822,0.015822,0.211100,0.193191,0.011540,0.131677,0.010403,0.011918,0.210637,0.187889
0.030921,0.030920,0.200434,0.382867,0.012369,0.046809,0.007296,0.009266,0.200083,0.079036
0.040427,0.040426,0.222045,0.124975,0.023481,0.140085,0.025783,0.020483,0.222615,0.139679
0.082409,0.082407,0.162810,0.111115,0.051995,0.128361,0.045746,0.046946,0.163065,0.125146
0.039554,0.039552,0.194863,0.133290,0.019557,0.164380,0.014823,0.017226,0.194909,0.181846
0.021242,0.021241,0.176995,0.309483,0.012145,0.074625,0.009887,0.012104,0.176478,0.185798
0.007581,0.007581,0.148623,0.569998,0.005129,0.025556,0.004681,0.005837,0.148294,0.076721
0.087632,0.087629,0.156733,0.161286,0.041902,0.110583,0.035251,0.040742,0.156691,0.121551
0.032284,0.032283,0.181735,0.135055,0.024084,0.238466,0.029983,0.025314,0.181937,0.118858
0.006248,0.006248,0.067448,0.040518,0.004363,0.755790,0.004371,0.004128,0.067397,0.043489
0.020211,0.020211,0.313130,0.071046,0.008879,0.058703,0.008016,0.007851,0.315130,0.176823
0.038912,0.038911,0.180851,0.043772,0.018180,0.314727,0.043846,0.012797,0.181374,0.126629
0.035388,0.035387,0.219690,0.193430,0.019963,0.085175,0.016382,0.016973,0.219662,0.157950
0.022418,0.022418,0.150346,0.424477,0.017281,0.063061,0.016087,0.017133,0.150141,0.116640
0.006419,0.006419,0.103559,0.674030,0.004902,0.024879,0.004424,0.004592,0.103261,0.067515
0.014856,0.014856,0.122979,0.107501,0.007629,0.378386,0.006546,0.008664,0.122808,0.215775
0.064364,0.064365,0.250321,0.109152,0.032044,0.064400,0.013039,0.020736,0.251292,0.130287
0.024291,0.024291,0.140957,0.077704,0.011523,0.083172,0.005557,0.008104,0.140793,0.483608
0.014661,0.014661,0.174645,0.333773,0.008056,0.059900,0.006027,0.006924,0.174264,0.207089
0.036625,0.036623,0.184130,0.139704,0.013614,0.273314,0.007161,0.011637,0.183930,0.113262
0.130299,0.130289,0.215162,0.077356,0.027015,0.056436,0.017925,0.019957,0.215967,0.109594
0.025987,0.025986,0.221420,0.247037,0.008787,0.096851,0.006942,0.007496,0.221030,0.138463
0.174325,0.174318,0.120120,0.078993,0.069126,0.060832,0.036422,0.059829,0.120223,0.105812
0.257121,0.257104,0.074910,0.041548,0.073854,0.063757,0.028448,0.054079,0.074955,0.074223
0.261384,0.261356,0.088181,0.047125,0.058401,0.043619,0.026130,0.040967,0.088279,0.084559
0.133840,0.133835,0.132750,0.075982,0.065303,0.084541,0.035092,0.056926,0.132817,0.148913
0.016933,0.016933,0.116964,0.047997,0.010120,0.561457,0.007710,0.008553,0.117144,0.096189
0.156704,0.156692,0.139733,0.078762,0.047971,0.055852,0.038057,0.038145,0.139787,0.148298
0.175344,0.175337,0.117176,0.065146,0.057345,0.060641,0.022000,0.049922,0.117154,0.159935
0.020182,0.020184,0.001389,0.000847,0.309916,0.001026,0.002241,0.641802,0.001390,0.001022
0.146286,0.146286,0.093842,0.076636,0.119286,0.081851,0.056225,0.105384,0.093870,0.080336
0.261680,0.261674,0.037089,0.021417,0.114808,0.025018,0.012057,0.197293,0.037116,0.031848
0.153545,0.153542,0.038787,0.030498,0.345303,0.036447,0.029667,0.137931,0.038801,0.035479
0.106174,0.106169,0.180105,0.105131,0.041987,0.072487,0.024164,0.033041,0.180095,0.150646
0.181931,0.181930,0.119344,0.054714,0.089027,0.064331,0.026536,0.046107,0.119400,0.116681
0.242667,0.242652,0.046192,0.029728,0.151172,0.053772,0.027075,0.115655,0.046221,0.044866
0.306621,0.306613,0.037860,0.022906,0.082038,0.029063,0.067222,0.080259,0.037888,0.029530
0.094293,0.094295,0.026446,0.020849,0.227753,0.022252,0.022067,0.442292,0.026457,0.023295
0.193160,0.193155,0.082581,0.064025,0.112866,0.061293,0.049949,0.093247,0.082615,0.067110
0.158441,0.158436,0.021519,0.014252,0.070525,0.016314,0.012895,0.510031,0.021533,0.016056
0.293162,0.293193,0.010127,0.005912,0.331804,0.007227,0.005555,0.034898,0.010138,0.007984
0.182367,0.182363,0.101697,0.067588,0.089840,0.067896,0.042462,0.085389,0.101756,0.078644
0.329068,0.329068,0.042749,0.021567,0.112397,0.034005,0.013264,0.038989,0.042785,0.036108
0.307389,0.307390,0.058442,0.035734,0.085133,0.033450,0.040967,0.035448,0.058487,0.037560
0.140902,0.140900,0.028101,0.018996,0.073354,0.022506,0.037978,0.484267,0.028119,0.024877
0.044398,0.044398,0.012100,0.008809,0.822118,0.010167,0.007633,0.028522,0.012106,0.009748
0.153141,0.153140,0.071523,0.044740,0.089892,0.047885,0.027736,0.278446,0.071558,0.061939
0.045780,0.045782,0.017119,0.013548,0.776221,0.013870,0.013181,0.043380,0.017126,0.013993
0.178229,0.178220,0.030187,0.019998,0.078915,0.022558,0.018625,0.420160,0.030211,0.022897
0.111944,0.111942,0.106457,0.068697,0.059423,0.128973,0.031918,0.172556,0.106447,0.101644
0.377851,0.377841,0.020632,0.013246,0.098819,0.014037,0.013147,0.047855,0.020648,0.015924
0.261131,0.261113,0.070763,0.041847,0.074433,0.036935,0.029983,0.091724,0.070829,0.061242
0.321421,0.321425,0.022147,0.015198,0.122274,0.017508,0.011949,0.127892,0.022158,0.018030
0.034475,0.034476,0.001899,0.001204,0.524577,0.001459,0.001267,0.397324,0.001900,0.001419
0.159367,0.159365,0.053123,0.030810,0.104541,0.036543,0.072327,0.294811,0.053168,0.035944
0.228297,0.228289,0.073588,0.047105,0.122308,0.052675,0.030202,0.062468,0.073630,0.081437
0.054461,0.054461,0.007408,0.005335,0.092231,0.006051,0.004755,0.761333,0.007412,0.006552
0.214885,0.214877,0.070786,0.037998,0.064857,0.056859,0.162905,0.048458,0.070823,0.057551
0.316018,0.315996,0.060600,0.027650,0.068459,0.032913,0.012608,0.067822,0.060679,0.037255
0.039460,0.039461,0.007673,0.004998,0.052748,0.005027,0.003894,0.832960,0.007679,0.006099
0.253203,0.253203,0.049843,0.029077,0.109440,0.037891,0.025969,0.154595,0.049888,0.036890
0.142170,0.142169,0.094455,0.066480,0.092376,0.071015,0.123192,0.097904,0.094515,0.075724
0.150817,0.150815,0.097836,0.070477,0.089098,0.064225,0.112318,0.086975,0.097909,0.079530
0.266876,0.266868,0.063355,0.036244,0.095483,0.044232,0.022107,0.093333,0.063409,0.048092
0.104172,0.104172,0.109803,0.092576,0.093693,0.107633,0.089577,0.086742,0.109829,0.101802
0.163532,0.163532,0.092362,0.077553,0.109270,0.076498,0.054913,0.091541,0.092381,0.078418
0.112956,0.112958,0.017272,0.013522,0.098621,0.015080,0.013585,0.584178,0.017280,0.014549
0.306132,0.306133,0.034646,0.022339,0.169275,0.023672,0.018724,0.053722,0.034670,0.030689
0.078280,0.078283,0.006725,0.004216,0.065037,0.004391,0.003372,0.747776,0.006729,0.005192
0.288646,0.288669,0.019777,0.012029,0.280135,0.014561,0.009076,0.051715,0.019790,0.015600
0.326703,0.326713,0.024098,0.015903,0.169936,0.021398,0.012958,0.056551,0.024113,0.021628
0.159506,0.159502,0.089471,0.065969,0.094686,0.096345,0.051847,0.109520,0.089500,0.083654
0.035428,0.035428,0.006573,0.004413,0.024840,0.004010,0.007139,0.870859,0.006575,0.004737
0.111416,0.111416,0.038649,0.028252,0.489756,0.043937,0.025608,0.073807,0.038662,0.038496
0.030506,0.030508,0.005706,0.004310,0.596126,0.005153,0.002827,0.314454,0.005707,0.004704
0.165462,0.165452,0.123856,0.074729,0.060811,0.115705,0.037744,0.054302,0.123931,0.078008
0.261333,0.261312,0.077392,0.049523,0.063312,0.048601,0.031939,0.052359,0.077447,0.076782
0.105252,0.105250,0.019360,0.014924,0.090027,0.014873,0.018881,0.596517,0.019370,0.015545
0.153850,0.153843,0.129121,0.083949,0.068750,0.073466,0.034833,0.075658,0.129214,0.097316
0.259406,0.259408,0.051654,0.034255,0.130723,0.032508,0.083496,0.058060,0.051696,0.038795
0.197377,0.197368,0.112545,0.072810,0.069886,0.061459,0.042586,0.058989,0.112646,0.074334
0.192670,0.192661,0.079642,0.055731,0.096825,0.052318,0.047519,0.140939,0.079680,0.062015
0.344465,0.344435,0.044549,0.021036,0.059998,0.028625,0.014865,0.069094,0.044601,0.028331
0.275466,0.275467,0.036103,0.022613,0.101897,0.024543,0.132607,0.061803,0.036129,0.033371
0.191430,0.191418,0.075965,0.063893,0.098696,0.073928,0.063402,0.089844,0.075983,0.075442
0.194696,0.194703,0.036541,0.025234,0.334734,0.033440,0.024055,0.089958,0.036564,0.030076
0.197007,0.196993,0.074716,0.056957,0.090260,0.063567,0.055805,0.085218,0.074744,0.104732
0.302225,0.302251,0.014151,0.008991,0.277174,0.010796,0.007930,0.051558,0.014163,0.010761
0.098009,0.098011,0.016103,0.011714,0.093597,0.012611,0.008812,0.628980,0.016110,0.016054
0.230900,0.230895,0.079986,0.050719,0.092197,0.050963,0.029243,0.055939,0.080033,0.099124
0.119225,0.119226,0.086752,0.078040,0.129003,0.078114,0.079260,0.145359,0.086762,0.078259
0.014842,0.014842,0.002615,0.001909,0.015054,0.002103,0.002029,0.941770,0.002616,0.002221
0.241752,0.241749,0.034286,0.023293,0.126111,0.027657,0.021710,0.221028,0.034311,0.028103
0.030590,0.030591,0.005790,0.004169,0.030745,0.004609,0.007384,0.875805,0.005794,0.004522
0.070761,0.070761,0.018465,0.012475,0.320684,0.020054,0.012160,0.441226,0.018476,0.014939
0.236165,0.236197,0.018409,0.013198,0.379998,0.012764,0.009890,0.061334,0.018422,0.013625
0.071269,0.071269,0.062759,0.051664,0.057460,0.045977,0.228089,0.297223,0.062782,0.051508
0.099677,0.099684,0.010705,0.007259,0.719265,0.008392,0.007521,0.026591,0.010709,0.010197
0.172758,0.172743,0.042427,0.023721,0.447789,0.024839,0.016421,0.030325,0.042464,0.026512
0.303130,0.303130,0.010468,0.005133,0.099895,0.006826,0.005090,0.247035,0.010478,0.008815
0.179968,0.179982,0.019503,0.012030,0.503173,0.013046,0.009491,0.046657,0.019516,0.016635
0.273079,0.273065,0.030493,0.020603,0.091914,0.022958,0.102739,0.126144,0.030513,0.028492
0.108470,0.108472,0.015674,0.010331,0.104879,0.012856,0.009951,0.600773,0.015685,0.012910
0.062879,0.062882,0.010646,0.006399,0.590224,0.006915,0.009865,0.230167,0.010652,0.009370
0.161001,0.160999,0.031548,0.026230,0.500192,0.018904,0.013846,0.030285,0.031562,0.025434
0.120103,0.120100,0.108009,0.086463,0.084661,0.091182,0.088166,0.095053,0.108054,0.098210
0.238689,0.238682,0.032328,0.017613,0.163542,0.023233,0.013986,0.213392,0.032352,0.026183
0.326235,0.326256,0.022910,0.014299,0.179740,0.017599,0.011012,0.060047,0.022926,0.018975
0.239693,0.239691,0.022061,0.013468,0.203925,0.015792,0.012041,0.213278,0.022081,0.017970
0.267822,0.267836,0.010556,0.006678,0.367443,0.007234,0.006279,0.047700,0.010566,0.007886
0.264078,0.264070,0.063140,0.043456,0.112278,0.048453,0.034581,0.060330,0.063184,0.046430
0.023524,0.023525,0.001126,0.000669,0.018184,0.000874,0.000581,0.929488,0.001127,0.000903
0.025880,0.025880,0.005374,0.003882,0.033315,0.004727,0.004543,0.886750,0.005377,0.004271
0.149728,0.149734,0.006138,0.003549,0.618787,0.004511,0.002636,0.053189,0.006142,0.005586
0.126454,0.126451,0.048962,0.032156,0.091122,0.035792,0.024302,0.421789,0.048999,0.043972
0.096389,0.096390,0.056578,0.045042,0.087166,0.042726,0.041676,0.431678,0.056598,0.045757
0.179487,0.179493,0.049229,0.038345,0.200152,0.037094,0.030676,0.191476,0.049250,0.044798
0.303387,0.303359,0.062038,0.033883,0.072900,0.028607,0.015273,0.079712,0.062102,0.038740
0.156523,0.156523,0.055822,0.042306,0.198210,0.051215,0.054535,0.175482,0.055849,0.053534
0.029803,0.029803,0.014250,0.012151,0.036454,0.012593,0.045945,0.791783,0.014253,0.012965
0.015775,0.015775,0.002506,0.001773,0.022410,0.002089,0.001705,0.933166,0.002508,0.002294
0.086337,0.086336,0.032580,0.026169,0.140501,0.029117,0.092179,0.447161,0.032589,0.027031
0.308617,0.308593,0.034059,0.021592,0.156119,0.024093,0.017582,0.069943,0.034087,0.025314
0.088503,0.088505,0.021204,0.013441,0.659095,0.017920,0.010853,0.061474,0.021215,0.017789
0.073360,0.073357,0.014054,0.008667,0.042254,0.009898,0.008790,0.742712,0.014066,0.012843
0.038537,0.038536,0.005665,0.003696,0.029465,0.004660,0.003011,0.866422,0.005668,0.004341
0.326102,0.326090,0.040799,0.024773,0.103388,0.027817,0.019069,0.059594,0.040831,0.031537
0.011103,0.011103,0.003006,0.002391,0.016264,0.002631,0.002873,0.945065,0.003008,0.002555
0.114935,0.114938,0.052687,0.039535,0.116189,0.039564,0.120340,0.307238,0.052713,0.041861
0.059252,0.059254,0.017012,0.013892,0.078121,0.014653,0.013645,0.712757,0.017018,0.014395
0.194123,0.194134,0.034936,0.023985,0.319129,0.026005,0.027715,0.112654,0.034951,0.032369
0.178134,0.178140,0.015150,0.009902,0.518839,0.010116,0.011820,0.050996,0.015162,0.011741
0.263878,0.263874,0.071731,0.036872,0.095385,0.050735,0.033203,0.062649,0.071809,0.049863
0.237155,0.237141,0.055390,0.035423,0.076112,0.050293,0.113505,0.062666,0.055417,0.076897
0.104631,0.104631,0.069107,0.053870,0.109080,0.091209,0.046880,0.291643,0.069127,0.059820
0.370847,0.370826,0.033909,0.017371,0.059640,0.026664,0.029361,0.034832,0.033942,0.022609
0.267321,0.267318,0.052693,0.034915,0.121753,0.041127,0.051890,0.066807,0.052731,0.043444
0.022950,0.022949,0.002740,0.001743,0.013103,0.002058,0.003009,0.925973,0.002742,0.002733
0.209139,0.209143,0.068269,0.047436,0.158485,0.049144,0.041468,0.087971,0.068316,0.060629
0.094119,0.094119,0.052155,0.045786,0.089043,0.041293,0.034463,0.453058,0.052169,0.043796
0.045741,0.045739,0.052803,0.029871,0.025404,0.627396,0.009576,0.068965,0.052826,0.041678
0.174183,0.174182,0.105747,0.077621,0.101539,0.053656,0.028687,0.056075,0.105778,0.122532
0.034750,0.034750,0.032785,0.018125,0.025930,0.765357,0.010799,0.018170,0.032795,0.026539
0.281062,0.281066,0.042961,0.027645,0.115680,0.037013,0.025257,0.102725,0.042992,0.043597
0.238499,0.238481,0.086596,0.048108,0.064359,0.054415,0.026522,0.064910,0.086657,0.091452
0.238045,0.238048,0.062037,0.039591,0.098453,0.049813,0.099501,0.048526,0.062077,0.063909
0.325195,0.325203,0.044000,0.023532,0.106021,0.024732,0.025655,0.044894,0.044027,0.036740
0.272937,0.272936,0.062276,0.038449,0.103666,0.050819,0.025637,0.048774,0.062312,0.062195
0.053869,0.053868,0.013109,0.010283,0.041362,0.011211,0.010788,0.780893,0.013115,0.011502
0.368464,0.368427,0.032360,0.019033,0.075880,0.019807,0.012067,0.049402,0.032392,0.022168
0.263730,0.263705,0.083993,0.051204,0.053609,0.048402,0.024889,0.054317,0.084080,0.072070
0.336197,0.336166,0.044164,0.024268,0.066079,0.028672,0.015032,0.065452,0.044194,0.039775
0.293806,0.293777,0.049314,0.033155,0.082620,0.036928,0.027209,0.095505,0.049346,0.038340
0.322625,0.322596,0.055762,0.028753,0.059920,0.031118,0.014595,0.063396,0.055818,0.045415
0.234503,0.234483,0.075061,0.048648,0.080310,0.054459,0.031846,0.089521,0.075117,0.076052
0.209840,0.209836,0.075370,0.057025,0.114440,0.054051,0.043126,0.089458,0.075413,0.071441
0.181830,0.181823,0.084948,0.069766,0.094522,0.069958,0.045068,0.120607,0.084984,0.066493
0.301560,0.301544,0.060704,0.036211,0.082674,0.038085,0.026770,0.043109,0.060761,0.048583
0.221363,0.221362,0.078610,0.049064,0.128720,0.054965,0.040593,0.063732,0.078683,0.062906
0.288185,0.288178,0.046849,0.032318,0.122340,0.038945,0.027284,0.067363,0.046873,0.041664
0.189983,0.189971,0.082659,0.061020,0.084991,0.074248,0.059220,0.094549,0.082692,0.080665
0.229702,0.229700,0.071450,0.033614,0.072171,0.143313,0.014631,0.047028,0.071478,0.086913
0.278832,0.278814,0.057461,0.040287,0.085308,0.043493,0.029388,0.084238,0.057493,0.044686
0.025462,0.025464,0.002050,0.001452,0.917096,0.001493,0.001559,0.021782,0.002051,0.001592
0.103795,0.103794,0.034518,0.024249,0.069531,0.026904,0.018633,0.553894,0.034537,0.030144
0.022709,0.022710,0.004693,0.003098,0.020903,0.003811,0.002975,0.909710,0.004695,0.004696
0.131224,0.131222,0.046298,0.032428,0.040685,0.025948,0.466224,0.045631,0.046331,0.034009
0.039189,0.039190,0.015236,0.012312,0.045303,0.012887,0.011167,0.796181,0.015239,0.013295
0.061596,0.061595,0.209533,0.080177,0.033863,0.097219,0.093652,0.030838,0.210233,0.121294
0.339309,0.339301,0.055550,0.033869,0.058202,0.039236,0.012650,0.033396,0.055579,0.032908
0.067919,0.067922,0.004853,0.003315,0.523604,0.003551,0.011659,0.308694,0.004856,0.003627
0.372523,0.372506,0.037398,0.019951,0.064371,0.023626,0.011717,0.035196,0.037433,0.025280
0.327003,0.327003,0.023703,0.014720,0.121662,0.013892,0.011098,0.119520,0.023721,0.017677
0.335418,0.335425,0.033505,0.020446,0.145356,0.017699,0.012056,0.039384,0.033538,0.027174
0.083754,0.083757,0.008480,0.006298,0.594520,0.008243,0.006627,0.192817,0.008484,0.007021
0.335288,0.335253,0.039523,0.024320,0.069124,0.026216,0.015610,0.083111,0.039550,0.032004
0.115711,0.115710,0.008742,0.005626,0.697463,0.006234,0.006601,0.028219,0.008748,0.006946
0.216108,0.216103,0.081541,0.056121,0.100389,0.055106,0.060310,0.068376,0.081611,0.064336
0.198186,0.198189,0.048391,0.032455,0.112938,0.032291,0.030057,0.259699,0.048424,0.039370
0.159998,0.159991,0.109022,0.074252,0.059339,0.063233,0.044347,0.093533,0.109079,0.127206
0.126151,0.126150,0.032071,0.021506,0.441810,0.023660,0.018601,0.148553,0.032081,0.029417
0.060078,0.060079,0.014561,0.010467,0.119345,0.012132,0.010709,0.685729,0.014568,0.012332
0.116741,0.116743,0.049094,0.040320,0.141113,0.040315,0.036300,0.369544,0.049109,0.040721
0.278697,0.278683,0.072507,0.038233,0.069338,0.043928,0.022938,0.048564,0.072570,0.074542
0.183360,0.183352,0.116073,0.068274,0.067104,0.079600,0.055360,0.046049,0.116141,0.084685
0.214706,0.214691,0.082822,0.049829,0.095644,0.060669,0.054800,0.066807,0.082886,0.077145
0.095458,0.095457,0.029274,0.022119,0.149123,0.022610,0.019063,0.513358,0.029288,0.024249
0.301091,0.301110,0.028373,0.018700,0.196474,0.022508,0.015743,0.062828,0.028393,0.024781
0.175962,0.175960,0.091919,0.061509,0.090406,0.094941,0.048203,0.089025,0.091940,0.080135
0.301602,0.301631,0.011419,0.007024,0.303463,0.008178,0.005226,0.041623,0.011429,0.008406
0.032968,0.032968,0.004428,0.002815,0.179569,0.003425,0.002519,0.732784,0.004430,0.004093
0.228235,0.228236,0.046375,0.029106,0.106759,0.033651,0.023940,0.221041,0.046412,0.036245
0.375921,0.375958,0.011400,0.006933,0.154740,0.007981,0.005899,0.041259,0.011410,0.008499
0.022225,0.022226,0.001279,0.000881,0.673831,0.001009,0.000964,0.275304,0.001280,0.001000
0.257518,0.257507,0.059066,0.041189,0.105772,0.044244,0.038278,0.090724,0.059099,0.046603
0.004282,0.004282,0.005033,0.003672,0.003346,0.003344,0.963724,0.003417,0.005036,0.003864
0.176719,0.176713,0.044687,0.035878,0.108857,0.035865,0.029614,0.308556,0.044705,0.038406
0.261727,0.261752,0.024752,0.016977,0.291855,0.020948,0.012792,0.064381,0.024767,0.020050
0.106411,0.106410,0.115614,0.098178,0.080132,0.114697,0.074100,0.080269,0.115674,0.108515
0.231553,0.231546,0.090970,0.049843,0.073926,0.056558,0.032453,0.057196,0.091034,0.084921
0.225743,0.225732,0.108868,0.052571,0.057292,0.057909,0.024422,0.043222,0.108964,0.095277
0.136101,0.136099,0.100940,0.067778,0.114415,0.111915,0.064638,0.074374,0.100987,0.092754
0.377851,0.377841,0.020632,0.013246,0.098819,0.014037,0.013147,0.047855,0.020648,0.015924
0.089832,0.089831,0.127631,0.144671,0.067000,0.097444,0.047574,0.054216,0.127625,0.154177
0.059568,0.059573,0.007292,0.005391,0.523000,0.005822,0.005503,0.320221,0.007295,0.006335
0.321421,0.321425,0.022147,0.015198,0.122274,0.017508,0.011949,0.127892,0.022158,0.018030
0.195910,0.195906,0.065957,0.042668,0.104581,0.054624,0.031654,0.189684,0.066019,0.052996
0.241752,0.241749,0.034286,0.023293,0.126111,0.027657,0.021710,0.221028,0.034311,0.028103
0.216654,0.216645,0.066501,0.048498,0.121668,0.056651,0.046110,0.109320,0.066540,0.051413
0.119989,0.119987,0.106833,0.094587,0.113786,0.092633,0.069370,0.085563,0.106841,0.090409
0.097587,0.097586,0.103735,0.093950,0.074274,0.085079,0.179526,0.073207,0.103776,0.091279
0.168487,0.168483,0.116649,0.064029,0.079572,0.078906,0.054416,0.073133,0.116750,0.079575
0.184076,0.184064,0.127701,0.066756,0.060714,0.071073,0.046298,0.049508,0.127842,0.081968
0.100000,0.100000,0.100000,0.100000,0.100000,0.100000,0.100000,0.100000,0.100000,0.100000
0.101016,0.101014,0.193652,0.141893,0.044805,0.070859,0.017105,0.030084,0.193738,0.105834
0.110796,0.110794,0.145132,0.107638,0.061804,0.087997,0.044857,0.051981,0.145249,0.133754
0.267139,0.267129,0.069747,0.045909,0.105001,0.047361,0.026799,0.050920,0.069800,0.050195
0.025118,0.025117,0.029265,0.014155,0.009351,0.009353,0.837392,0.006641,0.029307,0.014301
0.228297,0.228289,0.073588,0.047105,0.122308,0.052675,0.030202,0.062468,0.073630,0.081437
0.190570,0.190574,0.051856,0.039432,0.144819,0.041971,0.036350,0.206227,0.051881,0.046319
0.206051,0.206049,0.047661,0.030789,0.127000,0.035440,0.022762,0.241424,0.047695,0.035129
0.292426,0.292436,0.019772,0.010538,0.146571,0.020113,0.007707,0.174348,0.019788,0.016301
0.149728,0.149734,0.006138,0.003549,0.618787,0.004511,0.002636,0.053189,0.006142,0.005586
0.154328,0.154320,0.056136,0.037267,0.079134,0.037642,0.034450,0.346406,0.056161,0.044156
0.235821,0.235833,0.009491,0.005078,0.464227,0.006202,0.005879,0.019463,0.009500,0.008505
0.143355,0.143348,0.017567,0.010530,0.061763,0.013433,0.011603,0.565910,0.017581,0.014910
0.000002,0.000002,0.000002,0.000001,0.000001,0.000001,0.999988,0.000001,0.000002,0.000001
0.004327,0.004326,0.006453,0.004293,0.002781,0.003490,0.960338,0.003428,0.006458,0.004106
0.190567,0.190560,0.067961,0.042886,0.073915,0.053330,0.039396,0.224434,0.068010,0.048944
0.139643,0.139639,0.117428,0.085150,0.082025,0.079649,0.068673,0.088223,0.117502,0.082068
0.101784,0.101784,0.097091,0.081991,0.087434,0.082733,0.156474,0.104389,0.097130,0.089190
0.132092,0.132090,0.100315,0.084421,0.094115,0.087689,0.085983,0.092020,0.100364,0.090912
0.096983,0.096982,0.040896,0.027468,0.127173,0.028508,0.437407,0.064357,0.040926,0.039300
0.085429,0.085428,0.097231,0.075710,0.071359,0.084393,0.237899,0.078471,0.097276,0.086803
0.154037,0.154035,0.090218,0.074525,0.101868,0.078977,0.079532,0.096726,0.090261,0.079822
0.133177,0.133175,0.096138,0.081642,0.100223,0.087356,0.086061,0.098742,0.096180,0.087305
0.162788,0.162785,0.104836,0.081849,0.087818,0.075381,0.059287,0.076499,0.104897,0.083861
0.027111,0.027111,0.026261,0.019751,0.021250,0.019671,0.790335,0.021031,0.026280,0.021199
0.001255,0.001255,0.001401,0.000999,0.000698,0.000798,0.990483,0.000759,0.001401,0.000951
0.077259,0.077259,0.070511,0.048049,0.057429,0.052677,0.415709,0.072933,0.070561,0.057613
0.009131,0.009131,0.008258,0.006958,0.007888,0.006678,0.921594,0.014664,0.008261,0.007438
0.006803,0.006803,0.009750,0.005570,0.004191,0.004424,0.942290,0.004344,0.009760,0.006064
0.010091,0.010091,0.008144,0.006888,0.008664,0.007019,0.924934,0.008712,0.008147,0.007311
0.008977,0.008976,0.009891,0.006321,0.005962,0.007506,0.927752,0.007101,0.009895,0.007619
0.076161,0.076159,0.036074,0.025775,0.036729,0.025611,0.627427,0.032007,0.036103,0.027956
0.025414,0.025414,0.026162,0.019748,0.022469,0.021021,0.784336,0.027445,0.026173,0.021818
0.074146,0.074145,0.098101,0.043082,0.026602,0.499161,0.008220,0.016997,0.098152,0.061394
0.003157,0.003157,0.002759,0.002250,0.002690,0.002288,0.975456,0.002888,0.002760,0.002595
0.023881,0.023881,0.020846,0.017751,0.017778,0.017534,0.819141,0.020297,0.020851,0.018040
0.037580,0.037579,0.198237,0.104662,0.021306,0.091482,0.154277,0.019994,0.198314,0.136569
0.100000,0.100000,0.100000,0.100000,0.100000,0.100000,0.100000,0.100000,0.100000,0.100000
0.067312,0.067312,0.056868,0.040870,0.050085,0.037142,0.513069,0.064499,0.056897,0.045945
0.079555,0.079555,0.133916,0.109128,0.063391,0.090818,0.078955,0.073519,0.133919,0.157243
0.023883,0.023882,0.253223,0.102901,0.017615,0.149859,0.021051,0.016548,0.253258,0.137779
0.012642,0.012641,0.015059,0.012292,0.009321,0.010814,0.890160,0.009730,0.015063,0.012278
0.028947,0.028946,0.186014,0.292783,0.017016,0.087602,0.015967,0.016086,0.185808,0.140831
0.064331,0.064331,0.084064,0.044989,0.284536,0.056124,0.215723,0.037922,0.084086,0.063894
0.023915,0.023915,0.128927,0.068213,0.015689,0.358363,0.102096,0.019973,0.128867,0.130044
0.026509,0.026508,0.106165,0.064205,0.018712,0.059650,0.507311,0.018081,0.106198,0.066661
0.000001,0.000001,0.000001,0.000000,0.000000,0.000000,0.999995,0.000001,0.000001,0.000000
0.006268,0.006267,0.118721,0.176845,0.003706,0.031458,0.003748,0.003591,0.118737,0.530659
0.000521,0.000521,0.000526,0.000426,0.000423,0.000402,0.995462,0.000487,0.000526,0.000705
0.172321,0.172319,0.073618,0.050217,0.211502,0.046767,0.068928,0.071743,0.073686,0.058898
0.016222,0.016223,0.007131,0.005600,0.912126,0.006114,0.005613,0.017791,0.007133,0.006048
0.166048,0.166050,0.079045,0.059752,0.183987,0.057708,0.049775,0.093873,0.079097,0.064665
0.149683,0.149683,0.082347,0.073851,0.150965,0.074514,0.056352,0.106393,0.082361,0.073853
0.060643,0.060642,0.058564,0.040750,0.036029,0.055435,0.539955,0.040884,0.058587,0.048511
0.127470,0.127472,0.108939,0.088397,0.120594,0.081959,0.067900,0.082177,0.109009,0.086085
0.211569,0.211564,0.069055,0.044632,0.112710,0.042224,0.046947,0.139224,0.069118,0.052958
0.012477,0.012477,0.010407,0.006388,0.007870,0.006304,0.916724,0.007625,0.010416,0.009312
0.019594,0.019593,0.011726,0.006970,0.008787,0.006045,0.895300,0.012300,0.011737,0.007947
0.059071,0.059071,0.176300,0.175034,0.045180,0.114460,0.038573,0.039869,0.176184,0.116259
0.005500,0.005500,0.005011,0.003224,0.003130,0.003085,0.962444,0.003446,0.005015,0.003646
0.123927,0.123926,0.085441,0.059666,0.130402,0.058408,0.143842,0.118381,0.085501,0.070506
0.027015,0.027014,0.165469,0.326475,0.017338,0.055989,0.017311,0.016564,0.165425,0.181401
0.000127,0.000127,0.000156,0.000106,0.000077,0.000090,0.998973,0.000084,0.000157,0.000103
0.031793,0.031793,0.152625,0.339909,0.025458,0.086405,0.024396,0.023925,0.152480,0.131215
0.017429,0.017429,0.020747,0.015158,0.015100,0.016289,0.843297,0.016557,0.020756,0.017238
0.109492,0.109490,0.131623,0.086517,0.066282,0.104918,0.051877,0.082779,0.131743,0.125279
0.100730,0.100729,0.050602,0.038960,0.055240,0.040119,0.451097,0.048884,0.050612,0.063026
0.023312,0.023312,0.164979,0.093628,0.017117,0.306879,0.022717,0.016265,0.164876,0.166915
0.012448,0.012447,0.014058,0.010418,0.008131,0.010143,0.898826,0.008892,0.014063,0.010575
0.095011,0.095009,0.094167,0.060861,0.068046,0.062230,0.237540,0.047801,0.094235,0.145099
0.108278,0.108275,0.137552,0.104513,0.062764,0.079174,0.097885,0.056403,0.137572,0.107584
0.004366,0.004366,0.003210,0.002099,0.002614,0.001983,0.973600,0.002276,0.003213,0.002273
0.006061,0.006061,0.028285,0.019368,0.004948,0.872152,0.003901,0.005123,0.028264,0.025837
0.108406,0.108405,0.118694,0.085929,0.091548,0.087705,0.090529,0.084274,0.118750,0.105758
0.129265,0.129260,0.075217,0.052091,0.102007,0.052933,0.225848,0.082307,0.075252,0.075820
0.163465,0.163462,0.104951,0.059541,0.144372,0.067210,0.048605,0.053545,0.105025,0.089824
0.025985,0.025986,0.011799,0.011140,0.867940,0.009150,0.008418,0.017204,0.011794,0.010585
0.095996,0.095994,0.158215,0.110481,0.059084,0.083629,0.057378,0.047587,0.158241,0.133394
0.000913,0.000913,0.001155,0.000852,0.000738,0.000815,0.991705,0.000847,0.001156,0.000906
0.210580,0.210574,0.070118,0.052991,0.125804,0.059779,0.064407,0.072199,0.070160,0.063388
0.169127,0.169125,0.111662,0.064437,0.106136,0.068950,0.047850,0.056102,0.111768,0.094843
0.006226,0.006225,0.003917,0.003315,0.004248,0.003550,0.960452,0.004618,0.003918,0.003531
0.117493,0.117491,0.070173,0.054570,0.088027,0.054255,0.051519,0.318917,0.070201,0.057354
0.099364,0.099363,0.119202,0.075917,0.082201,0.077971,0.081857,0.126738,0.119249,0.118138
0.191148,0.191144,0.077586,0.060257,0.115417,0.068558,0.066930,0.083144,0.077627,0.068189
0.153084,0.153079,0.101811,0.075518,0.097339,0.083800,0.073159,0.082025,0.101857,0.078328
0.138429,0.138427,0.133404,0.078461,0.068321,0.092066,0.048739,0.054715,0.133453,0.113985
0.237805,0.237788,0.091218,0.055832,0.065715,0.048959,0.045366,0.053935,0.091298,0.072086
0.079388,0.079387,0.097563,0.061988,0.046677,0.059409,0.339676,0.070520,0.097627,0.067766
0.062184,0.062183,0.070982,0.054659,0.037371,0.053856,0.496106,0.037872,0.071026,0.053762
0.019094,0.019093,0.009625,0.007310,0.010338,0.007787,0.897764,0.011366,0.009630,0.007994
0.001573,0.001573,0.001598,0.001229,0.001192,0.001335,0.987070,0.001486,0.001599,0.001345
0.165598,0.165592,0.104379,0.078259,0.079689,0.085701,0.062721,0.067108,0.104426,0.086527
0.079901,0.079899,0.117240,0.092694,0.039618,0.066776,0.290523,0.034262,0.117285,0.081801
0.100000,0.100000,0.100000,0.100000,0.100000,0.100000,0.100000,0.100000,0.100000,0.100000
0.157377,0.157373,0.070149,0.054817,0.078579,0.060674,0.168071,0.119212,0.070173,0.063573
0.229015,0.229006,0.061297,0.044833,0.117049,0.048622,0.057854,0.100570,0.061332,0.050422
0.102392,0.102390,0.081972,0.064921,0.070766,0.058330,0.277097,0.089433,0.082003,0.070696
0.207101,0.207088,0.113746,0.069036,0.068286,0.059987,0.041892,0.042942,0.113863,0.076060
0.140412,0.140407,0.131225,0.081933,0.066751,0.098812,0.053958,0.062531,0.131313,0.092657
0.093762,0.093762,0.091885,0.088284,0.087021,0.085002,0.136260,0.096090,0.091890,0.136043
0.013943,0.013943,0.012670,0.008626,0.008960,0.009380,0.898365,0.012188,0.012680,0.009245
0.132153,0.132148,0.107136,0.069156,0.072997,0.062649,0.059717,0.107963,0.107195,0.148885
0.089532,0.089530,0.077873,0.058787,0.060211,0.064351,0.343024,0.057589,0.077876,0.081226
0.002634,0.002634,0.002877,0.002159,0.001509,0.001890,0.979486,0.001694,0.002878,0.002238
0.081203,0.081201,0.097288,0.071094,0.051696,0.056416,0.340053,0.050481,0.097319,0.073249
0.080296,0.080296,0.090050,0.080731,0.072767,0.070800,0.116920,0.104712,0.090053,0.213373
0.121971,0.121968,0.092030,0.072644,0.084577,0.070034,0.070687,0.088914,0.092058,0.185117
0.078168,0.078168,0.128289,0.094277,0.066980,0.083701,0.159338,0.072725,0.128320,0.110034
0.144001,0.143998,0.098906,0.073654,0.095681,0.085406,0.091984,0.085122,0.098940,0.082305
0.160538,0.160538,0.074302,0.059825,0.123433,0.079678,0.065216,0.132803,0.074325,0.069343
0.100000,0.100000,0.100000,0.100000,0.100000,0.100000,0.100000,0.100000,0.100000,0.100000
0.136848,0.136845,0.071003,0.048628,0.094012,0.049315,0.278151,0.058972,0.071038,0.055187
0.093535,0.093535,0.107441,0.108657,0.089778,0.097763,0.100836,0.096542,0.107426,0.104486
0.192532,0.192530,0.066424,0.048499,0.132853,0.055584,0.053552,0.134153,0.066467,0.057407
0.087074,0.087074,0.053431,0.044615,0.062126,0.056612,0.450103,0.054193,0.053441,0.051331
0.138459,0.138452,0.074828,0.050025,0.057187,0.049020,0.289409,0.058288,0.074866,0.069465
0.192394,0.192392,0.073843,0.047777,0.170892,0.053204,0.055017,0.087266,0.073893,0.053323
0.126315,0.126314,0.109511,0.087268,0.087510,0.079479,0.105664,0.074090,0.109563,0.094287
0.207828,0.207822,0.062877,0.043506,0.158790,0.045538,0.036829,0.129221,0.062901,0.044688
0.191400,0.191391,0.072298,0.052368,0.101294,0.061584,0.127143,0.073488,0.072331,0.056702
0.099272,0.099270,0.097133,0.066414,0.064920,0.081369,0.224341,0.104705,0.097182,0.065396
0.293258,0.293241,0.039849,0.023112,0.081489,0.028230,0.030469,0.144065,0.039889,0.026397
0.222500,0.222495,0.058404,0.038318,0.171100,0.045249,0.088447,0.053180,0.058449,0.041859
0.210535,0.210516,0.064880,0.036941,0.064605,0.036223,0.205160,0.063485,0.064935,0.042719
0.128178,0.128174,0.130524,0.112417,0.065833,0.091850,0.041316,0.063787,0.130530,0.107389
0.082305,0.082305,0.102589,0.084303,0.074016,0.082750,0.208713,0.079744,0.102603,0.100672
0.225004,0.224998,0.043523,0.031334,0.225954,0.037577,0.046612,0.085099,0.043546,0.036352
0.167864,0.167865,0.038401,0.026383,0.202829,0.029309,0.038757,0.245306,0.038427,0.044858
0.145968,0.145965,0.071746,0.055792,0.103971,0.076894,0.102783,0.157059,0.071773,0.068049
0.161156,0.161158,0.066140,0.054672,0.196103,0.063212,0.071730,0.103090,0.066160,0.056578
0.209472,0.209468,0.083038,0.054292,0.084365,0.063453,0.042973,0.111048,0.083101,0.058790
0.133969,0.133966,0.093082,0.076135,0.089632,0.083148,0.081979,0.096850,0.093113,0.118126
0.093007,0.093004,0.068493,0.056666,0.079128,0.050438,0.346366,0.086791,0.068513,0.057594
0.004282,0.004282,0.005033,0.003672,0.003346,0.003344,0.963724,0.003417,0.005036,0.003864
0.178944,0.178943,0.054335,0.041421,0.201681,0.043939,0.069861,0.129734,0.054363,0.046779
0.188876,0.188869,0.063192,0.043225,0.118975,0.043629,0.110669,0.135125,0.063235,0.044204
0.121146,0.121145,0.127784,0.089116,0.075873,0.099584,0.047636,0.070479,0.127776,0.119460
0.116757,0.116757,0.093471,0.072937,0.101097,0.084870,0.131943,0.083876,0.093495,0.104797
0.001700,0.001700,0.001226,0.001102,0.001511,0.001140,0.987681,0.001560,0.001226,0.001154
0.012341,0.012341,0.007535,0.005855,0.022261,0.006170,0.900726,0.019015,0.007538,0.006218
0.121496,0.121496,0.094226,0.068921,0.121268,0.096894,0.099230,0.085581,0.094263,0.096625
0.018633,0.018633,0.018134,0.013846,0.019020,0.013416,0.847754,0.018271,0.018142,0.014151
0.019744,0.019743,0.203931,0.251625,0.015034,0.073036,0.015054,0.014154,0.203443,0.184236
0.018469,0.018469,0.007403,0.006382,0.889184,0.006968,0.008647,0.030351,0.007405,0.006721
0.100000,0.100000,0.100000,0.100000,0.100000,0.100000,0.100000,0.100000,0.100000,0.100000
0.005778,0.005778,0.098215,0.722965,0.003217,0.015814,0.003524,0.002896,0.097865,0.043947
0.043735,0.043734,0.234725,0.082445,0.022655,0.118140,0.090355,0.019839,0.235352,0.109021
0.011657,0.011657,0.023720,0.017294,0.008266,0.014505,0.866061,0.008601,0.023729,0.014510
0.057282,0.057281,0.202288,0.157139,0.034857,0.085327,0.063079,0.029897,0.202289,0.110561
0.127794,0.127793,0.083997,0.066412,0.122008,0.123289,0.057401,0.141421,0.084022,0.065862
0.095843,0.095841,0.123996,0.107875,0.067728,0.156639,0.066429,0.061595,0.124007,0.100047
0.068640,0.068640,0.041226,0.029504,0.040649,0.026275,0.621727,0.031275,0.041247,0.030816
0.154970,0.154964,0.128410,0.083225,0.059132,0.113996,0.047114,0.046333,0.128511,0.083346
0.004995,0.004995,0.006088,0.005683,0.004727,0.004617,0.951142,0.006147,0.006088,0.005517
0.243478,0.243464,0.101405,0.059995,0.056545,0.054608,0.026509,0.049299,0.101516,0.063180
0.007942,0.007942,0.006828,0.005000,0.005283,0.004754,0.944471,0.005547,0.006831,0.005403
0.077551,0.077549,0.181438,0.139747,0.051717,0.101252,0.033447,0.050553,0.181482,0.105264
0.082123,0.082121,0.116572,0.079891,0.037069,0.057609,0.285394,0.032718,0.116473,0.110030
0.040223,0.040222,0.194860,0.169531,0.023108,0.111541,0.016426,0.025510,0.194618,0.183961
0.202928,0.202915,0.094883,0.067663,0.076981,0.061220,0.047537,0.084328,0.094931,0.066614
0.157406,0.157402,0.125620,0.087811,0.079549,0.068702,0.045552,0.052485,0.125721,0.099751
0.231043,0.231019,0.134784,0.066899,0.041773,0.039206,0.022542,0.033300,0.134941,0.064491
0.100000,0.100000,0.100000,0.100000,0.100000,0.100000,0.100000,0.100000,0.100000,0.100000
0.227312,0.227300,0.080659,0.047446,0.093259,0.050960,0.079013,0.058418,0.080737,0.054897
0.179661,0.179662,0.094811,0.065844,0.124555,0.055269,0.066683,0.073081,0.094888,0.065546
0.143417,0.143413,0.116188,0.082764,0.089718,0.071271,0.075559,0.064351,0.116176,0.097144
0.100000,0.100000,0.100000,0.100000,0.100000,0.100000,0.100000,0.100000,0.100000,0.100000
0.316947,0.316924,0.055575,0.027442,0.077034,0.029078,0.020423,0.050940,0.055637,0.050001
0.267015,0.267007,0.070525,0.038335,0.089194,0.047121,0.035631,0.064766,0.070592,0.049814
0.186278,0.186278,0.072056,0.056992,0.129731,0.056788,0.048982,0.129325,0.072086,0.061484
0.167298,0.167293,0.068422,0.038322,0.071880,0.040167,0.284588,0.040533,0.068493,0.053004
0.158276,0.158267,0.087595,0.041295,0.040896,0.040343,0.295335,0.040848,0.087716,0.049430
0.178172,0.178160,0.144796,0.078217,0.052751,0.075040,0.031380,0.036522,0.144956,0.080006
0.034993,0.034993,0.029946,0.020509,0.025777,0.016851,0.749361,0.025736,0.029958,0.031876
0.073668,0.073666,0.080164,0.056767,0.040672,0.047408,0.441998,0.049237,0.080234,0.056187
0.183244,0.183231,0.043949,0.022897,0.056862,0.028452,0.349804,0.050870,0.043982,0.036709
0.017386,0.017385,0.018090,0.014525,0.015379,0.013468,0.846539,0.022940,0.018094,0.016193
0.214129,0.214120,0.066728,0.040863,0.069973,0.040437,0.183287,0.053280,0.066785,0.050399
0.000001,0.000001,0.000001,0.000000,0.000000,0.000000,0.999995,0.000001,0.000001,0.000000
0.038618,0.038617,0.174477,0.242708,0.031621,0.081944,0.028571,0.029557,0.173925,0.159962
0.123583,0.123579,0.080381,0.065865,0.080403,0.059500,0.196934,0.087533,0.080392,0.101829
0.000046,0.000046,0.000042,0.000038,0.000042,0.000039,0.999609,0.000055,0.000042,0.000039
0.072825,0.072825,0.129123,0.100498,0.060397,0.095973,0.151230,0.063856,0.129122,0.124151
0.080900,0.080899,0.124443,0.104466,0.099659,0.074072,0.194047,0.041791,0.124470,0.075252
0.030585,0.030584,0.112778,0.049778,0.013605,0.176099,0.404594,0.013155,0.112852,0.055969
0.025840,0.025839,0.017065,0.015277,0.022033,0.016185,0.818414,0.026388,0.017068,0.015891
0.218563,0.218557,0.072438,0.049924,0.111680,0.057715,0.054329,0.089222,0.072494,0.055077
0.030311,0.030311,0.065803,0.040877,0.019791,0.431596,0.236051,0.026805,0.065808,0.052647
0.105452,0.105451,0.120927,0.078265,0.052649,0.096885,0.178804,0.043040,0.120940,0.097586
0.013650,0.013650,0.013033,0.008573,0.010019,0.008425,0.903088,0.007719,0.013042,0.008801
0.135994,0.135993,0.073537,0.055210,0.228194,0.052514,0.049463,0.139422,0.073571,0.056103
0.202919,0.202921,0.080085,0.058642,0.104612,0.069507,0.051315,0.079953,0.080127,0.069919
0.000314,0.000314,0.000370,0.000303,0.000236,0.000253,0.997307,0.000244,0.000370,0.000288
0.007470,0.007470,0.005305,0.003701,0.004643,0.003999,0.953542,0.004577,0.005307,0.003985
0.008665,0.008665,0.010409,0.007031,0.006527,0.006542,0.926901,0.007698,0.010417,0.007145
0.013542,0.013542,0.011813,0.009580,0.011464,0.009243,0.895856,0.013072,0.011818,0.010070
0.045185,0.045185,0.032224,0.025033,0.026741,0.025137,0.709722,0.031997,0.032234,0.026543
0.000019,0.000019,0.000020,0.000013,0.000012,0.000012,0.999856,0.000014,0.000020,0.000014
0.001663,0.001663,0.001541,0.001412,0.001481,0.001398,0.986278,0.001601,0.001542,0.001422
0.090162,0.090160,0.139847,0.107007,0.063534,0.089020,0.114934,0.059975,0.139881,0.105480
0.110433,0.110432,0.117061,0.092820,0.074445,0.078895,0.132521,0.067358,0.117098,0.098937
0.100000,0.100000,0.100000,0.100000,0.100000,0.100000,0.100000,0.100000,0.100000,0.100000
0.085954,0.085954,0.102581,0.092065,0.072799,0.074908,0.203575,0.091942,0.102595,0.087626
0.001718,0.001718,0.001728,0.001597,0.001514,0.001559,0.984821,0.002064,0.001729,0.001552
0.004606,0.004606,0.003978,0.002734,0.002729,0.002676,0.968649,0.003009,0.003982,0.003030
0.199619,0.199611,0.114316,0.067238,0.065558,0.064248,0.045417,0.045976,0.114385,0.083633
0.037804,0.037804,0.049600,0.042228,0.032257,0.039172,0.629644,0.042400,0.049623,0.039468
0.000727,0.000727,0.000667,0.000409,0.000385,0.000376,0.995198,0.000364,0.000668,0.000479
0.130233,0.130230,0.125587,0.091365,0.073889,0.077147,0.084419,0.057416,0.125654,0.104060
0.008185,0.008185,0.008186,0.006416,0.006378,0.006106,0.932298,0.008967,0.008190,0.007087
0.010851,0.010851,0.010841,0.008380,0.008484,0.008318,0.913168,0.009298,0.010846,0.008963
0.000497,0.000497,0.000606,0.000463,0.000360,0.000408,0.995714,0.000384,0.000607,0.000464
0.000000,0.000000,0.000000,0.000000,0.000000,0.000000,0.999998,0.000000,0.000000,0.000000
0.000428,0.000428,0.000420,0.000332,0.000332,0.000321,0.996594,0.000378,0.000420,0.000347
0.000535,0.000535,0.000641,0.000541,0.000440,0.000484,0.995171,0.000504,0.000641,0.000508
0.000232,0.000232,0.000230,0.000188,0.000172,0.000176,0.998155,0.000193,0.000230,0.000191
0.002411,0.002411,0.002828,0.002628,0.001993,0.002535,0.977636,0.002294,0.002829,0.002434
0.057430,0.057430,0.076542,0.061804,0.049252,0.054949,0.436034,0.069748,0.076556,0.060255
0.004567,0.004567,0.004928,0.003694,0.003596,0.003530,0.961708,0.004577,0.004930,0.003903
0.189314,0.189308,0.070851,0.052921,0.113937,0.059379,0.071862,0.123863,0.070881,0.057683
0.062658,0.062657,0.066420,0.049090,0.045376,0.043179,0.500954,0.042295,0.066455,0.060916
0.106622,0.106619,0.063512,0.041399,0.048842,0.050526,0.426709,0.042506,0.063555,0.049708
0.021244,0.021244,0.011865,0.009430,0.056501,0.009428,0.834648,0.014564,0.011868,0.009208
0.065719,0.065717,0.040420,0.030470,0.035688,0.031972,0.601932,0.056391,0.040431,0.031260
0.145677,0.145673,0.101828,0.074782,0.086682,0.074587,0.066828,0.091612,0.101866,0.110466
0.237061,0.237045,0.098973,0.060412,0.064867,0.055128,0.035533,0.050302,0.099061,0.061619
0.205417,0.205420,0.041769,0.027544,0.307724,0.038379,0.031810,0.065911,0.041796,0.034229
0.082634,0.082628,0.051278,0.032011,0.032450,0.026207,0.567230,0.042017,0.051311,0.032234
0.006541,0.006541,0.011071,0.006932,0.004885,0.005675,0.931430,0.008245,0.011081,0.007599
0.018013,0.018013,0.010138,0.006632,0.020811,0.006696,0.889571,0.012542,0.010144,0.007439
0.005490,0.005490,0.005393,0.003739,0.003832,0.005937,0.954557,0.005000,0.005395,0.005167
0.007685,0.007685,0.004556,0.003771,0.138291,0.003690,0.815749,0.010299,0.004557,0.003717
0.002373,0.002373,0.002028,0.001297,0.001395,0.001276,0.984159,0.001637,0.002029,0.001435
0.006799,0.006799,0.005625,0.004166,0.010409,0.004286,0.946722,0.005040,0.005627,0.004526
0.025716,0.025716,0.030460,0.022118,0.026767,0.017658,0.776215,0.022782,0.030476,0.022091
0.124314,0.124314,0.090547,0.072701,0.138804,0.065377,0.078832,0.144729,0.090583,0.069800
0.000246,0.000246,0.000286,0.000203,0.000161,0.000171,0.998014,0.000181,0.000286,0.000208
0.001470,0.001470,0.001618,0.001111,0.001029,0.001023,0.988528,0.000956,0.001619,0.001177
0.001376,0.001376,0.001520,0.001114,0.000969,0.001053,0.989006,0.000962,0.001521,0.001104
0.069479,0.069479,0.077001,0.063980,0.059245,0.067078,0.393999,0.057507,0.077016,0.065217
0.005895,0.005895,0.005987,0.004008,0.004216,0.003341,0.956749,0.003965,0.005992,0.003953
0.007382,0.007382,0.006994,0.005034,0.004552,0.004553,0.947169,0.004905,0.006997,0.005031
0.013234,0.013234,0.007332,0.005877,0.022701,0.005553,0.907310,0.011572,0.007335,0.005853
0.132823,0.132818,0.088081,0.050714,0.057587,0.050046,0.298492,0.049426,0.088157,0.051857
0.028301,0.028301,0.028722,0.017903,0.016892,0.016333,0.799451,0.015028,0.028747,0.020323
0.107999,0.108000,0.101975,0.073667,0.209067,0.064765,0.087563,0.068073,0.102014,0.076877
0.034934,0.034934,0.023995,0.018104,0.043017,0.017481,0.752707,0.030658,0.024006,0.020165
0.116562,0.116557,0.194709,0.105826,0.038942,0.078139,0.025582,0.031937,0.194963,0.096782
0.218353,0.218338,0.120190,0.065013,0.054339,0.052454,0.038368,0.043935,0.120325,0.068686
0.127277,0.127273,0.119341,0.069560,0.064664,0.063324,0.158668,0.068114,0.119439,0.082340
0.022597,0.022597,0.009804,0.006837,0.193008,0.006829,0.705976,0.014264,0.009810,0.008279
0.185669,0.185665,0.085728,0.064445,0.104759,0.063915,0.070105,0.083607,0.085778,0.070328
0.222051,0.222044,0.054262,0.035009,0.131195,0.041135,0.138629,0.062704,0.054309,0.038663
0.180651,0.180640,0.067250,0.044196,0.059617,0.046542,0.197005,0.107793,0.067302,0.049003
0.002169,0.002169,0.002634,0.001517,0.000999,0.001287,0.983847,0.000957,0.002636,0.001785
0.129577,0.129572,0.070743,0.050150,0.067343,0.046874,0.236364,0.144605,0.070772,0.054000
0.175678,0.175672,0.121649,0.079953,0.062693,0.071681,0.052042,0.055510,0.121748,0.083375
0.130029,0.130029,0.077390,0.064612,0.154864,0.067818,0.056894,0.163682,0.077414,0.077268
0.034240,0.034239,0.041019,0.030253,0.020060,0.026449,0.721752,0.021921,0.041042,0.029026
0.227506,0.227505,0.071439,0.043987,0.160561,0.045853,0.026038,0.062046,0.071494,0.063570
0.182516,0.182513,0.063859,0.042376,0.127311,0.051738,0.100468,0.138837,0.063899,0.046483
0.001287,0.001287,0.001969,0.001305,0.000747,0.001065,0.988042,0.000916,0.001970,0.001412
0.013308,0.013307,0.012766,0.006941,0.006436,0.005628,0.916071,0.005158,0.012782,0.007603
0.033113,0.033112,0.019206,0.012841,0.017879,0.014901,0.816912,0.018067,0.019217,0.014752
0.066443,0.066441,0.208192,0.106216,0.045001,0.098964,0.056692,0.037069,0.208273,0.106710
0.205168,0.205165,0.078829,0.052480,0.136845,0.053590,0.053807,0.074829,0.078917,0.060369
0.038439,0.038437,0.152661,0.057688,0.017505,0.094521,0.340339,0.018428,0.152808,0.089174
0.086239,0.086239,0.126267,0.121868,0.068797,0.094502,0.112411,0.070750,0.126260,0.106668
0.171277,0.171277,0.057640,0.040403,0.239082,0.044058,0.055047,0.114409,0.057677,0.049131
0.004510,0.004510,0.004401,0.002747,0.002905,0.002800,0.967756,0.002729,0.004404,0.003239
0.100000,0.100000,0.100000,0.100000,0.100000,0.100000,0.100000,0.100000,0.100000,0.100000
0.179907,0.179895,0.122651,0.070076,0.072552,0.064177,0.055066,0.057233,0.122781,0.075661
0.055162,0.055163,0.045365,0.038353,0.395362,0.034361,0.235620,0.047034,0.045359,0.048221
0.281967,0.281954,0.066043,0.037602,0.078557,0.039884,0.033736,0.068792,0.066117,0.045349
0.121255,0.121255,0.082878,0.071292,0.130927,0.071371,0.059086,0.188368,0.082890,0.070680
0.178189,0.178185,0.078523,0.062249,0.126619,0.062612,0.074524,0.094677,0.078547,0.065875
0.190763,0.190759,0.100992,0.065213,0.079840,0.082636,0.055540,0.058849,0.101053,0.074353
0.170487,0.170480,0.092483,0.062266,0.084414,0.055870,0.148144,0.056899,0.092536,0.066423
0.072201,0.072200,0.107862,0.111083,0.065030,0.080065,0.070300,0.062373,0.107803,0.251081
0.112974,0.112970,0.133545,0.099681,0.060150,0.134477,0.058012,0.057170,0.133606,0.097415
0.100000,0.100000,0.100000,0.100000,0.100000,0.100000,0.100000,0.100000,0.100000,0.100000
0.100000,0.100000,0.100000,0.100000,0.100000,0.100000,0.100000,0.100000,0.100000,0.100000
0.316018,0.315996,0.060600,0.027650,0.068459,0.032913,0.012608,0.067822,0.060679,0.037255
0.072201,0.072200,0.107862,0.111083,0.065030,0.080065,0.070300,0.062373,0.107803,0.251081
0.249095,0.249093,0.066695,0.043945,0.097783,0.052966,0.049530,0.065007,0.066730,0.059156
0.328101,0.328099,0.051110,0.028960,0.097747,0.025945,0.012866,0.032839,0.051130,0.043203
0.279637,0.279622,0.070799,0.036618,0.069189,0.044858,0.029768,0.049502,0.070885,0.069124
0.182110,0.182105,0.078603,0.061129,0.100637,0.089429,0.066269,0.087288,0.078634,0.073796
0.261943,0.261924,0.079992,0.048277,0.065967,0.053710,0.028578,0.056484,0.080052,0.063074
0.100000,0.100000,0.100000,0.100000,0.100000,0.100000,0.100000,0.100000,0.100000,0.100000
0.403021,0.402994,0.019097,0.010532,0.069500,0.012542,0.007199,0.041026,0.019116,0.014973
0.100000,0.100000,0.100000,0.100000,0.100000,0.100000,0.100000,0.100000,0.100000,0.100000
0.362155,0.362140,0.020608,0.011909,0.127232,0.014917,0.010162,0.055367,0.020626,0.014885
0.349871,0.349861,0.034448,0.021378,0.093423,0.024087,0.014073,0.049299,0.034472,0.029090
0.303026,0.303016,0.052499,0.033274,0.093612,0.038801,0.022684,0.054688,0.052551,0.045849
0.262617,0.262605,0.066388,0.039371,0.088184,0.044748,0.040108,0.073054,0.066438,0.056486
0.324057,0.324045,0.048491,0.031463,0.087777,0.028806,0.018533,0.046981,0.048529,0.041319
0.100000,0.100000,0.100000,0.100000,0.100000,0.100000,0.100000,0.100000,0.100000,0.100000
0.339351,0.339346,0.025457,0.013986,0.118504,0.017254,0.009722,0.086884,0.025479,0.024016
0.382912,0.382884,0.031239,0.015096,0.059857,0.018856,0.010993,0.036478,0.031266,0.030418
0.338468,0.338484,0.038691,0.019623,0.128181,0.027339,0.009751,0.032045,0.038726,0.028691
0.364735,0.364724,0.040650,0.023723,0.064242,0.021393,0.014637,0.038655,0.040694,0.026548
0.334972,0.334973,0.032834,0.017164,0.084222,0.020659,0.015815,0.103624,0.032875,0.022861
0.371210,0.371223,0.019159,0.011694,0.124225,0.018284,0.008704,0.040016,0.019174,0.016310
0.322058,0.322055,0.041960,0.026403,0.098054,0.039164,0.018699,0.056376,0.041982,0.033249
0.410424,0.410417,0.024340,0.012132,0.053923,0.013614,0.008073,0.025298,0.024374,0.017404
0.198779,0.198785,0.022638,0.015541,0.125594,0.021372,0.012686,0.362612,0.022649,0.019345
0.338736,0.338735,0.036863,0.023637,0.086470,0.028031,0.016310,0.060710,0.036889,0.033619
0.296230,0.296254,0.022097,0.014364,0.251038,0.017948,0.014097,0.047882,0.022114,0.017976
0.312371,0.312372,0.041755,0.026968,0.114198,0.031323,0.029639,0.057750,0.041781,0.031843
0.340463,0.340479,0.025940,0.016839,0.151042,0.019104,0.014026,0.045248,0.025960,0.020899
0.266407,0.266398,0.061691,0.042720,0.088746,0.043370,0.056521,0.061203,0.061725,0.051218
0.313269,0.313294,0.020942,0.014088,0.217433,0.019842,0.010827,0.051326,0.020954,0.018026
0.320662,0.320639,0.050025,0.036792,0.087243,0.035804,0.019230,0.040859,0.050044,0.038702
0.287838,0.287846,0.046696,0.029214,0.121423,0.036147,0.032405,0.073287,0.046736,0.038407
0.393487,0.393495,0.015739,0.007888,0.116554,0.010374,0.005435,0.027869,0.015756,0.013403
0.389943,0.389946,0.024931,0.013496,0.076358,0.016192,0.009951,0.036629,0.024958,0.017596
0.298916,0.298901,0.065449,0.038913,0.078220,0.041490,0.021253,0.044415,0.065511,0.046932
0.142973,0.142978,0.025944,0.017643,0.527944,0.020309,0.021122,0.050479,0.025962,0.024645
0.344188,0.344154,0.048695,0.027293,0.053106,0.028571,0.027133,0.041159,0.048741,0.036959
0.314032,0.314045,0.030826,0.019989,0.161777,0.027069,0.016716,0.059153,0.030849,0.025543
0.333777,0.333767,0.044016,0.025974,0.098743,0.029179,0.016841,0.040942,0.044054,0.032709
0.208952,0.208948,0.065063,0.051194,0.138048,0.047197,0.061721,0.098966,0.065093,0.054817
0.129938,0.129937,0.081622,0.061637,0.082979,0.065179,0.057800,0.232892,0.081640,0.076375
0.314063,0.314062,0.038628,0.020729,0.089883,0.021327,0.074655,0.055457,0.038674,0.032520
0.245595,0.245588,0.066213,0.037242,0.088573,0.046852,0.104815,0.051434,0.066285,0.047403
0.393339,0.393327,0.031498,0.015343,0.053218,0.018343,0.009069,0.031773,0.031544,0.022546
0.122642,0.122642,0.069637,0.054856,0.106958,0.051143,0.276905,0.065089,0.069665,0.060462
0.415499,0.415497,0.017819,0.009150,0.067773,0.011179,0.007154,0.025903,0.017841,0.012185
0.260110,0.260121,0.027094,0.018451,0.205351,0.019545,0.011919,0.146304,0.027107,0.023999
0.366263,0.366229,0.041269,0.022814,0.051523,0.026362,0.018488,0.033728,0.041309,0.032015
0.250684,0.250684,0.062002,0.040237,0.099562,0.058435,0.053349,0.068136,0.062037,0.054874
0.362347,0.362330,0.040391,0.022101,0.063197,0.024751,0.013513,0.039328,0.040432,0.031611
0.268463,0.268459,0.068904,0.042894,0.095435,0.041187,0.024843,0.055571,0.068952,0.065291
0.002913,0.002913,0.013659,0.008689,0.001441,0.005282,0.000940,0.001181,0.013672,0.949311
0.209825,0.209837,0.053380,0.041466,0.183384,0.040108,0.029611,0.134007,0.053400,0.044984
0.000521,0.000521,0.000526,0.000426,0.000423,0.000402,0.995462,0.000487,0.000526,0.000705
0.175962,0.175960,0.091919,0.061509,0.090406,0.094941,0.048203,0.089025,0.091940,0.080135
0.005245,0.005245,0.038530,0.030297,0.003063,0.015867,0.003540,0.002993,0.038564,0.856656
0.420581,0.420521,0.021788,0.010808,0.038636,0.014281,0.011977,0.024153,0.021810,0.015445
0.000001,0.000001,0.000001,0.000000,0.000000,0.000000,0.999995,0.000001,0.000001,0.000000
0.100730,0.100729,0.050602,0.038960,0.055240,0.040119,0.451097,0.048884,0.050612,0.063026
0.111416,0.111416,0.038649,0.028252,0.489756,0.043937,0.025608,0.073807,0.038662,0.038496
0.284888,0.284894,0.023733,0.013217,0.188427,0.014984,0.009379,0.135810,0.023751,0.020916
0.165462,0.165452,0.123856,0.074729,0.060811,0.115705,0.037744,0.054302,0.123931,0.078008
0.004211,0.004211,0.029412,0.031878,0.002983,0.012519,0.002334,0.002706,0.029378,0.880368
0.155437,0.155444,0.045165,0.034751,0.145180,0.037858,0.140430,0.193751,0.045181,0.046804
0.004042,0.004042,0.129880,0.399948,0.002735,0.023809,0.002561,0.002660,0.129495,0.300827
0.002266,0.002266,0.019847,0.012815,0.001080,0.018728,0.000517,0.000813,0.019818,0.921850
0.187639,0.187642,0.069617,0.050968,0.117651,0.063432,0.041876,0.144685,0.069643,0.066846
0.132153,0.132148,0.107136,0.069156,0.072997,0.062649,0.059717,0.107963,0.107195,0.148885
0.080296,0.080296,0.090050,0.080731,0.072767,0.070800,0.116920,0.104712,0.090053,0.213373
0.121146,0.121145,0.127784,0.089116,0.075873,0.099584,0.047636,0.070479,0.127776,0.119460
0.193809,0.193814,0.063837,0.046860,0.156150,0.057680,0.038864,0.124385,0.063862,0.060739
0.093762,0.093762,0.091885,0.088284,0.087021,0.085002,0.136260,0.096090,0.091890,0.136043
0.011488,0.011488,0.245252,0.272613,0.008677,0.065282,0.008269,0.008121,0.244586,0.124224
0.008395,0.008394,0.046084,0.048996,0.003667,0.013809,0.003309,0.003287,0.046019,0.818040
0.120103,0.120100,0.108009,0.086463,0.084661,0.091182,0.088166,0.095053,0.108054,0.098210
0.016649,0.016649,0.146748,0.123510,0.011522,0.250726,0.014427,0.011009,0.146640,0.262120
0.004282,0.004282,0.005033,0.003672,0.003346,0.003344,0.963724,0.003417,0.005036,0.003864
0.009641,0.009641,0.117066,0.255604,0.005901,0.031749,0.005424,0.005605,0.116847,0.442523
0.002178,0.002178,0.026575,0.017755,0.001152,0.022762,0.000669,0.000877,0.026531,0.899324
0.005261,0.005261,0.046288,0.046708,0.002982,0.015487,0.002086,0.003000,0.046213,0.826715
0.010058,0.010058,0.053070,0.063777,0.005954,0.020973,0.005095,0.005134,0.053001,0.772882
0.027637,0.027637,0.086680,0.028694,0.015031,0.056515,0.006344,0.012752,0.086842,0.651869
0.174183,0.174182,0.105747,0.077621,0.101539,0.053656,0.028687,0.056075,0.105778,0.122532
0.108591,0.108592,0.026336,0.018264,0.140409,0.025519,0.011533,0.507783,0.026345,0.026628
0.000784,0.000784,0.013652,0.010557,0.000416,0.012247,0.000342,0.000359,0.013625,0.947235
0.221030,0.221038,0.052175,0.036806,0.163397,0.041179,0.032866,0.131199,0.052203,0.048106
0.319791,0.319801,0.029526,0.018334,0.102166,0.031112,0.013725,0.099939,0.029543,0.036062
0.189983,0.189971,0.082659,0.061020,0.084991,0.074248,0.059220,0.094549,0.082692,0.080665
0.159998,0.159991,0.109022,0.074252,0.059339,0.063233,0.044347,0.093533,0.109079,0.127206
0.023458,0.023458,0.272435,0.094558,0.013874,0.092892,0.013468,0.012565,0.273487,0.179804
0.000897,0.000897,0.011931,0.012702,0.000544,0.003233,0.000456,0.000505,0.011905,0.956931
0.003889,0.003889,0.038523,0.060463,0.002221,0.015543,0.001606,0.002084,0.038424,0.833358
0.002940,0.002940,0.019163,0.009474,0.001369,0.019692,0.000942,0.001162,0.019192,0.923125
0.002633,0.002633,0.025746,0.044275,0.001686,0.010282,0.001405,0.001537,0.025681,0.884122
0.197866,0.197864,0.080723,0.059355,0.118293,0.054989,0.030593,0.065214,0.080711,0.114393
0.003258,0.003258,0.020084,0.008117,0.001033,0.023692,0.000732,0.000901,0.020104,0.918823
0.001502,0.001502,0.012330,0.010283,0.000737,0.014364,0.000498,0.000592,0.012309,0.945883
0.165513,0.165528,0.011756,0.008766,0.158694,0.009931,0.007022,0.450900,0.011761,0.010127
0.001672,0.001672,0.020316,0.021726,0.001045,0.006769,0.000992,0.001068,0.020317,0.924424
0.161527,0.161532,0.107278,0.073815,0.104024,0.071052,0.024588,0.060521,0.107271,0.128392
0.005657,0.005657,0.061496,0.046436,0.002820,0.019326,0.002796,0.002818,0.061469,0.791524
0.243010,0.243015,0.063230,0.045302,0.154054,0.045405,0.027466,0.064612,0.063243,0.050665
0.293986,0.293960,0.068330,0.034621,0.052858,0.039502,0.027415,0.055130,0.068363,0.065835
0.324530,0.324517,0.048860,0.025256,0.094682,0.031779,0.016519,0.039946,0.048892,0.045020
0.179780,0.179780,0.105932,0.065856,0.086456,0.080877,0.025596,0.068549,0.105923,0.101251
0.354822,0.354835,0.028650,0.017179,0.117533,0.019540,0.011402,0.035570,0.028668,0.031801
0.267405,0.267401,0.073387,0.042800,0.095364,0.046844,0.017223,0.048468,0.073389,0.067721
0.244754,0.244753,0.075207,0.046883,0.083012,0.063330,0.023912,0.084607,0.075229,0.058313
0.261333,0.261312,0.077392,0.049523,0.063312,0.048601,0.031939,0.052359,0.077447,0.076782
0.317034,0.317042,0.027583,0.018161,0.180580,0.021881,0.016176,0.049467,0.027601,0.024476
0.040998,0.041000,0.005394,0.004185,0.872168,0.003889,0.003360,0.019060,0.005393,0.004554
0.100000,0.100000,0.100000,0.100000,0.100000,0.100000,0.100000,0.100000,0.100000,0.100000
0.170125,0.170120,0.092309,0.067614,0.081732,0.076736,0.054053,0.113247,0.092374,0.081690
0.167298,0.167293,0.068422,0.038322,0.071880,0.040167,0.284588,0.040533,0.068493,0.053004
0.143417,0.143413,0.116188,0.082764,0.089718,0.071271,0.075559,0.064351,0.116176,0.097144
0.316947,0.316924,0.055575,0.027442,0.077034,0.029078,0.020423,0.050940,0.055637,0.050001
0.186278,0.186278,0.072056,0.056992,0.129731,0.056788,0.048982,0.129325,0.072086,0.061484
0.227312,0.227300,0.080659,0.047446,0.093259,0.050960,0.079013,0.058418,0.080737,0.054897
0.158276,0.158267,0.087595,0.041295,0.040896,0.040343,0.295335,0.040848,0.087716,0.049430
0.008949,0.008949,0.004220,0.003235,0.007706,0.003737,0.003356,0.952134,0.004222,0.003491
0.267015,0.267007,0.070525,0.038335,0.089194,0.047121,0.035631,0.064766,0.070592,0.049814
0.214129,0.214120,0.066728,0.040863,0.069973,0.040437,0.183287,0.053280,0.066785,0.050399
0.183244,0.183231,0.043949,0.022897,0.056862,0.028452,0.349804,0.050870,0.043982,0.036709
0.005796,0.005796,0.001456,0.001176,0.006597,0.001536,0.001429,0.973304,0.001457,0.001452
0.022154,0.022154,0.009069,0.007184,0.024944,0.009489,0.006620,0.880705,0.009072,0.008610
0.223154,0.223156,0.037850,0.028619,0.138053,0.031749,0.021903,0.222780,0.037869,0.034867
0.008883,0.008883,0.002374,0.001678,0.007040,0.001989,0.001425,0.963473,0.002375,0.001879
0.025493,0.025492,0.231906,0.066281,0.011359,0.123539,0.012459,0.009632,0.232724,0.261116
0.055386,0.055387,0.008970,0.005665,0.039932,0.006704,0.030153,0.781847,0.008977,0.006978
0.400732,0.400762,0.016602,0.009286,0.102924,0.010062,0.006153,0.023502,0.016618,0.013359
0.241924,0.241931,0.034565,0.023398,0.163204,0.026824,0.020677,0.180496,0.034587,0.032393
0.088661,0.088662,0.021373,0.016698,0.057858,0.018030,0.018276,0.650700,0.021382,0.018359
0.167718,0.167720,0.048838,0.033258,0.118041,0.041380,0.027922,0.308007,0.048872,0.038244
0.020427,0.020427,0.007019,0.004683,0.011963,0.005655,0.003364,0.914200,0.007022,0.005240
0.019594,0.019593,0.011726,0.006970,0.008787,0.006045,0.895300,0.012300,0.011737,0.007947
0.006747,0.006747,0.001625,0.001217,0.006835,0.001448,0.001315,0.970844,0.001626,0.001597
0.114042,0.114045,0.026563,0.017688,0.104790,0.022272,0.019332,0.533041,0.026583,0.021645
0.012396,0.012396,0.155137,0.493299,0.007939,0.068661,0.006665,0.007137,0.154952,0.081416
0.144448,0.144457,0.020876,0.012981,0.135567,0.014734,0.014561,0.474498,0.020892,0.016987
0.060643,0.060642,0.058564,0.040750,0.036029,0.055435,0.539955,0.040884,0.058587,0.048511
0.015511,0.015511,0.003201,0.002355,0.013638,0.003046,0.002459,0.938352,0.003203,0.002724
0.093966,0.093970,0.010842,0.007641,0.339392,0.008686,0.008815,0.417126,0.010849,0.008714
0.102726,0.102732,0.012806,0.009902,0.485090,0.010688,0.011361,0.240700,0.012812,0.011182
0.206051,0.206049,0.047661,0.030789,0.127000,0.035440,0.022762,0.241424,0.047695,0.035129
0.056683,0.056682,0.028192,0.020039,0.044783,0.022905,0.020666,0.700102,0.028219,0.021729
0.319720,0.319743,0.021696,0.013210,0.185037,0.014282,0.012273,0.074664,0.021713,0.017661
0.192163,0.192161,0.046519,0.031528,0.120666,0.037840,0.117036,0.171430,0.046540,0.044117
0.106220,0.106218,0.030151,0.021618,0.507407,0.025934,0.101360,0.047092,0.030169,0.023832
0.288608,0.288588,0.054651,0.031448,0.075004,0.035898,0.082541,0.050738,0.054694,0.037829
0.269057,0.269044,0.051461,0.032261,0.111479,0.035938,0.037744,0.088374,0.051504,0.053137
0.020392,0.020391,0.213610,0.242353,0.014061,0.148721,0.016719,0.013198,0.213426,0.097128
0.047641,0.047644,0.009987,0.007947,0.044032,0.009141,0.006136,0.808451,0.009991,0.009029
0.060860,0.060861,0.012212,0.006725,0.041767,0.007009,0.037326,0.752506,0.012224,0.008508
0.031855,0.031855,0.025905,0.022451,0.044594,0.023789,0.042561,0.728167,0.025911,0.022911
0.396344,0.396358,0.015882,0.008510,0.100873,0.010321,0.005606,0.037774,0.015899,0.012433
0.257625,0.257617,0.071656,0.043649,0.075907,0.043951,0.035184,0.089427,0.071745,0.053239
0.034423,0.034423,0.037014,0.036211,0.038539,0.038144,0.034157,0.671465,0.037009,0.038613
0.000913,0.000913,0.001155,0.000852,0.000738,0.000815,0.991705,0.000847,0.001156,0.000906
0.228197,0.228196,0.060636,0.040750,0.116124,0.042795,0.040792,0.127133,0.060687,0.054690
0.320470,0.320478,0.028473,0.015849,0.117374,0.018770,0.009801,0.119035,0.028498,0.021252
0.026504,0.026504,0.225540,0.174338,0.016436,0.137044,0.038468,0.014212,0.225495,0.115459
0.251068,0.251064,0.083538,0.050040,0.091335,0.043467,0.025695,0.064797,0.083579,0.055417
0.248294,0.248296,0.042982,0.032754,0.159679,0.027021,0.024456,0.140299,0.043001,0.033218
0.247192,0.247197,0.061880,0.042122,0.136250,0.040853,0.029934,0.090228,0.061922,0.042422
0.336954,0.336978,0.023186,0.014834,0.166211,0.015727,0.010758,0.050283,0.023206,0.021864
0.048630,0.048628,0.200334,0.232176,0.024907,0.077100,0.025336,0.021721,0.200116,0.121051
0.298982,0.299017,0.022238,0.013797,0.238490,0.014384,0.010288,0.064792,0.022262,0.015750
0.147237,0.147241,0.051912,0.040988,0.167303,0.039500,0.032789,0.278180,0.051936,0.042915
0.039780,0.039780,0.204843,0.200353,0.030005,0.081680,0.031810,0.033841,0.205138,0.132770
0.370847,0.370826,0.033909,0.017371,0.059640,0.026664,0.029361,0.034832,0.033942,0.022609
0.042655,0.042658,0.008230,0.006582,0.037160,0.007382,0.008097,0.831524,0.008234,0.007477
0.267349,0.267355,0.032341,0.021322,0.170205,0.025827,0.018771,0.137678,0.032362,0.026789
0.217493,0.217497,0.056549,0.038884,0.122871,0.045697,0.041354,0.160560,0.056585,0.042510
0.312556,0.312564,0.031291,0.018922,0.150422,0.018916,0.023885,0.078885,0.031317,0.021243
0.080286,0.080287,0.021812,0.014553,0.062323,0.014296,0.012357,0.674326,0.021826,0.017936
0.259322,0.259330,0.049469,0.034643,0.158613,0.040257,0.030334,0.080540,0.049507,0.037985
0.017173,0.017172,0.102710,0.064311,0.011827,0.509362,0.015476,0.012117,0.102656,0.147195
0.137686,0.137692,0.036329,0.028150,0.141227,0.030186,0.026934,0.391549,0.036344,0.033903
0.062517,0.062520,0.012731,0.007961,0.054325,0.008401,0.007049,0.761461,0.012742,0.010293
0.279721,0.279747,0.026237,0.016480,0.255546,0.017151,0.011977,0.067457,0.026254,0.019429
0.300474,0.300500,0.028794,0.018443,0.158861,0.020437,0.014618,0.104971,0.028823,0.024079
0.029200,0.029200,0.166871,0.189648,0.024886,0.229525,0.026034,0.024166,0.166736,0.113734
0.044823,0.044823,0.185419,0.134287,0.030677,0.119600,0.029409,0.031421,0.185442,0.194099
0.298898,0.298913,0.035766,0.020118,0.113528,0.024364,0.015002,0.127537,0.035803,0.030070
0.032579,0.032579,0.021211,0.018826,0.027220,0.014412,0.008226,0.805713,0.021219,0.018014
0.032279,0.032278,0.223298,0.141693,0.017006,0.180900,0.013707,0.015044,0.223988,0.119807
0.017165,0.017165,0.199984,0.265418,0.012189,0.076356,0.026063,0.010665,0.199708,0.175288
0.216138,0.216145,0.039081,0.030548,0.170548,0.037334,0.031716,0.184978,0.039097,0.034415
0.246091,0.246086,0.065937,0.044452,0.097242,0.053148,0.033138,0.097619,0.065978,0.050309
0.028947,0.028946,0.186014,0.292783,0.017016,0.087602,0.015967,0.016086,0.185808,0.140831
0.236839,0.236853,0.024938,0.018173,0.220146,0.021658,0.019561,0.176223,0.024952,0.020658
0.043947,0.043948,0.006225,0.004441,0.033041,0.005287,0.004382,0.847558,0.006229,0.004943
0.005109,0.005109,0.027632,0.018187,0.003937,0.879726,0.002922,0.003860,0.027612,0.025905
0.037280,0.037279,0.182011,0.198564,0.025116,0.070675,0.025993,0.026429,0.182173,0.214481
0.077855,0.077855,0.137209,0.146921,0.072025,0.131720,0.055743,0.060409,0.137159,0.103104
0.069567,0.069566,0.163942,0.100256,0.050678,0.176703,0.048590,0.048898,0.164040,0.107760
0.036089,0.036088,0.140690,0.064721,0.018475,0.382276,0.016192,0.017328,0.140651,0.147491
0.046543,0.046542,0.178616,0.260001,0.028943,0.099618,0.023438,0.026340,0.178390,0.111569
0.166324,0.166335,0.063917,0.060428,0.169596,0.062981,0.061727,0.122610,0.063923,0.062159
0.031793,0.031793,0.152625,0.339909,0.025458,0.086405,0.024396,0.023925,0.152480,0.131215
0.079347,0.079347,0.145645,0.101046,0.060462,0.155889,0.033707,0.043118,0.145609,0.155831
0.006061,0.006061,0.028285,0.019368,0.004948,0.872152,0.003901,0.005123,0.028264,0.025837
0.027015,0.027014,0.165469,0.326475,0.017338,0.055989,0.017311,0.016564,0.165425,0.181401
0.022468,0.022468,0.168759,0.337655,0.019538,0.063973,0.020483,0.019222,0.168040,0.157395
0.153850,0.153843,0.129121,0.083949,0.068750,0.073466,0.034833,0.075658,0.129214,0.097316
0.109725,0.109725,0.110716,0.100982,0.134627,0.086692,0.063901,0.076891,0.110726,0.096016
0.066522,0.066520,0.196785,0.171627,0.035723,0.089291,0.025811,0.033383,0.196596,0.117743
0.032403,0.032402,0.164318,0.346198,0.021787,0.078886,0.020557,0.020428,0.164159,0.118861
0.029420,0.029419,0.197059,0.310420,0.022835,0.058668,0.018855,0.019470,0.197596,0.116257
0.059071,0.059071,0.176300,0.175034,0.045180,0.114460,0.038573,0.039869,0.176184,0.116259
0.043769,0.043768,0.172686,0.144779,0.038540,0.161197,0.031038,0.038217,0.172551,0.153455
0.027533,0.027533,0.184292,0.274512,0.021444,0.092377,0.020768,0.021502,0.183852,0.146186
0.021042,0.021042,0.188221,0.108481,0.016500,0.280608,0.012329,0.014872,0.188058,0.148847
0.007680,0.007680,0.039911,0.025584,0.005896,0.827733,0.004734,0.006071,0.039883,0.034829
0.019744,0.019743,0.203931,0.251625,0.015034,0.073036,0.015054,0.014154,0.203443,0.184236
0.059850,0.059850,0.145646,0.221069,0.054642,0.111557,0.043635,0.046640,0.145551,0.111560
0.054054,0.054054,0.162585,0.161239,0.043482,0.103980,0.041611,0.039958,0.162545,0.176493
0.067299,0.067299,0.157673,0.112035,0.041850,0.201154,0.025056,0.043770,0.157571,0.126293
0.025629,0.025629,0.222325,0.201336,0.018904,0.079133,0.017865,0.018746,0.222069,0.168363
0.062889,0.062888,0.132381,0.190920,0.058680,0.142335,0.059546,0.058384,0.132308,0.099669
0.100000,0.100000,0.100000,0.100000,0.100000,0.100000,0.100000,0.100000,0.100000,0.100000
0.141272,0.141264,0.158066,0.123786,0.045583,0.082069,0.029578,0.037231,0.158099,0.083051
0.104507,0.104506,0.159429,0.127957,0.080411,0.071552,0.023515,0.034222,0.159361,0.134540
0.065556,0.065555,0.172482,0.086090,0.028865,0.209794,0.017072,0.022781,0.172422,0.159382
0.083415,0.083412,0.197736,0.141977,0.035964,0.090683,0.023811,0.029489,0.197806,0.115707
0.006047,0.006047,0.031150,0.020542,0.004678,0.862513,0.003411,0.005146,0.031129,0.029335
0.027973,0.027973,0.161772,0.349958,0.021529,0.074038,0.025089,0.020747,0.161676,0.129244
0.063782,0.063782,0.153198,0.162506,0.053818,0.123148,0.049867,0.050021,0.153166,0.126711
0.009079,0.009079,0.201938,0.266138,0.005491,0.071945,0.004433,0.004790,0.201314,0.225793
0.040223,0.040222,0.194860,0.169531,0.023108,0.111541,0.016426,0.025510,0.194618,0.183961
0.072935,0.072933,0.185951,0.141875,0.034954,0.108280,0.026525,0.029216,0.186000,0.141331
0.014335,0.014335,0.158154,0.434592,0.011769,0.062765,0.011049,0.011077,0.157815,0.124108
0.027549,0.027549,0.220790,0.257853,0.015671,0.064797,0.017920,0.015257,0.221307,0.131306
0.062233,0.062232,0.144342,0.216086,0.037533,0.096829,0.104652,0.032368,0.144123,0.099602
0.006473,0.006473,0.030695,0.021125,0.005273,0.861656,0.004169,0.005461,0.030673,0.028002
0.035637,0.035637,0.182809,0.134877,0.029787,0.229699,0.023610,0.030882,0.182756,0.114307
0.032308,0.032308,0.145479,0.103453,0.022775,0.274781,0.043792,0.031484,0.145389,0.168231
0.061255,0.061254,0.185764,0.121757,0.045667,0.120321,0.031395,0.035071,0.185631,0.151885
0.047630,0.047629,0.201555,0.226652,0.025849,0.076258,0.021880,0.024977,0.201158,0.126413
0.034648,0.034647,0.139195,0.086126,0.018514,0.282197,0.013705,0.016415,0.139126,0.235427
0.024133,0.024133,0.114629,0.089554,0.019315,0.398126,0.051249,0.019245,0.114518,0.145097
0.075161,0.075161,0.137349,0.148681,0.069175,0.139391,0.054153,0.059390,0.137298,0.104241
0.032908,0.032908,0.140815,0.079010,0.018933,0.302917,0.016699,0.016717,0.140782,0.218312
0.073606,0.073604,0.140076,0.130341,0.052772,0.096253,0.039410,0.061187,0.140024,0.192728
0.037787,0.037786,0.173209,0.248398,0.029547,0.113907,0.025811,0.028374,0.173095,0.132086
0.025617,0.025617,0.139861,0.101996,0.019727,0.352828,0.022805,0.020987,0.139762,0.150799
0.052402,0.052401,0.195202,0.140866,0.036164,0.140421,0.036561,0.034127,0.195217,0.116639
0.074383,0.074383,0.152288,0.094557,0.070745,0.175119,0.035547,0.043326,0.152257,0.127395
0.011360,0.011360,0.133952,0.310040,0.008208,0.057442,0.009090,0.008301,0.133794,0.316452
0.109725,0.109725,0.110716,0.100982,0.134627,0.086692,0.063901,0.076891,0.110726,0.096016
0.060031,0.060031,0.166191,0.119031,0.058682,0.120718,0.046879,0.046401,0.166116,0.155919
0.001133,0.001132,0.019812,0.019412,0.000645,0.006020,0.000572,0.000650,0.019828,0.930796
0.166324,0.166335,0.063917,0.060428,0.169596,0.062981,0.061727,0.122610,0.063923,0.062159
0.013634,0.013634,0.165928,0.428938,0.007935,0.047186,0.007380,0.007031,0.165313,0.143021
0.023931,0.023931,0.197802,0.298501,0.016620,0.066075,0.015806,0.014891,0.197672,0.144771
0.076734,0.076733,0.119506,0.051626,0.034382,0.396461,0.014185,0.026083,0.119577,0.084714
0.022468,0.022468,0.168759,0.337655,0.019538,0.063973,0.020483,0.019222,0.168040,0.157395
0.006195,0.006195,0.143695,0.496835,0.004116,0.035042,0.003714,0.003715,0.143078,0.157413
0.016663,0.016662,0.150946,0.378920,0.013292,0.063319,0.012964,0.012822,0.150497,0.183915
0.017585,0.017585,0.153691,0.397982,0.013250,0.061496,0.012849,0.013170,0.153196,0.159196
0.019829,0.019829,0.204096,0.264546,0.012923,0.050866,0.012426,0.011595,0.204364,0.199527
0.017248,0.017248,0.127313,0.440029,0.013081,0.048046,0.012669,0.012727,0.127106,0.184532
0.016835,0.016835,0.143397,0.469357,0.009630,0.062358,0.008288,0.012225,0.143138,0.117938
0.073794,0.073790,0.173416,0.094245,0.022748,0.186591,0.013812,0.017641,0.173354,0.170608
0.015070,0.015070,0.156344,0.415775,0.011288,0.060417,0.011149,0.011201,0.155859,0.147826
0.011511,0.011511,0.180734,0.192809,0.005875,0.040698,0.004339,0.005168,0.180242,0.367111
0.037260,0.037259,0.200743,0.085653,0.013787,0.064586,0.009564,0.011607,0.200853,0.338688
0.035147,0.035146,0.148590,0.066692,0.014074,0.113222,0.009964,0.010134,0.148501,0.418530
0.024692,0.024691,0.121080,0.458922,0.018471,0.063858,0.018599,0.025102,0.120922,0.123662
0.012169,0.012168,0.157074,0.072116,0.005299,0.427769,0.004093,0.005184,0.156858,0.147270
0.020026,0.020026,0.175699,0.354558,0.012011,0.052804,0.009872,0.012050,0.175427,0.167526
0.018360,0.018359,0.129715,0.064875,0.007569,0.029558,0.004873,0.005856,0.129575,0.591260
0.052143,0.052142,0.169054,0.077970,0.029588,0.300747,0.025383,0.024370,0.169152,0.099450
0.039940,0.039938,0.199482,0.205316,0.017095,0.063706,0.011148,0.012912,0.199045,0.211417
0.004273,0.004273,0.026842,0.014777,0.002393,0.890521,0.002220,0.003230,0.026834,0.024637
0.000001,0.000001,0.000001,0.000000,0.000000,0.000000,0.999995,0.000001,0.000001,0.000000
0.000521,0.000521,0.000526,0.000426,0.000423,0.000402,0.995462,0.000487,0.000526,0.000705
0.037280,0.037279,0.182011,0.198564,0.025116,0.070675,0.025993,0.026429,0.182173,0.214481
0.002913,0.002913,0.013659,0.008689,0.001441,0.005282,0.000940,0.001181,0.013672,0.949311
0.006268,0.006267,0.118721,0.176845,0.003706,0.031458,0.003748,0.003591,0.118737,0.530659
0.005245,0.005245,0.038530,0.030297,0.003063,0.015867,0.003540,0.002993,0.038564,0.856656
0.015284,0.015284,0.227129,0.256826,0.008197,0.067406,0.005331,0.006785,0.226832,0.170925
0.043867,0.043866,0.180043,0.236115,0.031060,0.074087,0.032780,0.035921,0.179864,0.142397
0.020493,0.020492,0.092044,0.044464,0.006542,0.587287,0.008179,0.006395,0.091955,0.122149
0.105383,0.105379,0.153555,0.139537,0.041017,0.077370,0.021133,0.030649,0.153549,0.172427
0.023807,0.023806,0.236626,0.141774,0.007317,0.074267,0.003936,0.006104,0.236189,0.246173
0.022468,0.022468,0.168759,0.337655,0.019538,0.063973,0.020483,0.019222,0.168040,0.157395
0.014024,0.014024,0.133465,0.150266,0.008325,0.319334,0.006408,0.007804,0.133201,0.213149
0.012365,0.012365,0.112803,0.616917,0.008191,0.037140,0.009165,0.008792,0.112637,0.069627
0.024118,0.024118,0.180483,0.078546,0.015124,0.314452,0.014061,0.014159,0.180578,0.154363
0.060643,0.060642,0.058564,0.040750,0.036029,0.055435,0.539955,0.040884,0.058587,0.048511
0.041638,0.041637,0.245906,0.168628,0.026053,0.072063,0.023571,0.019215,0.246075,0.115214
0.166324,0.166335,0.063917,0.060428,0.169596,0.062981,0.061727,0.122610,0.063923,0.062159
0.214885,0.214877,0.070786,0.037998,0.064857,0.056859,0.162905,0.048458,0.070823,0.057551
0.004858,0.004858,0.028290,0.012917,0.002037,0.047157,0.001163,0.001789,0.028269,0.868661
0.020841,0.020840,0.136691,0.064902,0.008839,0.153616,0.005575,0.008376,0.136662,0.443660
0.031011,0.031010,0.259478,0.105374,0.012951,0.065330,0.008043,0.010696,0.260312,0.215795
0.222951,0.222952,0.038017,0.025843,0.158009,0.028984,0.074312,0.161282,0.038037,0.029614
0.027579,0.027578,0.184647,0.136677,0.013342,0.099940,0.027633,0.013085,0.184482,0.285037
0.228297,0.228289,0.073588,0.047105,0.122308,0.052675,0.030202,0.062468,0.073630,0.081437
0.012633,0.012632,0.132239,0.175597,0.006424,0.284278,0.004435,0.006468,0.131988,0.233305
0.062296,0.062294,0.191039,0.091149,0.032020,0.132558,0.019327,0.025133,0.191329,0.192855
0.189431,0.189422,0.095713,0.082391,0.070374,0.066436,0.033866,0.068834,0.095702,0.107831
0.017429,0.017429,0.020747,0.015158,0.015100,0.016289,0.843297,0.016557,0.020756,0.017238
0.009980,0.009980,0.074113,0.054516,0.004754,0.690601,0.003043,0.004778,0.074034,0.074202
0.262259,0.262247,0.074152,0.042269,0.075320,0.055084,0.024636,0.069493,0.074227,0.060314
0.006061,0.006061,0.028285,0.019368,0.004948,0.872152,0.003901,0.005123,0.028264,0.025837
0.051024,0.051022,0.088795,0.034917,0.018592,0.557265,0.009728,0.015266,0.088828,0.084564
0.008047,0.008047,0.067237,0.046508,0.003899,0.709118,0.002798,0.004374,0.067163,0.082810
0.002266,0.002266,0.019847,0.012815,0.001080,0.018728,0.000517,0.000813,0.019818,0.921850
0.012911,0.012910,0.120859,0.063094,0.008088,0.514004,0.005815,0.008674,0.120763,0.132882
0.267405,0.267401,0.073387,0.042800,0.095364,0.046844,0.017223,0.048468,0.073389,0.067721
0.100000,0.100000,0.100000,0.100000,0.100000,0.100000,0.100000,0.100000,0.100000,0.100000
0.244754,0.244753,0.075207,0.046883,0.083012,0.063330,0.023912,0.084607,0.075229,0.058313
0.179780,0.179780,0.105932,0.065856,0.086456,0.080877,0.025596,0.068549,0.105923,0.101251
0.206051,0.206049,0.047661,0.030789,0.127000,0.035440,0.022762,0.241424,0.047695,0.035129
0.354822,0.354835,0.028650,0.017179,0.117533,0.019540,0.011402,0.035570,0.028668,0.031801
0.023598,0.023597,0.204340,0.171199,0.011932,0.044764,0.051638,0.011586,0.204037,0.253310
0.324530,0.324517,0.048860,0.025256,0.094682,0.031779,0.016519,0.039946,0.048892,0.045020
0.153850,0.153843,0.129121,0.083949,0.068750,0.073466,0.034833,0.075658,0.129214,0.097316
0.042140,0.042139,0.176708,0.119082,0.022133,0.244120,0.015629,0.017476,0.177056,0.143517
0.351665,0.351644,0.046255,0.021595,0.055060,0.029137,0.013878,0.031126,0.046316,0.053325
0.001838,0.001838,0.017057,0.007505,0.000858,0.020917,0.000669,0.000740,0.017071,0.931508
0.194696,0.194703,0.036541,0.025234,0.334734,0.033440,0.024055,0.089958,0.036564,0.030076
0.035611,0.035611,0.201868,0.216760,0.023651,0.071865,0.018963,0.020701,0.201589,0.173382
0.071255,0.071255,0.159662,0.169694,0.077854,0.088926,0.036834,0.055949,0.159520,0.109050
0.361004,0.361027,0.028289,0.013361,0.115955,0.019895,0.012268,0.031907,0.028320,0.027975
0.330261,0.330275,0.025579,0.015971,0.116298,0.018327,0.033393,0.081786,0.025599,0.022510
0.290340,0.290352,0.050905,0.034776,0.125549,0.033066,0.024310,0.060769,0.050936,0.038995
0.394905,0.394854,0.026359,0.012722,0.047054,0.014419,0.008437,0.056119,0.026390,0.018741
0.177340,0.177342,0.085987,0.059170,0.131547,0.083197,0.053965,0.070516,0.086037,0.074899
0.064097,0.064100,0.023102,0.018714,0.586104,0.018963,0.013270,0.169352,0.023107,0.019191
0.329692,0.329661,0.041080,0.023925,0.062371,0.026396,0.020835,0.095251,0.041116,0.029672
0.235645,0.235653,0.041102,0.024202,0.240230,0.035831,0.025406,0.091478,0.041141,0.029313
0.020071,0.020071,0.183890,0.100615,0.009194,0.120074,0.006116,0.007813,0.183822,0.348333
0.130835,0.130828,0.129832,0.085514,0.058268,0.105663,0.037167,0.099332,0.129922,0.092638
0.013323,0.013322,0.206515,0.173484,0.007675,0.251539,0.005938,0.007885,0.206415,0.113905
0.014278,0.014277,0.172078,0.061017,0.005136,0.435688,0.004025,0.005809,0.172523,0.115168
0.165376,0.165371,0.169138,0.052815,0.046428,0.074029,0.013742,0.026155,0.169578,0.117369
0.029793,0.029793,0.168870,0.114277,0.014578,0.149860,0.009151,0.013093,0.168827,0.301759
0.123294,0.123292,0.093081,0.089554,0.102421,0.089527,0.090062,0.103713,0.093087,0.091969
0.035599,0.035598,0.165207,0.077585,0.017569,0.270534,0.011169,0.014572,0.165130,0.207036
0.015379,0.015379,0.098145,0.056038,0.007908,0.571516,0.005602,0.008223,0.098024,0.123785
0.275466,0.275467,0.036103,0.022613,0.101897,0.024543,0.132607,0.061803,0.036129,0.033371
0.059132,0.059130,0.204832,0.078123,0.020586,0.077266,0.029305,0.015385,0.204842,0.251400
0.010533,0.010532,0.195607,0.322177,0.006307,0.082350,0.005576,0.006080,0.194982,0.165856
0.073941,0.073937,0.162100,0.105315,0.027220,0.223212,0.013707,0.021410,0.161931,0.137226
0.034007,0.034006,0.143858,0.104930,0.016820,0.351416,0.011969,0.017662,0.143797,0.141534
0.001071,0.001071,0.013311,0.010154,0.000573,0.014696,0.000428,0.000466,0.013284,0.944946
0.061534,0.061531,0.148103,0.064800,0.023693,0.048925,0.013834,0.018057,0.148362,0.411161
0.210580,0.210574,0.070118,0.052991,0.125804,0.059779,0.064407,0.072199,0.070160,0.063388
0.051128,0.051127,0.161326,0.384743,0.019449,0.045120,0.007329,0.013347,0.161150,0.105282
0.114405,0.114404,0.149795,0.129157,0.075647,0.075373,0.030580,0.045607,0.149888,0.115144
0.029420,0.029419,0.197059,0.310420,0.022835,0.058668,0.018855,0.019470,0.197596,0.116257
0.026228,0.026227,0.176114,0.129012,0.012259,0.278150,0.016272,0.013005,0.176012,0.146719
0.021216,0.021215,0.162719,0.197881,0.014282,0.232688,0.012477,0.012419,0.162520,0.162583
0.204096,0.204087,0.112533,0.063938,0.068923,0.078418,0.037435,0.049539,0.112665,0.068366
0.329073,0.329089,0.032972,0.020860,0.130419,0.026888,0.022048,0.045781,0.033000,0.029870
0.129265,0.129260,0.075217,0.052091,0.102007,0.052933,0.225848,0.082307,0.075252,0.075820
0.095996,0.095994,0.158215,0.110481,0.059084,0.083629,0.057378,0.047587,0.158241,0.133394
0.117493,0.117491,0.070173,0.054570,0.088027,0.054255,0.051519,0.318917,0.070201,0.057354
0.006226,0.006225,0.003917,0.003315,0.004248,0.003550,0.960452,0.004618,0.003918,0.003531
0.076604,0.076602,0.184263,0.067693,0.040573,0.131538,0.030878,0.031799,0.184895,0.175155
0.183477,0.183485,0.071569,0.056758,0.159103,0.063930,0.049305,0.097105,0.071587,0.063681
0.191148,0.191144,0.077586,0.060257,0.115417,0.068558,0.066930,0.083144,0.077627,0.068189
0.237805,0.237788,0.091218,0.055832,0.065715,0.048959,0.045366,0.053935,0.091298,0.072086
0.153084,0.153079,0.101811,0.075518,0.097339,0.083800,0.073159,0.082025,0.101857,0.078328
0.138429,0.138427,0.133404,0.078461,0.068321,0.092066,0.048739,0.054715,0.133453,0.113985
0.062184,0.062183,0.070982,0.054659,0.037371,0.053856,0.496106,0.037872,0.071026,0.053762
0.001573,0.001573,0.001598,0.001229,0.001192,0.001335,0.987070,0.001486,0.001599,0.001345
0.165598,0.165592,0.104379,0.078259,0.079689,0.085701,0.062721,0.067108,0.104426,0.086527
0.140412,0.140407,0.131225,0.081933,0.066751,0.098812,0.053958,0.062531,0.131313,0.092657
0.207101,0.207088,0.113746,0.069036,0.068286,0.059987,0.041892,0.042942,0.113863,0.076060
0.079388,0.079387,0.097563,0.061988,0.046677,0.059409,0.339676,0.070520,0.097627,0.067766
0.099364,0.099363,0.119202,0.075917,0.082201,0.077971,0.081857,0.126738,0.119249,0.118138
0.229015,0.229006,0.061297,0.044833,0.117049,0.048622,0.057854,0.100570,0.061332,0.050422
0.100000,0.100000,0.100000,0.100000,0.100000,0.100000,0.100000,0.100000,0.100000,0.100000
0.081203,0.081201,0.097288,0.071094,0.051696,0.056416,0.340053,0.050481,0.097319,0.073249
0.089532,0.089530,0.077873,0.058787,0.060211,0.064351,0.343024,0.057589,0.077876,0.081226
0.080296,0.080296,0.090050,0.080731,0.072767,0.070800,0.116920,0.104712,0.090053,0.213373
0.102392,0.102390,0.081972,0.064921,0.070766,0.058330,0.277097,0.089433,0.082003,0.070696
0.132153,0.132148,0.107136,0.069156,0.072997,0.062649,0.059717,0.107963,0.107195,0.148885
0.093762,0.093762,0.091885,0.088284,0.087021,0.085002,0.136260,0.096090,0.091890,0.136043
0.144001,0.143998,0.098906,0.073654,0.095681,0.085406,0.091984,0.085122,0.098940,0.082305
0.121971,0.121968,0.092030,0.072644,0.084577,0.070034,0.070687,0.088914,0.092058,0.185117
0.100000,0.100000,0.100000,0.100000,0.100000,0.100000,0.100000,0.100000,0.100000,0.100000
0.087074,0.087074,0.053431,0.044615,0.062126,0.056612,0.450103,0.054193,0.053441,0.051331
0.192394,0.192392,0.073843,0.047777,0.170892,0.053204,0.055017,0.087266,0.073893,0.053323
0.160538,0.160538,0.074302,0.059825,0.123433,0.079678,0.065216,0.132803,0.074325,0.069343
0.093535,0.093535,0.107441,0.108657,0.089778,0.097763,0.100836,0.096542,0.107426,0.104486
0.004282,0.004282,0.005033,0.003672,0.003346,0.003344,0.963724,0.003417,0.005036,0.003864
0.136848,0.136845,0.071003,0.048628,0.094012,0.049315,0.278151,0.058972,0.071038,0.055187
0.078168,0.078168,0.128289,0.094277,0.066980,0.083701,0.159338,0.072725,0.128320,0.110034
0.121146,0.121145,0.127784,0.089116,0.075873,0.099584,0.047636,0.070479,0.127776,0.119460
0.138459,0.138452,0.074828,0.050025,0.057187,0.049020,0.289409,0.058288,0.074866,0.069465
0.009641,0.009641,0.117066,0.255604,0.005901,0.031749,0.005424,0.005605,0.116847,0.442523
0.035091,0.035090,0.153821,0.101398,0.019631,0.060650,0.012877,0.017777,0.153781,0.409884
0.212312,0.212319,0.035495,0.028715,0.233828,0.037267,0.026456,0.146441,0.035507,0.031660
0.087957,0.087954,0.189619,0.116004,0.028043,0.105323,0.057473,0.023155,0.189411,0.115062
0.007680,0.007680,0.039911,0.025584,0.005896,0.827733,0.004734,0.006071,0.039883,0.034829
0.053463,0.053461,0.189139,0.108004,0.029254,0.103125,0.020534,0.025700,0.189012,0.228309
0.247069,0.247074,0.068633,0.046927,0.113883,0.058866,0.029517,0.057377,0.068673,0.061983
0.076467,0.076465,0.173082,0.163351,0.043315,0.143058,0.023142,0.028650,0.173235,0.099236
0.019927,0.019927,0.098361,0.052459,0.010461,0.604534,0.006897,0.009746,0.098373,0.079314
0.019744,0.019743,0.203931,0.251625,0.015034,0.073036,0.015054,0.014154,0.203443,0.184236
0.357806,0.357798,0.036725,0.019169,0.072621,0.023746,0.011682,0.051164,0.036764,0.032524
0.047645,0.047643,0.192966,0.058557,0.019640,0.087266,0.010382,0.014768,0.193599,0.327534
0.134165,0.134169,0.017125,0.011130,0.477497,0.014360,0.009580,0.170368,0.017136,0.014469
0.014061,0.014061,0.144836,0.068798,0.006629,0.106790,0.004769,0.006578,0.144648,0.488831
0.100000,0.100000,0.100000,0.100000,0.100000,0.100000,0.100000,0.100000,0.100000,0.100000
0.060297,0.060296,0.156201,0.207617,0.039026,0.073695,0.042488,0.036804,0.156100,0.167477
0.030864,0.030863,0.141976,0.130424,0.015121,0.274893,0.011809,0.014277,0.141911,0.207862
0.079162,0.079160,0.190481,0.069359,0.032002,0.098078,0.030403,0.028064,0.191034,0.202257
0.043215,0.043213,0.244939,0.137840,0.020102,0.092890,0.020315,0.017307,0.245542,0.134636
0.179968,0.179982,0.019503,0.012030,0.503173,0.013046,0.009491,0.046657,0.019516,0.016635
0.069013,0.069013,0.157424,0.188409,0.070374,0.139250,0.016845,0.034866,0.157246,0.097557
0.161001,0.160999,0.031548,0.026230,0.500192,0.018904,0.013846,0.030285,0.031562,0.025434
0.272147,0.272162,0.037500,0.024653,0.166980,0.024655,0.052859,0.078338,0.037522,0.033184
0.004127,0.004127,0.045817,0.049397,0.002658,0.800967,0.001979,0.002327,0.045756,0.042845
0.010598,0.010598,0.155729,0.039504,0.005264,0.136752,0.003907,0.004750,0.156182,0.476716
0.066010,0.066007,0.182765,0.222932,0.028748,0.089386,0.020955,0.024390,0.183131,0.115675
0.167120,0.167119,0.120999,0.068192,0.090014,0.072626,0.030108,0.064588,0.121062,0.098172
0.022067,0.022066,0.188180,0.387589,0.007008,0.039956,0.005203,0.006106,0.187728,0.134096
0.210213,0.210221,0.040882,0.029416,0.187244,0.034257,0.028095,0.177020,0.040901,0.041751
0.083459,0.083462,0.009563,0.006059,0.062499,0.006650,0.012649,0.718910,0.009571,0.007177
0.027810,0.027809,0.177068,0.098620,0.015329,0.286696,0.015592,0.013869,0.177210,0.159996
0.011182,0.011182,0.154743,0.198953,0.008108,0.046724,0.008136,0.007749,0.154435,0.398787
0.355823,0.355822,0.033274,0.017748,0.087727,0.017253,0.008283,0.060538,0.033308,0.030224
0.011652,0.011651,0.081198,0.056580,0.004413,0.640623,0.002711,0.003992,0.081071,0.106109
0.013707,0.013707,0.125607,0.540619,0.010719,0.054713,0.010076,0.010143,0.125401,0.095308
0.125555,0.125553,0.159238,0.083024,0.054593,0.082222,0.016924,0.039223,0.159351,0.154316
0.235243,0.235258,0.027173,0.018921,0.213224,0.018296,0.016451,0.186935,0.027190,0.021309
0.034651,0.034650,0.183374,0.120541,0.013905,0.088668,0.022479,0.011333,0.183226,0.307174
0.003696,0.003696,0.042662,0.037587,0.002434,0.824772,0.001868,0.002237,0.042652,0.038398
0.075695,0.075693,0.105267,0.108982,0.039656,0.158039,0.012046,0.240312,0.105237,0.079072
0.077406,0.077405,0.175280,0.106035,0.031341,0.111721,0.011197,0.023229,0.175241,0.211145
0.017533,0.017532,0.141928,0.070877,0.007077,0.505757,0.004146,0.005834,0.142008,0.087309
0.020086,0.020085,0.117306,0.070651,0.012017,0.523694,0.006978,0.012714,0.117172,0.099298
0.028962,0.028961,0.186884,0.124958,0.011455,0.054099,0.008188,0.009458,0.186661,0.360374
0.184763,0.184758,0.108411,0.076046,0.082500,0.068631,0.045489,0.066138,0.108469,0.074794
0.006779,0.006779,0.035457,0.020844,0.003699,0.854362,0.002360,0.004143,0.035424,0.030153
0.041577,0.041576,0.162650,0.114620,0.019485,0.294175,0.009715,0.013027,0.162579,0.140596
0.005261,0.005261,0.046288,0.046708,0.002982,0.015487,0.002086,0.003000,0.046213,0.826715
0.125003,0.125009,0.021529,0.014208,0.522715,0.021328,0.010846,0.121649,0.021541,0.016171
0.011488,0.011488,0.245252,0.272613,0.008677,0.065282,0.008269,0.008121,0.244586,0.124224
0.235255,0.235283,0.010268,0.005786,0.449327,0.008778,0.004691,0.031373,0.010276,0.008963
0.317034,0.317042,0.027583,0.018161,0.180580,0.021881,0.016176,0.049467,0.027601,0.024476
0.021339,0.021339,0.208214,0.275230,0.012963,0.051401,0.011622,0.011165,0.207660,0.179068
0.034694,0.034693,0.237004,0.151315,0.017063,0.087869,0.013746,0.013917,0.236905,0.172793
0.362646,0.362659,0.024378,0.014003,0.116982,0.021330,0.013487,0.038704,0.024399,0.021412
0.008789,0.008789,0.221673,0.083027,0.003909,0.095950,0.002687,0.003252,0.221310,0.350614
0.131366,0.131364,0.128727,0.114098,0.077927,0.091623,0.038047,0.046494,0.128788,0.111567
0.006922,0.006922,0.090800,0.083534,0.003735,0.524298,0.002748,0.004628,0.090572,0.185840
0.365062,0.365079,0.022873,0.013913,0.118962,0.016284,0.010376,0.047169,0.022894,0.017388
0.007429,0.007428,0.140394,0.302270,0.005109,0.052804,0.004977,0.004795,0.140333,0.334462
0.005988,0.005988,0.101788,0.108708,0.002886,0.589831,0.002149,0.002901,0.101571,0.078191
0.006272,0.006271,0.048069,0.027569,0.003635,0.793433,0.002974,0.004392,0.048007,0.059378
0.000784,0.000784,0.013652,0.010557,0.000416,0.012247,0.000342,0.000359,0.013625,0.947235
0.009540,0.009540,0.129261,0.499393,0.005633,0.036679,0.004471,0.005461,0.128771,0.171252
0.274824,0.274822,0.047221,0.032136,0.109554,0.044622,0.034479,0.087303,0.047246,0.047791
0.002178,0.002178,0.026575,0.017755,0.001152,0.022762,0.000669,0.000877,0.026531,0.899324
0.027637,0.027637,0.086680,0.028694,0.015031,0.056515,0.006344,0.012752,0.086842,0.651869
0.095953,0.095949,0.168749,0.147921,0.046587,0.081311,0.026666,0.058832,0.168654,0.109379
0.199164,0.199156,0.073988,0.050247,0.091851,0.066617,0.036558,0.144055,0.074026,0.064338
0.007942,0.007942,0.006828,0.005000,0.005283,0.004754,0.944471,0.005547,0.006831,0.005403
0.021787,0.021786,0.182919,0.309768,0.016743,0.066558,0.016560,0.016157,0.182352,0.165369
0.026910,0.026909,0.244225,0.219887,0.010222,0.046842,0.006298,0.008015,0.243672,0.167019
0.042828,0.042826,0.101039,0.051285,0.016685,0.535871,0.027450,0.014860,0.101199,0.065957
0.072196,0.072195,0.044302,0.020859,0.030557,0.631187,0.009800,0.031867,0.044317,0.042719
0.027807,0.027807,0.173051,0.293497,0.022216,0.073676,0.021364,0.021885,0.172604,0.166094
0.281062,0.281066,0.042961,0.027645,0.115680,0.037013,0.025257,0.102725,0.042992,0.043597
0.011033,0.011032,0.053097,0.034248,0.005105,0.729093,0.003576,0.005662,0.053059,0.094095
0.024308,0.024307,0.217616,0.268130,0.012493,0.067794,0.040476,0.010886,0.217295,0.116695
0.008955,0.008955,0.157805,0.323807,0.006100,0.042705,0.005448,0.005984,0.157232,0.283009
0.123080,0.123084,0.032200,0.023396,0.151648,0.028601,0.025055,0.426679,0.032214,0.034042
0.099243,0.099240,0.116239,0.071622,0.041777,0.249139,0.013618,0.043320,0.116147,0.149655
0.030921,0.030920,0.125934,0.048707,0.014071,0.529883,0.007717,0.009924,0.126157,0.075765
0.012673,0.012673,0.137349,0.099712,0.008216,0.408958,0.006019,0.008409,0.136999,0.168993
0.157123,0.157119,0.164146,0.103706,0.047413,0.071241,0.017581,0.027386,0.164178,0.090106
0.006473,0.006473,0.030695,0.021125,0.005273,0.861656,0.004169,0.005461,0.030673,0.028002
0.015143,0.015143,0.161650,0.416393,0.012259,0.056164,0.009617,0.010216,0.161309,0.142107
0.040809,0.040809,0.197351,0.227964,0.030710,0.090656,0.025532,0.027906,0.197170,0.121093
0.018413,0.018413,0.178535,0.377443,0.011235,0.067632,0.009571,0.010338,0.177950,0.130470
0.042214,0.042213,0.229748,0.189040,0.022284,0.080873,0.013584,0.018253,0.229541,0.132249
0.154914,0.154906,0.152451,0.068181,0.050564,0.072590,0.027108,0.043084,0.152939,0.123263
0.066446,0.066443,0.163356,0.071217,0.022589,0.145411,0.017445,0.019972,0.163319,0.263803
0.025343,0.025343,0.140766,0.096843,0.012885,0.407542,0.012082,0.014504,0.140666,0.124025
0.015112,0.015112,0.172140,0.310702,0.011467,0.065669,0.011574,0.011269,0.171470,0.215485
0.110433,0.110432,0.117061,0.092820,0.074445,0.078895,0.132521,0.067358,0.117098,0.098937
0.000727,0.000727,0.000667,0.000409,0.000385,0.000376,0.995198,0.000364,0.000668,0.000479
0.000019,0.000019,0.000020,0.000013,0.000012,0.000012,0.999856,0.000014,0.000020,0.000014
0.130233,0.130230,0.125587,0.091365,0.073889,0.077147,0.084419,0.057416,0.125654,0.104060
0.100000,0.100000,0.100000,0.100000,0.100000,0.100000,0.100000,0.100000,0.100000,0.100000
0.090162,0.090160,0.139847,0.107007,0.063534,0.089020,0.114934,0.059975,0.139881,0.105480
0.001718,0.001718,0.001728,0.001597,0.001514,0.001559,0.984821,0.002064,0.001729,0.001552
0.004567,0.004567,0.004928,0.003694,0.003596,0.003530,0.961708,0.004577,0.004930,0.003903
0.002411,0.002411,0.002828,0.002628,0.001993,0.002535,0.977636,0.002294,0.002829,0.002434
0.004606,0.004606,0.003978,0.002734,0.002729,0.002676,0.968649,0.003009,0.003982,0.003030
0.216118,0.216115,0.061481,0.041919,0.169106,0.053343,0.033111,0.091624,0.061516,0.055666
0.009745,0.009745,0.119834,0.279221,0.006993,0.052359,0.006878,0.006536,0.119671,0.389018
0.041066,0.041065,0.181613,0.084275,0.016518,0.250613,0.009511,0.013353,0.181652,0.180334
0.136073,0.136073,0.035002,0.022652,0.088756,0.030329,0.019751,0.469444,0.035027,0.026893
0.000535,0.000535,0.000641,0.000541,0.000440,0.000484,0.995171,0.000504,0.000641,0.000508
0.000000,0.000000,0.000000,0.000000,0.000000,0.000000,0.999998,0.000000,0.000000,0.000000
0.037766,0.037766,0.136571,0.043562,0.014865,0.177042,0.005436,0.009598,0.136918,0.400474
0.158550,0.158543,0.142163,0.102937,0.048571,0.065826,0.026118,0.041658,0.142055,0.113577
0.083754,0.083757,0.008480,0.006298,0.594520,0.008243,0.006627,0.192817,0.008484,0.007021
0.018752,0.018751,0.181272,0.250065,0.010334,0.179344,0.008081,0.009121,0.180928,0.143353
0.027009,0.027008,0.182068,0.109232,0.012704,0.265592,0.006410,0.010324,0.181858,0.177797
0.297843,0.297852,0.034447,0.021253,0.162811,0.024098,0.033656,0.058428,0.034474,0.035138
0.046589,0.046588,0.184003,0.146914,0.021643,0.084025,0.012439,0.020317,0.183881,0.253601
0.027865,0.027865,0.204713,0.250160,0.016333,0.054916,0.015406,0.014038,0.204112,0.184592
0.006267,0.006267,0.062659,0.040710,0.002821,0.726724,0.002414,0.002724,0.062564,0.086850
0.006576,0.006576,0.150857,0.522594,0.004213,0.040520,0.003968,0.003740,0.150156,0.110799
0.115711,0.115710,0.008742,0.005626,0.697463,0.006234,0.006601,0.028219,0.008748,0.006946
0.006355,0.006354,0.192293,0.127916,0.003050,0.211680,0.002571,0.002816,0.191769,0.255194
0.049013,0.049012,0.141997,0.089842,0.015178,0.042697,0.011488,0.010394,0.141840,0.448539
0.014089,0.014089,0.179500,0.128805,0.004720,0.300309,0.003491,0.003749,0.179180,0.172068
0.029953,0.029952,0.176509,0.241774,0.020695,0.061204,0.019968,0.019276,0.176166,0.224505
0.067320,0.067317,0.191647,0.060955,0.021998,0.149311,0.018486,0.018046,0.192217,0.212702
0.024073,0.024073,0.153438,0.425141,0.017983,0.058956,0.014434,0.017877,0.153018,0.111007
0.024471,0.024471,0.186643,0.171653,0.016214,0.160442,0.014505,0.014006,0.186206,0.201389
0.008601,0.008601,0.174235,0.144012,0.004721,0.239585,0.003999,0.004765,0.173886,0.237594
0.019694,0.019693,0.174482,0.110520,0.007013,0.342234,0.004389,0.005964,0.174277,0.141735
0.019170,0.019170,0.161061,0.391479,0.012938,0.062027,0.011991,0.012036,0.160614,0.149512
0.015871,0.015870,0.156942,0.366718,0.011825,0.051464,0.011279,0.011297,0.156331,0.202402
0.097748,0.097745,0.151294,0.085588,0.054206,0.100790,0.076746,0.064011,0.151649,0.120223
0.018182,0.018182,0.070694,0.031630,0.007133,0.590418,0.004342,0.006757,0.070768,0.181894
0.040712,0.040711,0.167110,0.321052,0.021576,0.075301,0.046989,0.020126,0.166914,0.099510
0.001672,0.001672,0.020316,0.021726,0.001045,0.006769,0.000992,0.001068,0.020317,0.924424
0.002940,0.002940,0.019163,0.009474,0.001369,0.019692,0.000942,0.001162,0.019192,0.923125
0.029924,0.029923,0.179405,0.214894,0.021567,0.073956,0.020711,0.020979,0.179314,0.229327
0.000897,0.000897,0.011931,0.012702,0.000544,0.003233,0.000456,0.000505,0.011905,0.956931
0.010765,0.010765,0.059309,0.026377,0.005713,0.103144,0.003658,0.005171,0.059423,0.715675
0.003258,0.003258,0.020084,0.008117,0.001033,0.023692,0.000732,0.000901,0.020104,0.918823
0.347164,0.347179,0.023634,0.012388,0.131806,0.016111,0.014261,0.050850,0.023656,0.032953
0.002633,0.002633,0.025746,0.044275,0.001686,0.010282,0.001405,0.001537,0.025681,0.884122
0.280417,0.280431,0.029175,0.021556,0.202206,0.023966,0.017830,0.086503,0.029187,0.028730
0.306843,0.306867,0.040212,0.028793,0.149368,0.027627,0.015631,0.052184,0.040215,0.032258
0.002675,0.002675,0.023933,0.010361,0.000922,0.032606,0.000550,0.000787,0.023896,0.901597
0.276020,0.276022,0.067850,0.035910,0.099191,0.052609,0.024473,0.053070,0.067913,0.046942
0.266322,0.266313,0.074010,0.041050,0.079356,0.043582,0.021154,0.045630,0.074071,0.088512
0.026028,0.026027,0.205233,0.277429,0.015873,0.056855,0.015338,0.015016,0.204824,0.157377
0.013307,0.013307,0.199382,0.321738,0.009518,0.045445,0.008439,0.009606,0.198757,0.180500
0.018854,0.018854,0.081682,0.046869,0.010435,0.626863,0.007218,0.012755,0.081682,0.094786
0.009161,0.009161,0.146280,0.345516,0.006147,0.051557,0.007091,0.005828,0.146042,0.273216
0.007768,0.007768,0.067043,0.039177,0.004594,0.738982,0.003946,0.005260,0.066970,0.058493
0.095104,0.095101,0.170594,0.108799,0.037625,0.078215,0.027086,0.031992,0.170538,0.184946
0.010372,0.010372,0.128262,0.318582,0.007483,0.051707,0.007876,0.007176,0.128142,0.330028
0.089378,0.089374,0.141464,0.052223,0.031095,0.298895,0.017881,0.032497,0.141612,0.105581
0.032731,0.032731,0.181660,0.170587,0.015358,0.049353,0.022959,0.013366,0.181449,0.299806
0.017715,0.017715,0.098992,0.072745,0.010290,0.562408,0.007788,0.011263,0.098934,0.102150
0.089547,0.089547,0.195388,0.138713,0.031253,0.073079,0.039948,0.021873,0.195257,0.125395
0.009437,0.009436,0.161069,0.337034,0.005101,0.173611,0.004289,0.004819,0.160941,0.134264
0.074689,0.074685,0.159503,0.071031,0.027942,0.215025,0.015950,0.030051,0.159522,0.171602
0.014793,0.014793,0.089762,0.035846,0.007906,0.602726,0.007677,0.007894,0.089756,0.128847
0.040539,0.040538,0.168519,0.069607,0.021687,0.108820,0.021210,0.019228,0.168935,0.340916
0.025201,0.025201,0.118157,0.038865,0.012329,0.074036,0.006861,0.008445,0.118358,0.572548
0.041824,0.041823,0.200562,0.097631,0.022616,0.132937,0.016326,0.018468,0.200511,0.227301
0.024502,0.024502,0.155070,0.398343,0.016144,0.071437,0.019475,0.016980,0.154972,0.118573
0.052755,0.052754,0.181851,0.109950,0.032517,0.075914,0.043690,0.029213,0.181823,0.239533
0.009908,0.009907,0.168362,0.453077,0.004917,0.029532,0.004912,0.004624,0.167946,0.146814
0.003889,0.003889,0.038523,0.060463,0.002221,0.015543,0.001606,0.002084,0.038424,0.833358
0.047881,0.047880,0.194130,0.150141,0.036100,0.078896,0.033597,0.033945,0.194076,0.183356
0.034992,0.034990,0.244462,0.258111,0.013592,0.049345,0.012259,0.010633,0.244049,0.097568
0.005657,0.005657,0.061496,0.046436,0.002820,0.019326,0.002796,0.002818,0.061469,0.791524
0.035227,0.035226,0.193894,0.278201,0.021478,0.066563,0.022434,0.019370,0.194181,0.133425
0.019054,0.019053,0.144817,0.094896,0.007626,0.431575,0.007465,0.008570,0.144731,0.122211
0.012212,0.012212,0.161783,0.402607,0.007795,0.048426,0.008197,0.007023,0.161261,0.178485
0.016041,0.016040,0.162093,0.074454,0.007932,0.076157,0.007398,0.008917,0.162292,0.468676
0.088437,0.088436,0.137056,0.102542,0.082947,0.111300,0.068675,0.069276,0.137297,0.114033
0.028711,0.028710,0.198529,0.318946,0.016270,0.056913,0.018472,0.014837,0.198832,0.119780
0.043949,0.043948,0.176040,0.248474,0.026074,0.133613,0.023626,0.023472,0.176093,0.104712
0.018346,0.018345,0.216048,0.120720,0.007339,0.160158,0.004886,0.005898,0.215914,0.232348
0.009739,0.009739,0.054580,0.027108,0.004618,0.792141,0.004935,0.004181,0.054657,0.038302
0.027948,0.027947,0.187009,0.322390,0.015475,0.070291,0.017713,0.016381,0.186749,0.128097
0.187882,0.187876,0.126737,0.074881,0.061139,0.087826,0.025593,0.041268,0.126843,0.079956
0.030584,0.030584,0.215487,0.191652,0.022895,0.107819,0.025057,0.022272,0.215692,0.137957
0.008537,0.008537,0.155244,0.521920,0.005310,0.038414,0.005042,0.005030,0.154952,0.097014
0.024447,0.024446,0.191066,0.374129,0.013617,0.056587,0.015027,0.012295,0.191345,0.097041
0.044681,0.044680,0.080618,0.041608,0.016376,0.624685,0.012846,0.010695,0.080630,0.043181
0.094619,0.094619,0.160783,0.067746,0.057953,0.195506,0.023219,0.037044,0.161193,0.107318
0.021204,0.021204,0.166134,0.380733,0.016138,0.067658,0.016032,0.018253,0.165763,0.126882
0.005450,0.005450,0.126986,0.597675,0.003201,0.036184,0.003359,0.002981,0.126677,0.092036
0.023097,0.023096,0.230985,0.203611,0.013894,0.068165,0.013562,0.014271,0.231427,0.177892
0.030921,0.030920,0.200434,0.382867,0.012369,0.046809,0.007296,0.009266,0.200083,0.079036
0.019417,0.019417,0.100838,0.046810,0.011110,0.599212,0.005906,0.009640,0.100895,0.086754
0.030459,0.030458,0.213331,0.244163,0.016583,0.073710,0.013967,0.015488,0.213436,0.148405
0.041464,0.041463,0.219578,0.172275,0.021380,0.113159,0.017279,0.018962,0.219828,0.134612
0.010158,0.010157,0.090951,0.150953,0.005442,0.574336,0.004322,0.005067,0.090825,0.057789
0.027331,0.027329,0.087232,0.034957,0.009982,0.656938,0.016382,0.008412,0.087463,0.043975
0.040427,0.040426,0.222045,0.124975,0.023481,0.140085,0.025783,0.020483,0.222615,0.139679
0.135580,0.135571,0.107044,0.050772,0.035912,0.302648,0.018526,0.024673,0.107075,0.082200
0.082409,0.082407,0.162810,0.111115,0.051995,0.128361,0.045746,0.046946,0.163065,0.125146
0.050337,0.050341,0.004843,0.002995,0.096739,0.003723,0.002614,0.777456,0.004846,0.006105
0.024291,0.024291,0.140957,0.077704,0.011523,0.083172,0.005557,0.008104,0.140793,0.483608
0.015822,0.015822,0.211100,0.193191,0.011540,0.131677,0.010403,0.011918,0.210637,0.187889
0.275572,0.275568,0.055894,0.026592,0.092980,0.031236,0.043997,0.082304,0.055957,0.059900
0.019099,0.019099,0.094304,0.052828,0.012192,0.627110,0.010204,0.011325,0.094403,0.059435
0.014661,0.014661,0.174645,0.333773,0.008056,0.059900,0.006027,0.006924,0.174264,0.207089
0.065576,0.065574,0.028350,0.013425,0.023797,0.677737,0.027239,0.033796,0.028358,0.036147
0.034286,0.034285,0.172482,0.145435,0.025005,0.083558,0.019587,0.023260,0.172194,0.289908
0.014856,0.014856,0.122979,0.107501,0.007629,0.378386,0.006546,0.008664,0.122808,0.215775
0.018057,0.018057,0.139773,0.517109,0.010453,0.038588,0.010040,0.009650,0.139464,0.098808
0.005885,0.005885,0.066183,0.029373,0.003610,0.747537,0.002965,0.003252,0.066086,0.069224
0.017147,0.017146,0.121217,0.523287,0.012732,0.054962,0.011028,0.011352,0.121070,0.110057
0.025833,0.025833,0.179503,0.336876,0.018036,0.074131,0.016589,0.015980,0.179008,0.128211
0.015371,0.015370,0.123910,0.565106,0.011026,0.055991,0.009556,0.009781,0.123788,0.070100
0.034551,0.034550,0.164162,0.378547,0.019279,0.077486,0.020519,0.016803,0.164122,0.089979
0.199264,0.199262,0.079622,0.054174,0.087586,0.050041,0.132691,0.061591,0.079675,0.056094
0.055133,0.055132,0.178625,0.117351,0.039984,0.103265,0.037599,0.040352,0.178923,0.193635
0.017774,0.017774,0.133496,0.519039,0.013845,0.056146,0.014843,0.013197,0.133373,0.080513
0.010076,0.010076,0.126394,0.538980,0.007005,0.047378,0.006262,0.006270,0.126198,0.121361
0.043135,0.043135,0.206205,0.163105,0.026296,0.091529,0.023498,0.025149,0.206540,0.171408
0.006299,0.006299,0.050186,0.044975,0.004313,0.769110,0.004756,0.004767,0.050112,0.059182
0.018681,0.018681,0.124626,0.539248,0.014431,0.058348,0.013578,0.013766,0.124542,0.074100
0.008216,0.008216,0.040482,0.038632,0.005603,0.800012,0.004687,0.005835,0.040452,0.047865
0.008702,0.008702,0.129217,0.588591,0.005817,0.047823,0.005205,0.005177,0.129049,0.071718
0.010927,0.010926,0.054773,0.048399,0.005780,0.763958,0.003359,0.005231,0.054737,0.041910
0.004576,0.004576,0.038776,0.042505,0.003433,0.829471,0.002379,0.003362,0.038729,0.032193
0.005425,0.005425,0.055046,0.063289,0.003941,0.759865,0.002770,0.003834,0.054947,0.045458
0.107111,0.107110,0.082023,0.069563,0.086456,0.067958,0.101161,0.189332,0.082040,0.107247
0.024534,0.024533,0.140601,0.454385,0.016991,0.055922,0.018836,0.013915,0.140436,0.109846
0.018174,0.018174,0.151682,0.460505,0.013960,0.067016,0.016225,0.014077,0.151248,0.088940
0.017927,0.017927,0.181178,0.326360,0.013663,0.076961,0.013995,0.012764,0.180638,0.158587
0.043562,0.043560,0.210693,0.207757,0.019770,0.056257,0.012290,0.020933,0.210286,0.174892
0.019083,0.019082,0.156898,0.430709,0.015112,0.072660,0.014558,0.014420,0.156466,0.101012
0.002822,0.002822,0.024844,0.011368,0.001859,0.896681,0.001444,0.001780,0.024856,0.031526
0.110614,0.110612,0.078746,0.065369,0.085033,0.064595,0.068570,0.218822,0.078769,0.118870
0.077288,0.077286,0.167392,0.161351,0.046238,0.112093,0.037972,0.041558,0.167449,0.111372
0.024652,0.024651,0.135481,0.408174,0.019292,0.090250,0.018170,0.020207,0.135343,0.123780
0.021580,0.021580,0.218691,0.206927,0.010950,0.173385,0.007767,0.009397,0.218525,0.111197
0.003622,0.003622,0.143500,0.557238,0.002273,0.043706,0.002073,0.001977,0.142979,0.099009
0.077796,0.077795,0.154446,0.172797,0.054368,0.107003,0.049056,0.044815,0.154337,0.107587
0.010257,0.010257,0.130750,0.582587,0.006958,0.048341,0.006023,0.006049,0.130434,0.068345
0.012323,0.012322,0.142939,0.172796,0.007659,0.385522,0.006350,0.006971,0.142647,0.110471
0.021993,0.021993,0.122270,0.521887,0.015397,0.068581,0.013313,0.013875,0.122168,0.078522
0.025975,0.025974,0.152846,0.445455,0.017038,0.063090,0.015738,0.015995,0.152430,0.085459
0.013779,0.013779,0.082517,0.062407,0.009725,0.626119,0.006797,0.007945,0.082385,0.094546
0.002054,0.002054,0.052689,0.029657,0.000975,0.813814,0.000838,0.001010,0.052570,0.044338
0.019964,0.019964,0.141838,0.454345,0.014993,0.060358,0.012535,0.014811,0.141637,0.119556
0.001458,0.001458,0.017645,0.010206,0.000705,0.922530,0.000459,0.000611,0.017620,0.027308
0.011093,0.011093,0.136475,0.145243,0.005977,0.461589,0.004057,0.005328,0.136206,0.082937
0.001105,0.001105,0.012104,0.008836,0.000756,0.951681,0.000625,0.000702,0.012083,0.011004
0.003885,0.003884,0.092708,0.713392,0.002841,0.035068,0.002711,0.002666,0.092373,0.050472
0.004451,0.004451,0.084157,0.742363,0.002952,0.030717,0.002683,0.002737,0.083841,0.041648
0.191430,0.191418,0.075965,0.063893,0.098696,0.073928,0.063402,0.089844,0.075983,0.075442
0.015162,0.015162,0.137906,0.129190,0.007704,0.470737,0.005975,0.006397,0.137744,0.074024
0.007356,0.007356,0.038017,0.033467,0.005156,0.827839,0.003937,0.004938,0.037993,0.033941
0.316531,0.316502,0.053400,0.027013,0.066428,0.034785,0.024242,0.044474,0.053462,0.063163
0.223922,0.223905,0.079401,0.052243,0.070562,0.052744,0.048035,0.066306,0.079437,0.103445
0.273849,0.273835,0.064156,0.040595,0.076738,0.041425,0.040358,0.050305,0.064188,0.074552
0.179071,0.179064,0.095336,0.069939,0.078397,0.062339,0.064351,0.073130,0.095376,0.102997
0.249990,0.249976,0.066424,0.045060,0.087624,0.040633,0.042530,0.064529,0.066458,0.086777
0.144744,0.144746,0.047234,0.034426,0.152937,0.063789,0.174864,0.148790,0.047253,0.041218
0.007448,0.007448,0.073490,0.054841,0.004313,0.707517,0.003341,0.003774,0.073399,0.064427
0.037425,0.037424,0.103109,0.047612,0.017713,0.492053,0.010690,0.018377,0.103213,0.132384
0.197007,0.196993,0.074716,0.056957,0.090260,0.063567,0.055805,0.085218,0.074744,0.104732
0.006446,0.006445,0.087589,0.090967,0.003554,0.654980,0.002251,0.003266,0.087605,0.056897
0.354532,0.354537,0.028911,0.017049,0.090757,0.022074,0.046146,0.034624,0.028932,0.022439
0.073668,0.073666,0.080164,0.056767,0.040672,0.047408,0.441998,0.049237,0.080234,0.056187
0.314014,0.314028,0.032295,0.020420,0.155054,0.020326,0.020624,0.058008,0.032319,0.032912
0.006526,0.006526,0.061397,0.029852,0.003181,0.769669,0.002845,0.002864,0.061484,0.055655
0.051082,0.051082,0.131611,0.310307,0.043925,0.110335,0.041344,0.042864,0.131463,0.085986
0.210867,0.210874,0.056091,0.043171,0.171235,0.043997,0.052985,0.107483,0.056122,0.047177
0.021681,0.021681,0.233442,0.227547,0.011122,0.062885,0.023697,0.009844,0.233206,0.154895
0.026258,0.026257,0.181014,0.276461,0.019596,0.099977,0.018454,0.018237,0.180535,0.153210
0.185368,0.185362,0.074797,0.062890,0.114490,0.067379,0.070051,0.092563,0.074824,0.072276
0.015170,0.015170,0.114750,0.582960,0.010947,0.059489,0.013710,0.010064,0.114622,0.063117
0.125492,0.125488,0.083627,0.054748,0.061526,0.051889,0.279834,0.071728,0.083689,0.061979
0.216108,0.216103,0.081541,0.056121,0.100389,0.055106,0.060310,0.068376,0.081611,0.064336
0.021690,0.021690,0.128872,0.467930,0.016176,0.077341,0.015106,0.015052,0.128747,0.107396
0.173254,0.173247,0.084817,0.070760,0.092001,0.098113,0.057951,0.074106,0.084842,0.090910
0.028044,0.028043,0.199885,0.270591,0.018190,0.074428,0.016849,0.016991,0.199931,0.147046
0.023028,0.023028,0.113211,0.548031,0.014825,0.077041,0.012119,0.012763,0.113073,0.062881
0.023656,0.023655,0.151107,0.392847,0.020034,0.091846,0.019022,0.019423,0.150726,0.107684
0.011915,0.011914,0.255780,0.186537,0.006540,0.080946,0.005850,0.005744,0.256380,0.178395
0.183360,0.183352,0.116073,0.068274,0.067104,0.079600,0.055360,0.046049,0.116141,0.084685
0.028627,0.028626,0.107210,0.061458,0.017037,0.430171,0.014821,0.014292,0.107185,0.190573
0.038565,0.038565,0.179969,0.228043,0.027218,0.092333,0.023299,0.028721,0.179867,0.163420
0.006005,0.006005,0.110129,0.637631,0.004137,0.053090,0.003564,0.003980,0.109856,0.065603
0.055853,0.055851,0.237496,0.141016,0.029848,0.084421,0.026218,0.027679,0.237606,0.104011
0.007577,0.007577,0.153427,0.506033,0.005083,0.086026,0.004610,0.004866,0.153394,0.071407
0.009442,0.009442,0.152827,0.226722,0.006637,0.196273,0.006493,0.007297,0.152488,0.232379
0.087632,0.087629,0.156733,0.161286,0.041902,0.110583,0.035251,0.040742,0.156691,0.121551
0.296236,0.296240,0.047061,0.031090,0.150039,0.029216,0.021171,0.048263,0.047100,0.033583
0.107111,0.107110,0.082023,0.069563,0.086456,0.067958,0.101161,0.189332,0.082040,0.107247
0.156482,0.156484,0.046496,0.028724,0.137319,0.035998,0.064081,0.292738,0.046528,0.035149
0.187403,0.187396,0.057162,0.037118,0.078664,0.065828,0.203795,0.072382,0.057191,0.053061
0.110614,0.110612,0.078746,0.065369,0.085033,0.064595,0.068570,0.218822,0.078769,0.118870
0.184831,0.184828,0.100070,0.076348,0.080842,0.069782,0.050011,0.079628,0.100123,0.073538
0.085514,0.085518,0.025465,0.021774,0.633879,0.023219,0.021635,0.055127,0.025472,0.022397
0.072830,0.072833,0.042277,0.037662,0.522893,0.060906,0.034390,0.076633,0.042284,0.037292
0.023845,0.023846,0.007079,0.006352,0.879217,0.006637,0.006477,0.032173,0.007080,0.007293
0.130835,0.130828,0.129832,0.085514,0.058268,0.105663,0.037167,0.099332,0.129922,0.092638
0.036918,0.036920,0.012031,0.009520,0.811494,0.012306,0.012502,0.045864,0.012035,0.010410
0.061700,0.061699,0.053423,0.042414,0.064408,0.054370,0.094620,0.471981,0.053440,0.041945
0.006070,0.006070,0.003017,0.002528,0.007604,0.002643,0.003320,0.963082,0.003018,0.002647
0.023226,0.023227,0.009308,0.008584,0.870059,0.008838,0.008791,0.030116,0.009308,0.008542
0.024684,0.024684,0.015487,0.013321,0.027780,0.013680,0.013689,0.837859,0.015490,0.013326
0.013797,0.013797,0.010199,0.009585,0.018861,0.010162,0.009569,0.894345,0.010199,0.009487
0.047014,0.047012,0.023820,0.018638,0.033757,0.017235,0.018261,0.751468,0.023830,0.018965
0.042445,0.042447,0.012445,0.010691,0.763112,0.012281,0.010537,0.083504,0.012447,0.010092
0.047414,0.047415,0.032930,0.028644,0.052997,0.046766,0.022176,0.661069,0.032937,0.027653
0.005409,0.005409,0.002607,0.002091,0.005303,0.002339,0.002284,0.969691,0.002608,0.002258
0.014692,0.014692,0.011670,0.010797,0.016837,0.011160,0.009243,0.888561,0.011670,0.010676
0.098946,0.098950,0.035766,0.031390,0.494194,0.034468,0.039333,0.098546,0.035774,0.032633
0.031855,0.031855,0.025905,0.022451,0.044594,0.023789,0.042561,0.728167,0.025911,0.022911
0.047641,0.047644,0.009987,0.007947,0.044032,0.009141,0.006136,0.808451,0.009991,0.009029
0.008642,0.008642,0.006555,0.005485,0.011584,0.009250,0.016103,0.921705,0.006557,0.005478
0.003126,0.003126,0.001978,0.001779,0.003928,0.001781,0.008378,0.972060,0.001979,0.001866
0.007379,0.007379,0.004574,0.003725,0.008836,0.003942,0.004850,0.949372,0.004575,0.005370
0.057347,0.057346,0.042793,0.035418,0.047753,0.029527,0.033605,0.621355,0.042800,0.032055
0.005698,0.005698,0.002639,0.002082,0.006265,0.002341,0.003207,0.967025,0.002640,0.002406
0.070920,0.070924,0.018338,0.015194,0.674573,0.016156,0.015392,0.084075,0.018343,0.016085
0.074400,0.074400,0.072285,0.059998,0.072088,0.150147,0.070967,0.290335,0.072302,0.063079
0.163747,0.163760,0.018962,0.012426,0.533876,0.012562,0.010797,0.050896,0.018977,0.013997
0.009037,0.009037,0.006951,0.005799,0.011946,0.009915,0.017534,0.917042,0.006953,0.005787
0.083458,0.083457,0.074044,0.061221,0.079657,0.090707,0.153384,0.238165,0.074062,0.061847
0.034423,0.034423,0.037014,0.036211,0.038539,0.038144,0.034157,0.671465,0.037009,0.038613
0.129770,0.129771,0.065642,0.048568,0.096276,0.051046,0.037807,0.299391,0.065679,0.076052
0.006032,0.006032,0.002770,0.002285,0.006785,0.002779,0.003325,0.964630,0.002771,0.002591
0.063737,0.063736,0.053158,0.039842,0.049074,0.032739,0.045363,0.561729,0.053176,0.037445
0.050950,0.050954,0.003623,0.002553,0.794843,0.002740,0.003210,0.084513,0.003625,0.002989
0.166859,0.166865,0.013938,0.007506,0.562009,0.009906,0.005423,0.044170,0.013951,0.009372
0.118374,0.118374,0.078539,0.070763,0.128549,0.073047,0.078758,0.182690,0.078548,0.072357
0.244482,0.244474,0.038311,0.025745,0.117146,0.027605,0.027161,0.207373,0.038338,0.029365
0.155544,0.155544,0.086302,0.062191,0.193424,0.058186,0.068630,0.068960,0.086355,0.064864
0.125355,0.125353,0.109928,0.069580,0.056118,0.065136,0.183516,0.065873,0.110008,0.089133
0.090692,0.090696,0.021524,0.014454,0.614311,0.016877,0.032343,0.080758,0.021538,0.016806
0.342233,0.342233,0.042201,0.022789,0.095518,0.026458,0.012667,0.034835,0.042250,0.038815
0.056868,0.056867,0.210138,0.119306,0.027561,0.089808,0.099975,0.023087,0.210614,0.105777
0.263374,0.263385,0.014782,0.009921,0.330835,0.018153,0.009142,0.063293,0.014790,0.012324
0.141043,0.141046,0.046249,0.036977,0.108137,0.037274,0.026506,0.373501,0.046258,0.043008
0.013734,0.013734,0.181400,0.386991,0.007024,0.039537,0.004461,0.006106,0.181115,0.165898
0.071076,0.071074,0.198730,0.109963,0.039277,0.077668,0.062323,0.035979,0.199183,0.134727
0.096983,0.096982,0.040896,0.027468,0.127173,0.028508,0.437407,0.064357,0.040926,0.039300
0.020182,0.020184,0.001389,0.000847,0.309916,0.001026,0.002241,0.641802,0.001390,0.001022
0.132092,0.132090,0.100315,0.084421,0.094115,0.087689,0.085983,0.092020,0.100364,0.090912
0.023440,0.023439,0.212951,0.106281,0.008650,0.225510,0.007860,0.006747,0.212807,0.172315
0.096531,0.096535,0.017890,0.012993,0.620514,0.013171,0.027728,0.082519,0.017900,0.014220
0.133177,0.133175,0.096138,0.081642,0.100223,0.087356,0.086061,0.098742,0.096180,0.087305
0.139643,0.139639,0.117428,0.085150,0.082025,0.079649,0.068673,0.088223,0.117502,0.082068
0.162788,0.162785,0.104836,0.081849,0.087818,0.075381,0.059287,0.076499,0.104897,0.083861
0.154037,0.154035,0.090218,0.074525,0.101868,0.078977,0.079532,0.096726,0.090261,0.079822
0.085429,0.085428,0.097231,0.075710,0.071359,0.084393,0.237899,0.078471,0.097276,0.086803
0.077259,0.077259,0.070511,0.048049,0.057429,0.052677,0.415709,0.072933,0.070561,0.057613
0.001255,0.001255,0.001401,0.000999,0.000698,0.000798,0.990483,0.000759,0.001401,0.000951
0.027111,0.027111,0.026261,0.019751,0.021250,0.019671,0.790335,0.021031,0.026280,0.021199
0.009958,0.009957,0.170809,0.175916,0.005585,0.266614,0.005576,0.005312,0.170500,0.179773
0.076161,0.076159,0.036074,0.025775,0.036729,0.025611,0.627427,0.032007,0.036103,0.027956
0.011022,0.011022,0.161039,0.521649,0.006706,0.031013,0.016188,0.006821,0.160786,0.073753
0.013542,0.013542,0.270471,0.109333,0.007786,0.063644,0.102631,0.007525,0.271351,0.140176
0.036387,0.036387,0.243786,0.176970,0.020821,0.073699,0.027880,0.019106,0.243970,0.120993
0.014639,0.014639,0.258791,0.140602,0.006665,0.056409,0.005292,0.005637,0.259226,0.238100
0.193160,0.193155,0.082581,0.064025,0.112866,0.061293,0.049949,0.093247,0.082615,0.067110
0.027513,0.027512,0.182460,0.283496,0.019386,0.063974,0.061242,0.019121,0.182295,0.133000
0.012552,0.012551,0.202773,0.248729,0.008528,0.046065,0.034814,0.008344,0.202344,0.223301
0.021225,0.021225,0.285942,0.169078,0.011642,0.057203,0.009872,0.010955,0.286509,0.126350
0.019367,0.019366,0.264160,0.165392,0.009963,0.039937,0.012850,0.009267,0.265260,0.194436
0.158441,0.158436,0.021519,0.014252,0.070525,0.016314,0.012895,0.510031,0.021533,0.016056
0.016371,0.016371,0.247482,0.254149,0.008637,0.047815,0.007315,0.007810,0.247979,0.146072
0.018448,0.018447,0.266895,0.209229,0.008203,0.037852,0.010589,0.007079,0.266596,0.156664
0.047271,0.047269,0.270012,0.064101,0.019094,0.081464,0.027226,0.021998,0.270785,0.150779
0.036226,0.036226,0.257193,0.089204,0.022948,0.108855,0.029475,0.022002,0.257622,0.140250
0.015223,0.015223,0.266837,0.120672,0.007271,0.055679,0.020061,0.006152,0.266898,0.225984
0.140517,0.140516,0.132467,0.097735,0.071994,0.077714,0.028322,0.080065,0.132560,0.098111
0.029107,0.029106,0.248137,0.076127,0.017840,0.070167,0.019668,0.016608,0.249164,0.244077
0.102121,0.102118,0.149386,0.124548,0.057440,0.088956,0.040092,0.083687,0.149602,0.102050
0.082210,0.082209,0.191181,0.077799,0.050223,0.084041,0.069829,0.032936,0.191636,0.137937
0.009880,0.009880,0.265745,0.064085,0.003922,0.257080,0.002396,0.002967,0.267038,0.117007
0.018987,0.018987,0.254717,0.202187,0.010939,0.056122,0.010130,0.010171,0.254389,0.163370
0.012730,0.012730,0.248682,0.244745,0.006930,0.031605,0.008537,0.007377,0.248607,0.178055
0.260475,0.260470,0.104107,0.049442,0.058061,0.037577,0.015848,0.032104,0.104203,0.077713
0.039664,0.039664,0.188795,0.196792,0.032442,0.102788,0.031261,0.031639,0.188569,0.148387
0.022784,0.022783,0.216730,0.164622,0.010474,0.129179,0.006793,0.010314,0.216342,0.199979
0.033883,0.033882,0.209054,0.161254,0.020825,0.055654,0.110107,0.021964,0.209028,0.144349
0.015441,0.015442,0.001932,0.001348,0.086572,0.001440,0.001108,0.873333,0.001933,0.001451
0.027595,0.027597,0.002212,0.001486,0.919893,0.001920,0.001330,0.013745,0.002213,0.002008
0.015532,0.015531,0.189389,0.088795,0.007089,0.385609,0.005203,0.005915,0.189317,0.097619
0.044159,0.044158,0.216533,0.190827,0.023158,0.082489,0.029966,0.021689,0.216321,0.130700
0.229512,0.229506,0.065188,0.044695,0.129328,0.053136,0.042929,0.088985,0.065235,0.051487
0.099824,0.099821,0.012615,0.008107,0.057530,0.009298,0.006562,0.683593,0.012623,0.010028
0.086061,0.086060,0.124912,0.115858,0.077004,0.101598,0.088035,0.075683,0.124892,0.119897
0.187948,0.187953,0.035891,0.023559,0.179795,0.027618,0.023380,0.268970,0.035916,0.028968
0.068553,0.068551,0.016615,0.011186,0.046100,0.015116,0.041501,0.701996,0.016625,0.013756
0.228698,0.228692,0.052905,0.033920,0.112026,0.041928,0.036862,0.171425,0.052940,0.040604
0.006667,0.006667,0.150703,0.470377,0.003523,0.022576,0.002584,0.003368,0.150365,0.183169
0.050239,0.050239,0.013902,0.010368,0.054616,0.011018,0.010800,0.773463,0.013909,0.011446
0.295517,0.295512,0.040988,0.026009,0.145041,0.028540,0.032843,0.063056,0.041021,0.031474
0.126315,0.126314,0.109511,0.087268,0.087510,0.079479,0.105664,0.074090,0.109563,0.094287
0.177518,0.177521,0.019510,0.011696,0.522145,0.012277,0.011623,0.033299,0.019526,0.014885
0.028710,0.028709,0.212180,0.237619,0.019653,0.054459,0.036786,0.026711,0.212274,0.142899
0.079103,0.079100,0.195309,0.106124,0.028800,0.063794,0.044092,0.022266,0.195208,0.186204
0.089835,0.089831,0.213472,0.078707,0.030787,0.071680,0.066573,0.029371,0.214186,0.115557
0.054562,0.054559,0.254616,0.082964,0.017851,0.118521,0.008842,0.013967,0.255596,0.138522
0.018610,0.018609,0.249337,0.225693,0.008600,0.046048,0.007233,0.008531,0.249853,0.167487
0.024403,0.024402,0.268162,0.132993,0.014648,0.116056,0.017836,0.016126,0.268857,0.116517
0.015162,0.015162,0.218057,0.311633,0.009383,0.051192,0.009696,0.008272,0.218559,0.142884
0.045865,0.045864,0.236598,0.080898,0.022058,0.093394,0.091632,0.031320,0.237224,0.115149
0.155333,0.155324,0.172586,0.068301,0.044334,0.068610,0.030076,0.036166,0.173094,0.096175
0.038183,0.038182,0.269455,0.095341,0.023865,0.064877,0.032441,0.021411,0.270611,0.145634
0.040721,0.040720,0.221839,0.221831,0.024422,0.053941,0.033012,0.021665,0.221758,0.120091
0.029344,0.029343,0.249179,0.187879,0.014098,0.066032,0.012789,0.013434,0.249503,0.148398
0.012870,0.012870,0.225383,0.080365,0.006532,0.329936,0.004662,0.005479,0.226281,0.095621
0.229732,0.229757,0.010561,0.006144,0.250553,0.007611,0.006038,0.239463,0.010570,0.009571
0.076408,0.076408,0.207310,0.109066,0.027136,0.048025,0.009498,0.019220,0.207758,0.219172
0.043820,0.043818,0.188574,0.300711,0.020391,0.052603,0.016340,0.017703,0.188330,0.127710
0.028568,0.028567,0.214064,0.250668,0.012851,0.052259,0.010337,0.011151,0.213664,0.177871
0.031810,0.031809,0.221485,0.075921,0.011903,0.254857,0.008104,0.008857,0.222126,0.133130
0.005778,0.005778,0.098215,0.722965,0.003217,0.015814,0.003524,0.002896,0.097865,0.043947
0.046679,0.046677,0.246111,0.096110,0.021538,0.069991,0.099327,0.020050,0.246214,0.107302
0.011451,0.011451,0.173590,0.068334,0.006056,0.469949,0.003638,0.004985,0.174043,0.076504
0.022353,0.022352,0.246798,0.199832,0.013867,0.070356,0.014984,0.011332,0.246570,0.151556
0.046290,0.046290,0.168960,0.263701,0.032590,0.067047,0.055223,0.032136,0.168942,0.118821
0.020868,0.020867,0.333467,0.108137,0.007597,0.033719,0.011018,0.006979,0.335378,0.121971
0.022657,0.022656,0.203825,0.126313,0.014981,0.042468,0.194582,0.015405,0.204175,0.152938
0.031235,0.031234,0.240446,0.171380,0.013773,0.042945,0.018199,0.014306,0.241011,0.195471
0.008731,0.008731,0.133717,0.090102,0.004895,0.491536,0.005082,0.004473,0.133511,0.119222
0.023181,0.023180,0.225834,0.268186,0.016247,0.063231,0.021077,0.015622,0.225548,0.117894
0.019090,0.019089,0.227204,0.138819,0.006344,0.183881,0.015915,0.005966,0.227065,0.156628
0.107420,0.107419,0.124734,0.130750,0.083077,0.082943,0.025594,0.111516,0.124692,0.101855
0.058540,0.058539,0.229570,0.071522,0.030946,0.090896,0.098428,0.025735,0.230132,0.105691
0.125355,0.125353,0.109928,0.069580,0.056118,0.065136,0.183516,0.065873,0.110008,0.089133
0.022904,0.022903,0.199945,0.322916,0.015875,0.079692,0.015836,0.016224,0.199908,0.103798
0.040555,0.040553,0.217999,0.137547,0.021021,0.055949,0.109391,0.022825,0.218050,0.136110
0.035570,0.035570,0.214471,0.155285,0.021513,0.049682,0.113486,0.024596,0.214528,0.135299
0.012655,0.012655,0.085994,0.042609,0.008266,0.633538,0.007637,0.010253,0.085992,0.100401
0.181912,0.181912,0.140314,0.082284,0.065181,0.047384,0.021098,0.042134,0.140398,0.097382
0.024658,0.024657,0.248790,0.192845,0.011561,0.059440,0.007942,0.009087,0.248426,0.172592
0.164494,0.164508,0.013120,0.008823,0.333055,0.009087,0.006112,0.278151,0.013128,0.009522
0.024160,0.024159,0.228056,0.127447,0.015758,0.079358,0.015876,0.014376,0.228557,0.242254
0.263529,0.263533,0.076900,0.049675,0.100413,0.041048,0.017379,0.059849,0.076914,0.050759
0.308836,0.308845,0.024325,0.016024,0.186269,0.019452,0.012653,0.081536,0.024341,0.017718
0.097574,0.097574,0.145925,0.131237,0.062863,0.098774,0.036832,0.068288,0.145997,0.114936
0.082123,0.082121,0.116572,0.079891,0.037069,0.057609,0.285394,0.032718,0.116473,0.110030
0.004995,0.004995,0.006088,0.005683,0.004727,0.004617,0.951142,0.006147,0.006088,0.005517
0.042431,0.042430,0.221700,0.212123,0.022975,0.077640,0.014845,0.018868,0.221354,0.125633
0.018395,0.018394,0.246243,0.235623,0.010088,0.042761,0.012543,0.009392,0.245959,0.160603
0.325195,0.325203,0.044000,0.023532,0.106021,0.024732,0.025655,0.044894,0.044027,0.036740
0.222560,0.222561,0.105681,0.056823,0.088561,0.050966,0.032692,0.053114,0.105798,0.061244
0.029252,0.029251,0.191693,0.204087,0.014021,0.058798,0.010209,0.010505,0.191563,0.260621
0.129085,0.129078,0.161508,0.076180,0.045421,0.076947,0.019343,0.049439,0.161929,0.151070
0.179661,0.179662,0.094811,0.065844,0.124555,0.055269,0.066683,0.073081,0.094888,0.065546
0.022765,0.022764,0.224984,0.272675,0.010695,0.069941,0.008366,0.010932,0.225219,0.131659
0.025840,0.025839,0.017065,0.015277,0.022033,0.016185,0.818414,0.026388,0.017068,0.015891
0.112467,0.112463,0.106898,0.072242,0.050753,0.059959,0.213057,0.063695,0.106943,0.101523
0.147577,0.147574,0.132411,0.110606,0.071197,0.062904,0.044742,0.064223,0.132493,0.086272
0.141305,0.141302,0.164685,0.115602,0.042122,0.080517,0.022694,0.024591,0.164664,0.102518
0.024149,0.024148,0.231055,0.161457,0.014124,0.123237,0.033044,0.012069,0.231140,0.145578
0.278387,0.278373,0.074337,0.039520,0.070123,0.045454,0.026287,0.041238,0.074418,0.071864
0.198236,0.198226,0.118026,0.086377,0.066458,0.051366,0.034425,0.042020,0.118083,0.086782
0.140144,0.140141,0.132549,0.105409,0.069835,0.081460,0.045995,0.067663,0.132640,0.084163
0.134859,0.134854,0.097108,0.068894,0.057136,0.061633,0.216812,0.064525,0.097165,0.067016
0.094518,0.094514,0.155682,0.184958,0.041074,0.076753,0.028384,0.050386,0.155660,0.118071
0.257236,0.257227,0.086195,0.055704,0.068520,0.051303,0.033347,0.048390,0.086278,0.055799
0.119650,0.119645,0.165274,0.108406,0.058179,0.070241,0.039289,0.056581,0.165407,0.097329
0.233323,0.233311,0.118742,0.056613,0.046766,0.046791,0.020848,0.036507,0.118920,0.088179
0.035288,0.035288,0.221430,0.165442,0.026451,0.069672,0.039121,0.025815,0.221530,0.159964
0.036182,0.036182,0.259193,0.096200,0.018731,0.084800,0.057978,0.015522,0.259350,0.135862
0.036629,0.036628,0.243669,0.151097,0.027992,0.071099,0.032481,0.024903,0.244437,0.131065
0.075468,0.075466,0.183571,0.121810,0.050495,0.075780,0.050592,0.070076,0.183668,0.113074
0.091276,0.091273,0.211446,0.063875,0.036934,0.058501,0.086208,0.034191,0.212340,0.113954
0.073382,0.073381,0.196143,0.092488,0.044881,0.072404,0.045799,0.072141,0.196708,0.132673
0.017034,0.017033,0.242000,0.266518,0.010777,0.047660,0.012408,0.014753,0.242584,0.129234
0.095152,0.095151,0.172220,0.129635,0.042814,0.077486,0.022913,0.036644,0.172338,0.155646
0.061596,0.061595,0.209533,0.080177,0.033863,0.097219,0.093652,0.030838,0.210233,0.121294
0.035330,0.035331,0.007621,0.005023,0.041098,0.005447,0.013383,0.842137,0.007626,0.007004
0.006541,0.006541,0.011071,0.006932,0.004885,0.005675,0.931430,0.008245,0.011081,0.007599
0.056303,0.056302,0.205918,0.077401,0.032857,0.088841,0.052467,0.027421,0.206491,0.195999
0.116932,0.116925,0.205885,0.055366,0.034019,0.051830,0.067655,0.023913,0.206665,0.120809
0.000574,0.000574,0.000157,0.000123,0.000763,0.000126,0.000103,0.997275,0.000157,0.000149
0.008057,0.008057,0.252224,0.283274,0.004447,0.034360,0.004997,0.003864,0.251810,0.148910
0.024418,0.024417,0.139745,0.048518,0.011807,0.489888,0.009630,0.012774,0.140002,0.098801
0.032053,0.032052,0.225694,0.230392,0.017441,0.071172,0.021433,0.015870,0.225984,0.127911
0.164336,0.164334,0.097675,0.063385,0.076163,0.066722,0.034696,0.164050,0.097754,0.070884
0.004215,0.004215,0.111820,0.686493,0.002747,0.021004,0.002411,0.002603,0.111454,0.053039
0.214706,0.214691,0.082822,0.049829,0.095644,0.060669,0.054800,0.066807,0.082886,0.077145
0.375966,0.375952,0.031729,0.015608,0.061902,0.017121,0.031035,0.037617,0.031764,0.021306
0.008672,0.008671,0.227346,0.107466,0.005014,0.186304,0.004660,0.004399,0.227771,0.219697
0.024472,0.024471,0.289813,0.120522,0.010787,0.058995,0.010439,0.010835,0.291082,0.158586
0.205168,0.205165,0.078829,0.052480,0.136845,0.053590,0.053807,0.074829,0.078917,0.060369
0.033113,0.033112,0.019206,0.012841,0.017879,0.014901,0.816912,0.018067,0.019217,0.014752
0.042452,0.042450,0.198683,0.271148,0.020836,0.077801,0.030519,0.015457,0.198591,0.102063
0.013884,0.013884,0.207114,0.322243,0.008212,0.098821,0.007578,0.008227,0.206741,0.113297
0.017768,0.017768,0.188677,0.269260,0.011757,0.065384,0.012448,0.010115,0.188377,0.218445
0.038439,0.038437,0.152661,0.057688,0.017505,0.094521,0.340339,0.018428,0.152808,0.089174
0.016933,0.016933,0.116964,0.047997,0.010120,0.561457,0.007710,0.008553,0.117144,0.096189
0.033620,0.033619,0.204142,0.230118,0.016896,0.133997,0.010722,0.013819,0.203743,0.119323
0.028398,0.028398,0.265969,0.137656,0.016568,0.096330,0.017725,0.015031,0.266809,0.127117
0.086239,0.086239,0.126267,0.121868,0.068797,0.094502,0.112411,0.070750,0.126260,0.106668
0.013240,0.013240,0.284990,0.157874,0.007965,0.081423,0.013952,0.007458,0.284636,0.135222
0.002543,0.002543,0.088701,0.740765,0.001579,0.014905,0.001415,0.001388,0.088371,0.057791
0.014983,0.014983,0.200619,0.350892,0.010117,0.060962,0.009676,0.009252,0.200144,0.128372
0.016663,0.016662,0.150946,0.378920,0.013292,0.063319,0.012964,0.012822,0.150497,0.183915
0.071021,0.071019,0.169936,0.175202,0.042360,0.119263,0.028828,0.035093,0.169870,0.117408
0.006250,0.006250,0.111925,0.679764,0.003793,0.020268,0.002887,0.002977,0.111664,0.054223
0.035341,0.035340,0.191398,0.237972,0.018391,0.099892,0.018571,0.015900,0.191393,0.155803
0.010074,0.010074,0.139698,0.572400,0.006157,0.027956,0.006755,0.005992,0.139349,0.081546
0.042773,0.042773,0.166417,0.200609,0.031284,0.132427,0.025320,0.040887,0.166228,0.151284
0.014024,0.014024,0.133465,0.150266,0.008325,0.319334,0.006408,0.007804,0.133201,0.213149
0.105383,0.105379,0.153555,0.139537,0.041017,0.077370,0.021133,0.030649,0.153549,0.172427
0.057957,0.057956,0.191541,0.186671,0.033573,0.068974,0.040498,0.031560,0.191455,0.139815
0.023638,0.023637,0.228341,0.168958,0.012621,0.098915,0.010444,0.010601,0.227993,0.194851
0.080664,0.080663,0.147731,0.141326,0.064341,0.086664,0.063915,0.069649,0.147731,0.117314
0.038132,0.038131,0.181297,0.220724,0.026290,0.077808,0.054629,0.026221,0.181078,0.155692
0.062296,0.062294,0.191039,0.091149,0.032020,0.132558,0.019327,0.025133,0.191329,0.192855
0.047783,0.047782,0.162377,0.189525,0.026999,0.086189,0.031503,0.024550,0.162170,0.221122
0.048123,0.048123,0.181690,0.202022,0.032483,0.118973,0.041555,0.033372,0.181668,0.111990
0.010513,0.010512,0.147163,0.148471,0.006335,0.426315,0.004184,0.005168,0.146959,0.094379
0.025042,0.025042,0.151051,0.208833,0.012925,0.302739,0.007801,0.009600,0.150875,0.106093
0.054395,0.054394,0.222266,0.131805,0.036117,0.104418,0.025388,0.031302,0.222168,0.117747
0.029420,0.029419,0.197059,0.310420,0.022835,0.058668,0.018855,0.019470,0.197596,0.116257
0.043439,0.043439,0.236165,0.138180,0.032400,0.103740,0.023178,0.027898,0.235976,0.115585
0.087957,0.087954,0.189619,0.116004,0.028043,0.105323,0.057473,0.023155,0.189411,0.115062
0.045773,0.045772,0.228932,0.143688,0.031919,0.102513,0.025749,0.028209,0.228804,0.118641
0.051128,0.051127,0.161326,0.384743,0.019449,0.045120,0.007329,0.013347,0.161150,0.105282
0.135439,0.135436,0.129337,0.048644,0.039275,0.246646,0.009882,0.030282,0.129390,0.095670
0.043215,0.043213,0.244939,0.137840,0.020102,0.092890,0.020315,0.017307,0.245542,0.134636
0.014061,0.014061,0.144836,0.068798,0.006629,0.106790,0.004769,0.006578,0.144648,0.488831
0.056787,0.056785,0.187368,0.179944,0.034193,0.094089,0.028881,0.032646,0.187517,0.141791
0.019927,0.019927,0.098361,0.052459,0.010461,0.604534,0.006897,0.009746,0.098373,0.079314
0.013570,0.013569,0.022234,0.009202,0.006912,0.886824,0.002349,0.005452,0.022238,0.017650
0.076467,0.076465,0.173082,0.163351,0.043315,0.143058,0.023142,0.028650,0.173235,0.099236
0.053463,0.053461,0.189139,0.108004,0.029254,0.103125,0.020534,0.025700,0.189012,0.228309
0.010598,0.010598,0.155729,0.039504,0.005264,0.136752,0.003907,0.004750,0.156182,0.476716
0.044335,0.044333,0.113637,0.070621,0.015106,0.488129,0.010399,0.013329,0.113614,0.086498
0.066010,0.066007,0.182765,0.222932,0.028748,0.089386,0.020955,0.024390,0.183131,0.115675
0.004127,0.004127,0.045817,0.049397,0.002658,0.800967,0.001979,0.002327,0.045756,0.042845
0.042828,0.042826,0.101039,0.051285,0.016685,0.535871,0.027450,0.014860,0.101199,0.065957
0.023376,0.023375,0.223467,0.297084,0.013020,0.047576,0.015154,0.013239,0.223988,0.119723
0.069013,0.069013,0.157424,0.188409,0.070374,0.139250,0.016845,0.034866,0.157246,0.097557
0.116867,0.116867,0.135709,0.097462,0.100009,0.078298,0.035474,0.047756,0.135796,0.135761
0.034694,0.034693,0.237004,0.151315,0.017063,0.087869,0.013746,0.013917,0.236905,0.172793
0.306788,0.306788,0.041284,0.023262,0.104833,0.025778,0.021143,0.099951,0.041313,0.028860
0.052582,0.052581,0.203241,0.113107,0.023584,0.142758,0.013804,0.017881,0.203155,0.177308
0.040809,0.040809,0.197351,0.227964,0.030710,0.090656,0.025532,0.027906,0.197170,0.121093
0.146155,0.146149,0.160829,0.067911,0.049207,0.080076,0.026553,0.036161,0.161177,0.125784
0.050361,0.050359,0.238618,0.173408,0.016793,0.098418,0.023997,0.012636,0.238663,0.096747
0.030921,0.030920,0.125934,0.048707,0.014071,0.529883,0.007717,0.009924,0.126157,0.075765
0.052347,0.052345,0.190424,0.244312,0.025708,0.070413,0.024912,0.023465,0.190235,0.125838
0.056382,0.056380,0.199278,0.172900,0.028093,0.102012,0.028501,0.025470,0.199476,0.131510
0.017400,0.017400,0.226174,0.232066,0.012339,0.081446,0.014198,0.011518,0.225805,0.161653
0.040343,0.040342,0.214372,0.226100,0.024708,0.072897,0.026959,0.020850,0.214355,0.119074
0.046086,0.046085,0.222915,0.142295,0.022325,0.098191,0.020091,0.019532,0.223023,0.159456
0.008129,0.008129,0.152181,0.487263,0.005023,0.054144,0.005634,0.004868,0.151800,0.122828
0.072625,0.072624,0.209663,0.187231,0.028732,0.059967,0.012966,0.016873,0.209457,0.129862
0.043713,0.043712,0.168716,0.252532,0.032616,0.098949,0.031695,0.030514,0.168649,0.128904
0.058777,0.058776,0.178771,0.184074,0.029752,0.109603,0.055797,0.024337,0.178656,0.121457
0.008379,0.008379,0.129532,0.124562,0.005477,0.381168,0.005925,0.005165,0.129270,0.202142
0.051914,0.051912,0.207359,0.183507,0.020295,0.124836,0.015818,0.014497,0.207272,0.122589
0.022582,0.022582,0.277735,0.097144,0.011559,0.061149,0.013858,0.009782,0.279153,0.204457
0.042077,0.042076,0.184286,0.205972,0.025217,0.074853,0.042509,0.022817,0.184235,0.175957
0.034992,0.034990,0.244462,0.258111,0.013592,0.049345,0.012259,0.010633,0.244049,0.097568
0.088437,0.088436,0.137056,0.102542,0.082947,0.111300,0.068675,0.069276,0.137297,0.114033
0.009739,0.009739,0.054580,0.027108,0.004618,0.792141,0.004935,0.004181,0.054657,0.038302
0.057253,0.057252,0.108111,0.056714,0.026109,0.453461,0.011256,0.017682,0.108093,0.104069
0.030584,0.030584,0.215487,0.191652,0.022895,0.107819,0.025057,0.022272,0.215692,0.137957
0.027948,0.027947,0.187009,0.322390,0.015475,0.070291,0.017713,0.016381,0.186749,0.128097
0.028711,0.028710,0.198529,0.318946,0.016270,0.056913,0.018472,0.014837,0.198832,0.119780
0.187882,0.187876,0.126737,0.074881,0.061139,0.087826,0.025593,0.041268,0.126843,0.079956
0.024447,0.024446,0.191066,0.374129,0.013617,0.056587,0.015027,0.012295,0.191345,0.097041
0.018346,0.018345,0.216048,0.120720,0.007339,0.160158,0.004886,0.005898,0.215914,0.232348
0.094619,0.094619,0.160783,0.067746,0.057953,0.195506,0.023219,0.037044,0.161193,0.107318
0.035227,0.035226,0.193894,0.278201,0.021478,0.066563,0.022434,0.019370,0.194181,0.133425
0.021204,0.021204,0.166134,0.380733,0.016138,0.067658,0.016032,0.018253,0.165763,0.126882
0.027331,0.027329,0.087232,0.034957,0.009982,0.656938,0.016382,0.008412,0.087463,0.043975
0.043949,0.043948,0.176040,0.248474,0.026074,0.133613,0.023626,0.023472,0.176093,0.104712
0.008537,0.008537,0.155244,0.521920,0.005310,0.038414,0.005042,0.005030,0.154952,0.097014
0.044681,0.044680,0.080618,0.041608,0.016376,0.624685,0.012846,0.010695,0.080630,0.043181
0.005450,0.005450,0.126986,0.597675,0.003201,0.036184,0.003359,0.002981,0.126677,0.092036
0.023097,0.023096,0.230985,0.203611,0.013894,0.068165,0.013562,0.014271,0.231427,0.177892
0.030459,0.030458,0.213331,0.244163,0.016583,0.073710,0.013967,0.015488,0.213436,0.148405
0.019417,0.019417,0.100838,0.046810,0.011110,0.599212,0.005906,0.009640,0.100895,0.086754
0.010158,0.010157,0.090951,0.150953,0.005442,0.574336,0.004322,0.005067,0.090825,0.057789
0.041464,0.041463,0.219578,0.172275,0.021380,0.113159,0.017279,0.018962,0.219828,0.134612
0.082409,0.082407,0.162810,0.111115,0.051995,0.128361,0.045746,0.046946,0.163065,0.125146
0.135580,0.135571,0.107044,0.050772,0.035912,0.302648,0.018526,0.024673,0.107075,0.082200
0.030921,0.030920,0.200434,0.382867,0.012369,0.046809,0.007296,0.009266,0.200083,0.079036
0.040427,0.040426,0.222045,0.124975,0.023481,0.140085,0.025783,0.020483,0.222615,0.139679
0.015822,0.015822,0.211100,0.193191,0.011540,0.131677,0.010403,0.011918,0.210637,0.187889
0.019099,0.019099,0.094304,0.052828,0.012192,0.627110,0.010204,0.011325,0.094403,0.059435
0.106411,0.106410,0.115614,0.098178,0.080132,0.114697,0.074100,0.080269,0.115674,0.108515
0.150860,0.150857,0.028905,0.016360,0.516650,0.025250,0.019721,0.038100,0.028932,0.024365
0.225743,0.225732,0.108868,0.052571,0.057292,0.057909,0.024422,0.043222,0.108964,0.095277
0.231553,0.231546,0.090970,0.049843,0.073926,0.056558,0.032453,0.057196,0.091034,0.084921
0.004282,0.004282,0.005033,0.003672,0.003346,0.003344,0.963724,0.003417,0.005036,0.003864
0.002543,0.002543,0.088701,0.740765,0.001579,0.014905,0.001415,0.001388,0.088371,0.057791
0.342815,0.342834,0.026357,0.016085,0.130135,0.019215,0.014205,0.061596,0.026381,0.020376
0.033620,0.033619,0.204142,0.230118,0.016896,0.133997,0.010722,0.013819,0.203743,0.119323
0.016663,0.016662,0.150946,0.378920,0.013292,0.063319,0.012964,0.012822,0.150497,0.183915
0.006250,0.006250,0.111925,0.679764,0.003793,0.020268,0.002887,0.002977,0.111664,0.054223
0.071021,0.071019,0.169936,0.175202,0.042360,0.119263,0.028828,0.035093,0.169870,0.117408
0.159524,0.159525,0.065952,0.054479,0.139932,0.058697,0.068269,0.166811,0.065977,0.060833
0.306621,0.306613,0.037860,0.022906,0.082038,0.029063,0.067222,0.080259,0.037888,0.029530
0.035341,0.035340,0.191398,0.237972,0.018391,0.099892,0.018571,0.015900,0.191393,0.155803
0.247972,0.247994,0.008249,0.005388,0.417704,0.006431,0.005413,0.045695,0.008255,0.006899
0.111944,0.111942,0.106457,0.068697,0.059423,0.128973,0.031918,0.172556,0.106447,0.101644
0.178229,0.178220,0.030187,0.019998,0.078915,0.022558,0.018625,0.420160,0.030211,0.022897
0.195910,0.195906,0.065957,0.042668,0.104581,0.054624,0.031654,0.189684,0.066019,0.052996
0.211569,0.211564,0.069055,0.044632,0.112710,0.042224,0.046947,0.139224,0.069118,0.052958
0.260339,0.260338,0.075739,0.044106,0.091513,0.048863,0.029094,0.057418,0.075797,0.056791
0.272200,0.272192,0.051007,0.033355,0.103559,0.039789,0.034893,0.103080,0.051046,0.038879
0.265315,0.265298,0.075278,0.045082,0.070456,0.044815,0.040514,0.052595,0.075344,0.065302
0.214885,0.214877,0.070786,0.037998,0.064857,0.056859,0.162905,0.048458,0.070823,0.057551
0.054395,0.054394,0.222266,0.131805,0.036117,0.104418,0.025388,0.031302,0.222168,0.117747
0.023638,0.023637,0.228341,0.168958,0.012621,0.098915,0.010444,0.010601,0.227993,0.194851
0.043439,0.043439,0.236165,0.138180,0.032400,0.103740,0.023178,0.027898,0.235976,0.115585
0.293986,0.293960,0.068330,0.034621,0.052858,0.039502,0.027415,0.055130,0.068363,0.065835
0.252442,0.252429,0.079887,0.045326,0.081843,0.048845,0.028285,0.054626,0.079959,0.076357
0.380160,0.380134,0.021922,0.010810,0.073911,0.012514,0.008266,0.072791,0.021946,0.017548
0.045773,0.045772,0.228932,0.143688,0.031919,0.102513,0.025749,0.028209,0.228804,0.118641
0.210580,0.210574,0.070118,0.052991,0.125804,0.059779,0.064407,0.072199,0.070160,0.063388
0.017429,0.017429,0.020747,0.015158,0.015100,0.016289,0.843297,0.016557,0.020756,0.017238
0.010074,0.010074,0.139698,0.572400,0.006157,0.027956,0.006755,0.005992,0.139349,0.081546
0.298916,0.298901,0.065449,0.038913,0.078220,0.041490,0.021253,0.044415,0.065511,0.046932
0.333777,0.333767,0.044016,0.025974,0.098743,0.029179,0.016841,0.040942,0.044054,0.032709
0.396344,0.396358,0.015882,0.008510,0.100873,0.010321,0.005606,0.037774,0.015899,0.012433
0.208952,0.208948,0.065063,0.051194,0.138048,0.047197,0.061721,0.098966,0.065093,0.054817
0.184599,0.184598,0.097411,0.051613,0.075515,0.071915,0.109441,0.058522,0.097510,0.068878
0.245595,0.245588,0.066213,0.037242,0.088573,0.046852,0.104815,0.051434,0.066285,0.047403
0.273213,0.273220,0.033935,0.021999,0.139222,0.023168,0.019924,0.141416,0.033953,0.039950
0.415499,0.415497,0.017819,0.009150,0.067773,0.011179,0.007154,0.025903,0.017841,0.012185
0.379332,0.379333,0.023094,0.013380,0.102846,0.014700,0.011858,0.036410,0.023117,0.015930
0.404576,0.404604,0.009209,0.004888,0.135087,0.005976,0.003281,0.016702,0.009219,0.006458
0.071269,0.071269,0.062759,0.051664,0.057460,0.045977,0.228089,0.297223,0.062782,0.051508
0.314032,0.314045,0.030826,0.019989,0.161777,0.027069,0.016716,0.059153,0.030849,0.025543
0.411042,0.411046,0.018242,0.007543,0.069707,0.016030,0.018257,0.017822,0.018268,0.012043
0.248294,0.248296,0.042982,0.032754,0.159679,0.027021,0.024456,0.140299,0.043001,0.033218
0.252732,0.252726,0.079006,0.053424,0.090702,0.053372,0.032530,0.046434,0.079054,0.060018
0.317791,0.317790,0.046240,0.028075,0.117650,0.032467,0.019567,0.040446,0.046274,0.033700
0.238529,0.238521,0.071809,0.045807,0.074245,0.047225,0.050163,0.094847,0.071868,0.066987
0.129770,0.129771,0.065642,0.048568,0.096276,0.051046,0.037807,0.299391,0.065679,0.076052
0.203168,0.203170,0.065601,0.046092,0.119497,0.049583,0.044910,0.154644,0.065635,0.047700
0.237972,0.237969,0.043183,0.029046,0.173048,0.031247,0.026695,0.143754,0.043209,0.033877
0.320340,0.320347,0.044597,0.027826,0.113099,0.029777,0.023984,0.042091,0.044637,0.033302
0.168054,0.168048,0.110473,0.076457,0.077666,0.079843,0.062374,0.061629,0.110557,0.084901
0.183477,0.183485,0.071569,0.056758,0.159103,0.063930,0.049305,0.097105,0.071587,0.063681
0.117493,0.117491,0.070173,0.054570,0.088027,0.054255,0.051519,0.318917,0.070201,0.057354
0.129265,0.129260,0.075217,0.052091,0.102007,0.052933,0.225848,0.082307,0.075252,0.075820
0.191148,0.191144,0.077586,0.060257,0.115417,0.068558,0.066930,0.083144,0.077627,0.068189
0.006226,0.006225,0.003917,0.003315,0.004248,0.003550,0.960452,0.004618,0.003918,0.003531
0.001573,0.001573,0.001598,0.001229,0.001192,0.001335,0.987070,0.001486,0.001599,0.001345
0.062184,0.062183,0.070982,0.054659,0.037371,0.053856,0.496106,0.037872,0.071026,0.053762
0.165598,0.165592,0.104379,0.078259,0.079689,0.085701,0.062721,0.067108,0.104426,0.086527
0.153084,0.153079,0.101811,0.075518,0.097339,0.083800,0.073159,0.082025,0.101857,0.078328
0.229015,0.229006,0.061297,0.044833,0.117049,0.048622,0.057854,0.100570,0.061332,0.050422
0.019094,0.019093,0.009625,0.007310,0.010338,0.007787,0.897764,0.011366,0.009630,0.007994
0.013943,0.013943,0.012670,0.008626,0.008960,0.009380,0.898365,0.012188,0.012680,0.009245
0.002634,0.002634,0.002877,0.002159,0.001509,0.001890,0.979486,0.001694,0.002878,0.002238
0.144001,0.143998,0.098906,0.073654,0.095681,0.085406,0.091984,0.085122,0.098940,0.082305
0.192532,0.192530,0.066424,0.048499,0.132853,0.055584,0.053552,0.134153,0.066467,0.057407
0.160538,0.160538,0.074302,0.059825,0.123433,0.079678,0.065216,0.132803,0.074325,0.069343
0.078168,0.078168,0.128289,0.094277,0.066980,0.083701,0.159338,0.072725,0.128320,0.110034
0.087074,0.087074,0.053431,0.044615,0.062126,0.056612,0.450103,0.054193,0.053441,0.051331
0.192394,0.192392,0.073843,0.047777,0.170892,0.053204,0.055017,0.087266,0.073893,0.053323
0.136848,0.136845,0.071003,0.048628,0.094012,0.049315,0.278151,0.058972,0.071038,0.055187
0.093535,0.093535,0.107441,0.108657,0.089778,0.097763,0.100836,0.096542,0.107426,0.104486
0.225004,0.224998,0.043523,0.031334,0.225954,0.037577,0.046612,0.085099,0.043546,0.036352
0.293258,0.293241,0.039849,0.023112,0.081489,0.028230,0.030469,0.144065,0.039889,0.026397
0.138459,0.138452,0.074828,0.050025,0.057187,0.049020,0.289409,0.058288,0.074866,0.069465
0.191400,0.191391,0.072298,0.052368,0.101294,0.061584,0.127143,0.073488,0.072331,0.056702
0.099272,0.099270,0.097133,0.066414,0.064920,0.081369,0.224341,0.104705,0.097182,0.065396
0.167864,0.167865,0.038401,0.026383,0.202829,0.029309,0.038757,0.245306,0.038427,0.044858
0.207828,0.207822,0.062877,0.043506,0.158790,0.045538,0.036829,0.129221,0.062901,0.044688
0.222500,0.222495,0.058404,0.038318,0.171100,0.045249,0.088447,0.053180,0.058449,0.041859
0.209472,0.209468,0.083038,0.054292,0.084365,0.063453,0.042973,0.111048,0.083101,0.058790
0.210535,0.210516,0.064880,0.036941,0.064605,0.036223,0.205160,0.063485,0.064935,0.042719
0.082305,0.082305,0.102589,0.084303,0.074016,0.082750,0.208713,0.079744,0.102603,0.100672
0.161156,0.161158,0.066140,0.054672,0.196103,0.063212,0.071730,0.103090,0.066160,0.056578
0.092049,0.092049,0.116032,0.098312,0.080308,0.130976,0.073230,0.096332,0.116040,0.104672
0.128178,0.128174,0.130524,0.112417,0.065833,0.091850,0.041316,0.063787,0.130530,0.107389
0.188876,0.188869,0.063192,0.043225,0.118975,0.043629,0.110669,0.135125,0.063235,0.044204
0.279406,0.279395,0.079286,0.049613,0.066892,0.046328,0.025699,0.042696,0.079293,0.051392
0.145968,0.145965,0.071746,0.055792,0.103971,0.076894,0.102783,0.157059,0.071773,0.068049
0.093007,0.093004,0.068493,0.056666,0.079128,0.050438,0.346366,0.086791,0.068513,0.057594
0.082455,0.082453,0.035385,0.025341,0.036530,0.026687,0.608246,0.039149,0.035407,0.028346
0.399482,0.399463,0.026163,0.013120,0.053468,0.015537,0.020260,0.028405,0.026195,0.017908
0.200159,0.200163,0.054343,0.041274,0.223780,0.043546,0.031425,0.103363,0.054363,0.047583
0.155681,0.155677,0.120434,0.075527,0.070161,0.094041,0.049470,0.061542,0.120490,0.096978
0.013570,0.013569,0.022234,0.009202,0.006912,0.886824,0.002349,0.005452,0.022238,0.017650
0.092954,0.092952,0.049019,0.035757,0.057822,0.034187,0.498127,0.053257,0.049042,0.036882
0.019744,0.019743,0.203931,0.251625,0.015034,0.073036,0.015054,0.014154,0.203443,0.184236
0.135439,0.135436,0.129337,0.048644,0.039275,0.246646,0.009882,0.030282,0.129390,0.095670
0.341280,0.341296,0.021124,0.013510,0.163053,0.017306,0.008152,0.056358,0.021139,0.016783
0.092000,0.092001,0.022857,0.015437,0.072210,0.020225,0.013189,0.630482,0.022868,0.018731
0.322210,0.322200,0.046031,0.025574,0.077356,0.038218,0.020027,0.066678,0.046078,0.035629
0.318262,0.318247,0.032535,0.019385,0.076228,0.025446,0.088773,0.057042,0.032564,0.031517
0.193450,0.193440,0.095876,0.071535,0.081339,0.069235,0.046996,0.073917,0.095907,0.078307
0.131898,0.131897,0.056059,0.040120,0.171925,0.038674,0.205664,0.126491,0.056087,0.041186
0.161001,0.160999,0.031548,0.026230,0.500192,0.018904,0.013846,0.030285,0.031562,0.025434
0.367018,0.367038,0.023869,0.013591,0.133570,0.014582,0.008642,0.031593,0.023889,0.016208
0.402260,0.402248,0.026139,0.012441,0.058598,0.017639,0.008247,0.027937,0.026169,0.018322
0.216520,0.216510,0.072594,0.049155,0.120570,0.052716,0.051910,0.092191,0.072634,0.055199
0.393339,0.393327,0.031498,0.015343,0.053218,0.018343,0.009069,0.031773,0.031544,0.022546
0.244482,0.244474,0.038311,0.025745,0.117146,0.027605,0.027161,0.207373,0.038338,0.029365
0.109799,0.109798,0.090553,0.080964,0.087984,0.078868,0.066691,0.202514,0.090562,0.082268
0.135437,0.135431,0.099193,0.067279,0.053875,0.053531,0.238443,0.045953,0.099238,0.071620
0.127794,0.127793,0.083997,0.066412,0.122008,0.123289,0.057401,0.141421,0.084022,0.065862
0.202928,0.202915,0.094883,0.067663,0.076981,0.061220,0.047537,0.084328,0.094931,0.066614
0.191304,0.191300,0.054318,0.040601,0.110893,0.042060,0.154197,0.117944,0.054351,0.043033
0.218744,0.218737,0.081788,0.053717,0.092793,0.066914,0.050023,0.069237,0.081844,0.066201
0.368083,0.368119,0.011244,0.006440,0.187307,0.007511,0.004465,0.027169,0.011254,0.008406
0.052582,0.052581,0.203241,0.113107,0.023584,0.142758,0.013804,0.017881,0.203155,0.177308
0.116867,0.116867,0.135709,0.097462,0.100009,0.078298,0.035474,0.047756,0.135796,0.135761
0.379364,0.379390,0.018697,0.011129,0.126396,0.011035,0.008129,0.032291,0.018712,0.014857
0.075890,0.075896,0.003472,0.002227,0.814477,0.002232,0.002179,0.017392,0.003475,0.002760
0.183338,0.183331,0.063791,0.037591,0.071407,0.043389,0.144513,0.164510,0.063848,0.044282
0.260110,0.260121,0.027094,0.018451,0.205351,0.019545,0.011919,0.146304,0.027107,0.023999
0.146155,0.146149,0.160829,0.067911,0.049207,0.080076,0.026553,0.036161,0.161177,0.125784
0.040998,0.041000,0.005394,0.004185,0.872168,0.003889,0.003360,0.019060,0.005393,0.004554
0.306788,0.306788,0.041284,0.023262,0.104833,0.025778,0.021143,0.099951,0.041313,0.028860
0.073577,0.073577,0.071156,0.055606,0.062767,0.056199,0.338084,0.146579,0.071172,0.051283
0.186278,0.186278,0.072056,0.056992,0.129731,0.056788,0.048982,0.129325,0.072086,0.061484
0.100000,0.100000,0.100000,0.100000,0.100000,0.100000,0.100000,0.100000,0.100000,0.100000
0.143417,0.143413,0.116188,0.082764,0.089718,0.071271,0.075559,0.064351,0.116176,0.097144
0.227312,0.227300,0.080659,0.047446,0.093259,0.050960,0.079013,0.058418,0.080737,0.054897
0.267015,0.267007,0.070525,0.038335,0.089194,0.047121,0.035631,0.064766,0.070592,0.049814
0.184076,0.184064,0.127701,0.066756,0.060714,0.071073,0.046298,0.049508,0.127842,0.081968
0.316947,0.316924,0.055575,0.027442,0.077034,0.029078,0.020423,0.050940,0.055637,0.050001
0.167298,0.167293,0.068422,0.038322,0.071880,0.040167,0.284588,0.040533,0.068493,0.053004
0.101016,0.101014,0.193652,0.141893,0.044805,0.070859,0.017105,0.030084,0.193738,0.105834
0.214129,0.214120,0.066728,0.040863,0.069973,0.040437,0.183287,0.053280,0.066785,0.050399
0.168487,0.168483,0.116649,0.064029,0.079572,0.078906,0.054416,0.073133,0.116750,0.079575
0.100000,0.100000,0.100000,0.100000,0.100000,0.100000,0.100000,0.100000,0.100000,0.100000
0.158276,0.158267,0.087595,0.041295,0.040896,0.040343,0.295335,0.040848,0.087716,0.049430
0.025118,0.025117,0.029265,0.014155,0.009351,0.009353,0.837392,0.006641,0.029307,0.014301
0.097587,0.097586,0.103735,0.093950,0.074274,0.085079,0.179526,0.073207,0.103776,0.091279
0.183244,0.183231,0.043949,0.022897,0.056862,0.028452,0.349804,0.050870,0.043982,0.036709
0.038618,0.038617,0.174477,0.242708,0.031621,0.081944,0.028571,0.029557,0.173925,0.159962
0.178172,0.178160,0.144796,0.078217,0.052751,0.075040,0.031380,0.036522,0.144956,0.080006
0.030585,0.030584,0.112778,0.049778,0.013605,0.176099,0.404594,0.013155,0.112852,0.055969
0.277511,0.277532,0.017891,0.011715,0.297025,0.014804,0.011569,0.058103,0.017903,0.015947
0.169320,0.169313,0.061307,0.041873,0.080712,0.045818,0.251696,0.072057,0.061345,0.046560
0.354532,0.354537,0.028911,0.017049,0.090757,0.022074,0.046146,0.034624,0.028932,0.022439
0.303588,0.303610,0.030619,0.019554,0.215094,0.019120,0.010430,0.045564,0.030631,0.021789
0.218563,0.218557,0.072438,0.049924,0.111680,0.057715,0.054329,0.089222,0.072494,0.055077
0.283487,0.283485,0.057955,0.035310,0.107960,0.036121,0.029034,0.064856,0.058011,0.043781
0.251615,0.251620,0.065275,0.046534,0.114637,0.040352,0.024794,0.091227,0.065302,0.048644
0.202919,0.202921,0.080085,0.058642,0.104612,0.069507,0.051315,0.079953,0.080127,0.069919
0.007470,0.007470,0.005305,0.003701,0.004643,0.003999,0.953542,0.004577,0.005307,0.003985
0.000019,0.000019,0.000020,0.000013,0.000012,0.000012,0.999856,0.000014,0.000020,0.000014
0.004606,0.004606,0.003978,0.002734,0.002729,0.002676,0.968649,0.003009,0.003982,0.003030
0.100000,0.100000,0.100000,0.100000,0.100000,0.100000,0.100000,0.100000,0.100000,0.100000
0.000727,0.000727,0.000667,0.000409,0.000385,0.000376,0.995198,0.000364,0.000668,0.000479
0.130233,0.130230,0.125587,0.091365,0.073889,0.077147,0.084419,0.057416,0.125654,0.104060
0.037804,0.037804,0.049600,0.042228,0.032257,0.039172,0.629644,0.042400,0.049623,0.039468
0.199619,0.199611,0.114316,0.067238,0.065558,0.064248,0.045417,0.045976,0.114385,0.083633
0.002411,0.002411,0.002828,0.002628,0.001993,0.002535,0.977636,0.002294,0.002829,0.002434
0.000232,0.000232,0.000230,0.000188,0.000172,0.000176,0.998155,0.000193,0.000230,0.000191
0.000000,0.000000,0.000000,0.000000,0.000000,0.000000,0.999998,0.000000,0.000000,0.000000
0.008185,0.008185,0.008186,0.006416,0.006378,0.006106,0.932298,0.008967,0.008190,0.007087
0.000428,0.000428,0.000420,0.000332,0.000332,0.000321,0.996594,0.000378,0.000420,0.000347
0.000535,0.000535,0.000641,0.000541,0.000440,0.000484,0.995171,0.000504,0.000641,0.000508
0.237061,0.237045,0.098973,0.060412,0.064867,0.055128,0.035533,0.050302,0.099061,0.061619
0.145677,0.145673,0.101828,0.074782,0.086682,0.074587,0.066828,0.091612,0.101866,0.110466
0.004567,0.004567,0.004928,0.003694,0.003596,0.003530,0.961708,0.004577,0.004930,0.003903
0.106622,0.106619,0.063512,0.041399,0.048842,0.050526,0.426709,0.042506,0.063555,0.049708
0.189314,0.189308,0.070851,0.052921,0.113937,0.059379,0.071862,0.123863,0.070881,0.057683
0.065719,0.065717,0.040420,0.030470,0.035688,0.031972,0.601932,0.056391,0.040431,0.031260
0.205417,0.205420,0.041769,0.027544,0.307724,0.038379,0.031810,0.065911,0.041796,0.034229
0.124314,0.124314,0.090547,0.072701,0.138804,0.065377,0.078832,0.144729,0.090583,0.069800
0.082634,0.082628,0.051278,0.032011,0.032450,0.026207,0.567230,0.042017,0.051311,0.032234
0.072625,0.072624,0.209663,0.187231,0.028732,0.059967,0.012966,0.016873,0.209457,0.129862
0.197963,0.197954,0.092617,0.061913,0.075550,0.070896,0.068724,0.060970,0.092692,0.080720
0.046086,0.046085,0.222915,0.142295,0.022325,0.098191,0.020091,0.019532,0.223023,0.159456
0.052347,0.052345,0.190424,0.244312,0.025708,0.070413,0.024912,0.023465,0.190235,0.125838
0.017400,0.017400,0.226174,0.232066,0.012339,0.081446,0.014198,0.011518,0.225805,0.161653
0.040343,0.040342,0.214372,0.226100,0.024708,0.072897,0.026959,0.020850,0.214355,0.119074
0.131224,0.131222,0.046298,0.032428,0.040685,0.025948,0.466224,0.045631,0.046331,0.034009
0.389913,0.389916,0.021428,0.010988,0.098662,0.009945,0.018917,0.024705,0.021441,0.014084
0.219876,0.219886,0.014231,0.009881,0.127781,0.011303,0.009242,0.362221,0.014240,0.011340
0.056382,0.056380,0.199278,0.172900,0.028093,0.102012,0.028501,0.025470,0.199476,0.131510
0.195226,0.195239,0.020157,0.012489,0.214870,0.013433,0.009801,0.302074,0.020171,0.016539
0.058777,0.058776,0.178771,0.184074,0.029752,0.109603,0.055797,0.024337,0.178656,0.121457
0.381330,0.381314,0.038329,0.019586,0.053070,0.021411,0.014922,0.026178,0.038370,0.025489
0.008129,0.008129,0.152181,0.487263,0.005023,0.054144,0.005634,0.004868,0.151800,0.122828
0.296647,0.296640,0.046297,0.030319,0.128603,0.032963,0.019824,0.063641,0.046328,0.038738
0.087709,0.087712,0.013429,0.010057,0.629756,0.011753,0.012360,0.120603,0.013435,0.013186
0.286050,0.286055,0.028208,0.019471,0.230353,0.019155,0.022219,0.059239,0.028226,0.021025
0.222051,0.222044,0.054262,0.035009,0.131195,0.041135,0.138629,0.062704,0.054309,0.038663
0.115711,0.115710,0.008742,0.005626,0.697463,0.006234,0.006601,0.028219,0.008748,0.006946
0.256799,0.256789,0.065864,0.043415,0.106326,0.050402,0.041574,0.059771,0.065903,0.053157
0.240940,0.240953,0.024720,0.014308,0.209681,0.019477,0.011307,0.193676,0.024742,0.020197
0.297843,0.297852,0.034447,0.021253,0.162811,0.024098,0.033656,0.058428,0.034474,0.035138
0.218601,0.218590,0.091346,0.057582,0.081786,0.072703,0.039449,0.053286,0.091412,0.075246
0.182516,0.182513,0.063859,0.042376,0.127311,0.051738,0.100468,0.138837,0.063899,0.046483
0.129577,0.129572,0.070743,0.050150,0.067343,0.046874,0.236364,0.144605,0.070772,0.054000
0.185669,0.185665,0.085728,0.064445,0.104759,0.063915,0.070105,0.083607,0.085778,0.070328
0.180651,0.180640,0.067250,0.044196,0.059617,0.046542,0.197005,0.107793,0.067302,0.049003
0.022582,0.022582,0.277735,0.097144,0.011559,0.061149,0.013858,0.009782,0.279153,0.204457
0.001287,0.001287,0.001969,0.001305,0.000747,0.001065,0.988042,0.000916,0.001970,0.001412
0.171277,0.171277,0.057640,0.040403,0.239082,0.044058,0.055047,0.114409,0.057677,0.049131
0.008379,0.008379,0.129532,0.124562,0.005477,0.381168,0.005925,0.005165,0.129270,0.202142
0.190763,0.190759,0.100992,0.065213,0.079840,0.082636,0.055540,0.058849,0.101053,0.074353
0.124656,0.124653,0.108199,0.083944,0.086666,0.097952,0.079206,0.094732,0.108231,0.091761
0.032968,0.032968,0.004428,0.002815,0.179569,0.003425,0.002519,0.732784,0.004430,0.004093
0.170487,0.170480,0.092483,0.062266,0.084414,0.055870,0.148144,0.056899,0.092536,0.066423
0.429581,0.429610,0.008482,0.004315,0.088414,0.005743,0.003488,0.015527,0.008491,0.006349
0.287563,0.287536,0.071819,0.041678,0.062143,0.046518,0.027692,0.045957,0.071895,0.057200
0.281967,0.281954,0.066043,0.037602,0.078557,0.039884,0.033736,0.068792,0.066117,0.045349
0.000127,0.000127,0.000156,0.000106,0.000077,0.000090,0.998973,0.000084,0.000157,0.000103
0.028400,0.028399,0.223777,0.160105,0.015526,0.123006,0.010847,0.013682,0.223613,0.172645
0.178189,0.178185,0.078523,0.062249,0.126619,0.062612,0.074524,0.094677,0.078547,0.065875
0.006803,0.006803,0.009750,0.005570,0.004191,0.004424,0.942290,0.004344,0.009760,0.006064
0.005500,0.005500,0.005011,0.003224,0.003130,0.003085,0.962444,0.003446,0.005015,0.003646
0.028485,0.028487,0.004170,0.003102,0.202961,0.003230,0.010336,0.711484,0.004172,0.003573
0.179907,0.179895,0.122651,0.070076,0.072552,0.064177,0.055066,0.057233,0.122781,0.075661
0.037772,0.037772,0.200462,0.188935,0.031515,0.124933,0.031519,0.026798,0.200349,0.119945
0.294773,0.294779,0.039701,0.026617,0.176041,0.028399,0.017642,0.050301,0.039729,0.032018
0.211706,0.211719,0.042488,0.030407,0.238535,0.031582,0.023403,0.134686,0.042512,0.032962
0.028840,0.028840,0.201510,0.293785,0.019484,0.057080,0.005703,0.009711,0.201022,0.154024
0.260435,0.260428,0.072522,0.046791,0.114639,0.041917,0.027594,0.049282,0.072581,0.053813
0.328101,0.328099,0.051110,0.028960,0.097747,0.025945,0.012866,0.032839,0.051130,0.043203
0.371305,0.371326,0.016630,0.009551,0.150238,0.011212,0.007276,0.032864,0.016645,0.012953
0.050950,0.050954,0.003623,0.002553,0.794843,0.002740,0.003210,0.084513,0.003625,0.002989
0.261943,0.261924,0.079992,0.048277,0.065967,0.053710,0.028578,0.056484,0.080052,0.063074
0.101691,0.101700,0.014276,0.010392,0.364242,0.010886,0.012392,0.358462,0.014284,0.011676
0.015025,0.015025,0.177254,0.431064,0.010856,0.043490,0.011573,0.010891,0.176866,0.107957
0.182110,0.182105,0.078603,0.061129,0.100637,0.089429,0.066269,0.087288,0.078634,0.073796
0.160082,0.160087,0.035828,0.028506,0.279581,0.031314,0.027447,0.210067,0.035839,0.031249
0.163747,0.163760,0.018962,0.012426,0.533876,0.012562,0.010797,0.050896,0.018977,0.013997
0.022548,0.022548,0.163144,0.363350,0.017435,0.054891,0.059627,0.017015,0.162727,0.116714
0.253672,0.253689,0.012703,0.007541,0.402023,0.008314,0.007707,0.032679,0.012714,0.008958
0.218356,0.218360,0.066107,0.045773,0.131499,0.045866,0.036637,0.119552,0.066146,0.051704
0.098009,0.098011,0.016103,0.011714,0.093597,0.012611,0.008812,0.628980,0.016110,0.016054
0.024241,0.024240,0.199696,0.174802,0.011547,0.107187,0.009734,0.009326,0.199494,0.239732
0.017548,0.017547,0.216892,0.299891,0.010544,0.063986,0.010073,0.010220,0.216519,0.136780
0.027289,0.027289,0.190629,0.132199,0.015793,0.086952,0.012218,0.012545,0.190536,0.304551
0.011006,0.011006,0.194521,0.395692,0.005175,0.077789,0.004289,0.004390,0.194165,0.101966
0.056185,0.056188,0.005963,0.004473,0.102467,0.005042,0.003798,0.755064,0.005966,0.004854
0.046703,0.046701,0.155061,0.057514,0.015007,0.387538,0.007975,0.013123,0.155174,0.115203
0.061406,0.061406,0.135716,0.057105,0.031084,0.361452,0.008988,0.018029,0.135696,0.129117
0.035851,0.035850,0.245883,0.110058,0.019589,0.066281,0.018384,0.016981,0.246005,0.205118
0.009016,0.009016,0.207269,0.091911,0.004983,0.200681,0.004434,0.004870,0.206983,0.260836
0.024805,0.024804,0.210962,0.318686,0.012865,0.050593,0.015516,0.011468,0.210336,0.119965
0.075250,0.075249,0.217019,0.109061,0.059110,0.095243,0.018768,0.028352,0.217448,0.104500
0.042086,0.042085,0.191258,0.120981,0.033387,0.077164,0.049544,0.034763,0.191612,0.217120
0.019204,0.019203,0.114207,0.043737,0.009577,0.503292,0.010144,0.008996,0.114244,0.157397
0.021941,0.021943,0.001995,0.001507,0.085596,0.001588,0.001316,0.860374,0.001996,0.001746
0.068783,0.068788,0.007750,0.005507,0.083194,0.005449,0.003709,0.742986,0.007753,0.006080
0.048229,0.048234,0.001703,0.001098,0.846762,0.001233,0.001090,0.048608,0.001704,0.001341
0.083476,0.083476,0.223194,0.131682,0.040286,0.062145,0.029797,0.024496,0.223270,0.098179
0.158512,0.158525,0.014174,0.009403,0.336684,0.008874,0.008130,0.280650,0.014182,0.010865
0.318957,0.318954,0.035494,0.021269,0.118078,0.023858,0.014096,0.086186,0.035521,0.027586
0.304169,0.304189,0.037899,0.022566,0.148833,0.024152,0.017952,0.065021,0.037933,0.037287
0.058996,0.058996,0.197052,0.142005,0.035312,0.096837,0.025423,0.036119,0.197374,0.151885
0.039228,0.039228,0.207484,0.152518,0.033610,0.088536,0.035005,0.033095,0.207930,0.163366
0.100000,0.100000,0.100000,0.100000,0.100000,0.100000,0.100000,0.100000,0.100000,0.100000
0.032152,0.032151,0.156925,0.077681,0.014063,0.410074,0.009151,0.011131,0.156886,0.099787
0.071009,0.071006,0.198298,0.102021,0.025950,0.074581,0.101177,0.020658,0.198675,0.136625
0.135849,0.135842,0.173845,0.089325,0.042685,0.052608,0.022072,0.028346,0.173780,0.145648
0.025205,0.025204,0.160065,0.073450,0.011828,0.368388,0.010110,0.010308,0.159952,0.155490
0.000246,0.000246,0.000286,0.000203,0.000161,0.000171,0.998014,0.000181,0.000286,0.000208
0.005490,0.005490,0.005393,0.003739,0.003832,0.005937,0.954557,0.005000,0.005395,0.005167
0.000497,0.000497,0.000606,0.000463,0.000360,0.000408,0.995714,0.000384,0.000607,0.000464
0.105452,0.105451,0.120927,0.078265,0.052649,0.096885,0.178804,0.043040,0.120940,0.097586
0.015526,0.015525,0.214768,0.295512,0.009576,0.048604,0.025165,0.008600,0.214868,0.151854
0.018013,0.018013,0.010138,0.006632,0.020811,0.006696,0.889571,0.012542,0.010144,0.007439
0.000314,0.000314,0.000370,0.000303,0.000236,0.000253,0.997307,0.000244,0.000370,0.000288
0.001376,0.001376,0.001520,0.001114,0.000969,0.001053,0.989006,0.000962,0.001521,0.001104
0.001718,0.001718,0.001728,0.001597,0.001514,0.001559,0.984821,0.002064,0.001729,0.001552
0.025716,0.025716,0.030460,0.022118,0.026767,0.017658,0.776215,0.022782,0.030476,0.022091
0.007382,0.007382,0.006994,0.005034,0.004552,0.004553,0.947169,0.004905,0.006997,0.005031
0.008665,0.008665,0.010409,0.007031,0.006527,0.006542,0.926901,0.007698,0.010417,0.007145
0.002373,0.002373,0.002028,0.001297,0.001395,0.001276,0.984159,0.001637,0.002029,0.001435
0.005895,0.005895,0.005987,0.004008,0.004216,0.003341,0.956749,0.003965,0.005992,0.003953
0.069479,0.069479,0.077001,0.063980,0.059245,0.067078,0.393999,0.057507,0.077016,0.065217
0.028301,0.028301,0.028722,0.017903,0.016892,0.016333,0.799451,0.015028,0.028747,0.020323
0.001470,0.001470,0.001618,0.001111,0.001029,0.001023,0.988528,0.000956,0.001619,0.001177
0.335418,0.335425,0.033505,0.020446,0.145356,0.017699,0.012056,0.039384,0.033538,0.027174
0.013234,0.013234,0.007332,0.005877,0.022701,0.005553,0.907310,0.011572,0.007335,0.005853
0.067919,0.067922,0.004853,0.003315,0.523604,0.003551,0.011659,0.308694,0.004856,0.003627
0.390053,0.390079,0.019017,0.009051,0.105882,0.010735,0.010178,0.027892,0.019035,0.018078
0.222816,0.222828,0.015467,0.008814,0.302404,0.009710,0.006937,0.181950,0.015482,0.013593
0.177214,0.177224,0.025056,0.017613,0.213373,0.020254,0.019823,0.303379,0.025071,0.020994
0.418581,0.418557,0.018584,0.009276,0.060209,0.010882,0.006437,0.022822,0.018605,0.016049
0.032719,0.032719,0.165280,0.081521,0.015312,0.368250,0.006891,0.008736,0.165563,0.123008
0.012442,0.012442,0.285224,0.160810,0.007876,0.087933,0.008894,0.007050,0.286104,0.131223
0.242467,0.242481,0.021391,0.013534,0.298496,0.015278,0.011808,0.114850,0.021405,0.018290
0.003524,0.003524,0.178320,0.145854,0.001960,0.193442,0.001643,0.001731,0.177651,0.292351
0.354076,0.354098,0.018140,0.010233,0.177688,0.011265,0.009698,0.033095,0.018161,0.013545
0.034740,0.034739,0.153948,0.140025,0.019358,0.278903,0.014582,0.018729,0.153715,0.151259
0.009132,0.009131,0.118135,0.635748,0.006692,0.025128,0.005475,0.006318,0.117821,0.066421
0.288608,0.288588,0.054651,0.031448,0.075004,0.035898,0.082541,0.050738,0.054694,0.037829
0.193654,0.193646,0.098099,0.080997,0.077615,0.073475,0.048999,0.063458,0.098144,0.071914
0.272200,0.272192,0.051007,0.033355,0.103559,0.039789,0.034893,0.103080,0.051046,0.038879
0.150860,0.150857,0.028905,0.016360,0.516650,0.025250,0.019721,0.038100,0.028932,0.024365
0.252442,0.252429,0.079887,0.045326,0.081843,0.048845,0.028285,0.054626,0.079959,0.076357
0.265315,0.265298,0.075278,0.045082,0.070456,0.044815,0.040514,0.052595,0.075344,0.065302
0.010003,0.010003,0.304900,0.156038,0.005899,0.070818,0.005096,0.004954,0.305906,0.126383
0.249990,0.249976,0.066424,0.045060,0.087624,0.040633,0.042530,0.064529,0.066458,0.086777
0.123294,0.123292,0.093081,0.089554,0.102421,0.089527,0.090062,0.103713,0.093087,0.091969
0.316531,0.316502,0.053400,0.027013,0.066428,0.034785,0.024242,0.044474,0.053462,0.063163
0.223922,0.223905,0.079401,0.052243,0.070562,0.052744,0.048035,0.066306,0.079437,0.103445
0.106220,0.106218,0.030151,0.021618,0.507407,0.025934,0.101360,0.047092,0.030169,0.023832
0.179071,0.179064,0.095336,0.069939,0.078397,0.062339,0.064351,0.073130,0.095376,0.102997
0.235645,0.235653,0.041102,0.024202,0.240230,0.035831,0.025406,0.091478,0.041141,0.029313
0.273849,0.273835,0.064156,0.040595,0.076738,0.041425,0.040358,0.050305,0.064188,0.074552
0.080749,0.080755,0.013257,0.009626,0.228874,0.009724,0.008928,0.544331,0.013263,0.010492
0.218601,0.218590,0.091346,0.057582,0.081786,0.072703,0.039449,0.053286,0.091412,0.075246
0.147579,0.147572,0.131640,0.093771,0.066887,0.084417,0.048915,0.053108,0.131681,0.094430
0.046586,0.046585,0.037275,0.026975,0.027028,0.024152,0.693383,0.032639,0.037291,0.028086
0.235654,0.235651,0.064837,0.039577,0.179127,0.037627,0.025829,0.056488,0.064880,0.060330
0.287563,0.287536,0.071819,0.041678,0.062143,0.046518,0.027692,0.045957,0.071895,0.057200
0.237324,0.237309,0.094178,0.052945,0.068155,0.063083,0.032171,0.057180,0.094245,0.063410
0.234105,0.234097,0.083736,0.051408,0.077619,0.067178,0.034755,0.070549,0.083795,0.062759
0.280249,0.280236,0.058625,0.038619,0.099913,0.040825,0.032528,0.053457,0.058674,0.056874
0.123934,0.123933,0.111753,0.084613,0.094947,0.083379,0.076064,0.075907,0.111772,0.113698
0.055168,0.055168,0.078167,0.057398,0.046593,0.056483,0.476283,0.041551,0.078203,0.054987
0.086061,0.086060,0.124912,0.115858,0.077004,0.101598,0.088035,0.075683,0.124892,0.119897
0.124337,0.124335,0.122568,0.097666,0.086338,0.080405,0.080225,0.068383,0.122627,0.093115
0.100000,0.100000,0.100000,0.100000,0.100000,0.100000,0.100000,0.100000,0.100000,0.100000
0.112151,0.112149,0.130182,0.105105,0.077762,0.088592,0.069143,0.064826,0.130223,0.109867
0.269202,0.269206,0.012107,0.007070,0.118613,0.008573,0.005274,0.289271,0.012119,0.008564
0.262259,0.262247,0.074152,0.042269,0.075320,0.055084,0.024636,0.069493,0.074227,0.060314
0.128294,0.128294,0.110728,0.084241,0.146233,0.067250,0.062539,0.073806,0.110769,0.087845
0.154816,0.154814,0.109538,0.078420,0.091135,0.078879,0.048413,0.062327,0.109581,0.112078
0.206903,0.206900,0.078942,0.060730,0.112158,0.056413,0.041581,0.096215,0.078972,0.061185
0.202824,0.202819,0.089661,0.060515,0.082499,0.073692,0.063205,0.061778,0.089717,0.073292
0.229915,0.229905,0.063456,0.036468,0.075342,0.042328,0.160555,0.050907,0.063517,0.047607
0.322210,0.322200,0.046031,0.025574,0.077356,0.038218,0.020027,0.066678,0.046078,0.035629
0.309628,0.309605,0.058542,0.026957,0.051237,0.031003,0.085066,0.030289,0.058625,0.039047
0.291560,0.291551,0.064265,0.038773,0.070377,0.043993,0.036547,0.045748,0.064314,0.052873
0.178634,0.178628,0.037418,0.026907,0.088570,0.031074,0.020452,0.369895,0.037435,0.030988
0.314063,0.314062,0.038628,0.020729,0.089883,0.021327,0.074655,0.055457,0.038674,0.032520
0.184763,0.184758,0.108411,0.076046,0.082500,0.068631,0.045489,0.066138,0.108469,0.074794
0.100000,0.100000,0.100000,0.100000,0.100000,0.100000,0.100000,0.100000,0.100000,0.100000
0.234105,0.234097,0.083736,0.051408,0.077619,0.067178,0.034755,0.070549,0.083795,0.062759
0.237932,0.237943,0.016154,0.010249,0.407899,0.012615,0.011804,0.035977,0.016166,0.013260
0.287990,0.287992,0.038782,0.025786,0.157669,0.041987,0.018450,0.072504,0.038805,0.030035
0.276020,0.276022,0.067850,0.035910,0.099191,0.052609,0.024473,0.053070,0.067913,0.046942
0.294874,0.294867,0.057791,0.035581,0.093268,0.037336,0.020421,0.057855,0.057820,0.050186
0.237324,0.237309,0.094178,0.052945,0.068155,0.063083,0.032171,0.057180,0.094245,0.063410
0.313009,0.313031,0.049127,0.032636,0.102857,0.033029,0.012800,0.057032,0.049147,0.037333
0.257773,0.257786,0.029467,0.018998,0.236071,0.028091,0.014688,0.106103,0.029488,0.021534
0.121866,0.121872,0.021603,0.015639,0.170380,0.016440,0.016868,0.475205,0.021616,0.018511
0.400732,0.400762,0.016602,0.009286,0.102924,0.010062,0.006153,0.023502,0.016618,0.013359
0.198186,0.198189,0.048391,0.032455,0.112938,0.032291,0.030057,0.259699,0.048424,0.039370
0.293162,0.293193,0.010127,0.005912,0.331804,0.007227,0.005555,0.034898,0.010138,0.007984
0.265113,0.265125,0.029604,0.019126,0.263322,0.022289,0.016845,0.065450,0.029628,0.023498
0.182367,0.182363,0.101697,0.067588,0.089840,0.067896,0.042462,0.085389,0.101756,0.078644
0.012552,0.012551,0.202773,0.248729,0.008528,0.046065,0.034814,0.008344,0.202344,0.223301
0.036613,0.036612,0.195801,0.279333,0.020282,0.079670,0.016286,0.018038,0.195413,0.121952
0.020182,0.020184,0.001389,0.000847,0.309916,0.001026,0.002241,0.641802,0.001390,0.001022
0.190540,0.190554,0.011819,0.007903,0.529319,0.009303,0.005676,0.033226,0.011825,0.009836
0.005245,0.005245,0.038530,0.030297,0.003063,0.015867,0.003540,0.002993,0.038564,0.856656
0.030506,0.030508,0.005706,0.004310,0.596126,0.005153,0.002827,0.314454,0.005707,0.004704
0.333267,0.333280,0.024385,0.013687,0.138713,0.017191,0.009932,0.086834,0.024409,0.018302
0.109492,0.109490,0.131623,0.086517,0.066282,0.104918,0.051877,0.082779,0.131743,0.125279
0.030486,0.030486,0.155737,0.144110,0.016862,0.321229,0.012226,0.013787,0.155587,0.119490
0.022784,0.022783,0.216730,0.164622,0.010474,0.129179,0.006793,0.010314,0.216342,0.199979
0.041311,0.041314,0.004337,0.003172,0.053104,0.003400,0.002939,0.842100,0.004339,0.003985
0.023151,0.023150,0.182595,0.223998,0.016902,0.079695,0.024107,0.018977,0.182354,0.225071
0.035428,0.035428,0.006573,0.004413,0.024840,0.004010,0.007139,0.870859,0.006575,0.004737
0.012448,0.012447,0.014058,0.010418,0.008131,0.010143,0.898826,0.008892,0.014063,0.010575
0.326703,0.326713,0.024098,0.015903,0.169936,0.021398,0.012958,0.056551,0.024113,0.021628
0.008002,0.008002,0.186732,0.447671,0.005808,0.050852,0.005293,0.005323,0.186071,0.096246
0.248294,0.248296,0.042982,0.032754,0.159679,0.027021,0.024456,0.140299,0.043001,0.033218
0.236165,0.236197,0.018409,0.013198,0.379998,0.012764,0.009890,0.061334,0.018422,0.013625
0.290927,0.290935,0.039503,0.025745,0.128350,0.027798,0.066496,0.057222,0.039526,0.033498
0.041984,0.041983,0.218130,0.202285,0.021544,0.061180,0.020986,0.020882,0.217975,0.153052
0.177518,0.177521,0.019510,0.011696,0.522145,0.012277,0.011623,0.033299,0.019526,0.014885
0.006667,0.006667,0.150703,0.470377,0.003523,0.022576,0.002584,0.003368,0.150365,0.183169
0.302225,0.302251,0.014151,0.008991,0.277174,0.010796,0.007930,0.051558,0.014163,0.010761
0.210772,0.210779,0.061918,0.044103,0.168430,0.079421,0.033296,0.077028,0.061948,0.052306
0.026145,0.026144,0.214358,0.252401,0.018437,0.097309,0.013151,0.014486,0.214054,0.123515
0.010305,0.010305,0.146959,0.563445,0.006260,0.033381,0.005759,0.005928,0.146652,0.071006
0.023373,0.023372,0.132135,0.118576,0.012699,0.392103,0.010735,0.011930,0.131961,0.143117
0.234988,0.235017,0.016459,0.010424,0.390875,0.012571,0.010824,0.060077,0.016474,0.012291
0.029709,0.029708,0.153377,0.485509,0.012222,0.034494,0.008474,0.010466,0.153112,0.082930
0.015448,0.015448,0.190045,0.117856,0.013861,0.300695,0.005096,0.007032,0.189788,0.144731
0.299427,0.299437,0.044308,0.031879,0.134862,0.029742,0.026717,0.056757,0.044327,0.032544
0.237932,0.237943,0.016154,0.010249,0.407899,0.012615,0.011804,0.035977,0.016166,0.013260
0.030590,0.030591,0.005790,0.004169,0.030745,0.004609,0.007384,0.875805,0.005794,0.004522
0.099677,0.099684,0.010705,0.007259,0.719265,0.008392,0.007521,0.026591,0.010709,0.010197
0.240785,0.240783,0.044157,0.024720,0.232929,0.025614,0.069658,0.042338,0.044203,0.034813
0.016104,0.016104,0.195373,0.341586,0.007656,0.112454,0.004991,0.007198,0.194882,0.103653
0.019718,0.019721,0.001101,0.000795,0.950453,0.000791,0.000789,0.004615,0.001102,0.000915
0.321170,0.321187,0.025954,0.015373,0.204354,0.015635,0.009787,0.041568,0.025977,0.018994
0.230574,0.230600,0.014704,0.008898,0.417446,0.010502,0.018409,0.043143,0.014718,0.011008
0.225977,0.225974,0.069226,0.046901,0.133623,0.038808,0.060885,0.079666,0.069267,0.049674
0.154970,0.154964,0.128410,0.083225,0.059132,0.113996,0.047114,0.046333,0.128511,0.083346
0.137247,0.137253,0.033811,0.021574,0.545562,0.020735,0.014421,0.032013,0.033831,0.023553
0.243478,0.243464,0.101405,0.059995,0.056545,0.054608,0.026509,0.049299,0.101516,0.063180
0.312246,0.312256,0.045976,0.027047,0.125880,0.029622,0.018490,0.048130,0.046017,0.034335
0.155702,0.155705,0.030427,0.021058,0.218807,0.021968,0.283655,0.058835,0.030443,0.023401
0.095843,0.095841,0.123996,0.107875,0.067728,0.156639,0.066429,0.061595,0.124007,0.100047
0.225257,0.225263,0.047196,0.033611,0.152409,0.032135,0.028631,0.168337,0.047222,0.039939
0.252300,0.252309,0.067738,0.041455,0.125257,0.050695,0.023632,0.059803,0.067779,0.059031
0.077551,0.077549,0.181438,0.139747,0.051717,0.101252,0.033447,0.050553,0.181482,0.105264
0.325195,0.325203,0.044000,0.023532,0.106021,0.024732,0.025655,0.044894,0.044027,0.036740
0.003101,0.003101,0.079203,0.754459,0.002349,0.022351,0.002401,0.002207,0.078974,0.051854
0.021681,0.021681,0.233442,0.227547,0.011122,0.062885,0.023697,0.009844,0.233206,0.154895
0.218149,0.218150,0.056621,0.039886,0.204169,0.040000,0.028386,0.088009,0.056648,0.049983
0.100863,0.100858,0.161426,0.103957,0.036978,0.059278,0.015377,0.032787,0.161280,0.227196
0.129335,0.129337,0.018749,0.010108,0.069481,0.014680,0.014960,0.576857,0.018767,0.017727
0.175678,0.175672,0.121649,0.079953,0.062693,0.071681,0.052042,0.055510,0.121748,0.083375
0.131224,0.131222,0.046298,0.032428,0.040685,0.025948,0.466224,0.045631,0.046331,0.034009
0.116562,0.116557,0.194709,0.105826,0.038942,0.078139,0.025582,0.031937,0.194963,0.096782
0.182275,0.182279,0.067768,0.056330,0.181487,0.054486,0.038216,0.112130,0.067770,0.057261
0.149622,0.149624,0.049142,0.030998,0.389772,0.036891,0.021014,0.079334,0.049157,0.044447
0.082528,0.082534,0.009980,0.006635,0.762230,0.007068,0.007598,0.023212,0.009985,0.008231
0.085737,0.085741,0.014350,0.008043,0.123158,0.024373,0.004999,0.629061,0.014359,0.010179
0.214706,0.214691,0.082822,0.049829,0.095644,0.060669,0.054800,0.066807,0.082886,0.077145
0.004215,0.004215,0.111820,0.686493,0.002747,0.021004,0.002411,0.002603,0.111454,0.053039
0.301602,0.301631,0.011419,0.007024,0.303463,0.008178,0.005226,0.041623,0.011429,0.008406
0.171455,0.171451,0.076129,0.050353,0.094232,0.049760,0.077978,0.182447,0.076163,0.050031
0.014983,0.014983,0.200619,0.350892,0.010117,0.060962,0.009676,0.009252,0.200144,0.128372
0.132053,0.132056,0.033709,0.019195,0.522728,0.020564,0.042816,0.038468,0.033741,0.024671
0.305734,0.305749,0.041074,0.021873,0.150233,0.034521,0.029809,0.040867,0.041112,0.029029
0.008672,0.008671,0.227346,0.107466,0.005014,0.186304,0.004660,0.004399,0.227771,0.219697
0.301091,0.301110,0.028373,0.018700,0.196474,0.022508,0.015743,0.062828,0.028393,0.024781
0.008582,0.008582,0.199144,0.263585,0.003855,0.170282,0.003503,0.003776,0.198649,0.140041
0.021177,0.021176,0.226200,0.230511,0.013361,0.061245,0.012270,0.011688,0.225816,0.176556
0.307064,0.307071,0.027383,0.018188,0.171573,0.020951,0.018918,0.076740,0.027401,0.024711
0.015689,0.015688,0.189661,0.375582,0.011984,0.066863,0.012580,0.011392,0.189176,0.111385
0.015757,0.015757,0.214161,0.134211,0.008780,0.234946,0.007689,0.008565,0.214254,0.145881
0.217601,0.217607,0.060047,0.044588,0.153936,0.051803,0.046844,0.098794,0.060070,0.048710
0.006005,0.006005,0.110129,0.637631,0.004137,0.053090,0.003564,0.003980,0.109856,0.065603
0.287563,0.287536,0.071819,0.041678,0.062143,0.046518,0.027692,0.045957,0.071895,0.057200
0.261727,0.261752,0.024752,0.016977,0.291855,0.020948,0.012792,0.064381,0.024767,0.020050
0.020216,0.020215,0.201798,0.094351,0.009554,0.142198,0.009676,0.009095,0.201562,0.291335
0.153195,0.153199,0.088368,0.047458,0.235250,0.061243,0.026867,0.070558,0.088551,0.075312
0.375921,0.375958,0.011400,0.006933,0.154740,0.007981,0.005899,0.041259,0.011410,0.008499
0.114873,0.114875,0.019715,0.014292,0.096908,0.015980,0.010890,0.573473,0.019721,0.019273
0.032284,0.032283,0.181735,0.135055,0.024084,0.238466,0.029983,0.025314,0.181937,0.118858
0.151987,0.151992,0.030534,0.021884,0.423356,0.024188,0.019918,0.122202,0.030550,0.023390
0.094293,0.094295,0.026446,0.020849,0.227753,0.022252,0.022067,0.442292,0.026457,0.023295
0.236350,0.236358,0.049915,0.044758,0.149103,0.046388,0.047393,0.091773,0.049924,0.048036
0.067871,0.067875,0.007216,0.005036,0.810352,0.005194,0.004997,0.018682,0.007221,0.005557
0.112974,0.112970,0.133545,0.099681,0.060150,0.134477,0.058012,0.057170,0.133606,0.097415
0.178813,0.178811,0.083137,0.068034,0.124234,0.062802,0.047033,0.095580,0.083157,0.078399
0.194703,0.194717,0.016645,0.009500,0.384729,0.011486,0.006772,0.153193,0.016659,0.011597
0.185829,0.185837,0.034825,0.025329,0.197351,0.025046,0.021312,0.252978,0.034836,0.036657
0.182367,0.182363,0.101697,0.067588,0.089840,0.067896,0.042462,0.085389,0.101756,0.078644
0.247972,0.247994,0.008249,0.005388,0.417704,0.006431,0.005413,0.045695,0.008255,0.006899
0.041311,0.041314,0.004337,0.003172,0.053104,0.003400,0.002939,0.842100,0.004339,0.003985
0.261131,0.261113,0.070763,0.041847,0.074433,0.036935,0.029983,0.091724,0.070829,0.061242
0.136101,0.136099,0.100940,0.067778,0.114415,0.111915,0.064638,0.074374,0.100987,0.092754
0.140902,0.140900,0.028101,0.018996,0.073354,0.022506,0.037978,0.484267,0.028119,0.024877
0.321421,0.321425,0.022147,0.015198,0.122274,0.017508,0.011949,0.127892,0.022158,0.018030
0.156482,0.156484,0.046496,0.028724,0.137319,0.035998,0.064081,0.292738,0.046528,0.035149
0.265113,0.265125,0.029604,0.019126,0.263322,0.022289,0.016845,0.065450,0.029628,0.023498
0.377851,0.377841,0.020632,0.013246,0.098819,0.014037,0.013147,0.047855,0.020648,0.015924
0.367236,0.367244,0.026358,0.015960,0.115256,0.016250,0.013399,0.031616,0.026379,0.020301
0.288751,0.288744,0.046858,0.026410,0.123039,0.034661,0.019971,0.077298,0.046898,0.047370
0.301016,0.301027,0.039379,0.022913,0.166742,0.027323,0.015211,0.058588,0.039407,0.028395
0.028485,0.028487,0.004170,0.003102,0.202961,0.003230,0.010336,0.711484,0.004172,0.003573
0.093684,0.093683,0.169286,0.102388,0.050388,0.113333,0.024872,0.036888,0.169175,0.146304
0.295280,0.295295,0.034553,0.021930,0.187528,0.026244,0.015940,0.057759,0.034576,0.030893
0.034475,0.034476,0.001899,0.001204,0.524577,0.001459,0.001267,0.397324,0.001900,0.001419
0.050557,0.050559,0.011619,0.008231,0.784776,0.009710,0.007547,0.056117,0.011625,0.009259
0.262571,0.262582,0.020028,0.011996,0.287836,0.014212,0.013526,0.091190,0.020049,0.016009
0.262883,0.262881,0.047285,0.029204,0.193551,0.029240,0.026939,0.063483,0.047334,0.037201
0.260435,0.260428,0.072522,0.046791,0.114639,0.041917,0.027594,0.049282,0.072581,0.053813
0.209232,0.209243,0.025850,0.018516,0.381516,0.022710,0.020140,0.065313,0.025861,0.021619
0.241752,0.241749,0.034286,0.023293,0.126111,0.027657,0.021710,0.221028,0.034311,0.028103
0.192670,0.192661,0.079642,0.055731,0.096825,0.052318,0.047519,0.140939,0.079680,0.062015
0.298597,0.298607,0.025336,0.013100,0.159611,0.017757,0.051840,0.090895,0.025364,0.018893
0.240528,0.240543,0.008058,0.003826,0.461926,0.004713,0.002843,0.022912,0.008066,0.006584
0.023845,0.023846,0.007079,0.006352,0.879217,0.006637,0.006477,0.032173,0.007080,0.007293
0.072830,0.072833,0.042277,0.037662,0.522893,0.060906,0.034390,0.076633,0.042284,0.037292
0.047414,0.047415,0.032930,0.028644,0.052997,0.046766,0.022176,0.661069,0.032937,0.027653
0.085514,0.085518,0.025465,0.021774,0.633879,0.023219,0.021635,0.055127,0.025472,0.022397
0.061700,0.061699,0.053423,0.042414,0.064408,0.054370,0.094620,0.471981,0.053440,0.041945
0.042445,0.042447,0.012445,0.010691,0.763112,0.012281,0.010537,0.083504,0.012447,0.010092
0.013797,0.013797,0.010199,0.009585,0.018861,0.010162,0.009569,0.894345,0.010199,0.009487
0.014692,0.014692,0.011670,0.010797,0.016837,0.011160,0.009243,0.888561,0.011670,0.010676
0.036918,0.036920,0.012031,0.009520,0.811494,0.012306,0.012502,0.045864,0.012035,0.010410
0.023226,0.023227,0.009308,0.008584,0.870059,0.008838,0.008791,0.030116,0.009308,0.008542
0.031855,0.031855,0.025905,0.022451,0.044594,0.023789,0.042561,0.728167,0.025911,0.022911
0.024684,0.024684,0.015487,0.013321,0.027780,0.013680,0.013689,0.837859,0.015490,0.013326
0.005409,0.005409,0.002607,0.002091,0.005303,0.002339,0.002284,0.969691,0.002608,0.002258
0.006070,0.006070,0.003017,0.002528,0.007604,0.002643,0.003320,0.963082,0.003018,0.002647
0.047014,0.047012,0.023820,0.018638,0.033757,0.017235,0.018261,0.751468,0.023830,0.018965
0.047641,0.047644,0.009987,0.007947,0.044032,0.009141,0.006136,0.808451,0.009991,0.009029
0.008642,0.008642,0.006555,0.005485,0.011584,0.009250,0.016103,0.921705,0.006557,0.005478
0.098946,0.098950,0.035766,0.031390,0.494194,0.034468,0.039333,0.098546,0.035774,0.032633
0.003126,0.003126,0.001978,0.001779,0.003928,0.001781,0.008378,0.972060,0.001979,0.001866
0.007379,0.007379,0.004574,0.003725,0.008836,0.003942,0.004850,0.949372,0.004575,0.005370
0.005698,0.005698,0.002639,0.002082,0.006265,0.002341,0.003207,0.967025,0.002640,0.002406
0.057347,0.057346,0.042793,0.035418,0.047753,0.029527,0.033605,0.621355,0.042800,0.032055
0.034423,0.034423,0.037014,0.036211,0.038539,0.038144,0.034157,0.671465,0.037009,0.038613
0.063737,0.063736,0.053158,0.039842,0.049074,0.032739,0.045363,0.561729,0.053176,0.037445
0.074400,0.074400,0.072285,0.059998,0.072088,0.150147,0.070967,0.290335,0.072302,0.063079
0.246459,0.246472,0.036525,0.026441,0.246968,0.026730,0.025065,0.080349,0.036543,0.028448
0.009037,0.009037,0.006951,0.005799,0.011946,0.009915,0.017534,0.917042,0.006953,0.005787
0.070920,0.070924,0.018338,0.015194,0.674573,0.016156,0.015392,0.084075,0.018343,0.016085
0.083458,0.083457,0.074044,0.061221,0.079657,0.090707,0.153384,0.238165,0.074062,0.061847
0.006032,0.006032,0.002770,0.002285,0.006785,0.002779,0.003325,0.964630,0.002771,0.002591
0.133969,0.133966,0.093082,0.076135,0.089632,0.083148,0.081979,0.096850,0.093113,0.118126
0.228326,0.228330,0.064421,0.039807,0.183367,0.039731,0.027951,0.060891,0.064466,0.062710
0.334098,0.334112,0.019611,0.011066,0.207825,0.011857,0.008233,0.039785,0.019629,0.013783
0.086900,0.086907,0.012102,0.009357,0.407190,0.010197,0.009868,0.355342,0.012106,0.010031
0.144583,0.144597,0.014063,0.008728,0.341898,0.010528,0.006338,0.305001,0.014072,0.010192
0.070761,0.070761,0.018465,0.012475,0.320684,0.020054,0.012160,0.441226,0.018476,0.014939
0.298982,0.299017,0.022238,0.013797,0.238490,0.014384,0.010288,0.064792,0.022262,0.015750
0.075750,0.075752,0.011347,0.007561,0.325454,0.008834,0.008893,0.466623,0.011355,0.008432
0.214922,0.214936,0.041990,0.029795,0.288144,0.029411,0.029403,0.076162,0.042019,0.033219
0.364956,0.364961,0.024973,0.013937,0.125486,0.014452,0.012816,0.036977,0.024999,0.016443
0.166010,0.166019,0.023004,0.017642,0.428872,0.016612,0.012395,0.128894,0.023011,0.017541
0.299427,0.299437,0.044308,0.031879,0.134862,0.029742,0.026717,0.056757,0.044327,0.032544
0.272503,0.272494,0.072247,0.046553,0.088132,0.044156,0.030042,0.047684,0.072286,0.053903
0.056948,0.056950,0.021411,0.018729,0.135271,0.019543,0.021408,0.628629,0.021415,0.019695
0.208582,0.208585,0.031804,0.021917,0.270132,0.024529,0.025310,0.151531,0.031823,0.025788
0.023524,0.023525,0.001126,0.000669,0.018184,0.000874,0.000581,0.929488,0.001127,0.000903
0.121167,0.121172,0.022355,0.017411,0.310519,0.019022,0.016992,0.328411,0.022366,0.020584
0.359142,0.359167,0.021569,0.010859,0.158571,0.013694,0.008924,0.029995,0.021594,0.016484
0.326235,0.326256,0.022910,0.014299,0.179740,0.017599,0.011012,0.060047,0.022926,0.018975
0.125003,0.125009,0.021529,0.014208,0.522715,0.021328,0.010846,0.121649,0.021541,0.016171
0.032696,0.032697,0.004642,0.003295,0.064948,0.003570,0.004581,0.845370,0.004644,0.003557
0.159508,0.159512,0.005112,0.003174,0.643356,0.003938,0.002653,0.012545,0.005116,0.005085
0.244482,0.244474,0.038311,0.025745,0.117146,0.027605,0.027161,0.207373,0.038338,0.029365
0.254197,0.254222,0.018411,0.012046,0.306726,0.013415,0.009798,0.096555,0.018424,0.016205
0.239693,0.239691,0.022061,0.013468,0.203925,0.015792,0.012041,0.213278,0.022081,0.017970
0.133514,0.133520,0.014440,0.009373,0.129521,0.010275,0.014660,0.529134,0.014448,0.011114
0.105728,0.105739,0.008897,0.006343,0.256483,0.008244,0.006263,0.485919,0.008901,0.007484
0.055265,0.055270,0.002778,0.001659,0.865679,0.001931,0.001826,0.010669,0.002780,0.002143
0.277177,0.277203,0.026153,0.015038,0.269123,0.016796,0.025238,0.047118,0.026176,0.019978
0.133500,0.133502,0.051096,0.035788,0.148970,0.048211,0.138355,0.212733,0.051119,0.046726
0.267822,0.267836,0.010556,0.006678,0.367443,0.007234,0.006279,0.047700,0.010566,0.007886
0.156523,0.156523,0.055822,0.042306,0.198210,0.051215,0.054535,0.175482,0.055849,0.053534
0.264078,0.264070,0.063140,0.043456,0.112278,0.048453,0.034581,0.060330,0.063184,0.046430
0.025880,0.025880,0.005374,0.003882,0.033315,0.004727,0.004543,0.886750,0.005377,0.004271
0.029803,0.029803,0.014250,0.012151,0.036454,0.012593,0.045945,0.791783,0.014253,0.012965
0.086337,0.086336,0.032580,0.026169,0.140501,0.029117,0.092179,0.447161,0.032589,0.027031
0.126454,0.126451,0.048962,0.032156,0.091122,0.035792,0.024302,0.421789,0.048999,0.043972
0.179487,0.179493,0.049229,0.038345,0.200152,0.037094,0.030676,0.191476,0.049250,0.044798
0.308617,0.308593,0.034059,0.021592,0.156119,0.024093,0.017582,0.069943,0.034087,0.025314
0.096389,0.096390,0.056578,0.045042,0.087166,0.042726,0.041676,0.431678,0.056598,0.045757
0.303387,0.303359,0.062038,0.033883,0.072900,0.028607,0.015273,0.079712,0.062102,0.038740
0.015775,0.015775,0.002506,0.001773,0.022410,0.002089,0.001705,0.933166,0.002508,0.002294
0.326102,0.326090,0.040799,0.024773,0.103388,0.027817,0.019069,0.059594,0.040831,0.031537
0.038537,0.038536,0.005665,0.003696,0.029465,0.004660,0.003011,0.866422,0.005668,0.004341
0.073360,0.073357,0.014054,0.008667,0.042254,0.009898,0.008790,0.742712,0.014066,0.012843
0.011103,0.011103,0.003006,0.002391,0.016264,0.002631,0.002873,0.945065,0.003008,0.002555
0.178134,0.178140,0.015150,0.009902,0.518839,0.010116,0.011820,0.050996,0.015162,0.011741
0.059252,0.059254,0.017012,0.013892,0.078121,0.014653,0.013645,0.712757,0.017018,0.014395
0.022950,0.022949,0.002740,0.001743,0.013103,0.002058,0.003009,0.925973,0.002742,0.002733
0.166859,0.166865,0.013938,0.007506,0.562009,0.009906,0.005423,0.044170,0.013951,0.009372
0.088503,0.088505,0.021204,0.013441,0.659095,0.017920,0.010853,0.061474,0.021215,0.017789
0.104631,0.104631,0.069107,0.053870,0.109080,0.091209,0.046880,0.291643,0.069127,0.059820
0.263878,0.263874,0.071731,0.036872,0.095385,0.050735,0.033203,0.062649,0.071809,0.049863
0.194123,0.194134,0.034936,0.023985,0.319129,0.026005,0.027715,0.112654,0.034951,0.032369
0.211691,0.211705,0.017462,0.010577,0.334398,0.012128,0.009943,0.162353,0.017477,0.012266
0.114935,0.114938,0.052687,0.039535,0.116189,0.039564,0.120340,0.307238,0.052713,0.041861
0.120440,0.120453,0.007672,0.005617,0.127143,0.005630,0.006043,0.593079,0.007677,0.006246
0.014206,0.014206,0.002927,0.001982,0.012895,0.002208,0.006908,0.939481,0.002929,0.002259
0.091131,0.091131,0.017740,0.012203,0.070073,0.012650,0.008787,0.664665,0.017751,0.013869
0.181215,0.181220,0.065523,0.053248,0.172623,0.081530,0.044509,0.087885,0.065549,0.066699
0.290218,0.290244,0.025559,0.014000,0.271196,0.016737,0.010851,0.036334,0.025583,0.019278
0.252966,0.252981,0.030527,0.018428,0.244265,0.021346,0.017994,0.108329,0.030551,0.022615
0.352023,0.352054,0.013532,0.007748,0.184004,0.009768,0.007690,0.048097,0.013544,0.011540
0.072640,0.072647,0.003257,0.002003,0.124923,0.002162,0.001959,0.714559,0.003260,0.002591
0.092696,0.092704,0.004710,0.002988,0.740305,0.003312,0.003426,0.051384,0.004714,0.003762
0.327571,0.327586,0.019742,0.011222,0.180556,0.013475,0.008527,0.073426,0.019760,0.018134
0.262618,0.262636,0.022411,0.013672,0.305204,0.013297,0.009742,0.069547,0.022429,0.018445
0.276303,0.276322,0.023972,0.014726,0.258083,0.016843,0.012864,0.074300,0.023991,0.022596
0.181199,0.181205,0.029007,0.022363,0.385153,0.024132,0.021686,0.101693,0.029017,0.024544
0.205676,0.205684,0.024249,0.015952,0.287958,0.018244,0.017675,0.178339,0.024266,0.021957
0.212417,0.212423,0.067990,0.040629,0.151146,0.064824,0.020275,0.117981,0.068044,0.044270
0.206068,0.206082,0.011236,0.007365,0.261170,0.008479,0.006158,0.272283,0.011243,0.009917
0.017161,0.017163,0.003000,0.002351,0.372932,0.002349,0.002067,0.577560,0.003001,0.002416
0.199498,0.199498,0.077209,0.055368,0.117144,0.059494,0.062316,0.076253,0.077264,0.075957
0.198349,0.198357,0.033663,0.022674,0.393818,0.020869,0.016535,0.056128,0.033684,0.025924
0.227739,0.227749,0.044181,0.029582,0.266080,0.030596,0.025776,0.062224,0.044203,0.041867
0.021495,0.021495,0.005518,0.004401,0.025340,0.005003,0.004308,0.902085,0.005520,0.004834
0.117145,0.117156,0.010037,0.007083,0.164024,0.008133,0.004949,0.553467,0.010039,0.007967
0.027900,0.027903,0.001349,0.000886,0.930271,0.001011,0.000966,0.007276,0.001350,0.001089
0.193652,0.193661,0.043147,0.030867,0.300974,0.032008,0.023933,0.102729,0.043151,0.035876
0.305497,0.305518,0.021378,0.014868,0.191084,0.015207,0.011221,0.089060,0.021386,0.024780
0.023046,0.023048,0.003055,0.002262,0.040156,0.002520,0.002752,0.897477,0.003057,0.002627
0.154651,0.154661,0.009061,0.005278,0.626017,0.005523,0.005182,0.024291,0.009068,0.006266
0.134394,0.134401,0.019150,0.012063,0.154679,0.013127,0.010882,0.483828,0.019165,0.018310
0.217054,0.217066,0.015210,0.009727,0.438177,0.011177,0.008475,0.056776,0.015221,0.011117
0.110196,0.110205,0.012856,0.008458,0.696237,0.008008,0.007265,0.024439,0.012864,0.009471
0.042562,0.042565,0.005872,0.003964,0.871556,0.004514,0.003725,0.014924,0.005876,0.004443
0.243769,0.243774,0.040653,0.024598,0.234239,0.025172,0.020824,0.096248,0.040680,0.030042
0.266978,0.266980,0.050345,0.032058,0.173931,0.038889,0.023359,0.061107,0.050385,0.035966
0.268326,0.268345,0.030346,0.021726,0.244216,0.021399,0.012104,0.079272,0.030353,0.023913
0.204252,0.204273,0.021620,0.013891,0.427620,0.014107,0.029761,0.047672,0.021636,0.015169
0.163318,0.163330,0.014804,0.008911,0.177170,0.011076,0.010174,0.425505,0.014816,0.010895
0.302928,0.302946,0.033498,0.022523,0.163882,0.026982,0.020314,0.066842,0.033517,0.026568
0.071669,0.071667,0.025040,0.018255,0.044694,0.019264,0.016549,0.685868,0.025052,0.021942
0.342701,0.342729,0.026328,0.017155,0.139753,0.020445,0.013616,0.047567,0.026344,0.023362
0.122282,0.122289,0.011322,0.007242,0.673272,0.008046,0.006528,0.029437,0.011330,0.008252
0.065102,0.065101,0.019308,0.014220,0.050983,0.016278,0.013433,0.720715,0.019318,0.015543
0.102824,0.102826,0.025661,0.020561,0.350933,0.022182,0.017606,0.310143,0.025670,0.021595
0.301626,0.301631,0.047566,0.028870,0.117811,0.038273,0.021044,0.060848,0.047607,0.034725
0.128410,0.128412,0.016035,0.011656,0.080971,0.012521,0.012551,0.580409,0.016043,0.012990
0.378012,0.377977,0.042430,0.018164,0.049820,0.019944,0.010376,0.032177,0.042485,0.028615
0.250919,0.250912,0.040142,0.026244,0.103520,0.031223,0.021517,0.201113,0.040168,0.034241
0.069030,0.069032,0.006316,0.004420,0.074766,0.005239,0.004228,0.755050,0.006320,0.005598
0.054217,0.054219,0.004851,0.003678,0.094314,0.004601,0.004360,0.770506,0.004854,0.004400
0.077527,0.077528,0.016157,0.010389,0.059003,0.013225,0.008078,0.708879,0.016168,0.013046
0.273681,0.273695,0.036798,0.025210,0.216065,0.026856,0.016880,0.063626,0.036822,0.030366
0.039869,0.039873,0.001854,0.001228,0.761448,0.001524,0.001214,0.149589,0.001855,0.001547
0.104027,0.104028,0.010686,0.006546,0.053894,0.008176,0.005518,0.688724,0.010694,0.007705
0.205227,0.205226,0.077622,0.047174,0.077329,0.055882,0.090023,0.104016,0.077674,0.059825
0.217493,0.217497,0.056549,0.038884,0.122871,0.045697,0.041354,0.160560,0.056585,0.042510
0.191045,0.191042,0.027471,0.016285,0.071474,0.018716,0.011241,0.423490,0.027495,0.021742
0.241673,0.241668,0.012303,0.007524,0.189140,0.009693,0.007235,0.267475,0.012312,0.010977
0.145924,0.145929,0.055839,0.025616,0.244017,0.063125,0.017587,0.190186,0.055867,0.055911
0.242623,0.242627,0.062078,0.036854,0.121966,0.039668,0.060253,0.078072,0.062107,0.053751
0.098180,0.098183,0.035095,0.030561,0.462713,0.034210,0.038190,0.135852,0.035103,0.031913
0.220910,0.220912,0.007690,0.004292,0.448702,0.008030,0.003063,0.072224,0.007695,0.006481
0.030771,0.030773,0.002672,0.001831,0.087510,0.002231,0.002184,0.837141,0.002673,0.002214
0.006439,0.006439,0.004084,0.003365,0.007805,0.003525,0.004454,0.956103,0.004085,0.003700
0.039847,0.039850,0.004487,0.002919,0.836336,0.003249,0.002994,0.062214,0.004490,0.003613
0.051440,0.051442,0.017597,0.014719,0.118158,0.015185,0.043564,0.654971,0.017602,0.015322
0.011851,0.011851,0.007676,0.006572,0.012955,0.006543,0.041626,0.886210,0.007679,0.007037
0.094119,0.094119,0.052155,0.045786,0.089043,0.041293,0.034463,0.453058,0.052169,0.043796
0.053869,0.053868,0.013109,0.010283,0.041362,0.011211,0.010788,0.780893,0.013115,0.011502
0.222275,0.222289,0.027971,0.017406,0.304880,0.019751,0.011704,0.115723,0.027983,0.030019
0.162558,0.162560,0.084432,0.063265,0.122119,0.066673,0.057614,0.125197,0.084449,0.071134
0.242538,0.242550,0.030532,0.024286,0.299590,0.021320,0.014746,0.059188,0.030543,0.034708
0.093104,0.093111,0.009280,0.006236,0.241552,0.006868,0.007010,0.526658,0.009286,0.006897
0.301978,0.302003,0.026753,0.015234,0.191900,0.015700,0.030740,0.070990,0.026775,0.017928
0.193431,0.193441,0.027373,0.019202,0.163916,0.020152,0.014063,0.318725,0.027386,0.022312
0.123080,0.123084,0.032200,0.023396,0.151648,0.028601,0.025055,0.426679,0.032214,0.034042
0.282539,0.282539,0.082420,0.035028,0.080833,0.053487,0.013505,0.034961,0.082511,0.052177
0.060439,0.060440,0.010324,0.006809,0.041490,0.008252,0.008033,0.785102,0.010330,0.008781
0.250420,0.250429,0.049475,0.033673,0.183324,0.034623,0.036467,0.074945,0.049508,0.037135
0.154102,0.154099,0.146874,0.087418,0.067360,0.069954,0.028203,0.052968,0.146912,0.092110
0.129335,0.129337,0.018749,0.010108,0.069481,0.014680,0.014960,0.576857,0.018767,0.017727
0.203370,0.203377,0.051166,0.033270,0.282463,0.036609,0.037656,0.062077,0.051197,0.038813
0.104168,0.104173,0.020294,0.014417,0.653544,0.017313,0.012564,0.037002,0.020305,0.016221
0.235827,0.235832,0.057274,0.038927,0.137295,0.051451,0.068821,0.075256,0.057304,0.042013
0.258360,0.258360,0.023713,0.014496,0.329141,0.018204,0.012670,0.043404,0.023734,0.017919
0.226424,0.226428,0.061109,0.033657,0.108663,0.030583,0.153454,0.048729,0.061164,0.049788
0.230490,0.230489,0.079483,0.051361,0.080773,0.049578,0.071369,0.060604,0.079504,0.066349
0.062034,0.062038,0.010930,0.008203,0.670734,0.009644,0.009487,0.145707,0.010936,0.010287
0.236658,0.236666,0.036847,0.025027,0.206552,0.026963,0.025068,0.140484,0.036870,0.028866
0.244534,0.244535,0.068090,0.042697,0.153037,0.043288,0.029687,0.052763,0.068145,0.053224
0.257978,0.257976,0.083748,0.041316,0.094504,0.065294,0.016640,0.032330,0.083822,0.066393
0.195330,0.195329,0.096409,0.068025,0.087886,0.052194,0.028052,0.096815,0.096426,0.083535
0.305680,0.305673,0.034171,0.021398,0.112931,0.023757,0.020178,0.115214,0.034197,0.026800
0.173726,0.173727,0.114693,0.078355,0.099747,0.086099,0.027785,0.055073,0.114767,0.076028
0.124795,0.124793,0.061691,0.037406,0.053881,0.030795,0.428655,0.032864,0.061744,0.043375
0.251505,0.251514,0.057205,0.032685,0.152731,0.035635,0.019142,0.104811,0.057235,0.037537
0.209840,0.209836,0.075370,0.057025,0.114440,0.054051,0.043126,0.089458,0.075413,0.071441
0.225942,0.225951,0.018554,0.010568,0.186909,0.011483,0.016095,0.270878,0.018566,0.015054
0.161532,0.161541,0.011722,0.007240,0.468465,0.007622,0.005754,0.155574,0.011730,0.008822
0.140817,0.140820,0.027460,0.016801,0.139636,0.028817,0.010950,0.437405,0.027480,0.029814
0.217588,0.217594,0.060555,0.049312,0.141938,0.048963,0.043585,0.109897,0.060573,0.049995
0.179343,0.179361,0.010894,0.007290,0.490840,0.008408,0.008761,0.095509,0.010900,0.008695
0.255526,0.255553,0.010520,0.005974,0.225660,0.007923,0.005325,0.214399,0.010529,0.008592
0.141043,0.141046,0.046249,0.036977,0.108137,0.037274,0.026506,0.373501,0.046258,0.043008
0.221363,0.221362,0.078610,0.049064,0.128720,0.054965,0.040593,0.063732,0.078683,0.062906
0.009478,0.009479,0.000640,0.000440,0.975180,0.000514,0.000462,0.002637,0.000641,0.000529
0.270424,0.270438,0.027375,0.016543,0.263608,0.018511,0.022535,0.061689,0.027398,0.021479
0.348658,0.348692,0.005048,0.002612,0.260006,0.003186,0.002012,0.020773,0.005053,0.003960
0.103795,0.103794,0.034518,0.024249,0.069531,0.026904,0.018633,0.553894,0.034537,0.030144
0.340038,0.340046,0.024854,0.012532,0.169852,0.014127,0.007990,0.044051,0.024877,0.021633
0.015875,0.015877,0.000932,0.000649,0.959278,0.000738,0.000617,0.004348,0.000932,0.000754
0.021296,0.021298,0.001823,0.001261,0.942939,0.001487,0.001221,0.005407,0.001825,0.001443
0.327003,0.327003,0.023703,0.014720,0.121662,0.013892,0.011098,0.119520,0.023721,0.017677
0.279721,0.279747,0.026237,0.016480,0.255546,0.017151,0.011977,0.067457,0.026254,0.019429
0.271923,0.271919,0.054145,0.031684,0.140852,0.034198,0.029705,0.053111,0.054183,0.058280
0.298898,0.298913,0.035766,0.020118,0.113528,0.024364,0.015002,0.127537,0.035803,0.030070
0.300474,0.300500,0.028794,0.018443,0.158861,0.020437,0.014618,0.104971,0.028823,0.024079
0.154854,0.154847,0.144377,0.073935,0.046292,0.107577,0.020711,0.028398,0.144551,0.124458
0.082821,0.082827,0.009666,0.006759,0.747428,0.008646,0.005883,0.038053,0.009671,0.008246
0.142926,0.142936,0.012731,0.007817,0.338843,0.008246,0.014017,0.309215,0.012741,0.010528
0.375966,0.375952,0.031729,0.015608,0.061902,0.017121,0.031035,0.037617,0.031764,0.021306
0.298756,0.298746,0.065983,0.030978,0.072882,0.041469,0.021113,0.062769,0.066063,0.041242
0.313009,0.313031,0.049127,0.032636,0.102857,0.033029,0.012800,0.057032,0.049147,0.037333
0.138618,0.138626,0.023139,0.016235,0.075371,0.018590,0.007699,0.539940,0.023148,0.018634
0.198186,0.198189,0.048391,0.032455,0.112938,0.032291,0.030057,0.259699,0.048424,0.039370
0.095458,0.095457,0.029274,0.022119,0.149123,0.022610,0.019063,0.513358,0.029288,0.024249
0.335288,0.335253,0.039523,0.024320,0.069124,0.026216,0.015610,0.083111,0.039550,0.032004
0.194482,0.194498,0.015790,0.009085,0.479245,0.010529,0.006619,0.061339,0.015804,0.012609
0.058156,0.058160,0.006187,0.004666,0.151828,0.004824,0.004108,0.700875,0.006190,0.005006
0.274244,0.274255,0.044307,0.034106,0.126224,0.025964,0.073090,0.049666,0.044320,0.053822
0.392288,0.392307,0.012291,0.007729,0.122937,0.008925,0.006578,0.034173,0.012300,0.010471
0.114873,0.114875,0.019715,0.014292,0.096908,0.015980,0.010890,0.573473,0.019721,0.019273
0.046313,0.046314,0.007582,0.004771,0.035662,0.005063,0.004045,0.835806,0.007587,0.006858
0.157055,0.157059,0.026248,0.016343,0.194658,0.017049,0.015463,0.371719,0.026269,0.018137
0.104055,0.104057,0.021395,0.015993,0.091226,0.017528,0.015311,0.589135,0.021405,0.019894
0.306127,0.306137,0.038646,0.025162,0.147334,0.023726,0.012326,0.076177,0.038673,0.025692
0.261680,0.261674,0.037089,0.021417,0.114808,0.025018,0.012057,0.197293,0.037116,0.031848
0.052984,0.052983,0.233973,0.117564,0.033728,0.100961,0.029727,0.026586,0.233952,0.117543
0.305213,0.305225,0.018631,0.009580,0.227525,0.011862,0.021388,0.067024,0.018646,0.014906
0.014023,0.014023,0.225213,0.264673,0.011329,0.076370,0.011444,0.010820,0.224769,0.147335
0.164172,0.164185,0.018612,0.013109,0.248374,0.011059,0.014813,0.333080,0.018624,0.013970
0.090071,0.090074,0.022448,0.016446,0.074238,0.018641,0.018680,0.628153,0.022461,0.018787
0.052756,0.052761,0.003307,0.002225,0.676731,0.002640,0.002807,0.200734,0.003309,0.002730
0.087252,0.087254,0.014401,0.009537,0.087660,0.010978,0.011767,0.664789,0.014411,0.011950
0.061039,0.061038,0.138155,0.047359,0.029795,0.413717,0.015584,0.019304,0.138269,0.075739
0.020706,0.020706,0.294447,0.153172,0.011001,0.069054,0.009187,0.009617,0.295435,0.116676
0.023881,0.023881,0.020846,0.017751,0.017778,0.017534,0.819141,0.020297,0.020851,0.018040
0.067312,0.067312,0.056868,0.040870,0.050085,0.037142,0.513069,0.064499,0.056897,0.045945
0.027647,0.027647,0.216017,0.176161,0.014368,0.082166,0.010238,0.012141,0.215810,0.217806
0.016817,0.016817,0.202671,0.263499,0.013064,0.076214,0.013132,0.012735,0.202312,0.182740
0.032810,0.032809,0.174265,0.318176,0.026845,0.064011,0.027538,0.034422,0.174000,0.115125
0.028235,0.028234,0.225109,0.137911,0.018178,0.152936,0.016547,0.019147,0.225233,0.148470
0.153141,0.153140,0.071523,0.044740,0.089892,0.047885,0.027736,0.278446,0.071558,0.061939
0.144448,0.144457,0.020876,0.012981,0.135567,0.014734,0.014561,0.474498,0.020892,0.016987
0.081648,0.081651,0.018873,0.015217,0.064550,0.013655,0.012591,0.677607,0.018879,0.015328
0.153562,0.153572,0.022850,0.015690,0.494781,0.020098,0.017981,0.080141,0.022862,0.018463
0.077005,0.077010,0.005976,0.003933,0.051422,0.004194,0.003576,0.766027,0.005980,0.004877
0.070872,0.070871,0.155220,0.062965,0.036925,0.314184,0.022016,0.031525,0.155363,0.080059
0.023312,0.023312,0.164979,0.093628,0.017117,0.306879,0.022717,0.016265,0.164876,0.166915
0.027983,0.027982,0.177493,0.311580,0.013604,0.068638,0.028721,0.010913,0.177159,0.155928
0.029991,0.029991,0.241749,0.165498,0.014714,0.096452,0.024680,0.013103,0.241503,0.142318
0.101773,0.101772,0.162593,0.144393,0.052267,0.073111,0.059202,0.038809,0.162537,0.103543
0.049013,0.049011,0.231531,0.143012,0.019893,0.057998,0.015042,0.015598,0.231434,0.187468
0.025053,0.025053,0.162896,0.135243,0.018265,0.224106,0.018576,0.020018,0.162756,0.208035
0.198656,0.198658,0.061466,0.044196,0.198983,0.050330,0.043167,0.091721,0.061492,0.051331
0.307020,0.307033,0.045392,0.026877,0.123206,0.027832,0.017258,0.068091,0.045426,0.031865
0.078280,0.078283,0.006725,0.004216,0.065037,0.004391,0.003372,0.747776,0.006729,0.005192
0.228326,0.228330,0.064421,0.039807,0.183367,0.039731,0.027951,0.060891,0.064466,0.062710
0.011075,0.011075,0.108690,0.088684,0.009497,0.528948,0.009430,0.009207,0.108596,0.114800
0.232357,0.232378,0.013707,0.009314,0.365942,0.009515,0.010070,0.102647,0.013715,0.010354
0.026104,0.026104,0.252936,0.106960,0.015989,0.057690,0.052654,0.011034,0.253115,0.197413
0.070761,0.070761,0.018465,0.012475,0.320684,0.020054,0.012160,0.441226,0.018476,0.014939
0.015811,0.015811,0.174255,0.162776,0.009095,0.240748,0.007110,0.008811,0.173881,0.191702
0.070480,0.070479,0.193608,0.109028,0.074691,0.061807,0.064747,0.038475,0.193967,0.122718
0.030201,0.030200,0.246940,0.067053,0.016853,0.133819,0.008673,0.010193,0.247683,0.208383
0.057282,0.057281,0.202288,0.157139,0.034857,0.085327,0.063079,0.029897,0.202289,0.110561
0.022505,0.022505,0.185737,0.307219,0.014344,0.062919,0.018574,0.013826,0.185500,0.166872
0.011846,0.011845,0.176708,0.143065,0.005038,0.148805,0.004695,0.005348,0.176250,0.316401
0.022505,0.022505,0.185737,0.307219,0.014344,0.062919,0.018574,0.013826,0.185500,0.166872
0.007565,0.007565,0.168317,0.264665,0.003787,0.231946,0.003858,0.003388,0.167829,0.141079
0.017081,0.017080,0.211780,0.063297,0.008819,0.154273,0.008029,0.006644,0.212043,0.300954
0.007842,0.007842,0.159086,0.562641,0.004993,0.023495,0.007735,0.004843,0.158821,0.062701
0.008542,0.008541,0.199235,0.216301,0.005689,0.067882,0.005726,0.005231,0.198766,0.284086
0.039390,0.039389,0.192183,0.196042,0.020535,0.057211,0.082546,0.020753,0.191930,0.160021
0.022468,0.022468,0.168759,0.337655,0.019538,0.063973,0.020483,0.019222,0.168040,0.157395
0.028930,0.028929,0.225841,0.091430,0.012621,0.114699,0.033674,0.013799,0.225828,0.224250
0.014778,0.014777,0.194597,0.411705,0.009984,0.047577,0.014820,0.009313,0.194329,0.088120
0.005776,0.005776,0.164756,0.492453,0.003970,0.034569,0.004291,0.004231,0.164321,0.119856
0.049018,0.049016,0.195335,0.179348,0.022648,0.138400,0.036154,0.023883,0.195126,0.111072
0.025710,0.025710,0.200851,0.338410,0.018680,0.058880,0.025624,0.017112,0.200673,0.088352
0.033365,0.033364,0.208705,0.174824,0.016921,0.127498,0.019985,0.017850,0.208391,0.159098
0.007753,0.007752,0.154411,0.507117,0.005319,0.028608,0.029129,0.005089,0.154011,0.100810
0.016028,0.016028,0.198947,0.232324,0.008184,0.046519,0.006861,0.007894,0.198473,0.268742
0.304584,0.304590,0.037873,0.019736,0.134187,0.024876,0.015231,0.087918,0.037911,0.033093
0.023129,0.023129,0.192024,0.255388,0.022433,0.076833,0.058925,0.017097,0.191703,0.139339
0.016635,0.016634,0.150758,0.436077,0.011569,0.047077,0.014860,0.011761,0.150355,0.144274
0.007117,0.007117,0.245093,0.247887,0.004823,0.048455,0.006003,0.004584,0.244559,0.184362
0.015276,0.015276,0.210611,0.257914,0.010112,0.093409,0.011400,0.009550,0.210098,0.166354
0.265337,0.265352,0.034800,0.021386,0.206060,0.025794,0.016882,0.103787,0.034821,0.025782
0.040483,0.040481,0.232060,0.112471,0.014177,0.095913,0.011471,0.011687,0.232455,0.208803
0.029064,0.029063,0.260421,0.126670,0.013868,0.083296,0.010765,0.014862,0.260795,0.171196
0.212359,0.212366,0.034850,0.025431,0.307674,0.029276,0.023630,0.089639,0.034868,0.029906
0.367018,0.367038,0.023869,0.013591,0.133570,0.014582,0.008642,0.031593,0.023889,0.016208
0.068640,0.068640,0.041226,0.029504,0.040649,0.026275,0.621727,0.031275,0.041247,0.030816
0.039780,0.039780,0.204843,0.200353,0.030005,0.081680,0.031810,0.033841,0.205138,0.132770
0.292456,0.292448,0.063057,0.033712,0.114279,0.034534,0.018237,0.048008,0.063113,0.040156
0.293218,0.293213,0.040548,0.023367,0.167024,0.029958,0.023340,0.052587,0.040571,0.036175
0.164245,0.164250,0.027352,0.018957,0.349402,0.022123,0.019283,0.185208,0.027368,0.021811
0.197026,0.197039,0.031952,0.021308,0.329286,0.023493,0.016181,0.128403,0.031970,0.023343
0.056925,0.056924,0.177038,0.117607,0.037368,0.077906,0.171939,0.032834,0.177028,0.094432
0.044028,0.044027,0.227567,0.149709,0.024874,0.060964,0.110919,0.021475,0.227545,0.088894
0.052540,0.052538,0.238237,0.188085,0.024320,0.055468,0.032461,0.018549,0.238073,0.099727
0.318245,0.318261,0.020770,0.013656,0.226866,0.014378,0.008582,0.042495,0.020777,0.015969
0.370847,0.370826,0.033909,0.017371,0.059640,0.026664,0.029361,0.034832,0.033942,0.022609
0.258877,0.258875,0.056646,0.027382,0.179898,0.028323,0.022575,0.062820,0.056727,0.047876
0.267349,0.267355,0.032341,0.021322,0.170205,0.025827,0.018771,0.137678,0.032362,0.026789
0.157613,0.157621,0.020824,0.014120,0.256257,0.017839,0.018603,0.318683,0.020836,0.017605
0.100000,0.100000,0.100000,0.100000,0.100000,0.100000,0.100000,0.100000,0.100000,0.100000
0.041317,0.041317,0.195578,0.137318,0.032925,0.133153,0.031116,0.030441,0.195543,0.161293
0.276741,0.276742,0.050845,0.036951,0.135666,0.039943,0.026115,0.063298,0.050869,0.042829
0.037234,0.037232,0.286958,0.122967,0.020210,0.057891,0.024623,0.017998,0.287977,0.106910
0.080749,0.080755,0.013257,0.009626,0.228874,0.009724,0.008928,0.544331,0.013263,0.010492
0.069766,0.069763,0.223670,0.182896,0.025948,0.068169,0.015665,0.019504,0.223511,0.101107
0.021779,0.021779,0.233195,0.143720,0.012574,0.175555,0.007859,0.010679,0.232993,0.139867
0.050682,0.050682,0.226783,0.104888,0.040668,0.140389,0.024710,0.031001,0.226776,0.103422
0.010513,0.010512,0.202274,0.190763,0.006270,0.122804,0.004980,0.005548,0.202101,0.244235
0.039567,0.039566,0.228359,0.153454,0.020429,0.067184,0.057460,0.018232,0.228165,0.147585
0.044945,0.044943,0.228674,0.223547,0.019493,0.063755,0.027009,0.016215,0.228432,0.102987
0.042963,0.042963,0.217740,0.165538,0.028916,0.109640,0.027300,0.027146,0.217735,0.120058
0.018767,0.018766,0.243417,0.255207,0.010849,0.038831,0.026117,0.009072,0.243655,0.135318
0.045837,0.045835,0.297264,0.059053,0.018210,0.073275,0.048652,0.013098,0.298739,0.100037
0.016170,0.016169,0.260542,0.066539,0.009076,0.138383,0.011195,0.010044,0.261297,0.210585
0.027582,0.027581,0.255767,0.174467,0.017049,0.071159,0.026855,0.016615,0.255740,0.127186
0.033189,0.033189,0.212998,0.131084,0.024597,0.183141,0.019250,0.018827,0.213087,0.130638
0.049914,0.049913,0.098763,0.049945,0.027665,0.532705,0.013602,0.020968,0.098817,0.057707
0.046507,0.046506,0.226398,0.133856,0.028600,0.062978,0.030545,0.034321,0.226368,0.163922
0.065216,0.065215,0.227316,0.114719,0.043740,0.097752,0.024332,0.028043,0.227556,0.106111
0.056526,0.056525,0.154846,0.111992,0.044308,0.092922,0.183515,0.041060,0.154863,0.103443
0.047835,0.047834,0.215108,0.078311,0.027633,0.229298,0.017851,0.021250,0.215353,0.099528
0.038219,0.038218,0.217186,0.116708,0.025147,0.160326,0.024074,0.025964,0.217116,0.137041
0.058868,0.058867,0.225091,0.110831,0.041924,0.102798,0.038517,0.034753,0.225132,0.103219
0.082318,0.082316,0.182450,0.073199,0.049525,0.083224,0.060238,0.047026,0.182909,0.156794
0.039922,0.039921,0.238147,0.086961,0.021363,0.202705,0.014576,0.016955,0.238420,0.101030
0.009232,0.009232,0.034356,0.011805,0.004943,0.862119,0.007819,0.004608,0.034382,0.021505
0.022128,0.022127,0.215776,0.081353,0.011498,0.221802,0.026541,0.009324,0.215544,0.173905
0.267616,0.267646,0.015549,0.010313,0.346788,0.010656,0.007952,0.044795,0.015560,0.013125
0.008191,0.008191,0.229375,0.167820,0.005314,0.217300,0.006933,0.004900,0.228900,0.123078
0.049525,0.049523,0.178889,0.073162,0.026401,0.227589,0.102949,0.023788,0.179049,0.089126
0.003792,0.003792,0.035880,0.014582,0.002448,0.875739,0.002017,0.002234,0.035872,0.023644
0.032300,0.032299,0.233150,0.251852,0.015490,0.061015,0.017182,0.013302,0.232667,0.110742
0.056663,0.056662,0.183070,0.093450,0.034082,0.218723,0.047906,0.032726,0.183191,0.093526
0.064760,0.064760,0.191458,0.123081,0.073882,0.068198,0.094325,0.036595,0.191445,0.091495
0.001024,0.001024,0.004529,0.001616,0.000568,0.982355,0.000321,0.000524,0.004530,0.003508
0.090579,0.090577,0.197203,0.094274,0.057061,0.083842,0.052927,0.043099,0.197422,0.093016
0.031774,0.031773,0.178598,0.237233,0.025087,0.070081,0.023686,0.023998,0.178258,0.199512
0.061704,0.061703,0.127977,0.089282,0.052861,0.071918,0.272378,0.051487,0.128019,0.082670
0.051577,0.051576,0.230216,0.128054,0.030646,0.116839,0.030091,0.026992,0.230314,0.103694
0.048996,0.048994,0.182968,0.063024,0.021989,0.054567,0.023430,0.027580,0.183369,0.345083
0.033377,0.033376,0.239567,0.154674,0.020246,0.070031,0.019105,0.017775,0.239771,0.172078
0.025671,0.025671,0.078294,0.025391,0.015027,0.673563,0.010961,0.011804,0.078349,0.055268
0.028654,0.028653,0.235338,0.171761,0.017523,0.075778,0.076675,0.016471,0.235004,0.114143
0.100442,0.100441,0.153325,0.111087,0.067484,0.098806,0.052042,0.062142,0.153385,0.100846
0.148213,0.148211,0.133854,0.081374,0.088555,0.082878,0.043054,0.053345,0.133953,0.086563
0.022330,0.022329,0.225132,0.149446,0.011757,0.166289,0.022604,0.009129,0.225508,0.145473
0.065587,0.065586,0.169484,0.121209,0.052562,0.117196,0.071642,0.059001,0.169543,0.108190
0.090925,0.090923,0.188142,0.105271,0.054928,0.097445,0.042540,0.041602,0.188324,0.099899
0.033130,0.033130,0.047930,0.023802,0.025691,0.693542,0.011251,0.050436,0.047946,0.033143
0.049188,0.049186,0.258066,0.084101,0.027042,0.075926,0.053251,0.030683,0.258451,0.114104
0.170252,0.170252,0.119794,0.052209,0.081993,0.066171,0.073730,0.065913,0.119950,0.079736
0.028858,0.028857,0.206083,0.087432,0.014148,0.224710,0.012521,0.017356,0.205884,0.174150
0.062469,0.062468,0.157146,0.093251,0.046615,0.221816,0.048592,0.047589,0.157233,0.102823
0.315593,0.315589,0.066682,0.040339,0.073414,0.031235,0.011810,0.033882,0.066717,0.044737
0.067560,0.067566,0.004570,0.002927,0.820771,0.003427,0.003396,0.021681,0.004573,0.003528
0.139331,0.139328,0.047769,0.027402,0.489106,0.025885,0.013148,0.028782,0.047790,0.041458
0.013650,0.013650,0.013033,0.008573,0.010019,0.008425,0.903088,0.007719,0.013042,0.008801
0.008665,0.008665,0.010409,0.007031,0.006527,0.006542,0.926901,0.007698,0.010417,0.007145
0.005490,0.005490,0.005393,0.003739,0.003832,0.005937,0.954557,0.005000,0.005395,0.005167
0.000246,0.000246,0.000286,0.000203,0.000161,0.000171,0.998014,0.000181,0.000286,0.000208
0.006541,0.006541,0.011071,0.006932,0.004885,0.005675,0.931430,0.008245,0.011081,0.007599
0.018013,0.018013,0.010138,0.006632,0.020811,0.006696,0.889571,0.012542,0.010144,0.007439
0.025716,0.025716,0.030460,0.022118,0.026767,0.017658,0.776215,0.022782,0.030476,0.022091
0.002373,0.002373,0.002028,0.001297,0.001395,0.001276,0.984159,0.001637,0.002029,0.001435
0.001376,0.001376,0.001520,0.001114,0.000969,0.001053,0.989006,0.000962,0.001521,0.001104
0.007382,0.007382,0.006994,0.005034,0.004552,0.004553,0.947169,0.004905,0.006997,0.005031
0.316513,0.316518,0.044844,0.026190,0.120510,0.033501,0.018932,0.041758,0.044878,0.036357
0.028301,0.028301,0.028722,0.017903,0.016892,0.016333,0.799451,0.015028,0.028747,0.020323
0.292803,0.292818,0.024815,0.016016,0.226647,0.017620,0.015658,0.068680,0.024834,0.020109
0.269338,0.269336,0.028540,0.017917,0.130910,0.020087,0.014822,0.196750,0.028561,0.023741
0.005895,0.005895,0.005987,0.004008,0.004216,0.003341,0.956749,0.003965,0.005992,0.003953
0.210205,0.210214,0.014777,0.010606,0.380490,0.012832,0.012250,0.120451,0.014786,0.013389
0.001470,0.001470,0.001618,0.001111,0.001029,0.001023,0.988528,0.000956,0.001619,0.001177
0.069479,0.069479,0.077001,0.063980,0.059245,0.067078,0.393999,0.057507,0.077016,0.065217
0.013234,0.013234,0.007332,0.005877,0.022701,0.005553,0.907310,0.011572,0.007335,0.005853
0.021620,0.021621,0.003822,0.002521,0.237785,0.003628,0.005119,0.697266,0.003824,0.002794
0.099474,0.099478,0.059719,0.044108,0.121577,0.208222,0.030894,0.226312,0.059722,0.050494
0.118374,0.118374,0.078539,0.070763,0.128549,0.073047,0.078758,0.182690,0.078548,0.072357
0.039570,0.039569,0.254715,0.106254,0.017889,0.063849,0.034580,0.020409,0.255057,0.168109
0.036631,0.036629,0.203205,0.098829,0.014812,0.220748,0.007321,0.009781,0.202962,0.169082
0.084463,0.084461,0.166763,0.085132,0.051526,0.119754,0.041284,0.068595,0.166869,0.131154
0.098070,0.098072,0.096953,0.071651,0.171997,0.069703,0.065929,0.117858,0.097002,0.112766
0.106202,0.106199,0.177241,0.099432,0.057265,0.080937,0.048841,0.047438,0.177396,0.099048
0.075575,0.075572,0.089872,0.029742,0.027482,0.502686,0.012298,0.020065,0.089922,0.076787
0.032573,0.032572,0.192480,0.083235,0.019636,0.288018,0.052522,0.018406,0.192575,0.087980
0.127999,0.127995,0.132698,0.063080,0.065180,0.145516,0.027464,0.106118,0.132819,0.071131
0.071233,0.071231,0.207390,0.106380,0.029899,0.140106,0.015888,0.024539,0.207453,0.125882
0.071554,0.071551,0.221086,0.094556,0.029347,0.134604,0.029502,0.025860,0.221103,0.100838
0.018255,0.018255,0.039700,0.018471,0.013402,0.798425,0.006922,0.022408,0.039710,0.024452
0.037178,0.037177,0.218214,0.172947,0.034696,0.081902,0.044800,0.033514,0.217949,0.121623
0.051321,0.051319,0.282755,0.073991,0.023816,0.073931,0.038157,0.016908,0.283755,0.104046
0.045351,0.045351,0.130274,0.062533,0.039069,0.324920,0.022401,0.084395,0.130254,0.115453
0.047319,0.047317,0.217070,0.153054,0.026344,0.068581,0.094330,0.024369,0.216957,0.104660
0.093215,0.093212,0.205729,0.095196,0.041487,0.084933,0.031799,0.033774,0.205991,0.114664
0.091553,0.091550,0.181672,0.094675,0.057113,0.096274,0.036398,0.043246,0.181772,0.125747
0.099195,0.099192,0.160084,0.070699,0.049440,0.078727,0.105031,0.042362,0.160214,0.135055
0.075174,0.075172,0.198507,0.087145,0.035250,0.153005,0.035369,0.029477,0.198587,0.112315
0.083928,0.083925,0.194091,0.110234,0.050785,0.094824,0.035301,0.041866,0.194438,0.110608
0.080768,0.080767,0.195012,0.091009,0.046126,0.113986,0.021942,0.034860,0.195061,0.140470
0.030172,0.030171,0.133983,0.072904,0.020386,0.472099,0.015342,0.018691,0.133952,0.072300
0.036597,0.036597,0.231568,0.085559,0.020375,0.149397,0.015287,0.019752,0.231580,0.173289
0.054396,0.054395,0.222060,0.165063,0.031520,0.064132,0.037126,0.029639,0.221897,0.119773
0.072119,0.072116,0.216034,0.124419,0.028150,0.082575,0.016979,0.022469,0.216181,0.148957
0.044053,0.044053,0.229022,0.130952,0.037273,0.094861,0.033436,0.032879,0.229322,0.124150
0.051317,0.051316,0.214491,0.155663,0.028694,0.072164,0.052744,0.027290,0.214425,0.131895
0.059210,0.059208,0.249266,0.086081,0.022920,0.061413,0.024199,0.018214,0.249405,0.170084
0.052796,0.052795,0.225828,0.142982,0.035519,0.087537,0.031576,0.031588,0.225904,0.113475
0.085737,0.085741,0.014350,0.008043,0.123158,0.024373,0.004999,0.629061,0.014359,0.010179
0.055610,0.055609,0.222174,0.158313,0.034447,0.077187,0.025607,0.026347,0.222316,0.122389
0.040393,0.040392,0.212837,0.148361,0.030759,0.131549,0.029088,0.028408,0.212800,0.125413
0.049102,0.049101,0.253601,0.102037,0.029509,0.113210,0.021042,0.023217,0.253644,0.105536
0.132053,0.132056,0.033709,0.019195,0.522728,0.020564,0.042816,0.038468,0.033741,0.024671
0.039189,0.039190,0.015236,0.012312,0.045303,0.012887,0.011167,0.796181,0.015239,0.013295
0.109744,0.109745,0.089375,0.087790,0.141884,0.087792,0.094127,0.101668,0.089378,0.088495
0.082528,0.082534,0.009980,0.006635,0.762230,0.007068,0.007598,0.023212,0.009985,0.008231
0.062305,0.062303,0.217911,0.187956,0.030568,0.064227,0.023919,0.022500,0.217615,0.110697
0.027640,0.027639,0.190876,0.243192,0.016453,0.144394,0.015528,0.014675,0.190574,0.129028
0.142867,0.142868,0.125336,0.080984,0.091372,0.052977,0.096316,0.048533,0.125464,0.093282
0.029771,0.029770,0.219423,0.106159,0.020030,0.092855,0.018452,0.019159,0.219601,0.244780
0.145423,0.145432,0.026873,0.020491,0.339242,0.020981,0.079109,0.172926,0.026882,0.022641
0.050879,0.050877,0.217102,0.203659,0.026046,0.072932,0.022247,0.021858,0.216827,0.117572
0.142926,0.142936,0.012731,0.007817,0.338843,0.008246,0.014017,0.309215,0.012741,0.010528
0.040541,0.040540,0.181400,0.074347,0.019565,0.193035,0.074453,0.022806,0.181359,0.171955
0.305734,0.305749,0.041074,0.021873,0.150233,0.034521,0.029809,0.040867,0.041112,0.029029
0.014411,0.014411,0.201113,0.424596,0.008026,0.046967,0.009327,0.006766,0.200882,0.073500
0.046313,0.046314,0.007582,0.004771,0.035662,0.005063,0.004045,0.835806,0.007587,0.006858
0.222057,0.222047,0.087331,0.047280,0.072439,0.054558,0.028646,0.054670,0.087369,0.123603
0.179420,0.179414,0.120274,0.070634,0.076377,0.076756,0.040093,0.054373,0.120377,0.082282
0.004510,0.004510,0.004401,0.002747,0.002905,0.002800,0.967756,0.002729,0.004404,0.003239
0.029282,0.029282,0.211823,0.151640,0.018142,0.074484,0.018642,0.018049,0.211844,0.236814
0.080851,0.080850,0.201515,0.117875,0.059809,0.085537,0.038294,0.038492,0.201636,0.095141
0.016023,0.016023,0.229693,0.269038,0.011401,0.058224,0.011535,0.009756,0.229061,0.149246
0.002848,0.002848,0.091585,0.719189,0.001998,0.018420,0.001822,0.001908,0.091240,0.068143
0.146286,0.146286,0.093842,0.076636,0.119286,0.081851,0.056225,0.105384,0.093870,0.080336
0.181931,0.181930,0.119344,0.054714,0.089027,0.064331,0.026536,0.046107,0.119400,0.116681
0.023950,0.023949,0.208431,0.092518,0.013248,0.156688,0.049132,0.011609,0.208270,0.212205
0.305213,0.305225,0.018631,0.009580,0.227525,0.011862,0.021388,0.067024,0.018646,0.014906
0.032284,0.032283,0.181735,0.135055,0.024084,0.238466,0.029983,0.025314,0.181937,0.118858
0.052756,0.052761,0.003307,0.002225,0.676731,0.002640,0.002807,0.200734,0.003309,0.002730
0.036625,0.036623,0.184130,0.139704,0.013614,0.273314,0.007161,0.011637,0.183930,0.113262
0.157055,0.157059,0.026248,0.016343,0.194658,0.017049,0.015463,0.371719,0.026269,0.018137
0.025796,0.025796,0.226584,0.180364,0.011972,0.176404,0.007190,0.009568,0.226280,0.110047
0.122457,0.122455,0.113965,0.093522,0.082922,0.092288,0.086804,0.076478,0.113990,0.095119
0.025987,0.025986,0.221420,0.247037,0.008787,0.096851,0.006942,0.007496,0.221030,0.138463
0.130299,0.130289,0.215162,0.077356,0.027015,0.056436,0.017925,0.019957,0.215967,0.109594
0.013991,0.013991,0.118121,0.051913,0.008413,0.168185,0.006577,0.007939,0.118074,0.492797
0.025493,0.025492,0.231906,0.066281,0.011359,0.123539,0.012459,0.009632,0.232724,0.261116
0.101016,0.101014,0.193652,0.141893,0.044805,0.070859,0.017105,0.030084,0.193738,0.105834
0.005877,0.005877,0.116831,0.636626,0.004147,0.026249,0.004770,0.003954,0.116479,0.079190
0.055386,0.055387,0.008970,0.005665,0.039932,0.006704,0.030153,0.781847,0.008977,0.006978
0.142247,0.142245,0.130239,0.110149,0.082846,0.081418,0.028055,0.045830,0.130127,0.106845
0.014405,0.014405,0.206331,0.085054,0.010370,0.294444,0.007475,0.010456,0.206569,0.150492
0.048799,0.048798,0.202930,0.191327,0.028332,0.088678,0.021231,0.022644,0.202729,0.144532
0.007159,0.007159,0.160346,0.553893,0.004038,0.026827,0.004428,0.003449,0.160000,0.072703
0.016314,0.016314,0.122661,0.077604,0.010468,0.044097,0.024473,0.009880,0.122673,0.555517
0.038908,0.038908,0.158067,0.338211,0.031704,0.063074,0.026246,0.034801,0.157647,0.112434
0.023507,0.023507,0.219533,0.272187,0.011517,0.074414,0.008744,0.014040,0.220055,0.132496
0.008768,0.008768,0.174345,0.463541,0.006574,0.050031,0.006573,0.006417,0.173927,0.101055
0.010555,0.010554,0.113236,0.597158,0.008180,0.077452,0.007690,0.008011,0.113067,0.054098
0.008571,0.008571,0.127031,0.595228,0.005595,0.061009,0.004672,0.006574,0.126772,0.055976
0.053909,0.053908,0.183941,0.152529,0.034392,0.074379,0.063302,0.034963,0.184111,0.164566
0.184831,0.184828,0.100070,0.076348,0.080842,0.069782,0.050011,0.079628,0.100123,0.073538
0.015603,0.015602,0.149482,0.523400,0.008122,0.039421,0.006069,0.008365,0.149169,0.084767
0.106416,0.106410,0.206626,0.114212,0.033923,0.057371,0.023743,0.027315,0.207382,0.116602
0.187403,0.187396,0.057162,0.037118,0.078664,0.065828,0.203795,0.072382,0.057191,0.053061
0.026920,0.026920,0.184961,0.075949,0.014024,0.137431,0.014467,0.013076,0.185304,0.320947
0.065146,0.065150,0.009132,0.006688,0.769084,0.007634,0.008636,0.050964,0.009137,0.008428
0.116592,0.116588,0.149788,0.095679,0.058300,0.120378,0.045048,0.047248,0.149857,0.100522
0.006023,0.006023,0.077570,0.030883,0.002559,0.737238,0.002177,0.002402,0.077721,0.057404
0.030666,0.030665,0.157229,0.392520,0.019648,0.055529,0.016805,0.018381,0.157139,0.121419
0.306132,0.306133,0.034646,0.022339,0.169275,0.023672,0.018724,0.053722,0.034670,0.030689
0.013015,0.013015,0.134938,0.113230,0.006891,0.446453,0.005136,0.006807,0.134674,0.125842
0.016335,0.016335,0.206395,0.275042,0.008754,0.069130,0.006966,0.007347,0.206048,0.187647
0.025600,0.025599,0.182216,0.354319,0.012854,0.035241,0.007976,0.012442,0.182006,0.161747
0.041652,0.041651,0.185706,0.193190,0.031573,0.098875,0.032484,0.038951,0.185968,0.149950
0.017909,0.017908,0.126755,0.098276,0.011249,0.472592,0.011164,0.012411,0.126830,0.104907
0.283733,0.283747,0.022972,0.013827,0.119943,0.017796,0.008535,0.209034,0.022989,0.017424
0.032494,0.032494,0.034565,0.027326,0.029628,0.040827,0.606200,0.135051,0.034582,0.026832
0.192163,0.192161,0.046519,0.031528,0.120666,0.037840,0.117036,0.171430,0.046540,0.044117
0.159506,0.159502,0.089471,0.065969,0.094686,0.096345,0.051847,0.109520,0.089500,0.083654
0.060860,0.060861,0.012212,0.006725,0.041767,0.007009,0.037326,0.752506,0.012224,0.008508
0.197377,0.197368,0.112545,0.072810,0.069886,0.061459,0.042586,0.058989,0.112646,0.074334
0.083458,0.083457,0.074044,0.061221,0.079657,0.090707,0.153384,0.238165,0.074062,0.061847
0.152317,0.152317,0.097406,0.069357,0.100787,0.133590,0.042484,0.068184,0.097389,0.086170
0.074400,0.074400,0.072285,0.059998,0.072088,0.150147,0.070967,0.290335,0.072302,0.063079
0.041984,0.041983,0.218130,0.202285,0.021544,0.061180,0.020986,0.020882,0.217975,0.153052
0.007790,0.007790,0.053301,0.035301,0.004681,0.781178,0.003826,0.004176,0.053240,0.048716
0.033614,0.033613,0.213677,0.168091,0.023072,0.090062,0.027459,0.024346,0.214168,0.171898
0.026709,0.026709,0.212924,0.165371,0.016300,0.076884,0.015335,0.014228,0.213476,0.232064
0.011737,0.011737,0.122823,0.050794,0.007191,0.239522,0.006371,0.006914,0.123010,0.419902
0.031858,0.031857,0.244407,0.183959,0.018086,0.090060,0.015660,0.016722,0.244288,0.123103
0.037749,0.037748,0.227329,0.101513,0.024225,0.151911,0.018900,0.021327,0.227474,0.151823
0.037746,0.037746,0.199474,0.214276,0.022202,0.078260,0.024193,0.020080,0.199210,0.166814
0.019693,0.019692,0.145196,0.038430,0.008297,0.139837,0.005780,0.008725,0.145347,0.469004
0.066811,0.066810,0.169204,0.171027,0.047608,0.100329,0.054892,0.045588,0.169160,0.108573
0.026306,0.026305,0.153321,0.125857,0.013752,0.358722,0.012334,0.013045,0.153226,0.117132
0.320470,0.320478,0.028473,0.015849,0.117374,0.018770,0.009801,0.119035,0.028498,0.021252
0.014556,0.014556,0.228294,0.208670,0.010657,0.087236,0.010053,0.011227,0.228674,0.186077
0.052141,0.052140,0.112798,0.088678,0.050566,0.388448,0.014750,0.032426,0.112751,0.095302
0.062490,0.062488,0.189452,0.174170,0.033642,0.084666,0.023864,0.027218,0.189283,0.152727
0.077192,0.077190,0.168872,0.086489,0.034351,0.057234,0.189603,0.033309,0.169031,0.106729
0.040629,0.040628,0.156520,0.067888,0.020506,0.089055,0.017775,0.019660,0.156826,0.390512
0.005625,0.005625,0.019396,0.010080,0.002535,0.914393,0.001584,0.002076,0.019391,0.019295
0.019483,0.019482,0.123461,0.050600,0.009468,0.277232,0.008782,0.009052,0.123476,0.358964
0.011968,0.011967,0.163698,0.497502,0.007211,0.038498,0.006025,0.006506,0.163098,0.093528
0.081674,0.081670,0.214931,0.059226,0.029100,0.053747,0.020878,0.028211,0.215717,0.214846
0.331286,0.331279,0.035508,0.018256,0.140315,0.021855,0.011647,0.038898,0.035538,0.035418
0.045411,0.045411,0.162333,0.341191,0.022212,0.059976,0.005987,0.012657,0.161900,0.142923
0.065681,0.065683,0.024488,0.021231,0.055612,0.017324,0.011853,0.689536,0.024497,0.024095
0.273812,0.273822,0.031241,0.019282,0.264857,0.019614,0.013786,0.049791,0.031271,0.022524
0.008388,0.008388,0.106482,0.084690,0.006414,0.594023,0.006404,0.006749,0.106503,0.071959
0.007393,0.007393,0.114846,0.633997,0.004124,0.057982,0.003203,0.004017,0.114570,0.052474
0.010377,0.010376,0.082737,0.071208,0.007518,0.612561,0.025705,0.007462,0.082693,0.089363
0.097896,0.097899,0.016672,0.011339,0.253368,0.012279,0.012876,0.468121,0.016683,0.012866
0.085954,0.085954,0.102581,0.092065,0.072799,0.074908,0.203575,0.091942,0.102595,0.087626
0.007817,0.007816,0.192204,0.375180,0.004346,0.050509,0.003834,0.004250,0.191805,0.162239
0.259322,0.259330,0.049469,0.034643,0.158613,0.040257,0.030334,0.080540,0.049507,0.037985
0.229702,0.229700,0.071450,0.033614,0.072171,0.143313,0.014631,0.047028,0.071478,0.086913
0.001663,0.001663,0.001541,0.001412,0.001481,0.001398,0.986278,0.001601,0.001542,0.001422
0.042100,0.042098,0.206105,0.170151,0.020129,0.079078,0.015607,0.016524,0.205939,0.202270
0.339547,0.339545,0.036263,0.020026,0.117851,0.022386,0.015140,0.039474,0.036286,0.033483
0.032579,0.032579,0.021211,0.018826,0.027220,0.014412,0.008226,0.805713,0.021219,0.018014
0.019117,0.019116,0.173461,0.082530,0.008188,0.045487,0.020662,0.006933,0.173704,0.450802
0.327608,0.327615,0.041022,0.020551,0.123720,0.029305,0.012642,0.037149,0.041053,0.039333
0.336852,0.336851,0.035783,0.016944,0.126394,0.025614,0.012515,0.042939,0.035828,0.030278
0.005774,0.005774,0.086639,0.063333,0.002841,0.664929,0.002278,0.003050,0.086768,0.078613
0.004880,0.004880,0.112673,0.083152,0.003405,0.571453,0.003290,0.003423,0.112815,0.100027
0.025474,0.025473,0.206145,0.253749,0.015236,0.064925,0.015464,0.014772,0.205810,0.172951
0.006990,0.006990,0.104661,0.056989,0.003384,0.568905,0.002754,0.003265,0.104462,0.141599
0.171455,0.171451,0.076129,0.050353,0.094232,0.049760,0.077978,0.182447,0.076163,0.050031
0.024368,0.024367,0.212581,0.277321,0.014146,0.043681,0.014878,0.015384,0.213106,0.160168
0.022418,0.022418,0.150346,0.424477,0.017281,0.063061,0.016087,0.017133,0.150141,0.116640
0.007842,0.007842,0.098765,0.686637,0.005763,0.033974,0.005648,0.005503,0.098585,0.049442
0.170057,0.170053,0.097845,0.070293,0.087949,0.075298,0.067471,0.085811,0.097892,0.077331
0.007581,0.007581,0.148623,0.569998,0.005129,0.025556,0.004681,0.005837,0.148294,0.076721
0.006419,0.006419,0.103559,0.674030,0.004902,0.024879,0.004424,0.004592,0.103261,0.067515
0.021242,0.021241,0.176995,0.309483,0.012145,0.074625,0.009887,0.012104,0.176478,0.185798
0.035388,0.035387,0.219690,0.193430,0.019963,0.085175,0.016382,0.016973,0.219662,0.157950
0.003839,0.003839,0.170223,0.387651,0.002582,0.131412,0.002615,0.002532,0.170023,0.125286
0.029386,0.029385,0.221662,0.130355,0.014741,0.107268,0.012023,0.012684,0.221696,0.220800
0.064364,0.064365,0.250321,0.109152,0.032044,0.064400,0.013039,0.020736,0.251292,0.130287
0.014405,0.014405,0.206331,0.085054,0.010370,0.294444,0.007475,0.010456,0.206569,0.150492
0.018069,0.018069,0.241315,0.107340,0.008558,0.124133,0.005537,0.006634,0.241286,0.229059
0.114841,0.114849,0.006575,0.004009,0.231014,0.004765,0.003633,0.507819,0.006579,0.005917
0.009028,0.009028,0.152383,0.125791,0.004927,0.162093,0.004005,0.004330,0.152050,0.376366
0.002957,0.002957,0.024444,0.014949,0.001730,0.907165,0.001207,0.001495,0.024438,0.018659
0.214922,0.214936,0.041990,0.029795,0.288144,0.029411,0.029403,0.076162,0.042019,0.033219
0.005625,0.005625,0.019396,0.010080,0.002535,0.914393,0.001584,0.002076,0.019391,0.019295
0.208582,0.208585,0.031804,0.021917,0.270132,0.024529,0.025310,0.151531,0.031823,0.025788
0.025462,0.025464,0.002050,0.001452,0.917096,0.001493,0.001559,0.021782,0.002051,0.001592
0.400732,0.400762,0.016602,0.009286,0.102924,0.010062,0.006153,0.023502,0.016618,0.013359
0.087811,0.087809,0.175160,0.162260,0.046651,0.088197,0.030128,0.039404,0.175223,0.107357
0.003392,0.003391,0.018852,0.010043,0.002298,0.915174,0.002141,0.002096,0.018849,0.023764
0.209840,0.209836,0.075370,0.057025,0.114440,0.054051,0.043126,0.089458,0.075413,0.071441
0.020216,0.020215,0.201798,0.094351,0.009554,0.142198,0.009676,0.009095,0.201562,0.291335
0.072784,0.072784,0.151284,0.171282,0.059131,0.117775,0.035095,0.043298,0.151183,0.125383
0.221363,0.221362,0.078610,0.049064,0.128720,0.054965,0.040593,0.063732,0.078683,0.062906
0.151987,0.151992,0.030534,0.021884,0.423356,0.024188,0.019918,0.122202,0.030550,0.023390
0.002660,0.002660,0.016169,0.008544,0.001349,0.935996,0.000936,0.001213,0.016172,0.014300
0.194703,0.194717,0.016645,0.009500,0.384729,0.011486,0.006772,0.153193,0.016659,0.011597
0.348188,0.348216,0.012437,0.007199,0.149636,0.009041,0.006493,0.095729,0.012447,0.010614
0.164172,0.164185,0.018612,0.013109,0.248374,0.011059,0.014813,0.333080,0.018624,0.013970
0.113983,0.113984,0.027583,0.021223,0.108097,0.023494,0.022210,0.518513,0.027593,0.023320
0.276598,0.276623,0.008481,0.004789,0.391054,0.005662,0.004301,0.016988,0.008490,0.007014
0.022225,0.022226,0.001279,0.000881,0.673831,0.001009,0.000964,0.275304,0.001280,0.001000
0.333267,0.333280,0.024385,0.013687,0.138713,0.017191,0.009932,0.086834,0.024409,0.018302
0.240528,0.240543,0.008058,0.003826,0.461926,0.004713,0.002843,0.022912,0.008066,0.006584
0.298597,0.298607,0.025336,0.013100,0.159611,0.017757,0.051840,0.090895,0.025364,0.018893
0.198656,0.198658,0.061466,0.044196,0.198983,0.050330,0.043167,0.091721,0.061492,0.051331
0.086900,0.086907,0.012102,0.009357,0.407190,0.010197,0.009868,0.355342,0.012106,0.010031
0.268938,0.268954,0.051092,0.035814,0.156376,0.055099,0.020793,0.055668,0.051106,0.036160
0.201981,0.201980,0.039913,0.023738,0.080655,0.023865,0.016993,0.335183,0.039948,0.035743
0.076142,0.076142,0.021539,0.015046,0.050013,0.016267,0.020228,0.684055,0.021548,0.019021
0.334098,0.334112,0.019611,0.011066,0.207825,0.011857,0.008233,0.039785,0.019629,0.013783
0.246459,0.246472,0.036525,0.026441,0.246968,0.026730,0.025065,0.080349,0.036543,0.028448
0.144583,0.144597,0.014063,0.008728,0.341898,0.010528,0.006338,0.305001,0.014072,0.010192
0.070761,0.070761,0.018465,0.012475,0.320684,0.020054,0.012160,0.441226,0.018476,0.014939
0.240630,0.240642,0.050696,0.036376,0.229274,0.032485,0.019903,0.065734,0.050717,0.033542
0.229732,0.229757,0.010561,0.006144,0.250553,0.007611,0.006038,0.239463,0.010570,0.009571
0.320470,0.320478,0.028473,0.015849,0.117374,0.018770,0.009801,0.119035,0.028498,0.021252
0.166010,0.166019,0.023004,0.017642,0.428872,0.016612,0.012395,0.128894,0.023011,0.017541
0.021941,0.021943,0.001995,0.001507,0.085596,0.001588,0.001316,0.860374,0.001996,0.001746
0.092000,0.092001,0.022857,0.015437,0.072210,0.020225,0.013189,0.630482,0.022868,0.018731
0.159508,0.159512,0.005112,0.003174,0.643356,0.003938,0.002653,0.012545,0.005116,0.005085
0.032696,0.032697,0.004642,0.003295,0.064948,0.003570,0.004581,0.845370,0.004644,0.003557
0.158512,0.158525,0.014174,0.009403,0.336684,0.008874,0.008130,0.280650,0.014182,0.010865
0.362646,0.362659,0.024378,0.014003,0.116982,0.021330,0.013487,0.038704,0.024399,0.021412
0.367018,0.367038,0.023869,0.013591,0.133570,0.014582,0.008642,0.031593,0.023889,0.016208
0.133500,0.133502,0.051096,0.035788,0.148970,0.048211,0.138355,0.212733,0.051119,0.046726
0.073209,0.073210,0.012062,0.008248,0.079676,0.009253,0.007481,0.714181,0.012069,0.010610
0.147237,0.147241,0.051912,0.040988,0.167303,0.039500,0.032789,0.278180,0.051936,0.042915
0.042655,0.042658,0.008230,0.006582,0.037160,0.007382,0.008097,0.831524,0.008234,0.007477
0.318245,0.318261,0.020770,0.013656,0.226866,0.014378,0.008582,0.042495,0.020777,0.015969
0.319791,0.319801,0.029526,0.018334,0.102166,0.031112,0.013725,0.099939,0.029543,0.036062
0.133514,0.133520,0.014440,0.009373,0.129521,0.010275,0.014660,0.529134,0.014448,0.011114
0.301978,0.302003,0.026753,0.015234,0.191900,0.015700,0.030740,0.070990,0.026775,0.017928
0.164494,0.164508,0.013120,0.008823,0.333055,0.009087,0.006112,0.278151,0.013128,0.009522
0.193431,0.193441,0.027373,0.019202,0.163916,0.020152,0.014063,0.318725,0.027386,0.022312
0.039847,0.039850,0.004487,0.002919,0.836336,0.003249,0.002994,0.062214,0.004490,0.003613
0.162558,0.162560,0.084432,0.063265,0.122119,0.066673,0.057614,0.125197,0.084449,0.071134
0.067962,0.067961,0.229625,0.074509,0.033942,0.084395,0.018527,0.025511,0.230412,0.167155
0.217493,0.217497,0.056549,0.038884,0.122871,0.045697,0.041354,0.160560,0.056585,0.042510
0.267616,0.267646,0.015549,0.010313,0.346788,0.010656,0.007952,0.044795,0.015560,0.013125
0.222275,0.222289,0.027971,0.017406,0.304880,0.019751,0.011704,0.115723,0.027983,0.030019
0.137686,0.137692,0.036329,0.028150,0.141227,0.030186,0.026934,0.391549,0.036344,0.033903
0.321026,0.321034,0.041341,0.022156,0.110554,0.024668,0.010453,0.069393,0.041371,0.038004
0.011474,0.011474,0.001735,0.001096,0.022210,0.001458,0.000895,0.946443,0.001736,0.001479
0.093104,0.093111,0.009280,0.006236,0.241552,0.006868,0.007010,0.526658,0.009286,0.006897
0.036955,0.036956,0.007408,0.005123,0.029441,0.006927,0.003892,0.859641,0.007411,0.006246
0.097940,0.097946,0.011292,0.007954,0.485425,0.009016,0.009657,0.260673,0.011299,0.008798
0.179321,0.179337,0.006525,0.003898,0.313993,0.006299,0.003814,0.295149,0.006530,0.005135
0.303588,0.303610,0.030619,0.019554,0.215094,0.019120,0.010430,0.045564,0.030631,0.021789
0.266557,0.266584,0.038134,0.026026,0.253681,0.025898,0.011562,0.047396,0.038157,0.026005
0.035330,0.035331,0.007621,0.005023,0.041098,0.005447,0.013383,0.842137,0.007626,0.007004
0.145423,0.145432,0.026873,0.020491,0.339242,0.020981,0.079109,0.172926,0.026882,0.022641
0.041566,0.041565,0.211065,0.186095,0.025318,0.088064,0.020466,0.024925,0.211266,0.149670
0.140817,0.140820,0.027460,0.016801,0.139636,0.028817,0.010950,0.437405,0.027480,0.029814
0.078769,0.078774,0.009329,0.005937,0.075903,0.007633,0.009050,0.718297,0.009337,0.006973
0.342418,0.342441,0.027902,0.017412,0.136572,0.016233,0.012082,0.056385,0.027926,0.020629
0.021620,0.021621,0.003822,0.002521,0.237785,0.003628,0.005119,0.697266,0.003824,0.002794
0.046313,0.046314,0.007582,0.004771,0.035662,0.005063,0.004045,0.835806,0.007587,0.006858
0.043947,0.043948,0.006225,0.004441,0.033041,0.005287,0.004382,0.847558,0.006229,0.004943
0.165513,0.165528,0.011756,0.008766,0.158694,0.009931,0.007022,0.450900,0.011761,0.010127
0.194482,0.194498,0.015790,0.009085,0.479245,0.010529,0.006619,0.061339,0.015804,0.012609
0.410410,0.410410,0.020135,0.009843,0.077002,0.011777,0.007867,0.018888,0.020161,0.013505
0.412511,0.412516,0.017678,0.009223,0.084861,0.008659,0.003319,0.018511,0.017696,0.015027
0.306127,0.306137,0.038646,0.025162,0.147334,0.023726,0.012326,0.076177,0.038673,0.025692
0.148364,0.148371,0.018703,0.011291,0.063378,0.012775,0.009456,0.554893,0.018720,0.014048
0.305213,0.305225,0.018631,0.009580,0.227525,0.011862,0.021388,0.067024,0.018646,0.014906
0.284888,0.284894,0.023733,0.013217,0.188427,0.014984,0.009379,0.135810,0.023751,0.020916
0.261384,0.261356,0.088181,0.047125,0.058401,0.043619,0.026130,0.040967,0.088279,0.084559
0.090071,0.090074,0.022448,0.016446,0.074238,0.018641,0.018680,0.628153,0.022461,0.018787
0.174882,0.174895,0.023586,0.014713,0.412997,0.022385,0.013284,0.122427,0.023602,0.017229
0.140517,0.140516,0.132467,0.097735,0.071994,0.077714,0.028322,0.080065,0.132560,0.098111
0.146857,0.146858,0.092991,0.077014,0.115809,0.069082,0.048519,0.135577,0.093016,0.074275
0.187629,0.187656,0.006722,0.003945,0.562809,0.004466,0.008534,0.026581,0.006728,0.004931
0.052756,0.052761,0.003307,0.002225,0.676731,0.002640,0.002807,0.200734,0.003309,0.002730
0.228287,0.228286,0.080752,0.047145,0.137256,0.051052,0.030432,0.052404,0.080824,0.063562
0.133840,0.133835,0.132750,0.075982,0.065303,0.084541,0.035092,0.056926,0.132817,0.148913
0.262617,0.262605,0.066388,0.039371,0.088184,0.044748,0.040108,0.073054,0.066438,0.056486
0.100000,0.100000,0.100000,0.100000,0.100000,0.100000,0.100000,0.100000,0.100000,0.100000
0.174325,0.174318,0.120120,0.078993,0.069126,0.060832,0.036422,0.059829,0.120223,0.105812
0.260435,0.260428,0.072522,0.046791,0.114639,0.041917,0.027594,0.049282,0.072581,0.053813
0.100000,0.100000,0.100000,0.100000,0.100000,0.100000,0.100000,0.100000,0.100000,0.100000
0.056683,0.056682,0.028192,0.020039,0.044783,0.022905,0.020666,0.700102,0.028219,0.021729
0.307020,0.307033,0.045392,0.026877,0.123206,0.027832,0.017258,0.068091,0.045426,0.031865
0.060860,0.060861,0.012212,0.006725,0.041767,0.007009,0.037326,0.752506,0.012224,0.008508
0.114405,0.114404,0.149795,0.129157,0.075647,0.075373,0.030580,0.045607,0.149888,0.115144
0.250518,0.250532,0.030569,0.019760,0.296203,0.022983,0.016118,0.059609,0.030588,0.023120
0.184599,0.184598,0.097411,0.051613,0.075515,0.071915,0.109441,0.058522,0.097510,0.068878
0.170125,0.170120,0.092309,0.067614,0.081732,0.076736,0.054053,0.113247,0.092374,0.081690
0.262883,0.262881,0.047285,0.029204,0.193551,0.029240,0.026939,0.063483,0.047334,0.037201
0.093684,0.093683,0.169286,0.102388,0.050388,0.113333,0.024872,0.036888,0.169175,0.146304
0.320470,0.320478,0.028473,0.015849,0.117374,0.018770,0.009801,0.119035,0.028498,0.021252
0.210772,0.210779,0.061918,0.044103,0.168430,0.079421,0.033296,0.077028,0.061948,0.052306
0.228197,0.228196,0.060636,0.040750,0.116124,0.042795,0.040792,0.127133,0.060687,0.054690
0.240785,0.240783,0.044157,0.024720,0.232929,0.025614,0.069658,0.042338,0.044203,0.034813
0.228326,0.228330,0.064421,0.039807,0.183367,0.039731,0.027951,0.060891,0.064466,0.062710
0.106174,0.106169,0.180105,0.105131,0.041987,0.072487,0.024164,0.033041,0.180095,0.150646
0.257625,0.257617,0.071656,0.043649,0.075907,0.043951,0.035184,0.089427,0.071745,0.053239
0.204096,0.204087,0.112533,0.063938,0.068923,0.078418,0.037435,0.049539,0.112665,0.068366
0.083459,0.083462,0.009563,0.006059,0.062499,0.006650,0.012649,0.718910,0.009571,0.007177
0.251068,0.251064,0.083538,0.050040,0.091335,0.043467,0.025695,0.064797,0.083579,0.055417
0.181912,0.181912,0.140314,0.082284,0.065181,0.047384,0.021098,0.042134,0.140398,0.097382
0.304584,0.304590,0.037873,0.019736,0.134187,0.024876,0.015231,0.087918,0.037911,0.033093
0.125555,0.125553,0.159238,0.083024,0.054593,0.082222,0.016924,0.039223,0.159351,0.154316
0.075695,0.075693,0.105267,0.108982,0.039656,0.158039,0.012046,0.240312,0.105237,0.079072
0.097574,0.097574,0.145925,0.131237,0.062863,0.098774,0.036832,0.068288,0.145997,0.114936
0.131366,0.131364,0.128727,0.114098,0.077927,0.091623,0.038047,0.046494,0.128788,0.111567
0.235255,0.235283,0.010268,0.005786,0.449327,0.008778,0.004691,0.031373,0.010276,0.008963
0.107420,0.107419,0.124734,0.130750,0.083077,0.082943,0.025594,0.111516,0.124692,0.101855
0.197026,0.197039,0.031952,0.021308,0.329286,0.023493,0.016181,0.128403,0.031970,0.023343
0.263529,0.263533,0.076900,0.049675,0.100413,0.041048,0.017379,0.059849,0.076914,0.050759
0.272503,0.272494,0.072247,0.046553,0.088132,0.044156,0.030042,0.047684,0.072286,0.053903
0.259693,0.259692,0.056742,0.032697,0.134546,0.044887,0.034117,0.069294,0.056789,0.051542
0.258877,0.258875,0.056646,0.027382,0.179898,0.028323,0.022575,0.062820,0.056727,0.047876
0.080286,0.080287,0.021812,0.014553,0.062323,0.014296,0.012357,0.674326,0.021826,0.017936
0.276741,0.276742,0.050845,0.036951,0.135666,0.039943,0.026115,0.063298,0.050869,0.042829
0.304169,0.304189,0.037899,0.022566,0.148833,0.024152,0.017952,0.065021,0.037933,0.037287
0.260110,0.260121,0.027094,0.018451,0.205351,0.019545,0.011919,0.146304,0.027107,0.023999
0.222560,0.222561,0.105681,0.056823,0.088561,0.050966,0.032692,0.053114,0.105798,0.061244
0.224346,0.224339,0.083263,0.047366,0.069378,0.042116,0.129993,0.044828,0.083351,0.051020
0.093104,0.093111,0.009280,0.006236,0.241552,0.006868,0.007010,0.526658,0.009286,0.006897
0.068783,0.068788,0.007750,0.005507,0.083194,0.005449,0.003709,0.742986,0.007753,0.006080
0.062517,0.062520,0.012731,0.007961,0.054325,0.008401,0.007049,0.761461,0.012742,0.010293
0.200513,0.200526,0.082472,0.055526,0.162337,0.069954,0.017830,0.048375,0.082472,0.079995
0.236381,0.236372,0.086813,0.061700,0.082534,0.055835,0.036183,0.058955,0.086869,0.058357
0.282539,0.282539,0.082420,0.035028,0.080833,0.053487,0.013505,0.034961,0.082511,0.052177
0.083476,0.083476,0.223194,0.131682,0.040286,0.062145,0.029797,0.024496,0.223270,0.098179
0.340043,0.340052,0.031541,0.018114,0.122784,0.034652,0.013803,0.043702,0.031569,0.023741
0.218149,0.218150,0.056621,0.039886,0.204169,0.040000,0.028386,0.088009,0.056648,0.049983
0.198984,0.198993,0.040215,0.027278,0.339072,0.029857,0.019219,0.075461,0.040238,0.030682
0.318957,0.318954,0.035494,0.021269,0.118078,0.023858,0.014096,0.086186,0.035521,0.027586
0.230490,0.230489,0.079483,0.051361,0.080773,0.049578,0.071369,0.060604,0.079504,0.066349
0.157123,0.157119,0.164146,0.103706,0.047413,0.071241,0.017581,0.027386,0.164178,0.090106
0.096876,0.096880,0.016996,0.009210,0.699386,0.011707,0.006282,0.030839,0.017012,0.014812
0.100863,0.100858,0.161426,0.103957,0.036978,0.059278,0.015377,0.032787,0.161280,0.227196
0.099243,0.099240,0.116239,0.071622,0.041777,0.249139,0.013618,0.043320,0.116147,0.149655
0.235827,0.235832,0.057274,0.038927,0.137295,0.051451,0.068821,0.075256,0.057304,0.042013
0.315593,0.315589,0.066682,0.040339,0.073414,0.031235,0.011810,0.033882,0.066717,0.044737
0.226424,0.226428,0.061109,0.033657,0.108663,0.030583,0.153454,0.048729,0.061164,0.049788
0.251615,0.251620,0.065275,0.046534,0.114637,0.040352,0.024794,0.091227,0.065302,0.048644
0.203370,0.203377,0.051166,0.033270,0.282463,0.036609,0.037656,0.062077,0.051197,0.038813
0.060439,0.060440,0.010324,0.006809,0.041490,0.008252,0.008033,0.785102,0.010330,0.008781
0.236658,0.236666,0.036847,0.025027,0.206552,0.026963,0.025068,0.140484,0.036870,0.028866
0.258360,0.258360,0.023713,0.014496,0.329141,0.018204,0.012670,0.043404,0.023734,0.017919
0.104168,0.104173,0.020294,0.014417,0.653544,0.017313,0.012564,0.037002,0.020305,0.016221
0.062034,0.062038,0.010930,0.008203,0.670734,0.009644,0.009487,0.145707,0.010936,0.010287
0.257978,0.257976,0.083748,0.041316,0.094504,0.065294,0.016640,0.032330,0.083822,0.066393
0.250420,0.250429,0.049475,0.033673,0.183324,0.034623,0.036467,0.074945,0.049508,0.037135
0.154102,0.154099,0.146874,0.087418,0.067360,0.069954,0.028203,0.052968,0.146912,0.092110
0.217588,0.217594,0.060555,0.049312,0.141938,0.048963,0.043585,0.109897,0.060573,0.049995
0.305680,0.305673,0.034171,0.021398,0.112931,0.023757,0.020178,0.115214,0.034197,0.026800
0.173726,0.173727,0.114693,0.078355,0.099747,0.086099,0.027785,0.055073,0.114767,0.076028
0.244534,0.244535,0.068090,0.042697,0.153037,0.043288,0.029687,0.052763,0.068145,0.053224
0.309652,0.309662,0.020730,0.012322,0.247501,0.012748,0.009352,0.035786,0.020749,0.021497
0.251505,0.251514,0.057205,0.032685,0.152731,0.035635,0.019142,0.104811,0.057235,0.037537
0.192391,0.192392,0.065816,0.042857,0.276995,0.038835,0.032530,0.046400,0.065855,0.045927
0.195330,0.195329,0.096409,0.068025,0.087886,0.052194,0.028052,0.096815,0.096426,0.083535
0.139331,0.139328,0.047769,0.027402,0.489106,0.025885,0.013148,0.028782,0.047790,0.041458
0.283487,0.283485,0.057955,0.035310,0.107960,0.036121,0.029034,0.064856,0.058011,0.043781
0.124795,0.124793,0.061691,0.037406,0.053881,0.030795,0.428655,0.032864,0.061744,0.043375
0.146080,0.146086,0.061370,0.046035,0.295888,0.047806,0.045231,0.095517,0.061396,0.054591
0.175344,0.175337,0.117176,0.065146,0.057345,0.060641,0.022000,0.049922,0.117154,0.159935
0.241079,0.241082,0.055002,0.032927,0.193810,0.037845,0.028047,0.074444,0.055063,0.040701
0.164336,0.164334,0.097675,0.063385,0.076163,0.066722,0.034696,0.164050,0.097754,0.070884
0.142867,0.142868,0.125336,0.080984,0.091372,0.052977,0.096316,0.048533,0.125464,0.093282
0.127827,0.127833,0.018465,0.011528,0.600608,0.012170,0.010582,0.058213,0.018481,0.014294
0.095152,0.095151,0.172220,0.129635,0.042814,0.077486,0.022913,0.036644,0.172338,0.155646
0.194488,0.194489,0.062141,0.047727,0.194866,0.046733,0.036599,0.107884,0.062164,0.052909
0.234086,0.234091,0.047357,0.034652,0.191277,0.035979,0.026688,0.109564,0.047381,0.038926
0.154854,0.154847,0.144377,0.073935,0.046292,0.107577,0.020711,0.028398,0.144551,0.124458
0.170703,0.170713,0.031676,0.021730,0.350377,0.024817,0.022141,0.148991,0.031696,0.027156
0.298756,0.298746,0.065983,0.030978,0.072882,0.041469,0.021113,0.062769,0.066063,0.041242
0.266322,0.266313,0.074010,0.041050,0.079356,0.043582,0.021154,0.045630,0.074071,0.088512
0.335288,0.335253,0.039523,0.024320,0.069124,0.026216,0.015610,0.083111,0.039550,0.032004
0.129852,0.129850,0.032826,0.019358,0.059547,0.020508,0.017089,0.534808,0.032860,0.023302
0.217601,0.217607,0.060047,0.044588,0.153936,0.051803,0.046844,0.098794,0.060070,0.048710
0.306843,0.306867,0.040212,0.028793,0.149368,0.027627,0.015631,0.052184,0.040215,0.032258
0.278730,0.278730,0.035213,0.017754,0.251682,0.023210,0.020026,0.034690,0.035253,0.024712
0.293806,0.293777,0.049314,0.033155,0.082620,0.036928,0.027209,0.095505,0.049346,0.038340
0.238499,0.238481,0.086596,0.048108,0.064359,0.054415,0.026522,0.064910,0.086657,0.091452
0.336197,0.336166,0.044164,0.024268,0.066079,0.028672,0.015032,0.065452,0.044194,0.039775
0.322625,0.322596,0.055762,0.028753,0.059920,0.031118,0.014595,0.063396,0.055818,0.045415
0.187882,0.187876,0.126737,0.074881,0.061139,0.087826,0.025593,0.041268,0.126843,0.079956
0.368464,0.368427,0.032360,0.019033,0.075880,0.019807,0.012067,0.049402,0.032392,0.022168
0.278832,0.278814,0.057461,0.040287,0.085308,0.043493,0.029388,0.084238,0.057493,0.044686
0.161527,0.161532,0.107278,0.073815,0.104024,0.071052,0.024588,0.060521,0.107271,0.128392
0.181830,0.181823,0.084948,0.069766,0.094522,0.069958,0.045068,0.120607,0.084984,0.066493
0.263730,0.263705,0.083993,0.051204,0.053609,0.048402,0.024889,0.054317,0.084080,0.072070
0.234503,0.234483,0.075061,0.048648,0.080310,0.054459,0.031846,0.089521,0.075117,0.076052
0.039767,0.039766,0.192604,0.201424,0.023493,0.172921,0.018435,0.020161,0.192507,0.098921
0.033512,0.033511,0.222542,0.147004,0.025762,0.113787,0.026028,0.024822,0.222548,0.150486
0.278697,0.278683,0.072507,0.038233,0.069338,0.043928,0.022938,0.048564,0.072570,0.074542
0.344465,0.344435,0.044549,0.021036,0.059998,0.028625,0.014865,0.069094,0.044601,0.028331
0.060091,0.060089,0.221733,0.160614,0.027536,0.083264,0.018640,0.018268,0.221758,0.128007
0.040228,0.040227,0.215687,0.132564,0.027057,0.093603,0.034418,0.024875,0.215765,0.175575
0.040228,0.040227,0.215687,0.132564,0.027057,0.093603,0.034418,0.024875,0.215765,0.175575
0.242667,0.242652,0.046192,0.029728,0.151172,0.053772,0.027075,0.115655,0.046221,0.044866
0.032182,0.032181,0.244904,0.161775,0.019909,0.080762,0.016560,0.016748,0.244785,0.150193
0.076142,0.076142,0.021539,0.015046,0.050013,0.016267,0.020228,0.684055,0.021548,0.019021
0.251452,0.251445,0.064113,0.046649,0.107948,0.047151,0.035088,0.081234,0.064140,0.050780
0.003452,0.003452,0.040836,0.017452,0.002047,0.853535,0.001877,0.001971,0.040874,0.034506
0.054517,0.054517,0.171538,0.163452,0.040666,0.107478,0.034290,0.039549,0.171477,0.162516
0.033139,0.033139,0.207936,0.192152,0.020576,0.125108,0.037785,0.024055,0.207734,0.118376
0.166010,0.166019,0.023004,0.017642,0.428872,0.016612,0.012395,0.128894,0.023011,0.017541
0.309648,0.309649,0.057325,0.033427,0.089171,0.033798,0.027361,0.044357,0.057380,0.037884
0.034750,0.034750,0.032785,0.018125,0.025930,0.765357,0.010799,0.018170,0.032795,0.026539
0.002480,0.002480,0.044696,0.023129,0.001598,0.841929,0.001850,0.001581,0.044705,0.035551
0.003585,0.003585,0.048135,0.023206,0.002209,0.828924,0.002018,0.002046,0.048205,0.038088
0.288185,0.288178,0.046849,0.032318,0.122340,0.038945,0.027284,0.067363,0.046873,0.041664
0.060367,0.060366,0.203156,0.116553,0.035401,0.108248,0.033642,0.032944,0.203539,0.145784
0.011790,0.011790,0.178090,0.175720,0.005646,0.160640,0.003285,0.006705,0.177758,0.268576
0.313009,0.313031,0.049127,0.032636,0.102857,0.033029,0.012800,0.057032,0.049147,0.037333
0.246091,0.246086,0.065937,0.044452,0.097242,0.053148,0.033138,0.097619,0.065978,0.050309
0.194703,0.194717,0.016645,0.009500,0.384729,0.011486,0.006772,0.153193,0.016659,0.011597
0.013974,0.013973,0.213605,0.126348,0.005125,0.144894,0.003236,0.004818,0.213320,0.260707
0.138618,0.138626,0.023139,0.016235,0.075371,0.018590,0.007699,0.539940,0.023148,0.018634
0.014583,0.014583,0.171185,0.322420,0.010913,0.081030,0.011251,0.011197,0.171147,0.191691
0.023162,0.023161,0.227877,0.194304,0.010567,0.056711,0.007528,0.009404,0.228350,0.218936
0.257518,0.257507,0.059066,0.041189,0.105772,0.044244,0.038278,0.090724,0.059099,0.046603
0.015970,0.015970,0.202836,0.136863,0.008251,0.072819,0.007371,0.006924,0.203282,0.329714
0.006309,0.006309,0.159896,0.550420,0.003468,0.025262,0.003111,0.003248,0.159557,0.082420
0.046796,0.046797,0.169254,0.205440,0.043307,0.128922,0.021261,0.029685,0.168966,0.139571
0.153952,0.153947,0.106717,0.094118,0.086326,0.074881,0.053821,0.078168,0.106703,0.091367
0.141597,0.141601,0.039682,0.027427,0.133515,0.031158,0.240090,0.173920,0.039702,0.031309
0.055359,0.055358,0.148268,0.092823,0.024294,0.309699,0.015136,0.019751,0.148222,0.131090
0.165376,0.165371,0.169138,0.052815,0.046428,0.074029,0.013742,0.026155,0.169578,0.117369
0.068587,0.068586,0.181171,0.085219,0.031030,0.167630,0.042647,0.023404,0.181444,0.150283
0.147579,0.147572,0.131640,0.093771,0.066887,0.084417,0.048915,0.053108,0.131681,0.094430
0.044983,0.044981,0.245782,0.080688,0.021276,0.059099,0.014392,0.015056,0.247047,0.226697
0.026291,0.026290,0.207933,0.182426,0.019994,0.092590,0.022789,0.020546,0.207970,0.193170
0.021597,0.021596,0.090259,0.073961,0.009105,0.579741,0.004771,0.008341,0.090173,0.100458
0.144583,0.144597,0.014063,0.008728,0.341898,0.010528,0.006338,0.305001,0.014072,0.010192
0.054261,0.054259,0.120837,0.062233,0.027243,0.362098,0.017353,0.026300,0.120933,0.154483
0.029033,0.029032,0.198483,0.171267,0.016896,0.094630,0.012621,0.015852,0.198673,0.233513
0.079754,0.079755,0.188287,0.160551,0.040064,0.101807,0.014538,0.024853,0.188287,0.122104
0.106176,0.106174,0.143943,0.100817,0.044147,0.130651,0.027032,0.053506,0.143977,0.143577
0.022074,0.022073,0.127721,0.563464,0.008514,0.029763,0.005415,0.006941,0.127436,0.086599
0.011407,0.011406,0.104306,0.096159,0.007564,0.545287,0.006374,0.006912,0.104193,0.106393
0.179321,0.179337,0.006525,0.003898,0.313993,0.006299,0.003814,0.295149,0.006530,0.005135
0.013407,0.013407,0.167822,0.370637,0.009432,0.061057,0.010820,0.009338,0.167442,0.176639
0.042205,0.042203,0.132137,0.069845,0.018739,0.378396,0.012674,0.020616,0.132159,0.151024
0.020814,0.020813,0.106213,0.087328,0.010057,0.541013,0.006854,0.008511,0.106124,0.092273
0.034607,0.034605,0.160978,0.406709,0.009070,0.027835,0.004466,0.007333,0.160690,0.153708
0.321026,0.321034,0.041341,0.022156,0.110554,0.024668,0.010453,0.069393,0.041371,0.038004
0.017909,0.017908,0.126755,0.098276,0.011249,0.472592,0.011164,0.012411,0.126830,0.104907
0.023265,0.023265,0.166212,0.118738,0.010424,0.306050,0.006415,0.008131,0.166014,0.171486
0.043562,0.043560,0.210693,0.207757,0.019770,0.056257,0.012290,0.020933,0.210286,0.174892
0.005519,0.005518,0.207519,0.398744,0.003324,0.032261,0.003122,0.003183,0.207883,0.132927
0.005213,0.005213,0.036662,0.011964,0.002146,0.878456,0.001335,0.001821,0.036757,0.020433
0.006526,0.006526,0.061397,0.029852,0.003181,0.769669,0.002845,0.002864,0.061484,0.055655
0.045551,0.045549,0.180193,0.214566,0.020627,0.145395,0.062734,0.019971,0.180037,0.085379
0.013424,0.013424,0.196350,0.302417,0.009618,0.111280,0.008014,0.008322,0.195951,0.141200
0.007790,0.007790,0.053301,0.035301,0.004681,0.781178,0.003826,0.004176,0.053240,0.048716
0.019235,0.019234,0.156811,0.089323,0.010451,0.278079,0.007309,0.009782,0.156966,0.252809
0.057029,0.057028,0.204955,0.141309,0.034083,0.097179,0.022951,0.040235,0.205316,0.139916
0.024968,0.024967,0.202782,0.275769,0.012384,0.045504,0.013220,0.011151,0.202413,0.186841
0.009472,0.009472,0.189247,0.120185,0.004992,0.262805,0.004296,0.004192,0.189036,0.206302
0.014311,0.014310,0.188970,0.171974,0.007395,0.228034,0.007761,0.007260,0.188943,0.171042
0.040428,0.040427,0.184209,0.238149,0.026162,0.074366,0.020598,0.023551,0.183856,0.168255
0.016742,0.016742,0.213077,0.211930,0.012763,0.097831,0.013094,0.013689,0.213294,0.190838
0.008620,0.008620,0.207448,0.338905,0.005765,0.052403,0.005554,0.005347,0.206852,0.160487
0.011915,0.011914,0.255780,0.186537,0.006540,0.080946,0.005850,0.005744,0.256380,0.178395
0.011790,0.011790,0.178090,0.175720,0.005646,0.160640,0.003285,0.006705,0.177758,0.268576
0.028044,0.028043,0.199885,0.270591,0.018190,0.074428,0.016849,0.016991,0.199931,0.147046
0.033139,0.033139,0.207936,0.192152,0.020576,0.125108,0.037785,0.024055,0.207734,0.118376
0.013958,0.013957,0.216648,0.284329,0.006345,0.044481,0.003336,0.005095,0.215968,0.195883
0.344624,0.344627,0.027151,0.020692,0.098872,0.016665,0.053987,0.045371,0.027166,0.020845
0.296232,0.296247,0.041222,0.021090,0.160395,0.020735,0.054248,0.045447,0.041269,0.023114
0.038565,0.038565,0.179969,0.228043,0.027218,0.092333,0.023299,0.028721,0.179867,0.163420
0.004195,0.004195,0.071250,0.075462,0.002693,0.698086,0.002610,0.002772,0.071193,0.067544
0.061198,0.061196,0.193196,0.159774,0.033360,0.081559,0.039092,0.035063,0.193000,0.142562
0.034339,0.034338,0.218992,0.177345,0.020044,0.154036,0.016318,0.019136,0.218926,0.106526
0.223154,0.223156,0.037850,0.028619,0.138053,0.031749,0.021903,0.222780,0.037869,0.034867
0.269202,0.269206,0.012107,0.007070,0.118613,0.008573,0.005274,0.289271,0.012119,0.008564
0.005796,0.005796,0.001456,0.001176,0.006597,0.001536,0.001429,0.973304,0.001457,0.001452
0.263374,0.263385,0.014782,0.009921,0.330835,0.018153,0.009142,0.063293,0.014790,0.012324
0.294388,0.294397,0.055978,0.034104,0.129941,0.035615,0.018796,0.038402,0.056033,0.042346
0.022154,0.022154,0.009069,0.007184,0.024944,0.009489,0.006620,0.880705,0.009072,0.008610
0.008949,0.008949,0.004220,0.003235,0.007706,0.003737,0.003356,0.952134,0.004222,0.003491
0.241924,0.241931,0.034565,0.023398,0.163204,0.026824,0.020677,0.180496,0.034587,0.032393
0.166324,0.166335,0.063917,0.060428,0.169596,0.062981,0.061727,0.122610,0.063923,0.062159
0.008883,0.008883,0.002374,0.001678,0.007040,0.001989,0.001425,0.963473,0.002375,0.001879
0.088661,0.088662,0.021373,0.016698,0.057858,0.018030,0.018276,0.650700,0.021382,0.018359
0.236350,0.236358,0.049915,0.044758,0.149103,0.046388,0.047393,0.091773,0.049924,0.048036
0.087252,0.087254,0.014401,0.009537,0.087660,0.010978,0.011767,0.664789,0.014411,0.011950
0.114841,0.114849,0.006575,0.004009,0.231014,0.004765,0.003633,0.507819,0.006579,0.005917
0.113796,0.113807,0.008603,0.006294,0.701577,0.006922,0.007993,0.025346,0.008607,0.007053
0.199264,0.199262,0.079622,0.054174,0.087586,0.050041,0.132691,0.061591,0.079675,0.056094
0.112738,0.112750,0.004794,0.002841,0.700892,0.003721,0.002830,0.051241,0.004799,0.003393
0.101016,0.101014,0.193652,0.141893,0.044805,0.070859,0.017105,0.030084,0.193738,0.105834
0.089044,0.089055,0.015004,0.010862,0.645555,0.016878,0.011978,0.093596,0.015010,0.013017
0.122457,0.122455,0.113965,0.093522,0.082922,0.092288,0.086804,0.076478,0.113990,0.095119
0.178813,0.178811,0.083137,0.068034,0.124234,0.062802,0.047033,0.095580,0.083157,0.078399
0.055386,0.055387,0.008970,0.005665,0.039932,0.006704,0.030153,0.781847,0.008977,0.006978
0.400732,0.400762,0.016602,0.009286,0.102924,0.010062,0.006153,0.023502,0.016618,0.013359
0.084470,0.084472,0.013763,0.008825,0.746162,0.009672,0.007697,0.021186,0.013773,0.009978
0.342815,0.342834,0.026357,0.016085,0.130135,0.019215,0.014205,0.061596,0.026381,0.020376
0.265113,0.265125,0.029604,0.019126,0.263322,0.022289,0.016845,0.065450,0.029628,0.023498
0.185829,0.185837,0.034825,0.025329,0.197351,0.025046,0.021312,0.252978,0.034836,0.036657
0.194703,0.194717,0.016645,0.009500,0.384729,0.011486,0.006772,0.153193,0.016659,0.011597
0.306621,0.306613,0.037860,0.022906,0.082038,0.029063,0.067222,0.080259,0.037888,0.029530
0.159524,0.159525,0.065952,0.054479,0.139932,0.058697,0.068269,0.166811,0.065977,0.060833
0.209825,0.209837,0.053380,0.041466,0.183384,0.040108,0.029611,0.134007,0.053400,0.044984
0.190540,0.190554,0.011819,0.007903,0.529319,0.009303,0.005676,0.033226,0.011825,0.009836
0.243010,0.243015,0.063230,0.045302,0.154054,0.045405,0.027466,0.064612,0.063243,0.050665
0.113983,0.113984,0.027583,0.021223,0.108097,0.023494,0.022210,0.518513,0.027593,0.023320
0.260339,0.260338,0.075739,0.044106,0.091513,0.048863,0.029094,0.057418,0.075797,0.056791
0.006747,0.006747,0.001625,0.001217,0.006835,0.001448,0.001315,0.970844,0.001626,0.001597
0.276598,0.276623,0.008481,0.004789,0.391054,0.005662,0.004301,0.016988,0.008490,0.007014
0.167718,0.167720,0.048838,0.033258,0.118041,0.041380,0.027922,0.308007,0.048872,0.038244
0.030917,0.030919,0.008820,0.006498,0.874926,0.006820,0.005895,0.018906,0.008825,0.007475
0.114042,0.114045,0.026563,0.017688,0.104790,0.022272,0.019332,0.533041,0.026583,0.021645
0.156704,0.156692,0.139733,0.078762,0.047971,0.055852,0.038057,0.038145,0.139787,0.148298
0.020427,0.020427,0.007019,0.004683,0.011963,0.005655,0.003364,0.914200,0.007022,0.005240
0.065146,0.065150,0.009132,0.006688,0.769084,0.007634,0.008636,0.050964,0.009137,0.008428
0.257121,0.257104,0.074910,0.041548,0.073854,0.063757,0.028448,0.054079,0.074955,0.074223
0.093966,0.093970,0.010842,0.007641,0.339392,0.008686,0.008815,0.417126,0.010849,0.008714
0.153562,0.153572,0.022850,0.015690,0.494781,0.020098,0.017981,0.080141,0.022862,0.018463
0.041311,0.041314,0.004337,0.003172,0.053104,0.003400,0.002939,0.842100,0.004339,0.003985
0.063983,0.063988,0.004283,0.002565,0.839706,0.003616,0.001995,0.011844,0.004286,0.003734
0.247972,0.247994,0.008249,0.005388,0.417704,0.006431,0.005413,0.045695,0.008255,0.006899
0.166324,0.166335,0.063917,0.060428,0.169596,0.062981,0.061727,0.122610,0.063923,0.062159
0.102726,0.102732,0.012806,0.009902,0.485090,0.010688,0.011361,0.240700,0.012812,0.011182
0.015511,0.015511,0.003201,0.002355,0.013638,0.003046,0.002459,0.938352,0.003203,0.002724
0.292426,0.292436,0.019772,0.010538,0.146571,0.020113,0.007707,0.174348,0.019788,0.016301
0.371305,0.371326,0.016630,0.009551,0.150238,0.011212,0.007276,0.032864,0.016645,0.012953
0.367236,0.367244,0.026358,0.015960,0.115256,0.016250,0.013399,0.031616,0.026379,0.020301
0.190570,0.190574,0.051856,0.039432,0.144819,0.041971,0.036350,0.206227,0.051881,0.046319
0.222951,0.222952,0.038017,0.025843,0.158009,0.028984,0.074312,0.161282,0.038037,0.029614
0.028485,0.028487,0.004170,0.003102,0.202961,0.003230,0.010336,0.711484,0.004172,0.003573
0.301016,0.301027,0.039379,0.022913,0.166742,0.027323,0.015211,0.058588,0.039407,0.028395
0.211706,0.211719,0.042488,0.030407,0.238535,0.031582,0.023403,0.134686,0.042512,0.032962
0.288751,0.288744,0.046858,0.026410,0.123039,0.034661,0.019971,0.077298,0.046898,0.047370
0.283733,0.283747,0.022972,0.013827,0.119943,0.017796,0.008535,0.209034,0.022989,0.017424
0.077005,0.077010,0.005976,0.003933,0.051422,0.004194,0.003576,0.766027,0.005980,0.004877
0.059568,0.059573,0.007292,0.005391,0.523000,0.005822,0.005503,0.320221,0.007295,0.006335
0.157265,0.157272,0.088357,0.062518,0.177676,0.061195,0.027544,0.103360,0.088360,0.076452
0.078826,0.078828,0.020503,0.014694,0.089825,0.015247,0.030230,0.635057,0.020514,0.016276
0.202824,0.202819,0.089661,0.060515,0.082499,0.073692,0.063205,0.061778,0.089717,0.073292
0.122646,0.122648,0.022936,0.012688,0.578813,0.014990,0.011776,0.075639,0.022959,0.014904
0.262259,0.262247,0.074152,0.042269,0.075320,0.055084,0.024636,0.069493,0.074227,0.060314
0.269057,0.269044,0.051461,0.032261,0.111479,0.035938,0.037744,0.088374,0.051504,0.053137
0.403021,0.402994,0.019097,0.010532,0.069500,0.012542,0.007199,0.041026,0.019116,0.014973
0.144448,0.144457,0.020876,0.012981,0.135567,0.014734,0.014561,0.474498,0.020892,0.016987
0.254273,0.254288,0.012463,0.007674,0.392513,0.009558,0.008249,0.038544,0.012473,0.009964
0.371210,0.371223,0.019159,0.011694,0.124225,0.018284,0.008704,0.040016,0.019174,0.016310
0.322058,0.322055,0.041960,0.026403,0.098054,0.039164,0.018699,0.056376,0.041982,0.033249
0.339351,0.339346,0.025457,0.013986,0.118504,0.017254,0.009722,0.086884,0.025479,0.024016
0.364735,0.364724,0.040650,0.023723,0.064242,0.021393,0.014637,0.038655,0.040694,0.026548
0.296230,0.296254,0.022097,0.014364,0.251038,0.017948,0.014097,0.047882,0.022114,0.017976
0.334972,0.334973,0.032834,0.017164,0.084222,0.020659,0.015815,0.103624,0.032875,0.022861
0.338468,0.338484,0.038691,0.019623,0.128181,0.027339,0.009751,0.032045,0.038726,0.028691
0.198779,0.198785,0.022638,0.015541,0.125594,0.021372,0.012686,0.362612,0.022649,0.019345
0.338736,0.338735,0.036863,0.023637,0.086470,0.028031,0.016310,0.060710,0.036889,0.033619
0.410424,0.410417,0.024340,0.012132,0.053923,0.013614,0.008073,0.025298,0.024374,0.017404
0.320662,0.320639,0.050025,0.036792,0.087243,0.035804,0.019230,0.040859,0.050044,0.038702
0.340463,0.340479,0.025940,0.016839,0.151042,0.019104,0.014026,0.045248,0.025960,0.020899
0.287838,0.287846,0.046696,0.029214,0.121423,0.036147,0.032405,0.073287,0.046736,0.038407
0.266407,0.266398,0.061691,0.042720,0.088746,0.043370,0.056521,0.061203,0.061725,0.051218
0.393487,0.393495,0.015739,0.007888,0.116554,0.010374,0.005435,0.027869,0.015756,0.013403
0.313269,0.313294,0.020942,0.014088,0.217433,0.019842,0.010827,0.051326,0.020954,0.018026
0.389943,0.389946,0.024931,0.013496,0.076358,0.016192,0.009951,0.036629,0.024958,0.017596
0.312371,0.312372,0.041755,0.026968,0.114198,0.031323,0.029639,0.057750,0.041781,0.031843
0.142973,0.142978,0.025944,0.017643,0.527944,0.020309,0.021122,0.050479,0.025962,0.024645
0.380160,0.380134,0.021922,0.010810,0.073911,0.012514,0.008266,0.072791,0.021946,0.017548
0.071318,0.071319,0.031328,0.016354,0.048966,0.272459,0.007904,0.420078,0.031333,0.028942
0.344188,0.344154,0.048695,0.027293,0.053106,0.028571,0.027133,0.041159,0.048741,0.036959
0.073216,0.073219,0.019913,0.013440,0.662712,0.016764,0.013062,0.092272,0.019924,0.015477
0.332673,0.332675,0.034533,0.018048,0.148103,0.016889,0.014500,0.030501,0.034564,0.037514
0.112675,0.112682,0.017933,0.010484,0.093556,0.012824,0.009303,0.597263,0.017947,0.015333
0.295280,0.295295,0.034553,0.021930,0.187528,0.026244,0.015940,0.057759,0.034576,0.030893
0.068553,0.068551,0.016615,0.011186,0.046100,0.015116,0.041501,0.701996,0.016625,0.013756
0.043883,0.043887,0.006464,0.004707,0.764054,0.005089,0.005172,0.115230,0.006467,0.005046
0.050557,0.050559,0.011619,0.008231,0.784776,0.009710,0.007547,0.056117,0.011625,0.009259
0.027595,0.027597,0.002212,0.001486,0.919893,0.001920,0.001330,0.013745,0.002213,0.002008
0.314303,0.314324,0.026942,0.018858,0.161160,0.017267,0.010957,0.088976,0.026956,0.020258
0.038824,0.038827,0.003390,0.002416,0.872356,0.002775,0.003141,0.031852,0.003392,0.003028
0.015441,0.015442,0.001932,0.001348,0.086572,0.001440,0.001108,0.873333,0.001933,0.001451
0.206051,0.206049,0.047661,0.030789,0.127000,0.035440,0.022762,0.241424,0.047695,0.035129
0.344411,0.344422,0.026375,0.014512,0.137679,0.016806,0.030662,0.040554,0.026404,0.018177
0.351665,0.351644,0.046255,0.021595,0.055060,0.029137,0.013878,0.031126,0.046316,0.053325
0.275416,0.275445,0.015689,0.010423,0.294668,0.011654,0.007278,0.081139,0.015699,0.012590
0.192163,0.192161,0.046519,0.031528,0.120666,0.037840,0.117036,0.171430,0.046540,0.044117
0.045402,0.045407,0.004566,0.003207,0.633581,0.003082,0.004047,0.252140,0.004569,0.004000
0.361004,0.361027,0.028289,0.013361,0.115955,0.019895,0.012268,0.031907,0.028320,0.027975
0.177340,0.177342,0.085987,0.059170,0.131547,0.083197,0.053965,0.070516,0.086037,0.074899
0.330261,0.330275,0.025579,0.015971,0.116298,0.018327,0.033393,0.081786,0.025599,0.022510
0.329692,0.329661,0.041080,0.023925,0.062371,0.026396,0.020835,0.095251,0.041116,0.029672
0.298597,0.298607,0.025336,0.013100,0.159611,0.017757,0.051840,0.090895,0.025364,0.018893
0.143355,0.143348,0.017567,0.010530,0.061763,0.013433,0.011603,0.565910,0.017581,0.014910
0.155437,0.155444,0.045165,0.034751,0.145180,0.037858,0.140430,0.193751,0.045181,0.046804
0.064097,0.064100,0.023102,0.018714,0.586104,0.018963,0.013270,0.169352,0.023107,0.019191
0.394905,0.394854,0.026359,0.012722,0.047054,0.014419,0.008437,0.056119,0.026390,0.018741
0.229915,0.229905,0.063456,0.036468,0.075342,0.042328,0.160555,0.050907,0.063517,0.047607
0.290340,0.290352,0.050905,0.034776,0.125549,0.033066,0.024310,0.060769,0.050936,0.038995
0.273213,0.273220,0.033935,0.021999,0.139222,0.023168,0.019924,0.141416,0.033953,0.039950
0.309628,0.309605,0.058542,0.026957,0.051237,0.031003,0.085066,0.030289,0.058625,0.039047
0.291560,0.291551,0.064265,0.038773,0.070377,0.043993,0.036547,0.045748,0.064314,0.052873
0.187948,0.187953,0.035891,0.023559,0.179795,0.027618,0.023380,0.268970,0.035916,0.028968
0.190567,0.190560,0.067961,0.042886,0.073915,0.053330,0.039396,0.224434,0.068010,0.048944
0.099824,0.099821,0.012615,0.008107,0.057530,0.009298,0.006562,0.683593,0.012623,0.010028
0.050239,0.050239,0.013902,0.010368,0.054616,0.011018,0.010800,0.773463,0.013909,0.011446
0.100000,0.100000,0.100000,0.100000,0.100000,0.100000,0.100000,0.100000,0.100000,0.100000
0.085514,0.085518,0.025465,0.021774,0.633879,0.023219,0.021635,0.055127,0.025472,0.022397
0.295517,0.295512,0.040988,0.026009,0.145041,0.028540,0.032843,0.063056,0.041021,0.031474
0.240528,0.240543,0.008058,0.003826,0.461926,0.004713,0.002843,0.022912,0.008066,0.006584
0.072830,0.072833,0.042277,0.037662,0.522893,0.060906,0.034390,0.076633,0.042284,0.037292
0.023845,0.023846,0.007079,0.006352,0.879217,0.006637,0.006477,0.032173,0.007080,0.007293
0.228698,0.228692,0.052905,0.033920,0.112026,0.041928,0.036862,0.171425,0.052940,0.040604
0.036918,0.036920,0.012031,0.009520,0.811494,0.012306,0.012502,0.045864,0.012035,0.010410
0.023226,0.023227,0.009308,0.008584,0.870059,0.008838,0.008791,0.030116,0.009308,0.008542
0.061700,0.061699,0.053423,0.042414,0.064408,0.054370,0.094620,0.471981,0.053440,0.041945
0.042445,0.042447,0.012445,0.010691,0.763112,0.012281,0.010537,0.083504,0.012447,0.010092
0.013797,0.013797,0.010199,0.009585,0.018861,0.010162,0.009569,0.894345,0.010199,0.009487
0.014692,0.014692,0.011670,0.010797,0.016837,0.011160,0.009243,0.888561,0.011670,0.010676
0.047014,0.047012,0.023820,0.018638,0.033757,0.017235,0.018261,0.751468,0.023830,0.018965
0.024684,0.024684,0.015487,0.013321,0.027780,0.013680,0.013689,0.837859,0.015490,0.013326
0.047414,0.047415,0.032930,0.028644,0.052997,0.046766,0.022176,0.661069,0.032937,0.027653
0.005409,0.005409,0.002607,0.002091,0.005303,0.002339,0.002284,0.969691,0.002608,0.002258
0.006070,0.006070,0.003017,0.002528,0.007604,0.002643,0.003320,0.963082,0.003018,0.002647
0.031855,0.031855,0.025905,0.022451,0.044594,0.023789,0.042561,0.728167,0.025911,0.022911
0.098946,0.098950,0.035766,0.031390,0.494194,0.034468,0.039333,0.098546,0.035774,0.032633
0.070920,0.070924,0.018338,0.015194,0.674573,0.016156,0.015392,0.084075,0.018343,0.016085
0.047641,0.047644,0.009987,0.007947,0.044032,0.009141,0.006136,0.808451,0.009991,0.009029
0.008642,0.008642,0.006555,0.005485,0.011584,0.009250,0.016103,0.921705,0.006557,0.005478
0.005698,0.005698,0.002639,0.002082,0.006265,0.002341,0.003207,0.967025,0.002640,0.002406
0.057347,0.057346,0.042793,0.035418,0.047753,0.029527,0.033605,0.621355,0.042800,0.032055
0.083458,0.083457,0.074044,0.061221,0.079657,0.090707,0.153384,0.238165,0.074062,0.061847
0.006032,0.006032,0.002770,0.002285,0.006785,0.002779,0.003325,0.964630,0.002771,0.002591
0.003126,0.003126,0.001978,0.001779,0.003928,0.001781,0.008378,0.972060,0.001979,0.001866
0.007379,0.007379,0.004574,0.003725,0.008836,0.003942,0.004850,0.949372,0.004575,0.005370
0.009037,0.009037,0.006951,0.005799,0.011946,0.009915,0.017534,0.917042,0.006953,0.005787
0.034423,0.034423,0.037014,0.036211,0.038539,0.038144,0.034157,0.671465,0.037009,0.038613
0.063737,0.063736,0.053158,0.039842,0.049074,0.032739,0.045363,0.561729,0.053176,0.037445
0.290927,0.290935,0.039503,0.025745,0.128350,0.027798,0.066496,0.057222,0.039526,0.033498
0.396344,0.396358,0.015882,0.008510,0.100873,0.010321,0.005606,0.037774,0.015899,0.012433
0.074400,0.074400,0.072285,0.059998,0.072088,0.150147,0.070967,0.290335,0.072302,0.063079
0.023773,0.023776,0.001434,0.001020,0.101843,0.001181,0.001028,0.843229,0.001434,0.001282
0.314032,0.314045,0.030826,0.019989,0.161777,0.027069,0.016716,0.059153,0.030849,0.025543
0.333777,0.333767,0.044016,0.025974,0.098743,0.029179,0.016841,0.040942,0.044054,0.032709
0.071269,0.071269,0.062759,0.051664,0.057460,0.045977,0.228089,0.297223,0.062782,0.051508
0.415499,0.415497,0.017819,0.009150,0.067773,0.011179,0.007154,0.025903,0.017841,0.012185
0.379332,0.379333,0.023094,0.013380,0.102846,0.014700,0.011858,0.036410,0.023117,0.015930
0.208952,0.208948,0.065063,0.051194,0.138048,0.047197,0.061721,0.098966,0.065093,0.054817
0.245595,0.245588,0.066213,0.037242,0.088573,0.046852,0.104815,0.051434,0.066285,0.047403
0.404576,0.404604,0.009209,0.004888,0.135087,0.005976,0.003281,0.016702,0.009219,0.006458
0.298916,0.298901,0.065449,0.038913,0.078220,0.041490,0.021253,0.044415,0.065511,0.046932
0.203168,0.203170,0.065601,0.046092,0.119497,0.049583,0.044910,0.154644,0.065635,0.047700
0.238529,0.238521,0.071809,0.045807,0.074245,0.047225,0.050163,0.094847,0.071868,0.066987
0.252732,0.252726,0.079006,0.053424,0.090702,0.053372,0.032530,0.046434,0.079054,0.060018
0.329028,0.329029,0.042553,0.025071,0.105997,0.028766,0.017020,0.048200,0.042586,0.031749
0.237972,0.237969,0.043183,0.029046,0.173048,0.031247,0.026695,0.143754,0.043209,0.033877
0.253672,0.253689,0.012703,0.007541,0.402023,0.008314,0.007707,0.032679,0.012714,0.008958
0.317791,0.317790,0.046240,0.028075,0.117650,0.032467,0.019567,0.040446,0.046274,0.033700
0.411042,0.411046,0.018242,0.007543,0.069707,0.016030,0.018257,0.017822,0.018268,0.012043
0.247192,0.247197,0.061880,0.042122,0.136250,0.040853,0.029934,0.090228,0.061922,0.042422
0.248294,0.248296,0.042982,0.032754,0.159679,0.027021,0.024456,0.140299,0.043001,0.033218
0.085906,0.085917,0.005698,0.003983,0.726547,0.004571,0.003401,0.073626,0.005701,0.004651
0.101691,0.101700,0.014276,0.010392,0.364242,0.010886,0.012392,0.358462,0.014284,0.011676
0.160082,0.160087,0.035828,0.028506,0.279581,0.031314,0.027447,0.210067,0.035839,0.031249
0.218356,0.218360,0.066107,0.045773,0.131499,0.045866,0.036637,0.119552,0.066146,0.051704
0.183477,0.183485,0.071569,0.056758,0.159103,0.063930,0.049305,0.097105,0.071587,0.063681
0.329073,0.329089,0.032972,0.020860,0.130419,0.026888,0.022048,0.045781,0.033000,0.029870
0.177518,0.177521,0.019510,0.011696,0.522145,0.012277,0.011623,0.033299,0.019526,0.014885
0.303064,0.303072,0.041338,0.027688,0.154070,0.027094,0.022777,0.047689,0.041368,0.031839
0.168054,0.168048,0.110473,0.076457,0.077666,0.079843,0.062374,0.061629,0.110557,0.084901
0.320340,0.320347,0.044597,0.027826,0.113099,0.029777,0.023984,0.042091,0.044637,0.033302
0.139263,0.139267,0.075566,0.072125,0.189294,0.078929,0.073031,0.082999,0.075572,0.073954
0.091653,0.091657,0.009237,0.005742,0.746748,0.005993,0.005878,0.025544,0.009245,0.008303
0.200159,0.200163,0.054343,0.041274,0.223780,0.043546,0.031425,0.103363,0.054363,0.047583
0.321170,0.321187,0.025954,0.015373,0.204354,0.015635,0.009787,0.041568,0.025977,0.018994
0.092049,0.092049,0.116032,0.098312,0.080308,0.130976,0.073230,0.096332,0.116040,0.104672
0.129938,0.129937,0.081622,0.061637,0.082979,0.065179,0.057800,0.232892,0.081640,0.076375
0.234988,0.235017,0.016459,0.010424,0.390875,0.012571,0.010824,0.060077,0.016474,0.012291
0.364956,0.364961,0.024973,0.013937,0.125486,0.014452,0.012816,0.036977,0.024999,0.016443
0.314063,0.314062,0.038628,0.020729,0.089883,0.021327,0.074655,0.055457,0.038674,0.032520
0.082455,0.082453,0.035385,0.025341,0.036530,0.026687,0.608246,0.039149,0.035407,0.028346
0.279406,0.279395,0.079286,0.049613,0.066892,0.046328,0.025699,0.042696,0.079293,0.051392
0.232357,0.232378,0.013707,0.009314,0.365942,0.009515,0.010070,0.102647,0.013715,0.010354
0.212312,0.212319,0.035495,0.028715,0.233828,0.037267,0.026456,0.146441,0.035507,0.031660
0.019718,0.019721,0.001101,0.000795,0.950453,0.000791,0.000789,0.004615,0.001102,0.000915
0.299427,0.299437,0.044308,0.031879,0.134862,0.029742,0.026717,0.056757,0.044327,0.032544
0.247069,0.247074,0.068633,0.046927,0.113883,0.058866,0.029517,0.057377,0.068673,0.061983
0.237932,0.237943,0.016154,0.010249,0.407899,0.012615,0.011804,0.035977,0.016166,0.013260
0.357806,0.357798,0.036725,0.019169,0.072621,0.023746,0.011682,0.051164,0.036764,0.032524
0.399482,0.399463,0.026163,0.013120,0.053468,0.015537,0.020260,0.028405,0.026195,0.017908
0.134165,0.134169,0.017125,0.011130,0.477497,0.014360,0.009580,0.170368,0.017136,0.014469
0.155681,0.155677,0.120434,0.075527,0.070161,0.094041,0.049470,0.061542,0.120490,0.096978
0.092954,0.092952,0.049019,0.035757,0.057822,0.034187,0.498127,0.053257,0.049042,0.036882
0.214922,0.214936,0.041990,0.029795,0.288144,0.029411,0.029403,0.076162,0.042019,0.033219
0.341280,0.341296,0.021124,0.013510,0.163053,0.017306,0.008152,0.056358,0.021139,0.016783
0.021941,0.021943,0.001995,0.001507,0.085596,0.001588,0.001316,0.860374,0.001996,0.001746
0.229732,0.229757,0.010561,0.006144,0.250553,0.007611,0.006038,0.239463,0.010570,0.009571
0.052343,0.052348,0.002197,0.001147,0.877485,0.001357,0.002152,0.006616,0.002199,0.002156
0.235243,0.235258,0.027173,0.018921,0.213224,0.018296,0.016451,0.186935,0.027190,0.021309
0.272531,0.272545,0.025138,0.017566,0.242941,0.021959,0.016495,0.084785,0.025151,0.020888
0.071778,0.071783,0.007645,0.005730,0.767939,0.006384,0.005674,0.049165,0.007648,0.006254
0.210213,0.210221,0.040882,0.029416,0.187244,0.034257,0.028095,0.177020,0.040901,0.041751
0.272147,0.272162,0.037500,0.024653,0.166980,0.024655,0.052859,0.078338,0.037522,0.033184
0.166010,0.166019,0.023004,0.017642,0.428872,0.016612,0.012395,0.128894,0.023011,0.017541
0.355823,0.355822,0.033274,0.017748,0.087727,0.017253,0.008283,0.060538,0.033308,0.030224
0.144583,0.144597,0.014063,0.008728,0.341898,0.010528,0.006338,0.305001,0.014072,0.010192
0.265337,0.265352,0.034800,0.021386,0.206060,0.025794,0.016882,0.103787,0.034821,0.025782
0.402260,0.402248,0.026139,0.012441,0.058598,0.017639,0.008247,0.027937,0.026169,0.018322
0.230574,0.230600,0.014704,0.008898,0.417446,0.010502,0.018409,0.043143,0.014718,0.011008
0.193450,0.193440,0.095876,0.071535,0.081339,0.069235,0.046996,0.073917,0.095907,0.078307
0.298982,0.299017,0.022238,0.013797,0.238490,0.014384,0.010288,0.064792,0.022262,0.015750
0.322210,0.322200,0.046031,0.025574,0.077356,0.038218,0.020027,0.066678,0.046078,0.035629
0.208582,0.208585,0.031804,0.021917,0.270132,0.024529,0.025310,0.151531,0.031823,0.025788
0.131898,0.131897,0.056059,0.040120,0.171925,0.038674,0.205664,0.126491,0.056087,0.041186
0.121167,0.121172,0.022355,0.017411,0.310519,0.019022,0.016992,0.328411,0.022366,0.020584
0.075750,0.075752,0.011347,0.007561,0.325454,0.008834,0.008893,0.466623,0.011355,0.008432
0.336954,0.336978,0.023186,0.014834,0.166211,0.015727,0.010758,0.050283,0.023206,0.021864
0.393339,0.393327,0.031498,0.015343,0.053218,0.018343,0.009069,0.031773,0.031544,0.022546
0.359142,0.359167,0.021569,0.010859,0.158571,0.013694,0.008924,0.029995,0.021594,0.016484
0.317034,0.317042,0.027583,0.018161,0.180580,0.021881,0.016176,0.049467,0.027601,0.024476
0.025031,0.025032,0.003950,0.002944,0.667795,0.003001,0.003359,0.261891,0.003951,0.003046
0.159508,0.159512,0.005112,0.003174,0.643356,0.003938,0.002653,0.012545,0.005116,0.005085
0.125003,0.125009,0.021529,0.014208,0.522715,0.021328,0.010846,0.121649,0.021541,0.016171
0.251452,0.251445,0.064113,0.046649,0.107948,0.047151,0.035088,0.081234,0.064140,0.050780
0.216520,0.216510,0.072594,0.049155,0.120570,0.052716,0.051910,0.092191,0.072634,0.055199
0.214140,0.214153,0.052917,0.034112,0.261083,0.038186,0.032911,0.062124,0.052951,0.037422
0.362646,0.362659,0.024378,0.014003,0.116982,0.021330,0.013487,0.038704,0.024399,0.021412
0.158512,0.158525,0.014174,0.009403,0.336684,0.008874,0.008130,0.280650,0.014182,0.010865
0.252300,0.252309,0.067738,0.041455,0.125257,0.050695,0.023632,0.059803,0.067779,0.059031
0.155702,0.155705,0.030427,0.021058,0.218807,0.021968,0.283655,0.058835,0.030443,0.023401
0.109799,0.109798,0.090553,0.080964,0.087984,0.078868,0.066691,0.202514,0.090562,0.082268
0.086110,0.086116,0.012464,0.007876,0.420547,0.010183,0.006037,0.348567,0.012471,0.009630
0.055265,0.055270,0.002778,0.001659,0.865679,0.001931,0.001826,0.010669,0.002780,0.002143
0.365062,0.365079,0.022873,0.013913,0.118962,0.016284,0.010376,0.047169,0.022894,0.017388
0.105728,0.105739,0.008897,0.006343,0.256483,0.008244,0.006263,0.485919,0.008901,0.007484
0.312246,0.312256,0.045976,0.027047,0.125880,0.029622,0.018490,0.048130,0.046017,0.034335
0.277177,0.277203,0.026153,0.015038,0.269123,0.016796,0.025238,0.047118,0.026176,0.019978
0.254197,0.254222,0.018411,0.012046,0.306726,0.013415,0.009798,0.096555,0.018424,0.016205
0.368083,0.368119,0.011244,0.006440,0.187307,0.007511,0.004465,0.027169,0.011254,0.008406
0.312556,0.312564,0.031291,0.018922,0.150422,0.018916,0.023885,0.078885,0.031317,0.021243
0.238065,0.238062,0.039741,0.026298,0.132924,0.027475,0.025943,0.200507,0.039766,0.031218
0.218744,0.218737,0.081788,0.053717,0.092793,0.066914,0.050023,0.069237,0.081844,0.066201
0.212359,0.212366,0.034850,0.025431,0.307674,0.029276,0.023630,0.089639,0.034868,0.029906
0.191304,0.191300,0.054318,0.040601,0.110893,0.042060,0.154197,0.117944,0.054351,0.043033
0.135437,0.135431,0.099193,0.067279,0.053875,0.053531,0.238443,0.045953,0.099238,0.071620
0.225257,0.225263,0.047196,0.033611,0.152409,0.032135,0.028631,0.168337,0.047222,0.039939
0.137247,0.137253,0.033811,0.021574,0.545562,0.020735,0.014421,0.032013,0.033831,0.023553
0.211691,0.211705,0.017462,0.010577,0.334398,0.012128,0.009943,0.162353,0.017477,0.012266
0.292456,0.292448,0.063057,0.033712,0.114279,0.034534,0.018237,0.048008,0.063113,0.040156
0.092696,0.092704,0.004710,0.002988,0.740305,0.003312,0.003426,0.051384,0.004714,0.003762
0.181215,0.181220,0.065523,0.053248,0.172623,0.081530,0.044509,0.087885,0.065549,0.066699
0.091131,0.091131,0.017740,0.012203,0.070073,0.012650,0.008787,0.664665,0.017751,0.013869
0.164245,0.164250,0.027352,0.018957,0.349402,0.022123,0.019283,0.185208,0.027368,0.021811
0.252966,0.252981,0.030527,0.018428,0.244265,0.021346,0.017994,0.108329,0.030551,0.022615
0.293218,0.293213,0.040548,0.023367,0.167024,0.029958,0.023340,0.052587,0.040571,0.036175
0.120440,0.120453,0.007672,0.005617,0.127143,0.005630,0.006043,0.593079,0.007677,0.006246
0.014206,0.014206,0.002927,0.001982,0.012895,0.002208,0.006908,0.939481,0.002929,0.002259
0.212417,0.212423,0.067990,0.040629,0.151146,0.064824,0.020275,0.117981,0.068044,0.044270
0.206068,0.206082,0.011236,0.007365,0.261170,0.008479,0.006158,0.272283,0.011243,0.009917
0.072640,0.072647,0.003257,0.002003,0.124923,0.002162,0.001959,0.714559,0.003260,0.002591
0.290218,0.290244,0.025559,0.014000,0.271196,0.016737,0.010851,0.036334,0.025583,0.019278
0.352023,0.352054,0.013532,0.007748,0.184004,0.009768,0.007690,0.048097,0.013544,0.011540
0.205676,0.205684,0.024249,0.015952,0.287958,0.018244,0.017675,0.178339,0.024266,0.021957
0.276303,0.276322,0.023972,0.014726,0.258083,0.016843,0.012864,0.074300,0.023991,0.022596
0.262618,0.262636,0.022411,0.013672,0.305204,0.013297,0.009742,0.069547,0.022429,0.018445
0.327571,0.327586,0.019742,0.011222,0.180556,0.013475,0.008527,0.073426,0.019760,0.018134
0.017161,0.017163,0.003000,0.002351,0.372932,0.002349,0.002067,0.577560,0.003001,0.002416
0.199498,0.199498,0.077209,0.055368,0.117144,0.059494,0.062316,0.076253,0.077264,0.075957
0.181199,0.181205,0.029007,0.022363,0.385153,0.024132,0.021686,0.101693,0.029017,0.024544
0.117145,0.117156,0.010037,0.007083,0.164024,0.008133,0.004949,0.553467,0.010039,0.007967
0.021495,0.021495,0.005518,0.004401,0.025340,0.005003,0.004308,0.902085,0.005520,0.004834
0.198349,0.198357,0.033663,0.022674,0.393818,0.020869,0.016535,0.056128,0.033684,0.025924
0.217054,0.217066,0.015210,0.009727,0.438177,0.011177,0.008475,0.056776,0.015221,0.011117
0.227739,0.227749,0.044181,0.029582,0.266080,0.030596,0.025776,0.062224,0.044203,0.041867
0.266978,0.266980,0.050345,0.032058,0.173931,0.038889,0.023359,0.061107,0.050385,0.035966
0.305497,0.305518,0.021378,0.014868,0.191084,0.015207,0.011221,0.089060,0.021386,0.024780
0.027900,0.027903,0.001349,0.000886,0.930271,0.001011,0.000966,0.007276,0.001350,0.001089
0.193652,0.193661,0.043147,0.030867,0.300974,0.032008,0.023933,0.102729,0.043151,0.035876
0.154651,0.154661,0.009061,0.005278,0.626017,0.005523,0.005182,0.024291,0.009068,0.006266
0.023046,0.023048,0.003055,0.002262,0.040156,0.002520,0.002752,0.897477,0.003057,0.002627
0.268326,0.268345,0.030346,0.021726,0.244216,0.021399,0.012104,0.079272,0.030353,0.023913
0.042562,0.042565,0.005872,0.003964,0.871556,0.004514,0.003725,0.014924,0.005876,0.004443
0.110196,0.110205,0.012856,0.008458,0.696237,0.008008,0.007265,0.024439,0.012864,0.009471
0.134394,0.134401,0.019150,0.012063,0.154679,0.013127,0.010882,0.483828,0.019165,0.018310
0.065102,0.065101,0.019308,0.014220,0.050983,0.016278,0.013433,0.720715,0.019318,0.015543
0.302928,0.302946,0.033498,0.022523,0.163882,0.026982,0.020314,0.066842,0.033517,0.026568
0.102824,0.102826,0.025661,0.020561,0.350933,0.022182,0.017606,0.310143,0.025670,0.021595
0.342701,0.342729,0.026328,0.017155,0.139753,0.020445,0.013616,0.047567,0.026344,0.023362
0.122282,0.122289,0.011322,0.007242,0.673272,0.008046,0.006528,0.029437,0.011330,0.008252
0.163318,0.163330,0.014804,0.008911,0.177170,0.011076,0.010174,0.425505,0.014816,0.010895
0.071669,0.071667,0.025040,0.018255,0.044694,0.019264,0.016549,0.685868,0.025052,0.021942
0.250919,0.250912,0.040142,0.026244,0.103520,0.031223,0.021517,0.201113,0.040168,0.034241
0.243769,0.243774,0.040653,0.024598,0.234239,0.025172,0.020824,0.096248,0.040680,0.030042
0.301626,0.301631,0.047566,0.028870,0.117811,0.038273,0.021044,0.060848,0.047607,0.034725
0.204252,0.204273,0.021620,0.013891,0.427620,0.014107,0.029761,0.047672,0.021636,0.015169
0.077527,0.077528,0.016157,0.010389,0.059003,0.013225,0.008078,0.708879,0.016168,0.013046
0.128410,0.128412,0.016035,0.011656,0.080971,0.012521,0.012551,0.580409,0.016043,0.012990
0.378012,0.377977,0.042430,0.018164,0.049820,0.019944,0.010376,0.032177,0.042485,0.028615
0.069030,0.069032,0.006316,0.004420,0.074766,0.005239,0.004228,0.755050,0.006320,0.005598
0.191045,0.191042,0.027471,0.016285,0.071474,0.018716,0.011241,0.423490,0.027495,0.021742
0.030771,0.030773,0.002672,0.001831,0.087510,0.002231,0.002184,0.837141,0.002673,0.002214
0.039869,0.039873,0.001854,0.001228,0.761448,0.001524,0.001214,0.149589,0.001855,0.001547
0.318245,0.318261,0.020770,0.013656,0.226866,0.014378,0.008582,0.042495,0.020777,0.015969
0.054217,0.054219,0.004851,0.003678,0.094314,0.004601,0.004360,0.770506,0.004854,0.004400
0.220910,0.220912,0.007690,0.004292,0.448702,0.008030,0.003063,0.072224,0.007695,0.006481
0.273681,0.273695,0.036798,0.025210,0.216065,0.026856,0.016880,0.063626,0.036822,0.030366
0.104027,0.104028,0.010686,0.006546,0.053894,0.008176,0.005518,0.688724,0.010694,0.007705
0.271085,0.271099,0.018498,0.011798,0.234540,0.012358,0.009127,0.137818,0.018514,0.015163
0.052752,0.052751,0.056869,0.033413,0.043614,0.552600,0.012932,0.097212,0.056887,0.040969
0.267349,0.267355,0.032341,0.021322,0.170205,0.025827,0.018771,0.137678,0.032362,0.026789
0.205227,0.205226,0.077622,0.047174,0.077329,0.055882,0.090023,0.104016,0.077674,0.059825
0.087997,0.088000,0.029300,0.015884,0.106029,0.235704,0.009281,0.374284,0.029313,0.024209
0.108591,0.108592,0.026336,0.018264,0.140409,0.025519,0.011533,0.507783,0.026345,0.026628
0.157613,0.157621,0.020824,0.014120,0.256257,0.017839,0.018603,0.318683,0.020836,0.017605
0.274824,0.274822,0.047221,0.032136,0.109554,0.044622,0.034479,0.087303,0.047246,0.047791
0.144744,0.144746,0.047234,0.034426,0.152937,0.063789,0.174864,0.148790,0.047253,0.041218
0.217493,0.217497,0.056549,0.038884,0.122871,0.045697,0.041354,0.160560,0.056585,0.042510
0.145924,0.145929,0.055839,0.025616,0.244017,0.063125,0.017587,0.190186,0.055867,0.055911
0.306788,0.306788,0.041284,0.023262,0.104833,0.025778,0.021143,0.099951,0.041313,0.028860
0.308836,0.308845,0.024325,0.016024,0.186269,0.019452,0.012653,0.081536,0.024341,0.017718
0.379364,0.379390,0.018697,0.011129,0.126396,0.011035,0.008129,0.032291,0.018712,0.014857
0.309648,0.309649,0.057325,0.033427,0.089171,0.033798,0.027361,0.044357,0.057380,0.037884
0.273812,0.273822,0.031241,0.019282,0.264857,0.019614,0.013786,0.049791,0.031271,0.022524
0.242623,0.242627,0.062078,0.036854,0.121966,0.039668,0.060253,0.078072,0.062107,0.053751
0.075890,0.075896,0.003472,0.002227,0.814477,0.002232,0.002179,0.017392,0.003475,0.002760
0.183338,0.183331,0.063791,0.037591,0.071407,0.043389,0.144513,0.164510,0.063848,0.044282
0.073577,0.073577,0.071156,0.055606,0.062767,0.056199,0.338084,0.146579,0.071172,0.051283
0.036955,0.036956,0.007408,0.005123,0.029441,0.006927,0.003892,0.859641,0.007411,0.006246
0.331286,0.331279,0.035508,0.018256,0.140315,0.021855,0.011647,0.038898,0.035538,0.035418
0.048229,0.048234,0.001703,0.001098,0.846762,0.001233,0.001090,0.048608,0.001704,0.001341
0.040998,0.041000,0.005394,0.004185,0.872168,0.003889,0.003360,0.019060,0.005393,0.004554
0.095953,0.095959,0.024849,0.018610,0.138027,0.021299,0.016424,0.537995,0.024858,0.026027
0.065681,0.065683,0.024488,0.021231,0.055612,0.017324,0.011853,0.689536,0.024497,0.024095
0.049767,0.049772,0.004526,0.003076,0.818283,0.003001,0.003139,0.059690,0.004529,0.004216
0.123080,0.123084,0.032200,0.023396,0.151648,0.028601,0.025055,0.426679,0.032214,0.034042
0.259322,0.259330,0.049469,0.034643,0.158613,0.040257,0.030334,0.080540,0.049507,0.037985
0.030972,0.030976,0.002138,0.001370,0.916972,0.002041,0.001232,0.010589,0.002140,0.001570
0.222275,0.222289,0.027971,0.017406,0.304880,0.019751,0.011704,0.115723,0.027983,0.030019
0.242538,0.242550,0.030532,0.024286,0.299590,0.021320,0.014746,0.059188,0.030543,0.034708
0.277511,0.277532,0.017891,0.011715,0.297025,0.014804,0.011569,0.058103,0.017903,0.015947
0.169320,0.169313,0.061307,0.041873,0.080712,0.045818,0.251696,0.072057,0.061345,0.046560
0.097896,0.097899,0.016672,0.011339,0.253368,0.012279,0.012876,0.468121,0.016683,0.012866
0.067560,0.067566,0.004570,0.002927,0.820771,0.003427,0.003396,0.021681,0.004573,0.003528
0.154328,0.154320,0.056136,0.037267,0.079134,0.037642,0.034450,0.346406,0.056161,0.044156
0.354532,0.354537,0.028911,0.017049,0.090757,0.022074,0.046146,0.034624,0.028932,0.022439
0.145956,0.145959,0.013344,0.009315,0.576574,0.010849,0.014710,0.057980,0.013352,0.011961
0.314014,0.314028,0.032295,0.020420,0.155054,0.020326,0.020624,0.058008,0.032319,0.032912
0.241631,0.241619,0.086038,0.044881,0.075626,0.065944,0.024100,0.056277,0.086093,0.077791
0.129335,0.129337,0.018749,0.010108,0.069481,0.014680,0.014960,0.576857,0.018767,0.017727
0.238499,0.238481,0.086596,0.048108,0.064359,0.054415,0.026522,0.064910,0.086657,0.091452
0.336197,0.336166,0.044164,0.024268,0.066079,0.028672,0.015032,0.065452,0.044194,0.039775
0.314134,0.314106,0.058142,0.035165,0.073307,0.034479,0.019382,0.053733,0.058197,0.039354
0.368464,0.368427,0.032360,0.019033,0.075880,0.019807,0.012067,0.049402,0.032392,0.022168
0.181830,0.181823,0.084948,0.069766,0.094522,0.069958,0.045068,0.120607,0.084984,0.066493
0.263730,0.263705,0.083993,0.051204,0.053609,0.048402,0.024889,0.054317,0.084080,0.072070
0.234503,0.234483,0.075061,0.048648,0.080310,0.054459,0.031846,0.089521,0.075117,0.076052
0.322625,0.322596,0.055762,0.028753,0.059920,0.031118,0.014595,0.063396,0.055818,0.045415
0.210867,0.210874,0.056091,0.043171,0.171235,0.043997,0.052985,0.107483,0.056122,0.047177
0.293806,0.293777,0.049314,0.033155,0.082620,0.036928,0.027209,0.095505,0.049346,0.038340
0.321026,0.321034,0.041341,0.022156,0.110554,0.024668,0.010453,0.069393,0.041371,0.038004
0.303588,0.303610,0.030619,0.019554,0.215094,0.019120,0.010430,0.045564,0.030631,0.021789
0.274123,0.274110,0.035707,0.021971,0.099372,0.025438,0.018478,0.186582,0.035739,0.028481
0.326636,0.326631,0.052475,0.030051,0.088124,0.032182,0.019140,0.040448,0.052529,0.031785
0.035330,0.035331,0.007621,0.005023,0.041098,0.005447,0.013383,0.842137,0.007626,0.007004
0.366263,0.366229,0.041269,0.022814,0.051523,0.026362,0.018488,0.033728,0.041309,0.032015
0.316513,0.316518,0.044844,0.026190,0.120510,0.033501,0.018932,0.041758,0.044878,0.036357
0.340038,0.340046,0.024854,0.012532,0.169852,0.014127,0.007990,0.044051,0.024877,0.021633
0.161532,0.161541,0.011722,0.007240,0.468465,0.007622,0.005754,0.155574,0.011730,0.008822
0.278832,0.278814,0.057461,0.040287,0.085308,0.043493,0.029388,0.084238,0.057493,0.044686
0.140817,0.140820,0.027460,0.016801,0.139636,0.028817,0.010950,0.437405,0.027480,0.029814
0.225942,0.225951,0.018554,0.010568,0.186909,0.011483,0.016095,0.270878,0.018566,0.015054
0.219876,0.219886,0.014231,0.009881,0.127781,0.011303,0.009242,0.362221,0.014240,0.011340
0.270424,0.270438,0.027375,0.016543,0.263608,0.018511,0.022535,0.061689,0.027398,0.021479
0.015875,0.015877,0.000932,0.000649,0.959278,0.000738,0.000617,0.004348,0.000932,0.000754
0.235821,0.235833,0.009491,0.005078,0.464227,0.006202,0.005879,0.019463,0.009500,0.008505
0.255526,0.255553,0.010520,0.005974,0.225660,0.007923,0.005325,0.214399,0.010529,0.008592
0.389913,0.389916,0.021428,0.010988,0.098662,0.009945,0.018917,0.024705,0.021441,0.014084
0.084776,0.084773,0.075103,0.042711,0.036162,0.483027,0.024961,0.035199,0.075140,0.058148
0.292803,0.292818,0.024815,0.016016,0.226647,0.017620,0.015658,0.068680,0.024834,0.020109
0.339547,0.339545,0.036263,0.020026,0.117851,0.022386,0.015140,0.039474,0.036286,0.033483
0.141043,0.141046,0.046249,0.036977,0.108137,0.037274,0.026506,0.373501,0.046258,0.043008
0.269338,0.269336,0.028540,0.017917,0.130910,0.020087,0.014822,0.196750,0.028561,0.023741
0.381330,0.381314,0.038329,0.019586,0.053070,0.021411,0.014922,0.026178,0.038370,0.025489
0.210205,0.210214,0.014777,0.010606,0.380490,0.012832,0.012250,0.120451,0.014786,0.013389
0.285585,0.285601,0.019637,0.012398,0.238452,0.015286,0.013131,0.094139,0.019651,0.016119
0.336852,0.336851,0.035783,0.016944,0.126394,0.025614,0.012515,0.042939,0.035828,0.030278
0.266557,0.266584,0.038134,0.026026,0.253681,0.025898,0.011562,0.047396,0.038157,0.026005
0.195226,0.195239,0.020157,0.012489,0.214870,0.013433,0.009801,0.302074,0.020171,0.016539
0.390053,0.390079,0.019017,0.009051,0.105882,0.010735,0.010178,0.027892,0.019035,0.018078
0.286050,0.286055,0.028208,0.019471,0.230353,0.019155,0.022219,0.059239,0.028226,0.021025
0.136073,0.136073,0.035002,0.022652,0.088756,0.030329,0.019751,0.469444,0.035027,0.026893
0.099474,0.099478,0.059719,0.044108,0.121577,0.208222,0.030894,0.226312,0.059722,0.050494
0.179343,0.179361,0.010894,0.007290,0.490840,0.008408,0.008761,0.095509,0.010900,0.008695
0.009478,0.009479,0.000640,0.000440,0.975180,0.000514,0.000462,0.002637,0.000641,0.000529
0.022719,0.022722,0.001768,0.001169,0.940016,0.001312,0.001292,0.005865,0.001769,0.001369
0.327608,0.327615,0.041022,0.020551,0.123720,0.029305,0.012642,0.037149,0.041053,0.039333
0.021296,0.021298,0.001823,0.001261,0.942939,0.001487,0.001221,0.005407,0.001825,0.001443
0.348658,0.348692,0.005048,0.002612,0.260006,0.003186,0.002012,0.020773,0.005053,0.003960
0.271923,0.271919,0.054145,0.031684,0.140852,0.034198,0.029705,0.053111,0.054183,0.058280
0.216118,0.216115,0.061481,0.041919,0.169106,0.053343,0.033111,0.091624,0.061516,0.055666
0.182275,0.182279,0.067768,0.056330,0.181487,0.054486,0.038216,0.112130,0.067770,0.057261
0.087709,0.087712,0.013429,0.010057,0.629756,0.011753,0.012360,0.120603,0.013435,0.013186
0.149622,0.149624,0.049142,0.030998,0.389772,0.036891,0.021014,0.079334,0.049157,0.044447
0.296647,0.296640,0.046297,0.030319,0.128603,0.032963,0.019824,0.063641,0.046328,0.038738
0.164571,0.164592,0.006848,0.004981,0.531556,0.006481,0.006270,0.102029,0.006853,0.005819
0.028316,0.028319,0.003784,0.003041,0.906851,0.003242,0.003424,0.015961,0.003786,0.003277
0.298898,0.298913,0.035766,0.020118,0.113528,0.024364,0.015002,0.127537,0.035803,0.030070
0.125492,0.125488,0.083627,0.054748,0.061526,0.051889,0.279834,0.071728,0.083689,0.061979
0.279721,0.279747,0.026237,0.016480,0.255546,0.017151,0.011977,0.067457,0.026254,0.019429
0.101680,0.101692,0.007358,0.005546,0.729381,0.006048,0.005659,0.027948,0.007361,0.007326
0.085737,0.085741,0.014350,0.008043,0.123158,0.024373,0.004999,0.629061,0.014359,0.010179
0.300474,0.300500,0.028794,0.018443,0.158861,0.020437,0.014618,0.104971,0.028823,0.024079
0.132053,0.132056,0.033709,0.019195,0.522728,0.020564,0.042816,0.038468,0.033741,0.024671
0.256799,0.256789,0.065864,0.043415,0.106326,0.050402,0.041574,0.059771,0.065903,0.053157
0.082528,0.082534,0.009980,0.006635,0.762230,0.007068,0.007598,0.023212,0.009985,0.008231
0.164336,0.164334,0.097675,0.063385,0.076163,0.066722,0.034696,0.164050,0.097754,0.070884
0.222816,0.222828,0.015467,0.008814,0.302404,0.009710,0.006937,0.181950,0.015482,0.013593
0.032579,0.032579,0.021211,0.018826,0.027220,0.014412,0.008226,0.805713,0.021219,0.018014
0.305734,0.305749,0.041074,0.021873,0.150233,0.034521,0.029809,0.040867,0.041112,0.029029
0.082821,0.082827,0.009666,0.006759,0.747428,0.008646,0.005883,0.038053,0.009671,0.008246
0.248083,0.248074,0.059719,0.038084,0.175292,0.039913,0.033742,0.056211,0.059762,0.041120
0.042647,0.042650,0.007698,0.005941,0.824457,0.006742,0.007564,0.048021,0.007701,0.006578
0.418581,0.418557,0.018584,0.009276,0.060209,0.010882,0.006437,0.022822,0.018605,0.016049
0.241676,0.241675,0.058071,0.042085,0.144238,0.048652,0.033751,0.083205,0.058094,0.048555
0.089406,0.089406,0.032786,0.027352,0.090066,0.025468,0.033773,0.549912,0.032796,0.029036
0.297843,0.297852,0.034447,0.021253,0.162811,0.024098,0.033656,0.058428,0.034474,0.035138
0.201635,0.201657,0.015643,0.011931,0.470966,0.012056,0.009843,0.047022,0.015650,0.013598
0.088122,0.088129,0.007789,0.005546,0.764663,0.005319,0.005114,0.021345,0.007794,0.006178
0.240940,0.240953,0.024720,0.014308,0.209681,0.019477,0.011307,0.193676,0.024742,0.020197
0.033778,0.033780,0.003184,0.002256,0.900389,0.002428,0.002212,0.016305,0.003185,0.002481
0.100003,0.100007,0.010579,0.007023,0.587503,0.007471,0.012176,0.155882,0.010586,0.008770
0.263098,0.263104,0.041476,0.028558,0.199143,0.030287,0.030250,0.070617,0.041505,0.031961
0.258157,0.258174,0.014077,0.008196,0.392812,0.010687,0.005936,0.026968,0.014087,0.010905
0.242804,0.242812,0.042041,0.026820,0.280420,0.024000,0.021522,0.050043,0.042071,0.027468
0.173523,0.173528,0.013628,0.007753,0.565348,0.010084,0.007765,0.023806,0.013639,0.010926
0.134378,0.134384,0.015029,0.010262,0.632347,0.010531,0.007463,0.029083,0.015039,0.011484
0.171455,0.171451,0.076129,0.050353,0.094232,0.049760,0.077978,0.182447,0.076163,0.050031
0.278697,0.278683,0.072507,0.038233,0.069338,0.043928,0.022938,0.048564,0.072570,0.074542
0.076129,0.076133,0.013549,0.009975,0.753522,0.010614,0.009150,0.026426,0.013555,0.010947
0.142926,0.142936,0.012731,0.007817,0.338843,0.008246,0.014017,0.309215,0.012741,0.010528
0.138618,0.138626,0.023139,0.016235,0.075371,0.018590,0.007699,0.539940,0.023148,0.018634
0.313009,0.313031,0.049127,0.032636,0.102857,0.033029,0.012800,0.057032,0.049147,0.037333
0.375966,0.375952,0.031729,0.015608,0.061902,0.017121,0.031035,0.037617,0.031764,0.021306
0.307064,0.307071,0.027383,0.018188,0.171573,0.020951,0.018918,0.076740,0.027401,0.024711
0.194482,0.194498,0.015790,0.009085,0.479245,0.010529,0.006619,0.061339,0.015804,0.012609
0.296232,0.296247,0.041222,0.021090,0.160395,0.020735,0.054248,0.045447,0.041269,0.023114
0.347164,0.347179,0.023634,0.012388,0.131806,0.016111,0.014261,0.050850,0.023656,0.032953
0.088007,0.088014,0.010436,0.006164,0.752342,0.006357,0.005340,0.024508,0.010445,0.008388
0.046313,0.046314,0.007582,0.004771,0.035662,0.005063,0.004045,0.835806,0.007587,0.006858
0.318520,0.318546,0.031311,0.022815,0.196204,0.016391,0.008533,0.029857,0.031320,0.026504
0.344624,0.344627,0.027151,0.020692,0.098872,0.016665,0.053987,0.045371,0.027166,0.020845
0.222057,0.222047,0.087331,0.047280,0.072439,0.054558,0.028646,0.054670,0.087369,0.123603
0.179420,0.179414,0.120274,0.070634,0.076377,0.076756,0.040093,0.054373,0.120377,0.082282
0.268937,0.268914,0.026550,0.016933,0.066675,0.020876,0.011699,0.271792,0.026566,0.021060
0.280417,0.280431,0.029175,0.021556,0.202206,0.023966,0.017830,0.086503,0.029187,0.028730
0.342405,0.342416,0.024131,0.013696,0.155489,0.016391,0.009487,0.052012,0.024153,0.019820
0.146286,0.146286,0.093842,0.076636,0.119286,0.081851,0.056225,0.105384,0.093870,0.080336
0.362347,0.362330,0.040391,0.022101,0.063197,0.024751,0.013513,0.039328,0.040432,0.031611
0.241548,0.241553,0.040869,0.026540,0.170652,0.038153,0.094318,0.069190,0.040897,0.036280
0.181931,0.181930,0.119344,0.054714,0.089027,0.064331,0.026536,0.046107,0.119400,0.116681
0.196026,0.196028,0.034884,0.022606,0.250718,0.028014,0.016511,0.190666,0.034899,0.029648
0.105022,0.105026,0.012662,0.008336,0.518885,0.009534,0.027390,0.189260,0.012668,0.011218
0.242467,0.242481,0.021391,0.013534,0.298496,0.015278,0.011808,0.114850,0.021405,0.018290
0.288045,0.288053,0.024028,0.014708,0.263326,0.015373,0.010048,0.035025,0.024045,0.037350
0.268463,0.268459,0.068904,0.042894,0.095435,0.041187,0.024843,0.055571,0.068952,0.065291
0.058156,0.058160,0.006187,0.004666,0.151828,0.004824,0.004108,0.700875,0.006190,0.005006
0.392288,0.392307,0.012291,0.007729,0.122937,0.008925,0.006578,0.034173,0.012300,0.010471
0.193177,0.193189,0.014198,0.009131,0.489862,0.011416,0.031045,0.031404,0.014207,0.012371
0.306127,0.306137,0.038646,0.025162,0.147334,0.023726,0.012326,0.076177,0.038673,0.025692
0.274244,0.274255,0.044307,0.034106,0.126224,0.025964,0.073090,0.049666,0.044320,0.053822
0.275572,0.275568,0.055894,0.026592,0.092980,0.031236,0.043997,0.082304,0.055957,0.059900
0.429581,0.429610,0.008482,0.004315,0.088414,0.005743,0.003488,0.015527,0.008491,0.006349
0.410410,0.410410,0.020135,0.009843,0.077002,0.011777,0.007867,0.018888,0.020161,0.013505
0.050337,0.050341,0.004843,0.002995,0.096739,0.003723,0.002614,0.777456,0.004846,0.006105
0.114873,0.114875,0.019715,0.014292,0.096908,0.015980,0.010890,0.573473,0.019721,0.019273
0.229116,0.229109,0.048560,0.031637,0.116357,0.045900,0.025918,0.186370,0.048594,0.038440
0.104055,0.104057,0.021395,0.015993,0.091226,0.017528,0.015311,0.589135,0.021405,0.019894
0.305213,0.305225,0.018631,0.009580,0.227525,0.011862,0.021388,0.067024,0.018646,0.014906
0.412511,0.412516,0.017678,0.009223,0.084861,0.008659,0.003319,0.018511,0.017696,0.015027
0.294773,0.294779,0.039701,0.026617,0.176041,0.028399,0.017642,0.050301,0.039729,0.032018
0.284888,0.284894,0.023733,0.013217,0.188427,0.014984,0.009379,0.135810,0.023751,0.020916
0.174882,0.174895,0.023586,0.014713,0.412997,0.022385,0.013284,0.122427,0.023602,0.017229
0.342233,0.342233,0.042201,0.022789,0.095518,0.026458,0.012667,0.034835,0.042250,0.038815
0.141597,0.141601,0.039682,0.027427,0.133515,0.031158,0.240090,0.173920,0.039702,0.031309
0.157055,0.157059,0.026248,0.016343,0.194658,0.017049,0.015463,0.371719,0.026269,0.018137
0.164172,0.164185,0.018612,0.013109,0.248374,0.011059,0.014813,0.333080,0.018624,0.013970
0.072776,0.072784,0.004242,0.003001,0.814823,0.003227,0.003337,0.018151,0.004244,0.003415
0.420581,0.420521,0.021788,0.010808,0.038636,0.014281,0.011977,0.024153,0.021810,0.015445
0.187629,0.187656,0.006722,0.003945,0.562809,0.004466,0.008534,0.026581,0.006728,0.004931
0.236839,0.236853,0.024938,0.018173,0.220146,0.021658,0.019561,0.176223,0.024952,0.020658
0.178634,0.178628,0.037418,0.026907,0.088570,0.031074,0.020452,0.369895,0.037435,0.030988
0.177340,0.177342,0.085987,0.059170,0.131547,0.083197,0.053965,0.070516,0.086037,0.074899
0.154816,0.154814,0.109538,0.078420,0.091135,0.078879,0.048413,0.062327,0.109581,0.112078
0.329073,0.329089,0.032972,0.020860,0.130419,0.026888,0.022048,0.045781,0.033000,0.029870
0.274824,0.274822,0.047221,0.032136,0.109554,0.044622,0.034479,0.087303,0.047246,0.047791
0.052756,0.052761,0.003307,0.002225,0.676731,0.002640,0.002807,0.200734,0.003309,0.002730
0.166324,0.166335,0.063917,0.060428,0.169596,0.062981,0.061727,0.122610,0.063923,0.062159
0.078168,0.078168,0.128289,0.094277,0.066980,0.083701,0.159338,0.072725,0.128320,0.110034
0.351665,0.351644,0.046255,0.021595,0.055060,0.029137,0.013878,0.031126,0.046316,0.053325
0.187707,0.187707,0.081918,0.065103,0.128502,0.066403,0.056443,0.074227,0.081948,0.070044
0.237324,0.237309,0.094178,0.052945,0.068155,0.063083,0.032171,0.057180,0.094245,0.063410
0.190773,0.190764,0.089790,0.062591,0.078248,0.061707,0.055006,0.110194,0.089839,0.071088
0.113796,0.113807,0.008603,0.006294,0.701577,0.006922,0.007993,0.025346,0.008607,0.007053
0.234105,0.234097,0.083736,0.051408,0.077619,0.067178,0.034755,0.070549,0.083795,0.062759
0.020177,0.020176,0.186155,0.108680,0.011316,0.290017,0.008496,0.010858,0.186053,0.158071
0.067871,0.067875,0.007216,0.005036,0.810352,0.005194,0.004997,0.018682,0.007221,0.005557
0.100000,0.100000,0.100000,0.100000,0.100000,0.100000,0.100000,0.100000,0.100000,0.100000
0.048483,0.048482,0.183613,0.133369,0.034411,0.140275,0.026139,0.031472,0.183532,0.170224
0.372523,0.372506,0.037398,0.019951,0.064371,0.023626,0.011717,0.035196,0.037433,0.025280
0.113499,0.113496,0.133085,0.110851,0.069604,0.094624,0.059344,0.067791,0.133136,0.104570
0.003157,0.003157,0.002759,0.002250,0.002690,0.002288,0.975456,0.002888,0.002760,0.002595
0.008977,0.008976,0.009891,0.006321,0.005962,0.007506,0.927752,0.007101,0.009895,0.007619
0.061567,0.061565,0.228624,0.125822,0.031345,0.102488,0.023437,0.026349,0.229119,0.109683
0.072784,0.072784,0.151284,0.171282,0.059131,0.117775,0.035095,0.043298,0.151183,0.125383
0.023915,0.023915,0.128927,0.068213,0.015689,0.358363,0.102096,0.019973,0.128867,0.130044
0.074146,0.074145,0.098101,0.043082,0.026602,0.499161,0.008220,0.016997,0.098152,0.061394
0.037580,0.037579,0.198237,0.104662,0.021306,0.091482,0.154277,0.019994,0.198314,0.136569
0.079555,0.079555,0.133916,0.109128,0.063391,0.090818,0.078955,0.073519,0.133919,0.157243
0.026509,0.026508,0.106165,0.064205,0.018712,0.059650,0.507311,0.018081,0.106198,0.066661
0.033728,0.033727,0.187973,0.307656,0.021194,0.080189,0.018905,0.019571,0.187932,0.109126
0.074349,0.074346,0.187737,0.085775,0.027823,0.073065,0.014141,0.023586,0.188189,0.250988
0.022547,0.022547,0.216142,0.086292,0.011482,0.113931,0.007214,0.012014,0.216767,0.291064
0.064331,0.064331,0.084064,0.044989,0.284536,0.056124,0.215723,0.037922,0.084086,0.063894
0.140923,0.140919,0.082907,0.043620,0.091358,0.233132,0.025626,0.069442,0.082939,0.089134
0.084470,0.084472,0.013763,0.008825,0.746162,0.009672,0.007697,0.021186,0.013773,0.009978
0.008916,0.008916,0.150325,0.434805,0.006149,0.066125,0.005896,0.006043,0.150085,0.162739
0.023883,0.023882,0.253223,0.102901,0.017615,0.149859,0.021051,0.016548,0.253258,0.137779
0.006492,0.006491,0.220417,0.158926,0.004187,0.198893,0.004111,0.004015,0.219740,0.176729
0.041749,0.041747,0.238664,0.071005,0.018628,0.095392,0.010596,0.014738,0.239343,0.228139
0.027943,0.027943,0.141481,0.410016,0.023811,0.059328,0.022148,0.026637,0.141305,0.119387
0.016021,0.016021,0.176498,0.437139,0.009622,0.053143,0.008497,0.008413,0.176064,0.098583
0.046203,0.046201,0.215219,0.092079,0.015435,0.146328,0.009112,0.013436,0.215855,0.200132
0.024609,0.024609,0.164211,0.459206,0.011919,0.046795,0.010598,0.009980,0.163946,0.084126
0.112073,0.112072,0.088282,0.064887,0.130201,0.068682,0.076962,0.185181,0.088327,0.073334
0.028890,0.028889,0.236765,0.130980,0.013458,0.078499,0.028748,0.016589,0.236675,0.200506
0.027647,0.027647,0.216017,0.176161,0.014368,0.082166,0.010238,0.012141,0.215810,0.217806
0.106416,0.106410,0.206626,0.114212,0.033923,0.057371,0.023743,0.027315,0.207382,0.116602
0.021112,0.021111,0.221811,0.276982,0.012314,0.070210,0.011053,0.011589,0.221803,0.132015
0.025433,0.025433,0.244612,0.153169,0.013477,0.086032,0.007535,0.009950,0.244292,0.190066
0.296236,0.296240,0.047061,0.031090,0.150039,0.029216,0.021171,0.048263,0.047100,0.033583
0.015846,0.015846,0.139973,0.482152,0.011491,0.064851,0.010903,0.011436,0.139783,0.107720
0.056002,0.056000,0.232363,0.165773,0.024235,0.088320,0.014425,0.019987,0.232059,0.110835
0.091961,0.091958,0.185453,0.159212,0.046458,0.075535,0.021389,0.031999,0.185410,0.110625
0.009172,0.009172,0.206156,0.150084,0.005734,0.284438,0.005321,0.005708,0.205772,0.118443
0.030917,0.030919,0.008820,0.006498,0.874926,0.006820,0.005895,0.018906,0.008825,0.007475
0.167718,0.167720,0.048838,0.033258,0.118041,0.041380,0.027922,0.308007,0.048872,0.038244
0.022946,0.022945,0.245777,0.111977,0.014718,0.180475,0.014828,0.008434,0.245707,0.132193
0.021442,0.021442,0.216678,0.302768,0.015361,0.060129,0.032544,0.012582,0.216339,0.100714
0.172321,0.172319,0.073618,0.050217,0.211502,0.046767,0.068928,0.071743,0.073686,0.058898
0.018658,0.018658,0.200853,0.075666,0.012618,0.193260,0.010104,0.011812,0.201124,0.257248
0.166048,0.166050,0.079045,0.059752,0.183987,0.057708,0.049775,0.093873,0.079097,0.064665
0.009263,0.009263,0.180190,0.214803,0.007563,0.249823,0.008229,0.007914,0.179785,0.133167
0.127470,0.127472,0.108939,0.088397,0.120594,0.081959,0.067900,0.082177,0.109009,0.086085
0.149683,0.149683,0.082347,0.073851,0.150965,0.074514,0.056352,0.106393,0.082361,0.073853
0.016222,0.016223,0.007131,0.005600,0.912126,0.006114,0.005613,0.017791,0.007133,0.006048
0.063983,0.063988,0.004283,0.002565,0.839706,0.003616,0.001995,0.011844,0.004286,0.003734
0.011359,0.011359,0.006681,0.004465,0.012074,0.013599,0.003347,0.924554,0.006682,0.005880
0.044398,0.044398,0.012100,0.008809,0.822118,0.010167,0.007633,0.028522,0.012106,0.009748
0.012477,0.012477,0.010407,0.006388,0.007870,0.006304,0.916724,0.007625,0.010416,0.009312
0.045780,0.045782,0.017119,0.013548,0.776221,0.013870,0.013181,0.043380,0.017126,0.013993
0.005320,0.005320,0.166337,0.303865,0.003793,0.234369,0.003896,0.003961,0.165910,0.107229
0.012396,0.012396,0.155137,0.493299,0.007939,0.068661,0.006665,0.007137,0.154952,0.081416
0.261131,0.261113,0.070763,0.041847,0.074433,0.036935,0.029983,0.091724,0.070829,0.061242
0.025432,0.025431,0.182533,0.069113,0.010344,0.237950,0.007354,0.009505,0.182377,0.249961
0.201981,0.201980,0.039913,0.023738,0.080655,0.023865,0.016993,0.335183,0.039948,0.035743
0.013807,0.013806,0.276415,0.151542,0.007034,0.076018,0.006643,0.006389,0.276228,0.172117
0.123927,0.123926,0.085441,0.059666,0.130402,0.058408,0.143842,0.118381,0.085501,0.070506
0.319720,0.319743,0.021696,0.013210,0.185037,0.014282,0.012273,0.074664,0.021713,0.017661
0.100000,0.100000,0.100000,0.100000,0.100000,0.100000,0.100000,0.100000,0.100000,0.100000
0.253203,0.253203,0.049843,0.029077,0.109440,0.037891,0.025969,0.154595,0.049888,0.036890
0.092105,0.092101,0.188893,0.132101,0.034579,0.082519,0.025410,0.025750,0.188913,0.137630
0.269057,0.269044,0.051461,0.032261,0.111479,0.035938,0.037744,0.088374,0.051504,0.053137
0.054461,0.054461,0.007408,0.005335,0.092231,0.006051,0.004755,0.761333,0.007412,0.006552
0.141832,0.141831,0.096188,0.074806,0.106469,0.068431,0.070399,0.125503,0.096248,0.078293
0.122646,0.122648,0.022936,0.012688,0.578813,0.014990,0.011776,0.075639,0.022959,0.014904
0.254273,0.254288,0.012463,0.007674,0.392513,0.009558,0.008249,0.038544,0.012473,0.009964
0.300421,0.300394,0.077348,0.042073,0.056932,0.033028,0.024998,0.040754,0.077446,0.046607
0.050073,0.050072,0.041686,0.031980,0.043096,0.030407,0.613037,0.063513,0.041711,0.034426
0.100000,0.100000,0.100000,0.100000,0.100000,0.100000,0.100000,0.100000,0.100000,0.100000
0.059568,0.059573,0.007292,0.005391,0.523000,0.005822,0.005503,0.320221,0.007295,0.006335
0.078826,0.078828,0.020503,0.014694,0.089825,0.015247,0.030230,0.635057,0.020514,0.016276
0.197118,0.197110,0.128039,0.066495,0.068173,0.051376,0.049490,0.041089,0.128245,0.072865
0.038775,0.038773,0.206445,0.225837,0.018633,0.075257,0.013961,0.014327,0.206334,0.161659
0.045390,0.045390,0.196636,0.165075,0.032375,0.113252,0.032417,0.029480,0.196577,0.143408
0.039460,0.039461,0.007673,0.004998,0.052748,0.005027,0.003894,0.832960,0.007679,0.006099
0.250518,0.250532,0.030569,0.019760,0.296203,0.022983,0.016118,0.059609,0.030588,0.023120
0.009758,0.009758,0.211853,0.207798,0.006685,0.213349,0.006319,0.005831,0.211342,0.117306
0.295280,0.295295,0.034553,0.021930,0.187528,0.026244,0.015940,0.057759,0.034576,0.030893
0.027595,0.027597,0.002212,0.001486,0.919893,0.001920,0.001330,0.013745,0.002213,0.002008
0.262883,0.262881,0.047285,0.029204,0.193551,0.029240,0.026939,0.063483,0.047334,0.037201
0.112675,0.112682,0.017933,0.010484,0.093556,0.012824,0.009303,0.597263,0.017947,0.015333
0.332673,0.332675,0.034533,0.018048,0.148103,0.016889,0.014500,0.030501,0.034564,0.037514
0.030686,0.030685,0.255691,0.146410,0.018465,0.106531,0.016996,0.016472,0.255359,0.122706
0.057062,0.057061,0.217929,0.140309,0.024259,0.090548,0.014812,0.023276,0.217746,0.156999
0.038312,0.038312,0.225891,0.136784,0.029547,0.104399,0.033102,0.024069,0.225689,0.143895
0.344411,0.344422,0.026375,0.014512,0.137679,0.016806,0.030662,0.040554,0.026404,0.018177
0.121754,0.121748,0.182249,0.087705,0.039378,0.098245,0.021382,0.033889,0.182392,0.111259
0.105252,0.105250,0.019360,0.014924,0.090027,0.014873,0.018881,0.596517,0.019370,0.015545
0.038824,0.038827,0.003390,0.002416,0.872356,0.002775,0.003141,0.031852,0.003392,0.003028
0.020392,0.020391,0.213610,0.242353,0.014061,0.148721,0.016719,0.013198,0.213426,0.097128
0.101972,0.101968,0.166349,0.138749,0.052279,0.097280,0.037045,0.044753,0.166397,0.093209
0.045402,0.045407,0.004566,0.003207,0.633581,0.003082,0.004047,0.252140,0.004569,0.004000
0.048950,0.048950,0.183239,0.206194,0.034189,0.111638,0.032440,0.031738,0.183151,0.119512
0.095011,0.095009,0.094167,0.060861,0.068046,0.062230,0.237540,0.047801,0.094235,0.145099
0.027093,0.027093,0.148973,0.103046,0.013026,0.370801,0.008512,0.011650,0.148928,0.140878
0.041139,0.041138,0.177731,0.268327,0.023926,0.084106,0.017073,0.022147,0.177284,0.147129
0.007403,0.007403,0.146737,0.137096,0.005385,0.437616,0.006497,0.005250,0.146501,0.100113
0.009248,0.009248,0.039811,0.023996,0.004737,0.828453,0.003269,0.004493,0.039813,0.036931
0.282346,0.282362,0.049946,0.031700,0.160550,0.034626,0.018075,0.053642,0.049982,0.036772
0.017292,0.017292,0.167313,0.147430,0.015563,0.298892,0.013508,0.012640,0.167107,0.142963
0.023773,0.023776,0.001434,0.001020,0.101843,0.001181,0.001028,0.843229,0.001434,0.001282
0.066071,0.066071,0.162322,0.160373,0.088669,0.091674,0.030038,0.044244,0.162216,0.128323
0.163465,0.163462,0.104951,0.059541,0.144372,0.067210,0.048605,0.053545,0.105025,0.089824
0.169127,0.169125,0.111662,0.064437,0.106136,0.068950,0.047850,0.056102,0.111768,0.094843
0.025985,0.025986,0.011799,0.011140,0.867940,0.009150,0.008418,0.017204,0.011794,0.010585
0.042657,0.042655,0.199894,0.088079,0.024530,0.070304,0.159432,0.020665,0.199895,0.151889
0.108406,0.108405,0.118694,0.085929,0.091548,0.087705,0.090529,0.084274,0.118750,0.105758
0.157377,0.157373,0.070149,0.054817,0.078579,0.060674,0.168071,0.119212,0.070173,0.063573
0.228326,0.228330,0.064421,0.039807,0.183367,0.039731,0.027951,0.060891,0.064466,0.062710
0.085906,0.085917,0.005698,0.003983,0.726547,0.004571,0.003401,0.073626,0.005701,0.004651
0.139263,0.139267,0.075566,0.072125,0.189294,0.078929,0.073031,0.082999,0.075572,0.073954
0.010491,0.010491,0.189789,0.112873,0.006077,0.335891,0.005733,0.005307,0.189424,0.133923
0.026306,0.026305,0.153321,0.125857,0.013752,0.358722,0.012334,0.013045,0.153226,0.117132
0.015448,0.015448,0.190045,0.117856,0.013861,0.300695,0.005096,0.007032,0.189788,0.144731
0.091653,0.091657,0.009237,0.005742,0.746748,0.005993,0.005878,0.025544,0.009245,0.008303
0.077161,0.077159,0.186279,0.123602,0.031692,0.138383,0.025225,0.023314,0.186377,0.130807
0.121496,0.121496,0.094226,0.068921,0.121268,0.096894,0.099230,0.085581,0.094263,0.096625
0.010523,0.010523,0.235152,0.226311,0.004341,0.083456,0.003221,0.003467,0.234656,0.188351
0.018469,0.018469,0.007403,0.006382,0.889184,0.006968,0.008647,0.030351,0.007405,0.006721
0.237932,0.237943,0.016154,0.010249,0.407899,0.012615,0.011804,0.035977,0.016166,0.013260
0.026504,0.026504,0.225540,0.174338,0.016436,0.137044,0.038468,0.014212,0.225495,0.115459
0.116757,0.116757,0.093471,0.072937,0.101097,0.084870,0.131943,0.083876,0.093495,0.104797
0.028336,0.028336,0.211309,0.200880,0.019751,0.124456,0.017242,0.017729,0.211747,0.140212
0.128294,0.128294,0.110728,0.084241,0.146233,0.067250,0.062539,0.073806,0.110769,0.087845
0.299427,0.299437,0.044308,0.031879,0.134862,0.029742,0.026717,0.056757,0.044327,0.032544
0.112151,0.112149,0.130182,0.105105,0.077762,0.088592,0.069143,0.064826,0.130223,0.109867
0.007863,0.007863,0.181681,0.181870,0.004706,0.311936,0.004341,0.004311,0.181197,0.114232
0.018975,0.018975,0.225837,0.230408,0.010870,0.098611,0.010542,0.010232,0.225533,0.150016
0.124337,0.124335,0.122568,0.097666,0.086338,0.080405,0.080225,0.068383,0.122627,0.093115
0.010837,0.010837,0.168377,0.427060,0.006708,0.041436,0.007209,0.005729,0.167956,0.153851
0.001700,0.001700,0.001226,0.001102,0.001511,0.001140,0.987681,0.001560,0.001226,0.001154
0.100000,0.100000,0.100000,0.100000,0.100000,0.100000,0.100000,0.100000,0.100000,0.100000
0.009440,0.009440,0.125708,0.590964,0.006726,0.038070,0.006512,0.006522,0.125479,0.081140
0.172758,0.172743,0.042427,0.023721,0.447789,0.024839,0.016421,0.030325,0.042464,0.026512
0.062879,0.062882,0.010646,0.006399,0.590224,0.006915,0.009865,0.230167,0.010652,0.009370
0.052343,0.052348,0.002197,0.001147,0.877485,0.001357,0.002152,0.006616,0.002199,0.002156
0.052141,0.052140,0.112798,0.088678,0.050566,0.388448,0.014750,0.032426,0.112751,0.095302
0.035475,0.035473,0.261328,0.125424,0.012747,0.050637,0.041298,0.012542,0.261383,0.163694
0.108470,0.108472,0.015674,0.010331,0.104879,0.012856,0.009951,0.600773,0.015685,0.012910
0.123934,0.123933,0.111753,0.084613,0.094947,0.083379,0.076064,0.075907,0.111772,0.113698
0.043735,0.043734,0.234725,0.082445,0.022655,0.118140,0.090355,0.019839,0.235352,0.109021
0.012341,0.012341,0.007535,0.005855,0.022261,0.006170,0.900726,0.019015,0.007538,0.006218
0.121167,0.121172,0.022355,0.017411,0.310519,0.019022,0.016992,0.328411,0.022366,0.020584
0.159508,0.159512,0.005112,0.003174,0.643356,0.003938,0.002653,0.012545,0.005116,0.005085
0.238689,0.238682,0.032328,0.017613,0.163542,0.023233,0.013986,0.213392,0.032352,0.026183
0.115842,0.115842,0.086977,0.078146,0.133115,0.083682,0.084979,0.133366,0.087002,0.081050
0.139288,0.139286,0.096589,0.079960,0.105699,0.088121,0.071033,0.096158,0.096644,0.087223
0.010269,0.010269,0.206883,0.119737,0.006074,0.278067,0.005762,0.005319,0.206632,0.150989
0.160232,0.160231,0.096627,0.073504,0.110979,0.076018,0.063459,0.083285,0.096696,0.078968
0.100000,0.100000,0.100000,0.100000,0.100000,0.100000,0.100000,0.100000,0.100000,0.100000
0.042627,0.042627,0.199138,0.108976,0.028753,0.128538,0.055474,0.021228,0.199140,0.173499
0.072137,0.072135,0.140260,0.126438,0.044530,0.073692,0.199904,0.041178,0.140280,0.089445
0.073209,0.073210,0.012062,0.008248,0.079676,0.009253,0.007481,0.714181,0.012069,0.010610
0.035797,0.035797,0.210569,0.143079,0.036129,0.111571,0.065947,0.026462,0.210795,0.123853
0.054611,0.054608,0.171875,0.107555,0.022339,0.280638,0.016504,0.017840,0.171866,0.102165
0.074011,0.074011,0.201460,0.094144,0.059709,0.091824,0.032657,0.034635,0.202186,0.135362
0.035951,0.035950,0.160683,0.122515,0.023664,0.324815,0.021014,0.021301,0.160693,0.093413
0.035591,0.035591,0.074335,0.045376,0.025284,0.613218,0.020601,0.024113,0.074348,0.051544
0.093740,0.093738,0.202524,0.091520,0.040835,0.118969,0.025141,0.033447,0.202728,0.097358
0.042706,0.042705,0.081080,0.048292,0.030395,0.559623,0.026007,0.029113,0.081112,0.058968
0.036001,0.036000,0.195925,0.158076,0.023755,0.114477,0.061193,0.038547,0.195909,0.140117
0.058487,0.058485,0.200031,0.147191,0.032969,0.120770,0.027722,0.030586,0.199950,0.123809
0.023067,0.023067,0.130949,0.081080,0.015903,0.470044,0.012703,0.014315,0.130933,0.097939
0.020712,0.020712,0.099001,0.045380,0.018505,0.594792,0.007274,0.010270,0.098926,0.084427
0.014378,0.014378,0.082885,0.051147,0.011779,0.652158,0.008775,0.008792,0.082837,0.072872
0.006663,0.006663,0.069219,0.044877,0.004911,0.740264,0.006292,0.004900,0.069163,0.047049
0.078970,0.078969,0.161615,0.108096,0.057152,0.118955,0.051080,0.052779,0.161643,0.130740
0.006195,0.006195,0.073260,0.038368,0.004663,0.747782,0.004532,0.004932,0.073217,0.040855
0.028645,0.028644,0.088981,0.037101,0.107718,0.548680,0.007820,0.012660,0.088968,0.050783
0.241673,0.241668,0.012303,0.007524,0.189140,0.009693,0.007235,0.267475,0.012312,0.010977
0.018200,0.018199,0.116756,0.054632,0.014727,0.530101,0.013512,0.013509,0.116787,0.103577
0.042086,0.042085,0.191258,0.120981,0.033387,0.077164,0.049544,0.034763,0.191612,0.217120
0.238065,0.238062,0.039741,0.026298,0.132924,0.027475,0.025943,0.200507,0.039766,0.031218
0.072521,0.072520,0.170787,0.134977,0.079724,0.089895,0.063906,0.041554,0.170817,0.103299
0.041231,0.041230,0.218794,0.118454,0.022036,0.106782,0.034310,0.019007,0.218920,0.179236
0.060638,0.060637,0.170767,0.096531,0.053414,0.118250,0.047902,0.090568,0.170774,0.130519
0.025394,0.025393,0.259599,0.145235,0.016217,0.122404,0.014802,0.013701,0.259474,0.117781
0.049617,0.049615,0.227611,0.087447,0.033815,0.096236,0.025711,0.042137,0.228399,0.159412
0.100083,0.100081,0.124669,0.086690,0.062454,0.079572,0.055023,0.158519,0.124727,0.108183
0.019204,0.019203,0.114207,0.043737,0.009577,0.503292,0.010144,0.008996,0.114244,0.157397
0.067962,0.067961,0.229625,0.074509,0.033942,0.084395,0.018527,0.025511,0.230412,0.167155
0.040808,0.040808,0.228788,0.158225,0.037512,0.103097,0.019417,0.021340,0.229109,0.120896
0.260862,0.260850,0.065333,0.041491,0.112432,0.044579,0.032146,0.065312,0.065394,0.051600
0.082000,0.081999,0.186961,0.095709,0.050283,0.121977,0.035247,0.049131,0.186989,0.109704
0.015355,0.015355,0.228330,0.131987,0.010565,0.068629,0.011469,0.010478,0.228110,0.279721
0.085800,0.085800,0.042375,0.030995,0.542018,0.031022,0.030036,0.075463,0.042405,0.034086
0.161944,0.161941,0.071475,0.049887,0.226585,0.049614,0.037605,0.116065,0.071523,0.053361
0.097940,0.097946,0.011292,0.007954,0.485425,0.009016,0.009657,0.260673,0.011299,0.008798
0.034781,0.034780,0.223249,0.146287,0.021626,0.095861,0.034763,0.020660,0.223183,0.164808
0.011474,0.011474,0.001735,0.001096,0.022210,0.001458,0.000895,0.946443,0.001736,0.001479
0.121945,0.121943,0.131924,0.084802,0.104492,0.088843,0.037522,0.089025,0.131985,0.087518
0.008191,0.008191,0.229375,0.167820,0.005314,0.217300,0.006933,0.004900,0.228900,0.123078
0.049767,0.049772,0.004526,0.003076,0.818283,0.003001,0.003139,0.059690,0.004529,0.004216
0.055255,0.055254,0.171223,0.124877,0.041090,0.125367,0.037702,0.036842,0.171229,0.181161
0.157406,0.157402,0.125620,0.087811,0.079549,0.068702,0.045552,0.052485,0.125721,0.099751
0.017386,0.017385,0.018090,0.014525,0.015379,0.013468,0.846539,0.022940,0.018094,0.016193
0.231043,0.231019,0.134784,0.066899,0.041773,0.039206,0.022542,0.033300,0.134941,0.064491
0.030972,0.030976,0.002138,0.001370,0.916972,0.002041,0.001232,0.010589,0.002140,0.001570
0.209989,0.209986,0.090861,0.054351,0.102702,0.063271,0.032896,0.076385,0.090919,0.068640
0.000001,0.000001,0.000001,0.000000,0.000000,0.000000,0.999995,0.000001,0.000001,0.000000
0.034993,0.034993,0.029946,0.020509,0.025777,0.016851,0.749361,0.025736,0.029958,0.031876
0.000046,0.000046,0.000042,0.000038,0.000042,0.000039,0.999609,0.000055,0.000042,0.000039
0.072825,0.072825,0.129123,0.100498,0.060397,0.095973,0.151230,0.063856,0.129122,0.124151
0.080900,0.080899,0.124443,0.104466,0.099659,0.074072,0.194047,0.041791,0.124470,0.075252
0.123583,0.123579,0.080381,0.065865,0.080403,0.059500,0.196934,0.087533,0.080392,0.101829
0.007851,0.007851,0.071041,0.049162,0.004103,0.734240,0.002940,0.004250,0.071014,0.047549
0.022923,0.022923,0.165917,0.357340,0.018887,0.102482,0.017899,0.019191,0.165696,0.106742
0.005561,0.005561,0.099525,0.705552,0.002929,0.019800,0.002297,0.002608,0.099220,0.056947
0.236381,0.236372,0.086813,0.061700,0.082534,0.055835,0.036183,0.058955,0.086869,0.058357
0.135994,0.135993,0.073537,0.055210,0.228194,0.052514,0.049463,0.139422,0.073571,0.056103
0.241079,0.241082,0.055002,0.032927,0.193810,0.037845,0.028047,0.074444,0.055063,0.040701
0.062517,0.062520,0.012731,0.007961,0.054325,0.008401,0.007049,0.761461,0.012742,0.010293
0.137686,0.137692,0.036329,0.028150,0.141227,0.030186,0.026934,0.391549,0.036344,0.033903
0.020688,0.020688,0.134107,0.103219,0.013580,0.413892,0.010262,0.013185,0.134012,0.136368
0.198984,0.198993,0.040215,0.027278,0.339072,0.029857,0.019219,0.075461,0.040238,0.030682
0.145956,0.145959,0.013344,0.009315,0.576574,0.010849,0.014710,0.057980,0.013352,0.011961
0.007393,0.007393,0.114846,0.633997,0.004124,0.057982,0.003203,0.004017,0.114570,0.052474
0.022709,0.022710,0.004693,0.003098,0.020903,0.003811,0.002975,0.909710,0.004695,0.004696
0.274123,0.274110,0.035707,0.021971,0.099372,0.025438,0.018478,0.186582,0.035739,0.028481
0.013542,0.013542,0.011813,0.009580,0.011464,0.009243,0.895856,0.013072,0.011818,0.010070
0.283487,0.283485,0.057955,0.035310,0.107960,0.036121,0.029034,0.064856,0.058011,0.043781
0.218353,0.218338,0.120190,0.065013,0.054339,0.052454,0.038368,0.043935,0.120325,0.068686
0.007685,0.007685,0.004556,0.003771,0.138291,0.003690,0.815749,0.010299,0.004557,0.003717
0.006799,0.006799,0.005625,0.004166,0.010409,0.004286,0.946722,0.005040,0.005627,0.004526
0.062658,0.062657,0.066420,0.049090,0.045376,0.043179,0.500954,0.042295,0.066455,0.060916
0.034934,0.034934,0.023995,0.018104,0.043017,0.017481,0.752707,0.030658,0.024006,0.020165
0.107999,0.108000,0.101975,0.073667,0.209067,0.064765,0.087563,0.068073,0.102014,0.076877
0.021244,0.021244,0.011865,0.009430,0.056501,0.009428,0.834648,0.014564,0.011868,0.009208
0.024278,0.024278,0.105571,0.072343,0.017301,0.267686,0.254282,0.017549,0.105548,0.111165
0.103795,0.103794,0.034518,0.024249,0.069531,0.026904,0.018633,0.553894,0.034537,0.030144
0.057430,0.057430,0.076542,0.061804,0.049252,0.054949,0.436034,0.069748,0.076556,0.060255
0.132823,0.132818,0.088081,0.050714,0.057587,0.050046,0.298492,0.049426,0.088157,0.051857
0.194488,0.194489,0.062141,0.047727,0.194866,0.046733,0.036599,0.107884,0.062164,0.052909
0.064906,0.064905,0.200700,0.141109,0.046780,0.103095,0.023607,0.026974,0.200737,0.127187
0.127827,0.127833,0.018465,0.011528,0.600608,0.012170,0.010582,0.058213,0.018481,0.014294
0.127277,0.127273,0.119341,0.069560,0.064664,0.063324,0.158668,0.068114,0.119439,0.082340
0.285585,0.285601,0.019637,0.012398,0.238452,0.015286,0.013131,0.094139,0.019651,0.016119
0.028316,0.028319,0.003784,0.003041,0.906851,0.003242,0.003424,0.015961,0.003786,0.003277
0.164571,0.164592,0.006848,0.004981,0.531556,0.006481,0.006270,0.102029,0.006853,0.005819
0.022719,0.022722,0.001768,0.001169,0.940016,0.001312,0.001292,0.005865,0.001769,0.001369
0.079589,0.079588,0.161664,0.119081,0.050498,0.099893,0.045649,0.044815,0.161669,0.157555
0.009478,0.009479,0.000640,0.000440,0.975180,0.000514,0.000462,0.002637,0.000641,0.000529
0.041551,0.041551,0.181725,0.089630,0.027000,0.215166,0.070719,0.024569,0.181721,0.126368
0.082967,0.082962,0.212755,0.123163,0.028306,0.071317,0.017805,0.023410,0.212793,0.144522
0.101680,0.101692,0.007358,0.005546,0.729381,0.006048,0.005659,0.027948,0.007361,0.007326
0.047051,0.047050,0.178149,0.091897,0.030938,0.246838,0.026790,0.026967,0.178210,0.126111
0.023246,0.023246,0.188495,0.307908,0.015857,0.070736,0.016304,0.015790,0.188067,0.150351
0.248083,0.248074,0.059719,0.038084,0.175292,0.039913,0.033742,0.056211,0.059762,0.041120
0.057523,0.057523,0.201675,0.191765,0.042420,0.087807,0.014111,0.021814,0.201568,0.123795
0.031250,0.031250,0.229861,0.221175,0.018094,0.085439,0.012101,0.017671,0.229354,0.123805
0.002169,0.002169,0.002634,0.001517,0.000999,0.001287,0.983847,0.000957,0.002636,0.001785
0.335288,0.335253,0.039523,0.024320,0.069124,0.026216,0.015610,0.083111,0.039550,0.032004
0.041566,0.041565,0.211065,0.186095,0.025318,0.088064,0.020466,0.024925,0.211266,0.149670
0.022597,0.022597,0.009804,0.006837,0.193008,0.006829,0.705976,0.014264,0.009810,0.008279
0.155544,0.155544,0.086302,0.062191,0.193424,0.058186,0.068630,0.068960,0.086355,0.064864
0.042647,0.042650,0.007698,0.005941,0.824457,0.006742,0.007564,0.048021,0.007701,0.006578
0.017165,0.017165,0.199984,0.265418,0.012189,0.076356,0.026063,0.010665,0.199708,0.175288
0.042229,0.042227,0.234845,0.195827,0.017201,0.050596,0.014157,0.014783,0.234605,0.153529
0.089406,0.089406,0.032786,0.027352,0.090066,0.025468,0.033773,0.549912,0.032796,0.029036
0.013308,0.013307,0.012766,0.006941,0.006436,0.005628,0.916071,0.005158,0.012782,0.007603
0.069158,0.069156,0.187427,0.193671,0.047342,0.059435,0.021123,0.027259,0.187108,0.138323
0.026992,0.026991,0.252314,0.199200,0.015963,0.088320,0.010525,0.011872,0.252058,0.115766
0.034240,0.034239,0.041019,0.030253,0.020060,0.026449,0.721752,0.021921,0.041042,0.029026
0.042897,0.042896,0.204869,0.203988,0.028737,0.096562,0.020061,0.022759,0.204831,0.132401
0.024344,0.024344,0.285058,0.152518,0.014334,0.068797,0.012033,0.012626,0.286123,0.119822
0.005769,0.005769,0.182336,0.192304,0.004306,0.271708,0.004275,0.004078,0.181639,0.147816
0.018270,0.018269,0.267405,0.166720,0.009317,0.045757,0.024314,0.007955,0.268242,0.173750
0.207102,0.207099,0.080151,0.057322,0.123522,0.064426,0.046968,0.070708,0.080197,0.062505
0.034627,0.034626,0.098065,0.062675,0.030078,0.516667,0.020447,0.022574,0.098037,0.082203
0.201635,0.201657,0.015643,0.011931,0.470966,0.012056,0.009843,0.047022,0.015650,0.013598
0.126151,0.126150,0.032071,0.021506,0.441810,0.023660,0.018601,0.148553,0.032081,0.029417
0.026822,0.026822,0.098209,0.056854,0.022299,0.395506,0.150252,0.018386,0.098187,0.106662
0.235654,0.235651,0.064837,0.039577,0.179127,0.037627,0.025829,0.056488,0.064880,0.060330
0.090692,0.090696,0.021524,0.014454,0.614311,0.016877,0.032343,0.080758,0.021538,0.016806
0.116741,0.116743,0.049094,0.040320,0.141113,0.040315,0.036300,0.369544,0.049109,0.040721
0.030151,0.030150,0.058660,0.021686,0.009889,0.724983,0.003422,0.006033,0.058687,0.056340
0.130029,0.130029,0.077390,0.064612,0.154864,0.067818,0.056894,0.163682,0.077414,0.077268
0.046586,0.046585,0.037275,0.026975,0.027028,0.024152,0.693383,0.032639,0.037291,0.028086
0.278730,0.278730,0.035213,0.017754,0.251682,0.023210,0.020026,0.034690,0.035253,0.024712
0.170703,0.170713,0.031676,0.021730,0.350377,0.024817,0.022141,0.148991,0.031696,0.027156
0.227506,0.227505,0.071439,0.043987,0.160561,0.045853,0.026038,0.062046,0.071494,0.063570
0.096531,0.096535,0.017890,0.012993,0.620514,0.013171,0.027728,0.082519,0.017900,0.014220
0.263098,0.263104,0.041476,0.028558,0.199143,0.030287,0.030250,0.070617,0.041505,0.031961
0.258157,0.258174,0.014077,0.008196,0.392812,0.010687,0.005936,0.026968,0.014087,0.010905
0.088122,0.088129,0.007789,0.005546,0.764663,0.005319,0.005114,0.021345,0.007794,0.006178
0.076129,0.076133,0.013549,0.009975,0.753522,0.010614,0.009150,0.026426,0.013555,0.010947
0.100003,0.100007,0.010579,0.007023,0.587503,0.007471,0.012176,0.155882,0.010586,0.008770
0.033778,0.033780,0.003184,0.002256,0.900389,0.002428,0.002212,0.016305,0.003185,0.002481
0.173523,0.173528,0.013628,0.007753,0.565348,0.010084,0.007765,0.023806,0.013639,0.010926
0.242804,0.242812,0.042041,0.026820,0.280420,0.024000,0.021522,0.050043,0.042071,0.027468
0.053914,0.053913,0.155583,0.107146,0.038641,0.095535,0.213802,0.036943,0.155669,0.088855
0.134378,0.134384,0.015029,0.010262,0.632347,0.010531,0.007463,0.029083,0.015039,0.011484
0.074415,0.074415,0.090651,0.045949,0.435553,0.053529,0.029957,0.037134,0.090680,0.067718
0.113352,0.113351,0.129367,0.083117,0.074254,0.089728,0.044688,0.066522,0.129471,0.156151
0.067214,0.067213,0.137173,0.126160,0.051823,0.093177,0.143945,0.045513,0.137168,0.130614
0.179249,0.179245,0.112948,0.068345,0.083646,0.080043,0.036337,0.049533,0.113021,0.097633
0.104369,0.104366,0.162101,0.082969,0.049471,0.105284,0.030303,0.038791,0.162132,0.160215
0.058722,0.058721,0.131058,0.126259,0.040560,0.065811,0.214055,0.032400,0.130896,0.141518
0.018713,0.018713,0.045847,0.032356,0.020864,0.025418,0.750403,0.011450,0.045849,0.030386
0.037313,0.037312,0.217262,0.119371,0.023751,0.106677,0.030375,0.021255,0.217319,0.189366
0.162151,0.162151,0.099601,0.067569,0.108419,0.075980,0.053843,0.093880,0.099652,0.076755
0.016649,0.016649,0.276672,0.185864,0.009410,0.081574,0.026080,0.008215,0.276385,0.102503
0.024503,0.024502,0.236012,0.188228,0.017371,0.064387,0.016465,0.017253,0.236861,0.174417
0.053224,0.053223,0.205733,0.138010,0.023808,0.099094,0.015751,0.017785,0.205710,0.187662
0.055323,0.055323,0.123937,0.117737,0.045417,0.085086,0.257233,0.047430,0.123951,0.088563
0.076448,0.076447,0.156474,0.138770,0.175478,0.067372,0.030424,0.035897,0.156473,0.086217
0.023234,0.023233,0.147179,0.424601,0.016487,0.055192,0.019691,0.016190,0.147058,0.127136
0.060078,0.060079,0.014561,0.010467,0.119345,0.012132,0.010709,0.685729,0.014568,0.012332
0.032198,0.032198,0.247506,0.133986,0.017603,0.071794,0.013562,0.013343,0.248103,0.189707
0.082048,0.082044,0.173805,0.132525,0.039704,0.113117,0.041041,0.036871,0.173880,0.124964
0.015108,0.015107,0.150547,0.519979,0.009620,0.036900,0.007138,0.007402,0.150274,0.087925
0.016844,0.016844,0.122115,0.547133,0.014053,0.041478,0.013064,0.016179,0.121916,0.090375
0.013444,0.013443,0.175643,0.384771,0.009865,0.058800,0.008247,0.010125,0.175142,0.150520
0.032279,0.032278,0.223298,0.141693,0.017006,0.180900,0.013707,0.015044,0.223988,0.119807
0.069567,0.069566,0.163942,0.100256,0.050678,0.176703,0.048590,0.048898,0.164040,0.107760
0.056222,0.056222,0.182899,0.132159,0.039351,0.124525,0.027589,0.030763,0.182811,0.167460
0.072400,0.072398,0.191570,0.166131,0.036052,0.087674,0.032817,0.030780,0.191379,0.118799
0.043759,0.043757,0.220811,0.274510,0.018629,0.044178,0.014370,0.015635,0.221584,0.102766
0.044291,0.044291,0.197893,0.166562,0.162937,0.048622,0.010049,0.019938,0.197639,0.107777
0.059567,0.059565,0.225113,0.152212,0.034772,0.072806,0.015688,0.023288,0.224871,0.132118
0.078616,0.078615,0.132951,0.109239,0.067773,0.134697,0.045999,0.056142,0.132945,0.163022
0.012247,0.012246,0.257525,0.194858,0.005993,0.126887,0.005445,0.005510,0.256829,0.122460
0.046846,0.046845,0.209461,0.181128,0.027413,0.065298,0.031352,0.029776,0.209389,0.152492
0.013530,0.013530,0.157282,0.513346,0.009354,0.040762,0.011079,0.009842,0.157051,0.074225
0.080118,0.080115,0.178043,0.088556,0.038197,0.148228,0.039326,0.042072,0.178132,0.127213
0.083781,0.083784,0.031751,0.019418,0.661903,0.019156,0.016942,0.026853,0.031778,0.024634
0.008597,0.008597,0.029106,0.013959,0.005099,0.872038,0.003854,0.004633,0.029122,0.024994
0.024023,0.024022,0.229338,0.211253,0.017822,0.087132,0.025617,0.018424,0.228895,0.133474
0.134747,0.134745,0.159976,0.085578,0.063926,0.090486,0.031539,0.048424,0.160141,0.090438
0.129852,0.129850,0.032826,0.019358,0.059547,0.020508,0.017089,0.534808,0.032860,0.023302
0.062405,0.062403,0.198289,0.131272,0.032558,0.115071,0.038266,0.037431,0.198242,0.124061
0.017327,0.017327,0.272032,0.172584,0.011577,0.088071,0.012478,0.010976,0.271465,0.126162
0.022582,0.022582,0.277735,0.097144,0.011559,0.061149,0.013858,0.009782,0.279153,0.204457
0.045111,0.045110,0.127700,0.065813,0.028312,0.372541,0.023484,0.029570,0.127706,0.134654
0.342418,0.342441,0.027902,0.017412,0.136572,0.016233,0.012082,0.056385,0.027926,0.020629
0.062267,0.062265,0.203653,0.143558,0.030453,0.090106,0.027897,0.025216,0.203667,0.150919
0.228235,0.228236,0.046375,0.029106,0.106759,0.033651,0.023940,0.221041,0.046412,0.036245
0.193177,0.193189,0.014198,0.009131,0.489862,0.011416,0.031045,0.031404,0.014207,0.012371
0.032215,0.032214,0.161519,0.342021,0.024373,0.066019,0.059965,0.025236,0.161420,0.095017
0.066443,0.066441,0.208192,0.106216,0.045001,0.098964,0.056692,0.037069,0.208273,0.106710
0.095458,0.095457,0.029274,0.022119,0.149123,0.022610,0.019063,0.513358,0.029288,0.024249
0.011265,0.011264,0.056159,0.026355,0.005187,0.771859,0.009034,0.004603,0.056137,0.048137
0.076601,0.076600,0.181043,0.183612,0.049456,0.063750,0.024459,0.028421,0.180940,0.135117
0.017084,0.017084,0.223879,0.290269,0.009618,0.029874,0.041725,0.008788,0.223664,0.138015
0.003759,0.003759,0.211566,0.164682,0.002301,0.257273,0.002225,0.002120,0.210668,0.141647
0.288045,0.288053,0.024028,0.014708,0.263326,0.015373,0.010048,0.035025,0.024045,0.037350
0.100000,0.100000,0.100000,0.100000,0.100000,0.100000,0.100000,0.100000,0.100000,0.100000
0.055162,0.055163,0.045365,0.038353,0.395362,0.034361,0.235620,0.047034,0.045359,0.048221
0.039554,0.039552,0.194863,0.133290,0.019557,0.164380,0.014823,0.017226,0.194909,0.181846
0.006248,0.006248,0.067448,0.040518,0.004363,0.755790,0.004371,0.004128,0.067397,0.043489
0.020211,0.020211,0.313130,0.071046,0.008879,0.058703,0.008016,0.007851,0.315130,0.176823
0.212457,0.212455,0.055379,0.041441,0.222090,0.049144,0.035837,0.065436,0.055392,0.050369
0.121255,0.121255,0.082878,0.071292,0.130927,0.071371,0.059086,0.188368,0.082890,0.070680
0.187629,0.187656,0.006722,0.003945,0.562809,0.004466,0.008534,0.026581,0.006728,0.004931
0.410410,0.410410,0.020135,0.009843,0.077002,0.011777,0.007867,0.018888,0.020161,0.013505
0.342233,0.342233,0.042201,0.022789,0.095518,0.026458,0.012667,0.034835,0.042250,0.038815
0.072776,0.072784,0.004242,0.003001,0.814823,0.003227,0.003337,0.018151,0.004244,0.003415
0.087997,0.088000,0.029300,0.015884,0.106029,0.235704,0.009281,0.374284,0.029313,0.024209
0.045741,0.045739,0.052803,0.029871,0.025404,0.627396,0.009576,0.068965,0.052826,0.041678
0.052752,0.052751,0.056869,0.033413,0.043614,0.552600,0.012932,0.097212,0.056887,0.040969
0.105022,0.105026,0.012662,0.008336,0.518885,0.009534,0.027390,0.189260,0.012668,0.011218
0.081856,0.081854,0.048666,0.033761,0.588756,0.028106,0.023443,0.033786,0.048696,0.031077
0.241548,0.241553,0.040869,0.026540,0.170652,0.038153,0.094318,0.069190,0.040897,0.036280
0.096876,0.096880,0.016996,0.009210,0.699386,0.011707,0.006282,0.030839,0.017012,0.014812
0.342405,0.342416,0.024131,0.013696,0.155489,0.016391,0.009487,0.052012,0.024153,0.019820
0.115346,0.115343,0.126824,0.104552,0.063092,0.070706,0.101207,0.092153,0.126844,0.083933
0.109007,0.109004,0.089874,0.069010,0.082694,0.060611,0.161761,0.167212,0.089915,0.060911
0.138299,0.138295,0.103825,0.079229,0.073228,0.069790,0.089576,0.126759,0.103873,0.077127
0.196026,0.196028,0.034884,0.022606,0.250718,0.028014,0.016511,0.190666,0.034899,0.029648
0.150121,0.150118,0.091812,0.068839,0.090806,0.068646,0.079672,0.130374,0.091840,0.077772
0.104584,0.104580,0.150957,0.111401,0.055041,0.102433,0.037839,0.056136,0.150992,0.126037
0.095246,0.095245,0.127449,0.115932,0.077447,0.103046,0.059299,0.101309,0.127432,0.097595
0.209139,0.209143,0.068269,0.047436,0.158485,0.049144,0.041468,0.087971,0.068316,0.060629
0.241676,0.241675,0.058071,0.042085,0.144238,0.048652,0.033751,0.083205,0.058094,0.048555
0.251068,0.251064,0.083538,0.050040,0.091335,0.043467,0.025695,0.064797,0.083579,0.055417
0.241673,0.241668,0.012303,0.007524,0.189140,0.009693,0.007235,0.267475,0.012312,0.010977
0.043947,0.043948,0.006225,0.004441,0.033041,0.005287,0.004382,0.847558,0.006229,0.004943
0.229116,0.229109,0.048560,0.031637,0.116357,0.045900,0.025918,0.186370,0.048594,0.038440
