0.035878,0.044817,0.035865,0.176719,0.044573,0.029614,0.308556,0.108857,0.038406,0.176714
0.005730,0.007666,0.006384,0.071779,0.007626,0.005674,0.049165,0.767939,0.006254,0.071782
0.017566,0.025238,0.021959,0.272534,0.025049,0.016495,0.084785,0.242942,0.020888,0.272543
0.111079,0.107416,0.080065,0.072200,0.108245,0.070300,0.062373,0.065030,0.251091,0.072200
0.111079,0.107416,0.080065,0.072200,0.108245,0.070300,0.062373,0.065030,0.251091,0.072200
0.143071,0.173268,0.148804,0.011845,0.179625,0.004695,0.005347,0.005038,0.316461,0.011845
0.171983,0.188763,0.228035,0.014311,0.189134,0.007761,0.007261,0.007395,0.171046,0.014311
0.100000,0.100000,0.100000,0.100000,0.100000,0.100000,0.100000,0.100000,0.100000,0.100000
0.275768,0.200025,0.045504,0.024968,0.205156,0.013220,0.011151,0.012384,0.186854,0.024968
0.100000,0.100000,0.100000,0.100000,0.100000,0.100000,0.100000,0.100000,0.100000,0.100000
0.162786,0.171453,0.240753,0.015811,0.176643,0.007110,0.008811,0.009095,0.191726,0.015811
0.100000,0.100000,0.100000,0.100000,0.100000,0.100000,0.100000,0.100000,0.100000,0.100000
0.041421,0.054540,0.043939,0.178944,0.054155,0.069862,0.129735,0.201681,0.046779,0.178944
0.011798,0.018616,0.012358,0.271088,0.018395,0.009127,0.137818,0.234540,0.015163,0.271097
0.278910,0.147171,0.079918,0.021359,0.149836,0.018049,0.017195,0.017574,0.248630,0.021359
0.040363,0.061982,0.533415,0.077726,0.061926,0.017943,0.031894,0.044047,0.052978,0.077725
0.043394,0.088291,0.586537,0.033062,0.086556,0.017221,0.020569,0.021554,0.069754,0.033062
0.020604,0.030641,0.022958,0.273077,0.030363,0.102739,0.126144,0.091914,0.028492,0.273068
0.219173,0.203441,0.062770,0.009288,0.210086,0.004583,0.004534,0.004898,0.271939,0.009288
0.009224,0.017811,0.008658,0.412513,0.017559,0.003319,0.018511,0.084861,0.015027,0.412516
0.081991,0.097386,0.082733,0.101784,0.096837,0.156474,0.104389,0.087434,0.089189,0.101784
0.032698,0.057091,0.044888,0.259694,0.056436,0.034117,0.069294,0.134547,0.051542,0.259694
0.310162,0.178733,0.082742,0.021018,0.182099,0.016141,0.016924,0.016587,0.154578,0.021017
0.478764,0.135680,0.049104,0.016270,0.140141,0.007271,0.008974,0.010148,0.137378,0.016270
0.379052,0.152727,0.086010,0.029270,0.156260,0.025580,0.027671,0.026845,0.087317,0.029269
0.077015,0.093173,0.069083,0.146858,0.092829,0.048520,0.135578,0.115810,0.074275,0.146859
0.263492,0.200008,0.076213,0.016817,0.204977,0.013132,0.012735,0.013064,0.182746,0.016817
0.080999,0.098434,0.073475,0.193653,0.097803,0.048999,0.063459,0.077616,0.071914,0.193648
0.103302,0.124346,0.134889,0.103726,0.124541,0.036139,0.054375,0.061267,0.153688,0.103726
0.035735,0.058776,0.033450,0.307391,0.058147,0.040968,0.035448,0.085133,0.037560,0.307392
0.002841,0.004828,0.003721,0.112740,0.004765,0.002830,0.051241,0.700893,0.003393,0.112748
0.010863,0.015050,0.016878,0.089046,0.014963,0.011978,0.093597,0.645555,0.013017,0.089053
0.264658,0.221912,0.076367,0.014023,0.228085,0.011444,0.010820,0.011329,0.147337,0.014023
0.021568,0.043012,0.034005,0.329070,0.042515,0.013264,0.038989,0.112397,0.036109,0.329070
0.000001,0.000002,0.000001,0.000002,0.000002,0.999988,0.000001,0.000001,0.000001,0.000002
0.208273,0.240635,0.056511,0.027014,0.244106,0.013486,0.010190,0.012120,0.160652,0.027013
0.255183,0.206657,0.111705,0.025892,0.211355,0.013733,0.012902,0.014319,0.122364,0.025892
0.068358,0.135434,0.460432,0.023451,0.136292,0.009167,0.008561,0.011123,0.123733,0.023450
0.007200,0.012514,0.009041,0.348193,0.012368,0.006493,0.095730,0.149636,0.010614,0.348211
0.176166,0.206294,0.063978,0.073343,0.207591,0.020365,0.019555,0.025455,0.133910,0.073341
0.053373,0.117178,0.034631,0.010421,0.112972,0.004515,0.004990,0.005566,0.645934,0.010421
0.012293,0.015089,0.010814,0.012642,0.015031,0.890162,0.009730,0.009321,0.012278,0.012641
0.081873,0.172948,0.060424,0.170788,0.164415,0.021031,0.028454,0.045312,0.083973,0.170783
0.079823,0.152896,0.421075,0.016470,0.154864,0.005355,0.006173,0.006879,0.139994,0.016470
0.223178,0.193555,0.097866,0.038421,0.194628,0.031007,0.026700,0.025643,0.130581,0.038421
0.337272,0.199080,0.055544,0.016252,0.204589,0.010421,0.009825,0.011278,0.139487,0.016252
0.104358,0.190908,0.089442,0.086468,0.186207,0.027599,0.034957,0.044453,0.149143,0.086467
0.373103,0.183867,0.083275,0.019715,0.187986,0.018693,0.010719,0.011962,0.090965,0.019715
0.062520,0.088371,0.061196,0.157269,0.088334,0.027544,0.103361,0.177678,0.076455,0.157273
0.486465,0.155005,0.087109,0.009602,0.160115,0.005623,0.004021,0.004934,0.077524,0.009602
0.359544,0.210235,0.080689,0.009445,0.214729,0.003272,0.003469,0.004077,0.105095,0.009445
0.036245,0.063758,0.044232,0.266876,0.063000,0.022107,0.093334,0.095483,0.048093,0.266871
0.016355,0.031363,0.272464,0.071318,0.031288,0.007904,0.420079,0.048966,0.028943,0.071319
0.086519,0.132521,0.104917,0.109491,0.130851,0.051877,0.082779,0.066282,0.125273,0.109490
0.188938,0.199611,0.124934,0.037773,0.201191,0.031520,0.026798,0.031515,0.119948,0.037772
0.162096,0.216872,0.075882,0.043394,0.217667,0.017257,0.024264,0.023038,0.176138,0.043393
0.377886,0.183784,0.047459,0.020810,0.188272,0.010640,0.009160,0.010677,0.130502,0.020810
0.013522,0.017332,0.015080,0.112956,0.017218,0.013585,0.584179,0.098621,0.014549,0.112958
0.092578,0.109993,0.107634,0.104172,0.109635,0.089577,0.086742,0.093693,0.101803,0.104172
0.066482,0.094899,0.071015,0.142170,0.094068,0.123193,0.097904,0.092377,0.075723,0.142169
0.036377,0.050851,0.032485,0.240633,0.050556,0.019904,0.065735,0.229276,0.033542,0.240641
0.097847,0.294753,0.048252,0.024600,0.283033,0.009342,0.008947,0.010903,0.197723,0.024599
0.368942,0.219661,0.040155,0.015886,0.225058,0.007287,0.006327,0.007364,0.093434,0.015886
0.013440,0.019997,0.016764,0.073217,0.019838,0.013062,0.092272,0.662713,0.015477,0.073219
0.077555,0.092504,0.076498,0.163533,0.092234,0.054913,0.091542,0.109271,0.078418,0.163533
0.070477,0.098376,0.064225,0.150816,0.097372,0.112318,0.086975,0.089098,0.079528,0.150815
0.010423,0.015767,0.011654,0.275421,0.015619,0.007278,0.081139,0.294669,0.012590,0.275440
0.035815,0.051197,0.055099,0.268943,0.050991,0.020793,0.055668,0.156377,0.036161,0.268954
0.018858,0.027045,0.017267,0.314307,0.026851,0.010957,0.088976,0.161161,0.020258,0.314321
0.031450,0.054972,0.035898,0.288606,0.054366,0.082542,0.050739,0.075005,0.037830,0.288593
0.057400,0.078429,0.056483,0.055168,0.077937,0.476284,0.041551,0.046593,0.054987,0.055168
0.087587,0.136741,0.350087,0.047593,0.137787,0.008937,0.015860,0.020843,0.146971,0.047593
0.034255,0.051963,0.032508,0.259407,0.051386,0.083496,0.058060,0.130723,0.038795,0.259408
0.493350,0.159310,0.045143,0.010529,0.165349,0.005898,0.006172,0.007050,0.096670,0.010529
0.249042,0.189783,0.074260,0.034248,0.191119,0.027335,0.020821,0.023035,0.156110,0.034247
0.348194,0.184624,0.062811,0.024573,0.188827,0.016882,0.014767,0.015457,0.119292,0.024572
0.187077,0.205468,0.047924,0.016768,0.210837,0.012345,0.008622,0.008672,0.285519,0.016768
0.183595,0.189503,0.080219,0.036785,0.189819,0.042088,0.020243,0.023555,0.197408,0.036785
0.491430,0.124431,0.054189,0.017159,0.127477,0.011306,0.011168,0.011066,0.134614,0.017159
0.394630,0.141682,0.055955,0.024699,0.145574,0.014226,0.016721,0.016526,0.165289,0.024698
0.027688,0.041558,0.027094,0.303066,0.041146,0.022777,0.047689,0.154071,0.031839,0.303071
0.044872,0.099526,0.559728,0.029056,0.099207,0.024800,0.013752,0.015112,0.084891,0.029056
0.307860,0.194659,0.121335,0.007496,0.200161,0.012453,0.004907,0.005162,0.138471,0.007496
0.690388,0.092834,0.049997,0.006252,0.094758,0.003924,0.004023,0.004141,0.047432,0.006252
0.025072,0.042792,0.028766,0.329030,0.042342,0.017020,0.048201,0.105998,0.031749,0.329030
0.049377,0.116849,0.548398,0.020067,0.115806,0.006834,0.009297,0.010902,0.102403,0.020067
0.048747,0.153660,0.477460,0.012017,0.153499,0.003019,0.003820,0.004444,0.131317,0.012017
0.242509,0.218280,0.049174,0.024259,0.222808,0.007838,0.008597,0.009710,0.192565,0.024258
0.480748,0.154963,0.043581,0.013247,0.159454,0.006558,0.006982,0.007366,0.113855,0.013247
0.110062,0.246789,0.066281,0.035851,0.245097,0.018384,0.016982,0.019589,0.205115,0.035851
0.171643,0.201392,0.096400,0.029362,0.205131,0.027368,0.022544,0.023194,0.193603,0.029362
0.105970,0.255089,0.143412,0.015571,0.256962,0.012132,0.007686,0.007299,0.180308,0.015571
0.567285,0.142884,0.035144,0.010155,0.148864,0.004815,0.004797,0.006356,0.069546,0.010155
0.139179,0.208379,0.103828,0.044472,0.209959,0.022213,0.020272,0.026503,0.180725,0.044471
0.185328,0.230537,0.081608,0.025509,0.235343,0.017556,0.016496,0.017322,0.164793,0.025509
0.281196,0.196613,0.073826,0.017517,0.203183,0.016373,0.013485,0.013852,0.166439,0.017517
0.640710,0.103892,0.030852,0.005564,0.109171,0.004583,0.004435,0.004377,0.090849,0.005564
0.261430,0.179348,0.070264,0.023247,0.183549,0.016219,0.016191,0.016917,0.209588,0.023247
0.525564,0.124856,0.048213,0.009484,0.130877,0.006339,0.008827,0.007862,0.128494,0.009484
0.707088,0.102187,0.019195,0.004185,0.106212,0.001967,0.002081,0.002347,0.050553,0.004185
0.116746,0.237693,0.148295,0.011748,0.242947,0.003778,0.005143,0.005356,0.216547,0.011747
0.173745,0.175140,0.136098,0.050676,0.177779,0.027579,0.026427,0.025117,0.156763,0.050675
0.203696,0.224938,0.065109,0.038699,0.221048,0.020945,0.019305,0.021630,0.145931,0.038699
0.130341,0.250241,0.184777,0.008206,0.256033,0.002704,0.003157,0.003634,0.152700,0.008206
0.261575,0.206778,0.065401,0.031484,0.205975,0.015586,0.015289,0.019123,0.147307,0.031484
0.232190,0.198698,0.077101,0.048631,0.201725,0.025337,0.021721,0.024908,0.121059,0.048630
0.092401,0.141919,0.439706,0.023777,0.142932,0.015771,0.012603,0.013713,0.093402,0.023777
0.245804,0.230371,0.065164,0.021414,0.223987,0.012201,0.012423,0.015446,0.151776,0.021414
0.155288,0.214897,0.049682,0.035571,0.214100,0.113487,0.024596,0.021513,0.135296,0.035570
0.342386,0.202836,0.054836,0.020320,0.206653,0.011604,0.011722,0.013154,0.116170,0.020320
0.335024,0.195670,0.064296,0.023092,0.200600,0.010658,0.012568,0.013339,0.121661,0.023091
0.203993,0.175795,0.064360,0.072532,0.179233,0.021935,0.035826,0.038017,0.135778,0.072531
0.084780,0.169284,0.394640,0.015522,0.166044,0.007642,0.008999,0.009768,0.127799,0.015521
0.349576,0.219244,0.042510,0.014741,0.226299,0.005131,0.005629,0.006438,0.115690,0.014741
0.009403,0.014233,0.008874,0.158515,0.014122,0.008130,0.280651,0.336684,0.010865,0.158523
0.034113,0.053167,0.038186,0.214143,0.052697,0.032911,0.062125,0.261085,0.037422,0.214151
0.007876,0.012518,0.010183,0.086111,0.012415,0.006037,0.348567,0.420547,0.009630,0.086115
0.002944,0.003960,0.003001,0.025031,0.003940,0.003359,0.261892,0.667793,0.003046,0.025032
0.034915,0.052978,0.041127,0.267321,0.052445,0.051890,0.066807,0.121753,0.043444,0.267319
0.014121,0.020915,0.017839,0.157615,0.020743,0.018603,0.318684,0.256257,0.017605,0.157620
0.053371,0.104247,0.563184,0.027797,0.104890,0.007713,0.011494,0.015213,0.084295,0.027796
0.101930,0.112852,0.092563,0.099880,0.112514,0.105180,0.089384,0.087400,0.098417,0.099880
0.251552,0.200866,0.054503,0.018867,0.206297,0.009919,0.010637,0.011752,0.216741,0.018867
0.338082,0.170790,0.057272,0.039699,0.173088,0.023708,0.023919,0.025307,0.108437,0.039699
0.100000,0.100000,0.100000,0.100000,0.100000,0.100000,0.100000,0.100000,0.100000,0.100000
0.036856,0.062291,0.039668,0.242627,0.061882,0.060253,0.078072,0.121967,0.053754,0.242630
0.039592,0.062326,0.049814,0.238047,0.061780,0.099502,0.048526,0.098454,0.063909,0.238049
0.018611,0.024914,0.021299,0.095954,0.024791,0.016424,0.537996,0.138027,0.026027,0.095958
0.025618,0.056039,0.063126,0.145927,0.055650,0.017587,0.190188,0.244020,0.055914,0.145930
0.022566,0.038152,0.024152,0.304173,0.037678,0.017952,0.065021,0.148833,0.037287,0.304186
0.036213,0.061128,0.038085,0.301558,0.060334,0.026770,0.043109,0.082674,0.048582,0.301548
0.573451,0.134706,0.030664,0.011127,0.139801,0.009522,0.007986,0.006993,0.074623,0.011127
0.147302,0.171284,0.044071,0.024331,0.172654,0.015943,0.007398,0.009016,0.383671,0.024331
0.102778,0.220282,0.067799,0.054700,0.212176,0.029439,0.024798,0.028306,0.205022,0.054698
0.038451,0.062536,0.050820,0.272939,0.062043,0.025637,0.048774,0.103667,0.062196,0.272938
0.102022,0.201114,0.074577,0.071006,0.195882,0.101175,0.020657,0.025950,0.136612,0.071005
0.047368,0.083916,0.042116,0.224346,0.082692,0.129993,0.044829,0.069379,0.051019,0.224342
0.142004,0.199466,0.096833,0.058995,0.194991,0.025422,0.036119,0.035311,0.151865,0.058994
0.063214,0.161426,0.047515,0.184548,0.155247,0.067096,0.024463,0.034123,0.077829,0.184539
0.152492,0.210856,0.088522,0.039223,0.204670,0.035001,0.033091,0.033607,0.163314,0.039223
0.170221,0.201330,0.054044,0.061735,0.204067,0.012391,0.013038,0.022194,0.199245,0.061734
0.064186,0.172692,0.072104,0.016625,0.165207,0.011328,0.008683,0.009972,0.462578,0.016625
0.077691,0.156599,0.410109,0.032153,0.157148,0.009152,0.011132,0.014063,0.099799,0.032153
0.425938,0.184150,0.036095,0.016996,0.188424,0.012963,0.009562,0.010081,0.098796,0.016995
0.073458,0.159198,0.368416,0.025206,0.160758,0.010110,0.010308,0.011828,0.155510,0.025206
0.092534,0.199277,0.082025,0.111726,0.191162,0.029207,0.043277,0.041474,0.097595,0.111722
0.095501,0.230806,0.064842,0.106164,0.220140,0.017204,0.020594,0.030909,0.107679,0.106161
0.230725,0.168069,0.080311,0.060602,0.169192,0.056145,0.040274,0.042115,0.091964,0.060601
0.189652,0.165864,0.229528,0.029201,0.167729,0.026035,0.024166,0.024887,0.113738,0.029201
0.064314,0.102297,0.509375,0.017173,0.103041,0.015477,0.012117,0.011827,0.147206,0.017173
0.134292,0.185588,0.119602,0.044824,0.185263,0.029409,0.031422,0.030678,0.194099,0.044824
0.042713,0.075376,0.483032,0.084777,0.074854,0.024962,0.035200,0.036163,0.058150,0.084775
0.492934,0.164740,0.047781,0.009054,0.169505,0.007429,0.005164,0.005924,0.088415,0.009054
0.033871,0.055760,0.039237,0.339312,0.055356,0.012650,0.033397,0.058202,0.032909,0.339307
0.089337,0.173329,0.052611,0.135856,0.174241,0.022073,0.028348,0.042688,0.145666,0.135851
0.080675,0.209606,0.298239,0.016671,0.203235,0.005319,0.006985,0.007748,0.154852,0.016670
0.146161,0.183940,0.116083,0.054563,0.183616,0.052495,0.045026,0.043692,0.119860,0.054563
0.019956,0.027460,0.888699,0.004214,0.027627,0.002537,0.002959,0.002805,0.019528,0.004214
0.117731,0.175695,0.152332,0.039514,0.175601,0.025141,0.028874,0.031136,0.214460,0.039514
0.659925,0.099434,0.047925,0.005538,0.102136,0.003805,0.003795,0.003904,0.068000,0.005538
0.160042,0.214573,0.064390,0.050443,0.217390,0.013288,0.017970,0.021454,0.190010,0.050442
0.089495,0.152441,0.417960,0.021128,0.152914,0.007615,0.009887,0.010721,0.116712,0.021128
0.042539,0.088730,0.634445,0.012064,0.089664,0.004192,0.005708,0.006356,0.104239,0.012064
0.272919,0.200242,0.080848,0.034208,0.202231,0.024742,0.024867,0.026848,0.098888,0.034208
0.138161,0.219998,0.114692,0.056938,0.219069,0.022059,0.023903,0.028322,0.119921,0.056937
0.134292,0.185588,0.119602,0.044824,0.185263,0.029409,0.031422,0.030678,0.194099,0.044824
0.179747,0.229178,0.094681,0.039694,0.227718,0.036731,0.019732,0.021733,0.111093,0.039693
0.006165,0.010500,0.006357,0.088008,0.010379,0.005340,0.024508,0.752343,0.008388,0.088013
0.009085,0.015892,0.010529,0.194485,0.015700,0.006619,0.061339,0.479245,0.012609,0.194495
0.016933,0.026667,0.020876,0.268933,0.026444,0.011699,0.271794,0.066675,0.021061,0.268918
0.329010,0.209207,0.048197,0.013157,0.211974,0.007472,0.005849,0.006871,0.155107,0.013157
0.019414,0.019940,0.006021,0.001133,0.019714,0.000572,0.000651,0.000645,0.930779,0.001133
0.022816,0.031375,0.016391,0.318526,0.031250,0.008533,0.029858,0.196205,0.026504,0.318543
0.335243,0.189533,0.067758,0.030572,0.192118,0.020034,0.015189,0.016948,0.102036,0.030571
0.145435,0.170332,0.083557,0.034285,0.174324,0.019587,0.023260,0.025004,0.289931,0.034285
0.061565,0.108582,0.514377,0.027192,0.109357,0.009856,0.011700,0.015046,0.115134,0.027191
0.310039,0.132770,0.057441,0.011360,0.134971,0.009090,0.008301,0.008208,0.316460,0.011360
0.135054,0.183247,0.238457,0.032283,0.180448,0.029983,0.025314,0.024084,0.118847,0.032283
0.328639,0.206929,0.043488,0.033204,0.201890,0.007948,0.012122,0.013223,0.119354,0.033203
0.029375,0.065452,0.747556,0.005885,0.066788,0.002965,0.003251,0.003610,0.069232,0.005885
0.271175,0.197979,0.077803,0.042454,0.199251,0.030520,0.015458,0.020837,0.102070,0.042452
0.428875,0.161380,0.047183,0.013633,0.169916,0.007380,0.007031,0.007934,0.143034,0.013633
0.322261,0.204328,0.098821,0.013885,0.209499,0.007578,0.008227,0.008212,0.113304,0.013884
0.523289,0.120118,0.054961,0.017147,0.122164,0.011029,0.011353,0.012733,0.110061,0.017147
0.565118,0.122994,0.055991,0.015371,0.124692,0.009556,0.009781,0.011026,0.070101,0.015370
0.519042,0.132580,0.056146,0.017774,0.134285,0.014843,0.013197,0.013845,0.080514,0.017774
0.117345,0.180868,0.103259,0.055131,0.176729,0.037598,0.040351,0.039983,0.193606,0.055131
0.298516,0.196820,0.066076,0.023931,0.198633,0.015807,0.014891,0.016620,0.144775,0.023931
0.108688,0.185376,0.290032,0.020178,0.186793,0.008497,0.010858,0.011317,0.158084,0.020177
0.378563,0.163857,0.077486,0.034552,0.164410,0.020519,0.016804,0.019279,0.089979,0.034551
0.517107,0.137470,0.038587,0.018057,0.141764,0.010040,0.009650,0.010453,0.098814,0.018057
0.230130,0.201160,0.133999,0.033621,0.206695,0.010722,0.013819,0.016896,0.119336,0.033620
0.740719,0.086272,0.014904,0.002543,0.090843,0.001415,0.001388,0.001579,0.057794,0.002543
0.219173,0.203441,0.062770,0.009288,0.210086,0.004583,0.004534,0.004898,0.271939,0.009288
0.103302,0.124346,0.134889,0.103726,0.124541,0.036139,0.054375,0.061267,0.153688,0.103726
0.269264,0.186441,0.065383,0.017768,0.190603,0.012448,0.010116,0.011757,0.218452,0.017768
0.137620,0.272287,0.096304,0.028392,0.260629,0.017721,0.015028,0.016564,0.127063,0.028392
0.336848,0.175836,0.074129,0.025833,0.182699,0.016589,0.015980,0.018035,0.128219,0.025832
0.379052,0.152727,0.086010,0.029270,0.156260,0.025580,0.027671,0.026845,0.087317,0.029269
0.310162,0.178733,0.082742,0.021018,0.182099,0.016141,0.016924,0.016587,0.154578,0.021017
0.478764,0.135680,0.049104,0.016270,0.140141,0.007271,0.008974,0.010148,0.137378,0.016270
0.109951,0.202139,0.077660,0.071070,0.195844,0.062318,0.035976,0.039274,0.134699,0.071069
0.119301,0.213709,0.089798,0.056864,0.207097,0.099968,0.023085,0.027560,0.105756,0.056863
0.263492,0.200008,0.076213,0.016817,0.204977,0.013132,0.012735,0.013064,0.182746,0.016817
0.047364,0.138979,0.413739,0.061041,0.137406,0.015585,0.019305,0.029796,0.075744,0.061040
0.106296,0.211849,0.225527,0.023441,0.213846,0.007860,0.006747,0.008651,0.172340,0.023441
0.171275,0.150535,0.117775,0.072785,0.151936,0.035095,0.043299,0.059131,0.125384,0.072785
0.051916,0.117757,0.168189,0.013991,0.118406,0.006577,0.007939,0.008413,0.492819,0.013991
0.264658,0.221912,0.076367,0.014023,0.228085,0.011444,0.010820,0.011329,0.147337,0.014023
0.387014,0.179265,0.039537,0.013734,0.183216,0.004461,0.006107,0.007024,0.165909,0.013734
0.378856,0.147629,0.063317,0.016662,0.153866,0.012963,0.012822,0.013292,0.183931,0.016662
0.117575,0.233800,0.100965,0.052986,0.234090,0.029729,0.026588,0.033730,0.117551,0.052986
0.066273,0.238060,0.123516,0.025489,0.226709,0.012457,0.009631,0.011358,0.261020,0.025488
0.636604,0.114223,0.026248,0.005877,0.119106,0.004770,0.003954,0.004147,0.079194,0.005877
0.068358,0.135434,0.460432,0.023451,0.136292,0.009167,0.008561,0.011123,0.123733,0.023450
0.264517,0.206125,0.050862,0.019829,0.202406,0.012425,0.011595,0.012923,0.199489,0.019828
0.255183,0.206657,0.111705,0.025892,0.211355,0.013733,0.012902,0.014319,0.122364,0.025892
0.044977,0.049633,0.769117,0.006299,0.050650,0.004756,0.004767,0.004313,0.059188,0.006299
0.283486,0.181233,0.063975,0.027513,0.183525,0.061243,0.019121,0.019387,0.133004,0.027513
0.496760,0.139140,0.035039,0.006195,0.147702,0.003714,0.003715,0.004116,0.157425,0.006195
0.553894,0.157770,0.026826,0.007159,0.162574,0.004428,0.003449,0.004038,0.072704,0.007159
0.175927,0.168490,0.266620,0.009958,0.172774,0.005577,0.005312,0.005585,0.179800,0.009958
0.176166,0.206294,0.063978,0.073343,0.207591,0.020365,0.019555,0.025455,0.133910,0.073341
0.248733,0.199567,0.046064,0.012552,0.205532,0.034814,0.008344,0.008528,0.223315,0.012551
0.292797,0.184472,0.087604,0.028947,0.187322,0.015967,0.016086,0.017016,0.140842,0.028947
0.140595,0.262064,0.056404,0.014638,0.256013,0.005292,0.005637,0.006665,0.238053,0.014638
0.176978,0.245150,0.073700,0.036388,0.242598,0.027881,0.019107,0.020822,0.120990,0.036387
0.521653,0.159155,0.031013,0.011022,0.162664,0.016188,0.006821,0.006706,0.073755,0.011022
0.153113,0.301889,0.069029,0.020700,0.288161,0.009185,0.009614,0.010998,0.116612,0.020700
0.337609,0.163435,0.063966,0.022465,0.173418,0.020481,0.019219,0.019535,0.157406,0.022465
0.085661,0.201547,0.064588,0.037262,0.200020,0.009565,0.011607,0.013788,0.338701,0.037261
0.125815,0.232329,0.102477,0.061563,0.225465,0.023435,0.026348,0.031343,0.109664,0.061561
0.133378,0.182998,0.140281,0.048484,0.184114,0.026140,0.031473,0.034412,0.170237,0.048484
0.397903,0.150042,0.061494,0.017585,0.156915,0.012848,0.013170,0.013249,0.159209,0.017584
0.415699,0.152770,0.060415,0.015070,0.159498,0.011149,0.011201,0.011288,0.147839,0.015070
0.307668,0.187658,0.080190,0.033728,0.188231,0.018905,0.019571,0.021195,0.109127,0.033728
0.208273,0.240635,0.056511,0.027014,0.244106,0.013486,0.010190,0.012120,0.160652,0.027013
0.434811,0.148537,0.066125,0.008916,0.151863,0.005896,0.006043,0.006149,0.162744,0.008916
0.038633,0.040253,0.800017,0.008216,0.040671,0.004687,0.005835,0.005603,0.047869,0.008216
0.085050,0.208126,0.294427,0.014405,0.204816,0.007474,0.010456,0.010370,0.150471,0.014405
0.085772,0.191134,0.073060,0.074345,0.184859,0.014141,0.023585,0.027822,0.250941,0.074343
0.043394,0.088291,0.586537,0.033062,0.086556,0.017221,0.020569,0.021554,0.069754,0.033062
0.107355,0.241073,0.124143,0.018071,0.241476,0.005537,0.006634,0.008559,0.229081,0.018070
0.130367,0.221897,0.107272,0.029387,0.221430,0.012024,0.012684,0.014741,0.220811,0.029387
0.440012,0.125775,0.048046,0.017248,0.128650,0.012670,0.012727,0.013082,0.184541,0.017248
0.163089,0.208734,0.091521,0.043133,0.204076,0.023497,0.025148,0.026295,0.171375,0.043132
0.086282,0.220858,0.113914,0.022545,0.212175,0.007213,0.012013,0.011482,0.290974,0.022545
0.469356,0.141461,0.062358,0.016835,0.145065,0.008288,0.012225,0.009630,0.117947,0.016835
0.094257,0.172924,0.186604,0.073798,0.173785,0.013812,0.017642,0.022750,0.170632,0.073795
0.064875,0.128646,0.029557,0.018359,0.130593,0.004873,0.005855,0.007568,0.591314,0.018359
0.072123,0.155437,0.427799,0.012169,0.158433,0.004093,0.005184,0.005299,0.147293,0.012169
0.205326,0.196208,0.063706,0.039940,0.202281,0.011148,0.012912,0.017095,0.211445,0.039939
0.192800,0.177070,0.040696,0.011511,0.183892,0.004339,0.005168,0.005875,0.367138,0.011511
0.066696,0.147903,0.113224,0.035148,0.149135,0.009964,0.010135,0.014074,0.418575,0.035147
0.458920,0.119906,0.063858,0.024692,0.122094,0.018599,0.025102,0.018472,0.123665,0.024692
0.354555,0.173677,0.052804,0.020027,0.177445,0.009873,0.012051,0.012011,0.167532,0.020026
0.109310,0.277081,0.063627,0.013539,0.264867,0.102610,0.007523,0.007784,0.140119,0.013539
0.158923,0.215382,0.198883,0.006491,0.224774,0.004110,0.004015,0.004187,0.176743,0.006491
0.169050,0.290199,0.057194,0.021223,0.282328,0.009871,0.010954,0.011641,0.126318,0.021223
0.165324,0.272473,0.039921,0.019360,0.257185,0.012846,0.009264,0.009960,0.194307,0.019360
0.077607,0.122745,0.044097,0.016314,0.122589,0.024474,0.009881,0.010468,0.555511,0.016314
0.272142,0.223473,0.074401,0.023505,0.216227,0.008743,0.014038,0.011516,0.132452,0.023504
0.191339,0.201422,0.088681,0.048800,0.204209,0.021232,0.022645,0.028333,0.144541,0.048799
0.597148,0.111982,0.077452,0.010555,0.114327,0.007690,0.008011,0.008180,0.054100,0.010555
0.110154,0.129391,0.081420,0.142250,0.130949,0.028055,0.045831,0.082847,0.106853,0.142248
0.338196,0.154948,0.063073,0.038907,0.160776,0.026246,0.034800,0.031703,0.112443,0.038907
0.595225,0.125106,0.061009,0.008571,0.128698,0.004672,0.006575,0.005595,0.055978,0.008571
0.152525,0.185225,0.074376,0.053909,0.182854,0.063301,0.034963,0.034392,0.164548,0.053908
0.463528,0.171245,0.050030,0.008768,0.177040,0.006573,0.006417,0.006574,0.101058,0.008768
0.125789,0.149896,0.162090,0.009028,0.154515,0.004005,0.004330,0.004927,0.376393,0.009028
0.410009,0.140176,0.059328,0.027944,0.142616,0.022148,0.026637,0.023812,0.119387,0.027944
0.279340,0.192910,0.079670,0.036613,0.198287,0.016286,0.018038,0.020282,0.121961,0.036612
0.077977,0.169764,0.300761,0.052145,0.168413,0.025384,0.024371,0.029589,0.099454,0.052144
0.014950,0.024393,0.907173,0.002957,0.024479,0.001207,0.001495,0.001730,0.018660,0.002957
0.014778,0.026771,0.890532,0.004273,0.026893,0.002220,0.003230,0.002393,0.024638,0.004273
0.437113,0.173275,0.053142,0.016021,0.179308,0.008497,0.008413,0.009622,0.098588,0.016021
0.176179,0.214457,0.082169,0.027648,0.217321,0.010239,0.012141,0.014368,0.217829,0.027648
0.130997,0.236066,0.078505,0.028891,0.237317,0.028750,0.016590,0.013459,0.200532,0.028891
0.276985,0.221763,0.070208,0.021112,0.221857,0.011053,0.011589,0.012314,0.132006,0.021112
0.459221,0.162227,0.046795,0.024610,0.165910,0.010599,0.009980,0.011919,0.084130,0.024609
0.153187,0.242204,0.086037,0.025435,0.246644,0.007535,0.009951,0.013478,0.190094,0.025435
0.071001,0.243757,0.095380,0.041744,0.234333,0.010595,0.014736,0.018627,0.228083,0.041743
0.114182,0.212336,0.057355,0.106390,0.201838,0.023738,0.027310,0.033916,0.116549,0.106387
0.139546,0.153491,0.077372,0.105386,0.153584,0.021134,0.030650,0.041018,0.172437,0.105383
0.175201,0.169440,0.119265,0.071021,0.170358,0.028829,0.035094,0.042361,0.117411,0.071020
0.159223,0.185118,0.075537,0.091964,0.185715,0.021390,0.032000,0.046460,0.110632,0.091961
0.150091,0.203283,0.284446,0.009172,0.208615,0.005321,0.005708,0.005734,0.118456,0.009172
0.679751,0.109988,0.020268,0.006250,0.113612,0.002887,0.002977,0.003793,0.054225,0.006250
0.550434,0.157367,0.025262,0.006309,0.162068,0.003111,0.003248,0.003468,0.082425,0.006309
0.482138,0.138568,0.064851,0.015846,0.141199,0.010904,0.011436,0.011491,0.107721,0.015846
0.165785,0.230084,0.088324,0.056005,0.234303,0.014426,0.019988,0.024237,0.110846,0.056003
0.322411,0.170909,0.081029,0.014583,0.171438,0.011251,0.011197,0.010913,0.191684,0.014583
0.198555,0.183234,0.070672,0.037279,0.180987,0.025993,0.026429,0.025116,0.214457,0.037279
0.008689,0.013763,0.005282,0.002913,0.013573,0.000940,0.001181,0.001441,0.949304,0.002913
0.194289,0.231439,0.056706,0.023161,0.224859,0.007527,0.009403,0.010567,0.218889,0.023160
0.136851,0.206214,0.072812,0.015969,0.200013,0.007371,0.006924,0.008251,0.329626,0.015969
0.205442,0.167106,0.128922,0.046797,0.171101,0.021261,0.029686,0.043307,0.139581,0.046797
0.120685,0.267277,0.055682,0.015224,0.266419,0.020062,0.006153,0.007271,0.226004,0.015224
0.089199,0.260405,0.108845,0.036224,0.254456,0.029473,0.022000,0.022947,0.140227,0.036224
0.064092,0.275813,0.081449,0.047264,0.265073,0.027222,0.021995,0.019092,0.150736,0.047263
0.256851,0.224896,0.067408,0.015285,0.229025,0.005332,0.006785,0.008197,0.170937,0.015285
0.176844,0.118860,0.031459,0.006268,0.118629,0.003748,0.003591,0.003706,0.530626,0.006268
0.076102,0.255898,0.070142,0.029098,0.241632,0.019662,0.016603,0.017835,0.243930,0.029097
0.259999,0.176927,0.099618,0.046544,0.180074,0.023438,0.026340,0.028944,0.111574,0.046543
0.254124,0.251218,0.047809,0.016370,0.244316,0.007315,0.007810,0.008636,0.146034,0.016369
0.088807,0.188824,0.385639,0.015533,0.189824,0.005203,0.005916,0.007089,0.097632,0.015532
0.030300,0.038793,0.015868,0.005246,0.038314,0.003541,0.002994,0.003063,0.856636,0.005246
0.318169,0.172292,0.064010,0.032810,0.175977,0.027538,0.034423,0.026845,0.115128,0.032810
0.214797,0.177188,0.249816,0.009263,0.182797,0.008228,0.007914,0.007563,0.133172,0.009263
0.073963,0.089601,0.579765,0.021596,0.090794,0.004771,0.008341,0.009105,0.100467,0.021596
0.111987,0.245233,0.180486,0.022947,0.246213,0.014829,0.008435,0.014719,0.132205,0.022946
0.616916,0.111563,0.037139,0.012365,0.113876,0.009165,0.008792,0.008191,0.069628,0.012365
0.209253,0.264643,0.037853,0.018448,0.268801,0.010590,0.007079,0.008203,0.156682,0.018448
0.337609,0.163435,0.063966,0.022465,0.173418,0.020481,0.019219,0.019535,0.157406,0.022465
0.237988,0.191349,0.099894,0.035342,0.191417,0.018572,0.015901,0.018391,0.155805,0.035341
0.302783,0.214138,0.060130,0.021442,0.218855,0.032544,0.012582,0.015362,0.100721,0.021442
0.141788,0.233347,0.074270,0.023808,0.239413,0.003936,0.006104,0.007317,0.246209,0.023807
0.075666,0.202878,0.193260,0.018658,0.199113,0.010104,0.011812,0.012618,0.257232,0.018658
0.137918,0.226024,0.152936,0.028235,0.224309,0.016547,0.019147,0.018178,0.148469,0.028235
0.004465,0.006692,0.013599,0.011359,0.006670,0.003347,0.924555,0.012074,0.005880,0.011359
0.124543,0.151008,0.088951,0.102117,0.148014,0.040091,0.083685,0.057439,0.102037,0.102115
0.049444,0.104819,0.037577,0.260478,0.103482,0.015848,0.032105,0.058062,0.077712,0.260474
0.209073,0.193231,0.129840,0.035843,0.194976,0.025662,0.025852,0.028539,0.121142,0.035843
0.523409,0.147146,0.039420,0.015603,0.151491,0.006069,0.008365,0.008122,0.084773,0.015603
0.078550,0.181179,0.314464,0.024119,0.179859,0.014061,0.014159,0.015124,0.154366,0.024118
0.236121,0.178699,0.074087,0.043867,0.181191,0.032781,0.035922,0.031061,0.142404,0.043867
0.044467,0.091362,0.587309,0.020493,0.092593,0.008179,0.006395,0.006542,0.122165,0.020493
0.150273,0.131483,0.319340,0.014024,0.135145,0.006408,0.007804,0.008325,0.213173,0.014024
0.079823,0.152896,0.421075,0.016470,0.154864,0.005355,0.006173,0.006879,0.139994,0.016470
0.017688,0.026709,0.022272,0.114042,0.026436,0.019332,0.533042,0.104791,0.021645,0.114044
0.214578,0.179010,0.145400,0.045552,0.181188,0.062736,0.019971,0.020628,0.085386,0.045551
0.223178,0.193555,0.097866,0.038421,0.194628,0.031007,0.026700,0.025643,0.130581,0.038421
0.572399,0.137105,0.027955,0.010074,0.141942,0.006755,0.005992,0.006156,0.081549,0.010073
0.160622,0.221911,0.083267,0.060093,0.221562,0.018641,0.018268,0.027537,0.128009,0.060091
0.075952,0.187523,0.137429,0.026920,0.182772,0.014468,0.013077,0.014024,0.320916,0.026920
0.193171,0.187692,0.098866,0.041650,0.184047,0.032483,0.038950,0.031572,0.149921,0.041649
0.053373,0.117178,0.034631,0.010421,0.112972,0.004515,0.004990,0.005566,0.645934,0.010421
0.141333,0.147719,0.086665,0.080665,0.147724,0.063917,0.069651,0.064343,0.117317,0.080665
0.160125,0.222533,0.123017,0.028401,0.224800,0.010848,0.013683,0.015527,0.172665,0.028401
0.200617,0.164999,0.132429,0.042774,0.167622,0.025320,0.040887,0.031284,0.151295,0.042774
0.064907,0.136447,0.153620,0.020841,0.136853,0.005575,0.008376,0.008839,0.443701,0.020841
0.220733,0.179656,0.077809,0.038132,0.182699,0.054629,0.026221,0.026290,0.155699,0.038132
0.189534,0.160819,0.086190,0.047783,0.163697,0.031503,0.024550,0.026999,0.221141,0.047782
0.062970,0.156269,0.314197,0.070874,0.154286,0.022017,0.031526,0.036926,0.080062,0.070873
0.303865,0.163159,0.234364,0.005320,0.169086,0.003896,0.003961,0.003793,0.107236,0.005320
0.364952,0.140876,0.226688,0.004480,0.146758,0.001825,0.002066,0.002345,0.105531,0.004480
0.275060,0.203793,0.069130,0.016336,0.208613,0.006966,0.007347,0.008754,0.187665,0.016335
0.337272,0.199080,0.055544,0.016252,0.204589,0.010421,0.009825,0.011278,0.139487,0.016252
0.538977,0.124938,0.047378,0.010077,0.127652,0.006262,0.006270,0.007005,0.121366,0.010076
0.151556,0.275007,0.076022,0.013808,0.277605,0.006643,0.006390,0.007034,0.172127,0.013807
0.030884,0.078701,0.737218,0.006023,0.076611,0.002178,0.002402,0.002559,0.057400,0.006023
0.202023,0.181524,0.118972,0.048124,0.181833,0.041556,0.033372,0.032483,0.111988,0.048123
0.392526,0.156556,0.055528,0.030666,0.157807,0.016805,0.018381,0.019648,0.121418,0.030665
0.493311,0.153756,0.068660,0.012396,0.156322,0.006665,0.007137,0.007939,0.081417,0.012396
0.624589,0.127667,0.021743,0.008459,0.132626,0.003503,0.004625,0.004600,0.063728,0.008459
0.201426,0.191875,0.172924,0.039768,0.193224,0.018435,0.020162,0.023494,0.098925,0.039768
0.539254,0.123997,0.058348,0.018681,0.125164,0.013578,0.013766,0.014431,0.074101,0.018681
0.069121,0.181340,0.237964,0.025433,0.183503,0.007355,0.009505,0.010344,0.250003,0.025432
0.012916,0.028125,0.047152,0.004858,0.028417,0.001163,0.001789,0.002037,0.868686,0.004858
0.588600,0.127964,0.047823,0.008702,0.130290,0.005205,0.005177,0.005817,0.071720,0.008702
0.244754,0.248122,0.031605,0.012731,0.249160,0.008537,0.007377,0.006931,0.178054,0.012730
0.248653,0.186110,0.056830,0.037918,0.191494,0.015387,0.018791,0.020868,0.186032,0.037918
0.063292,0.054297,0.759871,0.005425,0.055681,0.002770,0.003834,0.003941,0.045463,0.005425
0.077797,0.194591,0.084034,0.082205,0.188272,0.069826,0.032934,0.050221,0.137916,0.082205
0.081873,0.172948,0.060424,0.170788,0.164415,0.021031,0.028454,0.045312,0.083973,0.170783
0.048403,0.054491,0.763969,0.010927,0.055001,0.003359,0.005231,0.005780,0.041913,0.010927
0.207763,0.207649,0.056258,0.043563,0.213300,0.012290,0.020933,0.019771,0.174911,0.043562
0.105347,0.265763,0.065314,0.031004,0.254182,0.008042,0.010695,0.012948,0.215700,0.031004
0.168627,0.247168,0.072061,0.041637,0.244826,0.023570,0.019215,0.026053,0.115204,0.041637
0.042508,0.038420,0.829478,0.004576,0.039073,0.002379,0.003362,0.003433,0.032196,0.004576
0.162096,0.216872,0.075882,0.043394,0.217667,0.017257,0.024264,0.023038,0.176138,0.043393
0.113234,0.132958,0.446464,0.013015,0.136623,0.005136,0.006807,0.006891,0.125858,0.013015
0.354332,0.180644,0.035241,0.025600,0.183563,0.007977,0.012442,0.012854,0.161748,0.025600
0.454383,0.139374,0.055922,0.024534,0.141661,0.018837,0.013916,0.016992,0.109849,0.024534
0.064058,0.275497,0.256946,0.009876,0.257540,0.002395,0.002966,0.003920,0.116926,0.009876
0.293784,0.197875,0.057079,0.028840,0.204651,0.005703,0.009711,0.019484,0.154033,0.028840
0.373652,0.173871,0.057787,0.023442,0.179651,0.010970,0.013047,0.013903,0.130236,0.023442
0.144120,0.154611,0.321235,0.030487,0.156684,0.012226,0.013787,0.016863,0.119500,0.030487
0.175047,0.175418,0.114463,0.059072,0.177035,0.038574,0.039870,0.045181,0.116267,0.059072
0.098280,0.127314,0.472590,0.017909,0.126271,0.011164,0.012412,0.011249,0.104903,0.017909
0.136682,0.183397,0.099943,0.027579,0.185698,0.027634,0.013085,0.013343,0.285061,0.027579
0.326337,0.177172,0.076958,0.017927,0.184663,0.013994,0.012763,0.013662,0.158598,0.017927
0.175599,0.130360,0.284282,0.012633,0.133840,0.004435,0.006468,0.006424,0.233328,0.012632
0.430671,0.153698,0.072659,0.019082,0.159700,0.014558,0.014419,0.015112,0.101018,0.019082
0.162241,0.196481,0.113011,0.075773,0.198039,0.013781,0.020045,0.031916,0.112941,0.075772
0.339921,0.151536,0.086405,0.031793,0.153552,0.024397,0.023925,0.025458,0.131220,0.031793
0.326489,0.165139,0.055989,0.027015,0.165743,0.017311,0.016564,0.017338,0.181399,0.027014
0.019368,0.028123,0.872162,0.006061,0.028416,0.003901,0.005123,0.004948,0.025838,0.006061
0.196786,0.187114,0.102787,0.039664,0.190252,0.031261,0.031639,0.032442,0.148390,0.039664
0.164633,0.213816,0.129183,0.022785,0.219203,0.006794,0.010315,0.010474,0.200013,0.022784
0.104358,0.190908,0.089442,0.086468,0.186207,0.027599,0.034957,0.044453,0.149143,0.086467
0.202209,0.252250,0.056125,0.018988,0.256808,0.010131,0.010172,0.010940,0.163390,0.018988
0.161792,0.244000,0.080766,0.032183,0.245649,0.016561,0.016749,0.019910,0.150206,0.032183
0.132108,0.189028,0.082521,0.092108,0.188750,0.025411,0.025751,0.034580,0.137637,0.092105
0.161265,0.208848,0.055655,0.033884,0.209209,0.110110,0.021965,0.020826,0.144355,0.033883
0.188938,0.199611,0.124934,0.037773,0.201191,0.031520,0.026798,0.031515,0.119948,0.037772
0.147011,0.222576,0.113791,0.033512,0.222497,0.026028,0.024822,0.025762,0.150488,0.033512
0.460467,0.148470,0.067015,0.018174,0.154494,0.016225,0.014077,0.013960,0.088946,0.018173
0.373103,0.183867,0.083275,0.019715,0.187986,0.018693,0.010719,0.011962,0.090965,0.019715
0.377886,0.183784,0.047459,0.020810,0.188272,0.010640,0.009160,0.010677,0.130502,0.020810
0.359544,0.210235,0.080689,0.009445,0.214729,0.003272,0.003469,0.004077,0.105095,0.009445
0.486465,0.155005,0.087109,0.009602,0.160115,0.005623,0.004021,0.004934,0.077524,0.009602
0.225848,0.205603,0.075258,0.038776,0.207150,0.013961,0.014327,0.018634,0.161668,0.038775
0.227608,0.175319,0.089236,0.040884,0.178910,0.021877,0.024529,0.027145,0.173609,0.040883
0.186678,0.190889,0.068975,0.057958,0.192088,0.040499,0.031561,0.033574,0.139820,0.057957
0.216258,0.208692,0.096012,0.047091,0.210369,0.017389,0.021218,0.026245,0.109635,0.047090
0.207795,0.208043,0.213346,0.009758,0.215148,0.006319,0.005831,0.006685,0.117315,0.009758
0.229346,0.206125,0.101363,0.026359,0.203003,0.015405,0.017869,0.018139,0.156033,0.026359
0.311600,0.174992,0.068639,0.027983,0.179624,0.028721,0.010914,0.013604,0.155941,0.027982
0.162262,0.175627,0.088197,0.087812,0.174750,0.030128,0.039404,0.046652,0.107357,0.087810
0.253760,0.186600,0.171924,0.004978,0.192727,0.001632,0.002132,0.002307,0.178962,0.004978
0.394620,0.211956,0.045280,0.014713,0.210719,0.008032,0.007419,0.008133,0.084415,0.014713
0.165075,0.196191,0.113253,0.045391,0.197015,0.032417,0.029481,0.032376,0.143410,0.045391
0.208845,0.149727,0.302747,0.025043,0.152170,0.007801,0.009600,0.012925,0.106100,0.025043
0.091150,0.193203,0.132555,0.062296,0.189174,0.019328,0.025134,0.032020,0.192846,0.062295
0.136793,0.224374,0.104402,0.038314,0.227176,0.033104,0.024070,0.029548,0.143907,0.038313
0.054520,0.073510,0.690625,0.009980,0.074601,0.003043,0.004778,0.004754,0.074209,0.009980
0.031876,0.029154,0.012519,0.004210,0.029629,0.002334,0.002706,0.002982,0.880378,0.004210
0.140318,0.216551,0.090552,0.057065,0.219085,0.014813,0.023277,0.024260,0.157016,0.057064
0.168970,0.225731,0.098919,0.023639,0.230565,0.010444,0.010602,0.012622,0.194870,0.023638
0.074732,0.124406,0.115707,0.165464,0.123364,0.037745,0.054303,0.060812,0.078010,0.165457
0.034919,0.089022,0.557284,0.051025,0.088571,0.009728,0.015266,0.018592,0.084570,0.051024
0.447636,0.181828,0.050849,0.008001,0.191009,0.005293,0.005322,0.005808,0.096252,0.008001
0.046510,0.066669,0.709137,0.008047,0.067701,0.002798,0.004374,0.003899,0.082817,0.008047
0.146418,0.253204,0.106534,0.030687,0.257819,0.016996,0.016473,0.018466,0.122716,0.030687
0.131816,0.221516,0.104423,0.054398,0.222880,0.025389,0.031304,0.036119,0.117758,0.054398
0.143700,0.227956,0.102518,0.045775,0.229742,0.025750,0.028211,0.031921,0.118652,0.045775
0.172805,0.153628,0.107005,0.077797,0.155134,0.049057,0.044815,0.054369,0.107593,0.077797
0.138191,0.234743,0.103744,0.043442,0.237363,0.023179,0.027900,0.032402,0.115596,0.043441
0.557196,0.139644,0.043704,0.003622,0.146870,0.002073,0.001977,0.002273,0.099017,0.003622
0.138753,0.166702,0.097281,0.101973,0.166031,0.037045,0.044754,0.052280,0.093210,0.101970
0.206957,0.217426,0.173397,0.021582,0.219730,0.007768,0.009397,0.010951,0.111210,0.021581
0.011368,0.024932,0.896685,0.002822,0.024763,0.001444,0.001780,0.001859,0.031526,0.002822
0.161355,0.167809,0.112093,0.077289,0.167022,0.037972,0.041559,0.046239,0.111373,0.077288
0.012813,0.019623,0.018726,0.002266,0.020030,0.000517,0.000813,0.001080,0.921868,0.002266
0.582575,0.128403,0.048340,0.010257,0.132788,0.006023,0.006049,0.006958,0.068350,0.010257
0.408175,0.134461,0.090250,0.024652,0.136361,0.018170,0.020207,0.019292,0.123780,0.024652
0.172798,0.140759,0.385529,0.012323,0.144805,0.006350,0.006971,0.007659,0.110483,0.012323
0.445448,0.149753,0.063088,0.025974,0.155526,0.015738,0.015995,0.017038,0.085466,0.025974
0.521881,0.121516,0.068581,0.021994,0.122925,0.013313,0.013876,0.015398,0.078523,0.021994
0.713348,0.090230,0.035068,0.003885,0.094890,0.002711,0.002666,0.002841,0.050477,0.003885
0.008836,0.011945,0.951686,0.001105,0.012236,0.000625,0.000702,0.000756,0.011005,0.001105
0.010206,0.017459,0.922537,0.001458,0.017797,0.000459,0.000611,0.000705,0.027311,0.001458
0.742316,0.081826,0.030717,0.004451,0.086213,0.002683,0.002737,0.002952,0.041653,0.004451
0.062409,0.081522,0.626131,0.013779,0.083357,0.006797,0.007945,0.009725,0.094556,0.013779
0.029658,0.051794,0.813829,0.002054,0.053443,0.000838,0.001010,0.000975,0.044344,0.002054
0.454352,0.140337,0.060357,0.019964,0.143125,0.012535,0.014811,0.014993,0.119562,0.019964
0.011965,0.037382,0.878439,0.005213,0.036056,0.001335,0.001821,0.002146,0.020430,0.005213
0.097847,0.294753,0.048252,0.024600,0.283033,0.009342,0.008947,0.010903,0.197723,0.024599
0.431040,0.174379,0.043489,0.015025,0.179762,0.011573,0.010891,0.010856,0.107960,0.015025
0.185331,0.203458,0.100051,0.050643,0.203628,0.030536,0.029084,0.032726,0.113899,0.050643
0.033469,0.037836,0.827847,0.007356,0.038161,0.003937,0.004938,0.005156,0.033944,0.007356
0.145252,0.134450,0.461609,0.011094,0.138192,0.004057,0.005328,0.005977,0.082948,0.011093
0.368942,0.219661,0.040155,0.015886,0.225058,0.007287,0.006327,0.007364,0.093434,0.015886
0.190840,0.214941,0.082492,0.044161,0.217880,0.029967,0.021690,0.023159,0.130711,0.044160
0.165522,0.239893,0.096460,0.029994,0.243299,0.024682,0.013104,0.014716,0.142338,0.029993
0.129202,0.136679,0.470759,0.015163,0.138927,0.005975,0.006397,0.007704,0.074032,0.015162
0.063098,0.120126,0.514023,0.012911,0.121458,0.005815,0.008675,0.008089,0.132895,0.012911
0.242360,0.212239,0.148722,0.020392,0.214784,0.016719,0.013199,0.014062,0.097131,0.020392
0.206199,0.182580,0.111638,0.048951,0.183800,0.032440,0.031738,0.034189,0.119514,0.048951
0.087713,0.183299,0.098249,0.121758,0.181311,0.021383,0.033890,0.039380,0.111263,0.121754
0.171200,0.202079,0.044764,0.023598,0.206280,0.051639,0.011586,0.011932,0.253324,0.023598
0.224001,0.180789,0.079695,0.023151,0.184145,0.024107,0.018978,0.016902,0.225082,0.023151
0.144400,0.162167,0.073113,0.101775,0.162942,0.059204,0.038810,0.052268,0.103547,0.101774
0.093633,0.164195,0.306891,0.023313,0.165626,0.022718,0.016265,0.017118,0.166929,0.023313
0.493350,0.159310,0.045143,0.010529,0.165349,0.005898,0.006172,0.007050,0.096670,0.010529
0.137095,0.144974,0.437627,0.007403,0.148248,0.006497,0.005250,0.005385,0.100119,0.007403
0.268320,0.174405,0.084105,0.041138,0.180605,0.017073,0.022146,0.023926,0.147145,0.041137
0.031701,0.050209,0.034626,0.282350,0.049714,0.018075,0.053642,0.160551,0.036772,0.282360
0.103049,0.148633,0.370811,0.027094,0.149254,0.008512,0.011650,0.013026,0.140878,0.027094
0.147434,0.165760,0.298904,0.017292,0.168631,0.013508,0.012640,0.015563,0.142975,0.017292
0.160374,0.161531,0.091673,0.066072,0.163000,0.030038,0.044245,0.088670,0.128326,0.066072
0.023996,0.039821,0.828460,0.009248,0.039795,0.003269,0.004493,0.004737,0.036931,0.009248
0.007506,0.017164,0.020918,0.001838,0.016965,0.000669,0.000740,0.000858,0.931505,0.001838
0.077592,0.164601,0.270551,0.035601,0.165677,0.011169,0.014573,0.017569,0.207065,0.035600
0.216759,0.199790,0.071865,0.035611,0.203658,0.018963,0.020701,0.023652,0.173390,0.035611
0.100624,0.183363,0.120078,0.020072,0.184306,0.006117,0.007814,0.009195,0.348360,0.020072
0.169702,0.158595,0.088927,0.071256,0.160564,0.036835,0.055950,0.077856,0.109058,0.071257
0.061017,0.175423,0.435649,0.014277,0.169238,0.004025,0.005809,0.005136,0.115149,0.014277
0.119074,0.179330,0.244097,0.042138,0.174498,0.015628,0.017475,0.022132,0.143490,0.042137
0.052814,0.172427,0.074024,0.165366,0.166334,0.013741,0.026154,0.046426,0.117350,0.165363
0.114286,0.168532,0.149864,0.029794,0.169126,0.009151,0.013093,0.014579,0.301782,0.029794
0.173498,0.205757,0.251549,0.013323,0.207140,0.005938,0.007885,0.007675,0.113911,0.013323
0.010152,0.013107,0.014693,0.001071,0.013480,0.000428,0.000466,0.000573,0.944959,0.001071
0.322139,0.190976,0.082345,0.010532,0.199649,0.005576,0.006080,0.006307,0.165866,0.010532
0.092830,0.147900,0.309719,0.055361,0.148546,0.015136,0.019752,0.024295,0.131101,0.055360
0.056042,0.097226,0.571536,0.015379,0.098904,0.005602,0.008223,0.007908,0.123799,0.015379
0.078130,0.204878,0.077271,0.059135,0.204742,0.029307,0.015386,0.020587,0.251430,0.059134
0.491430,0.124431,0.054189,0.017159,0.127477,0.011306,0.011168,0.011066,0.134614,0.017159
0.064799,0.150050,0.048924,0.061534,0.146458,0.013834,0.018058,0.023693,0.411117,0.061532
0.187077,0.205468,0.047924,0.016768,0.210837,0.012345,0.008622,0.008672,0.285519,0.016768
0.105324,0.160818,0.223222,0.073943,0.163171,0.013708,0.021411,0.027221,0.137241,0.073940
0.104937,0.143381,0.351435,0.034008,0.144232,0.011970,0.017662,0.016821,0.141546,0.034007
0.348194,0.184624,0.062811,0.024573,0.188827,0.016882,0.014767,0.015457,0.119292,0.024572
0.249042,0.189783,0.074260,0.034248,0.191119,0.027335,0.020821,0.023035,0.156110,0.034247
0.087587,0.136741,0.350087,0.047593,0.137787,0.008937,0.015860,0.020843,0.146971,0.047593
0.085221,0.183203,0.167628,0.068586,0.179423,0.042647,0.023404,0.031030,0.150272,0.068586
0.183595,0.189503,0.080219,0.036785,0.189819,0.042088,0.020243,0.023555,0.197408,0.036785
0.148484,0.145622,0.426336,0.010513,0.148455,0.004184,0.005169,0.006335,0.094389,0.010513
0.048747,0.153660,0.477460,0.012017,0.153499,0.003019,0.003820,0.004444,0.131317,0.012017
0.394630,0.141682,0.055955,0.024699,0.145574,0.014226,0.016721,0.016526,0.165289,0.024698
0.129021,0.175335,0.278168,0.026229,0.176748,0.016273,0.013006,0.012259,0.146731,0.026229
0.197893,0.161221,0.232693,0.021216,0.163985,0.012478,0.012419,0.014282,0.162597,0.021216
0.143029,0.230784,0.058001,0.049016,0.232129,0.015043,0.015599,0.019894,0.187490,0.049015
0.135244,0.161847,0.224107,0.025054,0.163788,0.018576,0.020018,0.018266,0.208047,0.025053
0.398670,0.210299,0.032257,0.005518,0.205225,0.003121,0.003183,0.003324,0.132885,0.005518
0.299888,0.214114,0.063986,0.017548,0.219293,0.010074,0.010220,0.010544,0.136786,0.017547
0.363332,0.160049,0.054890,0.022547,0.165838,0.059626,0.017015,0.017435,0.116723,0.022547
0.310353,0.201130,0.058656,0.029415,0.193665,0.018852,0.019468,0.022832,0.116214,0.029415
0.384767,0.160005,0.045120,0.051129,0.162437,0.007329,0.013347,0.019449,0.105287,0.051129
0.132209,0.189919,0.086954,0.027290,0.191207,0.012218,0.012545,0.015793,0.304574,0.027290
0.174817,0.198173,0.107191,0.024242,0.200970,0.009734,0.009326,0.011548,0.239757,0.024242
0.399915,0.127032,0.023808,0.004042,0.132364,0.002561,0.002660,0.002735,0.300841,0.004042
0.306852,0.234420,0.055784,0.015750,0.237161,0.005645,0.006284,0.007596,0.114757,0.015750
0.044872,0.099526,0.559728,0.029056,0.099207,0.024800,0.013752,0.015112,0.084891,0.029056
0.148728,0.226547,0.149822,0.010938,0.233267,0.005484,0.005311,0.005827,0.203138,0.010938
0.395707,0.191864,0.077789,0.011007,0.196802,0.004289,0.004390,0.005175,0.101972,0.011006
0.057111,0.135548,0.361471,0.061409,0.135819,0.008988,0.018030,0.031086,0.129130,0.061409
0.485516,0.151401,0.034494,0.029709,0.155077,0.008474,0.010466,0.012222,0.082933,0.029708
0.168069,0.217387,0.090049,0.033611,0.210556,0.027457,0.024344,0.023070,0.171848,0.033610
0.035302,0.052836,0.781192,0.007790,0.053686,0.003826,0.004176,0.004681,0.048720,0.007790
0.202296,0.216969,0.061181,0.041985,0.219115,0.020987,0.020882,0.021544,0.153057,0.041984
0.470374,0.148187,0.022576,0.006667,0.152882,0.002584,0.003368,0.003523,0.183172,0.006667
0.050795,0.124235,0.239524,0.011737,0.121632,0.006371,0.006914,0.007191,0.419863,0.011737
0.047614,0.103877,0.492058,0.037425,0.102439,0.010690,0.018378,0.017713,0.132381,0.037425
0.165348,0.217092,0.076873,0.026706,0.209431,0.015334,0.014226,0.016299,0.231986,0.026706
0.171032,0.168876,0.100329,0.066812,0.169476,0.054893,0.045588,0.047608,0.108574,0.066811
0.214284,0.197498,0.078261,0.037747,0.201158,0.024194,0.020080,0.022202,0.166828,0.037747
0.101515,0.228401,0.151911,0.037749,0.226401,0.018901,0.021327,0.024226,0.151820,0.037749
0.088083,0.199894,0.070305,0.042658,0.199874,0.159438,0.020665,0.024531,0.151895,0.042657
0.208658,0.231153,0.087229,0.014555,0.225870,0.010053,0.011227,0.010657,0.186043,0.014555
0.132573,0.216258,0.093607,0.040229,0.215173,0.034419,0.024876,0.027058,0.175578,0.040229
0.112878,0.187059,0.335893,0.010492,0.192131,0.005733,0.005307,0.006077,0.133937,0.010491
0.132573,0.216258,0.093607,0.040229,0.215173,0.034419,0.024876,0.027058,0.175578,0.040229
0.067681,0.189039,0.131514,0.076592,0.180256,0.030873,0.031795,0.040568,0.175093,0.076591
0.029854,0.062048,0.769659,0.006526,0.060844,0.002845,0.002865,0.003181,0.055652,0.006526
0.183980,0.243497,0.090065,0.031860,0.245153,0.015661,0.016723,0.018088,0.123114,0.031859
0.307860,0.194659,0.121335,0.007496,0.200161,0.012453,0.004907,0.005162,0.138471,0.007496
0.252418,0.212079,0.097311,0.026145,0.216301,0.013151,0.014486,0.018438,0.123525,0.026145
0.563422,0.144684,0.033380,0.010305,0.148949,0.005759,0.005928,0.006260,0.071008,0.010305
0.118583,0.130824,0.392112,0.023373,0.133241,0.010735,0.011930,0.012700,0.143130,0.023373
0.038433,0.146310,0.139841,0.019694,0.144219,0.005780,0.008725,0.008297,0.469007,0.019693
0.010044,0.018825,0.915182,0.003391,0.018867,0.002141,0.002096,0.002298,0.023765,0.003391
0.101402,0.153513,0.060651,0.035092,0.154060,0.012877,0.017777,0.019631,0.409907,0.035091
0.117871,0.188099,0.300714,0.015449,0.191679,0.005096,0.007032,0.013861,0.144750,0.015449
0.226330,0.231437,0.083458,0.010523,0.238327,0.003221,0.003467,0.004341,0.188373,0.010523
0.123611,0.186997,0.138386,0.077163,0.185640,0.025226,0.023314,0.031693,0.130809,0.077161
0.200857,0.214616,0.124440,0.028334,0.208525,0.017241,0.017728,0.019749,0.140177,0.028334
0.174355,0.225190,0.137050,0.026506,0.225810,0.038470,0.014212,0.016437,0.115466,0.026505
0.025584,0.039691,0.827746,0.007680,0.040087,0.004734,0.006071,0.005896,0.034831,0.007680
0.048993,0.045592,0.013808,0.008394,0.046490,0.003308,0.003287,0.003667,0.818068,0.008394
0.690388,0.092834,0.049997,0.006252,0.094758,0.003924,0.004023,0.004141,0.047432,0.006252
0.160567,0.188274,0.101812,0.079757,0.188265,0.014538,0.024854,0.040065,0.122109,0.079758
0.238152,0.181576,0.074366,0.040428,0.186471,0.020598,0.023551,0.026162,0.168268,0.040427
0.480748,0.154963,0.043581,0.013247,0.159454,0.006558,0.006982,0.007366,0.113855,0.013247
0.255597,0.115433,0.031748,0.009641,0.118471,0.005424,0.005604,0.005901,0.442541,0.009641
0.211899,0.214740,0.097822,0.016742,0.211714,0.013093,0.013689,0.012762,0.190797,0.016742
0.089329,0.157959,0.278083,0.019235,0.155808,0.007310,0.009782,0.010451,0.252807,0.019235
0.302424,0.193376,0.111280,0.013424,0.198905,0.008014,0.008322,0.009618,0.141212,0.013424
0.106133,0.194531,0.063797,0.079106,0.195936,0.044094,0.022268,0.028802,0.186229,0.079104
0.135295,0.196969,0.104654,0.006590,0.202287,0.002454,0.002348,0.002758,0.340054,0.006590
0.341604,0.191704,0.112455,0.016104,0.198521,0.004991,0.007198,0.007656,0.103663,0.016104
0.251610,0.200307,0.073034,0.019743,0.207082,0.015054,0.014154,0.015033,0.184241,0.019743
0.068802,0.143414,0.106791,0.014061,0.146017,0.004769,0.006578,0.006629,0.488879,0.014061
0.048649,0.129712,0.246661,0.135445,0.128970,0.009882,0.030284,0.039277,0.095678,0.135442
0.116017,0.188042,0.105329,0.087962,0.190936,0.057476,0.023156,0.028044,0.115080,0.087959
0.052462,0.098434,0.604555,0.019928,0.098272,0.006897,0.009746,0.010462,0.079317,0.019927
0.108013,0.188173,0.103129,0.053464,0.189939,0.020535,0.025701,0.029255,0.228328,0.053463
0.009202,0.022263,0.886832,0.013569,0.022200,0.002349,0.005452,0.006912,0.017651,0.013569
0.163349,0.174227,0.143054,0.076466,0.172104,0.023142,0.028651,0.043315,0.099229,0.076465
0.058551,0.197746,0.087254,0.047640,0.188950,0.010381,0.014766,0.019638,0.327434,0.047639
0.132974,0.273379,0.116035,0.024399,0.263728,0.017833,0.016124,0.014646,0.116483,0.024399
0.080885,0.241308,0.093376,0.045858,0.232610,0.091619,0.031316,0.022055,0.115115,0.045857
0.225668,0.253221,0.046041,0.018608,0.246055,0.007232,0.008530,0.008599,0.167439,0.018608
0.311579,0.221851,0.051183,0.015161,0.214881,0.009695,0.008271,0.009382,0.142837,0.015160
0.187870,0.251610,0.066026,0.029343,0.247114,0.012789,0.013433,0.014098,0.148376,0.029342
0.237608,0.212901,0.054457,0.028709,0.211584,0.036786,0.026711,0.019653,0.142883,0.028709
0.082941,0.261997,0.118482,0.054547,0.248383,0.008840,0.013963,0.017847,0.138454,0.054545
0.078693,0.218850,0.071665,0.089818,0.208931,0.066562,0.029366,0.030782,0.115517,0.089816
0.068294,0.176403,0.068601,0.155314,0.169362,0.030074,0.036163,0.044330,0.096152,0.155309
0.109058,0.210684,0.048020,0.076403,0.204456,0.009498,0.019219,0.027135,0.219123,0.076403
0.075912,0.226299,0.254814,0.031807,0.217408,0.008103,0.008856,0.011902,0.133094,0.031806
0.095294,0.278188,0.064845,0.038167,0.262123,0.032428,0.021403,0.023856,0.145530,0.038166
0.080344,0.232164,0.329822,0.012867,0.219691,0.004661,0.005477,0.006530,0.095576,0.012867
0.230428,0.223555,0.098614,0.018976,0.227777,0.010543,0.010233,0.010871,0.150029,0.018976
0.427058,0.165242,0.041435,0.010837,0.171082,0.007209,0.005728,0.006708,0.153864,0.010837
0.221830,0.221238,0.053941,0.040722,0.222359,0.033013,0.021665,0.024422,0.120090,0.040721
0.181868,0.178082,0.311928,0.007863,0.184797,0.004341,0.004311,0.004706,0.114241,0.007863
0.590946,0.124015,0.038070,0.009440,0.127189,0.006512,0.006522,0.006726,0.081141,0.009440
0.171983,0.188763,0.228035,0.014311,0.189134,0.007761,0.007261,0.007395,0.171046,0.014311
0.130431,0.141479,0.274903,0.030864,0.142376,0.011809,0.014277,0.015122,0.207874,0.030864
0.100332,0.191777,0.074666,0.012268,0.196490,0.005091,0.004493,0.004877,0.397738,0.012267
0.338899,0.203011,0.052402,0.008620,0.211289,0.005554,0.005347,0.005764,0.160494,0.008619
0.147682,0.195044,0.205433,0.018909,0.198249,0.010797,0.008030,0.009681,0.187266,0.018908
0.088687,0.107980,0.528962,0.011075,0.109279,0.009430,0.009207,0.009497,0.114808,0.011075
0.275768,0.200025,0.045504,0.024968,0.205156,0.013220,0.011151,0.012384,0.186854,0.024968
0.069350,0.194651,0.098064,0.079153,0.186966,0.030400,0.028062,0.031999,0.202205,0.079151
0.207611,0.155449,0.073695,0.060297,0.156853,0.042489,0.036804,0.039026,0.167478,0.060297
0.090968,0.087714,0.654971,0.006446,0.087488,0.002251,0.003266,0.003554,0.056896,0.006446
0.067890,0.158814,0.089055,0.040629,0.154574,0.017775,0.019661,0.020506,0.390467,0.040629
0.090432,0.130888,0.073923,0.131920,0.130170,0.031872,0.118171,0.076986,0.083721,0.131918
0.139179,0.208379,0.103828,0.044472,0.209959,0.022213,0.020272,0.026503,0.180725,0.044471
0.088684,0.112433,0.388458,0.052142,0.113088,0.014750,0.032427,0.050567,0.095308,0.052142
0.049377,0.116849,0.548398,0.020067,0.115806,0.006834,0.009297,0.010902,0.102403,0.020067
0.250693,0.211060,0.052261,0.028569,0.216618,0.010337,0.011152,0.012851,0.177892,0.028568
0.300723,0.186747,0.052603,0.043821,0.190132,0.016341,0.017703,0.020392,0.127719,0.043820
0.010080,0.019353,0.914402,0.005625,0.019424,0.001584,0.002076,0.002535,0.019296,0.005625
0.068332,0.176988,0.469901,0.011450,0.170707,0.003638,0.004985,0.006055,0.076492,0.011450
0.109024,0.196300,0.061802,0.070476,0.191318,0.064744,0.038474,0.074688,0.122699,0.070476
0.067043,0.252531,0.133794,0.030197,0.242215,0.008672,0.010192,0.016850,0.208310,0.030196
0.108041,0.347852,0.033689,0.020851,0.321318,0.011010,0.006974,0.007590,0.121825,0.020850
0.199850,0.245085,0.070359,0.022354,0.248244,0.014985,0.011332,0.013868,0.151570,0.022353
0.263709,0.168821,0.067047,0.046291,0.169070,0.055224,0.032136,0.032591,0.118821,0.046290
0.090110,0.132164,0.491554,0.008731,0.135019,0.005082,0.004473,0.004895,0.119240,0.008731
0.106968,0.254258,0.057691,0.026105,0.251780,0.052655,0.011035,0.015990,0.197414,0.026105
0.126302,0.206462,0.042464,0.022655,0.201603,0.194569,0.015404,0.014980,0.152906,0.022655
0.722930,0.095626,0.015813,0.005778,0.100485,0.003524,0.002896,0.003217,0.043951,0.005778
0.242509,0.218280,0.049174,0.024259,0.222808,0.007838,0.008597,0.009710,0.192565,0.024258
0.096117,0.246862,0.069993,0.046680,0.245440,0.099331,0.020051,0.021539,0.107307,0.046680
0.268201,0.223694,0.063232,0.023181,0.227661,0.021078,0.015623,0.016248,0.117901,0.023181
0.110062,0.246789,0.066281,0.035851,0.245097,0.018384,0.016982,0.019589,0.205115,0.035851
0.143071,0.173268,0.148804,0.011845,0.179625,0.004695,0.005347,0.005038,0.316461,0.011845
0.057520,0.155878,0.387559,0.046705,0.154317,0.007976,0.013124,0.015008,0.115211,0.046703
0.063301,0.213736,0.154273,0.017081,0.210085,0.008029,0.006645,0.008819,0.300950,0.017081
0.162786,0.171453,0.240753,0.015811,0.176643,0.007110,0.008811,0.009095,0.191726,0.015811
0.264660,0.164683,0.231940,0.007565,0.171459,0.003858,0.003388,0.003787,0.141094,0.007565
0.307213,0.183980,0.062918,0.022505,0.187257,0.018574,0.013826,0.014344,0.166876,0.022505
0.307213,0.183980,0.062918,0.022505,0.187257,0.018574,0.013826,0.014344,0.166876,0.022505
0.157149,0.202277,0.085330,0.057284,0.202275,0.063081,0.029898,0.034859,0.110566,0.057283
0.196042,0.190296,0.057211,0.039390,0.193804,0.082548,0.020754,0.020535,0.160030,0.039390
0.216302,0.195731,0.067880,0.008541,0.202249,0.005726,0.005231,0.005689,0.284108,0.008541
0.337609,0.163435,0.063966,0.022465,0.173418,0.020481,0.019219,0.019535,0.157406,0.022465
0.091440,0.225716,0.114706,0.028931,0.225903,0.033676,0.013799,0.012622,0.224277,0.028931
0.338427,0.199510,0.058880,0.025711,0.201991,0.025624,0.017112,0.018680,0.088355,0.025710
0.562651,0.157108,0.023495,0.007842,0.160787,0.007735,0.004843,0.004993,0.062703,0.007842
0.507110,0.151440,0.028608,0.007752,0.156986,0.029129,0.005089,0.005319,0.100815,0.007752
0.179361,0.193759,0.138403,0.049020,0.196666,0.036155,0.023884,0.022649,0.111083,0.049019
0.411699,0.192609,0.047576,0.014778,0.196323,0.014820,0.009314,0.009984,0.088120,0.014778
0.247883,0.241114,0.048454,0.007117,0.248536,0.006003,0.004584,0.004823,0.184369,0.007117
0.171366,0.244691,0.042940,0.031232,0.236844,0.018198,0.014305,0.013772,0.195423,0.031231
0.232319,0.195412,0.046518,0.016028,0.201984,0.006861,0.007894,0.008184,0.268772,0.016028
0.125442,0.261709,0.050640,0.035478,0.260951,0.041301,0.012543,0.012748,0.163712,0.035476
0.137827,0.249460,0.092877,0.043210,0.241092,0.020313,0.017306,0.020100,0.134605,0.043209
0.255394,0.189627,0.076833,0.023129,0.194084,0.058926,0.017097,0.022433,0.139348,0.023129
0.257922,0.206784,0.093408,0.015276,0.213899,0.011400,0.009550,0.010112,0.166373,0.015276
0.039505,0.159153,0.136749,0.010598,0.152867,0.003907,0.004750,0.005264,0.476608,0.010598
0.174841,0.206348,0.127504,0.033366,0.210698,0.019986,0.017851,0.016921,0.159120,0.033365
0.492431,0.161524,0.034569,0.005776,0.167568,0.004291,0.004231,0.003970,0.119864,0.005776
0.020604,0.030641,0.022958,0.273077,0.030363,0.102739,0.126144,0.091914,0.028492,0.273068
0.222913,0.185522,0.089377,0.066005,0.180437,0.020954,0.024389,0.028747,0.115652,0.066004
0.179941,0.188485,0.094086,0.056786,0.186418,0.028881,0.032646,0.034192,0.141780,0.056785
0.098624,0.178119,0.286695,0.027811,0.176159,0.015592,0.013869,0.015329,0.159992,0.027810
0.188419,0.156091,0.139253,0.069015,0.158554,0.016845,0.034867,0.070376,0.097565,0.069015
0.056583,0.080240,0.640640,0.011652,0.081995,0.002711,0.003992,0.004413,0.106122,0.011652
0.198957,0.152442,0.046723,0.011182,0.156720,0.008136,0.007748,0.008108,0.398802,0.011182
0.387591,0.184807,0.039956,0.022068,0.191083,0.005203,0.006106,0.007008,0.134112,0.022067
0.124961,0.185201,0.054099,0.028962,0.188300,0.008188,0.009459,0.011455,0.360413,0.028961
0.120551,0.182243,0.088671,0.034652,0.184293,0.022480,0.011333,0.013906,0.307219,0.034651
0.068195,0.121457,0.072627,0.167124,0.120585,0.030109,0.064590,0.090015,0.098176,0.167123
0.540616,0.124076,0.054712,0.013707,0.126934,0.010076,0.010143,0.010719,0.095309,0.013707
0.049399,0.045354,0.800980,0.004127,0.046202,0.001979,0.002327,0.002658,0.042848,0.004127
0.123513,0.145929,0.250733,0.016649,0.147434,0.014427,0.011009,0.011522,0.262135,0.016649
0.037588,0.042586,0.824775,0.003696,0.042723,0.001868,0.002237,0.002434,0.038399,0.003696
0.138837,0.226133,0.183898,0.019091,0.228074,0.015917,0.005966,0.006345,0.156649,0.019091
0.436065,0.147763,0.047076,0.016634,0.153358,0.014859,0.011760,0.011569,0.144282,0.016634
0.106047,0.174964,0.111728,0.077410,0.175508,0.011197,0.023231,0.031342,0.211163,0.077409
0.054846,0.072800,0.707536,0.007448,0.074059,0.003341,0.003774,0.004313,0.064434,0.007448
0.112469,0.235018,0.095909,0.040482,0.229535,0.011471,0.011687,0.014177,0.208773,0.040481
0.070886,0.142501,0.505783,0.017533,0.141392,0.004146,0.005834,0.007077,0.087314,0.017533
0.070656,0.116280,0.523721,0.020086,0.118153,0.006978,0.012714,0.012017,0.099309,0.020086
0.105970,0.255089,0.143412,0.015571,0.256962,0.012132,0.007686,0.007299,0.180308,0.015571
0.109058,0.220229,0.095236,0.075246,0.214274,0.018767,0.028351,0.059108,0.104486,0.075245
0.171643,0.201392,0.096400,0.029362,0.205131,0.027368,0.022544,0.023194,0.193603,0.029362
0.185328,0.230537,0.081608,0.025509,0.235343,0.017556,0.016496,0.017322,0.164793,0.025509
0.567285,0.142884,0.035144,0.010155,0.148864,0.004815,0.004797,0.006356,0.069546,0.010155
0.116746,0.237693,0.148295,0.011748,0.242947,0.003778,0.005143,0.005356,0.216547,0.011747
0.281196,0.196613,0.073826,0.017517,0.203183,0.016373,0.013485,0.013852,0.166439,0.017517
0.130341,0.250241,0.184777,0.008206,0.256033,0.002704,0.003157,0.003634,0.152700,0.008206
0.173745,0.175140,0.136098,0.050676,0.177779,0.027579,0.026427,0.025117,0.156763,0.050675
0.261430,0.179348,0.070264,0.023247,0.183549,0.016219,0.016191,0.016917,0.209588,0.023247
0.525564,0.124856,0.048213,0.009484,0.130877,0.006339,0.008827,0.007862,0.128494,0.009484
0.707088,0.102187,0.019195,0.004185,0.106212,0.001967,0.002081,0.002347,0.050553,0.004185
0.640710,0.103892,0.030852,0.005564,0.109171,0.004583,0.004435,0.004377,0.090849,0.005564
0.203696,0.224938,0.065109,0.038699,0.221048,0.020945,0.019305,0.021630,0.145931,0.038699
0.232190,0.198698,0.077101,0.048631,0.201725,0.025337,0.021721,0.024908,0.121059,0.048630
0.086464,0.108341,0.091181,0.120102,0.107721,0.088166,0.095053,0.084661,0.098209,0.120100
0.261575,0.206778,0.065401,0.031484,0.205975,0.015586,0.015289,0.019123,0.147307,0.031484
0.272610,0.240293,0.065281,0.011488,0.249542,0.008269,0.008121,0.008677,0.124233,0.011488
0.080645,0.255370,0.059067,0.044961,0.237793,0.014386,0.015049,0.021267,0.226502,0.044960
0.091919,0.205109,0.200690,0.009017,0.209086,0.004434,0.004870,0.004983,0.260875,0.009017
0.069583,0.110518,0.065137,0.125356,0.109408,0.183518,0.065874,0.056119,0.089133,0.125354
0.620302,0.133521,0.020119,0.007774,0.138386,0.002973,0.003492,0.003963,0.061697,0.007773
0.267689,0.213218,0.054922,0.022387,0.217168,0.008912,0.011275,0.012171,0.169872,0.022387
0.114631,0.162097,0.294189,0.041579,0.163089,0.009715,0.013028,0.019486,0.140609,0.041578
0.092401,0.141919,0.439706,0.023777,0.142932,0.015771,0.012603,0.013713,0.093402,0.023777
0.363956,0.167027,0.093338,0.012444,0.171966,0.008362,0.008473,0.008788,0.153202,0.012444
0.020845,0.035203,0.854376,0.006779,0.035661,0.002360,0.004143,0.003698,0.030155,0.006779
0.373666,0.208682,0.039571,0.018702,0.205517,0.007658,0.008108,0.008954,0.110440,0.018702
0.046704,0.045723,0.015486,0.005261,0.046762,0.002086,0.003000,0.002982,0.826736,0.005261
0.171256,0.199918,0.094627,0.029033,0.197280,0.012621,0.015852,0.016896,0.233485,0.029032
0.300492,0.196088,0.064284,0.043007,0.199846,0.012145,0.017941,0.025767,0.097424,0.043007
0.071515,0.233782,0.090884,0.058534,0.225989,0.098419,0.025733,0.030944,0.105669,0.058533
0.163459,0.171072,0.107480,0.054518,0.171925,0.034290,0.039550,0.040667,0.162521,0.054518
0.042612,0.085971,0.633555,0.012655,0.085989,0.007637,0.010254,0.008266,0.100407,0.012655
0.322933,0.199658,0.079693,0.022904,0.200174,0.015836,0.016224,0.015876,0.103799,0.022904
0.174175,0.188181,0.084668,0.062491,0.190533,0.023865,0.027218,0.033642,0.152736,0.062490
0.245804,0.230371,0.065164,0.021414,0.223987,0.012201,0.012423,0.015446,0.151776,0.021414
0.137559,0.218365,0.055951,0.040556,0.217654,0.109395,0.022826,0.021022,0.136116,0.040555
0.155288,0.214897,0.049682,0.035571,0.214100,0.113487,0.024596,0.021513,0.135296,0.035570
0.127428,0.231844,0.079347,0.024157,0.224877,0.015874,0.014375,0.015757,0.242185,0.024157
0.014209,0.021617,0.021328,0.125004,0.021451,0.010846,0.121650,0.522716,0.016172,0.125008
0.342386,0.202836,0.054836,0.020320,0.206653,0.011604,0.011722,0.013154,0.116170,0.020320
0.084780,0.169284,0.394640,0.015522,0.166044,0.007642,0.008999,0.009768,0.127799,0.015521
0.349576,0.219244,0.042510,0.014741,0.226299,0.005131,0.005629,0.006438,0.115690,0.014741
0.335024,0.195670,0.064296,0.023092,0.200600,0.010658,0.012568,0.013339,0.121661,0.023091
0.192862,0.246060,0.059444,0.024659,0.251113,0.007943,0.009088,0.011561,0.172611,0.024659
0.438500,0.182212,0.041366,0.010953,0.190772,0.006861,0.006947,0.006888,0.104547,0.010953
0.119747,0.204994,0.278081,0.010270,0.208478,0.005762,0.005319,0.006074,0.151006,0.010270
0.203993,0.175795,0.064360,0.072532,0.179233,0.021935,0.035826,0.038017,0.135778,0.072531
0.151325,0.236248,0.087872,0.034696,0.237630,0.013747,0.013918,0.017064,0.172804,0.034695
0.318662,0.206314,0.050591,0.024804,0.215004,0.015515,0.011468,0.012864,0.119974,0.024804
0.070627,0.113445,0.488148,0.044336,0.113771,0.010399,0.013329,0.015106,0.086504,0.044335
0.120194,0.187656,0.262813,0.009473,0.190590,0.004296,0.004192,0.004992,0.206321,0.009473
0.108981,0.199142,0.128541,0.042629,0.199116,0.055476,0.021228,0.028754,0.173505,0.042628
0.083033,0.218932,0.095953,0.008789,0.223981,0.002687,0.003252,0.003909,0.350673,0.008789
0.097465,0.136360,0.078298,0.116868,0.135144,0.035474,0.047757,0.100010,0.135756,0.116868
0.126439,0.140406,0.073692,0.072138,0.140126,0.199907,0.041179,0.044531,0.089446,0.072137
0.107559,0.171789,0.280650,0.054613,0.171923,0.016504,0.017841,0.022340,0.102170,0.054611
0.126669,0.263222,0.083292,0.029063,0.258019,0.010765,0.014862,0.013868,0.171177,0.029062
0.275211,0.204097,0.051399,0.021338,0.211790,0.011621,0.011165,0.012963,0.179077,0.021338
0.143076,0.212262,0.111566,0.035796,0.209126,0.065946,0.026462,0.036129,0.123841,0.035796
0.094119,0.206952,0.091800,0.073995,0.196866,0.032651,0.034628,0.059697,0.135299,0.073995
0.091527,0.204033,0.118972,0.093743,0.201198,0.025142,0.033448,0.040837,0.097359,0.093741
0.051148,0.082519,0.652173,0.014378,0.083181,0.008775,0.008792,0.011779,0.072877,0.014378
0.158080,0.195795,0.114479,0.036002,0.196021,0.061195,0.038548,0.023756,0.140122,0.036001
0.108100,0.161812,0.118957,0.078972,0.161432,0.051081,0.052780,0.057153,0.130742,0.078971
0.122521,0.160745,0.324828,0.035952,0.160607,0.021014,0.021302,0.023664,0.093415,0.035951
0.147194,0.199415,0.120773,0.058488,0.200549,0.027723,0.030587,0.032971,0.123813,0.058487
0.045377,0.074426,0.613229,0.035591,0.074242,0.020601,0.024113,0.025284,0.051545,0.035591
0.081082,0.130819,0.470057,0.023068,0.131041,0.012703,0.014315,0.015903,0.097942,0.023068
0.045382,0.098427,0.594814,0.020713,0.099467,0.007274,0.010270,0.018505,0.084435,0.020713
0.044876,0.068795,0.740282,0.006663,0.069567,0.006292,0.004900,0.004911,0.047050,0.006663
0.048294,0.081312,0.559636,0.042706,0.080865,0.026007,0.029113,0.030395,0.058969,0.042705
0.054634,0.116977,0.530115,0.018200,0.116547,0.013512,0.013509,0.014727,0.103579,0.018200
0.038369,0.072927,0.747804,0.006195,0.073524,0.004532,0.004932,0.004663,0.040857,0.006195
0.302265,0.139946,0.052803,0.007429,0.140796,0.004977,0.004795,0.005110,0.334451,0.007429
0.027569,0.047595,0.793448,0.006271,0.048459,0.002974,0.004392,0.003635,0.059384,0.006271
0.145239,0.258665,0.122407,0.025395,0.260394,0.014802,0.013701,0.016218,0.117784,0.025394
0.017753,0.026242,0.022759,0.002178,0.026850,0.000669,0.000877,0.001152,0.899343,0.002177
0.083537,0.089085,0.524297,0.006922,0.092258,0.002748,0.004628,0.003735,0.185867,0.006922
0.108713,0.100160,0.589845,0.005988,0.103169,0.002149,0.002901,0.002886,0.078200,0.005988
0.134981,0.171003,0.089896,0.072523,0.170588,0.063908,0.041554,0.079725,0.103301,0.072522
0.037103,0.088865,0.548705,0.028645,0.089052,0.007820,0.012660,0.107719,0.050786,0.028645
0.330030,0.217361,0.061806,0.021319,0.223035,0.007932,0.007855,0.009622,0.099720,0.021319
0.305076,0.195769,0.078208,0.027783,0.199207,0.012548,0.019399,0.017165,0.117063,0.027782
0.188107,0.236989,0.055473,0.052544,0.239269,0.032463,0.018550,0.024322,0.099739,0.052543
0.063772,0.052548,0.020971,0.010057,0.053503,0.005094,0.005134,0.005953,0.772910,0.010057
0.122928,0.294612,0.057872,0.037223,0.280473,0.024617,0.017993,0.020205,0.106857,0.037222
0.200324,0.207075,0.081672,0.039778,0.202984,0.031809,0.033839,0.030003,0.132740,0.039777
0.062236,0.121547,0.362103,0.054261,0.120215,0.017353,0.026300,0.027244,0.154481,0.054260
0.499324,0.125649,0.036677,0.009540,0.132441,0.004471,0.005461,0.005633,0.171267,0.009539
0.100824,0.144186,0.130655,0.106178,0.143709,0.027033,0.053508,0.044148,0.143582,0.106177
0.149724,0.227381,0.060967,0.044031,0.227688,0.110926,0.021476,0.024875,0.088902,0.044030
0.117617,0.176948,0.077910,0.056927,0.177084,0.171946,0.032836,0.037369,0.094439,0.056926
0.053371,0.104247,0.563184,0.027797,0.104890,0.007713,0.011494,0.015213,0.084295,0.027796
0.297030,0.227408,0.047568,0.023373,0.220159,0.015152,0.013237,0.013019,0.119684,0.023372
0.077623,0.105966,0.053656,0.174185,0.105548,0.028687,0.056076,0.101540,0.122534,0.174185
0.010556,0.013447,0.012245,0.000784,0.013822,0.000342,0.000359,0.000416,0.947246,0.000783
0.028696,0.087901,0.056518,0.027639,0.085646,0.006345,0.012753,0.015032,0.651831,0.027639
0.251552,0.200866,0.054503,0.018867,0.206297,0.009919,0.010637,0.011752,0.216741,0.018867
0.096536,0.170807,0.118254,0.060640,0.170709,0.047903,0.090570,0.053416,0.130524,0.060639
0.108537,0.180614,0.094330,0.103584,0.181949,0.013965,0.075692,0.039697,0.098052,0.103581
0.147927,0.168033,0.081312,0.095955,0.169348,0.026666,0.058833,0.046588,0.109385,0.095953
0.086490,0.170061,0.057233,0.077192,0.167845,0.189604,0.033309,0.034351,0.106724,0.077191
0.113115,0.202589,0.142764,0.052584,0.203776,0.013804,0.017882,0.023585,0.177319,0.052583
0.120971,0.193929,0.077157,0.042083,0.189016,0.049542,0.034762,0.033385,0.217072,0.042083
0.086693,0.125094,0.079573,0.100084,0.124292,0.055024,0.158521,0.062455,0.108183,0.100082
0.101930,0.112852,0.092563,0.099880,0.112514,0.105180,0.089384,0.087400,0.098417,0.099880
0.141300,0.207667,0.097170,0.057025,0.202655,0.022950,0.040233,0.034082,0.139892,0.057025
0.137324,0.195303,0.133157,0.041318,0.195794,0.031117,0.030442,0.032926,0.161301,0.041318
0.118466,0.219712,0.106788,0.041233,0.217968,0.034312,0.019008,0.022037,0.179245,0.041232
0.100000,0.100000,0.100000,0.100000,0.100000,0.100000,0.100000,0.100000,0.100000,0.100000
0.087427,0.233549,0.096212,0.049606,0.222614,0.025706,0.042128,0.033809,0.159344,0.049605
0.043739,0.114465,0.503310,0.019204,0.113954,0.010144,0.008997,0.009577,0.157406,0.019204
0.059215,0.220854,0.053735,0.081658,0.209942,0.020874,0.028207,0.029095,0.214763,0.081656
0.182914,0.222461,0.068173,0.069770,0.224672,0.015666,0.019506,0.025949,0.101119,0.069768
0.104898,0.226715,0.140395,0.050685,0.226811,0.024711,0.031002,0.040670,0.103429,0.050684
0.074494,0.235550,0.084376,0.067949,0.224631,0.018523,0.025506,0.033936,0.167086,0.067948
0.169547,0.193035,0.111545,0.040224,0.196393,0.016427,0.025511,0.023109,0.183986,0.040223
0.497457,0.159252,0.038496,0.011967,0.167583,0.006025,0.006505,0.007211,0.093536,0.011967
0.158214,0.231199,0.103090,0.040807,0.226737,0.019416,0.021339,0.037511,0.120880,0.040807
0.146299,0.222740,0.095867,0.034783,0.223654,0.034765,0.020661,0.021627,0.164821,0.034782
0.131996,0.226674,0.068632,0.015356,0.229735,0.011469,0.010478,0.010566,0.279739,0.015356
0.212123,0.219122,0.077641,0.042432,0.223919,0.014845,0.018869,0.022975,0.125642,0.042431
0.096163,0.103446,0.545306,0.011407,0.105021,0.006374,0.006912,0.007564,0.106401,0.011406
0.051287,0.102232,0.535861,0.042828,0.100016,0.027450,0.014860,0.016686,0.065954,0.042826
0.025324,0.043729,0.832161,0.003787,0.044357,0.001298,0.001604,0.001978,0.041977,0.003787
0.227572,0.231661,0.062888,0.021682,0.234942,0.023698,0.009844,0.011122,0.154908,0.021682
0.272662,0.226748,0.069937,0.022764,0.223486,0.008366,0.010932,0.010695,0.131646,0.022764
0.255202,0.245200,0.038829,0.018766,0.241898,0.026117,0.009072,0.010849,0.135301,0.018766
0.219890,0.240097,0.046843,0.026910,0.247777,0.006299,0.008015,0.010222,0.167037,0.026910
0.190767,0.200982,0.122805,0.010513,0.203388,0.004980,0.005549,0.006270,0.244234,0.010513
0.143738,0.231663,0.175568,0.021781,0.234472,0.007859,0.010680,0.012575,0.139884,0.021780
0.023130,0.044758,0.841936,0.002480,0.044636,0.001850,0.001582,0.001598,0.035552,0.002480
0.754443,0.077504,0.022350,0.003101,0.080688,0.002401,0.002207,0.002349,0.051856,0.003101
0.017452,0.041115,0.853538,0.003452,0.040591,0.001877,0.001971,0.002047,0.034505,0.003452
0.023207,0.048663,0.828914,0.003585,0.047688,0.002018,0.002046,0.002209,0.038085,0.003585
0.412899,0.166719,0.082407,0.010010,0.172044,0.005741,0.006287,0.006378,0.127505,0.010009
0.153466,0.226895,0.067186,0.039568,0.229592,0.057463,0.018233,0.020430,0.147599,0.039568
0.050603,0.123560,0.277242,0.019483,0.123344,0.008783,0.009053,0.009468,0.358982,0.019483
0.165554,0.217689,0.109645,0.042965,0.217752,0.027301,0.027147,0.028917,0.120065,0.042965
0.370239,0.199425,0.054889,0.021683,0.206401,0.008852,0.009652,0.010197,0.096979,0.021682
0.174486,0.255537,0.071163,0.027583,0.255929,0.026857,0.016616,0.017050,0.127196,0.027583
0.049948,0.099150,0.532724,0.049915,0.098405,0.013602,0.020968,0.027666,0.057709,0.049914
0.223575,0.226850,0.063758,0.044947,0.230202,0.027011,0.016216,0.019495,0.103000,0.044946
0.131099,0.213638,0.183152,0.033191,0.212408,0.019251,0.018828,0.024598,0.130645,0.033191
0.066532,0.266203,0.138361,0.016168,0.255730,0.011194,0.010043,0.009075,0.210528,0.016167
0.133870,0.226156,0.062981,0.046509,0.226572,0.030546,0.034323,0.028601,0.163934,0.046508
0.059024,0.308348,0.073235,0.045814,0.287882,0.048628,0.013092,0.018201,0.099963,0.045813
0.116719,0.216642,0.160337,0.038221,0.217615,0.024075,0.025966,0.025148,0.137056,0.038221
0.111993,0.154967,0.092923,0.056527,0.154732,0.183518,0.041060,0.044309,0.103445,0.056526
0.114729,0.229084,0.097755,0.065218,0.225763,0.024332,0.028044,0.043742,0.106115,0.065218
0.110838,0.225377,0.102803,0.058870,0.224818,0.038519,0.034754,0.041926,0.103225,0.058870
0.011806,0.034541,0.862135,0.009232,0.034181,0.007818,0.004608,0.004942,0.021505,0.009232
0.078319,0.216908,0.229308,0.047837,0.213519,0.017852,0.021252,0.027634,0.099533,0.047837
0.086972,0.240153,0.202717,0.039924,0.236377,0.014577,0.016956,0.021364,0.101037,0.039924
0.073194,0.185901,0.083217,0.082312,0.179520,0.060235,0.047023,0.049522,0.156766,0.082311
0.081366,0.214007,0.221825,0.022130,0.217232,0.026544,0.009325,0.011499,0.173942,0.022129
0.014582,0.035809,0.875757,0.003792,0.035925,0.002017,0.002234,0.002448,0.023645,0.003792
0.093457,0.183961,0.218731,0.056665,0.182276,0.047908,0.032727,0.034083,0.093529,0.056664
0.167833,0.225825,0.217305,0.008191,0.232414,0.006933,0.004900,0.005314,0.123093,0.008191
0.216016,0.258652,0.066609,0.020770,0.265282,0.005640,0.007306,0.008838,0.130117,0.020769
0.123092,0.191344,0.068202,0.064763,0.191522,0.094330,0.036596,0.073885,0.091503,0.064763
0.073169,0.180057,0.227601,0.049526,0.177848,0.102953,0.023789,0.026402,0.089130,0.049525
0.128915,0.168322,0.099336,0.074420,0.164830,0.033420,0.052948,0.059094,0.144294,0.074420
0.237225,0.176065,0.070079,0.031773,0.180790,0.023685,0.023998,0.025086,0.199524,0.031773
0.338082,0.170790,0.057272,0.039699,0.173088,0.023708,0.023919,0.025307,0.108437,0.039699
0.124883,0.171261,0.125371,0.055256,0.171168,0.037703,0.036843,0.041091,0.181170,0.055255
0.192165,0.206420,0.125111,0.033140,0.209222,0.037786,0.024055,0.020577,0.118384,0.033140
0.067909,0.163436,0.080071,0.146148,0.158608,0.026552,0.036159,0.049205,0.125769,0.146144
0.251869,0.229537,0.061016,0.032301,0.236247,0.017183,0.013302,0.015490,0.110755,0.032300
0.054354,0.091292,0.063272,0.209991,0.090479,0.032897,0.076386,0.102703,0.068640,0.209988
0.257808,0.224701,0.064786,0.027546,0.217505,0.017919,0.015255,0.015670,0.131265,0.027546
0.001616,0.004532,0.982358,0.001024,0.004524,0.000321,0.000524,0.000568,0.003508,0.001024
0.154664,0.241100,0.070028,0.033376,0.238273,0.019104,0.017775,0.020246,0.172058,0.033375
0.089284,0.128285,0.071919,0.061704,0.127702,0.272381,0.051487,0.052861,0.082672,0.061704
0.094280,0.198822,0.083843,0.090581,0.195788,0.052928,0.043100,0.057062,0.093017,0.090579
0.309717,0.178723,0.066554,0.021786,0.186599,0.016559,0.016156,0.016743,0.165377,0.021785
0.105275,0.189485,0.097447,0.090926,0.186970,0.042541,0.041603,0.054929,0.099898,0.090925
0.293451,0.169743,0.073674,0.027806,0.175957,0.021364,0.021885,0.022215,0.166100,0.027806
0.128062,0.230930,0.116843,0.051579,0.229577,0.030092,0.026993,0.030648,0.103698,0.051578
0.573451,0.134706,0.030664,0.011127,0.139801,0.009522,0.007986,0.006993,0.074623,0.011127
0.171778,0.232825,0.075783,0.028655,0.237468,0.076680,0.016472,0.017524,0.114160,0.028655
0.341194,0.159106,0.059975,0.045410,0.165110,0.005986,0.012657,0.022212,0.142941,0.045411
0.034250,0.052804,0.729107,0.011033,0.053327,0.003576,0.005662,0.005105,0.094103,0.011032
0.076175,0.164675,0.076938,0.129074,0.158835,0.019342,0.049436,0.045418,0.151038,0.129069
0.025393,0.078694,0.673585,0.025672,0.077921,0.010961,0.011804,0.015027,0.055271,0.025671
0.081376,0.134584,0.082878,0.148214,0.133215,0.043055,0.053346,0.088556,0.086563,0.148213
0.056768,0.080681,0.047408,0.073668,0.079716,0.441999,0.049237,0.040672,0.056185,0.073667
0.121214,0.169911,0.117198,0.065588,0.169101,0.071643,0.059002,0.052563,0.108191,0.065587
0.063026,0.185970,0.054566,0.048995,0.180402,0.023430,0.027580,0.021989,0.345049,0.048994
0.149452,0.227934,0.166286,0.022330,0.222716,0.022604,0.009129,0.011757,0.145461,0.022329
0.111092,0.153759,0.098808,0.100444,0.152936,0.052043,0.062144,0.067485,0.100848,0.100443
0.084104,0.260928,0.075926,0.049188,0.255590,0.053252,0.030684,0.027042,0.114100,0.049187
0.093256,0.157782,0.221823,0.062470,0.156576,0.048593,0.047590,0.046616,0.102825,0.062470
0.052212,0.120956,0.066171,0.170253,0.118782,0.073731,0.065913,0.081994,0.079735,0.170253
0.023803,0.048045,0.693553,0.033130,0.047817,0.011251,0.050436,0.025691,0.033144,0.033130
0.375195,0.189226,0.050508,0.007817,0.194760,0.003834,0.004250,0.004346,0.162247,0.007817
0.071213,0.082392,0.612581,0.010377,0.083008,0.025705,0.007462,0.007518,0.089368,0.010377
0.357337,0.164277,0.102482,0.022924,0.167335,0.017899,0.019192,0.018887,0.106744,0.022923
0.084692,0.106638,0.594029,0.008388,0.106341,0.006405,0.006749,0.006414,0.071957,0.008388
0.049163,0.070833,0.734251,0.007851,0.071210,0.002940,0.004250,0.004103,0.047549,0.007851
0.021125,0.030522,0.861666,0.006473,0.030835,0.004169,0.005461,0.005273,0.028003,0.006473
0.323745,0.153568,0.042702,0.008954,0.161521,0.005448,0.005983,0.006099,0.283026,0.008954
0.087443,0.204570,0.224729,0.028860,0.207332,0.012521,0.017357,0.014149,0.174180,0.028859
0.268141,0.215210,0.067797,0.024309,0.219672,0.040478,0.010886,0.012494,0.116706,0.024308
0.099710,0.134739,0.408953,0.012673,0.139596,0.006019,0.008409,0.008216,0.169013,0.012673
0.705525,0.097267,0.019800,0.005561,0.101501,0.002297,0.002608,0.002929,0.056951,0.005561
0.634009,0.112789,0.057981,0.007393,0.116615,0.003203,0.004017,0.004124,0.052477,0.007393
0.189043,0.228200,0.080873,0.042215,0.231075,0.013585,0.018254,0.022285,0.132256,0.042214
0.422923,0.151204,0.042630,0.021235,0.156169,0.005085,0.007138,0.007909,0.164472,0.021234
0.235650,0.244105,0.042763,0.018395,0.248048,0.012544,0.009392,0.010089,0.160619,0.018395
0.048709,0.127599,0.529876,0.030921,0.124501,0.007717,0.009924,0.014071,0.075760,0.030921
0.204096,0.190715,0.058798,0.029252,0.192524,0.010209,0.010506,0.014021,0.260627,0.029251
0.416395,0.159109,0.056162,0.015143,0.163843,0.009616,0.010216,0.012259,0.142115,0.015143
0.072244,0.107226,0.059959,0.112467,0.106606,0.213059,0.063696,0.050754,0.101524,0.112465
0.406719,0.158830,0.027835,0.034607,0.162816,0.004466,0.007333,0.009070,0.153719,0.034605
0.061021,0.082899,0.074249,0.189982,0.082446,0.059221,0.094550,0.084992,0.080666,0.189975
0.115611,0.164508,0.080521,0.141310,0.164806,0.022695,0.024592,0.042124,0.102526,0.141308
0.161471,0.231677,0.123239,0.024149,0.230494,0.033046,0.012069,0.014125,0.145580,0.024149
0.563457,0.125600,0.029763,0.022074,0.129557,0.005415,0.006941,0.008514,0.086606,0.022073
0.069851,0.132283,0.378412,0.042206,0.131977,0.012675,0.020617,0.018740,0.151033,0.042205
0.071224,0.163053,0.145418,0.066448,0.163567,0.017445,0.019972,0.022590,0.263838,0.066446
0.110605,0.133026,0.062903,0.147576,0.131884,0.044742,0.064223,0.071197,0.086269,0.147574
0.086379,0.118443,0.051366,0.198237,0.117657,0.034425,0.042021,0.066459,0.086782,0.198230
0.108409,0.166261,0.070240,0.119649,0.164418,0.039290,0.056582,0.058180,0.097326,0.119646
0.105410,0.133226,0.081459,0.140143,0.131966,0.045995,0.067663,0.069835,0.084162,0.140141
0.056616,0.120062,0.046791,0.233321,0.117598,0.020848,0.036507,0.046767,0.088176,0.233313
0.039521,0.074935,0.045454,0.278386,0.073816,0.026287,0.041238,0.070123,0.071864,0.278377
0.184967,0.155504,0.076755,0.094519,0.155817,0.028385,0.050387,0.041075,0.118074,0.094516
0.121814,0.184287,0.075780,0.075469,0.182947,0.050593,0.070076,0.050495,0.113073,0.075467
0.096853,0.139995,0.407569,0.025344,0.141384,0.012083,0.014504,0.012886,0.124039,0.025343
0.068171,0.156140,0.072579,0.154893,0.149361,0.027106,0.043080,0.050558,0.123224,0.154889
0.068897,0.097528,0.061633,0.134859,0.096737,0.216814,0.064526,0.057136,0.067016,0.134855
0.094524,0.280369,0.092857,0.023451,0.265756,0.013464,0.012561,0.013869,0.179697,0.023450
0.055706,0.086817,0.051303,0.257234,0.085656,0.033348,0.048390,0.068521,0.055798,0.257228
0.227968,0.195999,0.090656,0.040810,0.198510,0.025532,0.027906,0.030711,0.121098,0.040810
0.071819,0.151169,0.234587,0.079262,0.152438,0.008917,0.018230,0.030090,0.174227,0.079261
0.103221,0.133382,0.413906,0.020688,0.134711,0.010262,0.013185,0.013580,0.136375,0.020688
0.151057,0.249459,0.071080,0.036620,0.238797,0.032474,0.024898,0.027986,0.131008,0.036620
0.241268,0.178505,0.072283,0.050281,0.181363,0.026327,0.030735,0.041198,0.127759,0.050281
0.096206,0.260352,0.084801,0.036183,0.258178,0.057980,0.015523,0.018731,0.135863,0.036183
0.310632,0.167190,0.065663,0.015111,0.176490,0.011573,0.011268,0.011466,0.215497,0.015111
0.377380,0.174215,0.067629,0.018413,0.182328,0.009571,0.010338,0.011234,0.130480,0.018413
0.165441,0.222181,0.069670,0.035288,0.220791,0.039120,0.025815,0.026451,0.159956,0.035287
0.080161,0.214808,0.097199,0.061585,0.205086,0.093636,0.030833,0.033858,0.121250,0.061584
0.055356,0.211760,0.051819,0.116907,0.200928,0.067642,0.023909,0.034013,0.120764,0.116903
0.266475,0.246394,0.047651,0.017031,0.238290,0.012406,0.014751,0.010776,0.129193,0.017031
0.102778,0.220282,0.067799,0.054700,0.212176,0.029439,0.024798,0.028306,0.205022,0.054698
0.092473,0.200408,0.072392,0.073372,0.192553,0.045793,0.072132,0.044876,0.132632,0.073371
0.063858,0.218192,0.058483,0.091250,0.205779,0.086185,0.034183,0.036925,0.113898,0.091248
0.064186,0.172692,0.072104,0.016625,0.165207,0.011328,0.008683,0.009972,0.462578,0.016625
0.147302,0.171284,0.044071,0.024331,0.172654,0.015943,0.007398,0.009016,0.383671,0.024331
0.102022,0.201114,0.074577,0.071006,0.195882,0.101175,0.020657,0.025950,0.136612,0.071005
0.142004,0.199466,0.096833,0.058995,0.194991,0.025422,0.036119,0.035311,0.151865,0.058994
0.152492,0.210856,0.088522,0.039223,0.204670,0.035001,0.033091,0.033607,0.163314,0.039223
0.230725,0.168069,0.080311,0.060602,0.169192,0.056145,0.040274,0.042115,0.091964,0.060601
0.063214,0.161426,0.047515,0.184548,0.155247,0.067096,0.024463,0.034123,0.077829,0.184539
0.095501,0.230806,0.064842,0.106164,0.220140,0.017204,0.020594,0.030909,0.107679,0.106161
0.089337,0.173329,0.052611,0.135856,0.174241,0.022073,0.028348,0.042688,0.145666,0.135851
0.295504,0.215523,0.048603,0.015526,0.214137,0.025166,0.008600,0.009576,0.151840,0.015525
0.092534,0.199277,0.082025,0.111726,0.191162,0.029207,0.043277,0.041474,0.097595,0.111722
0.425938,0.184150,0.036095,0.016996,0.188424,0.012963,0.009562,0.010081,0.098796,0.016995
0.170221,0.201330,0.054044,0.061735,0.204067,0.012391,0.013038,0.022194,0.199245,0.061734
0.073458,0.159198,0.368416,0.025206,0.160758,0.010110,0.010308,0.011828,0.155510,0.025206
0.040878,0.065836,0.431611,0.030311,0.065757,0.236051,0.026805,0.019791,0.052649,0.030311
0.077691,0.156599,0.410109,0.032153,0.157148,0.009152,0.011132,0.014063,0.099799,0.032153
0.077394,0.210234,0.088830,0.056297,0.202265,0.052462,0.027418,0.032854,0.195949,0.056296
0.173428,0.238927,0.098423,0.050364,0.238314,0.023998,0.012637,0.016794,0.096753,0.050363
0.078269,0.121013,0.096887,0.105455,0.120833,0.178809,0.043041,0.052651,0.097590,0.105453
0.184082,0.177905,0.109605,0.058778,0.179499,0.055799,0.024338,0.029753,0.121463,0.058778
0.244328,0.189007,0.070415,0.052348,0.191620,0.024913,0.023466,0.025709,0.125847,0.052347
0.187248,0.208108,0.059969,0.072629,0.210969,0.012966,0.016874,0.028734,0.129875,0.072628
0.252533,0.168220,0.098949,0.043713,0.169141,0.031695,0.030514,0.032616,0.128904,0.043713
0.232065,0.223427,0.081445,0.017400,0.228549,0.014198,0.011518,0.012339,0.161657,0.017400
0.226098,0.214245,0.072896,0.040343,0.214490,0.026959,0.020850,0.024708,0.119069,0.040342
0.172895,0.200769,0.102007,0.056381,0.198009,0.028501,0.025469,0.028092,0.131496,0.056379
0.492934,0.164740,0.047781,0.009054,0.169505,0.007429,0.005164,0.005924,0.088415,0.009054
0.142308,0.223708,0.098194,0.046088,0.222200,0.020092,0.019533,0.022326,0.159462,0.046088
0.183523,0.206697,0.124841,0.051916,0.207899,0.015819,0.014498,0.020296,0.122597,0.051915
0.487262,0.149349,0.054142,0.008129,0.154630,0.005634,0.004868,0.005023,0.122834,0.008129
0.205980,0.183902,0.074853,0.042078,0.184610,0.042510,0.022818,0.025218,0.175956,0.042077
0.141118,0.200963,0.103098,0.064908,0.200451,0.023608,0.026975,0.046781,0.127190,0.064908
0.170169,0.204850,0.079082,0.042101,0.207145,0.015608,0.016525,0.020130,0.202291,0.042100
0.279215,0.118616,0.052358,0.009745,0.120883,0.006878,0.006536,0.006993,0.389030,0.009745
0.072346,0.105390,0.267697,0.024278,0.105701,0.254287,0.017549,0.017301,0.111172,0.024278
0.126365,0.211447,0.144905,0.013974,0.215402,0.003237,0.004818,0.005126,0.260751,0.013974
0.283305,0.249118,0.034361,0.008057,0.254868,0.004997,0.003864,0.004447,0.148925,0.008057
0.098842,0.201360,0.220767,0.036634,0.204737,0.007321,0.009781,0.014814,0.169113,0.036632
0.048520,0.141656,0.489890,0.024418,0.138093,0.009630,0.012774,0.011807,0.098795,0.024417
0.008545,0.016187,0.936003,0.002660,0.016148,0.000936,0.001213,0.001349,0.014300,0.002660
0.106259,0.257258,0.063848,0.039570,0.252517,0.034581,0.020409,0.017889,0.168099,0.039569
0.119085,0.161694,0.099895,0.079590,0.161618,0.045650,0.044816,0.050500,0.157562,0.079590
0.083243,0.193162,0.288033,0.032575,0.191858,0.052525,0.018407,0.019637,0.087986,0.032574
0.029744,0.090225,0.502704,0.075576,0.089537,0.012298,0.020066,0.027482,0.076794,0.075574
0.085135,0.167545,0.119755,0.084464,0.166075,0.041285,0.068596,0.051527,0.131155,0.084463
0.071651,0.097318,0.069702,0.098070,0.096641,0.065929,0.117858,0.171997,0.112761,0.098071
0.094567,0.221185,0.134613,0.071558,0.220958,0.029504,0.025861,0.029349,0.100848,0.071556
0.099437,0.178389,0.080938,0.106203,0.176237,0.048842,0.047439,0.057266,0.099049,0.106201
0.063085,0.133581,0.145521,0.128002,0.131913,0.027465,0.106120,0.065182,0.071132,0.127999
0.095201,0.207669,0.084934,0.093216,0.204040,0.031800,0.033775,0.041488,0.114663,0.093214
0.073975,0.290250,0.073912,0.051309,0.276378,0.038148,0.016905,0.023811,0.104006,0.051308
0.070704,0.161036,0.078729,0.099197,0.159239,0.105033,0.042363,0.049441,0.135061,0.099195
0.153064,0.216208,0.068585,0.047321,0.217784,0.094335,0.024370,0.026345,0.104668,0.047320
0.106390,0.207841,0.140112,0.071236,0.206969,0.015889,0.024540,0.029900,0.125888,0.071234
0.062537,0.130103,0.324937,0.045352,0.130386,0.022402,0.084397,0.039070,0.115463,0.045352
0.018471,0.039769,0.798439,0.018255,0.039626,0.006922,0.022408,0.013402,0.024453,0.018255
0.172960,0.216218,0.081907,0.037179,0.219905,0.044802,0.033515,0.034698,0.121638,0.037179
0.094682,0.182395,0.096278,0.091556,0.181018,0.036400,0.043247,0.057115,0.125755,0.091554
0.110228,0.196686,0.094818,0.083923,0.191883,0.035300,0.041864,0.050783,0.110593,0.083922
0.165081,0.220819,0.064135,0.054398,0.223092,0.037128,0.029641,0.031522,0.119786,0.054398
0.091017,0.195354,0.113992,0.080772,0.194681,0.021943,0.034862,0.046128,0.140481,0.080771
0.155675,0.213976,0.072169,0.051320,0.214900,0.052747,0.027291,0.028695,0.131908,0.051319
0.085568,0.231630,0.149409,0.036600,0.231468,0.015288,0.019754,0.020376,0.173308,0.036599
0.086087,0.250295,0.061414,0.059211,0.248360,0.024200,0.018215,0.022921,0.170088,0.059210
0.148368,0.212544,0.131554,0.040394,0.213067,0.029090,0.028409,0.030760,0.125420,0.040394
0.087154,0.199079,0.153015,0.075178,0.197970,0.035371,0.029479,0.035252,0.112324,0.075177
0.130948,0.231264,0.094857,0.044052,0.227105,0.033435,0.032878,0.037272,0.124138,0.044052
0.102047,0.253897,0.113218,0.049106,0.253309,0.021044,0.023218,0.029511,0.105545,0.049105
0.072910,0.133725,0.472127,0.030173,0.134165,0.015342,0.018692,0.020387,0.072307,0.030172
0.158313,0.223233,0.077187,0.055610,0.221259,0.025607,0.026347,0.034448,0.122386,0.055610
0.142992,0.226382,0.087540,0.052798,0.225323,0.031578,0.031590,0.035520,0.113480,0.052797
0.124422,0.217118,0.082576,0.072121,0.215085,0.016980,0.022470,0.028151,0.148958,0.072119
0.250079,0.178693,0.179347,0.018752,0.183474,0.008081,0.009121,0.010334,0.143367,0.018752
0.123173,0.213020,0.071320,0.082970,0.212491,0.017806,0.023411,0.028308,0.144532,0.082968
0.084281,0.181891,0.250625,0.041068,0.181342,0.009512,0.013353,0.016518,0.180343,0.041067
0.087790,0.089394,0.087792,0.109745,0.089359,0.094127,0.101669,0.141884,0.088495,0.109745
0.159776,0.191727,0.081560,0.061199,0.194451,0.039093,0.035063,0.033361,0.142571,0.061197
0.187971,0.215678,0.064230,0.062308,0.219802,0.023920,0.022501,0.030569,0.110713,0.062307
0.197144,0.245176,0.100905,0.025459,0.250870,0.008660,0.011469,0.015044,0.119814,0.025459
0.063336,0.087608,0.664920,0.005774,0.085812,0.002278,0.003050,0.002841,0.078607,0.005774
0.043564,0.139181,0.177040,0.037767,0.134368,0.005436,0.009598,0.014865,0.400414,0.037766
0.310301,0.130507,0.110336,0.051083,0.132567,0.041344,0.042865,0.043925,0.085989,0.051083
0.102944,0.141343,0.065828,0.158554,0.142843,0.026119,0.041660,0.048572,0.113588,0.158549
0.146926,0.183075,0.084028,0.046590,0.184763,0.012439,0.020318,0.021644,0.253626,0.046590
0.118748,0.164710,0.306066,0.023266,0.167465,0.006415,0.008131,0.010425,0.171508,0.023266
0.189652,0.165864,0.229528,0.029201,0.167729,0.026035,0.024166,0.024887,0.113738,0.029201
0.253751,0.203643,0.064925,0.025474,0.208300,0.015464,0.014772,0.015237,0.172960,0.025474
0.080675,0.209606,0.298239,0.016671,0.203235,0.005319,0.006985,0.007748,0.154852,0.016670
0.146161,0.183940,0.116083,0.054563,0.183616,0.052495,0.045026,0.043692,0.119860,0.054563
0.064314,0.102297,0.509375,0.017173,0.103041,0.015477,0.012117,0.011827,0.147206,0.017173
0.134292,0.185588,0.119602,0.044824,0.185263,0.029409,0.031422,0.030678,0.194099,0.044824
0.138161,0.219998,0.114692,0.056938,0.219069,0.022059,0.023903,0.028322,0.119921,0.056937
0.117731,0.175695,0.152332,0.039514,0.175601,0.025141,0.028874,0.031136,0.214460,0.039514
0.659925,0.099434,0.047925,0.005538,0.102136,0.003805,0.003795,0.003904,0.068000,0.005538
0.272919,0.200242,0.080848,0.034208,0.202231,0.024742,0.024867,0.026848,0.098888,0.034208
0.089635,0.181684,0.215175,0.041553,0.181733,0.070722,0.024570,0.027001,0.126376,0.041552
0.091903,0.178585,0.246847,0.047053,0.177745,0.026791,0.026968,0.030939,0.126118,0.047052
0.134292,0.185588,0.119602,0.044824,0.185263,0.029409,0.031422,0.030678,0.194099,0.044824
0.243207,0.188612,0.144398,0.027640,0.192808,0.015528,0.014675,0.016454,0.129037,0.027640
0.019956,0.027460,0.888699,0.004214,0.027627,0.002537,0.002959,0.002805,0.019528,0.004214
0.089495,0.152441,0.417960,0.021128,0.152914,0.007615,0.009887,0.010721,0.116712,0.021128
0.074355,0.181068,0.193046,0.040543,0.181642,0.074457,0.022807,0.019566,0.171975,0.040542
0.424628,0.199378,0.046967,0.014412,0.202582,0.009328,0.006766,0.008026,0.073502,0.014411
0.073169,0.180057,0.227601,0.049526,0.177848,0.102953,0.023789,0.026402,0.089130,0.049525
0.191780,0.200862,0.087811,0.057525,0.202343,0.014112,0.021815,0.042422,0.123804,0.057526
0.106158,0.220758,0.092852,0.029771,0.218293,0.018452,0.019159,0.020030,0.244756,0.029771
0.307900,0.185310,0.070735,0.023246,0.191251,0.016304,0.015790,0.015857,0.150361,0.023245
0.265430,0.197921,0.076356,0.017165,0.201744,0.026063,0.010665,0.012189,0.175301,0.017165
0.800468,0.073222,0.008482,0.002356,0.077268,0.001132,0.000983,0.001148,0.032584,0.002356
0.186095,0.212574,0.088062,0.041566,0.209773,0.020466,0.024925,0.025318,0.149658,0.041565
0.195847,0.233040,0.050599,0.042231,0.236362,0.014158,0.014784,0.017202,0.153547,0.042230
0.221182,0.226072,0.085440,0.031251,0.233120,0.012101,0.017672,0.018094,0.123818,0.031250
0.230388,0.227867,0.071168,0.032052,0.223837,0.021432,0.015869,0.017440,0.127895,0.032051
0.127913,0.188376,0.211680,0.006355,0.195656,0.002571,0.002816,0.003050,0.255229,0.006354
0.203667,0.215044,0.072934,0.050880,0.218860,0.022248,0.021859,0.026047,0.117582,0.050879
0.109246,0.180472,0.265611,0.027010,0.183388,0.006410,0.010324,0.012705,0.177825,0.027009
0.199224,0.250387,0.088325,0.026993,0.253935,0.010525,0.011873,0.015965,0.115780,0.026993
0.203997,0.204582,0.096564,0.042898,0.205098,0.020062,0.022759,0.028738,0.132406,0.042897
0.152452,0.293086,0.068770,0.024336,0.278291,0.012029,0.012621,0.014330,0.119749,0.024336
0.082534,0.175282,0.045487,0.019117,0.171907,0.020662,0.006933,0.008188,0.450772,0.019117
0.135555,0.209185,0.142692,0.050375,0.208824,0.026549,0.027594,0.031545,0.117308,0.050375
0.175731,0.175595,0.160645,0.011790,0.180202,0.003285,0.006705,0.005646,0.268610,0.011790
0.160042,0.214573,0.064390,0.050443,0.217390,0.013288,0.017970,0.021454,0.190010,0.050442
0.582951,0.113803,0.059490,0.015171,0.115574,0.013711,0.010064,0.010947,0.063119,0.015170
0.392832,0.148274,0.091846,0.023655,0.153566,0.019021,0.019423,0.020034,0.107693,0.023655
0.276450,0.177454,0.099975,0.026257,0.184100,0.018454,0.018237,0.019595,0.153222,0.026257
0.060951,0.195923,0.149297,0.067315,0.188021,0.018485,0.018045,0.021997,0.212654,0.067312
0.040712,0.061937,0.726743,0.006267,0.063255,0.002414,0.002724,0.002821,0.086860,0.006267
0.467914,0.127943,0.077341,0.021691,0.129685,0.015106,0.015053,0.016176,0.107400,0.021691
0.548022,0.112190,0.077042,0.023029,0.114099,0.012119,0.012763,0.014825,0.062883,0.023029
0.128820,0.177086,0.300326,0.014090,0.181532,0.003491,0.003749,0.004720,0.172097,0.014089
0.522474,0.145695,0.040518,0.006576,0.155429,0.003968,0.003740,0.004213,0.110812,0.006576
0.089845,0.140799,0.042697,0.049013,0.142984,0.011488,0.010394,0.015178,0.448590,0.049012
0.241767,0.173955,0.061203,0.029952,0.178714,0.019967,0.019276,0.020694,0.224519,0.029952
0.144015,0.171620,0.239586,0.008601,0.176472,0.003999,0.004765,0.004721,0.237619,0.008601
0.425102,0.150331,0.058955,0.024073,0.156158,0.014434,0.017876,0.017983,0.111016,0.024073
0.250133,0.200253,0.054913,0.027864,0.208590,0.015406,0.014038,0.016332,0.184608,0.027864
0.085581,0.153971,0.100780,0.097740,0.149042,0.076741,0.064007,0.054203,0.120198,0.097738
0.366633,0.152430,0.051461,0.015869,0.160923,0.011279,0.011296,0.011825,0.202415,0.015869
0.214859,0.178754,0.073953,0.029924,0.180016,0.020712,0.020979,0.021567,0.229313,0.029923
0.171644,0.183386,0.160441,0.024471,0.189453,0.014505,0.014006,0.016214,0.201410,0.024471
0.192293,0.177165,0.271685,0.005769,0.186834,0.004275,0.004078,0.004306,0.147827,0.005768
0.321041,0.165652,0.075301,0.040713,0.168375,0.046990,0.020126,0.021577,0.099514,0.040712
0.391411,0.157763,0.062026,0.019170,0.163970,0.011992,0.012036,0.012938,0.149524,0.019170
0.166675,0.273721,0.045744,0.018266,0.262086,0.024309,0.007953,0.009315,0.173666,0.018265
0.057323,0.080492,0.064426,0.207102,0.079853,0.046968,0.070709,0.123522,0.062505,0.207100
0.056857,0.098033,0.395523,0.026822,0.098336,0.150253,0.018386,0.022299,0.106668,0.026822
0.062677,0.097845,0.516687,0.034627,0.098231,0.020447,0.022574,0.030078,0.082207,0.034626
0.193681,0.185040,0.059436,0.069158,0.189466,0.021123,0.027259,0.047343,0.138337,0.069157
0.007753,0.013711,0.010084,0.173524,0.013555,0.007765,0.023807,0.565348,0.010926,0.173527
0.045951,0.090857,0.053529,0.074416,0.090464,0.029957,0.037135,0.435558,0.067718,0.074416
0.370642,0.164995,0.061056,0.013407,0.170254,0.010819,0.009338,0.009432,0.176652,0.013406
0.110534,0.172920,0.342260,0.019695,0.175773,0.004389,0.005965,0.007013,0.141758,0.019694
0.021687,0.058843,0.725006,0.030151,0.058477,0.003422,0.006033,0.009889,0.056342,0.030150
0.107152,0.156217,0.095535,0.053914,0.155020,0.213806,0.036944,0.038642,0.088856,0.053914
0.083119,0.130141,0.089728,0.113352,0.128696,0.044688,0.066523,0.074254,0.156148,0.113351
0.138777,0.156455,0.067373,0.076449,0.156472,0.030425,0.035898,0.175482,0.086219,0.076449
0.082975,0.162320,0.105287,0.104372,0.161886,0.030304,0.038793,0.049472,0.160223,0.104370
0.126161,0.137126,0.093178,0.067215,0.137206,0.143947,0.045514,0.051824,0.130616,0.067214
0.126261,0.129842,0.065811,0.058723,0.132093,0.214058,0.032400,0.040561,0.141529,0.058722
0.032357,0.045856,0.025417,0.018713,0.045836,0.750407,0.011450,0.020864,0.030386,0.018713
0.119375,0.217684,0.106678,0.037313,0.216887,0.030376,0.021255,0.023752,0.189367,0.037313
0.117740,0.124035,0.085086,0.055323,0.123845,0.257236,0.047430,0.045418,0.088564,0.055323
0.068348,0.113488,0.080043,0.179251,0.112470,0.036338,0.049533,0.083647,0.097634,0.179248
0.067571,0.099977,0.075981,0.162152,0.099268,0.053843,0.093881,0.108420,0.076755,0.162152
0.132531,0.174353,0.113119,0.082049,0.173316,0.041042,0.036871,0.039705,0.124966,0.082047
0.185883,0.274520,0.081578,0.016650,0.278497,0.026082,0.008215,0.009411,0.102514,0.016650
0.031632,0.071240,0.590423,0.018183,0.070211,0.004342,0.006757,0.007133,0.181898,0.018182
0.284320,0.211585,0.044480,0.013957,0.221016,0.003336,0.005095,0.006344,0.195911,0.013957
0.519989,0.148508,0.036900,0.015108,0.152300,0.007138,0.007402,0.009620,0.087928,0.015107
0.188163,0.242446,0.064366,0.024496,0.230637,0.016461,0.017249,0.017367,0.174319,0.024496
0.138015,0.205553,0.099097,0.053226,0.205864,0.015752,0.017786,0.023809,0.187674,0.053225
0.424601,0.146278,0.055191,0.023234,0.147956,0.019691,0.016190,0.016488,0.127137,0.023234
0.133972,0.251990,0.071784,0.032195,0.243702,0.013561,0.013342,0.017601,0.189658,0.032195
0.384761,0.171921,0.058798,0.013443,0.178863,0.008246,0.010124,0.009865,0.150535,0.013443
0.547121,0.120639,0.041477,0.016844,0.123401,0.013064,0.016179,0.014053,0.090378,0.016844
0.026380,0.060175,0.103152,0.010766,0.058590,0.003659,0.005171,0.005714,0.715629,0.010766
0.021727,0.020328,0.006769,0.001672,0.020309,0.000992,0.001068,0.001045,0.924417,0.001672
0.012700,0.011735,0.003232,0.000897,0.012096,0.000456,0.000505,0.000544,0.956939,0.000897
0.044268,0.025263,0.010281,0.002632,0.026157,0.001405,0.001537,0.001685,0.884138,0.002632
0.074254,0.109441,0.063233,0.159999,0.108651,0.044348,0.093534,0.059339,0.127207,0.159994
0.140038,0.202683,0.133417,0.029290,0.204062,0.013227,0.015510,0.015724,0.216759,0.029290
0.009476,0.019384,0.019694,0.002941,0.018979,0.000943,0.001162,0.001370,0.923112,0.002941
0.120464,0.299379,0.058966,0.024461,0.281750,0.010435,0.010830,0.010782,0.158472,0.024460
0.008117,0.020228,0.023692,0.003258,0.019957,0.000732,0.000901,0.001033,0.918825,0.003258
0.141665,0.228501,0.180860,0.032273,0.218916,0.013705,0.015041,0.017003,0.119763,0.032273
0.270578,0.200244,0.074426,0.028044,0.199600,0.016849,0.016991,0.018190,0.147034,0.028044
0.166576,0.195982,0.048624,0.044293,0.199509,0.010050,0.019939,0.162944,0.107790,0.044293
0.513355,0.155558,0.040762,0.013530,0.158762,0.011079,0.009842,0.009354,0.074228,0.013530
0.181139,0.208912,0.065299,0.046848,0.209916,0.031353,0.029776,0.027414,0.152497,0.046847
0.166140,0.190133,0.087678,0.072402,0.192783,0.032818,0.030781,0.036054,0.118811,0.072401
0.109242,0.132902,0.134700,0.078617,0.132980,0.046000,0.056143,0.067774,0.163027,0.078616
0.132169,0.182223,0.124531,0.056224,0.183449,0.027590,0.030764,0.039352,0.167475,0.056224
0.019418,0.031953,0.019156,0.083782,0.031576,0.016942,0.026853,0.661904,0.024633,0.083783
0.274426,0.226654,0.044166,0.043749,0.215920,0.014366,0.015632,0.018625,0.102715,0.043747
0.152225,0.223296,0.072810,0.059569,0.226646,0.015689,0.023290,0.034774,0.132133,0.059569
0.088563,0.178685,0.148234,0.080121,0.177458,0.039327,0.042074,0.038198,0.127220,0.080119
0.172591,0.267799,0.088072,0.017328,0.275678,0.012478,0.010977,0.011578,0.126172,0.017327
0.686461,0.109113,0.021003,0.004215,0.114191,0.002411,0.002603,0.002747,0.053041,0.004215
0.065817,0.127732,0.372556,0.045111,0.127643,0.023485,0.029571,0.028312,0.134662,0.045111
0.194868,0.252337,0.126886,0.012247,0.261994,0.005445,0.005510,0.005993,0.122474,0.012246
0.085582,0.161200,0.090486,0.134748,0.158910,0.031539,0.048425,0.063927,0.090436,0.134747
0.122263,0.220878,0.179481,0.014535,0.226475,0.007148,0.008283,0.008756,0.197647,0.014534
0.131279,0.197922,0.115074,0.062408,0.198583,0.038268,0.037433,0.032560,0.124068,0.062406
0.107460,0.230541,0.186291,0.008671,0.224639,0.004659,0.004399,0.005014,0.219653,0.008671
0.211264,0.226021,0.087135,0.024023,0.232181,0.025618,0.018424,0.017822,0.133489,0.024023
0.282658,0.205580,0.075870,0.016672,0.212519,0.014387,0.013160,0.013285,0.149196,0.016672
0.275368,0.205378,0.067323,0.011829,0.213431,0.005284,0.007285,0.007482,0.194791,0.011829
0.347741,0.179869,0.036591,0.013195,0.186775,0.003314,0.004553,0.005401,0.209367,0.013195
0.350885,0.197088,0.060960,0.014983,0.203681,0.009676,0.009252,0.010117,0.128377,0.014983
0.042539,0.088730,0.634445,0.012064,0.089664,0.004192,0.005708,0.006356,0.104239,0.012064
0.083152,0.113742,0.571438,0.004880,0.111774,0.003291,0.003423,0.003405,0.100014,0.004880
0.010281,0.012170,0.014362,0.001502,0.012463,0.000498,0.000592,0.000737,0.945894,0.001502
0.278910,0.147171,0.079918,0.021359,0.149836,0.018049,0.017195,0.017574,0.248630,0.021359
0.056992,0.103163,0.568921,0.006990,0.105926,0.002754,0.003265,0.003384,0.141616,0.006990
0.124569,0.127565,0.381171,0.008379,0.131202,0.005925,0.005165,0.005477,0.202167,0.008379
0.141028,0.238301,0.084425,0.055855,0.236773,0.026219,0.027680,0.029850,0.104015,0.055854
0.087333,0.105536,0.541034,0.020814,0.106767,0.006854,0.008511,0.010057,0.092280,0.020814
0.061460,0.107010,0.430181,0.028627,0.107361,0.014822,0.014292,0.017037,0.190583,0.028627
0.186501,0.260309,0.080931,0.011913,0.251973,0.005849,0.005744,0.006539,0.178330,0.011913
0.182416,0.208226,0.092588,0.026291,0.207705,0.022789,0.020546,0.019994,0.193154,0.026290
0.134218,0.214841,0.234953,0.015758,0.213557,0.007689,0.008565,0.008781,0.145880,0.015757
0.506009,0.153200,0.086025,0.007577,0.153650,0.004610,0.004866,0.005084,0.071401,0.007577
0.013959,0.029219,0.872043,0.008597,0.029004,0.003854,0.004633,0.005099,0.024994,0.008597
0.329010,0.209207,0.048197,0.013157,0.211974,0.007472,0.005849,0.006871,0.155107,0.013157
0.263596,0.195443,0.170284,0.008582,0.202320,0.003503,0.003776,0.003855,0.140058,0.008582
0.228042,0.179205,0.092334,0.038566,0.180624,0.023300,0.028721,0.027219,0.163423,0.038566
0.179747,0.229178,0.094681,0.039694,0.227718,0.036731,0.019732,0.021733,0.111093,0.039693
0.061565,0.108582,0.514377,0.027192,0.109357,0.009856,0.011700,0.015046,0.115134,0.027191
0.335243,0.189533,0.067758,0.030572,0.192118,0.020034,0.015189,0.016948,0.102036,0.030571
0.116544,0.206032,0.108239,0.060363,0.200720,0.033640,0.032942,0.035399,0.145757,0.060362
0.075465,0.070815,0.698101,0.004195,0.071608,0.002610,0.002772,0.002693,0.067546,0.004195
0.157886,0.282341,0.081425,0.013241,0.287255,0.013953,0.007458,0.007965,0.135235,0.013240
0.277265,0.216565,0.043673,0.024365,0.209258,0.014876,0.015382,0.014144,0.160108,0.024364
0.387654,0.168734,0.131413,0.003839,0.171506,0.002615,0.002532,0.002582,0.125286,0.003839
0.241214,0.213424,0.054256,0.019046,0.217318,0.016248,0.013127,0.013020,0.193301,0.019046
0.226724,0.150296,0.196273,0.009442,0.154998,0.006493,0.007297,0.006637,0.232399,0.009442
0.686645,0.097424,0.033973,0.007842,0.099919,0.005648,0.005503,0.005763,0.049442,0.007841
0.097086,0.288456,0.061112,0.022570,0.268755,0.013851,0.009777,0.011554,0.204269,0.022570
0.277406,0.202205,0.056853,0.026027,0.207873,0.015338,0.015016,0.015873,0.157382,0.026027
0.177350,0.218491,0.154041,0.034340,0.219410,0.016318,0.019136,0.020045,0.106529,0.034340
0.117880,0.202403,0.085540,0.080853,0.200730,0.038295,0.038494,0.059811,0.095143,0.080852
0.047456,0.089751,0.061239,0.153191,0.087204,0.026866,0.070556,0.235244,0.075300,0.153193
0.056718,0.107954,0.453478,0.057254,0.108216,0.011256,0.017682,0.026110,0.104078,0.057253
0.637614,0.108109,0.053090,0.006005,0.111890,0.003564,0.003980,0.004137,0.065606,0.006005
0.230520,0.223329,0.061246,0.021177,0.228663,0.012270,0.011688,0.013362,0.176568,0.021177
0.375566,0.186054,0.066862,0.015688,0.192795,0.012580,0.011392,0.011984,0.111392,0.015688
0.145843,0.173338,0.193426,0.003524,0.182628,0.001643,0.001731,0.001959,0.292383,0.003524
0.160763,0.291852,0.087906,0.012439,0.279623,0.008892,0.007049,0.007874,0.131162,0.012439
0.094359,0.200009,0.142204,0.020217,0.203291,0.009676,0.009095,0.009555,0.291377,0.020216
0.081524,0.167391,0.368249,0.032719,0.163457,0.006891,0.008736,0.015312,0.123002,0.032719
0.140028,0.152202,0.278909,0.034741,0.155436,0.014582,0.018729,0.019359,0.151274,0.034740
0.155984,0.312475,0.070792,0.010000,0.298492,0.005094,0.004953,0.005897,0.126314,0.010000
0.010360,0.023647,0.032601,0.002674,0.024161,0.000550,0.000787,0.000922,0.901625,0.002674
0.635730,0.115805,0.025127,0.009131,0.120168,0.005475,0.006318,0.006692,0.066422,0.009131
0.321708,0.194748,0.045443,0.013306,0.203421,0.008438,0.009605,0.009518,0.180506,0.013306
0.345516,0.144503,0.051556,0.009161,0.147808,0.007091,0.005828,0.006147,0.273228,0.009161
0.143567,0.203742,0.090109,0.062269,0.203548,0.027898,0.025217,0.030454,0.150927,0.062268
0.318581,0.127366,0.051706,0.010372,0.129034,0.007876,0.007176,0.007483,0.330033,0.010372
0.052228,0.142553,0.298910,0.089380,0.140493,0.017882,0.032498,0.031096,0.105584,0.089377
0.342024,0.160783,0.066019,0.032215,0.162151,0.059966,0.025237,0.024374,0.095016,0.032215
0.039178,0.066485,0.739004,0.007768,0.067501,0.003946,0.005260,0.004594,0.058497,0.007768
0.170593,0.180076,0.049353,0.032732,0.183000,0.022959,0.013366,0.015359,0.299831,0.032731
0.072749,0.098542,0.562433,0.017715,0.099345,0.007788,0.011263,0.010291,0.102158,0.017715
0.046871,0.081663,0.626888,0.018854,0.081670,0.007218,0.012755,0.010435,0.094791,0.018854
0.108803,0.170167,0.078217,0.095105,0.170946,0.027087,0.031993,0.037626,0.184953,0.095104
0.138730,0.194391,0.073082,0.089552,0.196199,0.039950,0.021874,0.031255,0.125412,0.089552
0.069602,0.171661,0.108812,0.040537,0.165888,0.021209,0.019227,0.021687,0.340841,0.040536
0.109956,0.181631,0.075915,0.052756,0.182023,0.043691,0.029214,0.032518,0.239541,0.052756
0.398344,0.154341,0.071437,0.024503,0.155700,0.019475,0.016981,0.016144,0.118573,0.024502
0.071036,0.159628,0.215033,0.074691,0.159366,0.015950,0.030052,0.027943,0.171614,0.074688
0.080417,0.277140,0.069860,0.043682,0.261527,0.029783,0.017307,0.021235,0.155366,0.043681
0.337040,0.160112,0.173610,0.009437,0.161890,0.004289,0.004819,0.005101,0.134265,0.009437
0.035849,0.089697,0.602754,0.014793,0.089778,0.007677,0.007894,0.007906,0.128858,0.014793
0.150145,0.193723,0.078896,0.047881,0.194474,0.033597,0.033946,0.036101,0.183357,0.047881
0.060453,0.037780,0.015541,0.003889,0.039156,0.001606,0.002084,0.002220,0.833383,0.003889
0.046436,0.061294,0.019326,0.005657,0.061664,0.002796,0.002818,0.002820,0.791532,0.005657
0.038868,0.119663,0.074039,0.025203,0.116875,0.006862,0.008446,0.012329,0.572512,0.025203
0.180377,0.224298,0.176412,0.025798,0.228529,0.007191,0.009568,0.011972,0.110058,0.025797
0.453060,0.165278,0.029532,0.009908,0.171043,0.004912,0.004624,0.004917,0.146820,0.009907
0.092527,0.207208,0.156697,0.023951,0.209444,0.049135,0.011609,0.013249,0.212231,0.023950
0.094907,0.144153,0.431595,0.019055,0.145349,0.007466,0.008571,0.007627,0.122225,0.019054
0.719138,0.089039,0.018420,0.002848,0.093830,0.001822,0.001908,0.001998,0.068150,0.002848
0.258637,0.228773,0.095400,0.016393,0.223769,0.007305,0.008232,0.008400,0.136701,0.016392
0.290282,0.222271,0.029874,0.017085,0.225254,0.041726,0.008788,0.009618,0.138018,0.017084
0.026357,0.055980,0.771882,0.011265,0.056288,0.009034,0.004603,0.005187,0.048141,0.011264
0.097638,0.200167,0.132943,0.041826,0.200873,0.016327,0.018469,0.022617,0.227316,0.041825
0.183623,0.180265,0.063752,0.076603,0.181688,0.024460,0.028422,0.049458,0.135126,0.076603
0.151647,0.211975,0.074485,0.029283,0.211678,0.018642,0.018049,0.018142,0.236816,0.029282
0.269020,0.225001,0.058221,0.016023,0.233772,0.011535,0.009756,0.011400,0.149251,0.016022
0.402574,0.157912,0.048423,0.012211,0.165160,0.008196,0.007022,0.007794,0.178496,0.012211
0.164667,0.204902,0.257242,0.003758,0.217371,0.002225,0.002120,0.002301,0.141655,0.003758
0.102534,0.138875,0.111292,0.088433,0.135527,0.068673,0.069273,0.082944,0.114016,0.088433
0.318925,0.200811,0.056908,0.028709,0.196601,0.018471,0.014837,0.016269,0.119760,0.028709
0.258120,0.241381,0.049346,0.034993,0.247109,0.012259,0.010634,0.013593,0.097575,0.034991
0.074458,0.163588,0.076159,0.016041,0.160829,0.007398,0.008917,0.007933,0.468635,0.016041
0.248478,0.176431,0.133611,0.043949,0.175698,0.023626,0.023472,0.026075,0.104710,0.043949
0.191643,0.217028,0.107813,0.030583,0.214184,0.025057,0.022272,0.022895,0.137942,0.030583
0.027110,0.055155,0.792135,0.009739,0.054086,0.004935,0.004182,0.004618,0.038301,0.009739
0.120738,0.215010,0.160170,0.018347,0.216875,0.004886,0.005898,0.007339,0.232389,0.018347
0.278182,0.196060,0.066558,0.035225,0.192066,0.022434,0.019370,0.021477,0.133404,0.035225
0.322376,0.185081,0.070291,0.027949,0.188686,0.017713,0.016382,0.015475,0.128099,0.027948
0.521899,0.153081,0.038414,0.008537,0.157134,0.005042,0.005030,0.005310,0.097016,0.008537
0.203572,0.234335,0.068155,0.023095,0.228187,0.013561,0.014270,0.013893,0.177838,0.023094
0.374104,0.193172,0.056582,0.024446,0.189287,0.015026,0.012295,0.013616,0.097025,0.024445
0.041612,0.080697,0.624701,0.044682,0.080526,0.012846,0.010696,0.016376,0.043184,0.044681
0.067741,0.163865,0.195486,0.094613,0.158177,0.023217,0.037042,0.057950,0.107297,0.094612
0.380706,0.163387,0.067657,0.021204,0.168533,0.016032,0.018253,0.016138,0.126886,0.021204
0.034958,0.088966,0.656904,0.027330,0.085768,0.016382,0.008412,0.009982,0.043969,0.027329
0.046813,0.101255,0.599220,0.019417,0.100465,0.005906,0.009641,0.011110,0.086756,0.019417
0.244141,0.214132,0.073707,0.030459,0.212676,0.013967,0.015488,0.016583,0.148389,0.030459
0.597662,0.124698,0.036183,0.005450,0.128975,0.003359,0.002981,0.003201,0.092039,0.005450
0.050776,0.107257,0.302659,0.135583,0.106830,0.018526,0.024673,0.035913,0.082206,0.135576
0.150961,0.090003,0.574344,0.010158,0.091751,0.004322,0.005067,0.005443,0.057793,0.010158
0.052830,0.095038,0.627111,0.019100,0.093666,0.010205,0.011326,0.012192,0.059433,0.019099
0.172265,0.221455,0.113152,0.041463,0.217984,0.017279,0.018962,0.021380,0.134596,0.041462
0.193193,0.207649,0.131677,0.015822,0.214069,0.010403,0.011918,0.011540,0.187907,0.015822
0.382888,0.197807,0.046809,0.030922,0.202678,0.007296,0.009266,0.012370,0.079043,0.030921
0.124955,0.226338,0.140063,0.040422,0.218424,0.025780,0.020481,0.023479,0.139637,0.040421
0.111110,0.164729,0.128353,0.082406,0.161186,0.045744,0.046944,0.051993,0.125130,0.082405
0.133295,0.195192,0.164384,0.039554,0.194563,0.014824,0.017227,0.019558,0.181850,0.039553
0.309465,0.173152,0.074622,0.021241,0.180333,0.009887,0.012104,0.012144,0.185811,0.021241
0.569980,0.146184,0.025555,0.007581,0.150751,0.004681,0.005837,0.005129,0.076722,0.007581
0.161285,0.156418,0.110584,0.087633,0.156998,0.035252,0.040743,0.041902,0.121553,0.087631
0.135054,0.183247,0.238457,0.032283,0.180448,0.029983,0.025314,0.024084,0.118847,0.032283
0.040518,0.067059,0.755810,0.006248,0.067765,0.004371,0.004128,0.004363,0.043491,0.006248
0.070976,0.328229,0.058645,0.020193,0.300457,0.008009,0.007844,0.008871,0.176584,0.020192
0.043771,0.184776,0.314700,0.038909,0.177511,0.043844,0.012796,0.018179,0.126605,0.038909
0.193450,0.219460,0.085179,0.035389,0.219854,0.016383,0.016974,0.019964,0.157958,0.035389
0.424473,0.148821,0.063061,0.022418,0.151663,0.016087,0.017133,0.017281,0.116644,0.022418
0.674022,0.101350,0.024878,0.006419,0.105479,0.004424,0.004592,0.004901,0.067517,0.006419
0.107505,0.121692,0.378391,0.014856,0.124062,0.006546,0.008664,0.007629,0.215798,0.014856
0.109114,0.257640,0.064377,0.064345,0.244161,0.013036,0.020730,0.032035,0.130216,0.064345
0.077706,0.139712,0.083173,0.024291,0.141989,0.005557,0.008104,0.011523,0.483654,0.024291
0.333783,0.171798,0.059899,0.014661,0.177085,0.006027,0.006924,0.008056,0.207106,0.014661
0.139719,0.182610,0.273332,0.036626,0.185397,0.007162,0.011638,0.013614,0.113276,0.036625
0.077339,0.221230,0.056421,0.130268,0.210049,0.017922,0.019953,0.027009,0.109548,0.130262
0.247054,0.218495,0.096855,0.025988,0.223915,0.006943,0.007497,0.008788,0.138478,0.025987
0.078994,0.120886,0.060832,0.174324,0.119458,0.036422,0.059829,0.069126,0.105809,0.174320
0.041550,0.075237,0.063758,0.257121,0.074616,0.028448,0.054079,0.073855,0.074226,0.257110
0.047127,0.088907,0.043619,0.261382,0.087543,0.026130,0.040967,0.058401,0.084558,0.261364
0.075986,0.133233,0.084543,0.133843,0.132311,0.035093,0.056927,0.065304,0.148921,0.133839
0.047998,0.118301,0.561456,0.016933,0.115809,0.007711,0.008553,0.010120,0.096185,0.016933
0.078767,0.140121,0.055853,0.156706,0.139371,0.038058,0.038146,0.047972,0.148307,0.156699
0.065151,0.116992,0.060642,0.175347,0.117302,0.022001,0.049923,0.057346,0.159953,0.175343
0.000847,0.001396,0.001026,0.020183,0.001382,0.002241,0.641804,0.309915,0.001022,0.020184
0.076637,0.094053,0.081851,0.146286,0.093656,0.056225,0.105384,0.119286,0.080335,0.146286
0.021418,0.037282,0.025018,0.261681,0.036916,0.012058,0.197294,0.114808,0.031849,0.261677
0.030498,0.038890,0.036448,0.153545,0.038695,0.029667,0.137931,0.345303,0.035479,0.153543
0.105143,0.180004,0.072491,0.106179,0.180152,0.024165,0.033043,0.041989,0.150658,0.106176
0.054717,0.119746,0.064332,0.181936,0.118969,0.026537,0.046108,0.089030,0.116689,0.181935
0.029728,0.046407,0.053773,0.242665,0.046001,0.027076,0.115656,0.151173,0.044866,0.242656
0.022907,0.038066,0.029063,0.306621,0.037678,0.067222,0.080259,0.082038,0.029530,0.306616
0.020850,0.026528,0.022252,0.094294,0.026374,0.022067,0.442293,0.227753,0.023295,0.094295
0.064026,0.082831,0.061293,0.193160,0.082359,0.049949,0.093247,0.112867,0.067110,0.193157
0.014253,0.021624,0.016314,0.158440,0.021426,0.012895,0.510032,0.070525,0.016056,0.158437
0.005912,0.010205,0.007227,0.293166,0.010060,0.005555,0.034899,0.331806,0.007984,0.293187
0.067590,0.102137,0.067896,0.182368,0.101309,0.042462,0.085389,0.089841,0.078644,0.182365
0.021568,0.043012,0.034005,0.329070,0.042515,0.013264,0.038989,0.112397,0.036109,0.329070
0.035735,0.058776,0.033450,0.307391,0.058147,0.040968,0.035448,0.085133,0.037560,0.307392
0.018997,0.028236,0.022506,0.140901,0.027982,0.037978,0.484268,0.073354,0.024877,0.140900
0.008809,0.012147,0.010167,0.044398,0.012058,0.007633,0.028522,0.822118,0.009748,0.044399
0.044741,0.071778,0.047885,0.153143,0.071293,0.027736,0.278448,0.089893,0.061941,0.153142
0.013549,0.017170,0.013870,0.045780,0.017074,0.013181,0.043381,0.776221,0.013993,0.045782
0.019998,0.030366,0.022558,0.178227,0.030031,0.018625,0.420161,0.078916,0.022897,0.178221
0.068701,0.106366,0.128977,0.111946,0.106514,0.031919,0.172559,0.059424,0.101650,0.111944
0.013246,0.020747,0.014037,0.377850,0.020531,0.013147,0.047856,0.098820,0.015924,0.377844
0.041848,0.071245,0.036935,0.261129,0.070342,0.029984,0.091724,0.074434,0.061241,0.261117
0.015198,0.022231,0.017508,0.321422,0.022071,0.011949,0.127893,0.122275,0.018030,0.321425
0.001204,0.001909,0.001459,0.034475,0.001889,0.001267,0.397325,0.524576,0.001419,0.034476
0.030811,0.053458,0.036543,0.159367,0.052829,0.072327,0.294813,0.104542,0.035944,0.159366
0.047106,0.073896,0.052675,0.228297,0.073315,0.030203,0.062468,0.122309,0.081438,0.228292
0.005335,0.007440,0.006051,0.054461,0.007380,0.004755,0.761333,0.092232,0.006552,0.054461
0.037999,0.071057,0.056860,0.214887,0.070541,0.162907,0.048459,0.064857,0.057552,0.214882
0.027652,0.061187,0.032913,0.316016,0.060087,0.012608,0.067822,0.068460,0.037255,0.316002
0.004998,0.007717,0.005027,0.039461,0.007636,0.003894,0.832960,0.052749,0.006099,0.039461
0.029078,0.050179,0.037891,0.253204,0.049549,0.025970,0.154596,0.109440,0.036890,0.253204
0.066482,0.094899,0.071015,0.142170,0.094068,0.123193,0.097904,0.092377,0.075723,0.142169
0.070477,0.098376,0.064225,0.150816,0.097372,0.112318,0.086975,0.089098,0.079528,0.150815
0.036245,0.063758,0.044232,0.266876,0.063000,0.022107,0.093334,0.095483,0.048093,0.266871
0.092578,0.109993,0.107634,0.104172,0.109635,0.089577,0.086742,0.093693,0.101803,0.104172
0.077555,0.092504,0.076498,0.163533,0.092234,0.054913,0.091542,0.109271,0.078418,0.163533
0.013522,0.017332,0.015080,0.112956,0.017218,0.013585,0.584179,0.098621,0.014549,0.112958
0.022340,0.034821,0.023672,0.306133,0.034491,0.018724,0.053722,0.169276,0.030689,0.306133
0.004216,0.006753,0.004391,0.078280,0.006700,0.003372,0.747776,0.065037,0.005192,0.078283
0.012029,0.019872,0.014561,0.288651,0.019693,0.009076,0.051716,0.280136,0.015600,0.288666
0.015903,0.024206,0.021398,0.326705,0.024002,0.012958,0.056551,0.169937,0.021628,0.326712
0.065971,0.089686,0.096346,0.159506,0.089278,0.051847,0.109521,0.094687,0.083655,0.159503
0.004413,0.006585,0.004010,0.035428,0.006561,0.007139,0.870859,0.024840,0.004737,0.035428
0.028253,0.038741,0.043938,0.111417,0.038566,0.025608,0.073807,0.489757,0.038497,0.111417
0.004310,0.005709,0.005153,0.030506,0.005703,0.002827,0.314455,0.596125,0.004704,0.030508
0.074732,0.124406,0.115707,0.165464,0.123364,0.037745,0.054303,0.060812,0.078010,0.165457
0.049524,0.077799,0.048601,0.261332,0.077032,0.031939,0.052359,0.063313,0.076783,0.261318
0.014924,0.019429,0.014873,0.105252,0.019300,0.018881,0.596517,0.090027,0.015545,0.105251
0.083952,0.129803,0.073467,0.153851,0.128521,0.034833,0.075659,0.068751,0.097316,0.153847
0.034255,0.051963,0.032508,0.259407,0.051386,0.083496,0.058060,0.130723,0.038795,0.259408
0.072812,0.113296,0.061458,0.197376,0.111893,0.042586,0.058989,0.069886,0.074333,0.197370
0.055732,0.079923,0.052319,0.192670,0.079391,0.047519,0.140941,0.096826,0.062015,0.192664
0.021037,0.044936,0.028625,0.344462,0.044209,0.014865,0.069094,0.059999,0.028331,0.344442
0.022614,0.036296,0.024543,0.275467,0.035933,0.132607,0.061803,0.101897,0.033371,0.275468
0.063893,0.076098,0.073928,0.191429,0.075846,0.063402,0.089844,0.098696,0.075443,0.191421
0.025234,0.036710,0.033440,0.194698,0.036391,0.024055,0.089958,0.334735,0.030076,0.194703
0.056958,0.074918,0.063567,0.197006,0.074537,0.055805,0.085219,0.090260,0.104733,0.196997
0.008992,0.014244,0.010796,0.302229,0.014069,0.007930,0.051558,0.277176,0.010761,0.302246
0.011714,0.016154,0.012611,0.098010,0.016057,0.008812,0.628981,0.093598,0.016054,0.098011
0.050721,0.080332,0.050963,0.230901,0.079679,0.029243,0.055940,0.092198,0.099125,0.230898
0.078040,0.086826,0.078114,0.119226,0.086686,0.079260,0.145359,0.129003,0.078259,0.119226
0.001909,0.002625,0.002103,0.014842,0.002605,0.002029,0.941770,0.015054,0.002221,0.014842
0.023293,0.034467,0.027657,0.241752,0.034127,0.021710,0.221029,0.126111,0.028103,0.241750
0.004170,0.005816,0.004609,0.030590,0.005768,0.007384,0.875805,0.030745,0.004522,0.030591
0.012475,0.018545,0.020054,0.070761,0.018393,0.012160,0.441227,0.320684,0.014939,0.070761
0.013198,0.018505,0.012764,0.236170,0.018324,0.009890,0.061334,0.379999,0.013625,0.236191
0.051665,0.062929,0.045977,0.071269,0.062610,0.228090,0.297223,0.057460,0.051508,0.071269
0.007259,0.010733,0.008392,0.099679,0.010680,0.007521,0.026591,0.719265,0.010197,0.099683
0.023722,0.042693,0.024839,0.172756,0.042193,0.016421,0.030325,0.447791,0.026512,0.172747
0.005134,0.010544,0.006826,0.303130,0.010401,0.005090,0.247036,0.099895,0.008815,0.303130
0.012030,0.019600,0.013046,0.179971,0.019416,0.009491,0.046658,0.503174,0.016635,0.179980
0.020604,0.030641,0.022958,0.273077,0.030363,0.102739,0.126144,0.091914,0.028492,0.273068
0.010331,0.015756,0.012856,0.108470,0.015601,0.009951,0.600774,0.104879,0.012910,0.108471
0.006400,0.010689,0.006915,0.062880,0.010608,0.009865,0.230167,0.590224,0.009371,0.062882
0.026230,0.031652,0.018903,0.161002,0.031454,0.013846,0.030285,0.500193,0.025434,0.161000
0.086464,0.108341,0.091181,0.120102,0.107721,0.088166,0.095053,0.084661,0.098209,0.120100
0.017613,0.032500,0.023233,0.238689,0.032174,0.013986,0.213393,0.163543,0.026183,0.238685
0.014300,0.023031,0.017599,0.326239,0.022802,0.011012,0.060048,0.179741,0.018975,0.326253
0.013468,0.022213,0.015792,0.239692,0.021928,0.012041,0.213279,0.203926,0.017970,0.239691
0.006678,0.010626,0.007234,0.267824,0.010496,0.006279,0.047700,0.367444,0.007886,0.267833
0.043457,0.063464,0.048453,0.264078,0.062857,0.034581,0.060330,0.112279,0.046429,0.264072
0.000669,0.001134,0.000874,0.023524,0.001119,0.000581,0.929488,0.018184,0.000903,0.023525
0.003882,0.005396,0.004727,0.025880,0.005355,0.004543,0.886750,0.033315,0.004271,0.025880
0.003549,0.006166,0.004511,0.149730,0.006112,0.002636,0.053189,0.618787,0.005586,0.149733
0.032156,0.049236,0.035792,0.126454,0.048724,0.024302,0.421790,0.091123,0.043971,0.126452
0.045043,0.056720,0.042726,0.096390,0.056453,0.041676,0.431679,0.087166,0.045757,0.096390
0.038346,0.049383,0.037094,0.179489,0.049093,0.030676,0.191477,0.200152,0.044798,0.179493
0.033884,0.062506,0.028606,0.303385,0.061628,0.015273,0.079712,0.072900,0.038740,0.303366
0.042307,0.056016,0.051215,0.156524,0.055652,0.054535,0.175483,0.198211,0.053534,0.156524
0.012151,0.014269,0.012593,0.029803,0.014233,0.045946,0.791783,0.036454,0.012965,0.029803
0.001773,0.002517,0.002089,0.015775,0.002496,0.001705,0.933166,0.022410,0.002294,0.015775
0.026169,0.032642,0.029117,0.086337,0.032524,0.092180,0.447162,0.140501,0.027032,0.086337
0.021593,0.034265,0.024093,0.308614,0.033878,0.017582,0.069944,0.156120,0.025314,0.308598
0.013442,0.021283,0.017920,0.088504,0.021134,0.010853,0.061474,0.659095,0.017789,0.088505
0.008667,0.014143,0.009898,0.073359,0.013975,0.008790,0.742713,0.042254,0.012843,0.073358
0.003697,0.005690,0.004660,0.038536,0.005643,0.003011,0.866422,0.029465,0.004341,0.038536
0.024773,0.041033,0.027817,0.326101,0.040594,0.019069,0.059594,0.103389,0.031537,0.326093
0.002391,0.003016,0.002631,0.011103,0.002998,0.002873,0.945065,0.016265,0.002555,0.011103
0.039536,0.052883,0.039564,0.114936,0.052515,0.120340,0.307239,0.116189,0.041861,0.114937
0.013893,0.017054,0.014653,0.059253,0.016975,0.013645,0.712758,0.078122,0.014395,0.059254
0.023985,0.035048,0.026005,0.194126,0.034835,0.027715,0.112655,0.319129,0.032370,0.194133
0.009902,0.015242,0.010116,0.178135,0.015069,0.011820,0.050996,0.518839,0.011741,0.178139
0.036874,0.072309,0.050736,0.263879,0.071226,0.033203,0.062649,0.095386,0.049863,0.263876
0.035424,0.055590,0.050293,0.237155,0.055210,0.113505,0.062666,0.076113,0.076898,0.237146
0.053871,0.069253,0.091210,0.104632,0.068976,0.046881,0.291645,0.109081,0.059821,0.104632
0.017372,0.034152,0.026664,0.370845,0.033693,0.029361,0.034833,0.059641,0.022609,0.370832
0.034915,0.052978,0.041127,0.267321,0.052445,0.051890,0.066807,0.121753,0.043444,0.267319
0.001743,0.002750,0.002058,0.022950,0.002732,0.003009,0.925973,0.013103,0.002733,0.022949
0.047437,0.068621,0.049144,0.209140,0.067962,0.041468,0.087971,0.158486,0.060628,0.209143
0.045786,0.052255,0.041293,0.094119,0.052066,0.034463,0.453058,0.089043,0.043796,0.094119
0.029873,0.052960,0.627409,0.045741,0.052654,0.009576,0.068965,0.025404,0.041679,0.045739
0.077623,0.105966,0.053656,0.174185,0.105548,0.028687,0.056076,0.101540,0.122534,0.174185
0.018126,0.032854,0.765367,0.034749,0.032716,0.010799,0.018170,0.025930,0.026540,0.034749
0.027646,0.043185,0.037013,0.281064,0.042765,0.025257,0.102726,0.115681,0.043597,0.281066
0.048110,0.087040,0.054416,0.238498,0.086202,0.026523,0.064911,0.064360,0.091455,0.238486
0.039592,0.062326,0.049814,0.238047,0.061780,0.099502,0.048526,0.098454,0.063909,0.238049
0.023533,0.044200,0.024732,0.325199,0.043819,0.025655,0.044894,0.106022,0.036742,0.325205
0.038451,0.062536,0.050820,0.272939,0.062043,0.025637,0.048774,0.103667,0.062196,0.272938
0.010283,0.013151,0.011211,0.053869,0.013073,0.010788,0.780893,0.041362,0.011502,0.053869
0.019034,0.032601,0.019807,0.368458,0.032149,0.012067,0.049402,0.075881,0.022167,0.368433
0.051206,0.084636,0.048402,0.263727,0.083433,0.024889,0.054318,0.053610,0.072069,0.263711
0.024269,0.044386,0.028673,0.336194,0.043965,0.015032,0.065452,0.066079,0.039776,0.336174
0.033155,0.049547,0.036928,0.293802,0.049109,0.027209,0.095506,0.082621,0.038340,0.293784
0.028753,0.056178,0.031118,0.322622,0.055397,0.014595,0.063397,0.059921,0.045416,0.322603
0.048649,0.075476,0.054459,0.234501,0.074698,0.031846,0.089522,0.080310,0.076051,0.234488
0.057026,0.075682,0.054051,0.209840,0.075099,0.043126,0.089458,0.114440,0.071441,0.209837
0.069766,0.085212,0.069958,0.181830,0.084718,0.045068,0.120607,0.094523,0.066493,0.181825
0.036213,0.061128,0.038085,0.301558,0.060334,0.026770,0.043109,0.082674,0.048582,0.301548
0.049065,0.079153,0.054965,0.221364,0.078139,0.040593,0.063733,0.128721,0.062904,0.221363
0.032319,0.047025,0.038946,0.288185,0.046692,0.027284,0.067364,0.122341,0.041664,0.288181
0.061021,0.082899,0.074249,0.189982,0.082446,0.059221,0.094550,0.084992,0.080666,0.189975
0.033616,0.071649,0.143315,0.229706,0.071259,0.014631,0.047029,0.072172,0.086918,0.229705
0.040288,0.057699,0.043493,0.278830,0.057250,0.029388,0.084238,0.085308,0.044686,0.278818
0.001452,0.002058,0.001493,0.025462,0.002044,0.001559,0.021782,0.917095,0.001592,0.025464
0.024249,0.034660,0.026904,0.103795,0.034392,0.018634,0.553895,0.069532,0.030144,0.103795
0.003099,0.004707,0.003811,0.022709,0.004680,0.002976,0.909710,0.020903,0.004696,0.022710
0.032429,0.046543,0.025947,0.131224,0.046081,0.466227,0.045631,0.040686,0.034009,0.131222
0.012313,0.015259,0.012887,0.039190,0.015214,0.011168,0.796181,0.045303,0.013295,0.039190
0.080161,0.214808,0.097199,0.061585,0.205086,0.093636,0.030833,0.033858,0.121250,0.061584
0.033871,0.055760,0.039237,0.339312,0.055356,0.012650,0.033397,0.058202,0.032909,0.339307
0.003315,0.004875,0.003551,0.067920,0.004834,0.011659,0.308694,0.523604,0.003627,0.067922
0.019952,0.037654,0.023626,0.372522,0.037170,0.011717,0.035196,0.064371,0.025280,0.372511
0.014720,0.023836,0.013892,0.327003,0.023586,0.011098,0.119521,0.121663,0.017677,0.327003
0.020446,0.033748,0.017699,0.335419,0.033293,0.012056,0.039384,0.145357,0.027174,0.335424
0.006298,0.008513,0.008243,0.083754,0.008451,0.006627,0.192817,0.594520,0.007021,0.083756
0.024321,0.039720,0.026216,0.335284,0.039348,0.015611,0.083112,0.069124,0.032005,0.335261
0.005626,0.008787,0.006234,0.115711,0.008702,0.006601,0.028219,0.697462,0.006946,0.115711
0.056122,0.082065,0.055105,0.216107,0.081086,0.060310,0.068377,0.100389,0.064335,0.216104
0.032456,0.048637,0.032291,0.198187,0.048176,0.030058,0.259700,0.112939,0.039369,0.198189
0.074254,0.109441,0.063233,0.159999,0.108651,0.044348,0.093534,0.059339,0.127207,0.159994
0.021507,0.032145,0.023661,0.126152,0.032001,0.018601,0.148553,0.441811,0.029417,0.126151
0.010468,0.014615,0.012132,0.060078,0.014512,0.010709,0.685730,0.119345,0.012332,0.060079
0.040320,0.049204,0.040315,0.116741,0.048996,0.036301,0.369546,0.141113,0.040721,0.116743
0.038234,0.072976,0.043929,0.278696,0.072092,0.022938,0.048564,0.069339,0.074544,0.278688
0.068278,0.116575,0.079601,0.183363,0.115621,0.055361,0.046050,0.067106,0.084687,0.183358
0.049830,0.083299,0.060669,0.214705,0.082404,0.054801,0.066808,0.095645,0.077145,0.214695
0.022119,0.029373,0.022610,0.095458,0.029187,0.019063,0.513360,0.149123,0.024249,0.095458
0.018700,0.028518,0.022508,0.301095,0.028246,0.015743,0.062828,0.196474,0.024781,0.301107
0.061510,0.092075,0.094941,0.175963,0.091777,0.048203,0.089026,0.090407,0.080137,0.175962
0.007024,0.011492,0.008178,0.301606,0.011355,0.005226,0.041624,0.303465,0.008406,0.301625
0.002816,0.004440,0.003425,0.032968,0.004417,0.002519,0.732784,0.179569,0.004093,0.032968
0.029107,0.046652,0.033651,0.228236,0.046132,0.023940,0.221042,0.106759,0.036244,0.228236
0.006934,0.011475,0.007981,0.375928,0.011334,0.005899,0.041259,0.154741,0.008499,0.375952
0.000881,0.001285,0.001009,0.022225,0.001274,0.000964,0.275306,0.673829,0.001000,0.022226
0.041190,0.059311,0.044244,0.257517,0.058849,0.038279,0.090725,0.105772,0.046603,0.257510
0.003673,0.005053,0.003344,0.004282,0.005016,0.963724,0.003417,0.003346,0.003864,0.004282
0.035878,0.044817,0.035865,0.176719,0.044573,0.029614,0.308556,0.108857,0.038406,0.176714
0.016977,0.024865,0.020948,0.261731,0.024652,0.012792,0.064381,0.291856,0.020050,0.261748
0.098177,0.116067,0.114695,0.106410,0.115230,0.074099,0.080269,0.080132,0.108512,0.106409
0.049845,0.091437,0.056558,0.231555,0.090553,0.032454,0.057196,0.073927,0.084924,0.231551
0.052574,0.109574,0.057909,0.225745,0.108240,0.024423,0.043223,0.057293,0.095281,0.225738
0.067779,0.101289,0.111916,0.136101,0.100633,0.064638,0.074375,0.114415,0.092754,0.136100
0.013246,0.020747,0.014037,0.377850,0.020531,0.013147,0.047856,0.098820,0.015924,0.377844
0.144673,0.127583,0.097444,0.089833,0.127668,0.047574,0.054217,0.067000,0.154176,0.089832
0.005391,0.007315,0.005822,0.059569,0.007272,0.005503,0.320221,0.522999,0.006335,0.059572
0.015198,0.022231,0.017508,0.321422,0.022071,0.011949,0.127893,0.122275,0.018030,0.321425
0.042669,0.066420,0.054624,0.195909,0.065559,0.031654,0.189684,0.104582,0.052994,0.195906
0.023293,0.034467,0.027657,0.241752,0.034127,0.021710,0.221029,0.126111,0.028103,0.241750
0.048499,0.066791,0.056650,0.216653,0.066247,0.046110,0.109321,0.121669,0.051413,0.216647
0.094589,0.106885,0.092634,0.119990,0.106784,0.069371,0.085564,0.113787,0.090410,0.119988
0.093950,0.104040,0.085079,0.097587,0.103474,0.179526,0.073207,0.074274,0.091277,0.097586
0.064032,0.117394,0.078907,0.168488,0.115994,0.054417,0.073134,0.079573,0.079574,0.168485
0.066759,0.128742,0.071074,0.184076,0.126793,0.046298,0.049508,0.060715,0.081967,0.184068
0.100000,0.100000,0.100000,0.100000,0.100000,0.100000,0.100000,0.100000,0.100000,0.100000
0.141900,0.194279,0.070860,0.101019,0.193091,0.017105,0.030085,0.044807,0.105836,0.101017
0.107640,0.146007,0.087995,0.110796,0.144378,0.044857,0.051981,0.061804,0.133747,0.110794
0.045909,0.070137,0.047361,0.267138,0.069406,0.026800,0.050921,0.105002,0.050195,0.267132
0.014155,0.029583,0.009353,0.025118,0.028990,0.837392,0.006641,0.009351,0.014301,0.025117
0.047106,0.073896,0.052675,0.228297,0.073315,0.030203,0.062468,0.122309,0.081438,0.228292
0.039432,0.052044,0.041971,0.190571,0.051691,0.036350,0.206228,0.144820,0.046319,0.190574
0.030790,0.047912,0.035440,0.206051,0.047440,0.022762,0.241425,0.127001,0.035129,0.206050
0.010539,0.019889,0.020113,0.292429,0.019668,0.007707,0.174349,0.146572,0.016301,0.292435
0.003549,0.006166,0.004511,0.149730,0.006112,0.002636,0.053189,0.618787,0.005586,0.149733
0.037268,0.056321,0.037642,0.154327,0.055970,0.034450,0.346408,0.079135,0.044156,0.154323
0.005078,0.009558,0.006202,0.235824,0.009431,0.005879,0.019463,0.464228,0.008505,0.235831
0.010530,0.017673,0.013433,0.143354,0.017474,0.011603,0.565911,0.061763,0.014910,0.143350
0.000001,0.000002,0.000001,0.000002,0.000002,0.999988,0.000001,0.000001,0.000001,0.000002
0.004293,0.006486,0.003490,0.004327,0.006425,0.960339,0.003428,0.002781,0.004106,0.004326
0.042887,0.068319,0.053330,0.190566,0.067646,0.039396,0.224435,0.073915,0.048943,0.190562
0.085152,0.117982,0.079648,0.139643,0.116947,0.068673,0.088224,0.082026,0.082066,0.139640
0.081991,0.097386,0.082733,0.101784,0.096837,0.156474,0.104389,0.087434,0.089189,0.101784
0.084421,0.100685,0.087688,0.132091,0.099998,0.085983,0.092020,0.094115,0.090910,0.132090
0.027469,0.041118,0.028508,0.096982,0.040704,0.437407,0.064357,0.127173,0.039299,0.096982
0.075711,0.097568,0.084393,0.085429,0.096939,0.237900,0.078471,0.071359,0.086802,0.085428
0.074525,0.090539,0.078977,0.154036,0.089942,0.079532,0.096726,0.101868,0.079821,0.154035
0.081642,0.096451,0.087355,0.133176,0.095870,0.086061,0.098742,0.100223,0.087304,0.133175
0.081850,0.105290,0.075380,0.162787,0.104443,0.059287,0.076500,0.087819,0.083859,0.162786
0.019751,0.026407,0.019671,0.027111,0.026136,0.790333,0.021031,0.021250,0.021198,0.027111
0.000999,0.001407,0.000798,0.001255,0.001395,0.990483,0.000759,0.000698,0.000951,0.001255
0.048049,0.070888,0.052677,0.077259,0.070185,0.415710,0.072933,0.057429,0.057613,0.077259
0.006958,0.008283,0.006678,0.009131,0.008235,0.921594,0.014664,0.007888,0.007438,0.009131
0.005570,0.009821,0.004424,0.006803,0.009689,0.942290,0.004344,0.004191,0.006064,0.006803
0.006888,0.008165,0.007019,0.010091,0.008126,0.924934,0.008712,0.008664,0.007311,0.010091
0.006322,0.009925,0.007506,0.008977,0.009860,0.927753,0.007101,0.005962,0.007619,0.008976
0.025775,0.036288,0.025610,0.076161,0.035889,0.627428,0.032007,0.036729,0.027956,0.076159
0.019749,0.026242,0.021021,0.025414,0.026093,0.784337,0.027445,0.022469,0.021818,0.025414
0.043084,0.098464,0.499180,0.074147,0.097764,0.008220,0.016997,0.026602,0.061396,0.074146
0.002250,0.002763,0.002288,0.003157,0.002755,0.975456,0.002888,0.002690,0.002595,0.003157
0.017751,0.020886,0.017534,0.023881,0.020810,0.819141,0.020297,0.017778,0.018040,0.023881
0.104674,0.198793,0.091487,0.037582,0.197719,0.154285,0.019995,0.021307,0.136578,0.037581
0.100000,0.100000,0.100000,0.100000,0.100000,0.100000,0.100000,0.100000,0.100000,0.100000
0.040871,0.057079,0.037142,0.067312,0.056682,0.513072,0.064499,0.050085,0.045945,0.067313
0.109129,0.133936,0.090819,0.079556,0.133891,0.078956,0.073520,0.063392,0.157247,0.079556
0.102908,0.253473,0.149864,0.023884,0.252984,0.021052,0.016549,0.017616,0.137786,0.023884
0.012293,0.015089,0.010814,0.012642,0.015031,0.890162,0.009730,0.009321,0.012278,0.012641
0.292797,0.184472,0.087604,0.028947,0.187322,0.015967,0.016086,0.017016,0.140842,0.028947
0.044991,0.084221,0.056125,0.064332,0.083914,0.215727,0.037923,0.284540,0.063896,0.064332
0.068218,0.128451,0.358384,0.023916,0.129299,0.102099,0.019973,0.015689,0.130057,0.023915
0.064206,0.106406,0.059651,0.026509,0.105945,0.507319,0.018081,0.018712,0.066662,0.026509
0.000000,0.000001,0.000000,0.000001,0.000001,0.999995,0.000001,0.000000,0.000000,0.000001
0.176844,0.118860,0.031459,0.006268,0.118629,0.003748,0.003591,0.003706,0.530626,0.006268
0.000426,0.000528,0.000402,0.000521,0.000525,0.995462,0.000487,0.000423,0.000705,0.000521
0.050218,0.074128,0.046766,0.172320,0.073179,0.068928,0.071743,0.211502,0.058897,0.172319
0.005600,0.007149,0.006114,0.016222,0.007115,0.005613,0.017791,0.912126,0.006048,0.016223
0.059752,0.079430,0.057707,0.166049,0.078712,0.049776,0.093873,0.183988,0.064664,0.166050
0.073851,0.082449,0.074514,0.149683,0.082255,0.056352,0.106393,0.150966,0.073853,0.149683
0.040752,0.058733,0.055435,0.060643,0.058410,0.539959,0.040884,0.036029,0.048511,0.060643
0.088397,0.109461,0.081957,0.127470,0.108492,0.067900,0.082177,0.120594,0.086083,0.127471
0.044633,0.069520,0.042224,0.211569,0.068649,0.046947,0.139224,0.112711,0.052957,0.211565
0.006388,0.010476,0.006304,0.012477,0.010347,0.916724,0.007625,0.007870,0.009312,0.012477
0.006971,0.011809,0.006045,0.019594,0.011653,0.895300,0.012300,0.008787,0.007947,0.019594
0.175047,0.175418,0.114463,0.059072,0.177035,0.038574,0.039870,0.045181,0.116267,0.059072
0.003225,0.005042,0.003085,0.005500,0.004984,0.962444,0.003446,0.003130,0.003646,0.005500
0.059667,0.085881,0.058408,0.123927,0.085060,0.143842,0.118382,0.130403,0.070505,0.123926
0.326489,0.165139,0.055989,0.027015,0.165743,0.017311,0.016564,0.017338,0.181399,0.027014
0.000106,0.000157,0.000090,0.000127,0.000156,0.998973,0.000084,0.000077,0.000103,0.000127
0.339921,0.151536,0.086405,0.031793,0.153552,0.024397,0.023925,0.025458,0.131220,0.031793
0.015158,0.020817,0.016289,0.017429,0.020686,0.843297,0.016557,0.015100,0.017237,0.017429
0.086519,0.132521,0.104917,0.109491,0.130851,0.051877,0.082779,0.066282,0.125273,0.109490
0.038961,0.050671,0.040120,0.100730,0.050536,0.451099,0.048885,0.055241,0.063027,0.100730
0.093633,0.164195,0.306891,0.023313,0.165626,0.022718,0.016265,0.017118,0.166929,0.023313
0.010418,0.014095,0.010143,0.012448,0.014025,0.898827,0.008892,0.008131,0.010575,0.012447
0.060862,0.094674,0.062230,0.095011,0.093724,0.237542,0.047802,0.068047,0.145098,0.095010
0.104515,0.137699,0.079174,0.108278,0.137418,0.097886,0.056404,0.062765,0.107584,0.108277
0.002099,0.003231,0.001983,0.004366,0.003192,0.973600,0.002276,0.002614,0.002273,0.004366
0.019368,0.028123,0.872162,0.006061,0.028416,0.003901,0.005123,0.004948,0.025838,0.006061
0.085931,0.119110,0.087705,0.108406,0.118334,0.090529,0.084274,0.091549,0.105757,0.108405
0.052093,0.075471,0.052933,0.129265,0.074990,0.225850,0.082308,0.102008,0.075821,0.129262
0.059543,0.105493,0.067211,0.163467,0.104470,0.048606,0.053546,0.144374,0.089826,0.163465
0.011140,0.011762,0.009150,0.025985,0.011831,0.008418,0.017204,0.867939,0.010585,0.025986
0.110483,0.158405,0.083629,0.095997,0.158046,0.057379,0.047587,0.059085,0.133394,0.095996
0.000852,0.001158,0.000815,0.000913,0.001153,0.991705,0.000847,0.000738,0.000906,0.000913
0.052991,0.070428,0.059778,0.210580,0.069849,0.064407,0.072199,0.125804,0.063387,0.210576
0.064440,0.112440,0.068950,0.169128,0.110983,0.047850,0.056103,0.106137,0.094843,0.169126
0.003315,0.003928,0.003550,0.006226,0.003908,0.960452,0.004618,0.004248,0.003531,0.006225
0.054571,0.070380,0.054255,0.117493,0.069990,0.051519,0.318918,0.088027,0.057354,0.117492
0.075919,0.119546,0.077971,0.099365,0.118895,0.081858,0.126739,0.082201,0.118141,0.099364
0.060257,0.077889,0.068558,0.191148,0.077323,0.066930,0.083145,0.115417,0.068188,0.191145
0.075520,0.102149,0.083800,0.153084,0.101513,0.073159,0.082026,0.097340,0.078328,0.153081
0.078464,0.133759,0.092068,0.138431,0.133082,0.048740,0.054716,0.068322,0.113986,0.138430
0.055834,0.091807,0.048958,0.237804,0.090703,0.045366,0.053935,0.065716,0.072085,0.237793
0.061990,0.098037,0.059409,0.079389,0.097147,0.339678,0.070520,0.046677,0.067766,0.079387
0.054659,0.071309,0.053855,0.062184,0.070698,0.496107,0.037872,0.037372,0.053761,0.062183
0.007310,0.009662,0.007787,0.019094,0.009592,0.897764,0.011366,0.010338,0.007994,0.019093
0.001229,0.001603,0.001335,0.001573,0.001594,0.987070,0.001486,0.001192,0.001345,0.001573
0.078261,0.104721,0.085702,0.165598,0.104076,0.062721,0.067109,0.079690,0.086528,0.165595
0.092697,0.117569,0.066776,0.079902,0.116943,0.290529,0.034263,0.039619,0.081802,0.079901
0.100000,0.100000,0.100000,0.100000,0.100000,0.100000,0.100000,0.100000,0.100000,0.100000
0.054818,0.070330,0.060674,0.157378,0.069988,0.168072,0.119213,0.078580,0.063573,0.157375
0.044834,0.061552,0.048622,0.229014,0.061073,0.057855,0.100570,0.117050,0.050422,0.229008
0.064922,0.082196,0.058330,0.102392,0.081775,0.277099,0.089433,0.070766,0.070696,0.102391
0.069038,0.114615,0.059986,0.207100,0.112991,0.041893,0.042942,0.068287,0.076058,0.207091
0.081937,0.131868,0.098814,0.140413,0.130659,0.053959,0.062532,0.066752,0.092657,0.140410
0.088285,0.091923,0.085002,0.093762,0.091851,0.136260,0.096090,0.087021,0.136043,0.093762
0.008626,0.012746,0.009380,0.013943,0.012604,0.898365,0.012188,0.008960,0.009245,0.013943
0.069158,0.107567,0.062649,0.132153,0.106755,0.059718,0.107964,0.072998,0.148889,0.132150
0.058789,0.077889,0.064352,0.089533,0.077848,0.343026,0.057590,0.060211,0.081230,0.089531
0.002159,0.002888,0.001890,0.002634,0.002867,0.979487,0.001694,0.001509,0.002238,0.002634
0.071096,0.097514,0.056416,0.081203,0.097088,0.340055,0.050481,0.051697,0.073249,0.081202
0.080732,0.090069,0.070800,0.080297,0.090029,0.116921,0.104712,0.072767,0.213376,0.080296
0.072645,0.092238,0.070035,0.121971,0.091844,0.070688,0.088914,0.084578,0.185118,0.121969
0.094279,0.128513,0.083701,0.078169,0.128091,0.159339,0.072725,0.066981,0.110035,0.078168
0.073656,0.099156,0.085406,0.144001,0.098684,0.091985,0.085123,0.095682,0.082305,0.144000
0.059826,0.074466,0.079678,0.160539,0.074156,0.065216,0.132803,0.123434,0.069344,0.160539
0.100000,0.100000,0.100000,0.100000,0.100000,0.100000,0.100000,0.100000,0.100000,0.100000
0.048630,0.071257,0.049315,0.136849,0.070775,0.278154,0.058972,0.094013,0.055188,0.136847
0.108658,0.107327,0.097763,0.093535,0.107539,0.100836,0.096543,0.089779,0.104486,0.093535
0.048500,0.066740,0.055584,0.192532,0.066149,0.053553,0.134153,0.132853,0.057406,0.192530
0.044615,0.053505,0.056612,0.087075,0.053364,0.450105,0.054193,0.062126,0.051331,0.087075
0.050027,0.075102,0.049020,0.138460,0.074581,0.289413,0.058289,0.057188,0.069466,0.138455
0.047779,0.074212,0.053204,0.192395,0.073517,0.055017,0.087266,0.170893,0.053323,0.192394
0.087268,0.109900,0.079479,0.126315,0.109174,0.105664,0.074090,0.087510,0.094286,0.126314
0.043507,0.063049,0.045538,0.207829,0.062719,0.036829,0.129222,0.158792,0.044689,0.207825
0.052369,0.072540,0.061584,0.191401,0.072082,0.127144,0.073489,0.101295,0.056703,0.191395
0.066416,0.097488,0.081369,0.099272,0.096819,0.224343,0.104706,0.064920,0.065396,0.099271
0.023113,0.040143,0.028229,0.293255,0.039592,0.030469,0.144066,0.081490,0.026397,0.293245
0.038319,0.058736,0.045249,0.222500,0.058112,0.088447,0.053180,0.171101,0.041859,0.222497
0.036943,0.065289,0.036223,0.210533,0.064519,0.205162,0.063485,0.064605,0.042720,0.210521
0.112419,0.130569,0.091851,0.128178,0.130479,0.041317,0.063788,0.065834,0.107389,0.128175
0.084304,0.102689,0.082751,0.082306,0.102497,0.208714,0.079744,0.074017,0.100673,0.082305
0.031335,0.043694,0.037577,0.225004,0.043372,0.046612,0.085100,0.225955,0.036352,0.225000
0.026383,0.038591,0.029309,0.167864,0.038236,0.038757,0.245307,0.202829,0.044858,0.167865
0.055793,0.071946,0.076894,0.145968,0.071569,0.102783,0.157059,0.103971,0.068050,0.145966
0.054673,0.066287,0.063212,0.161157,0.066010,0.071730,0.103091,0.196104,0.056578,0.161158
0.054293,0.083503,0.063453,0.209472,0.082630,0.042973,0.111049,0.084366,0.058790,0.209470
0.076136,0.093312,0.083147,0.133969,0.092880,0.081980,0.096851,0.089632,0.118126,0.133967
0.056667,0.068637,0.050438,0.093007,0.068365,0.346369,0.086791,0.079128,0.057594,0.093005
0.003673,0.005053,0.003344,0.004282,0.005016,0.963724,0.003417,0.003346,0.003864,0.004282
0.041421,0.054540,0.043939,0.178944,0.054155,0.069862,0.129735,0.201681,0.046779,0.178944
0.043227,0.063513,0.043629,0.188876,0.062909,0.110670,0.135125,0.118976,0.044204,0.188872
0.089120,0.127711,0.099585,0.121148,0.127835,0.047637,0.070480,0.075875,0.119463,0.121147
0.072938,0.093646,0.084870,0.116758,0.093313,0.131944,0.083876,0.101098,0.104798,0.116758
0.001102,0.001228,0.001140,0.001700,0.001225,0.987681,0.001560,0.001511,0.001154,0.001700
0.005855,0.007553,0.006170,0.012341,0.007519,0.900727,0.019015,0.022261,0.006218,0.012341
0.068922,0.094495,0.096895,0.121497,0.093987,0.099231,0.085581,0.121269,0.096626,0.121497
0.013846,0.018191,0.013416,0.018633,0.018083,0.847755,0.018271,0.019020,0.014151,0.018633
0.251610,0.200307,0.073034,0.019743,0.207082,0.015054,0.014154,0.015033,0.184241,0.019743
0.006383,0.007418,0.006968,0.018469,0.007390,0.008647,0.030351,0.889184,0.006721,0.018469
0.100000,0.100000,0.100000,0.100000,0.100000,0.100000,0.100000,0.100000,0.100000,0.100000
0.722930,0.095626,0.015813,0.005778,0.100485,0.003524,0.002896,0.003217,0.043951,0.005778
0.082434,0.239429,0.118120,0.043729,0.230733,0.090344,0.019836,0.022652,0.108993,0.043728
0.017295,0.023790,0.014505,0.011657,0.023656,0.866063,0.008601,0.008266,0.014510,0.011657
0.157149,0.202277,0.085330,0.057284,0.202275,0.063081,0.029898,0.034859,0.110566,0.057283
0.066414,0.084176,0.123289,0.127796,0.083834,0.057402,0.141422,0.122009,0.065863,0.127795
0.107877,0.124072,0.156641,0.095843,0.123923,0.066430,0.061596,0.067728,0.100048,0.095842
0.029504,0.041378,0.026275,0.068640,0.041093,0.621729,0.031275,0.040650,0.030816,0.068640
0.083227,0.129160,0.113997,0.154970,0.127755,0.047114,0.046334,0.059132,0.083345,0.154966
0.005683,0.006087,0.004617,0.004995,0.006090,0.951142,0.006147,0.004727,0.005517,0.004995
0.059997,0.102228,0.054608,0.243475,0.100694,0.026509,0.049299,0.056546,0.063178,0.243466
0.005001,0.006845,0.004754,0.007942,0.006813,0.944472,0.005547,0.005283,0.005403,0.007942
0.139754,0.181749,0.101254,0.077553,0.181150,0.033448,0.050555,0.051718,0.105267,0.077552
0.079896,0.115818,0.057611,0.082125,0.117195,0.285401,0.032719,0.037070,0.110043,0.082123
0.169547,0.193035,0.111545,0.040224,0.196393,0.016427,0.025511,0.023109,0.183986,0.040223
0.067665,0.095236,0.061221,0.202928,0.094569,0.047537,0.084328,0.076982,0.066615,0.202920
0.087812,0.126371,0.068702,0.157406,0.124969,0.045552,0.052485,0.079550,0.099749,0.157404
0.066904,0.135948,0.039207,0.231043,0.133762,0.022543,0.033301,0.041774,0.064491,0.231027
0.100000,0.100000,0.100000,0.100000,0.100000,0.100000,0.100000,0.100000,0.100000,0.100000
0.047448,0.081240,0.050960,0.227311,0.080151,0.079013,0.058418,0.093259,0.054896,0.227303
0.065845,0.095388,0.055268,0.179661,0.094313,0.066683,0.073081,0.124555,0.065544,0.179662
0.082768,0.116088,0.071273,0.143419,0.116255,0.075560,0.064352,0.089719,0.097149,0.143417
0.100000,0.100000,0.100000,0.100000,0.100000,0.100000,0.100000,0.100000,0.100000,0.100000
0.027443,0.056031,0.029077,0.316945,0.055175,0.020423,0.050940,0.077034,0.050001,0.316930
0.038337,0.071019,0.047121,0.267016,0.070091,0.035631,0.064767,0.089194,0.049814,0.267011
0.056993,0.072271,0.056788,0.186279,0.071867,0.048982,0.129325,0.129732,0.061484,0.186279
0.038323,0.068944,0.040167,0.167298,0.067967,0.284589,0.040533,0.071881,0.053003,0.167295
0.041297,0.088491,0.040342,0.158275,0.086816,0.295336,0.040848,0.040896,0.049429,0.158269
0.078219,0.145987,0.075040,0.178171,0.143760,0.031381,0.036522,0.052752,0.080005,0.178163
0.020510,0.030038,0.016851,0.034993,0.029863,0.749364,0.025736,0.025777,0.031876,0.034993
0.056768,0.080681,0.047408,0.073668,0.079716,0.441999,0.049237,0.040672,0.056185,0.073667
0.022898,0.044189,0.028452,0.183243,0.043733,0.349807,0.050871,0.056863,0.036710,0.183235
0.014526,0.018118,0.013468,0.017386,0.018066,0.846540,0.022940,0.015379,0.016193,0.017386
0.040864,0.067149,0.040436,0.214129,0.066359,0.183288,0.053281,0.069973,0.050399,0.214123
0.000000,0.000001,0.000000,0.000001,0.000001,0.999995,0.000001,0.000000,0.000000,0.000001
0.242707,0.170367,0.081942,0.038616,0.178028,0.028570,0.029555,0.031619,0.159981,0.038616
0.065865,0.080460,0.059500,0.123583,0.080309,0.196935,0.087533,0.080403,0.101831,0.123581
0.000038,0.000042,0.000039,0.000046,0.000042,0.999609,0.000055,0.000042,0.000039,0.000046
0.100499,0.129114,0.095973,0.072826,0.129125,0.151231,0.063856,0.060398,0.124152,0.072825
0.104466,0.124644,0.074072,0.080901,0.124263,0.194050,0.041791,0.099661,0.075252,0.080901
0.049782,0.113316,0.176104,0.030586,0.112291,0.404606,0.013155,0.013605,0.055971,0.030585
0.015277,0.017086,0.016185,0.025840,0.017047,0.818414,0.026388,0.022033,0.015891,0.025839
0.049925,0.072858,0.057715,0.218562,0.072073,0.054330,0.089222,0.111680,0.055076,0.218559
0.040878,0.065836,0.431611,0.030311,0.065757,0.236051,0.026805,0.019791,0.052649,0.030311
0.078269,0.121013,0.096887,0.105455,0.120833,0.178809,0.043041,0.052651,0.097590,0.105453
0.008573,0.013095,0.008425,0.013650,0.012979,0.903089,0.007719,0.010019,0.008801,0.013650
0.055211,0.073790,0.052514,0.135995,0.073313,0.049463,0.139423,0.228195,0.056102,0.135994
0.058643,0.080395,0.069507,0.202920,0.079812,0.051316,0.079954,0.104613,0.069919,0.202922
0.000303,0.000371,0.000253,0.000314,0.000369,0.997307,0.000244,0.000236,0.000288,0.000314
0.003701,0.005325,0.003999,0.007470,0.005287,0.953542,0.004577,0.004644,0.003985,0.007470
0.007031,0.010468,0.006542,0.008665,0.010357,0.926901,0.007698,0.006527,0.007145,0.008665
0.009580,0.011847,0.009243,0.013542,0.011784,0.895856,0.013072,0.011464,0.010070,0.013542
0.025033,0.032300,0.025137,0.045185,0.032155,0.709724,0.031997,0.026741,0.026543,0.045185
0.000013,0.000020,0.000012,0.000019,0.000020,0.999856,0.000014,0.000012,0.000014,0.000019
0.001412,0.001542,0.001398,0.001663,0.001540,0.986278,0.001601,0.001481,0.001422,0.001663
0.107011,0.140098,0.089021,0.090163,0.139617,0.114935,0.059976,0.063535,0.105482,0.090162
0.092822,0.117334,0.078895,0.110434,0.116817,0.132522,0.067358,0.074446,0.098938,0.110433
0.100000,0.100000,0.100000,0.100000,0.100000,0.100000,0.100000,0.100000,0.100000,0.100000
0.092066,0.102681,0.074908,0.085955,0.102493,0.203576,0.091942,0.072799,0.087626,0.085954
0.001597,0.001731,0.001559,0.001718,0.001726,0.984821,0.002064,0.001514,0.001552,0.001718
0.002734,0.004002,0.002676,0.004606,0.003958,0.968649,0.003009,0.002729,0.003030,0.004606
0.067241,0.114822,0.064248,0.199620,0.113866,0.045418,0.045976,0.065559,0.083634,0.199615
0.042229,0.049768,0.039172,0.037804,0.049454,0.629646,0.042400,0.032257,0.039467,0.037804
0.000409,0.000672,0.000376,0.000727,0.000663,0.995198,0.000364,0.000385,0.000479,0.000727
0.091368,0.126087,0.077147,0.130233,0.125149,0.084420,0.057416,0.073890,0.104059,0.130231
0.006416,0.008217,0.006106,0.008185,0.008160,0.932298,0.008967,0.006378,0.007087,0.008185
0.008380,0.010879,0.008318,0.010851,0.010807,0.913168,0.009298,0.008484,0.008963,0.010851
0.000463,0.000609,0.000408,0.000497,0.000604,0.995714,0.000384,0.000360,0.000464,0.000497
0.000000,0.000000,0.000000,0.000000,0.000000,0.999998,0.000000,0.000000,0.000000,0.000000
0.000332,0.000421,0.000321,0.000428,0.000419,0.996594,0.000378,0.000332,0.000347,0.000428
0.000541,0.000642,0.000484,0.000535,0.000640,0.995171,0.000504,0.000440,0.000508,0.000535
0.000188,0.000231,0.000176,0.000232,0.000230,0.998155,0.000193,0.000172,0.000191,0.000232
0.002628,0.002835,0.002535,0.002411,0.002823,0.977636,0.002294,0.001993,0.002434,0.002411
0.061805,0.076643,0.054949,0.057431,0.076449,0.436037,0.069748,0.049252,0.060256,0.057430
0.003694,0.004946,0.003530,0.004567,0.004912,0.961708,0.004577,0.003596,0.003903,0.004567
0.052922,0.071071,0.059379,0.189315,0.070655,0.071863,0.123864,0.113938,0.057683,0.189310
0.049090,0.066676,0.043179,0.062658,0.066196,0.500956,0.042295,0.045376,0.060915,0.062657
0.041401,0.063830,0.050526,0.106622,0.063232,0.426712,0.042506,0.048843,0.049708,0.106620
0.009430,0.011886,0.009428,0.021244,0.011845,0.834649,0.014564,0.056501,0.009208,0.021244
0.030471,0.040502,0.031972,0.065719,0.040344,0.601935,0.056391,0.035688,0.031260,0.065718
0.074784,0.102106,0.074587,0.145677,0.101580,0.066828,0.091613,0.086683,0.110467,0.145675
0.060414,0.099626,0.055128,0.237060,0.098400,0.035534,0.050302,0.064867,0.061619,0.237049
0.027544,0.041968,0.038379,0.205418,0.041594,0.031811,0.065911,0.307725,0.034229,0.205420
0.032012,0.051521,0.026206,0.082633,0.051061,0.567235,0.042017,0.032450,0.032234,0.082630
0.006933,0.011145,0.005675,0.006541,0.011006,0.931430,0.008245,0.004885,0.007599,0.006541
0.006632,0.010184,0.006696,0.018013,0.010097,0.889571,0.012542,0.020811,0.007439,0.018013
0.003739,0.005406,0.005937,0.005490,0.005382,0.954557,0.005000,0.003832,0.005167,0.005490
0.003771,0.004564,0.003690,0.007685,0.004548,0.815749,0.010299,0.138290,0.003717,0.007685
0.001297,0.002040,0.001276,0.002373,0.002017,0.984159,0.001637,0.001395,0.001435,0.002373
0.004167,0.005640,0.004286,0.006799,0.005611,0.946723,0.005040,0.010409,0.004526,0.006799
0.022119,0.030580,0.017658,0.025716,0.030357,0.776215,0.022782,0.026767,0.022090,0.025716
0.072703,0.090813,0.065377,0.124315,0.090312,0.078832,0.144730,0.138805,0.069799,0.124315
0.000203,0.000287,0.000171,0.000246,0.000285,0.998014,0.000181,0.000161,0.000208,0.000246
0.001111,0.001624,0.001023,0.001470,0.001613,0.988528,0.000956,0.001029,0.001177,0.001470
0.001114,0.001528,0.001053,0.001376,0.001512,0.989006,0.000962,0.000969,0.001104,0.001376
0.063980,0.077107,0.067078,0.069479,0.076906,0.394001,0.057507,0.059245,0.065218,0.069479
0.004008,0.006027,0.003341,0.005895,0.005952,0.956748,0.003965,0.004216,0.003953,0.005895
0.005034,0.007021,0.004553,0.007382,0.006971,0.947169,0.004905,0.004552,0.005031,0.007382
0.005877,0.007355,0.005553,0.013234,0.007312,0.907310,0.011572,0.022701,0.005853,0.013234
0.050716,0.088644,0.050046,0.132823,0.087587,0.298494,0.049426,0.057588,0.051857,0.132819
0.017903,0.028905,0.016333,0.028301,0.028563,0.799452,0.015028,0.016892,0.020322,0.028301
0.073669,0.102265,0.064765,0.108000,0.101719,0.087563,0.068074,0.209069,0.076877,0.108000
0.018104,0.024074,0.017481,0.034934,0.023926,0.752707,0.030658,0.043017,0.020165,0.034934
0.105826,0.196602,0.078138,0.116560,0.193082,0.025582,0.031937,0.038941,0.096775,0.116557
0.065016,0.121188,0.052454,0.218352,0.119319,0.038369,0.043935,0.054339,0.068685,0.218342
0.069562,0.120066,0.063324,0.127277,0.118709,0.158669,0.068114,0.064665,0.082340,0.127274
0.006837,0.009848,0.006829,0.022597,0.009766,0.705976,0.014264,0.193007,0.008279,0.022597
0.064446,0.086104,0.063915,0.185669,0.085400,0.070105,0.083607,0.104759,0.070328,0.185667
0.035009,0.054610,0.041135,0.222051,0.053958,0.138629,0.062704,0.131196,0.038662,0.222046
0.044198,0.067631,0.046542,0.180650,0.066916,0.197007,0.107793,0.059618,0.049002,0.180643
0.001518,0.002650,0.001287,0.002169,0.002619,0.983847,0.000957,0.000999,0.001784,0.002169
0.050152,0.070952,0.046874,0.129578,0.070552,0.236367,0.144606,0.067344,0.054000,0.129575
0.079954,0.122386,0.071681,0.175678,0.121010,0.052042,0.055510,0.062693,0.083373,0.175673
0.064613,0.077566,0.067818,0.130029,0.077235,0.056894,0.163683,0.154864,0.077269,0.130029
0.030253,0.041189,0.026449,0.034240,0.040870,0.721754,0.021921,0.020060,0.029026,0.034239
0.043988,0.071850,0.045853,0.227507,0.071078,0.026038,0.062047,0.160562,0.063571,0.227506
0.042378,0.064153,0.051738,0.182517,0.063598,0.100469,0.138838,0.127312,0.046483,0.182515
0.001305,0.001976,0.001065,0.001287,0.001964,0.988042,0.000916,0.000747,0.001412,0.001287
0.006942,0.012886,0.005628,0.013308,0.012662,0.916071,0.005158,0.006436,0.007603,0.013307
0.012841,0.019287,0.014901,0.033113,0.019134,0.816913,0.018067,0.017879,0.014752,0.033112
0.106223,0.208782,0.098965,0.066444,0.207662,0.056694,0.037070,0.045002,0.106713,0.066443
0.052481,0.079489,0.053589,0.205166,0.078265,0.053807,0.074829,0.136845,0.060367,0.205164
0.057693,0.153732,0.094524,0.038440,0.151708,0.340352,0.018429,0.017506,0.089178,0.038439
0.121871,0.126206,0.094503,0.086240,0.126309,0.112412,0.070750,0.068798,0.106671,0.086240
0.040403,0.057915,0.044058,0.171277,0.057400,0.055047,0.114409,0.239083,0.049131,0.171278
0.002747,0.004425,0.002800,0.004510,0.004379,0.967756,0.002729,0.002905,0.003239,0.004510
0.100000,0.100000,0.100000,0.100000,0.100000,0.100000,0.100000,0.100000,0.100000,0.100000
0.070078,0.123616,0.064177,0.179906,0.121812,0.055067,0.057234,0.072553,0.075660,0.179898
0.038354,0.045325,0.034361,0.055162,0.045396,0.235621,0.047034,0.395362,0.048223,0.055163
0.037603,0.066592,0.039884,0.281965,0.065567,0.033736,0.068793,0.078557,0.045348,0.281957
0.071293,0.082963,0.071371,0.121256,0.082798,0.059086,0.188370,0.130927,0.070680,0.121256
0.062250,0.078699,0.062612,0.178189,0.078366,0.074525,0.094677,0.126620,0.065875,0.178187
0.065215,0.101444,0.082636,0.190764,0.100593,0.055541,0.058850,0.079841,0.074354,0.190761
0.062268,0.092869,0.055870,0.170487,0.092142,0.148145,0.056899,0.084415,0.066423,0.170482
0.111079,0.107416,0.080065,0.072200,0.108245,0.070300,0.062373,0.065030,0.251091,0.072200
0.099683,0.133996,0.134478,0.112975,0.133147,0.058013,0.057170,0.060151,0.097415,0.112972
0.100000,0.100000,0.100000,0.100000,0.100000,0.100000,0.100000,0.100000,0.100000,0.100000
0.100000,0.100000,0.100000,0.100000,0.100000,0.100000,0.100000,0.100000,0.100000,0.100000
0.027652,0.061187,0.032913,0.316016,0.060087,0.012608,0.067822,0.068460,0.037255,0.316002
0.111079,0.107416,0.080065,0.072200,0.108245,0.070300,0.062373,0.065030,0.251091,0.072200
0.043946,0.066950,0.052966,0.249096,0.066469,0.049530,0.065007,0.097784,0.059157,0.249094
0.028962,0.051253,0.025946,0.328103,0.050976,0.012866,0.032839,0.097748,0.043204,0.328103
0.036619,0.071434,0.044857,0.279635,0.070247,0.029768,0.049502,0.069189,0.069122,0.279625
0.061130,0.078830,0.089430,0.182110,0.078403,0.066269,0.087288,0.100638,0.073796,0.182107
0.048279,0.080435,0.053710,0.261941,0.079602,0.028578,0.056484,0.065968,0.063075,0.261929
0.100000,0.100000,0.100000,0.100000,0.100000,0.100000,0.100000,0.100000,0.100000,0.100000
0.010532,0.019239,0.012542,0.403017,0.018972,0.007199,0.041026,0.069500,0.014973,0.402999
0.100000,0.100000,0.100000,0.100000,0.100000,0.100000,0.100000,0.100000,0.100000,0.100000
0.011909,0.020739,0.014917,0.362153,0.020492,0.010162,0.055367,0.127233,0.014885,0.362143
0.021378,0.034627,0.024087,0.349871,0.034289,0.014073,0.049299,0.093423,0.029090,0.349864
0.033274,0.052889,0.038801,0.303024,0.052162,0.022684,0.054689,0.093612,0.045848,0.303017
0.039373,0.066757,0.044748,0.262617,0.066061,0.040109,0.073055,0.088185,0.056486,0.262610
0.031464,0.048773,0.028806,0.324056,0.048243,0.018533,0.046981,0.087778,0.041318,0.324048
0.100000,0.100000,0.100000,0.100000,0.100000,0.100000,0.100000,0.100000,0.100000,0.100000
0.013986,0.025618,0.017254,0.339351,0.025314,0.009722,0.086884,0.118505,0.024016,0.339348
0.015097,0.031437,0.018856,0.382909,0.031062,0.010993,0.036478,0.059858,0.030419,0.382891
0.019624,0.038953,0.027339,0.338472,0.038460,0.009751,0.032045,0.128182,0.028691,0.338483
0.023724,0.040974,0.021393,0.364734,0.040367,0.014637,0.038655,0.064242,0.026548,0.364727
0.017164,0.033142,0.020659,0.334972,0.032567,0.015815,0.103625,0.084223,0.022861,0.334972
0.011695,0.019265,0.018284,0.371213,0.019066,0.008704,0.040017,0.124226,0.016310,0.371221
0.026404,0.042125,0.039164,0.322059,0.041812,0.018700,0.056377,0.098055,0.033249,0.322057
0.012133,0.024596,0.013614,0.410423,0.024119,0.008073,0.025298,0.053924,0.017404,0.410418
0.015541,0.022717,0.021372,0.198781,0.022567,0.012686,0.362613,0.125595,0.019345,0.198784
0.023638,0.037056,0.028031,0.338736,0.036692,0.016310,0.060710,0.086470,0.033619,0.338736
0.014364,0.022220,0.017948,0.296234,0.021990,0.014097,0.047883,0.251039,0.017976,0.296250
0.026969,0.041948,0.031323,0.312372,0.041584,0.029639,0.057750,0.114199,0.031843,0.312372
0.016840,0.026084,0.019104,0.340466,0.025814,0.014026,0.045248,0.151043,0.020899,0.340476
0.042721,0.061945,0.043370,0.266407,0.061465,0.056521,0.061204,0.088747,0.051219,0.266401
0.014088,0.021030,0.019842,0.313274,0.020863,0.010827,0.051326,0.217434,0.018026,0.313290
0.036792,0.050167,0.035804,0.320659,0.049899,0.019231,0.040859,0.087244,0.038702,0.320644
0.029215,0.046993,0.036147,0.287840,0.046438,0.032405,0.073288,0.121424,0.038406,0.287845
0.007889,0.015866,0.010374,0.393488,0.015627,0.005435,0.027869,0.116555,0.013403,0.393494
0.013497,0.025129,0.016192,0.389944,0.024758,0.009951,0.036629,0.076359,0.017596,0.389946
0.038914,0.065913,0.041490,0.298915,0.065043,0.021253,0.044415,0.078221,0.046931,0.298905
0.017643,0.026076,0.020309,0.142974,0.025829,0.021123,0.050479,0.527944,0.024645,0.142977
0.027294,0.049036,0.028571,0.344183,0.048395,0.027133,0.041159,0.053107,0.036959,0.344162
0.019990,0.030991,0.027069,0.314035,0.030682,0.016716,0.059154,0.161778,0.025543,0.314043
0.025975,0.044295,0.029179,0.333776,0.043772,0.016841,0.040942,0.098743,0.032709,0.333770
0.051195,0.065280,0.047197,0.208953,0.064871,0.061722,0.098967,0.138049,0.054817,0.208950
0.061638,0.081756,0.065179,0.129939,0.081500,0.057801,0.232893,0.082980,0.076376,0.129938
0.020730,0.038964,0.021327,0.314063,0.038336,0.074656,0.055458,0.089884,0.032520,0.314062
0.037243,0.066750,0.046851,0.245594,0.065747,0.104815,0.051435,0.088573,0.047402,0.245589
0.015344,0.031840,0.018343,0.393336,0.031204,0.009069,0.031773,0.053219,0.022545,0.393328
0.054857,0.069846,0.051143,0.122642,0.069453,0.276906,0.065090,0.106958,0.060462,0.122643
0.009150,0.017980,0.011179,0.415499,0.017679,0.007154,0.025903,0.067774,0.012185,0.415497
0.018451,0.027193,0.019544,0.260112,0.027005,0.011919,0.146305,0.205351,0.023999,0.260119
0.022815,0.041567,0.026361,0.366258,0.041008,0.018488,0.033728,0.051524,0.032015,0.366236
0.040238,0.062264,0.058436,0.250686,0.061768,0.053349,0.068136,0.099563,0.054875,0.250685
0.022102,0.040693,0.024751,0.362345,0.040127,0.013513,0.039328,0.063197,0.031610,0.362334
0.042895,0.069262,0.041187,0.268464,0.068590,0.024843,0.055572,0.095436,0.065291,0.268461
0.008689,0.013763,0.005282,0.002913,0.013573,0.000940,0.001181,0.001441,0.949304,0.002913
0.041466,0.053523,0.040107,0.209828,0.053254,0.029611,0.134008,0.183384,0.044984,0.209836
0.000426,0.000528,0.000402,0.000521,0.000525,0.995462,0.000487,0.000423,0.000705,0.000521
0.061510,0.092075,0.094941,0.175963,0.091777,0.048203,0.089026,0.090407,0.080137,0.175962
0.030300,0.038793,0.015868,0.005246,0.038314,0.003541,0.002994,0.003063,0.856636,0.005246
0.010808,0.021951,0.014281,0.420572,0.021644,0.011977,0.024153,0.038637,0.015445,0.420533
0.000000,0.000001,0.000000,0.000001,0.000001,0.999995,0.000001,0.000000,0.000000,0.000001
0.038961,0.050671,0.040120,0.100730,0.050536,0.451099,0.048885,0.055241,0.063027,0.100730
0.028253,0.038741,0.043938,0.111417,0.038566,0.025608,0.073807,0.489757,0.038497,0.111417
0.013218,0.023864,0.014984,0.284890,0.023616,0.009379,0.135811,0.188428,0.020917,0.284894
0.074732,0.124406,0.115707,0.165464,0.123364,0.037745,0.054303,0.060812,0.078010,0.165457
0.031876,0.029154,0.012519,0.004210,0.029629,0.002334,0.002706,0.002982,0.880378,0.004210
0.034752,0.045285,0.037858,0.155439,0.045058,0.140430,0.193752,0.145180,0.046804,0.155443
0.399915,0.127032,0.023808,0.004042,0.132364,0.002561,0.002660,0.002735,0.300841,0.004042
0.012813,0.019623,0.018726,0.002266,0.020030,0.000517,0.000813,0.001080,0.921868,0.002266
0.050969,0.069805,0.063433,0.187641,0.069448,0.041877,0.144686,0.117652,0.066847,0.187643
0.069158,0.107567,0.062649,0.132153,0.106755,0.059718,0.107964,0.072998,0.148889,0.132150
0.080732,0.090069,0.070800,0.080297,0.090029,0.116921,0.104712,0.072767,0.213376,0.080296
0.089120,0.127711,0.099585,0.121148,0.127835,0.047637,0.070480,0.075875,0.119463,0.121147
0.046861,0.064017,0.057681,0.193811,0.063676,0.038864,0.124386,0.156150,0.060740,0.193814
0.088285,0.091923,0.085002,0.093762,0.091851,0.136260,0.096090,0.087021,0.136043,0.093762
0.272610,0.240293,0.065281,0.011488,0.249542,0.008269,0.008121,0.008677,0.124233,0.011488
0.048993,0.045592,0.013808,0.008394,0.046490,0.003308,0.003287,0.003667,0.818068,0.008394
0.086464,0.108341,0.091181,0.120102,0.107721,0.088166,0.095053,0.084661,0.098209,0.120100
0.123513,0.145929,0.250733,0.016649,0.147434,0.014427,0.011009,0.011522,0.262135,0.016649
0.003673,0.005053,0.003344,0.004282,0.005016,0.963724,0.003417,0.003346,0.003864,0.004282
0.255597,0.115433,0.031748,0.009641,0.118471,0.005424,0.005604,0.005901,0.442541,0.009641
0.017753,0.026242,0.022759,0.002178,0.026850,0.000669,0.000877,0.001152,0.899343,0.002177
0.046704,0.045723,0.015486,0.005261,0.046762,0.002086,0.003000,0.002982,0.826736,0.005261
0.063772,0.052548,0.020971,0.010057,0.053503,0.005094,0.005134,0.005953,0.772910,0.010057
0.028696,0.087901,0.056518,0.027639,0.085646,0.006345,0.012753,0.015032,0.651831,0.027639
0.077623,0.105966,0.053656,0.174185,0.105548,0.028687,0.056076,0.101540,0.122534,0.174185
0.018265,0.026403,0.025519,0.108592,0.026273,0.011533,0.507785,0.140409,0.026628,0.108592
0.010556,0.013447,0.012245,0.000784,0.013822,0.000342,0.000359,0.000416,0.947246,0.000783
0.036807,0.052377,0.041179,0.221032,0.051997,0.032866,0.131200,0.163397,0.048106,0.221037
0.018335,0.029652,0.031112,0.319794,0.029412,0.013725,0.099940,0.102167,0.036063,0.319800
0.061021,0.082899,0.074249,0.189982,0.082446,0.059221,0.094550,0.084992,0.080666,0.189975
0.074254,0.109441,0.063233,0.159999,0.108651,0.044348,0.093534,0.059339,0.127207,0.159994
0.094524,0.280369,0.092857,0.023451,0.265756,0.013464,0.012561,0.013869,0.179697,0.023450
0.012700,0.011735,0.003232,0.000897,0.012096,0.000456,0.000505,0.000544,0.956939,0.000897
0.060453,0.037780,0.015541,0.003889,0.039156,0.001606,0.002084,0.002220,0.833383,0.003889
0.009476,0.019384,0.019694,0.002941,0.018979,0.000943,0.001162,0.001370,0.923112,0.002941
0.044268,0.025263,0.010281,0.002632,0.026157,0.001405,0.001537,0.001685,0.884138,0.002632
0.059357,0.080626,0.054989,0.197868,0.080793,0.030593,0.065214,0.118294,0.114399,0.197866
0.008117,0.020228,0.023692,0.003258,0.019957,0.000732,0.000901,0.001033,0.918825,0.003258
0.010281,0.012170,0.014362,0.001502,0.012463,0.000498,0.000592,0.000737,0.945894,0.001502
0.008766,0.011795,0.009931,0.165516,0.011721,0.007022,0.450901,0.158694,0.010127,0.165525
0.021727,0.020328,0.006769,0.001672,0.020309,0.000992,0.001068,0.001045,0.924417,0.001672
0.073818,0.107207,0.071053,0.161531,0.107318,0.024589,0.060523,0.104026,0.128400,0.161535
0.046436,0.061294,0.019326,0.005657,0.061664,0.002796,0.002818,0.002820,0.791532,0.005657
0.045303,0.063320,0.045405,0.243012,0.063144,0.027466,0.064612,0.154055,0.050666,0.243016
0.034623,0.068569,0.039502,0.293987,0.068107,0.027415,0.055131,0.052859,0.065839,0.293969
0.025257,0.049089,0.031779,0.324531,0.048650,0.016519,0.039946,0.094683,0.045023,0.324523
0.065860,0.105846,0.080879,0.179784,0.105983,0.025596,0.068550,0.086458,0.101258,0.179784
0.017179,0.028784,0.019540,0.354826,0.028530,0.011402,0.035570,0.117533,0.031802,0.354834
0.042802,0.073389,0.046845,0.267409,0.073364,0.017223,0.048468,0.095365,0.067726,0.267407
0.046885,0.075361,0.063331,0.244757,0.075060,0.023913,0.084608,0.083013,0.058315,0.244756
0.049524,0.077799,0.048601,0.261332,0.077032,0.031939,0.052359,0.063313,0.076783,0.261318
0.018162,0.027713,0.021881,0.317036,0.027467,0.016176,0.049467,0.180580,0.024477,0.317041
0.004185,0.005393,0.003889,0.040998,0.005393,0.003360,0.019060,0.872168,0.004554,0.041000
0.100000,0.100000,0.100000,0.100000,0.100000,0.100000,0.100000,0.100000,0.100000,0.100000
0.067614,0.092791,0.076736,0.170125,0.091890,0.054053,0.113248,0.081733,0.081689,0.170121
0.038323,0.068944,0.040167,0.167298,0.067967,0.284589,0.040533,0.071881,0.053003,0.167295
0.082768,0.116088,0.071273,0.143419,0.116255,0.075560,0.064352,0.089719,0.097149,0.143417
0.027443,0.056031,0.029077,0.316945,0.055175,0.020423,0.050940,0.077034,0.050001,0.316930
0.056993,0.072271,0.056788,0.186279,0.071867,0.048982,0.129325,0.129732,0.061484,0.186279
0.047448,0.081240,0.050960,0.227311,0.080151,0.079013,0.058418,0.093259,0.054896,0.227303
0.041297,0.088491,0.040342,0.158275,0.086816,0.295336,0.040848,0.040896,0.049429,0.158269
0.003235,0.004234,0.003737,0.008949,0.004209,0.003356,0.952134,0.007707,0.003491,0.008949
0.038337,0.071019,0.047121,0.267016,0.070091,0.035631,0.064767,0.089194,0.049814,0.267011
0.040864,0.067149,0.040436,0.214129,0.066359,0.183288,0.053281,0.069973,0.050399,0.214123
0.022898,0.044189,0.028452,0.183243,0.043733,0.349807,0.050871,0.056863,0.036710,0.183235
0.001176,0.001460,0.001536,0.005796,0.001453,0.001429,0.973304,0.006597,0.001452,0.005796
0.007184,0.009090,0.009489,0.022154,0.009049,0.006620,0.880705,0.024944,0.008610,0.022154
0.028619,0.037993,0.031749,0.223155,0.037723,0.021903,0.222781,0.138054,0.034867,0.223157
0.001678,0.002384,0.001989,0.008883,0.002365,0.001425,0.963473,0.007040,0.001879,0.008883
0.066273,0.238060,0.123516,0.025489,0.226709,0.012457,0.009631,0.011358,0.261020,0.025488
0.005666,0.009020,0.006704,0.055387,0.008926,0.030153,0.781847,0.039933,0.006978,0.055387
0.009286,0.016716,0.010062,0.400738,0.016502,0.006153,0.023502,0.102924,0.013359,0.400757
0.023398,0.034728,0.026824,0.241925,0.034423,0.020677,0.180497,0.163204,0.032393,0.241930
0.016698,0.021441,0.018030,0.088662,0.021313,0.018276,0.650700,0.057859,0.018359,0.088662
0.033258,0.049091,0.041380,0.167719,0.048616,0.027922,0.308008,0.118041,0.038243,0.167720
0.004683,0.007043,0.005655,0.020427,0.006997,0.003364,0.914200,0.011963,0.005240,0.020427
0.006971,0.011809,0.006045,0.019594,0.011653,0.895300,0.012300,0.008787,0.007947,0.019594
0.001217,0.001631,0.001448,0.006747,0.001620,0.001315,0.970844,0.006835,0.001597,0.006747
0.017688,0.026709,0.022272,0.114042,0.026436,0.019332,0.533042,0.104791,0.021645,0.114044
0.493311,0.153756,0.068660,0.012396,0.156322,0.006665,0.007137,0.007939,0.081417,0.012396
0.012981,0.020993,0.014733,0.144449,0.020773,0.014561,0.474499,0.135567,0.016987,0.144455
0.040752,0.058733,0.055435,0.060643,0.058410,0.539959,0.040884,0.036029,0.048511,0.060643
0.002356,0.003213,0.003046,0.015511,0.003191,0.002459,0.938352,0.013638,0.002724,0.015511
0.007641,0.010896,0.008686,0.093967,0.010794,0.008815,0.417127,0.339392,0.008714,0.093969
0.009902,0.012848,0.010688,0.102727,0.012769,0.011362,0.240701,0.485090,0.011182,0.102731
0.030790,0.047912,0.035440,0.206051,0.047440,0.022762,0.241425,0.127001,0.035129,0.206050
0.020040,0.028395,0.022905,0.056683,0.028018,0.020666,0.700101,0.044783,0.021728,0.056682
0.013211,0.021823,0.014282,0.319724,0.021584,0.012273,0.074664,0.185038,0.017661,0.319740
0.031529,0.046668,0.037840,0.192164,0.046385,0.117037,0.171431,0.120666,0.044118,0.192163
0.021618,0.030284,0.025934,0.106220,0.030034,0.101360,0.047092,0.507407,0.023832,0.106219
0.031450,0.054972,0.035898,0.288606,0.054366,0.082542,0.050739,0.075005,0.037830,0.288593
0.032262,0.051776,0.035938,0.269055,0.051186,0.037744,0.088374,0.111479,0.053137,0.269047
0.242360,0.212239,0.148722,0.020392,0.214784,0.016719,0.013199,0.014062,0.097131,0.020392
0.007947,0.010011,0.009141,0.047642,0.009966,0.006136,0.808452,0.044033,0.009029,0.047643
0.006726,0.012304,0.007009,0.060861,0.012131,0.037326,0.752507,0.041767,0.008508,0.060861
0.022452,0.025946,0.023789,0.031855,0.025870,0.042561,0.728167,0.044594,0.022911,0.031855
0.008510,0.016008,0.010321,0.396346,0.015772,0.005606,0.037774,0.100874,0.012433,0.396356
0.043650,0.072321,0.043951,0.257622,0.071084,0.035184,0.089427,0.075907,0.053237,0.257617
0.036211,0.036979,0.038144,0.034424,0.037042,0.034157,0.671466,0.038539,0.038614,0.034424
0.000852,0.001158,0.000815,0.000913,0.001153,0.991705,0.000847,0.000738,0.000906,0.000913
0.040750,0.061016,0.042794,0.228196,0.060308,0.040792,0.127134,0.116124,0.054688,0.228196
0.015849,0.028654,0.018770,0.320472,0.028314,0.009801,0.119036,0.117375,0.021251,0.320477
0.174355,0.225190,0.137050,0.026506,0.225810,0.038470,0.014212,0.016437,0.115466,0.026505
0.050042,0.083836,0.043468,0.251070,0.083269,0.025695,0.064798,0.091337,0.055418,0.251067
0.032755,0.043127,0.027021,0.248295,0.042852,0.024456,0.140299,0.159680,0.033218,0.248297
0.042123,0.062188,0.040853,0.247193,0.061610,0.029935,0.090229,0.136251,0.042421,0.247197
0.014834,0.023330,0.015727,0.336958,0.023061,0.010758,0.050283,0.166212,0.021863,0.336973
0.232190,0.198698,0.077101,0.048631,0.201725,0.025337,0.021721,0.024908,0.121059,0.048630
0.013797,0.022419,0.014384,0.298987,0.022082,0.010288,0.064793,0.238491,0.015750,0.299009
0.040988,0.052090,0.039500,0.147238,0.051756,0.032789,0.278181,0.167304,0.042914,0.147240
0.200324,0.207075,0.081672,0.039778,0.202984,0.031809,0.033839,0.030003,0.132740,0.039777
0.017372,0.034152,0.026664,0.370845,0.033693,0.029361,0.034833,0.059641,0.022609,0.370832
0.006583,0.008255,0.007382,0.042656,0.008209,0.008097,0.831525,0.037160,0.007477,0.042657
0.021322,0.032496,0.025827,0.267351,0.032206,0.018771,0.137678,0.170206,0.026789,0.267355
0.038884,0.056814,0.045697,0.217494,0.056317,0.041354,0.160561,0.122872,0.042510,0.217497
0.018922,0.031483,0.018916,0.312558,0.031122,0.023885,0.078886,0.150423,0.021243,0.312563
0.014554,0.021912,0.014296,0.080286,0.021724,0.012357,0.674327,0.062323,0.017935,0.080287
0.034644,0.049747,0.040257,0.259323,0.049229,0.030334,0.080541,0.158614,0.037984,0.259328
0.064314,0.102297,0.509375,0.017173,0.103041,0.015477,0.012117,0.011827,0.147206,0.017173
0.028150,0.036439,0.030186,0.137687,0.036232,0.026934,0.391550,0.141227,0.033903,0.137691
0.007961,0.012813,0.008401,0.062518,0.012659,0.007049,0.761461,0.054325,0.010293,0.062520
0.016481,0.026366,0.017151,0.279726,0.026122,0.011977,0.067458,0.255547,0.019429,0.279743
0.018443,0.029014,0.020437,0.300477,0.028604,0.014618,0.104972,0.158862,0.024079,0.300495
0.189652,0.165864,0.229528,0.029201,0.167729,0.026035,0.024166,0.024887,0.113738,0.029201
0.134292,0.185588,0.119602,0.044824,0.185263,0.029409,0.031422,0.030678,0.194099,0.044824
0.020119,0.036034,0.024363,0.298901,0.035533,0.015002,0.127538,0.113529,0.030070,0.298911
0.018827,0.021269,0.014412,0.032579,0.021161,0.008226,0.805715,0.027220,0.018013,0.032579
0.141665,0.228501,0.180860,0.032273,0.218916,0.013705,0.015041,0.017003,0.119763,0.032273
0.265430,0.197921,0.076356,0.017165,0.201744,0.026063,0.010665,0.012189,0.175301,0.017165
0.030549,0.039195,0.037334,0.216140,0.038980,0.031716,0.184978,0.170549,0.034415,0.216144
0.044454,0.066233,0.053148,0.246091,0.065677,0.033139,0.097619,0.097243,0.050309,0.246088
0.292797,0.184472,0.087604,0.028947,0.187322,0.015967,0.016086,0.017016,0.140842,0.028947
0.018173,0.025041,0.021658,0.236841,0.024847,0.019561,0.176224,0.220146,0.020658,0.236851
0.004441,0.006253,0.005287,0.043947,0.006199,0.004382,0.847558,0.033041,0.004943,0.043948
0.018188,0.027478,0.879736,0.005109,0.027755,0.002922,0.003860,0.003937,0.025906,0.005109
0.198555,0.183234,0.070672,0.037279,0.180987,0.025993,0.026429,0.025116,0.214457,0.037279
0.146929,0.136830,0.131722,0.077856,0.137521,0.055743,0.060410,0.072026,0.103108,0.077856
0.100261,0.164664,0.176708,0.069568,0.163302,0.048591,0.048899,0.050679,0.107761,0.069567
0.064726,0.140379,0.382299,0.036090,0.140914,0.016192,0.017329,0.018476,0.147506,0.036089
0.259999,0.176927,0.099618,0.046544,0.180074,0.023438,0.026340,0.028944,0.111574,0.046543
0.060428,0.063963,0.062981,0.166326,0.063876,0.061727,0.122610,0.169596,0.062159,0.166333
0.339921,0.151536,0.086405,0.031793,0.153552,0.024397,0.023925,0.025458,0.131220,0.031793
0.101051,0.145364,0.155894,0.079349,0.145862,0.033708,0.043119,0.060464,0.155841,0.079349
0.019368,0.028123,0.872162,0.006061,0.028416,0.003901,0.005123,0.004948,0.025838,0.006061
0.326489,0.165139,0.055989,0.027015,0.165743,0.017311,0.016564,0.017338,0.181399,0.027014
0.337609,0.163435,0.063966,0.022465,0.173418,0.020481,0.019219,0.019535,0.157406,0.022465
0.083952,0.129803,0.073467,0.153851,0.128521,0.034833,0.075659,0.068751,0.097316,0.153847
0.100983,0.110783,0.086692,0.109726,0.110654,0.063901,0.076891,0.134628,0.096016,0.109725
0.171640,0.195365,0.089294,0.066524,0.197981,0.025812,0.033385,0.035724,0.117753,0.066523
0.346216,0.163124,0.078886,0.032403,0.165329,0.020557,0.020428,0.021788,0.118866,0.032403
0.310353,0.201130,0.058656,0.029415,0.193665,0.018852,0.019468,0.022832,0.116214,0.029415
0.175047,0.175418,0.114463,0.059072,0.177035,0.038574,0.039870,0.045181,0.116267,0.059072
0.144784,0.171673,0.161200,0.043770,0.173543,0.031038,0.038218,0.038541,0.153464,0.043769
0.274502,0.181026,0.092375,0.027532,0.187125,0.020768,0.021502,0.021444,0.146193,0.027532
0.108490,0.186989,0.280621,0.021043,0.189247,0.012329,0.014873,0.016500,0.148864,0.021043
0.025584,0.039691,0.827746,0.007680,0.040087,0.004734,0.006071,0.005896,0.034831,0.007680
0.251610,0.200307,0.073034,0.019743,0.207082,0.015054,0.014154,0.015033,0.184241,0.019743
0.221078,0.144929,0.111558,0.059851,0.146253,0.043635,0.046641,0.054642,0.111562,0.059851
0.161247,0.162278,0.103982,0.054055,0.162832,0.041612,0.039958,0.043483,0.176498,0.054055
0.112043,0.156898,0.201163,0.067301,0.158308,0.025057,0.043771,0.041851,0.126306,0.067301
0.201341,0.220410,0.079134,0.025630,0.223970,0.017866,0.018747,0.018904,0.168369,0.025629
0.190924,0.131835,0.142335,0.062889,0.132847,0.059546,0.058384,0.058680,0.099671,0.062889
0.100000,0.100000,0.100000,0.100000,0.100000,0.100000,0.100000,0.100000,0.100000,0.100000
0.123792,0.158295,0.082071,0.141275,0.157846,0.029579,0.037232,0.045584,0.083055,0.141270
0.127966,0.158900,0.071554,0.104511,0.159857,0.023516,0.034223,0.080414,0.134551,0.104510
0.086098,0.172006,0.209807,0.065559,0.172848,0.017073,0.022783,0.028866,0.159402,0.065558
0.141983,0.198245,0.090684,0.083416,0.197284,0.023811,0.029490,0.035965,0.115706,0.083414
0.020542,0.030987,0.862524,0.006047,0.031281,0.003411,0.005146,0.004678,0.029336,0.006047
0.349968,0.161056,0.074038,0.027973,0.162378,0.025090,0.020747,0.021530,0.129246,0.027973
0.162514,0.152952,0.123150,0.063783,0.153398,0.049868,0.050021,0.053819,0.126713,0.063783
0.266122,0.197295,0.071941,0.009078,0.205960,0.004433,0.004790,0.005491,0.225811,0.009078
0.169547,0.193035,0.111545,0.040224,0.196393,0.016427,0.025511,0.023109,0.183986,0.040223
0.141878,0.186310,0.108281,0.072937,0.185626,0.026526,0.029217,0.034955,0.141334,0.072935
0.434594,0.155630,0.062764,0.014335,0.160332,0.011049,0.011077,0.011769,0.124116,0.014335
0.257808,0.224701,0.064786,0.027546,0.217505,0.017919,0.015255,0.015670,0.131265,0.027546
0.216090,0.142709,0.096831,0.062233,0.145738,0.104653,0.032368,0.037534,0.099611,0.062233
0.021125,0.030522,0.861666,0.006473,0.030835,0.004169,0.005461,0.005273,0.028003,0.006473
0.134886,0.182399,0.229709,0.035639,0.183134,0.023610,0.030883,0.029788,0.114313,0.035638
0.103458,0.144793,0.274791,0.032309,0.146044,0.043793,0.031485,0.022775,0.168244,0.032308
0.121764,0.184755,0.120326,0.061257,0.186608,0.031396,0.035072,0.045668,0.151897,0.061256
0.226662,0.198587,0.076260,0.047631,0.204097,0.021880,0.024977,0.025849,0.126427,0.047630
0.086131,0.138666,0.282206,0.034648,0.139617,0.013705,0.016416,0.018514,0.235449,0.034648
0.089557,0.113789,0.398136,0.024133,0.115333,0.051249,0.019245,0.019315,0.145109,0.024133
0.148689,0.136957,0.139393,0.075162,0.137672,0.054154,0.059390,0.069176,0.104245,0.075162
0.079015,0.140551,0.302927,0.032909,0.141006,0.016700,0.016717,0.018933,0.218333,0.032909
0.130348,0.139674,0.096254,0.073607,0.140403,0.039411,0.061188,0.052773,0.192737,0.073606
0.248408,0.172347,0.113908,0.037787,0.173939,0.025811,0.028375,0.029548,0.132089,0.037787
0.102001,0.139109,0.352840,0.025617,0.140485,0.022805,0.020988,0.019727,0.150811,0.025617
0.140874,0.195296,0.140425,0.052403,0.195100,0.036562,0.034128,0.036165,0.116643,0.052403
0.094562,0.152050,0.175122,0.074385,0.152471,0.035548,0.043327,0.070747,0.127402,0.074385
0.310039,0.132770,0.057441,0.011360,0.134971,0.009090,0.008301,0.008208,0.316460,0.011360
0.100983,0.110783,0.086692,0.109726,0.110654,0.063901,0.076891,0.134628,0.096016,0.109725
0.119035,0.165623,0.120720,0.060032,0.166666,0.046880,0.046402,0.058683,0.155927,0.060032
0.019414,0.019940,0.006021,0.001133,0.019714,0.000572,0.000651,0.000645,0.930779,0.001133
0.060428,0.063963,0.062981,0.166326,0.063876,0.061727,0.122610,0.169596,0.062159,0.166333
0.428875,0.161380,0.047183,0.013633,0.169916,0.007380,0.007031,0.007934,0.143034,0.013633
0.298516,0.196820,0.066076,0.023931,0.198633,0.015807,0.014891,0.016620,0.144775,0.023931
0.051628,0.120021,0.396476,0.076736,0.119037,0.014185,0.026084,0.034383,0.084717,0.076734
0.337609,0.163435,0.063966,0.022465,0.173418,0.020481,0.019219,0.019535,0.157406,0.022465
0.496760,0.139140,0.035039,0.006195,0.147702,0.003714,0.003715,0.004116,0.157425,0.006195
0.378856,0.147629,0.063317,0.016662,0.153866,0.012963,0.012822,0.013292,0.183931,0.016662
0.397903,0.150042,0.061494,0.017585,0.156915,0.012848,0.013170,0.013249,0.159209,0.017584
0.264517,0.206125,0.050862,0.019829,0.202406,0.012425,0.011595,0.012923,0.199489,0.019828
0.440012,0.125775,0.048046,0.017248,0.128650,0.012670,0.012727,0.013082,0.184541,0.017248
0.469356,0.141461,0.062358,0.016835,0.145065,0.008288,0.012225,0.009630,0.117947,0.016835
0.094257,0.172924,0.186604,0.073798,0.173785,0.013812,0.017642,0.022750,0.170632,0.073795
0.415699,0.152770,0.060415,0.015070,0.159498,0.011149,0.011201,0.011288,0.147839,0.015070
0.192800,0.177070,0.040696,0.011511,0.183892,0.004339,0.005168,0.005875,0.367138,0.011511
0.085661,0.201547,0.064588,0.037262,0.200020,0.009565,0.011607,0.013788,0.338701,0.037261
0.066696,0.147903,0.113224,0.035148,0.149135,0.009964,0.010135,0.014074,0.418575,0.035147
0.458920,0.119906,0.063858,0.024692,0.122094,0.018599,0.025102,0.018472,0.123665,0.024692
0.072123,0.155437,0.427799,0.012169,0.158433,0.004093,0.005184,0.005299,0.147293,0.012169
0.354555,0.173677,0.052804,0.020027,0.177445,0.009873,0.012051,0.012011,0.167532,0.020026
0.064875,0.128646,0.029557,0.018359,0.130593,0.004873,0.005855,0.007568,0.591314,0.018359
0.077977,0.169764,0.300761,0.052145,0.168413,0.025384,0.024371,0.029589,0.099454,0.052144
0.205326,0.196208,0.063706,0.039940,0.202281,0.011148,0.012912,0.017095,0.211445,0.039939
0.014778,0.026771,0.890532,0.004273,0.026893,0.002220,0.003230,0.002393,0.024638,0.004273
0.000000,0.000001,0.000000,0.000001,0.000001,0.999995,0.000001,0.000000,0.000000,0.000001
0.000426,0.000528,0.000402,0.000521,0.000525,0.995462,0.000487,0.000423,0.000705,0.000521
0.198555,0.183234,0.070672,0.037279,0.180987,0.025993,0.026429,0.025116,0.214457,0.037279
0.008689,0.013763,0.005282,0.002913,0.013573,0.000940,0.001181,0.001441,0.949304,0.002913
0.176844,0.118860,0.031459,0.006268,0.118629,0.003748,0.003591,0.003706,0.530626,0.006268
0.030300,0.038793,0.015868,0.005246,0.038314,0.003541,0.002994,0.003063,0.856636,0.005246
0.256851,0.224896,0.067408,0.015285,0.229025,0.005332,0.006785,0.008197,0.170937,0.015285
0.236121,0.178699,0.074087,0.043867,0.181191,0.032781,0.035922,0.031061,0.142404,0.043867
0.044467,0.091362,0.587309,0.020493,0.092593,0.008179,0.006395,0.006542,0.122165,0.020493
0.139546,0.153491,0.077372,0.105386,0.153584,0.021134,0.030650,0.041018,0.172437,0.105383
0.141788,0.233347,0.074270,0.023808,0.239413,0.003936,0.006104,0.007317,0.246209,0.023807
0.337609,0.163435,0.063966,0.022465,0.173418,0.020481,0.019219,0.019535,0.157406,0.022465
0.150273,0.131483,0.319340,0.014024,0.135145,0.006408,0.007804,0.008325,0.213173,0.014024
0.616916,0.111563,0.037139,0.012365,0.113876,0.009165,0.008792,0.008191,0.069628,0.012365
0.078550,0.181179,0.314464,0.024119,0.179859,0.014061,0.014159,0.015124,0.154366,0.024118
0.040752,0.058733,0.055435,0.060643,0.058410,0.539959,0.040884,0.036029,0.048511,0.060643
0.168627,0.247168,0.072061,0.041637,0.244826,0.023570,0.019215,0.026053,0.115204,0.041637
0.060428,0.063963,0.062981,0.166326,0.063876,0.061727,0.122610,0.169596,0.062159,0.166333
0.037999,0.071057,0.056860,0.214887,0.070541,0.162907,0.048459,0.064857,0.057552,0.214882
0.012916,0.028125,0.047152,0.004858,0.028417,0.001163,0.001789,0.002037,0.868686,0.004858
0.064907,0.136447,0.153620,0.020841,0.136853,0.005575,0.008376,0.008839,0.443701,0.020841
0.105347,0.265763,0.065314,0.031004,0.254182,0.008042,0.010695,0.012948,0.215700,0.031004
0.025844,0.038166,0.028983,0.222952,0.037882,0.074313,0.161282,0.158010,0.029614,0.222953
0.136682,0.183397,0.099943,0.027579,0.185698,0.027634,0.013085,0.013343,0.285061,0.027579
0.047106,0.073896,0.052675,0.228297,0.073315,0.030203,0.062468,0.122309,0.081438,0.228292
0.175599,0.130360,0.284282,0.012633,0.133840,0.004435,0.006468,0.006424,0.233328,0.012632
0.091150,0.193203,0.132555,0.062296,0.189174,0.019328,0.025134,0.032020,0.192846,0.062295
0.082391,0.095633,0.066436,0.189431,0.095773,0.033867,0.068835,0.070375,0.107834,0.189425
0.015158,0.020817,0.016289,0.017429,0.020686,0.843297,0.016557,0.015100,0.017237,0.017429
0.054520,0.073510,0.690625,0.009980,0.074601,0.003043,0.004778,0.004754,0.074209,0.009980
0.042270,0.074708,0.055084,0.262259,0.073665,0.024636,0.069493,0.075321,0.060314,0.262250
0.019368,0.028123,0.872162,0.006061,0.028416,0.003901,0.005123,0.004948,0.025838,0.006061
0.034919,0.089022,0.557284,0.051025,0.088571,0.009728,0.015266,0.018592,0.084570,0.051024
0.046510,0.066669,0.709137,0.008047,0.067701,0.002798,0.004374,0.003899,0.082817,0.008047
0.012813,0.019623,0.018726,0.002266,0.020030,0.000517,0.000813,0.001080,0.921868,0.002266
0.063098,0.120126,0.514023,0.012911,0.121458,0.005815,0.008675,0.008089,0.132895,0.012911
0.042802,0.073389,0.046845,0.267409,0.073364,0.017223,0.048468,0.095365,0.067726,0.267407
0.100000,0.100000,0.100000,0.100000,0.100000,0.100000,0.100000,0.100000,0.100000,0.100000
0.046885,0.075361,0.063331,0.244757,0.075060,0.023913,0.084608,0.083013,0.058315,0.244756
0.065860,0.105846,0.080879,0.179784,0.105983,0.025596,0.068550,0.086458,0.101258,0.179784
0.030790,0.047912,0.035440,0.206051,0.047440,0.022762,0.241425,0.127001,0.035129,0.206050
0.017179,0.028784,0.019540,0.354826,0.028530,0.011402,0.035570,0.117533,0.031802,0.354834
0.171200,0.202079,0.044764,0.023598,0.206280,0.051639,0.011586,0.011932,0.253324,0.023598
0.025257,0.049089,0.031779,0.324531,0.048650,0.016519,0.039946,0.094683,0.045023,0.324523
0.083952,0.129803,0.073467,0.153851,0.128521,0.034833,0.075659,0.068751,0.097316,0.153847
0.119074,0.179330,0.244097,0.042138,0.174498,0.015628,0.017475,0.022132,0.143490,0.042137
0.021595,0.046704,0.029136,0.351662,0.045865,0.013879,0.031126,0.055061,0.053324,0.351648
0.007506,0.017164,0.020918,0.001838,0.016965,0.000669,0.000740,0.000858,0.931505,0.001838
0.025234,0.036710,0.033440,0.194698,0.036391,0.024055,0.089958,0.334735,0.030076,0.194703
0.216759,0.199790,0.071865,0.035611,0.203658,0.018963,0.020701,0.023652,0.173390,0.035611
0.169702,0.158595,0.088927,0.071256,0.160564,0.036835,0.055950,0.077856,0.109058,0.071257
0.013362,0.028521,0.019895,0.361009,0.028084,0.012268,0.031907,0.115956,0.027975,0.361024
0.015971,0.025732,0.018327,0.330264,0.025444,0.033394,0.081786,0.116299,0.022510,0.330273
0.034777,0.051134,0.033066,0.290343,0.050704,0.024310,0.060770,0.125550,0.038995,0.290351
0.012722,0.026592,0.014419,0.394897,0.026155,0.008437,0.056119,0.047054,0.018741,0.394864
0.059171,0.086355,0.083197,0.177341,0.085663,0.053966,0.070516,0.131548,0.074900,0.177343
0.018714,0.023134,0.018963,0.064098,0.023072,0.013270,0.169353,0.586104,0.019191,0.064100
0.023926,0.041348,0.026396,0.329688,0.040843,0.020835,0.095252,0.062372,0.029672,0.329668
0.024203,0.041386,0.035830,0.235647,0.040854,0.025406,0.091479,0.240231,0.029313,0.235652
0.100624,0.183363,0.120078,0.020072,0.184306,0.006117,0.007814,0.009195,0.348360,0.020072
0.085516,0.130498,0.105663,0.130835,0.129251,0.037168,0.099333,0.058268,0.092637,0.130831
0.173498,0.205757,0.251549,0.013323,0.207140,0.005938,0.007885,0.007675,0.113911,0.013323
0.061017,0.175423,0.435649,0.014277,0.169238,0.004025,0.005809,0.005136,0.115149,0.014277
0.052814,0.172427,0.074024,0.165366,0.166334,0.013741,0.026154,0.046426,0.117350,0.165363
0.114286,0.168532,0.149864,0.029794,0.169126,0.009151,0.013093,0.014579,0.301782,0.029794
0.089554,0.093128,0.089527,0.123294,0.093039,0.090062,0.103713,0.102421,0.091969,0.123293
0.077592,0.164601,0.270551,0.035601,0.165677,0.011169,0.014573,0.017569,0.207065,0.035600
0.056042,0.097226,0.571536,0.015379,0.098904,0.005602,0.008223,0.007908,0.123799,0.015379
0.022614,0.036296,0.024543,0.275467,0.035933,0.132607,0.061803,0.101897,0.033371,0.275468
0.078130,0.204878,0.077271,0.059135,0.204742,0.029307,0.015386,0.020587,0.251430,0.059134
0.322139,0.190976,0.082345,0.010532,0.199649,0.005576,0.006080,0.006307,0.165866,0.010532
0.105324,0.160818,0.223222,0.073943,0.163171,0.013708,0.021411,0.027221,0.137241,0.073940
0.104937,0.143381,0.351435,0.034008,0.144232,0.011970,0.017662,0.016821,0.141546,0.034007
0.010152,0.013107,0.014693,0.001071,0.013480,0.000428,0.000466,0.000573,0.944959,0.001071
0.064799,0.150050,0.048924,0.061534,0.146458,0.013834,0.018058,0.023693,0.411117,0.061532
0.052991,0.070428,0.059778,0.210580,0.069849,0.064407,0.072199,0.125804,0.063387,0.210576
0.384767,0.160005,0.045120,0.051129,0.162437,0.007329,0.013347,0.019449,0.105287,0.051129
0.129160,0.150491,0.075372,0.114406,0.149191,0.030581,0.045607,0.075647,0.115140,0.114405
0.310353,0.201130,0.058656,0.029415,0.193665,0.018852,0.019468,0.022832,0.116214,0.029415
0.129021,0.175335,0.278168,0.026229,0.176748,0.016273,0.013006,0.012259,0.146731,0.026229
0.197893,0.161221,0.232693,0.021216,0.163985,0.012478,0.012419,0.014282,0.162597,0.021216
0.063939,0.113513,0.078417,0.204095,0.111685,0.037435,0.049539,0.068924,0.068364,0.204089
0.020860,0.033175,0.026887,0.329077,0.032795,0.022048,0.045782,0.130419,0.029869,0.329087
0.052093,0.075471,0.052933,0.129265,0.074990,0.225850,0.082308,0.102008,0.075821,0.129262
0.110483,0.158405,0.083629,0.095997,0.158046,0.057379,0.047587,0.059085,0.133394,0.095996
0.054571,0.070380,0.054255,0.117493,0.069990,0.051519,0.318918,0.088027,0.057354,0.117492
0.003315,0.003928,0.003550,0.006226,0.003908,0.960452,0.004618,0.004248,0.003531,0.006225
0.067681,0.189039,0.131514,0.076592,0.180256,0.030873,0.031795,0.040568,0.175093,0.076591
0.056760,0.071698,0.063930,0.183480,0.071452,0.049305,0.097106,0.159104,0.063681,0.183485
0.060257,0.077889,0.068558,0.191148,0.077323,0.066930,0.083145,0.115417,0.068188,0.191145
0.055834,0.091807,0.048958,0.237804,0.090703,0.045366,0.053935,0.065716,0.072085,0.237793
0.075520,0.102149,0.083800,0.153084,0.101513,0.073159,0.082026,0.097340,0.078328,0.153081
0.078464,0.133759,0.092068,0.138431,0.133082,0.048740,0.054716,0.068322,0.113986,0.138430
0.054659,0.071309,0.053855,0.062184,0.070698,0.496107,0.037872,0.037372,0.053761,0.062183
0.001229,0.001603,0.001335,0.001573,0.001594,0.987070,0.001486,0.001192,0.001345,0.001573
0.078261,0.104721,0.085702,0.165598,0.104076,0.062721,0.067109,0.079690,0.086528,0.165595
0.081937,0.131868,0.098814,0.140413,0.130659,0.053959,0.062532,0.066752,0.092657,0.140410
0.069038,0.114615,0.059986,0.207100,0.112991,0.041893,0.042942,0.068287,0.076058,0.207091
0.061990,0.098037,0.059409,0.079389,0.097147,0.339678,0.070520,0.046677,0.067766,0.079387
0.075919,0.119546,0.077971,0.099365,0.118895,0.081858,0.126739,0.082201,0.118141,0.099364
0.044834,0.061552,0.048622,0.229014,0.061073,0.057855,0.100570,0.117050,0.050422,0.229008
0.100000,0.100000,0.100000,0.100000,0.100000,0.100000,0.100000,0.100000,0.100000,0.100000
0.071096,0.097514,0.056416,0.081203,0.097088,0.340055,0.050481,0.051697,0.073249,0.081202
0.058789,0.077889,0.064352,0.089533,0.077848,0.343026,0.057590,0.060211,0.081230,0.089531
0.080732,0.090069,0.070800,0.080297,0.090029,0.116921,0.104712,0.072767,0.213376,0.080296
0.064922,0.082196,0.058330,0.102392,0.081775,0.277099,0.089433,0.070766,0.070696,0.102391
0.069158,0.107567,0.062649,0.132153,0.106755,0.059718,0.107964,0.072998,0.148889,0.132150
0.088285,0.091923,0.085002,0.093762,0.091851,0.136260,0.096090,0.087021,0.136043,0.093762
0.073656,0.099156,0.085406,0.144001,0.098684,0.091985,0.085123,0.095682,0.082305,0.144000
0.072645,0.092238,0.070035,0.121971,0.091844,0.070688,0.088914,0.084578,0.185118,0.121969
0.100000,0.100000,0.100000,0.100000,0.100000,0.100000,0.100000,0.100000,0.100000,0.100000
0.044615,0.053505,0.056612,0.087075,0.053364,0.450105,0.054193,0.062126,0.051331,0.087075
0.047779,0.074212,0.053204,0.192395,0.073517,0.055017,0.087266,0.170893,0.053323,0.192394
0.059826,0.074466,0.079678,0.160539,0.074156,0.065216,0.132803,0.123434,0.069344,0.160539
0.108658,0.107327,0.097763,0.093535,0.107539,0.100836,0.096543,0.089779,0.104486,0.093535
0.003673,0.005053,0.003344,0.004282,0.005016,0.963724,0.003417,0.003346,0.003864,0.004282
0.048630,0.071257,0.049315,0.136849,0.070775,0.278154,0.058972,0.094013,0.055188,0.136847
0.094279,0.128513,0.083701,0.078169,0.128091,0.159339,0.072725,0.066981,0.110035,0.078168
0.089120,0.127711,0.099585,0.121148,0.127835,0.047637,0.070480,0.075875,0.119463,0.121147
0.050027,0.075102,0.049020,0.138460,0.074581,0.289413,0.058289,0.057188,0.069466,0.138455
0.255597,0.115433,0.031748,0.009641,0.118471,0.005424,0.005604,0.005901,0.442541,0.009641
0.101402,0.153513,0.060651,0.035092,0.154060,0.012877,0.017777,0.019631,0.409907,0.035091
0.028716,0.035586,0.037267,0.212314,0.035414,0.026456,0.146441,0.233829,0.031660,0.212318
0.116017,0.188042,0.105329,0.087962,0.190936,0.057476,0.023156,0.028044,0.115080,0.087959
0.025584,0.039691,0.827746,0.007680,0.040087,0.004734,0.006071,0.005896,0.034831,0.007680
0.108013,0.188173,0.103129,0.053464,0.189939,0.020535,0.025701,0.029255,0.228328,0.053463
0.046928,0.068924,0.058866,0.247072,0.068375,0.029517,0.057377,0.113883,0.061983,0.247075
0.163349,0.174227,0.143054,0.076466,0.172104,0.023142,0.028651,0.043315,0.099229,0.076465
0.052462,0.098434,0.604555,0.019928,0.098272,0.006897,0.009746,0.010462,0.079317,0.019927
0.251610,0.200307,0.073034,0.019743,0.207082,0.015054,0.014154,0.015033,0.184241,0.019743
0.019170,0.037011,0.023746,0.357806,0.036475,0.011682,0.051165,0.072622,0.032524,0.357800
0.058551,0.197746,0.087254,0.047640,0.188950,0.010381,0.014766,0.019638,0.327434,0.047639
0.011130,0.017205,0.014360,0.134166,0.017055,0.009580,0.170369,0.477497,0.014469,0.134169
0.068802,0.143414,0.106791,0.014061,0.146017,0.004769,0.006578,0.006629,0.488879,0.014061
0.100000,0.100000,0.100000,0.100000,0.100000,0.100000,0.100000,0.100000,0.100000,0.100000
0.207611,0.155449,0.073695,0.060297,0.156853,0.042489,0.036804,0.039026,0.167478,0.060297
0.130431,0.141479,0.274903,0.030864,0.142376,0.011809,0.014277,0.015122,0.207874,0.030864
0.069350,0.194651,0.098064,0.079153,0.186966,0.030400,0.028062,0.031999,0.202205,0.079151
0.137827,0.249460,0.092877,0.043210,0.241092,0.020313,0.017306,0.020100,0.134605,0.043209
0.012030,0.019600,0.013046,0.179971,0.019416,0.009491,0.046658,0.503174,0.016635,0.179980
0.188419,0.156091,0.139253,0.069015,0.158554,0.016845,0.034867,0.070376,0.097565,0.069015
0.026230,0.031652,0.018903,0.161002,0.031454,0.013846,0.030285,0.500193,0.025434,0.161000
0.024654,0.037664,0.024655,0.272151,0.037354,0.052859,0.078338,0.166981,0.033184,0.272161
0.049399,0.045354,0.800980,0.004127,0.046202,0.001979,0.002327,0.002658,0.042848,0.004127
0.039505,0.159153,0.136749,0.010598,0.152867,0.003907,0.004750,0.005264,0.476608,0.010598
0.222913,0.185522,0.089377,0.066005,0.180437,0.020954,0.024389,0.028747,0.115652,0.066004
0.068195,0.121457,0.072627,0.167124,0.120585,0.030109,0.064590,0.090015,0.098176,0.167123
0.387591,0.184807,0.039956,0.022068,0.191083,0.005203,0.006106,0.007008,0.134112,0.022067
0.029417,0.041018,0.034257,0.210215,0.040761,0.028095,0.177020,0.187245,0.041752,0.210221
0.006059,0.009623,0.006650,0.083459,0.009512,0.012649,0.718911,0.062499,0.007177,0.083461
0.098624,0.178119,0.286695,0.027811,0.176159,0.015592,0.013869,0.015329,0.159992,0.027810
0.198957,0.152442,0.046723,0.011182,0.156720,0.008136,0.007748,0.008108,0.398802,0.011182
0.017749,0.033529,0.017253,0.355825,0.033048,0.008283,0.060538,0.087728,0.030224,0.355823
0.056583,0.080240,0.640640,0.011652,0.081995,0.002711,0.003992,0.004413,0.106122,0.011652
0.540616,0.124076,0.054712,0.013707,0.126934,0.010076,0.010143,0.010719,0.095309,0.013707
0.083030,0.160069,0.082224,0.125558,0.158500,0.016924,0.039225,0.054594,0.154319,0.125557
0.018922,0.027298,0.018296,0.235246,0.027062,0.016451,0.186936,0.213225,0.021309,0.235256
0.120551,0.182243,0.088671,0.034652,0.184293,0.022480,0.011333,0.013906,0.307219,0.034651
0.037588,0.042586,0.824775,0.003696,0.042723,0.001868,0.002237,0.002434,0.038399,0.003696
0.108988,0.105028,0.158044,0.075697,0.105448,0.012046,0.240318,0.039657,0.079078,0.075696
0.106047,0.174964,0.111728,0.077410,0.175508,0.011197,0.023231,0.031342,0.211163,0.077409
0.070886,0.142501,0.505783,0.017533,0.141392,0.004146,0.005834,0.007077,0.087314,0.017533
0.070656,0.116280,0.523721,0.020086,0.118153,0.006978,0.012714,0.012017,0.099309,0.020086
0.124961,0.185201,0.054099,0.028962,0.188300,0.008188,0.009459,0.011455,0.360413,0.028961
0.076049,0.108842,0.068631,0.184763,0.108031,0.045490,0.066139,0.082501,0.074794,0.184760
0.020845,0.035203,0.854376,0.006779,0.035661,0.002360,0.004143,0.003698,0.030155,0.006779
0.114631,0.162097,0.294189,0.041579,0.163089,0.009715,0.013028,0.019486,0.140609,0.041578
0.046704,0.045723,0.015486,0.005261,0.046762,0.002086,0.003000,0.002982,0.826736,0.005261
0.014209,0.021617,0.021328,0.125004,0.021451,0.010846,0.121650,0.522716,0.016172,0.125008
0.272610,0.240293,0.065281,0.011488,0.249542,0.008269,0.008121,0.008677,0.124233,0.011488
0.005786,0.010328,0.008778,0.235260,0.010215,0.004691,0.031373,0.449327,0.008963,0.235278
0.018162,0.027713,0.021881,0.317036,0.027467,0.016176,0.049467,0.180580,0.024477,0.317041
0.275211,0.204097,0.051399,0.021338,0.211790,0.011621,0.011165,0.012963,0.179077,0.021338
0.151325,0.236248,0.087872,0.034696,0.237630,0.013747,0.013918,0.017064,0.172804,0.034695
0.014004,0.024536,0.021330,0.362649,0.024239,0.013487,0.038704,0.116982,0.021412,0.362657
0.083033,0.218932,0.095953,0.008789,0.223981,0.002687,0.003252,0.003909,0.350673,0.008789
0.114101,0.129177,0.091623,0.131367,0.128333,0.038047,0.046494,0.077928,0.111566,0.131365
0.083537,0.089085,0.524297,0.006922,0.092258,0.002748,0.004628,0.003735,0.185867,0.006922
0.013913,0.023030,0.016284,0.365064,0.022737,0.010376,0.047169,0.118963,0.017388,0.365076
0.302265,0.139946,0.052803,0.007429,0.140796,0.004977,0.004795,0.005110,0.334451,0.007429
0.108713,0.100160,0.589845,0.005988,0.103169,0.002149,0.002901,0.002886,0.078200,0.005988
0.027569,0.047595,0.793448,0.006271,0.048459,0.002974,0.004392,0.003635,0.059384,0.006271
0.010556,0.013447,0.012245,0.000784,0.013822,0.000342,0.000359,0.000416,0.947246,0.000783
0.499324,0.125649,0.036677,0.009540,0.132441,0.004471,0.005461,0.005633,0.171267,0.009539
0.032137,0.047408,0.044622,0.274825,0.047055,0.034479,0.087304,0.109555,0.047792,0.274823
0.017753,0.026242,0.022759,0.002178,0.026850,0.000669,0.000877,0.001152,0.899343,0.002177
0.028696,0.087901,0.056518,0.027639,0.085646,0.006345,0.012753,0.015032,0.651831,0.027639
0.147927,0.168033,0.081312,0.095955,0.169348,0.026666,0.058833,0.046588,0.109385,0.095953
0.050249,0.074267,0.066617,0.199165,0.073739,0.036559,0.144056,0.091852,0.064338,0.199159
0.005001,0.006845,0.004754,0.007942,0.006813,0.944472,0.005547,0.005283,0.005403,0.007942
0.309717,0.178723,0.066554,0.021786,0.186599,0.016559,0.016156,0.016743,0.165377,0.021785
0.219890,0.240097,0.046843,0.026910,0.247777,0.006299,0.008015,0.010222,0.167037,0.026910
0.051287,0.102232,0.535861,0.042828,0.100016,0.027450,0.014860,0.016686,0.065954,0.042826
0.020860,0.044400,0.631205,0.072195,0.044202,0.009800,0.031867,0.030557,0.042720,0.072194
0.293451,0.169743,0.073674,0.027806,0.175957,0.021364,0.021885,0.022215,0.166100,0.027806
0.027646,0.043185,0.037013,0.281064,0.042765,0.025257,0.102726,0.115681,0.043597,0.281066
0.034250,0.052804,0.729107,0.011033,0.053327,0.003576,0.005662,0.005105,0.094103,0.011032
0.268141,0.215210,0.067797,0.024309,0.219672,0.040478,0.010886,0.012494,0.116706,0.024308
0.323745,0.153568,0.042702,0.008954,0.161521,0.005448,0.005983,0.006099,0.283026,0.008954
0.023397,0.032301,0.028601,0.123081,0.032111,0.025055,0.426681,0.151649,0.034042,0.123084
0.071628,0.115536,0.249149,0.099245,0.116807,0.013618,0.043321,0.041778,0.149674,0.099243
0.048709,0.127599,0.529876,0.030921,0.124501,0.007717,0.009924,0.014071,0.075760,0.030921
0.099710,0.134739,0.408953,0.012673,0.139596,0.006019,0.008409,0.008216,0.169013,0.012673
0.103716,0.164365,0.071244,0.157130,0.163921,0.017582,0.027387,0.047415,0.090112,0.157127
0.021125,0.030522,0.861666,0.006473,0.030835,0.004169,0.005461,0.005273,0.028003,0.006473
0.416395,0.159109,0.056162,0.015143,0.163843,0.009616,0.010216,0.012259,0.142115,0.015143
0.227968,0.195999,0.090656,0.040810,0.198510,0.025532,0.027906,0.030711,0.121098,0.040810
0.377380,0.174215,0.067629,0.018413,0.182328,0.009571,0.010338,0.011234,0.130480,0.018413
0.189043,0.228200,0.080873,0.042215,0.231075,0.013585,0.018254,0.022285,0.132256,0.042214
0.068171,0.156140,0.072579,0.154893,0.149361,0.027106,0.043080,0.050558,0.123224,0.154889
0.071224,0.163053,0.145418,0.066448,0.163567,0.017445,0.019972,0.022590,0.263838,0.066446
0.096853,0.139995,0.407569,0.025344,0.141384,0.012083,0.014504,0.012886,0.124039,0.025343
0.310632,0.167190,0.065663,0.015111,0.176490,0.011573,0.011268,0.011466,0.215497,0.015111
0.092822,0.117334,0.078895,0.110434,0.116817,0.132522,0.067358,0.074446,0.098938,0.110433
0.000409,0.000672,0.000376,0.000727,0.000663,0.995198,0.000364,0.000385,0.000479,0.000727
0.000013,0.000020,0.000012,0.000019,0.000020,0.999856,0.000014,0.000012,0.000014,0.000019
0.091368,0.126087,0.077147,0.130233,0.125149,0.084420,0.057416,0.073890,0.104059,0.130231
0.100000,0.100000,0.100000,0.100000,0.100000,0.100000,0.100000,0.100000,0.100000,0.100000
0.107011,0.140098,0.089021,0.090163,0.139617,0.114935,0.059976,0.063535,0.105482,0.090162
0.001597,0.001731,0.001559,0.001718,0.001726,0.984821,0.002064,0.001514,0.001552,0.001718
0.003694,0.004946,0.003530,0.004567,0.004912,0.961708,0.004577,0.003596,0.003903,0.004567
0.002628,0.002835,0.002535,0.002411,0.002823,0.977636,0.002294,0.001993,0.002434,0.002411
0.002734,0.004002,0.002676,0.004606,0.003958,0.968649,0.003009,0.002729,0.003030,0.004606
0.041920,0.061734,0.053343,0.216119,0.061256,0.033111,0.091625,0.169107,0.055666,0.216117
0.279215,0.118616,0.052358,0.009745,0.120883,0.006878,0.006536,0.006993,0.389030,0.009745
0.084281,0.181891,0.250625,0.041068,0.181342,0.009512,0.013353,0.016518,0.180343,0.041067
0.022653,0.035183,0.030329,0.136073,0.034842,0.019751,0.469445,0.088757,0.026893,0.136073
0.000541,0.000642,0.000484,0.000535,0.000640,0.995171,0.000504,0.000440,0.000508,0.000535
0.000000,0.000000,0.000000,0.000000,0.000000,0.999998,0.000000,0.000000,0.000000,0.000000
0.043564,0.139181,0.177040,0.037767,0.134368,0.005436,0.009598,0.014865,0.400414,0.037766
0.102944,0.141343,0.065828,0.158554,0.142843,0.026119,0.041660,0.048572,0.113588,0.158549
0.006298,0.008513,0.008243,0.083754,0.008451,0.006627,0.192817,0.594520,0.007021,0.083756
0.250079,0.178693,0.179347,0.018752,0.183474,0.008081,0.009121,0.010334,0.143367,0.018752
0.109246,0.180472,0.265611,0.027010,0.183388,0.006410,0.010324,0.012705,0.177825,0.027009
0.021254,0.034652,0.024098,0.297846,0.034266,0.033656,0.058428,0.162811,0.035138,0.297851
0.146926,0.183075,0.084028,0.046590,0.184763,0.012439,0.020318,0.021644,0.253626,0.046590
0.250133,0.200253,0.054913,0.027864,0.208590,0.015406,0.014038,0.016332,0.184608,0.027864
0.040712,0.061937,0.726743,0.006267,0.063255,0.002414,0.002724,0.002821,0.086860,0.006267
0.522474,0.145695,0.040518,0.006576,0.155429,0.003968,0.003740,0.004213,0.110812,0.006576
0.005626,0.008787,0.006234,0.115711,0.008702,0.006601,0.028219,0.697462,0.006946,0.115711
0.127913,0.188376,0.211680,0.006355,0.195656,0.002571,0.002816,0.003050,0.255229,0.006354
0.089845,0.140799,0.042697,0.049013,0.142984,0.011488,0.010394,0.015178,0.448590,0.049012
0.128820,0.177086,0.300326,0.014090,0.181532,0.003491,0.003749,0.004720,0.172097,0.014089
0.241767,0.173955,0.061203,0.029952,0.178714,0.019967,0.019276,0.020694,0.224519,0.029952
0.060951,0.195923,0.149297,0.067315,0.188021,0.018485,0.018045,0.021997,0.212654,0.067312
0.425102,0.150331,0.058955,0.024073,0.156158,0.014434,0.017876,0.017983,0.111016,0.024073
0.171644,0.183386,0.160441,0.024471,0.189453,0.014505,0.014006,0.016214,0.201410,0.024471
0.144015,0.171620,0.239586,0.008601,0.176472,0.003999,0.004765,0.004721,0.237619,0.008601
0.110534,0.172920,0.342260,0.019695,0.175773,0.004389,0.005965,0.007013,0.141758,0.019694
0.391411,0.157763,0.062026,0.019170,0.163970,0.011992,0.012036,0.012938,0.149524,0.019170
0.366633,0.152430,0.051461,0.015869,0.160923,0.011279,0.011296,0.011825,0.202415,0.015869
0.085581,0.153971,0.100780,0.097740,0.149042,0.076741,0.064007,0.054203,0.120198,0.097738
0.031632,0.071240,0.590423,0.018183,0.070211,0.004342,0.006757,0.007133,0.181898,0.018182
0.321041,0.165652,0.075301,0.040713,0.168375,0.046990,0.020126,0.021577,0.099514,0.040712
0.021727,0.020328,0.006769,0.001672,0.020309,0.000992,0.001068,0.001045,0.924417,0.001672
0.009476,0.019384,0.019694,0.002941,0.018979,0.000943,0.001162,0.001370,0.923112,0.002941
0.214859,0.178754,0.073953,0.029924,0.180016,0.020712,0.020979,0.021567,0.229313,0.029923
0.012700,0.011735,0.003232,0.000897,0.012096,0.000456,0.000505,0.000544,0.956939,0.000897
0.026380,0.060175,0.103152,0.010766,0.058590,0.003659,0.005171,0.005714,0.715629,0.010766
0.008117,0.020228,0.023692,0.003258,0.019957,0.000732,0.000901,0.001033,0.918825,0.003258
0.012388,0.023796,0.016111,0.347167,0.023490,0.014261,0.050850,0.131806,0.032953,0.347177
0.044268,0.025263,0.010281,0.002632,0.026157,0.001405,0.001537,0.001685,0.884138,0.002632
0.021557,0.029261,0.023966,0.280420,0.029097,0.017830,0.086503,0.202206,0.028731,0.280430
0.028794,0.040231,0.027627,0.306849,0.040190,0.015631,0.052185,0.149369,0.032259,0.306865
0.010360,0.023647,0.032601,0.002674,0.024161,0.000550,0.000787,0.000922,0.901625,0.002674
0.035912,0.068317,0.052609,0.276023,0.067438,0.024473,0.053070,0.099192,0.046941,0.276024
0.041052,0.074456,0.043582,0.266323,0.073616,0.021154,0.045630,0.079357,0.088512,0.266317
0.277406,0.202205,0.056853,0.026027,0.207873,0.015338,0.015016,0.015873,0.157382,0.026027
0.321708,0.194748,0.045443,0.013306,0.203421,0.008438,0.009605,0.009518,0.180506,0.013306
0.046871,0.081663,0.626888,0.018854,0.081670,0.007218,0.012755,0.010435,0.094791,0.018854
0.345516,0.144503,0.051556,0.009161,0.147808,0.007091,0.005828,0.006147,0.273228,0.009161
0.039178,0.066485,0.739004,0.007768,0.067501,0.003946,0.005260,0.004594,0.058497,0.007768
0.108803,0.170167,0.078217,0.095105,0.170946,0.027087,0.031993,0.037626,0.184953,0.095104
0.318581,0.127366,0.051706,0.010372,0.129034,0.007876,0.007176,0.007483,0.330033,0.010372
0.052228,0.142553,0.298910,0.089380,0.140493,0.017882,0.032498,0.031096,0.105584,0.089377
0.170593,0.180076,0.049353,0.032732,0.183000,0.022959,0.013366,0.015359,0.299831,0.032731
0.072749,0.098542,0.562433,0.017715,0.099345,0.007788,0.011263,0.010291,0.102158,0.017715
0.138730,0.194391,0.073082,0.089552,0.196199,0.039950,0.021874,0.031255,0.125412,0.089552
0.337040,0.160112,0.173610,0.009437,0.161890,0.004289,0.004819,0.005101,0.134265,0.009437
0.071036,0.159628,0.215033,0.074691,0.159366,0.015950,0.030052,0.027943,0.171614,0.074688
0.035849,0.089697,0.602754,0.014793,0.089778,0.007677,0.007894,0.007906,0.128858,0.014793
0.069602,0.171661,0.108812,0.040537,0.165888,0.021209,0.019227,0.021687,0.340841,0.040536
0.038868,0.119663,0.074039,0.025203,0.116875,0.006862,0.008446,0.012329,0.572512,0.025203
0.097638,0.200167,0.132943,0.041826,0.200873,0.016327,0.018469,0.022617,0.227316,0.041825
0.398344,0.154341,0.071437,0.024503,0.155700,0.019475,0.016981,0.016144,0.118573,0.024502
0.109956,0.181631,0.075915,0.052756,0.182023,0.043691,0.029214,0.032518,0.239541,0.052756
0.453060,0.165278,0.029532,0.009908,0.171043,0.004912,0.004624,0.004917,0.146820,0.009907
0.060453,0.037780,0.015541,0.003889,0.039156,0.001606,0.002084,0.002220,0.833383,0.003889
0.150145,0.193723,0.078896,0.047881,0.194474,0.033597,0.033946,0.036101,0.183357,0.047881
0.258120,0.241381,0.049346,0.034993,0.247109,0.012259,0.010634,0.013593,0.097575,0.034991
0.046436,0.061294,0.019326,0.005657,0.061664,0.002796,0.002818,0.002820,0.791532,0.005657
0.278182,0.196060,0.066558,0.035225,0.192066,0.022434,0.019370,0.021477,0.133404,0.035225
0.094907,0.144153,0.431595,0.019055,0.145349,0.007466,0.008571,0.007627,0.122225,0.019054
0.402574,0.157912,0.048423,0.012211,0.165160,0.008196,0.007022,0.007794,0.178496,0.012211
0.074458,0.163588,0.076159,0.016041,0.160829,0.007398,0.008917,0.007933,0.468635,0.016041
0.102534,0.138875,0.111292,0.088433,0.135527,0.068673,0.069273,0.082944,0.114016,0.088433
0.318925,0.200811,0.056908,0.028709,0.196601,0.018471,0.014837,0.016269,0.119760,0.028709
0.248478,0.176431,0.133611,0.043949,0.175698,0.023626,0.023472,0.026075,0.104710,0.043949
0.120738,0.215010,0.160170,0.018347,0.216875,0.004886,0.005898,0.007339,0.232389,0.018347
0.027110,0.055155,0.792135,0.009739,0.054086,0.004935,0.004182,0.004618,0.038301,0.009739
0.322376,0.185081,0.070291,0.027949,0.188686,0.017713,0.016382,0.015475,0.128099,0.027948
0.074885,0.127519,0.087826,0.187884,0.126046,0.025593,0.041269,0.061140,0.079957,0.187880
0.191643,0.217028,0.107813,0.030583,0.214184,0.025057,0.022272,0.022895,0.137942,0.030583
0.521899,0.153081,0.038414,0.008537,0.157134,0.005042,0.005030,0.005310,0.097016,0.008537
0.374104,0.193172,0.056582,0.024446,0.189287,0.015026,0.012295,0.013616,0.097025,0.024445
0.041612,0.080697,0.624701,0.044682,0.080526,0.012846,0.010696,0.016376,0.043184,0.044681
0.067741,0.163865,0.195486,0.094613,0.158177,0.023217,0.037042,0.057950,0.107297,0.094612
0.380706,0.163387,0.067657,0.021204,0.168533,0.016032,0.018253,0.016138,0.126886,0.021204
0.597662,0.124698,0.036183,0.005450,0.128975,0.003359,0.002981,0.003201,0.092039,0.005450
0.203572,0.234335,0.068155,0.023095,0.228187,0.013561,0.014270,0.013893,0.177838,0.023094
0.382888,0.197807,0.046809,0.030922,0.202678,0.007296,0.009266,0.012370,0.079043,0.030921
0.046813,0.101255,0.599220,0.019417,0.100465,0.005906,0.009641,0.011110,0.086756,0.019417
0.244141,0.214132,0.073707,0.030459,0.212676,0.013967,0.015488,0.016583,0.148389,0.030459
0.172265,0.221455,0.113152,0.041463,0.217984,0.017279,0.018962,0.021380,0.134596,0.041462
0.150961,0.090003,0.574344,0.010158,0.091751,0.004322,0.005067,0.005443,0.057793,0.010158
0.034958,0.088966,0.656904,0.027330,0.085768,0.016382,0.008412,0.009982,0.043969,0.027329
0.124955,0.226338,0.140063,0.040422,0.218424,0.025780,0.020481,0.023479,0.139637,0.040421
0.050776,0.107257,0.302659,0.135583,0.106830,0.018526,0.024673,0.035913,0.082206,0.135576
0.111110,0.164729,0.128353,0.082406,0.161186,0.045744,0.046944,0.051993,0.125130,0.082405
0.002996,0.004861,0.003723,0.050338,0.004826,0.002614,0.777456,0.096739,0.006105,0.050340
0.077706,0.139712,0.083173,0.024291,0.141989,0.005557,0.008104,0.011523,0.483654,0.024291
0.193193,0.207649,0.131677,0.015822,0.214069,0.010403,0.011918,0.011540,0.187907,0.015822
0.026593,0.056357,0.031236,0.275573,0.055488,0.043997,0.082305,0.092980,0.059901,0.275570
0.052830,0.095038,0.627111,0.019100,0.093666,0.010205,0.011326,0.012192,0.059433,0.019099
0.333783,0.171798,0.059899,0.014661,0.177085,0.006027,0.006924,0.008056,0.207106,0.014661
0.013425,0.028407,0.677746,0.065576,0.028290,0.027239,0.033796,0.023797,0.036149,0.065574
0.145435,0.170332,0.083557,0.034285,0.174324,0.019587,0.023260,0.025004,0.289931,0.034285
0.107505,0.121692,0.378391,0.014856,0.124062,0.006546,0.008664,0.007629,0.215798,0.014856
0.517107,0.137470,0.038587,0.018057,0.141764,0.010040,0.009650,0.010453,0.098814,0.018057
0.029375,0.065452,0.747556,0.005885,0.066788,0.002965,0.003251,0.003610,0.069232,0.005885
0.523289,0.120118,0.054961,0.017147,0.122164,0.011029,0.011353,0.012733,0.110061,0.017147
0.336848,0.175836,0.074129,0.025833,0.182699,0.016589,0.015980,0.018035,0.128219,0.025832
0.565118,0.122994,0.055991,0.015371,0.124692,0.009556,0.009781,0.011026,0.070101,0.015370
0.378563,0.163857,0.077486,0.034552,0.164410,0.020519,0.016804,0.019279,0.089979,0.034551
0.054176,0.080006,0.050041,0.199266,0.079281,0.132692,0.061592,0.087587,0.056094,0.199265
0.117345,0.180868,0.103259,0.055131,0.176729,0.037598,0.040351,0.039983,0.193606,0.055131
0.519042,0.132580,0.056146,0.017774,0.134285,0.014843,0.013197,0.013845,0.080514,0.017774
0.538977,0.124938,0.047378,0.010077,0.127652,0.006262,0.006270,0.007005,0.121366,0.010076
0.163089,0.208734,0.091521,0.043133,0.204076,0.023497,0.025148,0.026295,0.171375,0.043132
0.044977,0.049633,0.769117,0.006299,0.050650,0.004756,0.004767,0.004313,0.059188,0.006299
0.539254,0.123997,0.058348,0.018681,0.125164,0.013578,0.013766,0.014431,0.074101,0.018681
0.038633,0.040253,0.800017,0.008216,0.040671,0.004687,0.005835,0.005603,0.047869,0.008216
0.588600,0.127964,0.047823,0.008702,0.130290,0.005205,0.005177,0.005817,0.071720,0.008702
0.048403,0.054491,0.763969,0.010927,0.055001,0.003359,0.005231,0.005780,0.041913,0.010927
0.042508,0.038420,0.829478,0.004576,0.039073,0.002379,0.003362,0.003433,0.032196,0.004576
0.063292,0.054297,0.759871,0.005425,0.055681,0.002770,0.003834,0.003941,0.045463,0.005425
0.069564,0.082146,0.067959,0.107111,0.081913,0.101161,0.189332,0.086457,0.107248,0.107110
0.454383,0.139374,0.055922,0.024534,0.141661,0.018837,0.013916,0.016992,0.109849,0.024534
0.460467,0.148470,0.067015,0.018174,0.154494,0.016225,0.014077,0.013960,0.088946,0.018173
0.326337,0.177172,0.076958,0.017927,0.184663,0.013994,0.012763,0.013662,0.158598,0.017927
0.207763,0.207649,0.056258,0.043563,0.213300,0.012290,0.020933,0.019771,0.174911,0.043562
0.430671,0.153698,0.072659,0.019082,0.159700,0.014558,0.014419,0.015112,0.101018,0.019082
0.011368,0.024932,0.896685,0.002822,0.024763,0.001444,0.001780,0.001859,0.031526,0.002822
0.065370,0.078919,0.064595,0.110614,0.078593,0.068570,0.218823,0.085034,0.118870,0.110612
0.161355,0.167809,0.112093,0.077289,0.167022,0.037972,0.041559,0.046239,0.111373,0.077288
0.408175,0.134461,0.090250,0.024652,0.136361,0.018170,0.020207,0.019292,0.123780,0.024652
0.206957,0.217426,0.173397,0.021582,0.219730,0.007768,0.009397,0.010951,0.111210,0.021581
0.557196,0.139644,0.043704,0.003622,0.146870,0.002073,0.001977,0.002273,0.099017,0.003622
0.172805,0.153628,0.107005,0.077797,0.155134,0.049057,0.044815,0.054369,0.107593,0.077797
0.582575,0.128403,0.048340,0.010257,0.132788,0.006023,0.006049,0.006958,0.068350,0.010257
0.172798,0.140759,0.385529,0.012323,0.144805,0.006350,0.006971,0.007659,0.110483,0.012323
0.521881,0.121516,0.068581,0.021994,0.122925,0.013313,0.013876,0.015398,0.078523,0.021994
0.445448,0.149753,0.063088,0.025974,0.155526,0.015738,0.015995,0.017038,0.085466,0.025974
0.062409,0.081522,0.626131,0.013779,0.083357,0.006797,0.007945,0.009725,0.094556,0.013779
0.029658,0.051794,0.813829,0.002054,0.053443,0.000838,0.001010,0.000975,0.044344,0.002054
0.454352,0.140337,0.060357,0.019964,0.143125,0.012535,0.014811,0.014993,0.119562,0.019964
0.010206,0.017459,0.922537,0.001458,0.017797,0.000459,0.000611,0.000705,0.027311,0.001458
0.145252,0.134450,0.461609,0.011094,0.138192,0.004057,0.005328,0.005977,0.082948,0.011093
0.008836,0.011945,0.951686,0.001105,0.012236,0.000625,0.000702,0.000756,0.011005,0.001105
0.713348,0.090230,0.035068,0.003885,0.094890,0.002711,0.002666,0.002841,0.050477,0.003885
0.742316,0.081826,0.030717,0.004451,0.086213,0.002683,0.002737,0.002952,0.041653,0.004451
0.063893,0.076098,0.073928,0.191429,0.075846,0.063402,0.089844,0.098696,0.075443,0.191421
0.129202,0.136679,0.470759,0.015163,0.138927,0.005975,0.006397,0.007704,0.074032,0.015162
0.033469,0.037836,0.827847,0.007356,0.038161,0.003937,0.004938,0.005156,0.033944,0.007356
0.027013,0.053864,0.034785,0.316526,0.052996,0.024242,0.044475,0.066429,0.063162,0.316508
0.052244,0.079662,0.052745,0.223921,0.079165,0.048035,0.066306,0.070563,0.103448,0.223910
0.040596,0.064389,0.041425,0.273848,0.063947,0.040358,0.050305,0.076739,0.074553,0.273839
0.069939,0.095625,0.062339,0.179071,0.095081,0.064352,0.073131,0.078398,0.102998,0.179066
0.045060,0.066675,0.040633,0.249989,0.066201,0.042531,0.064529,0.087624,0.086778,0.249980
0.034427,0.047374,0.063789,0.144745,0.047108,0.174865,0.148790,0.152937,0.041219,0.144746
0.054846,0.072800,0.707536,0.007448,0.074059,0.003341,0.003774,0.004313,0.064434,0.007448
0.047614,0.103877,0.492058,0.037425,0.102439,0.010690,0.018378,0.017713,0.132381,0.037425
0.056958,0.074918,0.063567,0.197006,0.074537,0.055805,0.085219,0.090260,0.104733,0.196997
0.090968,0.087714,0.654971,0.006446,0.087488,0.002251,0.003266,0.003554,0.056896,0.006446
0.017050,0.029067,0.022074,0.354534,0.028772,0.046146,0.034624,0.090757,0.022439,0.354538
0.056768,0.080681,0.047408,0.073668,0.079716,0.441999,0.049237,0.040672,0.056185,0.073667
0.020420,0.032468,0.020326,0.314017,0.032143,0.020624,0.058009,0.155054,0.032912,0.314026
0.029854,0.062048,0.769659,0.006526,0.060844,0.002845,0.002865,0.003181,0.055652,0.006526
0.310301,0.130507,0.110336,0.051083,0.132567,0.041344,0.042865,0.043925,0.085989,0.051083
0.043171,0.056319,0.043997,0.210869,0.055890,0.052985,0.107484,0.171236,0.047176,0.210873
0.227572,0.231661,0.062888,0.021682,0.234942,0.023698,0.009844,0.011122,0.154908,0.021682
0.276450,0.177454,0.099975,0.026257,0.184100,0.018454,0.018237,0.019595,0.153222,0.026257
0.062891,0.074997,0.067379,0.185367,0.074622,0.070051,0.092564,0.114490,0.072275,0.185363
0.582951,0.113803,0.059490,0.015171,0.115574,0.013711,0.010064,0.010947,0.063119,0.015170
0.054749,0.084088,0.051889,0.125492,0.083224,0.279836,0.071728,0.061526,0.061979,0.125489
0.056122,0.082065,0.055105,0.216107,0.081086,0.060310,0.068377,0.100389,0.064335,0.216104
0.467914,0.127943,0.077341,0.021691,0.129685,0.015106,0.015053,0.016176,0.107400,0.021691
0.070761,0.084994,0.098114,0.173254,0.084657,0.057951,0.074106,0.092001,0.090911,0.173249
0.270578,0.200244,0.074426,0.028044,0.199600,0.016849,0.016991,0.018190,0.147034,0.028044
0.548022,0.112190,0.077042,0.023029,0.114099,0.012119,0.012763,0.014825,0.062883,0.023029
0.392832,0.148274,0.091846,0.023655,0.153566,0.019021,0.019423,0.020034,0.107693,0.023655
0.186501,0.260309,0.080931,0.011913,0.251973,0.005849,0.005744,0.006539,0.178330,0.011913
0.068278,0.116575,0.079601,0.183363,0.115621,0.055361,0.046050,0.067106,0.084687,0.183358
0.061460,0.107010,0.430181,0.028627,0.107361,0.014822,0.014292,0.017037,0.190583,0.028627
0.228042,0.179205,0.092334,0.038566,0.180624,0.023300,0.028721,0.027219,0.163423,0.038566
0.637614,0.108109,0.053090,0.006005,0.111890,0.003564,0.003980,0.004137,0.065606,0.006005
0.141028,0.238301,0.084425,0.055855,0.236773,0.026219,0.027680,0.029850,0.104015,0.055854
0.506009,0.153200,0.086025,0.007577,0.153650,0.004610,0.004866,0.005084,0.071401,0.007577
0.226724,0.150296,0.196273,0.009442,0.154998,0.006493,0.007297,0.006637,0.232399,0.009442
0.161285,0.156418,0.110584,0.087633,0.156998,0.035252,0.040743,0.041902,0.121553,0.087631
0.031091,0.047352,0.029216,0.296237,0.046807,0.021171,0.048264,0.150040,0.033582,0.296240
0.069564,0.082146,0.067959,0.107111,0.081913,0.101161,0.189332,0.086457,0.107248,0.107110
0.028725,0.046732,0.035998,0.156483,0.046287,0.064082,0.292740,0.137320,0.035149,0.156485
0.037119,0.057377,0.065829,0.187403,0.056971,0.203796,0.072382,0.078664,0.053061,0.187398
0.065370,0.078919,0.064595,0.110614,0.078593,0.068570,0.218823,0.085034,0.118870,0.110612
0.076349,0.100460,0.069782,0.184831,0.099730,0.050011,0.079628,0.080843,0.073537,0.184829
0.021775,0.025515,0.023219,0.085515,0.025421,0.021635,0.055127,0.633878,0.022397,0.085517
0.037662,0.042323,0.060907,0.072831,0.042236,0.034390,0.076634,0.522893,0.037293,0.072833
0.006352,0.007086,0.006637,0.023845,0.007073,0.006477,0.032173,0.879216,0.007293,0.023846
0.085516,0.130498,0.105663,0.130835,0.129251,0.037168,0.099333,0.058268,0.092637,0.130831
0.009520,0.012057,0.012306,0.036919,0.012008,0.012502,0.045864,0.811493,0.010410,0.036920
0.042415,0.053547,0.054370,0.061700,0.053312,0.094621,0.471982,0.064408,0.041945,0.061700
0.002528,0.003023,0.002643,0.006070,0.003011,0.003320,0.963082,0.007604,0.002647,0.006070
0.008584,0.009313,0.008838,0.023226,0.009303,0.008791,0.030117,0.870059,0.008542,0.023227
0.013321,0.015506,0.013680,0.024684,0.015470,0.013689,0.837860,0.027780,0.013326,0.024684
0.009585,0.010202,0.010162,0.013797,0.010196,0.009569,0.894345,0.018861,0.009487,0.013797
0.018638,0.023893,0.017234,0.047014,0.023756,0.018262,0.751469,0.033757,0.018965,0.047013
0.010691,0.012464,0.012281,0.042445,0.012427,0.010537,0.083504,0.763112,0.010092,0.042447
0.028644,0.032980,0.046766,0.047415,0.032884,0.022176,0.661070,0.052997,0.027653,0.047415
0.002091,0.002614,0.002339,0.005409,0.002602,0.002284,0.969691,0.005303,0.002258,0.005409
0.010797,0.011672,0.011160,0.014692,0.011668,0.009243,0.888561,0.016837,0.010676,0.014692
0.031391,0.035824,0.034468,0.098947,0.035714,0.039333,0.098546,0.494193,0.032633,0.098950
0.022452,0.025946,0.023789,0.031855,0.025870,0.042561,0.728167,0.044594,0.022911,0.031855
0.007947,0.010011,0.009141,0.047642,0.009966,0.006136,0.808452,0.044033,0.009029,0.047643
0.005485,0.006566,0.009250,0.008642,0.006546,0.016104,0.921705,0.011584,0.005478,0.008642
0.001779,0.001981,0.001781,0.003126,0.001975,0.008378,0.972060,0.003928,0.001866,0.003126
0.003725,0.004583,0.003942,0.007379,0.004566,0.004850,0.949372,0.008836,0.005370,0.007379
0.035418,0.042840,0.029527,0.057347,0.042749,0.033606,0.621358,0.047753,0.032055,0.057347
0.002082,0.002645,0.002341,0.005698,0.002633,0.003207,0.967025,0.006265,0.002406,0.005698
0.015194,0.018374,0.016156,0.070921,0.018307,0.015392,0.084075,0.674573,0.016085,0.070923
0.059999,0.072412,0.150148,0.074401,0.072170,0.070967,0.290336,0.072088,0.063079,0.074400
0.012426,0.019068,0.012562,0.163749,0.018870,0.010797,0.050896,0.533877,0.013997,0.163758
0.005799,0.006962,0.009915,0.009037,0.006941,0.017534,0.917042,0.011946,0.005787,0.009037
0.061222,0.074173,0.090707,0.083458,0.073928,0.153384,0.238166,0.079657,0.061847,0.083457
0.036211,0.036979,0.038144,0.034424,0.037042,0.034157,0.671466,0.038539,0.038614,0.034424
0.048569,0.065917,0.051045,0.129771,0.065400,0.037807,0.299392,0.096276,0.076051,0.129771
0.002285,0.002776,0.002779,0.006033,0.002764,0.003325,0.964630,0.006785,0.002591,0.006033
0.039843,0.053294,0.032739,0.063737,0.053035,0.045363,0.561732,0.049074,0.037445,0.063736
0.002553,0.003637,0.002740,0.050951,0.003610,0.003210,0.084514,0.794843,0.002989,0.050954
0.007506,0.014030,0.009906,0.166861,0.013857,0.005423,0.044171,0.562010,0.009372,0.166864
0.070763,0.078604,0.073047,0.118375,0.078481,0.078758,0.182690,0.128549,0.072357,0.118375
0.025746,0.038509,0.027605,0.244481,0.038138,0.027161,0.207373,0.117147,0.029365,0.244476
0.062192,0.086688,0.058186,0.155545,0.085965,0.068630,0.068960,0.193425,0.064863,0.155545
0.069583,0.110518,0.065137,0.125356,0.109408,0.183518,0.065874,0.056119,0.089133,0.125354
0.014454,0.021631,0.016877,0.090693,0.021430,0.032343,0.080758,0.614311,0.016806,0.090695
0.022790,0.042569,0.026458,0.342233,0.041881,0.012667,0.034836,0.095519,0.038814,0.342233
0.119301,0.213709,0.089798,0.056864,0.207097,0.099968,0.023085,0.027560,0.105756,0.056863
0.009921,0.014837,0.018153,0.263376,0.014733,0.009142,0.063293,0.330836,0.012325,0.263384
0.036977,0.046315,0.037274,0.141044,0.046188,0.026506,0.373502,0.108138,0.043008,0.141046
0.387014,0.179265,0.039537,0.013734,0.183216,0.004461,0.006107,0.007024,0.165909,0.013734
0.109951,0.202139,0.077660,0.071070,0.195844,0.062318,0.035976,0.039274,0.134699,0.071069
0.027469,0.041118,0.028508,0.096982,0.040704,0.437407,0.064357,0.127173,0.039299,0.096982
0.000847,0.001396,0.001026,0.020183,0.001382,0.002241,0.641804,0.309915,0.001022,0.020184
0.084421,0.100685,0.087688,0.132091,0.099998,0.085983,0.092020,0.094115,0.090910,0.132090
0.106296,0.211849,0.225527,0.023441,0.213846,0.007860,0.006747,0.008651,0.172340,0.023441
0.012993,0.017965,0.013171,0.096531,0.017823,0.027728,0.082519,0.620514,0.014220,0.096534
0.081642,0.096451,0.087355,0.133176,0.095870,0.086061,0.098742,0.100223,0.087304,0.133175
0.085152,0.117982,0.079648,0.139643,0.116947,0.068673,0.088224,0.082026,0.082066,0.139640
0.081850,0.105290,0.075380,0.162787,0.104443,0.059287,0.076500,0.087819,0.083859,0.162786
0.074525,0.090539,0.078977,0.154036,0.089942,0.079532,0.096726,0.101868,0.079821,0.154035
0.075711,0.097568,0.084393,0.085429,0.096939,0.237900,0.078471,0.071359,0.086802,0.085428
0.048049,0.070888,0.052677,0.077259,0.070185,0.415710,0.072933,0.057429,0.057613,0.077259
0.000999,0.001407,0.000798,0.001255,0.001395,0.990483,0.000759,0.000698,0.000951,0.001255
0.019751,0.026407,0.019671,0.027111,0.026136,0.790333,0.021031,0.021250,0.021198,0.027111
0.175927,0.168490,0.266620,0.009958,0.172774,0.005577,0.005312,0.005585,0.179800,0.009958
0.025775,0.036288,0.025610,0.076161,0.035889,0.627428,0.032007,0.036729,0.027956,0.076159
0.521653,0.159155,0.031013,0.011022,0.162664,0.016188,0.006821,0.006706,0.073755,0.011022
0.109310,0.277081,0.063627,0.013539,0.264867,0.102610,0.007523,0.007784,0.140119,0.013539
0.176978,0.245150,0.073700,0.036388,0.242598,0.027881,0.019107,0.020822,0.120990,0.036387
0.140595,0.262064,0.056404,0.014638,0.256013,0.005292,0.005637,0.006665,0.238053,0.014638
0.064026,0.082831,0.061293,0.193160,0.082359,0.049949,0.093247,0.112867,0.067110,0.193157
0.283486,0.181233,0.063975,0.027513,0.183525,0.061243,0.019121,0.019387,0.133004,0.027513
0.248733,0.199567,0.046064,0.012552,0.205532,0.034814,0.008344,0.008528,0.223315,0.012551
0.169050,0.290199,0.057194,0.021223,0.282328,0.009871,0.010954,0.011641,0.126318,0.021223
0.165324,0.272473,0.039921,0.019360,0.257185,0.012846,0.009264,0.009960,0.194307,0.019360
0.014253,0.021624,0.016314,0.158440,0.021426,0.012895,0.510032,0.070525,0.016056,0.158437
0.254124,0.251218,0.047809,0.016370,0.244316,0.007315,0.007810,0.008636,0.146034,0.016369
0.209253,0.264643,0.037853,0.018448,0.268801,0.010590,0.007079,0.008203,0.156682,0.018448
0.064092,0.275813,0.081449,0.047264,0.265073,0.027222,0.021995,0.019092,0.150736,0.047263
0.089199,0.260405,0.108845,0.036224,0.254456,0.029473,0.022000,0.022947,0.140227,0.036224
0.120685,0.267277,0.055682,0.015224,0.266419,0.020062,0.006153,0.007271,0.226004,0.015224
0.097739,0.133155,0.077714,0.140518,0.131864,0.028323,0.080066,0.071995,0.098110,0.140518
0.076102,0.255898,0.070142,0.029098,0.241632,0.019662,0.016603,0.017835,0.243930,0.029097
0.124543,0.151008,0.088951,0.102117,0.148014,0.040091,0.083685,0.057439,0.102037,0.102115
0.077797,0.194591,0.084034,0.082205,0.188272,0.069826,0.032934,0.050221,0.137916,0.082205
0.064058,0.275497,0.256946,0.009876,0.257540,0.002395,0.002966,0.003920,0.116926,0.009876
0.202209,0.252250,0.056125,0.018988,0.256808,0.010131,0.010172,0.010940,0.163390,0.018988
0.244754,0.248122,0.031605,0.012731,0.249160,0.008537,0.007377,0.006931,0.178054,0.012730
0.049444,0.104819,0.037577,0.260478,0.103482,0.015848,0.032105,0.058062,0.077712,0.260474
0.196786,0.187114,0.102787,0.039664,0.190252,0.031261,0.031639,0.032442,0.148390,0.039664
0.164633,0.213816,0.129183,0.022785,0.219203,0.006794,0.010315,0.010474,0.200013,0.022784
0.161265,0.208848,0.055655,0.033884,0.209209,0.110110,0.021965,0.020826,0.144355,0.033883
0.001348,0.001939,0.001440,0.015441,0.001925,0.001108,0.873333,0.086572,0.001451,0.015442
0.001486,0.002219,0.001920,0.027595,0.002207,0.001330,0.013745,0.919892,0.002008,0.027597
0.088807,0.188824,0.385639,0.015533,0.189824,0.005203,0.005916,0.007089,0.097632,0.015532
0.190840,0.214941,0.082492,0.044161,0.217880,0.029967,0.021690,0.023159,0.130711,0.044160
0.044696,0.065538,0.053136,0.229511,0.064882,0.042929,0.088985,0.129328,0.051486,0.229507
0.008107,0.012672,0.009298,0.099824,0.012565,0.006562,0.683593,0.057530,0.010028,0.099822
0.115860,0.124757,0.101598,0.086061,0.125041,0.088036,0.075684,0.077005,0.119897,0.086061
0.023560,0.036078,0.027618,0.187949,0.035727,0.023380,0.268971,0.179796,0.028968,0.187952
0.011186,0.016684,0.015116,0.068553,0.016555,0.041501,0.701997,0.046100,0.013756,0.068552
0.033920,0.053163,0.041928,0.228698,0.052677,0.036863,0.171426,0.112026,0.040604,0.228695
0.470374,0.148187,0.022576,0.006667,0.152882,0.002584,0.003368,0.003523,0.183172,0.006667
0.010368,0.013954,0.011018,0.050239,0.013857,0.010800,0.773463,0.054616,0.011446,0.050239
0.026009,0.041234,0.028540,0.295517,0.040772,0.032844,0.063056,0.145041,0.031474,0.295513
0.087268,0.109900,0.079479,0.126315,0.109174,0.105664,0.074090,0.087510,0.094286,0.126314
0.011697,0.019629,0.012277,0.177519,0.019405,0.011623,0.033299,0.522146,0.014885,0.177521
0.237608,0.212901,0.054457,0.028709,0.211584,0.036786,0.026711,0.019653,0.142883,0.028709
0.106133,0.194531,0.063797,0.079106,0.195936,0.044094,0.022268,0.028802,0.186229,0.079104
0.078693,0.218850,0.071665,0.089818,0.208931,0.066562,0.029366,0.030782,0.115517,0.089816
0.082941,0.261997,0.118482,0.054547,0.248383,0.008840,0.013963,0.017847,0.138454,0.054545
0.225668,0.253221,0.046041,0.018608,0.246055,0.007232,0.008530,0.008599,0.167439,0.018608
0.132974,0.273379,0.116035,0.024399,0.263728,0.017833,0.016124,0.014646,0.116483,0.024399
0.311579,0.221851,0.051183,0.015161,0.214881,0.009695,0.008271,0.009382,0.142837,0.015160
0.080885,0.241308,0.093376,0.045858,0.232610,0.091619,0.031316,0.022055,0.115115,0.045857
0.068294,0.176403,0.068601,0.155314,0.169362,0.030074,0.036163,0.044330,0.096152,0.155309
0.095294,0.278188,0.064845,0.038167,0.262123,0.032428,0.021403,0.023856,0.145530,0.038166
0.221830,0.221238,0.053941,0.040722,0.222359,0.033013,0.021665,0.024422,0.120090,0.040721
0.187870,0.251610,0.066026,0.029343,0.247114,0.012789,0.013433,0.014098,0.148376,0.029342
0.080344,0.232164,0.329822,0.012867,0.219691,0.004661,0.005477,0.006530,0.095576,0.012867
0.006144,0.010627,0.007611,0.229736,0.010503,0.006038,0.239463,0.250554,0.009571,0.229752
0.109058,0.210684,0.048020,0.076403,0.204456,0.009498,0.019219,0.027135,0.219123,0.076403
0.300723,0.186747,0.052603,0.043821,0.190132,0.016341,0.017703,0.020392,0.127719,0.043820
0.250693,0.211060,0.052261,0.028569,0.216618,0.010337,0.011152,0.012851,0.177892,0.028568
0.075912,0.226299,0.254814,0.031807,0.217408,0.008103,0.008856,0.011902,0.133094,0.031806
0.722930,0.095626,0.015813,0.005778,0.100485,0.003524,0.002896,0.003217,0.043951,0.005778
0.096117,0.246862,0.069993,0.046680,0.245440,0.099331,0.020051,0.021539,0.107307,0.046680
0.068332,0.176988,0.469901,0.011450,0.170707,0.003638,0.004985,0.006055,0.076492,0.011450
0.199850,0.245085,0.070359,0.022354,0.248244,0.014985,0.011332,0.013868,0.151570,0.022353
0.263709,0.168821,0.067047,0.046291,0.169070,0.055224,0.032136,0.032591,0.118821,0.046290
0.108041,0.347852,0.033689,0.020851,0.321318,0.011010,0.006974,0.007590,0.121825,0.020850
0.126302,0.206462,0.042464,0.022655,0.201603,0.194569,0.015404,0.014980,0.152906,0.022655
0.171366,0.244691,0.042940,0.031232,0.236844,0.018198,0.014305,0.013772,0.195423,0.031231
0.090110,0.132164,0.491554,0.008731,0.135019,0.005082,0.004473,0.004895,0.119240,0.008731
0.268201,0.223694,0.063232,0.023181,0.227661,0.021078,0.015623,0.016248,0.117901,0.023181
0.138837,0.226133,0.183898,0.019091,0.228074,0.015917,0.005966,0.006345,0.156649,0.019091
0.130754,0.124415,0.082944,0.107422,0.124995,0.025595,0.111518,0.083078,0.101858,0.107421
0.071515,0.233782,0.090884,0.058534,0.225989,0.098419,0.025733,0.030944,0.105669,0.058533
0.069583,0.110518,0.065137,0.125356,0.109408,0.183518,0.065874,0.056119,0.089133,0.125354
0.322933,0.199658,0.079693,0.022904,0.200174,0.015836,0.016224,0.015876,0.103799,0.022904
0.137559,0.218365,0.055951,0.040556,0.217654,0.109395,0.022826,0.021022,0.136116,0.040555
0.155288,0.214897,0.049682,0.035571,0.214100,0.113487,0.024596,0.021513,0.135296,0.035570
0.042612,0.085971,0.633555,0.012655,0.085989,0.007637,0.010254,0.008266,0.100407,0.012655
0.082289,0.140936,0.047385,0.181915,0.139760,0.021098,0.042135,0.065183,0.097384,0.181915
0.192862,0.246060,0.059444,0.024659,0.251113,0.007943,0.009088,0.011561,0.172611,0.024659
0.008824,0.013173,0.009087,0.164496,0.013073,0.006112,0.278151,0.333055,0.009522,0.164506
0.127428,0.231844,0.079347,0.024157,0.224877,0.015874,0.014375,0.015757,0.242185,0.024157
0.049678,0.076994,0.041049,0.263534,0.076803,0.017380,0.059850,0.100415,0.050761,0.263537
0.016025,0.024437,0.019452,0.308838,0.024226,0.012653,0.081537,0.186270,0.017718,0.308843
0.131241,0.146458,0.098774,0.097575,0.145454,0.036833,0.068289,0.062864,0.114936,0.097575
0.079896,0.115818,0.057611,0.082125,0.117195,0.285401,0.032719,0.037070,0.110043,0.082123
0.005683,0.006087,0.004617,0.004995,0.006090,0.951142,0.006147,0.004727,0.005517,0.004995
0.212123,0.219122,0.077641,0.042432,0.223919,0.014845,0.018869,0.022975,0.125642,0.042431
0.235650,0.244105,0.042763,0.018395,0.248048,0.012544,0.009392,0.010089,0.160619,0.018395
0.023533,0.044200,0.024732,0.325199,0.043819,0.025655,0.044894,0.106022,0.036742,0.325205
0.056825,0.106544,0.050965,0.222561,0.104933,0.032692,0.053114,0.088562,0.061243,0.222561
0.204096,0.190715,0.058798,0.029252,0.192524,0.010209,0.010506,0.014021,0.260627,0.029251
0.076175,0.164675,0.076938,0.129074,0.158835,0.019342,0.049436,0.045418,0.151038,0.129069
0.065845,0.095388,0.055268,0.179661,0.094313,0.066683,0.073081,0.124555,0.065544,0.179662
0.272662,0.226748,0.069937,0.022764,0.223486,0.008366,0.010932,0.010695,0.131646,0.022764
0.015277,0.017086,0.016185,0.025840,0.017047,0.818414,0.026388,0.022033,0.015891,0.025839
0.072244,0.107226,0.059959,0.112467,0.106606,0.213059,0.063696,0.050754,0.101524,0.112465
0.110605,0.133026,0.062903,0.147576,0.131884,0.044742,0.064223,0.071197,0.086269,0.147574
0.115611,0.164508,0.080521,0.141310,0.164806,0.022695,0.024592,0.042124,0.102526,0.141308
0.161471,0.231677,0.123239,0.024149,0.230494,0.033046,0.012069,0.014125,0.145580,0.024149
0.039521,0.074935,0.045454,0.278386,0.073816,0.026287,0.041238,0.070123,0.071864,0.278377
0.086379,0.118443,0.051366,0.198237,0.117657,0.034425,0.042021,0.066459,0.086782,0.198230
0.105410,0.133226,0.081459,0.140143,0.131966,0.045995,0.067663,0.069835,0.084162,0.140141
0.068897,0.097528,0.061633,0.134859,0.096737,0.216814,0.064526,0.057136,0.067016,0.134855
0.184967,0.155504,0.076755,0.094519,0.155817,0.028385,0.050387,0.041075,0.118074,0.094516
0.055706,0.086817,0.051303,0.257234,0.085656,0.033348,0.048390,0.068521,0.055798,0.257228
0.108409,0.166261,0.070240,0.119649,0.164418,0.039290,0.056582,0.058180,0.097326,0.119646
0.056616,0.120062,0.046791,0.233321,0.117598,0.020848,0.036507,0.046767,0.088176,0.233313
0.165441,0.222181,0.069670,0.035288,0.220791,0.039120,0.025815,0.026451,0.159956,0.035287
0.096206,0.260352,0.084801,0.036183,0.258178,0.057980,0.015523,0.018731,0.135863,0.036183
0.151057,0.249459,0.071080,0.036620,0.238797,0.032474,0.024898,0.027986,0.131008,0.036620
0.121814,0.184287,0.075780,0.075469,0.182947,0.050593,0.070076,0.050495,0.113073,0.075467
0.063858,0.218192,0.058483,0.091250,0.205779,0.086185,0.034183,0.036925,0.113898,0.091248
0.092473,0.200408,0.072392,0.073372,0.192553,0.045793,0.072132,0.044876,0.132632,0.073371
0.266475,0.246394,0.047651,0.017031,0.238290,0.012406,0.014751,0.010776,0.129193,0.017031
0.129638,0.173096,0.077486,0.095153,0.171464,0.022914,0.036645,0.042815,0.155639,0.095152
0.080161,0.214808,0.097199,0.061585,0.205086,0.093636,0.030833,0.033858,0.121250,0.061584
0.005023,0.007664,0.005447,0.035330,0.007583,0.013383,0.842137,0.041098,0.007004,0.035331
0.006933,0.011145,0.005675,0.006541,0.011006,0.931430,0.008245,0.004885,0.007599,0.006541
0.077394,0.210234,0.088830,0.056297,0.202265,0.052462,0.027418,0.032854,0.195949,0.056296
0.055356,0.211760,0.051819,0.116907,0.200928,0.067642,0.023909,0.034013,0.120764,0.116903
0.000123,0.000157,0.000126,0.000574,0.000157,0.000103,0.997275,0.000763,0.000149,0.000574
0.283305,0.249118,0.034361,0.008057,0.254868,0.004997,0.003864,0.004447,0.148925,0.008057
0.048520,0.141656,0.489890,0.024418,0.138093,0.009630,0.012774,0.011807,0.098795,0.024417
0.230388,0.227867,0.071168,0.032052,0.223837,0.021432,0.015869,0.017440,0.127895,0.032051
0.063386,0.098259,0.066721,0.164336,0.097168,0.034697,0.164052,0.076164,0.070883,0.164335
0.686461,0.109113,0.021003,0.004215,0.114191,0.002411,0.002603,0.002747,0.053041,0.004215
0.049830,0.083299,0.060669,0.214705,0.082404,0.054801,0.066808,0.095645,0.077145,0.214695
0.015608,0.031983,0.017120,0.375965,0.031506,0.031035,0.037617,0.061903,0.021306,0.375956
0.107460,0.230541,0.186291,0.008671,0.224639,0.004659,0.004399,0.005014,0.219653,0.008671
0.120464,0.299379,0.058966,0.024461,0.281750,0.010435,0.010830,0.010782,0.158472,0.024460
0.052481,0.079489,0.053589,0.205166,0.078265,0.053807,0.074829,0.136845,0.060367,0.205164
0.012841,0.019287,0.014901,0.033113,0.019134,0.816913,0.018067,0.017879,0.014752,0.033112
0.271175,0.197979,0.077803,0.042454,0.199251,0.030520,0.015458,0.020837,0.102070,0.042452
0.322261,0.204328,0.098821,0.013885,0.209499,0.007578,0.008227,0.008212,0.113304,0.013884
0.269264,0.186441,0.065383,0.017768,0.190603,0.012448,0.010116,0.011757,0.218452,0.017768
0.057693,0.153732,0.094524,0.038440,0.151708,0.340352,0.018429,0.017506,0.089178,0.038439
0.047998,0.118301,0.561456,0.016933,0.115809,0.007711,0.008553,0.010120,0.096185,0.016933
0.230130,0.201160,0.133999,0.033621,0.206695,0.010722,0.013819,0.016896,0.119336,0.033620
0.137620,0.272287,0.096304,0.028392,0.260629,0.017721,0.015028,0.016564,0.127063,0.028392
0.121871,0.126206,0.094503,0.086240,0.126309,0.112412,0.070750,0.068798,0.106671,0.086240
0.157886,0.282341,0.081425,0.013241,0.287255,0.013953,0.007458,0.007965,0.135235,0.013240
0.740719,0.086272,0.014904,0.002543,0.090843,0.001415,0.001388,0.001579,0.057794,0.002543
0.350885,0.197088,0.060960,0.014983,0.203681,0.009676,0.009252,0.010117,0.128377,0.014983
0.378856,0.147629,0.063317,0.016662,0.153866,0.012963,0.012822,0.013292,0.183931,0.016662
0.175201,0.169440,0.119265,0.071021,0.170358,0.028829,0.035094,0.042361,0.117411,0.071020
0.679751,0.109988,0.020268,0.006250,0.113612,0.002887,0.002977,0.003793,0.054225,0.006250
0.237988,0.191349,0.099894,0.035342,0.191417,0.018572,0.015901,0.018391,0.155805,0.035341
0.572399,0.137105,0.027955,0.010074,0.141942,0.006755,0.005992,0.006156,0.081549,0.010073
0.200617,0.164999,0.132429,0.042774,0.167622,0.025320,0.040887,0.031284,0.151295,0.042774
0.150273,0.131483,0.319340,0.014024,0.135145,0.006408,0.007804,0.008325,0.213173,0.014024
0.139546,0.153491,0.077372,0.105386,0.153584,0.021134,0.030650,0.041018,0.172437,0.105383
0.186678,0.190889,0.068975,0.057958,0.192088,0.040499,0.031561,0.033574,0.139820,0.057957
0.168970,0.225731,0.098919,0.023639,0.230565,0.010444,0.010602,0.012622,0.194870,0.023638
0.141333,0.147719,0.086665,0.080665,0.147724,0.063917,0.069651,0.064343,0.117317,0.080665
0.220733,0.179656,0.077809,0.038132,0.182699,0.054629,0.026221,0.026290,0.155699,0.038132
0.091150,0.193203,0.132555,0.062296,0.189174,0.019328,0.025134,0.032020,0.192846,0.062295
0.189534,0.160819,0.086190,0.047783,0.163697,0.031503,0.024550,0.026999,0.221141,0.047782
0.202023,0.181524,0.118972,0.048124,0.181833,0.041556,0.033372,0.032483,0.111988,0.048123
0.148484,0.145622,0.426336,0.010513,0.148455,0.004184,0.005169,0.006335,0.094389,0.010513
0.208845,0.149727,0.302747,0.025043,0.152170,0.007801,0.009600,0.012925,0.106100,0.025043
0.131816,0.221516,0.104423,0.054398,0.222880,0.025389,0.031304,0.036119,0.117758,0.054398
0.310353,0.201130,0.058656,0.029415,0.193665,0.018852,0.019468,0.022832,0.116214,0.029415
0.138191,0.234743,0.103744,0.043442,0.237363,0.023179,0.027900,0.032402,0.115596,0.043441
0.116017,0.188042,0.105329,0.087962,0.190936,0.057476,0.023156,0.028044,0.115080,0.087959
0.143700,0.227956,0.102518,0.045775,0.229742,0.025750,0.028211,0.031921,0.118652,0.045775
0.384767,0.160005,0.045120,0.051129,0.162437,0.007329,0.013347,0.019449,0.105287,0.051129
0.048649,0.129712,0.246661,0.135445,0.128970,0.009882,0.030284,0.039277,0.095678,0.135442
0.137827,0.249460,0.092877,0.043210,0.241092,0.020313,0.017306,0.020100,0.134605,0.043209
0.068802,0.143414,0.106791,0.014061,0.146017,0.004769,0.006578,0.006629,0.488879,0.014061
0.179941,0.188485,0.094086,0.056786,0.186418,0.028881,0.032646,0.034192,0.141780,0.056785
0.052462,0.098434,0.604555,0.019928,0.098272,0.006897,0.009746,0.010462,0.079317,0.019927
0.009202,0.022263,0.886832,0.013569,0.022200,0.002349,0.005452,0.006912,0.017651,0.013569
0.163349,0.174227,0.143054,0.076466,0.172104,0.023142,0.028651,0.043315,0.099229,0.076465
0.108013,0.188173,0.103129,0.053464,0.189939,0.020535,0.025701,0.029255,0.228328,0.053463
0.039505,0.159153,0.136749,0.010598,0.152867,0.003907,0.004750,0.005264,0.476608,0.010598
0.070627,0.113445,0.488148,0.044336,0.113771,0.010399,0.013329,0.015106,0.086504,0.044335
0.222913,0.185522,0.089377,0.066005,0.180437,0.020954,0.024389,0.028747,0.115652,0.066004
0.049399,0.045354,0.800980,0.004127,0.046202,0.001979,0.002327,0.002658,0.042848,0.004127
0.051287,0.102232,0.535861,0.042828,0.100016,0.027450,0.014860,0.016686,0.065954,0.042826
0.297030,0.227408,0.047568,0.023373,0.220159,0.015152,0.013237,0.013019,0.119684,0.023372
0.188419,0.156091,0.139253,0.069015,0.158554,0.016845,0.034867,0.070376,0.097565,0.069015
0.097465,0.136360,0.078298,0.116868,0.135144,0.035474,0.047757,0.100010,0.135756,0.116868
0.151325,0.236248,0.087872,0.034696,0.237630,0.013747,0.013918,0.017064,0.172804,0.034695
0.023262,0.041498,0.025778,0.306789,0.041095,0.021143,0.099952,0.104834,0.028861,0.306789
0.113115,0.202589,0.142764,0.052584,0.203776,0.013804,0.017882,0.023585,0.177319,0.052583
0.227968,0.195999,0.090656,0.040810,0.198510,0.025532,0.027906,0.030711,0.121098,0.040810
0.067909,0.163436,0.080071,0.146148,0.158608,0.026552,0.036159,0.049205,0.125769,0.146144
0.173428,0.238927,0.098423,0.050364,0.238314,0.023998,0.012637,0.016794,0.096753,0.050363
0.048709,0.127599,0.529876,0.030921,0.124501,0.007717,0.009924,0.014071,0.075760,0.030921
0.244328,0.189007,0.070415,0.052348,0.191620,0.024913,0.023466,0.025709,0.125847,0.052347
0.172895,0.200769,0.102007,0.056381,0.198009,0.028501,0.025469,0.028092,0.131496,0.056379
0.232065,0.223427,0.081445,0.017400,0.228549,0.014198,0.011518,0.012339,0.161657,0.017400
0.226098,0.214245,0.072896,0.040343,0.214490,0.026959,0.020850,0.024708,0.119069,0.040342
0.142308,0.223708,0.098194,0.046088,0.222200,0.020092,0.019533,0.022326,0.159462,0.046088
0.487262,0.149349,0.054142,0.008129,0.154630,0.005634,0.004868,0.005023,0.122834,0.008129
0.187248,0.208108,0.059969,0.072629,0.210969,0.012966,0.016874,0.028734,0.129875,0.072628
0.252533,0.168220,0.098949,0.043713,0.169141,0.031695,0.030514,0.032616,0.128904,0.043713
0.184082,0.177905,0.109605,0.058778,0.179499,0.055799,0.024338,0.029753,0.121463,0.058778
0.124569,0.127565,0.381171,0.008379,0.131202,0.005925,0.005165,0.005477,0.202167,0.008379
0.183523,0.206697,0.124841,0.051916,0.207899,0.015819,0.014498,0.020296,0.122597,0.051915
0.097086,0.288456,0.061112,0.022570,0.268755,0.013851,0.009777,0.011554,0.204269,0.022570
0.205980,0.183902,0.074853,0.042078,0.184610,0.042510,0.022818,0.025218,0.175956,0.042077
0.258120,0.241381,0.049346,0.034993,0.247109,0.012259,0.010634,0.013593,0.097575,0.034991
0.102534,0.138875,0.111292,0.088433,0.135527,0.068673,0.069273,0.082944,0.114016,0.088433
0.027110,0.055155,0.792135,0.009739,0.054086,0.004935,0.004182,0.004618,0.038301,0.009739
0.056718,0.107954,0.453478,0.057254,0.108216,0.011256,0.017682,0.026110,0.104078,0.057253
0.191643,0.217028,0.107813,0.030583,0.214184,0.025057,0.022272,0.022895,0.137942,0.030583
0.322376,0.185081,0.070291,0.027949,0.188686,0.017713,0.016382,0.015475,0.128099,0.027948
0.318925,0.200811,0.056908,0.028709,0.196601,0.018471,0.014837,0.016269,0.119760,0.028709
0.074885,0.127519,0.087826,0.187884,0.126046,0.025593,0.041269,0.061140,0.079957,0.187880
0.374104,0.193172,0.056582,0.024446,0.189287,0.015026,0.012295,0.013616,0.097025,0.024445
0.120738,0.215010,0.160170,0.018347,0.216875,0.004886,0.005898,0.007339,0.232389,0.018347
0.067741,0.163865,0.195486,0.094613,0.158177,0.023217,0.037042,0.057950,0.107297,0.094612
0.278182,0.196060,0.066558,0.035225,0.192066,0.022434,0.019370,0.021477,0.133404,0.035225
0.380706,0.163387,0.067657,0.021204,0.168533,0.016032,0.018253,0.016138,0.126886,0.021204
0.034958,0.088966,0.656904,0.027330,0.085768,0.016382,0.008412,0.009982,0.043969,0.027329
0.248478,0.176431,0.133611,0.043949,0.175698,0.023626,0.023472,0.026075,0.104710,0.043949
0.521899,0.153081,0.038414,0.008537,0.157134,0.005042,0.005030,0.005310,0.097016,0.008537
0.041612,0.080697,0.624701,0.044682,0.080526,0.012846,0.010696,0.016376,0.043184,0.044681
0.597662,0.124698,0.036183,0.005450,0.128975,0.003359,0.002981,0.003201,0.092039,0.005450
0.203572,0.234335,0.068155,0.023095,0.228187,0.013561,0.014270,0.013893,0.177838,0.023094
0.244141,0.214132,0.073707,0.030459,0.212676,0.013967,0.015488,0.016583,0.148389,0.030459
0.046813,0.101255,0.599220,0.019417,0.100465,0.005906,0.009641,0.011110,0.086756,0.019417
0.150961,0.090003,0.574344,0.010158,0.091751,0.004322,0.005067,0.005443,0.057793,0.010158
0.172265,0.221455,0.113152,0.041463,0.217984,0.017279,0.018962,0.021380,0.134596,0.041462
0.111110,0.164729,0.128353,0.082406,0.161186,0.045744,0.046944,0.051993,0.125130,0.082405
0.050776,0.107257,0.302659,0.135583,0.106830,0.018526,0.024673,0.035913,0.082206,0.135576
0.382888,0.197807,0.046809,0.030922,0.202678,0.007296,0.009266,0.012370,0.079043,0.030921
0.124955,0.226338,0.140063,0.040422,0.218424,0.025780,0.020481,0.023479,0.139637,0.040421
0.193193,0.207649,0.131677,0.015822,0.214069,0.010403,0.011918,0.011540,0.187907,0.015822
0.052830,0.095038,0.627111,0.019100,0.093666,0.010205,0.011326,0.012192,0.059433,0.019099
0.098177,0.116067,0.114695,0.106410,0.115230,0.074099,0.080269,0.080132,0.108512,0.106409
0.016360,0.029098,0.025250,0.150860,0.028736,0.019721,0.038100,0.516651,0.024365,0.150858
0.052574,0.109574,0.057909,0.225745,0.108240,0.024423,0.043223,0.057293,0.095281,0.225738
0.049845,0.091437,0.056558,0.231555,0.090553,0.032454,0.057196,0.073927,0.084924,0.231551
0.003673,0.005053,0.003344,0.004282,0.005016,0.963724,0.003417,0.003346,0.003864,0.004282
0.740719,0.086272,0.014904,0.002543,0.090843,0.001415,0.001388,0.001579,0.057794,0.002543
0.016086,0.026537,0.019215,0.342818,0.026200,0.014205,0.061597,0.130136,0.020375,0.342830
0.230130,0.201160,0.133999,0.033621,0.206695,0.010722,0.013819,0.016896,0.119336,0.033620
0.378856,0.147629,0.063317,0.016662,0.153866,0.012963,0.012822,0.013292,0.183931,0.016662
0.679751,0.109988,0.020268,0.006250,0.113612,0.002887,0.002977,0.003793,0.054225,0.006250
0.175201,0.169440,0.119265,0.071021,0.170358,0.028829,0.035094,0.042361,0.117411,0.071020
0.054480,0.066137,0.058697,0.159525,0.065789,0.068269,0.166811,0.139933,0.060833,0.159526
0.022907,0.038066,0.029063,0.306621,0.037678,0.067222,0.080259,0.082038,0.029530,0.306616
0.237988,0.191349,0.099894,0.035342,0.191417,0.018572,0.015901,0.018391,0.155805,0.035341
0.005388,0.008293,0.006431,0.247976,0.008210,0.005413,0.045695,0.417705,0.006899,0.247990
0.068701,0.106366,0.128977,0.111946,0.106514,0.031919,0.172559,0.059424,0.101650,0.111944
0.019998,0.030366,0.022558,0.178227,0.030031,0.018625,0.420161,0.078916,0.022897,0.178221
0.042669,0.066420,0.054624,0.195909,0.065559,0.031654,0.189684,0.104582,0.052994,0.195906
0.044633,0.069520,0.042224,0.211569,0.068649,0.046947,0.139224,0.112711,0.052957,0.211565
0.044108,0.076166,0.048863,0.260342,0.075361,0.029094,0.057419,0.091514,0.056791,0.260341
0.033356,0.051295,0.039789,0.272199,0.050756,0.034893,0.103081,0.103559,0.038878,0.272194
0.045083,0.075766,0.044815,0.265314,0.074851,0.040515,0.052596,0.070456,0.065302,0.265303
0.037999,0.071057,0.056860,0.214887,0.070541,0.162907,0.048459,0.064857,0.057552,0.214882
0.131816,0.221516,0.104423,0.054398,0.222880,0.025389,0.031304,0.036119,0.117758,0.054398
0.168970,0.225731,0.098919,0.023639,0.230565,0.010444,0.010602,0.012622,0.194870,0.023638
0.138191,0.234743,0.103744,0.043442,0.237363,0.023179,0.027900,0.032402,0.115596,0.043441
0.034623,0.068569,0.039502,0.293987,0.068107,0.027415,0.055131,0.052859,0.065839,0.293969
0.045328,0.080413,0.048845,0.252442,0.079426,0.028285,0.054626,0.081844,0.076357,0.252434
0.010811,0.022099,0.012513,0.380156,0.021766,0.008266,0.072791,0.073911,0.017548,0.380140
0.143700,0.227956,0.102518,0.045775,0.229742,0.025750,0.028211,0.031921,0.118652,0.045775
0.052991,0.070428,0.059778,0.210580,0.069849,0.064407,0.072199,0.125804,0.063387,0.210576
0.015158,0.020817,0.016289,0.017429,0.020686,0.843297,0.016557,0.015100,0.017237,0.017429
0.572399,0.137105,0.027955,0.010074,0.141942,0.006755,0.005992,0.006156,0.081549,0.010073
0.038914,0.065913,0.041490,0.298915,0.065043,0.021253,0.044415,0.078221,0.046931,0.298905
0.025975,0.044295,0.029179,0.333776,0.043772,0.016841,0.040942,0.098743,0.032709,0.333770
0.008510,0.016008,0.010321,0.396346,0.015772,0.005606,0.037774,0.100874,0.012433,0.396356
0.051195,0.065280,0.047197,0.208953,0.064871,0.061722,0.098967,0.138049,0.054817,0.208950
0.051615,0.098140,0.071915,0.184600,0.096775,0.109441,0.058523,0.075515,0.068876,0.184599
0.037243,0.066750,0.046851,0.245594,0.065747,0.104815,0.051435,0.088573,0.047402,0.245589
0.021999,0.034065,0.023168,0.273215,0.033818,0.019924,0.141417,0.139223,0.039950,0.273220
0.009150,0.017980,0.011179,0.415499,0.017679,0.007154,0.025903,0.067774,0.012185,0.415497
0.013380,0.023263,0.014700,0.379332,0.022947,0.011858,0.036410,0.102847,0.015930,0.379333
0.004888,0.009282,0.005976,0.404581,0.009146,0.003281,0.016702,0.135087,0.006458,0.404599
0.051665,0.062929,0.045977,0.071269,0.062610,0.228090,0.297223,0.057460,0.051508,0.071269
0.019990,0.030991,0.027069,0.314035,0.030682,0.016716,0.059154,0.161778,0.025543,0.314043
0.007543,0.018433,0.016029,0.411043,0.018075,0.018257,0.017822,0.069708,0.012043,0.411046
0.032755,0.043127,0.027021,0.248295,0.042852,0.024456,0.140299,0.159680,0.033218,0.248297
0.053425,0.079360,0.053372,0.252733,0.078694,0.032530,0.046434,0.090703,0.060018,0.252729
0.028077,0.046490,0.032467,0.317792,0.046017,0.019567,0.040446,0.117651,0.033701,0.317792
0.045808,0.072249,0.047225,0.238528,0.071425,0.050163,0.094847,0.074245,0.066986,0.238523
0.048569,0.065917,0.051045,0.129771,0.065400,0.037807,0.299392,0.096276,0.076051,0.129771
0.046093,0.065851,0.049583,0.203170,0.065380,0.044910,0.154645,0.119497,0.047700,0.203171
0.029047,0.043373,0.031247,0.237972,0.043014,0.026695,0.143754,0.173049,0.033877,0.237971
0.027827,0.044888,0.029777,0.320342,0.044343,0.023984,0.042091,0.113100,0.033302,0.320347
0.076459,0.111097,0.079842,0.168053,0.109930,0.062374,0.061629,0.077666,0.084900,0.168050
0.056760,0.071698,0.063930,0.183480,0.071452,0.049305,0.097106,0.159104,0.063681,0.183485
0.054571,0.070380,0.054255,0.117493,0.069990,0.051519,0.318918,0.088027,0.057354,0.117492
0.052093,0.075471,0.052933,0.129265,0.074990,0.225850,0.082308,0.102008,0.075821,0.129262
0.060257,0.077889,0.068558,0.191148,0.077323,0.066930,0.083145,0.115417,0.068188,0.191145
0.003315,0.003928,0.003550,0.006226,0.003908,0.960452,0.004618,0.004248,0.003531,0.006225
0.001229,0.001603,0.001335,0.001573,0.001594,0.987070,0.001486,0.001192,0.001345,0.001573
0.054659,0.071309,0.053855,0.062184,0.070698,0.496107,0.037872,0.037372,0.053761,0.062183
0.078261,0.104721,0.085702,0.165598,0.104076,0.062721,0.067109,0.079690,0.086528,0.165595
0.075520,0.102149,0.083800,0.153084,0.101513,0.073159,0.082026,0.097340,0.078328,0.153081
0.044834,0.061552,0.048622,0.229014,0.061073,0.057855,0.100570,0.117050,0.050422,0.229008
0.007310,0.009662,0.007787,0.019094,0.009592,0.897764,0.011366,0.010338,0.007994,0.019093
0.008626,0.012746,0.009380,0.013943,0.012604,0.898365,0.012188,0.008960,0.009245,0.013943
0.002159,0.002888,0.001890,0.002634,0.002867,0.979487,0.001694,0.001509,0.002238,0.002634
0.073656,0.099156,0.085406,0.144001,0.098684,0.091985,0.085123,0.095682,0.082305,0.144000
0.048500,0.066740,0.055584,0.192532,0.066149,0.053553,0.134153,0.132853,0.057406,0.192530
0.059826,0.074466,0.079678,0.160539,0.074156,0.065216,0.132803,0.123434,0.069344,0.160539
0.094279,0.128513,0.083701,0.078169,0.128091,0.159339,0.072725,0.066981,0.110035,0.078168
0.044615,0.053505,0.056612,0.087075,0.053364,0.450105,0.054193,0.062126,0.051331,0.087075
0.047779,0.074212,0.053204,0.192395,0.073517,0.055017,0.087266,0.170893,0.053323,0.192394
0.048630,0.071257,0.049315,0.136849,0.070775,0.278154,0.058972,0.094013,0.055188,0.136847
0.108658,0.107327,0.097763,0.093535,0.107539,0.100836,0.096543,0.089779,0.104486,0.093535
0.031335,0.043694,0.037577,0.225004,0.043372,0.046612,0.085100,0.225955,0.036352,0.225000
0.023113,0.040143,0.028229,0.293255,0.039592,0.030469,0.144066,0.081490,0.026397,0.293245
0.050027,0.075102,0.049020,0.138460,0.074581,0.289413,0.058289,0.057188,0.069466,0.138455
0.052369,0.072540,0.061584,0.191401,0.072082,0.127144,0.073489,0.101295,0.056703,0.191395
0.066416,0.097488,0.081369,0.099272,0.096819,0.224343,0.104706,0.064920,0.065396,0.099271
0.026383,0.038591,0.029309,0.167864,0.038236,0.038757,0.245307,0.202829,0.044858,0.167865
0.043507,0.063049,0.045538,0.207829,0.062719,0.036829,0.129222,0.158792,0.044689,0.207825
0.038319,0.058736,0.045249,0.222500,0.058112,0.088447,0.053180,0.171101,0.041859,0.222497
0.054293,0.083503,0.063453,0.209472,0.082630,0.042973,0.111049,0.084366,0.058790,0.209470
0.036943,0.065289,0.036223,0.210533,0.064519,0.205162,0.063485,0.064605,0.042720,0.210521
0.084304,0.102689,0.082751,0.082306,0.102497,0.208714,0.079744,0.074017,0.100673,0.082305
0.054673,0.066287,0.063212,0.161157,0.066010,0.071730,0.103091,0.196104,0.056578,0.161158
0.098314,0.116088,0.130978,0.092050,0.115975,0.073230,0.096333,0.080309,0.104674,0.092050
0.112419,0.130569,0.091851,0.128178,0.130479,0.041317,0.063788,0.065834,0.107389,0.128175
0.043227,0.063513,0.043629,0.188876,0.062909,0.110670,0.135125,0.118976,0.044204,0.188872
0.049617,0.079329,0.046329,0.279409,0.079230,0.025699,0.042697,0.066893,0.051394,0.279402
0.055793,0.071946,0.076894,0.145968,0.071569,0.102783,0.157059,0.103971,0.068050,0.145966
0.056667,0.068637,0.050438,0.093007,0.068365,0.346369,0.086791,0.079128,0.057594,0.093005
0.025342,0.035546,0.026687,0.082455,0.035245,0.608247,0.039149,0.036531,0.028345,0.082453
0.013121,0.026396,0.015537,0.399479,0.025960,0.020260,0.028405,0.053468,0.017908,0.399466
0.041275,0.054493,0.043546,0.200161,0.054208,0.031426,0.103363,0.223781,0.047583,0.200163
0.075530,0.120847,0.094043,0.155682,0.120065,0.049470,0.061543,0.070162,0.096979,0.155680
0.009202,0.022263,0.886832,0.013569,0.022200,0.002349,0.005452,0.006912,0.017651,0.013569
0.035758,0.049186,0.034187,0.092954,0.048871,0.498130,0.053257,0.057822,0.036882,0.092953
0.251610,0.200307,0.073034,0.019743,0.207082,0.015054,0.014154,0.015033,0.184241,0.019743
0.048649,0.129712,0.246661,0.135445,0.128970,0.009882,0.030284,0.039277,0.095678,0.135442
0.013510,0.021237,0.017306,0.341283,0.021024,0.008152,0.056358,0.163054,0.016782,0.341294
0.015438,0.022936,0.020225,0.092001,0.022785,0.013189,0.630483,0.072210,0.018732,0.092001
0.025575,0.046380,0.038217,0.322210,0.045724,0.020027,0.066679,0.077357,0.035628,0.322203
0.019385,0.032748,0.025446,0.318260,0.032349,0.088773,0.057042,0.076229,0.031517,0.318250
0.071537,0.096099,0.069235,0.193450,0.095673,0.046997,0.073917,0.081340,0.078308,0.193444
0.040121,0.056259,0.038674,0.131899,0.055880,0.205666,0.126491,0.171926,0.041186,0.131898
0.026230,0.031652,0.018903,0.161002,0.031454,0.013846,0.030285,0.500193,0.025434,0.161000
0.013592,0.024019,0.014582,0.367022,0.023736,0.008642,0.031593,0.133571,0.016208,0.367036
0.012442,0.026356,0.017639,0.402259,0.025949,0.008247,0.027938,0.058598,0.018322,0.402251
0.049157,0.072886,0.052716,0.216520,0.072334,0.051910,0.092192,0.120571,0.055199,0.216514
0.015344,0.031840,0.018343,0.393336,0.031204,0.009069,0.031773,0.053219,0.022545,0.393328
0.025746,0.038509,0.027605,0.244481,0.038138,0.027161,0.207373,0.117147,0.029365,0.244476
0.080965,0.090619,0.078868,0.109799,0.090490,0.066691,0.202515,0.087984,0.082268,0.109799
0.067282,0.099522,0.053531,0.135438,0.098899,0.238446,0.045953,0.053876,0.071620,0.135434
0.066414,0.084176,0.123289,0.127796,0.083834,0.057402,0.141422,0.122009,0.065863,0.127795
0.067665,0.095236,0.061221,0.202928,0.094569,0.047537,0.084328,0.076982,0.066615,0.202920
0.040601,0.054567,0.042059,0.191304,0.054099,0.154198,0.117944,0.110894,0.043032,0.191301
0.053719,0.082202,0.066914,0.218744,0.081425,0.050024,0.069238,0.092794,0.066201,0.218740
0.006441,0.011320,0.007511,0.368089,0.011178,0.004465,0.027169,0.187308,0.008406,0.368113
0.113115,0.202589,0.142764,0.052584,0.203776,0.013804,0.017882,0.023585,0.177319,0.052583
0.097465,0.136360,0.078298,0.116868,0.135144,0.035474,0.047757,0.100010,0.135756,0.116868
0.011129,0.018805,0.011035,0.379369,0.018602,0.008129,0.032291,0.126397,0.014857,0.379386
0.002227,0.003491,0.002232,0.075891,0.003455,0.002179,0.017392,0.814477,0.002760,0.075895
0.037592,0.064214,0.043389,0.183338,0.063419,0.144514,0.164511,0.071407,0.044282,0.183333
0.018451,0.027193,0.019544,0.260112,0.027005,0.011919,0.146305,0.205351,0.023999,0.260119
0.067909,0.163436,0.080071,0.146148,0.158608,0.026552,0.036159,0.049205,0.125769,0.146144
0.004185,0.005393,0.003889,0.040998,0.005393,0.003360,0.019060,0.872168,0.004554,0.041000
0.023262,0.041498,0.025778,0.306789,0.041095,0.021143,0.099952,0.104834,0.028861,0.306789
0.055607,0.071270,0.056199,0.073578,0.071050,0.338087,0.146580,0.062767,0.051283,0.073578
0.056993,0.072271,0.056788,0.186279,0.071867,0.048982,0.129325,0.129732,0.061484,0.186279
0.100000,0.100000,0.100000,0.100000,0.100000,0.100000,0.100000,0.100000,0.100000,0.100000
0.082768,0.116088,0.071273,0.143419,0.116255,0.075560,0.064352,0.089719,0.097149,0.143417
0.047448,0.081240,0.050960,0.227311,0.080151,0.079013,0.058418,0.093259,0.054896,0.227303
0.038337,0.071019,0.047121,0.267016,0.070091,0.035631,0.064767,0.089194,0.049814,0.267011
0.066759,0.128742,0.071074,0.184076,0.126793,0.046298,0.049508,0.060715,0.081967,0.184068
0.027443,0.056031,0.029077,0.316945,0.055175,0.020423,0.050940,0.077034,0.050001,0.316930
0.038323,0.068944,0.040167,0.167298,0.067967,0.284589,0.040533,0.071881,0.053003,0.167295
0.141900,0.194279,0.070860,0.101019,0.193091,0.017105,0.030085,0.044807,0.105836,0.101017
0.040864,0.067149,0.040436,0.214129,0.066359,0.183288,0.053281,0.069973,0.050399,0.214123
0.064032,0.117394,0.078907,0.168488,0.115994,0.054417,0.073134,0.079573,0.079574,0.168485
0.100000,0.100000,0.100000,0.100000,0.100000,0.100000,0.100000,0.100000,0.100000,0.100000
0.041297,0.088491,0.040342,0.158275,0.086816,0.295336,0.040848,0.040896,0.049429,0.158269
0.014155,0.029583,0.009353,0.025118,0.028990,0.837392,0.006641,0.009351,0.014301,0.025117
0.093950,0.104040,0.085079,0.097587,0.103474,0.179526,0.073207,0.074274,0.091277,0.097586
0.022898,0.044189,0.028452,0.183243,0.043733,0.349807,0.050871,0.056863,0.036710,0.183235
0.242707,0.170367,0.081942,0.038616,0.178028,0.028570,0.029555,0.031619,0.159981,0.038616
0.078219,0.145987,0.075040,0.178171,0.143760,0.031381,0.036522,0.052752,0.080005,0.178163
0.049782,0.113316,0.176104,0.030586,0.112291,0.404606,0.013155,0.013605,0.055971,0.030585
0.011715,0.017979,0.014804,0.277515,0.017814,0.011569,0.058103,0.297026,0.015947,0.277529
0.041875,0.061586,0.045818,0.169320,0.061060,0.251698,0.072057,0.080712,0.046560,0.169315
0.017050,0.029067,0.022074,0.354534,0.028772,0.046146,0.034624,0.090757,0.022439,0.354538
0.019555,0.030705,0.019120,0.303593,0.030540,0.010430,0.045564,0.215095,0.021790,0.303607
0.049925,0.072858,0.057715,0.218562,0.072073,0.054330,0.089222,0.111680,0.055076,0.218559
0.035311,0.058370,0.036121,0.283487,0.057595,0.029034,0.064856,0.107961,0.043780,0.283485
0.046535,0.065470,0.040352,0.251617,0.065101,0.024794,0.091228,0.114638,0.048645,0.251620
0.058643,0.080395,0.069507,0.202920,0.079812,0.051316,0.079954,0.104613,0.069919,0.202922
0.003701,0.005325,0.003999,0.007470,0.005287,0.953542,0.004577,0.004644,0.003985,0.007470
0.000013,0.000020,0.000012,0.000019,0.000020,0.999856,0.000014,0.000012,0.000014,0.000019
0.002734,0.004002,0.002676,0.004606,0.003958,0.968649,0.003009,0.002729,0.003030,0.004606
0.100000,0.100000,0.100000,0.100000,0.100000,0.100000,0.100000,0.100000,0.100000,0.100000
0.000409,0.000672,0.000376,0.000727,0.000663,0.995198,0.000364,0.000385,0.000479,0.000727
0.091368,0.126087,0.077147,0.130233,0.125149,0.084420,0.057416,0.073890,0.104059,0.130231
0.042229,0.049768,0.039172,0.037804,0.049454,0.629646,0.042400,0.032257,0.039467,0.037804
0.067241,0.114822,0.064248,0.199620,0.113866,0.045418,0.045976,0.065559,0.083634,0.199615
0.002628,0.002835,0.002535,0.002411,0.002823,0.977636,0.002294,0.001993,0.002434,0.002411
0.000188,0.000231,0.000176,0.000232,0.000230,0.998155,0.000193,0.000172,0.000191,0.000232
0.000000,0.000000,0.000000,0.000000,0.000000,0.999998,0.000000,0.000000,0.000000,0.000000
0.006416,0.008217,0.006106,0.008185,0.008160,0.932298,0.008967,0.006378,0.007087,0.008185
0.000332,0.000421,0.000321,0.000428,0.000419,0.996594,0.000378,0.000332,0.000347,0.000428
0.000541,0.000642,0.000484,0.000535,0.000640,0.995171,0.000504,0.000440,0.000508,0.000535
0.060414,0.099626,0.055128,0.237060,0.098400,0.035534,0.050302,0.064867,0.061619,0.237049
0.074784,0.102106,0.074587,0.145677,0.101580,0.066828,0.091613,0.086683,0.110467,0.145675
0.003694,0.004946,0.003530,0.004567,0.004912,0.961708,0.004577,0.003596,0.003903,0.004567
0.041401,0.063830,0.050526,0.106622,0.063232,0.426712,0.042506,0.048843,0.049708,0.106620
0.052922,0.071071,0.059379,0.189315,0.070655,0.071863,0.123864,0.113938,0.057683,0.189310
0.030471,0.040502,0.031972,0.065719,0.040344,0.601935,0.056391,0.035688,0.031260,0.065718
0.027544,0.041968,0.038379,0.205418,0.041594,0.031811,0.065911,0.307725,0.034229,0.205420
0.072703,0.090813,0.065377,0.124315,0.090312,0.078832,0.144730,0.138805,0.069799,0.124315
0.032012,0.051521,0.026206,0.082633,0.051061,0.567235,0.042017,0.032450,0.032234,0.082630
0.187248,0.208108,0.059969,0.072629,0.210969,0.012966,0.016874,0.028734,0.129875,0.072628
0.061915,0.093172,0.070896,0.197962,0.092134,0.068725,0.060970,0.075551,0.080718,0.197957
0.142308,0.223708,0.098194,0.046088,0.222200,0.020092,0.019533,0.022326,0.159462,0.046088
0.244328,0.189007,0.070415,0.052348,0.191620,0.024913,0.023466,0.025709,0.125847,0.052347
0.232065,0.223427,0.081445,0.017400,0.228549,0.014198,0.011518,0.012339,0.161657,0.017400
0.226098,0.214245,0.072896,0.040343,0.214490,0.026959,0.020850,0.024708,0.119069,0.040342
0.032429,0.046543,0.025947,0.131224,0.046081,0.466227,0.045631,0.040686,0.034009,0.131222
0.010988,0.021523,0.009945,0.389915,0.021342,0.018917,0.024705,0.098663,0.014084,0.389917
0.009881,0.014293,0.011303,0.219878,0.014177,0.009242,0.362221,0.127781,0.011340,0.219884
0.172895,0.200769,0.102007,0.056381,0.198009,0.028501,0.025469,0.028092,0.131496,0.056379
0.012490,0.020258,0.013433,0.195229,0.020068,0.009801,0.302075,0.214871,0.016539,0.195237
0.184082,0.177905,0.109605,0.058778,0.179499,0.055799,0.024338,0.029753,0.121463,0.058778
0.019587,0.038630,0.021411,0.381328,0.038066,0.014922,0.026179,0.053070,0.025489,0.381318
0.487262,0.149349,0.054142,0.008129,0.154630,0.005634,0.004868,0.005023,0.122834,0.008129
0.030320,0.046521,0.032963,0.296647,0.046100,0.019824,0.063642,0.128604,0.038738,0.296643
0.010057,0.013472,0.011753,0.087710,0.013390,0.012360,0.120603,0.629756,0.013186,0.087712
0.019471,0.028343,0.019155,0.286051,0.028089,0.022219,0.059239,0.230354,0.021025,0.286055
0.035009,0.054610,0.041135,0.222051,0.053958,0.138629,0.062704,0.131196,0.038662,0.222046
0.005626,0.008787,0.006234,0.115711,0.008702,0.006601,0.028219,0.697462,0.006946,0.115711
0.043416,0.066156,0.050402,0.256799,0.065605,0.041574,0.059771,0.106327,0.053157,0.256793
0.014309,0.024882,0.019477,0.240942,0.024578,0.011307,0.193677,0.209681,0.020197,0.240951
0.021254,0.034652,0.024098,0.297846,0.034266,0.033656,0.058428,0.162811,0.035138,0.297851
0.057585,0.091833,0.072703,0.218601,0.090917,0.039450,0.053286,0.081786,0.075246,0.218594
0.042378,0.064153,0.051738,0.182517,0.063598,0.100469,0.138838,0.127312,0.046483,0.182515
0.050152,0.070952,0.046874,0.129578,0.070552,0.236367,0.144606,0.067344,0.054000,0.129575
0.064446,0.086104,0.063915,0.185669,0.085400,0.070105,0.083607,0.104759,0.070328,0.185667
0.044198,0.067631,0.046542,0.180650,0.066916,0.197007,0.107793,0.059618,0.049002,0.180643
0.097086,0.288456,0.061112,0.022570,0.268755,0.013851,0.009777,0.011554,0.204269,0.022570
0.001305,0.001976,0.001065,0.001287,0.001964,0.988042,0.000916,0.000747,0.001412,0.001287
0.040403,0.057915,0.044058,0.171277,0.057400,0.055047,0.114409,0.239083,0.049131,0.171278
0.124569,0.127565,0.381171,0.008379,0.131202,0.005925,0.005165,0.005477,0.202167,0.008379
0.065215,0.101444,0.082636,0.190764,0.100593,0.055541,0.058850,0.079841,0.074354,0.190761
0.083946,0.108436,0.097952,0.124657,0.107985,0.079207,0.094733,0.086667,0.091762,0.124655
0.002816,0.004440,0.003425,0.032968,0.004417,0.002519,0.732784,0.179569,0.004093,0.032968
0.062268,0.092869,0.055870,0.170487,0.092142,0.148145,0.056899,0.084415,0.066423,0.170482
0.004315,0.008553,0.005743,0.429587,0.008419,0.003488,0.015527,0.088414,0.006349,0.429605
0.041679,0.072382,0.046518,0.287559,0.071327,0.027692,0.045958,0.062143,0.057199,0.287542
0.037603,0.066592,0.039884,0.281965,0.065567,0.033736,0.068793,0.078557,0.045348,0.281957
0.000106,0.000157,0.000090,0.000127,0.000156,0.998973,0.000084,0.000077,0.000103,0.000127
0.160125,0.222533,0.123017,0.028401,0.224800,0.010848,0.013683,0.015527,0.172665,0.028401
0.062250,0.078699,0.062612,0.178189,0.078366,0.074525,0.094677,0.126620,0.065875,0.178187
0.005570,0.009821,0.004424,0.006803,0.009689,0.942290,0.004344,0.004191,0.006064,0.006803
0.003225,0.005042,0.003085,0.005500,0.004984,0.962444,0.003446,0.003130,0.003646,0.005500
0.003102,0.004185,0.003230,0.028486,0.004156,0.010336,0.711484,0.202961,0.003573,0.028487
0.070078,0.123616,0.064177,0.179906,0.121812,0.055067,0.057234,0.072553,0.075660,0.179898
0.188938,0.199611,0.124934,0.037773,0.201191,0.031520,0.026798,0.031515,0.119948,0.037772
0.026617,0.039905,0.028399,0.294775,0.039522,0.017642,0.050301,0.176042,0.032018,0.294779
0.030408,0.042670,0.031581,0.211709,0.042327,0.023403,0.134687,0.238536,0.032962,0.211717
0.293784,0.197875,0.057079,0.028840,0.204651,0.005703,0.009711,0.019484,0.154033,0.028840
0.046792,0.072956,0.041917,0.260435,0.072141,0.027594,0.049282,0.114640,0.053813,0.260431
0.028962,0.051253,0.025946,0.328103,0.050976,0.012866,0.032839,0.097748,0.043204,0.328103
0.009551,0.016741,0.011212,0.371309,0.016533,0.007276,0.032864,0.150239,0.012953,0.371322
0.002553,0.003637,0.002740,0.050951,0.003610,0.003210,0.084514,0.794843,0.002989,0.050954
0.048279,0.080435,0.053710,0.261941,0.079602,0.028578,0.056484,0.065968,0.063075,0.261929
0.010392,0.014337,0.010885,0.101693,0.014222,0.012392,0.358463,0.364242,0.011676,0.101698
0.431040,0.174379,0.043489,0.015025,0.179762,0.011573,0.010891,0.010856,0.107960,0.015025
0.061130,0.078830,0.089430,0.182110,0.078403,0.066269,0.087288,0.100638,0.073796,0.182107
0.028507,0.035905,0.031314,0.160083,0.035759,0.027447,0.210068,0.279582,0.031250,0.160087
0.012426,0.019068,0.012562,0.163749,0.018870,0.010797,0.050896,0.533877,0.013997,0.163758
0.363332,0.160049,0.054890,0.022547,0.165838,0.059626,0.017015,0.017435,0.116723,0.022547
0.007542,0.012781,0.008314,0.253675,0.012634,0.007707,0.032679,0.402024,0.008958,0.253687
0.045774,0.066396,0.045866,0.218357,0.065853,0.036637,0.119553,0.131500,0.051704,0.218360
0.011714,0.016154,0.012611,0.098010,0.016057,0.008812,0.628981,0.093598,0.016054,0.098011
0.174817,0.198173,0.107191,0.024242,0.200970,0.009734,0.009326,0.011548,0.239757,0.024242
0.299888,0.214114,0.063986,0.017548,0.219293,0.010074,0.010220,0.010544,0.136786,0.017547
0.132209,0.189919,0.086954,0.027290,0.191207,0.012218,0.012545,0.015793,0.304574,0.027290
0.395707,0.191864,0.077789,0.011007,0.196802,0.004289,0.004390,0.005175,0.101972,0.011006
0.004473,0.005981,0.005042,0.056186,0.005948,0.003798,0.755064,0.102468,0.004854,0.056188
0.057520,0.155878,0.387559,0.046705,0.154317,0.007976,0.013124,0.015008,0.115211,0.046703
0.057111,0.135548,0.361471,0.061409,0.135819,0.008988,0.018030,0.031086,0.129130,0.061409
0.110062,0.246789,0.066281,0.035851,0.245097,0.018384,0.016982,0.019589,0.205115,0.035851
0.091919,0.205109,0.200690,0.009017,0.209086,0.004434,0.004870,0.004983,0.260875,0.009017
0.318662,0.206314,0.050591,0.024804,0.215004,0.015515,0.011468,0.012864,0.119974,0.024804
0.109058,0.220229,0.095236,0.075246,0.214274,0.018767,0.028351,0.059108,0.104486,0.075245
0.120971,0.193929,0.077157,0.042083,0.189016,0.049542,0.034762,0.033385,0.217072,0.042083
0.043739,0.114465,0.503310,0.019204,0.113954,0.010144,0.008997,0.009577,0.157406,0.019204
0.001507,0.002001,0.001588,0.021941,0.001989,0.001316,0.860374,0.085596,0.001746,0.021942
0.005508,0.007767,0.005449,0.068784,0.007735,0.003709,0.742987,0.083194,0.006080,0.068787
0.001098,0.001711,0.001233,0.048230,0.001695,0.001090,0.048608,0.846761,0.001341,0.048233
0.131694,0.223743,0.062147,0.083480,0.222689,0.029799,0.024497,0.040288,0.098182,0.083480
0.009403,0.014233,0.008874,0.158515,0.014122,0.008130,0.280651,0.336684,0.010865,0.158523
0.021269,0.035693,0.023858,0.318958,0.035319,0.014096,0.086186,0.118079,0.027586,0.318955
0.022566,0.038152,0.024152,0.304173,0.037678,0.017952,0.065021,0.148833,0.037287,0.304186
0.142004,0.199466,0.096833,0.058995,0.194991,0.025422,0.036119,0.035311,0.151865,0.058994
0.152492,0.210856,0.088522,0.039223,0.204670,0.035001,0.033091,0.033607,0.163314,0.039223
0.100000,0.100000,0.100000,0.100000,0.100000,0.100000,0.100000,0.100000,0.100000,0.100000
0.077691,0.156599,0.410109,0.032153,0.157148,0.009152,0.011132,0.014063,0.099799,0.032153
0.102022,0.201114,0.074577,0.071006,0.195882,0.101175,0.020657,0.025950,0.136612,0.071005
0.089337,0.173329,0.052611,0.135856,0.174241,0.022073,0.028348,0.042688,0.145666,0.135851
0.073458,0.159198,0.368416,0.025206,0.160758,0.010110,0.010308,0.011828,0.155510,0.025206
0.000203,0.000287,0.000171,0.000246,0.000285,0.998014,0.000181,0.000161,0.000208,0.000246
0.003739,0.005406,0.005937,0.005490,0.005382,0.954557,0.005000,0.003832,0.005167,0.005490
0.000463,0.000609,0.000408,0.000497,0.000604,0.995714,0.000384,0.000360,0.000464,0.000497
0.078269,0.121013,0.096887,0.105455,0.120833,0.178809,0.043041,0.052651,0.097590,0.105453
0.295504,0.215523,0.048603,0.015526,0.214137,0.025166,0.008600,0.009576,0.151840,0.015525
0.006632,0.010184,0.006696,0.018013,0.010097,0.889571,0.012542,0.020811,0.007439,0.018013
0.000303,0.000371,0.000253,0.000314,0.000369,0.997307,0.000244,0.000236,0.000288,0.000314
0.001114,0.001528,0.001053,0.001376,0.001512,0.989006,0.000962,0.000969,0.001104,0.001376
0.001597,0.001731,0.001559,0.001718,0.001726,0.984821,0.002064,0.001514,0.001552,0.001718
0.022119,0.030580,0.017658,0.025716,0.030357,0.776215,0.022782,0.026767,0.022090,0.025716
0.005034,0.007021,0.004553,0.007382,0.006971,0.947169,0.004905,0.004552,0.005031,0.007382
0.007031,0.010468,0.006542,0.008665,0.010357,0.926901,0.007698,0.006527,0.007145,0.008665
0.001297,0.002040,0.001276,0.002373,0.002017,0.984159,0.001637,0.001395,0.001435,0.002373
0.004008,0.006027,0.003341,0.005895,0.005952,0.956748,0.003965,0.004216,0.003953,0.005895
0.063980,0.077107,0.067078,0.069479,0.076906,0.394001,0.057507,0.059245,0.065218,0.069479
0.017903,0.028905,0.016333,0.028301,0.028563,0.799452,0.015028,0.016892,0.020322,0.028301
0.001111,0.001624,0.001023,0.001470,0.001613,0.988528,0.000956,0.001029,0.001177,0.001470
0.020446,0.033748,0.017699,0.335419,0.033293,0.012056,0.039384,0.145357,0.027174,0.335424
0.005877,0.007355,0.005553,0.013234,0.007312,0.907310,0.011572,0.022701,0.005853,0.013234
0.003315,0.004875,0.003551,0.067920,0.004834,0.011659,0.308694,0.523604,0.003627,0.067922
0.009051,0.019148,0.010735,0.390058,0.018901,0.010178,0.027892,0.105882,0.018079,0.390075
0.008814,0.015578,0.009710,0.222818,0.015370,0.006937,0.181951,0.302404,0.013593,0.222826
0.017613,0.025161,0.020254,0.177216,0.024964,0.019823,0.303380,0.213373,0.020994,0.177222
0.009277,0.018740,0.010882,0.418577,0.018446,0.006437,0.022822,0.060209,0.016049,0.418562
0.081524,0.167391,0.368249,0.032719,0.163457,0.006891,0.008736,0.015312,0.123002,0.032719
0.160763,0.291852,0.087906,0.012439,0.279623,0.008892,0.007049,0.007874,0.131162,0.012439
0.013534,0.021496,0.015278,0.242470,0.021298,0.011808,0.114850,0.298496,0.018290,0.242479
0.145843,0.173338,0.193426,0.003524,0.182628,0.001643,0.001731,0.001959,0.292383,0.003524
0.010233,0.018296,0.011265,0.354079,0.018006,0.009698,0.033095,0.177689,0.013544,0.354094
0.140028,0.152202,0.278909,0.034741,0.155436,0.014582,0.018729,0.019359,0.151274,0.034740
0.635730,0.115805,0.025127,0.009131,0.120168,0.005475,0.006318,0.006692,0.066422,0.009131
0.031450,0.054972,0.035898,0.288606,0.054366,0.082542,0.050739,0.075005,0.037830,0.288593
0.080999,0.098434,0.073475,0.193653,0.097803,0.048999,0.063459,0.077616,0.071914,0.193648
0.033356,0.051295,0.039789,0.272199,0.050756,0.034893,0.103081,0.103559,0.038878,0.272194
0.016360,0.029098,0.025250,0.150860,0.028736,0.019721,0.038100,0.516651,0.024365,0.150858
0.045328,0.080413,0.048845,0.252442,0.079426,0.028285,0.054626,0.081844,0.076357,0.252434
0.045083,0.075766,0.044815,0.265314,0.074851,0.040515,0.052596,0.070456,0.065302,0.265303
0.155984,0.312475,0.070792,0.010000,0.298492,0.005094,0.004953,0.005897,0.126314,0.010000
0.045060,0.066675,0.040633,0.249989,0.066201,0.042531,0.064529,0.087624,0.086778,0.249980
0.089554,0.093128,0.089527,0.123294,0.093039,0.090062,0.103713,0.102421,0.091969,0.123293
0.027013,0.053864,0.034785,0.316526,0.052996,0.024242,0.044475,0.066429,0.063162,0.316508
0.052244,0.079662,0.052745,0.223921,0.079165,0.048035,0.066306,0.070563,0.103448,0.223910
0.021618,0.030284,0.025934,0.106220,0.030034,0.101360,0.047092,0.507407,0.023832,0.106219
0.069939,0.095625,0.062339,0.179071,0.095081,0.064352,0.073131,0.078398,0.102998,0.179066
0.024203,0.041386,0.035830,0.235647,0.040854,0.025406,0.091479,0.240231,0.029313,0.235652
0.040596,0.064389,0.041425,0.273848,0.063947,0.040358,0.050305,0.076739,0.074553,0.273839
0.009626,0.013301,0.009724,0.080750,0.013218,0.008928,0.544332,0.228875,0.010492,0.080754
0.057585,0.091833,0.072703,0.218601,0.090917,0.039450,0.053286,0.081786,0.075246,0.218594
0.093774,0.131939,0.084417,0.147580,0.131371,0.048916,0.053108,0.066888,0.094431,0.147575
0.026976,0.037396,0.024152,0.046586,0.037168,0.693385,0.032639,0.027028,0.028086,0.046585
0.039578,0.065157,0.037626,0.235655,0.064555,0.025829,0.056488,0.179128,0.060330,0.235653
0.041679,0.072382,0.046518,0.287559,0.071327,0.027692,0.045958,0.062143,0.057199,0.287542
0.052948,0.094670,0.063083,0.237325,0.093741,0.032172,0.057180,0.068156,0.063412,0.237315
0.051409,0.084169,0.067177,0.234105,0.083357,0.034755,0.070550,0.077619,0.062759,0.234100
0.038620,0.058985,0.040824,0.280247,0.058312,0.032529,0.053457,0.099914,0.056873,0.280239
0.084616,0.111889,0.083380,0.123935,0.111623,0.076065,0.075908,0.094948,0.113702,0.123935
0.057400,0.078429,0.056483,0.055168,0.077937,0.476284,0.041551,0.046593,0.054987,0.055168
0.115860,0.124757,0.101598,0.086061,0.125041,0.088036,0.075684,0.077005,0.119897,0.086061
0.097668,0.123000,0.080405,0.124337,0.122192,0.080225,0.068383,0.086339,0.093114,0.124336
0.100000,0.100000,0.100000,0.100000,0.100000,0.100000,0.100000,0.100000,0.100000,0.100000
0.105106,0.130491,0.088592,0.112151,0.129914,0.069144,0.064826,0.077763,0.109865,0.112149
0.007070,0.012196,0.008573,0.269202,0.012030,0.005274,0.289273,0.118613,0.008564,0.269205
0.042270,0.074708,0.055084,0.262259,0.073665,0.024636,0.069493,0.075321,0.060314,0.262250
0.084243,0.111032,0.067250,0.128295,0.110458,0.062539,0.073807,0.146235,0.087846,0.128295
0.078424,0.109844,0.078879,0.154818,0.109261,0.048413,0.062327,0.091136,0.112081,0.154817
0.060732,0.079160,0.056413,0.206904,0.078748,0.041582,0.096216,0.112159,0.061186,0.206902
0.060516,0.090071,0.073692,0.202825,0.089299,0.063205,0.061778,0.082499,0.073292,0.202821
0.036469,0.063907,0.042328,0.229914,0.063063,0.160556,0.050907,0.075342,0.047607,0.229908
0.025575,0.046380,0.038217,0.322210,0.045724,0.020027,0.066679,0.077357,0.035628,0.322203
0.026958,0.059156,0.031002,0.309624,0.058009,0.085066,0.030289,0.051237,0.039047,0.309610
0.038774,0.064628,0.043993,0.291560,0.063946,0.036547,0.045749,0.070377,0.052873,0.291554
0.026907,0.037545,0.031074,0.178634,0.037304,0.020452,0.369896,0.088571,0.030988,0.178630
0.020730,0.038964,0.021327,0.314063,0.038336,0.074656,0.055458,0.089884,0.032520,0.314062
0.076049,0.108842,0.068631,0.184763,0.108031,0.045490,0.066139,0.082501,0.074794,0.184760
0.100000,0.100000,0.100000,0.100000,0.100000,0.100000,0.100000,0.100000,0.100000,0.100000
0.051409,0.084169,0.067177,0.234105,0.083357,0.034755,0.070550,0.077619,0.062759,0.234100
0.010249,0.016244,0.012615,0.237934,0.016075,0.011804,0.035977,0.407900,0.013260,0.237941
0.025786,0.038953,0.041988,0.287991,0.038630,0.018450,0.072504,0.157670,0.030036,0.287992
0.035912,0.068317,0.052609,0.276023,0.067438,0.024473,0.053070,0.099192,0.046941,0.276024
0.035582,0.058000,0.037337,0.294875,0.057603,0.020421,0.057856,0.093269,0.050187,0.294870
0.052948,0.094670,0.063083,0.237325,0.093741,0.032172,0.057180,0.068156,0.063412,0.237315
0.032636,0.049271,0.033029,0.313014,0.048999,0.012800,0.057032,0.102858,0.037333,0.313028
0.018999,0.029624,0.028091,0.257776,0.029327,0.014688,0.106104,0.236072,0.021534,0.257785
0.015639,0.021696,0.016440,0.121867,0.021522,0.016868,0.475205,0.170381,0.018511,0.121871
0.009286,0.016716,0.010062,0.400738,0.016502,0.006153,0.023502,0.102924,0.013359,0.400757
0.032456,0.048637,0.032291,0.198187,0.048176,0.030058,0.259700,0.112939,0.039369,0.198189
0.005912,0.010205,0.007227,0.293166,0.010060,0.005555,0.034899,0.331806,0.007984,0.293187
0.019127,0.029781,0.022288,0.265115,0.029450,0.016845,0.065450,0.263323,0.023498,0.265123
0.067590,0.102137,0.067896,0.182368,0.101309,0.042462,0.085389,0.089841,0.078644,0.182365
0.248733,0.199567,0.046064,0.012552,0.205532,0.034814,0.008344,0.008528,0.223315,0.012551
0.279340,0.192910,0.079670,0.036613,0.198287,0.016286,0.018038,0.020282,0.121961,0.036612
0.000847,0.001396,0.001026,0.020183,0.001382,0.002241,0.641804,0.309915,0.001022,0.020184
0.007903,0.011865,0.009303,0.190542,0.011778,0.005676,0.033226,0.529320,0.009836,0.190551
0.030300,0.038793,0.015868,0.005246,0.038314,0.003541,0.002994,0.003063,0.856636,0.005246
0.004310,0.005709,0.005153,0.030506,0.005703,0.002827,0.314455,0.596125,0.004704,0.030508
0.013688,0.024563,0.017191,0.333269,0.024229,0.009932,0.086835,0.138713,0.018302,0.333278
0.086519,0.132521,0.104917,0.109491,0.130851,0.051877,0.082779,0.066282,0.125273,0.109490
0.144120,0.154611,0.321235,0.030487,0.156684,0.012226,0.013787,0.016863,0.119500,0.030487
0.164633,0.213816,0.129183,0.022785,0.219203,0.006794,0.010315,0.010474,0.200013,0.022784
0.003172,0.004351,0.003400,0.041311,0.004325,0.002939,0.842100,0.053104,0.003985,0.041314
0.224001,0.180789,0.079695,0.023151,0.184145,0.024107,0.018978,0.016902,0.225082,0.023151
0.004413,0.006585,0.004010,0.035428,0.006561,0.007139,0.870859,0.024840,0.004737,0.035428
0.010418,0.014095,0.010143,0.012448,0.014025,0.898827,0.008892,0.008131,0.010575,0.012447
0.015903,0.024206,0.021398,0.326705,0.024002,0.012958,0.056551,0.169937,0.021628,0.326712
0.447636,0.181828,0.050849,0.008001,0.191009,0.005293,0.005322,0.005808,0.096252,0.008001
0.032755,0.043127,0.027021,0.248295,0.042852,0.024456,0.140299,0.159680,0.033218,0.248297
0.013198,0.018505,0.012764,0.236170,0.018324,0.009890,0.061334,0.379999,0.013625,0.236191
0.025746,0.039671,0.027798,0.290929,0.039353,0.066497,0.057222,0.128350,0.033498,0.290934
0.202296,0.216969,0.061181,0.041985,0.219115,0.020987,0.020882,0.021544,0.153057,0.041984
0.011697,0.019629,0.012277,0.177519,0.019405,0.011623,0.033299,0.522146,0.014885,0.177521
0.470374,0.148187,0.022576,0.006667,0.152882,0.002584,0.003368,0.003523,0.183172,0.006667
0.008992,0.014244,0.010796,0.302229,0.014069,0.007930,0.051558,0.277176,0.010761,0.302246
0.044104,0.062138,0.079422,0.210774,0.061721,0.033296,0.077029,0.168431,0.052307,0.210779
0.252418,0.212079,0.097311,0.026145,0.216301,0.013151,0.014486,0.018438,0.123525,0.026145
0.563422,0.144684,0.033380,0.010305,0.148949,0.005759,0.005928,0.006260,0.071008,0.010305
0.118583,0.130824,0.392112,0.023373,0.133241,0.010735,0.011930,0.012700,0.143130,0.023373
0.010424,0.016568,0.012571,0.234993,0.016365,0.010824,0.060078,0.390876,0.012291,0.235012
0.485516,0.151401,0.034494,0.029709,0.155077,0.008474,0.010466,0.012222,0.082933,0.029708
0.117871,0.188099,0.300714,0.015449,0.191679,0.005096,0.007032,0.013861,0.144750,0.015449
0.031880,0.044444,0.029742,0.299430,0.044187,0.026717,0.056758,0.134863,0.032544,0.299436
0.010249,0.016244,0.012615,0.237934,0.016075,0.011804,0.035977,0.407900,0.013260,0.237941
0.004170,0.005816,0.004609,0.030590,0.005768,0.007384,0.875805,0.030745,0.004522,0.030591
0.007259,0.010733,0.008392,0.099679,0.010680,0.007521,0.026591,0.719265,0.010197,0.099683
0.024721,0.044493,0.025614,0.240785,0.043864,0.069658,0.042338,0.232930,0.034813,0.240784
0.341604,0.191704,0.112455,0.016104,0.198521,0.004991,0.007198,0.007656,0.103663,0.016104
0.000795,0.001106,0.000791,0.019719,0.001096,0.000789,0.004615,0.950453,0.000914,0.019721
0.015374,0.026121,0.015635,0.321174,0.025807,0.009787,0.041569,0.204355,0.018994,0.321185
0.008899,0.014810,0.010501,0.230578,0.014611,0.018409,0.043143,0.417447,0.011007,0.230595
0.046903,0.069524,0.038808,0.225978,0.068962,0.060885,0.079666,0.133624,0.049674,0.225976
0.083227,0.129160,0.113997,0.154970,0.127755,0.047114,0.046334,0.059132,0.083345,0.154966
0.021575,0.033957,0.020735,0.137249,0.033680,0.014421,0.032013,0.545565,0.023553,0.137253
0.059997,0.102228,0.054608,0.243475,0.100694,0.026509,0.049299,0.056546,0.063178,0.243466
0.027049,0.046273,0.029622,0.312250,0.045714,0.018490,0.048130,0.125881,0.034335,0.312257
0.021058,0.030543,0.021968,0.155703,0.030324,0.283656,0.058835,0.218807,0.023401,0.155705
0.107877,0.124072,0.156641,0.095843,0.123923,0.066430,0.061596,0.067728,0.100048,0.095842
0.033612,0.047386,0.032135,0.225258,0.047030,0.028632,0.168338,0.152410,0.039938,0.225262
0.041457,0.068038,0.050696,0.252303,0.067471,0.023632,0.059803,0.125258,0.059031,0.252309
0.139754,0.181749,0.101254,0.077553,0.181150,0.033448,0.050555,0.051718,0.105267,0.077552
0.023533,0.044200,0.024732,0.325199,0.043819,0.025655,0.044894,0.106022,0.036742,0.325205
0.754443,0.077504,0.022350,0.003101,0.080688,0.002401,0.002207,0.002349,0.051856,0.003101
0.227572,0.231661,0.062888,0.021682,0.234942,0.023698,0.009844,0.011122,0.154908,0.021682
0.039886,0.056822,0.040000,0.218150,0.056442,0.028386,0.088010,0.204170,0.049983,0.218151
0.103962,0.160324,0.059280,0.100864,0.162348,0.015377,0.032787,0.036979,0.227217,0.100861
0.010108,0.018881,0.014680,0.129336,0.018632,0.014960,0.576858,0.069481,0.017727,0.129337
0.079954,0.122386,0.071681,0.175678,0.121010,0.052042,0.055510,0.062693,0.083373,0.175673
0.032429,0.046543,0.025947,0.131224,0.046081,0.466227,0.045631,0.040686,0.034009,0.131222
0.105826,0.196602,0.078138,0.116560,0.193082,0.025582,0.031937,0.038941,0.096775,0.116557
0.056330,0.067784,0.054486,0.182276,0.067747,0.038216,0.112130,0.181488,0.057262,0.182279
0.030999,0.049247,0.036892,0.149624,0.049043,0.021014,0.079334,0.389774,0.044449,0.149625
0.006635,0.010015,0.007068,0.082529,0.009949,0.007598,0.023212,0.762231,0.008231,0.082533
0.008044,0.014416,0.024373,0.085738,0.014291,0.004999,0.629063,0.123158,0.010179,0.085740
0.049830,0.083299,0.060669,0.214705,0.082404,0.054801,0.066808,0.095645,0.077145,0.214695
0.686461,0.109113,0.021003,0.004215,0.114191,0.002411,0.002603,0.002747,0.053041,0.004215
0.007024,0.011492,0.008178,0.301606,0.011355,0.005226,0.041624,0.303465,0.008406,0.301625
0.050355,0.076375,0.049761,0.171456,0.075908,0.077979,0.182449,0.094233,0.050032,0.171453
0.350885,0.197088,0.060960,0.014983,0.203681,0.009676,0.009252,0.010117,0.128377,0.014983
0.019196,0.033945,0.020564,0.132054,0.033502,0.042817,0.038468,0.522729,0.024671,0.132056
0.021874,0.041356,0.034521,0.305737,0.040826,0.029809,0.040867,0.150234,0.029029,0.305747
0.107460,0.230541,0.186291,0.008671,0.224639,0.004659,0.004399,0.005014,0.219653,0.008671
0.018700,0.028518,0.022508,0.301095,0.028246,0.015743,0.062828,0.196474,0.024781,0.301107
0.263596,0.195443,0.170284,0.008582,0.202320,0.003503,0.003776,0.003855,0.140058,0.008582
0.230520,0.223329,0.061246,0.021177,0.228663,0.012270,0.011688,0.013362,0.176568,0.021177
0.018189,0.027516,0.020951,0.307066,0.027265,0.018918,0.076740,0.171573,0.024711,0.307070
0.375566,0.186054,0.066862,0.015688,0.192795,0.012580,0.011392,0.011984,0.111392,0.015688
0.134218,0.214841,0.234953,0.015758,0.213557,0.007689,0.008565,0.008781,0.145880,0.015757
0.044589,0.060213,0.051803,0.217603,0.059900,0.046844,0.098795,0.153937,0.048710,0.217607
0.637614,0.108109,0.053090,0.006005,0.111890,0.003564,0.003980,0.004137,0.065606,0.006005
0.041679,0.072382,0.046518,0.287559,0.071327,0.027692,0.045958,0.062143,0.057199,0.287542
0.016977,0.024865,0.020948,0.261731,0.024652,0.012792,0.064381,0.291856,0.020050,0.261748
0.094359,0.200009,0.142204,0.020217,0.203291,0.009676,0.009095,0.009555,0.291377,0.020216
0.047456,0.089751,0.061239,0.153191,0.087204,0.026866,0.070556,0.235244,0.075300,0.153193
0.006934,0.011475,0.007981,0.375928,0.011334,0.005899,0.041259,0.154741,0.008499,0.375952
0.014293,0.019757,0.015980,0.114874,0.019676,0.010890,0.573474,0.096908,0.019273,0.114875
0.135054,0.183247,0.238457,0.032283,0.180448,0.029983,0.025314,0.024084,0.118847,0.032283
0.021884,0.030652,0.024188,0.151988,0.030429,0.019918,0.122202,0.423357,0.023390,0.151991
0.020850,0.026528,0.022252,0.094294,0.026374,0.022067,0.442293,0.227753,0.023295,0.094295
0.044758,0.049985,0.046388,0.236352,0.049852,0.047394,0.091774,0.149104,0.048036,0.236357
0.005036,0.007251,0.005194,0.067872,0.007185,0.004997,0.018682,0.810352,0.005557,0.067875
0.099683,0.133996,0.134478,0.112975,0.133147,0.058013,0.057170,0.060151,0.097415,0.112972
0.068035,0.083277,0.062802,0.178814,0.083010,0.047033,0.095581,0.124235,0.078400,0.178812
0.009500,0.016743,0.011486,0.194705,0.016559,0.006772,0.153193,0.384730,0.011596,0.194715
0.025329,0.034903,0.025046,0.185832,0.034753,0.021312,0.252979,0.197351,0.036658,0.185837
0.067590,0.102137,0.067896,0.182368,0.101309,0.042462,0.085389,0.089841,0.078644,0.182365
0.005388,0.008293,0.006431,0.247976,0.008210,0.005413,0.045695,0.417705,0.006899,0.247990
0.003172,0.004351,0.003400,0.041311,0.004325,0.002939,0.842100,0.053104,0.003985,0.041314
0.041848,0.071245,0.036935,0.261129,0.070342,0.029984,0.091724,0.074434,0.061241,0.261117
0.067779,0.101289,0.111916,0.136101,0.100633,0.064638,0.074375,0.114415,0.092754,0.136100
0.018997,0.028236,0.022506,0.140901,0.027982,0.037978,0.484268,0.073354,0.024877,0.140900
0.015198,0.022231,0.017508,0.321422,0.022071,0.011949,0.127893,0.122275,0.018030,0.321425
0.028725,0.046732,0.035998,0.156483,0.046287,0.064082,0.292740,0.137320,0.035149,0.156485
0.019127,0.029781,0.022288,0.265115,0.029450,0.016845,0.065450,0.263323,0.023498,0.265123
0.013246,0.020747,0.014037,0.377850,0.020531,0.013147,0.047856,0.098820,0.015924,0.377844
0.015961,0.026510,0.016250,0.367239,0.026224,0.013399,0.031616,0.115256,0.020301,0.367243
0.026410,0.047155,0.034662,0.288751,0.046596,0.019971,0.077299,0.123040,0.047369,0.288746
0.022914,0.039580,0.027323,0.301019,0.039199,0.015212,0.058588,0.166743,0.028395,0.301026
0.003102,0.004185,0.003230,0.028486,0.004156,0.010336,0.711484,0.202961,0.003573,0.028487
0.102395,0.168435,0.113337,0.093687,0.169986,0.024873,0.036890,0.050390,0.146321,0.093687
0.021931,0.034726,0.026244,0.295284,0.034400,0.015940,0.057760,0.187529,0.030893,0.295293
0.001204,0.001909,0.001459,0.034475,0.001889,0.001267,0.397325,0.524576,0.001419,0.034476
0.008231,0.011664,0.009710,0.050557,0.011578,0.007548,0.056117,0.784776,0.009259,0.050559
0.011996,0.020179,0.014212,0.262573,0.019898,0.013526,0.091191,0.287837,0.016009,0.262580
0.029204,0.047647,0.029239,0.262882,0.046972,0.026939,0.063484,0.193552,0.037200,0.262881
0.046792,0.072956,0.041917,0.260435,0.072141,0.027594,0.049282,0.114640,0.053813,0.260431
0.018517,0.025933,0.022710,0.209234,0.025776,0.020140,0.065313,0.381517,0.021619,0.209241
0.023293,0.034467,0.027657,0.241752,0.034127,0.021710,0.221029,0.126111,0.028103,0.241750
0.055732,0.079923,0.052319,0.192670,0.079391,0.047519,0.140941,0.096826,0.062015,0.192664
0.013101,0.025543,0.017757,0.298599,0.025154,0.051840,0.090895,0.159612,0.018893,0.298606
0.003827,0.008115,0.004713,0.240531,0.008007,0.002843,0.022913,0.461926,0.006585,0.240541
0.006352,0.007086,0.006637,0.023845,0.007073,0.006477,0.032173,0.879216,0.007293,0.023846
0.037662,0.042323,0.060907,0.072831,0.042236,0.034390,0.076634,0.522893,0.037293,0.072833
0.028644,0.032980,0.046766,0.047415,0.032884,0.022176,0.661070,0.052997,0.027653,0.047415
0.021775,0.025515,0.023219,0.085515,0.025421,0.021635,0.055127,0.633878,0.022397,0.085517
0.042415,0.053547,0.054370,0.061700,0.053312,0.094621,0.471982,0.064408,0.041945,0.061700
0.010691,0.012464,0.012281,0.042445,0.012427,0.010537,0.083504,0.763112,0.010092,0.042447
0.009585,0.010202,0.010162,0.013797,0.010196,0.009569,0.894345,0.018861,0.009487,0.013797
0.010797,0.011672,0.011160,0.014692,0.011668,0.009243,0.888561,0.016837,0.010676,0.014692
0.009520,0.012057,0.012306,0.036919,0.012008,0.012502,0.045864,0.811493,0.010410,0.036920
0.008584,0.009313,0.008838,0.023226,0.009303,0.008791,0.030117,0.870059,0.008542,0.023227
0.022452,0.025946,0.023789,0.031855,0.025870,0.042561,0.728167,0.044594,0.022911,0.031855
0.013321,0.015506,0.013680,0.024684,0.015470,0.013689,0.837860,0.027780,0.013326,0.024684
0.002091,0.002614,0.002339,0.005409,0.002602,0.002284,0.969691,0.005303,0.002258,0.005409
0.002528,0.003023,0.002643,0.006070,0.003011,0.003320,0.963082,0.007604,0.002647,0.006070
0.018638,0.023893,0.017234,0.047014,0.023756,0.018262,0.751469,0.033757,0.018965,0.047013
0.007947,0.010011,0.009141,0.047642,0.009966,0.006136,0.808452,0.044033,0.009029,0.047643
0.005485,0.006566,0.009250,0.008642,0.006546,0.016104,0.921705,0.011584,0.005478,0.008642
0.031391,0.035824,0.034468,0.098947,0.035714,0.039333,0.098546,0.494193,0.032633,0.098950
0.001779,0.001981,0.001781,0.003126,0.001975,0.008378,0.972060,0.003928,0.001866,0.003126
0.003725,0.004583,0.003942,0.007379,0.004566,0.004850,0.949372,0.008836,0.005370,0.007379
0.002082,0.002645,0.002341,0.005698,0.002633,0.003207,0.967025,0.006265,0.002406,0.005698
0.035418,0.042840,0.029527,0.057347,0.042749,0.033606,0.621358,0.047753,0.032055,0.057347
0.036211,0.036979,0.038144,0.034424,0.037042,0.034157,0.671466,0.038539,0.038614,0.034424
0.039843,0.053294,0.032739,0.063737,0.053035,0.045363,0.561732,0.049074,0.037445,0.063736
0.059999,0.072412,0.150148,0.074401,0.072170,0.070967,0.290336,0.072088,0.063079,0.074400
0.026441,0.036657,0.026730,0.246462,0.036408,0.025065,0.080349,0.246969,0.028448,0.246471
0.005799,0.006962,0.009915,0.009037,0.006941,0.017534,0.917042,0.011946,0.005787,0.009037
0.015194,0.018374,0.016156,0.070921,0.018307,0.015392,0.084075,0.674573,0.016085,0.070923
0.061222,0.074173,0.090707,0.083458,0.073928,0.153384,0.238166,0.079657,0.061847,0.083457
0.002285,0.002776,0.002779,0.006033,0.002764,0.003325,0.964630,0.006785,0.002591,0.006033
0.076136,0.093312,0.083147,0.133969,0.092880,0.081980,0.096851,0.089632,0.118126,0.133967
0.039807,0.064751,0.039731,0.228327,0.064133,0.027951,0.060891,0.183368,0.062710,0.228330
0.011066,0.019744,0.011857,0.334101,0.019494,0.008233,0.039785,0.207826,0.013783,0.334110
0.009358,0.012130,0.010197,0.086901,0.012077,0.009868,0.355343,0.407190,0.010031,0.086906
0.008729,0.014129,0.010528,0.144586,0.014003,0.006338,0.305002,0.341898,0.010192,0.144595
0.012475,0.018545,0.020054,0.070761,0.018393,0.012160,0.441227,0.320684,0.014939,0.070761
0.013797,0.022419,0.014384,0.298987,0.022082,0.010288,0.064793,0.238491,0.015750,0.299009
0.007562,0.011405,0.008834,0.075751,0.011295,0.008893,0.466623,0.325454,0.008432,0.075752
0.029795,0.042200,0.029411,0.214924,0.041807,0.029403,0.076162,0.288145,0.033218,0.214934
0.013937,0.025168,0.014452,0.364957,0.024803,0.012816,0.036977,0.125487,0.016443,0.364961
0.017642,0.023057,0.016612,0.166012,0.022955,0.012395,0.128895,0.428873,0.017541,0.166017
0.031880,0.044444,0.029742,0.299430,0.044187,0.026717,0.056758,0.134863,0.032544,0.299436
0.046555,0.072531,0.044157,0.272504,0.071993,0.030042,0.047684,0.088133,0.053903,0.272498
0.018730,0.021441,0.019543,0.056948,0.021385,0.021408,0.628629,0.135271,0.019696,0.056950
0.021917,0.031942,0.024529,0.208582,0.031683,0.025310,0.151532,0.270133,0.025788,0.208585
0.000669,0.001134,0.000874,0.023524,0.001119,0.000581,0.929488,0.018184,0.000903,0.023525
0.017411,0.022440,0.019022,0.121168,0.022280,0.016992,0.328412,0.310519,0.020584,0.121171
0.010859,0.021756,0.013694,0.359147,0.021406,0.008924,0.029995,0.158571,0.016484,0.359163
0.014300,0.023031,0.017599,0.326239,0.022802,0.011012,0.060048,0.179741,0.018975,0.326253
0.014209,0.021617,0.021328,0.125004,0.021451,0.010846,0.121650,0.522716,0.016172,0.125008
0.003295,0.004662,0.003570,0.032696,0.004624,0.004581,0.845370,0.064948,0.003557,0.032697
0.003174,0.005140,0.003938,0.159509,0.005088,0.002653,0.012545,0.643356,0.005085,0.159511
0.025746,0.038509,0.027605,0.244481,0.038138,0.027161,0.207373,0.117147,0.029365,0.244476
0.012046,0.018508,0.013415,0.254202,0.018327,0.009798,0.096556,0.306727,0.016204,0.254218
0.013468,0.022213,0.015792,0.239692,0.021928,0.012041,0.213279,0.203926,0.017970,0.239691
0.009373,0.014505,0.010275,0.133515,0.014382,0.014660,0.529135,0.129521,0.011114,0.133519
0.006343,0.008930,0.008244,0.105730,0.008867,0.006263,0.485920,0.256483,0.007484,0.105737
0.001659,0.002795,0.001931,0.055266,0.002763,0.001826,0.010669,0.865679,0.002143,0.055269
0.015038,0.026327,0.016796,0.277182,0.026000,0.025238,0.047118,0.269124,0.019978,0.277199
0.035789,0.051266,0.048211,0.133501,0.050943,0.138356,0.212734,0.148971,0.046726,0.133502
0.006678,0.010626,0.007234,0.267824,0.010496,0.006279,0.047700,0.367444,0.007886,0.267833
0.042307,0.056016,0.051215,0.156524,0.055652,0.054535,0.175483,0.198211,0.053534,0.156524
0.043457,0.063464,0.048453,0.264078,0.062857,0.034581,0.060330,0.112279,0.046429,0.264072
0.003882,0.005396,0.004727,0.025880,0.005355,0.004543,0.886750,0.033315,0.004271,0.025880
0.012151,0.014269,0.012593,0.029803,0.014233,0.045946,0.791783,0.036454,0.012965,0.029803
0.026169,0.032642,0.029117,0.086337,0.032524,0.092180,0.447162,0.140501,0.027032,0.086337
0.032156,0.049236,0.035792,0.126454,0.048724,0.024302,0.421790,0.091123,0.043971,0.126452
0.038346,0.049383,0.037094,0.179489,0.049093,0.030676,0.191477,0.200152,0.044798,0.179493
0.021593,0.034265,0.024093,0.308614,0.033878,0.017582,0.069944,0.156120,0.025314,0.308598
0.045043,0.056720,0.042726,0.096390,0.056453,0.041676,0.431679,0.087166,0.045757,0.096390
0.033884,0.062506,0.028606,0.303385,0.061628,0.015273,0.079712,0.072900,0.038740,0.303366
0.001773,0.002517,0.002089,0.015775,0.002496,0.001705,0.933166,0.022410,0.002294,0.015775
0.024773,0.041033,0.027817,0.326101,0.040594,0.019069,0.059594,0.103389,0.031537,0.326093
0.003697,0.005690,0.004660,0.038536,0.005643,0.003011,0.866422,0.029465,0.004341,0.038536
0.008667,0.014143,0.009898,0.073359,0.013975,0.008790,0.742713,0.042254,0.012843,0.073358
0.002391,0.003016,0.002631,0.011103,0.002998,0.002873,0.945065,0.016265,0.002555,0.011103
0.009902,0.015242,0.010116,0.178135,0.015069,0.011820,0.050996,0.518839,0.011741,0.178139
0.013893,0.017054,0.014653,0.059253,0.016975,0.013645,0.712758,0.078122,0.014395,0.059254
0.001743,0.002750,0.002058,0.022950,0.002732,0.003009,0.925973,0.013103,0.002733,0.022949
0.007506,0.014030,0.009906,0.166861,0.013857,0.005423,0.044171,0.562010,0.009372,0.166864
0.013442,0.021283,0.017920,0.088504,0.021134,0.010853,0.061474,0.659095,0.017789,0.088505
0.053871,0.069253,0.091210,0.104632,0.068976,0.046881,0.291645,0.109081,0.059821,0.104632
0.036874,0.072309,0.050736,0.263879,0.071226,0.033203,0.062649,0.095386,0.049863,0.263876
0.023985,0.035048,0.026005,0.194126,0.034835,0.027715,0.112655,0.319129,0.032370,0.194133
0.010578,0.017571,0.012127,0.211693,0.017366,0.009943,0.162354,0.334398,0.012266,0.211703
0.039536,0.052883,0.039564,0.114936,0.052515,0.120340,0.307239,0.116189,0.041861,0.114937
0.005617,0.007709,0.005630,0.120442,0.007640,0.006043,0.593080,0.127143,0.006246,0.120451
0.001982,0.002943,0.002208,0.014206,0.002913,0.006908,0.939481,0.012895,0.002259,0.014206
0.012203,0.017822,0.012650,0.091131,0.017667,0.008787,0.664666,0.070074,0.013869,0.091131
0.053248,0.065714,0.081529,0.181216,0.065355,0.044509,0.087885,0.172623,0.066699,0.181219
0.014000,0.025732,0.016737,0.290223,0.025407,0.010851,0.036334,0.271197,0.019278,0.290240
0.018428,0.030705,0.021346,0.252969,0.030370,0.017994,0.108329,0.244266,0.022615,0.252979
0.007749,0.013620,0.009768,0.352028,0.013454,0.007690,0.048097,0.184004,0.011540,0.352048
0.002004,0.003277,0.002162,0.072641,0.003240,0.001959,0.714559,0.124923,0.002591,0.072646
0.002988,0.004736,0.003312,0.092698,0.004688,0.003426,0.051384,0.740304,0.003762,0.092703
0.011223,0.019875,0.013475,0.327574,0.019625,0.008527,0.073426,0.180557,0.018134,0.327584
0.013672,0.022541,0.013297,0.262621,0.022297,0.009742,0.069547,0.305205,0.018445,0.262633
0.014726,0.024111,0.016843,0.276307,0.023850,0.012865,0.074300,0.258083,0.022596,0.276319
0.022364,0.029079,0.024132,0.181201,0.028942,0.021686,0.101694,0.385153,0.024544,0.181205
0.015952,0.024371,0.018244,0.205678,0.024141,0.017675,0.178340,0.287959,0.021957,0.205683
0.040631,0.068389,0.064824,0.212420,0.067637,0.020276,0.117982,0.151147,0.044270,0.212424
0.007365,0.011288,0.008479,0.206070,0.011189,0.006158,0.272284,0.261170,0.009917,0.206080
0.002351,0.003008,0.002349,0.017162,0.002992,0.002067,0.577561,0.372931,0.002416,0.017162
0.055368,0.077613,0.059494,0.199498,0.076859,0.062316,0.076254,0.117144,0.075956,0.199498
0.022674,0.033818,0.020869,0.198351,0.033526,0.016535,0.056128,0.393819,0.025924,0.198357
0.029583,0.044342,0.030596,0.227742,0.044038,0.025777,0.062225,0.266081,0.041868,0.227749
0.004401,0.005530,0.005003,0.021495,0.005508,0.004308,0.902085,0.025340,0.004834,0.021495
0.007083,0.010051,0.008134,0.117147,0.010023,0.004949,0.553467,0.164024,0.007967,0.117155
0.000887,0.001355,0.001011,0.027901,0.001343,0.000966,0.007276,0.930270,0.001089,0.027903
0.030868,0.043172,0.032008,0.193655,0.043118,0.023933,0.102730,0.300975,0.035877,0.193661
0.014868,0.021438,0.015207,0.305502,0.021322,0.011222,0.089061,0.191084,0.024780,0.305515
0.002262,0.003068,0.002520,0.023047,0.003044,0.002752,0.897477,0.040156,0.002627,0.023048
0.005278,0.009114,0.005523,0.154653,0.009014,0.005182,0.024292,0.626018,0.006266,0.154660
0.012063,0.019259,0.013127,0.134395,0.019054,0.010882,0.483829,0.154680,0.018310,0.134400
0.009727,0.015294,0.011177,0.217056,0.015136,0.008475,0.056777,0.438178,0.011117,0.217064
0.008458,0.012919,0.008008,0.110198,0.012799,0.007265,0.024439,0.696238,0.009471,0.110203
0.003964,0.005901,0.004514,0.042563,0.005846,0.003725,0.014924,0.871556,0.004443,0.042565
0.024599,0.040848,0.025172,0.243771,0.040480,0.020825,0.096249,0.234240,0.030042,0.243774
0.032058,0.050643,0.038889,0.266979,0.050085,0.023360,0.061108,0.173932,0.035966,0.266981
0.021727,0.030397,0.021399,0.268330,0.030299,0.012104,0.079272,0.244217,0.023913,0.268342
0.013891,0.021737,0.014107,0.204256,0.021517,0.029761,0.047672,0.427620,0.015169,0.204270
0.008911,0.014897,0.011076,0.163320,0.014722,0.010174,0.425506,0.177171,0.010895,0.163328
0.022524,0.033635,0.026982,0.302933,0.033375,0.020314,0.066842,0.163883,0.026569,0.302944
0.018255,0.025129,0.019264,0.071669,0.024961,0.016549,0.685868,0.044694,0.021942,0.071668
0.017155,0.026447,0.020445,0.342707,0.026222,0.013616,0.047567,0.139753,0.023362,0.342725
0.007242,0.011383,0.008046,0.122284,0.011268,0.006528,0.029437,0.673272,0.008252,0.122288
0.014220,0.019379,0.016278,0.065102,0.019246,0.013433,0.720716,0.050983,0.015543,0.065102
0.020561,0.025726,0.022182,0.102824,0.025603,0.017606,0.310144,0.350933,0.021595,0.102826
0.028871,0.047870,0.038273,0.301627,0.047300,0.021044,0.060849,0.117811,0.034724,0.301631
0.011656,0.016093,0.012521,0.128411,0.015984,0.012551,0.580410,0.080972,0.012990,0.128412
0.018165,0.042837,0.019944,0.378007,0.042073,0.010376,0.032178,0.049820,0.028615,0.377985
0.026245,0.040334,0.031223,0.250919,0.039973,0.021517,0.201113,0.103520,0.034241,0.250914
0.004420,0.006344,0.005239,0.069031,0.006292,0.004228,0.755050,0.074766,0.005598,0.069032
0.003678,0.004869,0.004601,0.054217,0.004835,0.004360,0.770506,0.094314,0.004400,0.054218
0.010389,0.016235,0.013225,0.077528,0.016087,0.008078,0.708880,0.059004,0.013046,0.077528
0.025210,0.036974,0.026856,0.273684,0.036645,0.016880,0.063626,0.216066,0.030366,0.273693
0.001228,0.001863,0.001524,0.039870,0.001845,0.001214,0.149590,0.761447,0.001547,0.039872
0.006546,0.010744,0.008176,0.104027,0.010635,0.005518,0.688725,0.053895,0.007705,0.104028
0.047176,0.078006,0.055883,0.205229,0.077281,0.090024,0.104017,0.077330,0.059825,0.205228
0.038884,0.056814,0.045697,0.217494,0.056317,0.041354,0.160561,0.122872,0.042510,0.217497
0.016285,0.027649,0.018716,0.191045,0.027314,0.011241,0.423490,0.071474,0.021742,0.191043
0.007524,0.012374,0.009693,0.241672,0.012240,0.007235,0.267475,0.189140,0.010977,0.241669
0.025618,0.056039,0.063126,0.145927,0.055650,0.017587,0.190188,0.244020,0.055914,0.145930
0.036856,0.062291,0.039668,0.242627,0.061882,0.060253,0.078072,0.121967,0.053754,0.242630
0.030562,0.035155,0.034210,0.098181,0.035041,0.038190,0.135853,0.462713,0.031913,0.098183
0.004292,0.007728,0.008030,0.220911,0.007656,0.003063,0.072224,0.448702,0.006481,0.220912
0.001831,0.002684,0.002231,0.030771,0.002661,0.002184,0.837141,0.087510,0.002214,0.030772
0.003365,0.004092,0.003525,0.006439,0.004077,0.004454,0.956103,0.007805,0.003700,0.006439
0.002920,0.004510,0.003249,0.039848,0.004467,0.002994,0.062215,0.836336,0.003613,0.039850
0.014719,0.017631,0.015185,0.051440,0.017567,0.043564,0.654971,0.118158,0.015322,0.051442
0.006573,0.007696,0.006543,0.011851,0.007659,0.041626,0.886210,0.012955,0.007037,0.011851
0.045786,0.052255,0.041293,0.094119,0.052066,0.034463,0.453058,0.089043,0.043796,0.094119
0.010283,0.013151,0.011211,0.053869,0.013073,0.010788,0.780893,0.041362,0.011502,0.053869
0.017406,0.028055,0.019751,0.222278,0.027894,0.011704,0.115724,0.304881,0.030020,0.222287
0.063266,0.084550,0.066673,0.162560,0.084321,0.057615,0.125198,0.122120,0.071135,0.162561
0.024286,0.030615,0.021320,0.242540,0.030458,0.014746,0.059189,0.299591,0.034708,0.242548
0.006236,0.009328,0.006868,0.093105,0.009237,0.007010,0.526659,0.241552,0.006897,0.093109
0.015234,0.026911,0.015700,0.301983,0.026613,0.030740,0.070991,0.191901,0.017928,0.301999
0.019203,0.027471,0.020152,0.193433,0.027285,0.014063,0.318726,0.163916,0.022312,0.193439
0.023397,0.032301,0.028601,0.123081,0.032111,0.025055,0.426681,0.151649,0.034042,0.123084
0.035030,0.083086,0.053488,0.282542,0.081833,0.013505,0.034962,0.080834,0.052177,0.282543
0.006809,0.010374,0.008252,0.060439,0.010280,0.008033,0.785102,0.041490,0.008781,0.060440
0.033674,0.049715,0.034623,0.250423,0.049264,0.036467,0.074946,0.183325,0.037134,0.250429
0.087422,0.147146,0.069956,0.154105,0.146619,0.028203,0.052969,0.067362,0.092114,0.154103
0.010108,0.018881,0.014680,0.129336,0.018632,0.014960,0.576858,0.069481,0.017727,0.129337
0.033271,0.051390,0.036609,0.203373,0.050968,0.037656,0.062077,0.282465,0.038814,0.203377
0.014417,0.020373,0.017313,0.104169,0.020224,0.012564,0.037002,0.653545,0.016221,0.104172
0.038928,0.057488,0.051451,0.235830,0.057083,0.068821,0.075256,0.137296,0.042014,0.235832
0.014496,0.023866,0.018204,0.258360,0.023580,0.012670,0.043404,0.329142,0.017919,0.258360
0.033658,0.061516,0.030583,0.226425,0.060754,0.153454,0.048730,0.108664,0.049787,0.226428
0.051363,0.079634,0.049578,0.230493,0.079339,0.071370,0.060605,0.080774,0.066351,0.230492
0.008203,0.010972,0.009644,0.062035,0.010893,0.009487,0.145708,0.670734,0.010287,0.062038
0.025028,0.037010,0.026963,0.236660,0.036703,0.025068,0.140484,0.206553,0.028866,0.236665
0.042698,0.068491,0.043288,0.244536,0.067738,0.029687,0.052764,0.153038,0.053224,0.244536
0.041318,0.084296,0.065294,0.257981,0.083261,0.016640,0.032330,0.094506,0.066394,0.257980
0.068028,0.096533,0.052194,0.195333,0.096288,0.028052,0.096816,0.087888,0.083537,0.195332
0.021398,0.034364,0.023757,0.305680,0.034002,0.020178,0.115215,0.112932,0.026800,0.305675
0.078359,0.115234,0.086100,0.173729,0.114212,0.027785,0.055074,0.099749,0.076028,0.173730
0.037407,0.062080,0.030795,0.124796,0.061349,0.428659,0.032864,0.053882,0.043375,0.124794
0.032687,0.057421,0.035635,0.251509,0.057010,0.019142,0.104812,0.152732,0.037538,0.251515
0.057026,0.075682,0.054051,0.209840,0.075099,0.043126,0.089458,0.114440,0.071441,0.209837
0.010568,0.018641,0.011483,0.225944,0.018476,0.016095,0.270879,0.186910,0.015054,0.225950
0.007240,0.011777,0.007622,0.161534,0.011674,0.005754,0.155574,0.468465,0.008822,0.161540
0.016802,0.027606,0.028817,0.140818,0.027330,0.010950,0.437406,0.139637,0.029814,0.140820
0.049312,0.060692,0.048963,0.217590,0.060432,0.043585,0.109898,0.141939,0.049996,0.217593
0.007290,0.010939,0.008408,0.179346,0.010853,0.008761,0.095509,0.490840,0.008696,0.179358
0.005974,0.010587,0.007923,0.255531,0.010460,0.005325,0.214400,0.225660,0.008592,0.255548
0.036977,0.046315,0.037274,0.141044,0.046188,0.026506,0.373502,0.108138,0.043008,0.141046
0.049065,0.079153,0.054965,0.221364,0.078139,0.040593,0.063733,0.128721,0.062904,0.221363
0.000440,0.000643,0.000514,0.009478,0.000638,0.000462,0.002637,0.975180,0.000529,0.009479
0.016544,0.027540,0.018511,0.270427,0.027230,0.022535,0.061689,0.263609,0.021479,0.270437
0.002612,0.005089,0.003186,0.348663,0.005011,0.002012,0.020773,0.260007,0.003960,0.348686
0.024249,0.034660,0.026904,0.103795,0.034392,0.018634,0.553895,0.069532,0.030144,0.103795
0.012533,0.025023,0.014127,0.340041,0.024704,0.007990,0.044052,0.169852,0.021634,0.340046
0.000649,0.000936,0.000738,0.015876,0.000928,0.000617,0.004348,0.959278,0.000754,0.015877
0.001261,0.001832,0.001487,0.021296,0.001816,0.001221,0.005407,0.942939,0.001443,0.021298
0.014720,0.023836,0.013892,0.327003,0.023586,0.011098,0.119521,0.121663,0.017677,0.327003
0.016481,0.026366,0.017151,0.279726,0.026122,0.011977,0.067458,0.255547,0.019429,0.279743
0.031685,0.054420,0.034198,0.271924,0.053900,0.029705,0.053111,0.140853,0.058282,0.271922
0.020119,0.036034,0.024363,0.298901,0.035533,0.015002,0.127538,0.113529,0.030070,0.298911
0.018443,0.029014,0.020437,0.300477,0.028604,0.014618,0.104972,0.158862,0.024079,0.300495
0.073939,0.145671,0.107578,0.154855,0.143250,0.020711,0.028399,0.046293,0.124455,0.154850
0.006759,0.009706,0.008646,0.082822,0.009630,0.005883,0.038053,0.747428,0.008246,0.082826
0.007818,0.012807,0.008246,0.142928,0.012664,0.014017,0.309216,0.338843,0.010528,0.142935
0.015608,0.031983,0.017120,0.375965,0.031506,0.031035,0.037617,0.061903,0.021306,0.375956
0.030979,0.066580,0.041470,0.298756,0.065461,0.021113,0.062769,0.072882,0.041241,0.298749
0.032636,0.049271,0.033029,0.313014,0.048999,0.012800,0.057032,0.102858,0.037333,0.313028
0.016235,0.023200,0.018590,0.138620,0.023083,0.007699,0.539942,0.075372,0.018634,0.138625
0.032456,0.048637,0.032291,0.198187,0.048176,0.030058,0.259700,0.112939,0.039369,0.198189
0.022119,0.029373,0.022610,0.095458,0.029187,0.019063,0.513360,0.149123,0.024249,0.095458
0.024321,0.039720,0.026216,0.335284,0.039348,0.015611,0.083112,0.069124,0.032005,0.335261
0.009085,0.015892,0.010529,0.194485,0.015700,0.006619,0.061339,0.479245,0.012609,0.194495
0.004666,0.006204,0.004824,0.058157,0.006172,0.004108,0.700875,0.151829,0.005006,0.058159
0.034106,0.044401,0.025964,0.274247,0.044221,0.073091,0.049666,0.126225,0.053823,0.274255
0.007729,0.012360,0.008925,0.392292,0.012230,0.006578,0.034173,0.122938,0.010471,0.392304
0.014293,0.019757,0.015980,0.114874,0.019676,0.010890,0.573474,0.096908,0.019273,0.114875
0.004771,0.007618,0.005063,0.046313,0.007550,0.004045,0.835806,0.035662,0.006858,0.046314
0.016343,0.026402,0.017049,0.157056,0.026113,0.015464,0.371720,0.194659,0.018136,0.157058
0.015993,0.021470,0.017528,0.104055,0.021328,0.015311,0.589136,0.091227,0.019894,0.104057
0.025163,0.038844,0.023726,0.306130,0.038469,0.012326,0.076178,0.147335,0.025692,0.306137
0.021418,0.037282,0.025018,0.261681,0.036916,0.012058,0.197294,0.114808,0.031849,0.261677
0.117575,0.233800,0.100965,0.052986,0.234090,0.029729,0.026588,0.033730,0.117551,0.052986
0.009580,0.018739,0.011862,0.305216,0.018534,0.021388,0.067024,0.227526,0.014907,0.305224
0.264658,0.221912,0.076367,0.014023,0.228085,0.011444,0.010820,0.011329,0.147337,0.014023
0.013110,0.018705,0.011059,0.164174,0.018530,0.014813,0.333081,0.248374,0.013970,0.164183
0.016446,0.022544,0.018641,0.090072,0.022365,0.018680,0.628154,0.074238,0.018787,0.090073
0.002225,0.003324,0.002640,0.052757,0.003293,0.002807,0.200734,0.676730,0.002730,0.052760
0.009537,0.014479,0.010978,0.087253,0.014333,0.011767,0.664789,0.087660,0.011950,0.087254
0.047364,0.138979,0.413739,0.061041,0.137406,0.015585,0.019305,0.029796,0.075744,0.061040
0.153113,0.301889,0.069029,0.020700,0.288161,0.009185,0.009614,0.010998,0.116612,0.020700
0.017751,0.020886,0.017534,0.023881,0.020810,0.819141,0.020297,0.017778,0.018040,0.023881
0.040871,0.057079,0.037142,0.067312,0.056682,0.513072,0.064499,0.050085,0.045945,0.067313
0.176179,0.214457,0.082169,0.027648,0.217321,0.010239,0.012141,0.014368,0.217829,0.027648
0.263492,0.200008,0.076213,0.016817,0.204977,0.013132,0.012735,0.013064,0.182746,0.016817
0.318169,0.172292,0.064010,0.032810,0.175977,0.027538,0.034423,0.026845,0.115128,0.032810
0.137918,0.226024,0.152936,0.028235,0.224309,0.016547,0.019147,0.018178,0.148469,0.028235
0.044741,0.071778,0.047885,0.153143,0.071293,0.027736,0.278448,0.089893,0.061941,0.153142
0.012981,0.020993,0.014733,0.144449,0.020773,0.014561,0.474499,0.135567,0.016987,0.144455
0.015217,0.018912,0.013655,0.081649,0.018838,0.012591,0.677608,0.064550,0.015329,0.081651
0.015690,0.022938,0.020098,0.153565,0.022771,0.017981,0.080142,0.494781,0.018463,0.153571
0.003933,0.006005,0.004194,0.077006,0.005950,0.003576,0.766028,0.051422,0.004877,0.077009
0.062970,0.156269,0.314197,0.070874,0.154286,0.022017,0.031526,0.036926,0.080062,0.070873
0.093633,0.164195,0.306891,0.023313,0.165626,0.022718,0.016265,0.017118,0.166929,0.023313
0.311600,0.174992,0.068639,0.027983,0.179624,0.028721,0.010914,0.013604,0.155941,0.027982
0.165522,0.239893,0.096460,0.029994,0.243299,0.024682,0.013104,0.014716,0.142338,0.029993
0.144400,0.162167,0.073113,0.101775,0.162942,0.059204,0.038810,0.052268,0.103547,0.101774
0.143029,0.230784,0.058001,0.049016,0.232129,0.015043,0.015599,0.019894,0.187490,0.049015
0.135244,0.161847,0.224107,0.025054,0.163788,0.018576,0.020018,0.018266,0.208047,0.025053
0.044197,0.061651,0.050330,0.198658,0.061301,0.043167,0.091721,0.198984,0.051332,0.198659
0.026877,0.045646,0.027832,0.307024,0.045167,0.017258,0.068092,0.123207,0.031865,0.307032
0.004216,0.006753,0.004391,0.078280,0.006700,0.003372,0.747776,0.065037,0.005192,0.078283
0.039807,0.064751,0.039731,0.228327,0.064133,0.027951,0.060891,0.183368,0.062710,0.228330
0.088687,0.107980,0.528962,0.011075,0.109279,0.009430,0.009207,0.009497,0.114808,0.011075
0.009314,0.013769,0.009515,0.232361,0.013652,0.010070,0.102647,0.365943,0.010354,0.232374
0.106968,0.254258,0.057691,0.026105,0.251780,0.052655,0.011035,0.015990,0.197414,0.026105
0.012475,0.018545,0.020054,0.070761,0.018393,0.012160,0.441227,0.320684,0.014939,0.070761
0.162786,0.171453,0.240753,0.015811,0.176643,0.007110,0.008811,0.009095,0.191726,0.015811
0.109024,0.196300,0.061802,0.070476,0.191318,0.064744,0.038474,0.074688,0.122699,0.070476
0.067043,0.252531,0.133794,0.030197,0.242215,0.008672,0.010192,0.016850,0.208310,0.030196
0.157149,0.202277,0.085330,0.057284,0.202275,0.063081,0.029898,0.034859,0.110566,0.057283
0.307213,0.183980,0.062918,0.022505,0.187257,0.018574,0.013826,0.014344,0.166876,0.022505
0.143071,0.173268,0.148804,0.011845,0.179625,0.004695,0.005347,0.005038,0.316461,0.011845
0.307213,0.183980,0.062918,0.022505,0.187257,0.018574,0.013826,0.014344,0.166876,0.022505
0.264660,0.164683,0.231940,0.007565,0.171459,0.003858,0.003388,0.003787,0.141094,0.007565
0.063301,0.213736,0.154273,0.017081,0.210085,0.008029,0.006645,0.008819,0.300950,0.017081
0.562651,0.157108,0.023495,0.007842,0.160787,0.007735,0.004843,0.004993,0.062703,0.007842
0.216302,0.195731,0.067880,0.008541,0.202249,0.005726,0.005231,0.005689,0.284108,0.008541
0.196042,0.190296,0.057211,0.039390,0.193804,0.082548,0.020754,0.020535,0.160030,0.039390
0.337609,0.163435,0.063966,0.022465,0.173418,0.020481,0.019219,0.019535,0.157406,0.022465
0.091440,0.225716,0.114706,0.028931,0.225903,0.033676,0.013799,0.012622,0.224277,0.028931
0.411699,0.192609,0.047576,0.014778,0.196323,0.014820,0.009314,0.009984,0.088120,0.014778
0.492431,0.161524,0.034569,0.005776,0.167568,0.004291,0.004231,0.003970,0.119864,0.005776
0.179361,0.193759,0.138403,0.049020,0.196666,0.036155,0.023884,0.022649,0.111083,0.049019
0.338427,0.199510,0.058880,0.025711,0.201991,0.025624,0.017112,0.018680,0.088355,0.025710
0.174841,0.206348,0.127504,0.033366,0.210698,0.019986,0.017851,0.016921,0.159120,0.033365
0.507110,0.151440,0.028608,0.007752,0.156986,0.029129,0.005089,0.005319,0.100815,0.007752
0.232319,0.195412,0.046518,0.016028,0.201984,0.006861,0.007894,0.008184,0.268772,0.016028
0.019737,0.038156,0.024876,0.304586,0.037625,0.015231,0.087919,0.134188,0.033093,0.304590
0.255394,0.189627,0.076833,0.023129,0.194084,0.058926,0.017097,0.022433,0.139348,0.023129
0.436065,0.147763,0.047076,0.016634,0.153358,0.014859,0.011760,0.011569,0.144282,0.016634
0.247883,0.241114,0.048454,0.007117,0.248536,0.006003,0.004584,0.004823,0.184369,0.007117
0.257922,0.206784,0.093408,0.015276,0.213899,0.011400,0.009550,0.010112,0.166373,0.015276
0.021386,0.034956,0.025795,0.265341,0.034659,0.016882,0.103787,0.206061,0.025782,0.265350
0.112469,0.235018,0.095909,0.040482,0.229535,0.011471,0.011687,0.014177,0.208773,0.040481
0.126669,0.263222,0.083292,0.029063,0.258019,0.010765,0.014862,0.013868,0.171177,0.029062
0.025432,0.034987,0.029276,0.212360,0.034729,0.023630,0.089640,0.307674,0.029906,0.212365
0.013592,0.024019,0.014582,0.367022,0.023736,0.008642,0.031593,0.133571,0.016208,0.367036
0.029504,0.041378,0.026275,0.068640,0.041093,0.621729,0.031275,0.040650,0.030816,0.068640
0.200324,0.207075,0.081672,0.039778,0.202984,0.031809,0.033839,0.030003,0.132740,0.039777
0.033713,0.063471,0.034534,0.292457,0.062692,0.018237,0.048008,0.114280,0.040156,0.292451
0.023367,0.040716,0.029958,0.293220,0.040394,0.023340,0.052587,0.167025,0.036177,0.293216
0.018958,0.027468,0.022123,0.164246,0.027250,0.019283,0.185208,0.349402,0.021811,0.164250
0.021309,0.032089,0.023493,0.197029,0.031830,0.016181,0.128403,0.329287,0.023343,0.197038
0.117617,0.176948,0.077910,0.056927,0.177084,0.171946,0.032836,0.037369,0.094439,0.056926
0.149724,0.227381,0.060967,0.044031,0.227688,0.110926,0.021476,0.024875,0.088902,0.044030
0.188107,0.236989,0.055473,0.052544,0.239269,0.032463,0.018550,0.024322,0.099739,0.052543
0.013657,0.020819,0.014378,0.318249,0.020723,0.008582,0.042495,0.226867,0.015970,0.318259
0.017372,0.034152,0.026664,0.370845,0.033693,0.029361,0.034833,0.059641,0.022609,0.370832
0.027383,0.057246,0.028323,0.258876,0.056127,0.022575,0.062820,0.179899,0.047875,0.258875
0.021322,0.032496,0.025827,0.267351,0.032206,0.018771,0.137678,0.170206,0.026789,0.267355
0.014121,0.020915,0.017839,0.157615,0.020743,0.018603,0.318684,0.256257,0.017605,0.157620
0.100000,0.100000,0.100000,0.100000,0.100000,0.100000,0.100000,0.100000,0.100000,0.100000
0.137324,0.195303,0.133157,0.041318,0.195794,0.031117,0.030442,0.032926,0.161301,0.041318
0.036952,0.051022,0.039943,0.276743,0.050688,0.026115,0.063298,0.135667,0.042829,0.276743
0.122928,0.294612,0.057872,0.037223,0.280473,0.024617,0.017993,0.020205,0.106857,0.037222
0.009626,0.013301,0.009724,0.080750,0.013218,0.008928,0.544332,0.228875,0.010492,0.080754
0.182914,0.222461,0.068173,0.069770,0.224672,0.015666,0.019506,0.025949,0.101119,0.069768
0.143738,0.231663,0.175568,0.021781,0.234472,0.007859,0.010680,0.012575,0.139884,0.021780
0.104898,0.226715,0.140395,0.050685,0.226811,0.024711,0.031002,0.040670,0.103429,0.050684
0.190767,0.200982,0.122805,0.010513,0.203388,0.004980,0.005549,0.006270,0.244234,0.010513
0.153466,0.226895,0.067186,0.039568,0.229592,0.057463,0.018233,0.020430,0.147599,0.039568
0.223575,0.226850,0.063758,0.044947,0.230202,0.027011,0.016216,0.019495,0.103000,0.044946
0.165554,0.217689,0.109645,0.042965,0.217752,0.027301,0.027147,0.028917,0.120065,0.042965
0.255202,0.245200,0.038829,0.018766,0.241898,0.026117,0.009072,0.010849,0.135301,0.018766
0.059024,0.308348,0.073235,0.045814,0.287882,0.048628,0.013092,0.018201,0.099963,0.045813
0.066532,0.266203,0.138361,0.016168,0.255730,0.011194,0.010043,0.009075,0.210528,0.016167
0.174486,0.255537,0.071163,0.027583,0.255929,0.026857,0.016616,0.017050,0.127196,0.027583
0.131099,0.213638,0.183152,0.033191,0.212408,0.019251,0.018828,0.024598,0.130645,0.033191
0.049948,0.099150,0.532724,0.049915,0.098405,0.013602,0.020968,0.027666,0.057709,0.049914
0.133870,0.226156,0.062981,0.046509,0.226572,0.030546,0.034323,0.028601,0.163934,0.046508
0.114729,0.229084,0.097755,0.065218,0.225763,0.024332,0.028044,0.043742,0.106115,0.065218
0.111993,0.154967,0.092923,0.056527,0.154732,0.183518,0.041060,0.044309,0.103445,0.056526
0.078319,0.216908,0.229308,0.047837,0.213519,0.017852,0.021252,0.027634,0.099533,0.047837
0.116719,0.216642,0.160337,0.038221,0.217615,0.024075,0.025966,0.025148,0.137056,0.038221
0.110838,0.225377,0.102803,0.058870,0.224818,0.038519,0.034754,0.041926,0.103225,0.058870
0.073194,0.185901,0.083217,0.082312,0.179520,0.060235,0.047023,0.049522,0.156766,0.082311
0.086972,0.240153,0.202717,0.039924,0.236377,0.014577,0.016956,0.021364,0.101037,0.039924
0.011806,0.034541,0.862135,0.009232,0.034181,0.007818,0.004608,0.004942,0.021505,0.009232
0.081366,0.214007,0.221825,0.022130,0.217232,0.026544,0.009325,0.011499,0.173942,0.022129
0.010313,0.015634,0.010656,0.267621,0.015474,0.007952,0.044795,0.346789,0.013125,0.267641
0.167833,0.225825,0.217305,0.008191,0.232414,0.006933,0.004900,0.005314,0.123093,0.008191
0.073169,0.180057,0.227601,0.049526,0.177848,0.102953,0.023789,0.026402,0.089130,0.049525
0.014582,0.035809,0.875757,0.003792,0.035925,0.002017,0.002234,0.002448,0.023645,0.003792
0.251869,0.229537,0.061016,0.032301,0.236247,0.017183,0.013302,0.015490,0.110755,0.032300
0.093457,0.183961,0.218731,0.056665,0.182276,0.047908,0.032727,0.034083,0.093529,0.056664
0.123092,0.191344,0.068202,0.064763,0.191522,0.094330,0.036596,0.073885,0.091503,0.064763
0.001616,0.004532,0.982358,0.001024,0.004524,0.000321,0.000524,0.000568,0.003508,0.001024
0.094280,0.198822,0.083843,0.090581,0.195788,0.052928,0.043100,0.057062,0.093017,0.090579
0.237225,0.176065,0.070079,0.031773,0.180790,0.023685,0.023998,0.025086,0.199524,0.031773
0.089284,0.128285,0.071919,0.061704,0.127702,0.272381,0.051487,0.052861,0.082672,0.061704
0.128062,0.230930,0.116843,0.051579,0.229577,0.030092,0.026993,0.030648,0.103698,0.051578
0.063026,0.185970,0.054566,0.048995,0.180402,0.023430,0.027580,0.021989,0.345049,0.048994
0.154664,0.241100,0.070028,0.033376,0.238273,0.019104,0.017775,0.020246,0.172058,0.033375
0.025393,0.078694,0.673585,0.025672,0.077921,0.010961,0.011804,0.015027,0.055271,0.025671
0.171778,0.232825,0.075783,0.028655,0.237468,0.076680,0.016472,0.017524,0.114160,0.028655
0.111092,0.153759,0.098808,0.100444,0.152936,0.052043,0.062144,0.067485,0.100848,0.100443
0.081376,0.134584,0.082878,0.148214,0.133215,0.043055,0.053346,0.088556,0.086563,0.148213
0.149452,0.227934,0.166286,0.022330,0.222716,0.022604,0.009129,0.011757,0.145461,0.022329
0.121214,0.169911,0.117198,0.065588,0.169101,0.071643,0.059002,0.052563,0.108191,0.065587
0.105275,0.189485,0.097447,0.090926,0.186970,0.042541,0.041603,0.054929,0.099898,0.090925
0.023803,0.048045,0.693553,0.033130,0.047817,0.011251,0.050436,0.025691,0.033144,0.033130
0.084104,0.260928,0.075926,0.049188,0.255590,0.053252,0.030684,0.027042,0.114100,0.049187
0.052212,0.120956,0.066171,0.170253,0.118782,0.073731,0.065913,0.081994,0.079735,0.170253
0.087443,0.204570,0.224729,0.028860,0.207332,0.012521,0.017357,0.014149,0.174180,0.028859
0.093256,0.157782,0.221823,0.062470,0.156576,0.048593,0.047590,0.046616,0.102825,0.062470
0.040342,0.066933,0.031235,0.315597,0.066452,0.011811,0.033882,0.073416,0.044738,0.315595
0.002928,0.004594,0.003427,0.067561,0.004548,0.003396,0.021682,0.820771,0.003528,0.067565
0.027404,0.047919,0.025885,0.139332,0.047630,0.013148,0.028783,0.489110,0.041459,0.139330
0.008573,0.013095,0.008425,0.013650,0.012979,0.903089,0.007719,0.010019,0.008801,0.013650
0.007031,0.010468,0.006542,0.008665,0.010357,0.926901,0.007698,0.006527,0.007145,0.008665
0.003739,0.005406,0.005937,0.005490,0.005382,0.954557,0.005000,0.003832,0.005167,0.005490
0.000203,0.000287,0.000171,0.000246,0.000285,0.998014,0.000181,0.000161,0.000208,0.000246
0.006933,0.011145,0.005675,0.006541,0.011006,0.931430,0.008245,0.004885,0.007599,0.006541
0.006632,0.010184,0.006696,0.018013,0.010097,0.889571,0.012542,0.020811,0.007439,0.018013
0.022119,0.030580,0.017658,0.025716,0.030357,0.776215,0.022782,0.026767,0.022090,0.025716
0.001297,0.002040,0.001276,0.002373,0.002017,0.984159,0.001637,0.001395,0.001435,0.002373
0.001114,0.001528,0.001053,0.001376,0.001512,0.989006,0.000962,0.000969,0.001104,0.001376
0.005034,0.007021,0.004553,0.007382,0.006971,0.947169,0.004905,0.004552,0.005031,0.007382
0.026191,0.045091,0.033501,0.316515,0.044624,0.018932,0.041758,0.120511,0.036357,0.316519
0.017903,0.028905,0.016333,0.028301,0.028563,0.799452,0.015028,0.016892,0.020322,0.028301
0.016016,0.024956,0.017620,0.292806,0.024691,0.015659,0.068680,0.226647,0.020109,0.292816
0.017917,0.028692,0.020087,0.269338,0.028407,0.014822,0.196750,0.130910,0.023741,0.269337
0.004008,0.006027,0.003341,0.005895,0.005952,0.956748,0.003965,0.004216,0.003953,0.005895
0.010606,0.014840,0.012832,0.210207,0.014722,0.012250,0.120451,0.380491,0.013389,0.210213
0.001111,0.001624,0.001023,0.001470,0.001613,0.988528,0.000956,0.001029,0.001177,0.001470
0.063980,0.077107,0.067078,0.069479,0.076906,0.394001,0.057507,0.059245,0.065218,0.069479
0.005877,0.007355,0.005553,0.013234,0.007312,0.907310,0.011572,0.022701,0.005853,0.013234
0.002521,0.003841,0.003628,0.021620,0.003805,0.005119,0.697267,0.237784,0.002794,0.021621
0.044109,0.059736,0.208223,0.099476,0.059698,0.030894,0.226313,0.121578,0.050495,0.099478
0.070763,0.078604,0.073047,0.118375,0.078481,0.078758,0.182690,0.128549,0.072357,0.118375
0.106259,0.257258,0.063848,0.039570,0.252517,0.034581,0.020409,0.017889,0.168099,0.039569
0.098842,0.201360,0.220767,0.036634,0.204737,0.007321,0.009781,0.014814,0.169113,0.036632
0.085135,0.167545,0.119755,0.084464,0.166075,0.041285,0.068596,0.051527,0.131155,0.084463
0.071651,0.097318,0.069702,0.098070,0.096641,0.065929,0.117858,0.171997,0.112761,0.098071
0.099437,0.178389,0.080938,0.106203,0.176237,0.048842,0.047439,0.057266,0.099049,0.106201
0.029744,0.090225,0.502704,0.075576,0.089537,0.012298,0.020066,0.027482,0.076794,0.075574
0.083243,0.193162,0.288033,0.032575,0.191858,0.052525,0.018407,0.019637,0.087986,0.032574
0.063085,0.133581,0.145521,0.128002,0.131913,0.027465,0.106120,0.065182,0.071132,0.127999
0.106390,0.207841,0.140112,0.071236,0.206969,0.015889,0.024540,0.029900,0.125888,0.071234
0.094567,0.221185,0.134613,0.071558,0.220958,0.029504,0.025861,0.029349,0.100848,0.071556
0.018471,0.039769,0.798439,0.018255,0.039626,0.006922,0.022408,0.013402,0.024453,0.018255
0.172960,0.216218,0.081907,0.037179,0.219905,0.044802,0.033515,0.034698,0.121638,0.037179
0.073975,0.290250,0.073912,0.051309,0.276378,0.038148,0.016905,0.023811,0.104006,0.051308
0.062537,0.130103,0.324937,0.045352,0.130386,0.022402,0.084397,0.039070,0.115463,0.045352
0.153064,0.216208,0.068585,0.047321,0.217784,0.094335,0.024370,0.026345,0.104668,0.047320
0.095201,0.207669,0.084934,0.093216,0.204040,0.031800,0.033775,0.041488,0.114663,0.093214
0.094682,0.182395,0.096278,0.091556,0.181018,0.036400,0.043247,0.057115,0.125755,0.091554
0.070704,0.161036,0.078729,0.099197,0.159239,0.105033,0.042363,0.049441,0.135061,0.099195
0.087154,0.199079,0.153015,0.075178,0.197970,0.035371,0.029479,0.035252,0.112324,0.075177
0.110228,0.196686,0.094818,0.083923,0.191883,0.035300,0.041864,0.050783,0.110593,0.083922
0.091017,0.195354,0.113992,0.080772,0.194681,0.021943,0.034862,0.046128,0.140481,0.080771
0.072910,0.133725,0.472127,0.030173,0.134165,0.015342,0.018692,0.020387,0.072307,0.030172
0.085568,0.231630,0.149409,0.036600,0.231468,0.015288,0.019754,0.020376,0.173308,0.036599
0.165081,0.220819,0.064135,0.054398,0.223092,0.037128,0.029641,0.031522,0.119786,0.054398
0.124422,0.217118,0.082576,0.072121,0.215085,0.016980,0.022470,0.028151,0.148958,0.072119
0.130948,0.231264,0.094857,0.044052,0.227105,0.033435,0.032878,0.037272,0.124138,0.044052
0.155675,0.213976,0.072169,0.051320,0.214900,0.052747,0.027291,0.028695,0.131908,0.051319
0.086087,0.250295,0.061414,0.059211,0.248360,0.024200,0.018215,0.022921,0.170088,0.059210
0.142992,0.226382,0.087540,0.052798,0.225323,0.031578,0.031590,0.035520,0.113480,0.052797
0.008044,0.014416,0.024373,0.085738,0.014291,0.004999,0.629063,0.123158,0.010179,0.085740
0.158313,0.223233,0.077187,0.055610,0.221259,0.025607,0.026347,0.034448,0.122386,0.055610
0.148368,0.212544,0.131554,0.040394,0.213067,0.029090,0.028409,0.030760,0.125420,0.040394
0.102047,0.253897,0.113218,0.049106,0.253309,0.021044,0.023218,0.029511,0.105545,0.049105
0.019196,0.033945,0.020564,0.132054,0.033502,0.042817,0.038468,0.522729,0.024671,0.132056
0.012313,0.015259,0.012887,0.039190,0.015214,0.011168,0.796181,0.045303,0.013295,0.039190
0.087790,0.089394,0.087792,0.109745,0.089359,0.094127,0.101669,0.141884,0.088495,0.109745
0.006635,0.010015,0.007068,0.082529,0.009949,0.007598,0.023212,0.762231,0.008231,0.082533
0.187971,0.215678,0.064230,0.062308,0.219802,0.023920,0.022501,0.030569,0.110713,0.062307
0.243207,0.188612,0.144398,0.027640,0.192808,0.015528,0.014675,0.016454,0.129037,0.027640
0.080986,0.126283,0.052977,0.142868,0.124512,0.096317,0.048534,0.091373,0.093282,0.142868
0.106158,0.220758,0.092852,0.029771,0.218293,0.018452,0.019159,0.020030,0.244756,0.029771
0.020491,0.026941,0.020981,0.145425,0.026812,0.079109,0.172927,0.339242,0.022641,0.145431
0.203667,0.215044,0.072934,0.050880,0.218860,0.022248,0.021859,0.026047,0.117582,0.050879
0.007818,0.012807,0.008246,0.142928,0.012664,0.014017,0.309216,0.338843,0.010528,0.142935
0.074355,0.181068,0.193046,0.040543,0.181642,0.074457,0.022807,0.019566,0.171975,0.040542
0.021874,0.041356,0.034521,0.305737,0.040826,0.029809,0.040867,0.150234,0.029029,0.305747
0.424628,0.199378,0.046967,0.014412,0.202582,0.009328,0.006766,0.008026,0.073502,0.014411
0.004771,0.007618,0.005063,0.046313,0.007550,0.004045,0.835806,0.035662,0.006858,0.046314
0.047283,0.087604,0.054559,0.222059,0.087075,0.028646,0.054670,0.072439,0.123612,0.222053
0.070638,0.121032,0.076757,0.179421,0.119609,0.040093,0.054374,0.076378,0.082282,0.179417
0.002747,0.004425,0.002800,0.004510,0.004379,0.967756,0.002729,0.002905,0.003239,0.004510
0.151647,0.211975,0.074485,0.029283,0.211678,0.018642,0.018049,0.018142,0.236816,0.029282
0.117880,0.202403,0.085540,0.080853,0.200730,0.038295,0.038494,0.059811,0.095143,0.080852
0.269020,0.225001,0.058221,0.016023,0.233772,0.011535,0.009756,0.011400,0.149251,0.016022
0.719138,0.089039,0.018420,0.002848,0.093830,0.001822,0.001908,0.001998,0.068150,0.002848
0.076637,0.094053,0.081851,0.146286,0.093656,0.056225,0.105384,0.119286,0.080335,0.146286
0.054717,0.119746,0.064332,0.181936,0.118969,0.026537,0.046108,0.089030,0.116689,0.181935
0.092527,0.207208,0.156697,0.023951,0.209444,0.049135,0.011609,0.013249,0.212231,0.023950
0.009580,0.018739,0.011862,0.305216,0.018534,0.021388,0.067024,0.227526,0.014907,0.305224
0.135054,0.183247,0.238457,0.032283,0.180448,0.029983,0.025314,0.024084,0.118847,0.032283
0.002225,0.003324,0.002640,0.052757,0.003293,0.002807,0.200734,0.676730,0.002730,0.052760
0.139719,0.182610,0.273332,0.036626,0.185397,0.007162,0.011638,0.013614,0.113276,0.036625
0.016343,0.026402,0.017049,0.157056,0.026113,0.015464,0.371720,0.194659,0.018136,0.157058
0.180377,0.224298,0.176412,0.025798,0.228529,0.007191,0.009568,0.011972,0.110058,0.025797
0.093524,0.114143,0.092289,0.122458,0.113804,0.086805,0.076478,0.082922,0.095120,0.122457
0.247054,0.218495,0.096855,0.025988,0.223915,0.006943,0.007497,0.008788,0.138478,0.025987
0.077339,0.221230,0.056421,0.130268,0.210049,0.017922,0.019953,0.027009,0.109548,0.130262
0.051916,0.117757,0.168189,0.013991,0.118406,0.006577,0.007939,0.008413,0.492819,0.013991
0.066273,0.238060,0.123516,0.025489,0.226709,0.012457,0.009631,0.011358,0.261020,0.025488
0.141900,0.194279,0.070860,0.101019,0.193091,0.017105,0.030085,0.044807,0.105836,0.101017
0.636604,0.114223,0.026248,0.005877,0.119106,0.004770,0.003954,0.004147,0.079194,0.005877
0.005666,0.009020,0.006704,0.055387,0.008926,0.030153,0.781847,0.039933,0.006978,0.055387
0.110154,0.129391,0.081420,0.142250,0.130949,0.028055,0.045831,0.082847,0.106853,0.142248
0.085050,0.208126,0.294427,0.014405,0.204816,0.007474,0.010456,0.010370,0.150471,0.014405
0.191339,0.201422,0.088681,0.048800,0.204209,0.021232,0.022645,0.028333,0.144541,0.048799
0.553894,0.157770,0.026826,0.007159,0.162574,0.004428,0.003449,0.004038,0.072704,0.007159
0.077607,0.122745,0.044097,0.016314,0.122589,0.024474,0.009881,0.010468,0.555511,0.016314
0.338196,0.154948,0.063073,0.038907,0.160776,0.026246,0.034800,0.031703,0.112443,0.038907
0.272142,0.223473,0.074401,0.023505,0.216227,0.008743,0.014038,0.011516,0.132452,0.023504
0.463528,0.171245,0.050030,0.008768,0.177040,0.006573,0.006417,0.006574,0.101058,0.008768
0.597148,0.111982,0.077452,0.010555,0.114327,0.007690,0.008011,0.008180,0.054100,0.010555
0.595225,0.125106,0.061009,0.008571,0.128698,0.004672,0.006575,0.005595,0.055978,0.008571
0.152525,0.185225,0.074376,0.053909,0.182854,0.063301,0.034963,0.034392,0.164548,0.053908
0.076349,0.100460,0.069782,0.184831,0.099730,0.050011,0.079628,0.080843,0.073537,0.184829
0.523409,0.147146,0.039420,0.015603,0.151491,0.006069,0.008365,0.008122,0.084773,0.015603
0.114182,0.212336,0.057355,0.106390,0.201838,0.023738,0.027310,0.033916,0.116549,0.106387
0.037119,0.057377,0.065829,0.187403,0.056971,0.203796,0.072382,0.078664,0.053061,0.187398
0.075952,0.187523,0.137429,0.026920,0.182772,0.014468,0.013077,0.014024,0.320916,0.026920
0.006688,0.009168,0.007634,0.065147,0.009101,0.008636,0.050964,0.769084,0.008428,0.065150
0.095685,0.150291,0.120380,0.116594,0.149336,0.045049,0.047249,0.058302,0.100524,0.116591
0.030884,0.078701,0.737218,0.006023,0.076611,0.002178,0.002402,0.002559,0.057400,0.006023
0.392526,0.156556,0.055528,0.030666,0.157807,0.016805,0.018381,0.019648,0.121418,0.030665
0.022340,0.034821,0.023672,0.306133,0.034491,0.018724,0.053722,0.169276,0.030689,0.306133
0.113234,0.132958,0.446464,0.013015,0.136623,0.005136,0.006807,0.006891,0.125858,0.013015
0.275060,0.203793,0.069130,0.016336,0.208613,0.006966,0.007347,0.008754,0.187665,0.016335
0.354332,0.180644,0.035241,0.025600,0.183563,0.007977,0.012442,0.012854,0.161748,0.025600
0.193171,0.187692,0.098866,0.041650,0.184047,0.032483,0.038950,0.031572,0.149921,0.041649
0.098280,0.127314,0.472590,0.017909,0.126271,0.011164,0.012412,0.011249,0.104903,0.017909
0.013828,0.023094,0.017796,0.283736,0.022864,0.008535,0.209035,0.119944,0.017424,0.283745
0.027327,0.034689,0.040827,0.032494,0.034457,0.606201,0.135051,0.029628,0.026832,0.032494
0.031529,0.046668,0.037840,0.192164,0.046385,0.117037,0.171431,0.120666,0.044118,0.192163
0.065971,0.089686,0.096346,0.159506,0.089278,0.051847,0.109521,0.094687,0.083655,0.159503
0.006726,0.012304,0.007009,0.060861,0.012131,0.037326,0.752507,0.041767,0.008508,0.060861
0.072812,0.113296,0.061458,0.197376,0.111893,0.042586,0.058989,0.069886,0.074333,0.197370
0.061222,0.074173,0.090707,0.083458,0.073928,0.153384,0.238166,0.079657,0.061847,0.083457
0.069361,0.097264,0.133593,0.152320,0.097511,0.042484,0.068185,0.100788,0.086176,0.152319
0.059999,0.072412,0.150148,0.074401,0.072170,0.070967,0.290336,0.072088,0.063079,0.074400
0.202296,0.216969,0.061181,0.041985,0.219115,0.020987,0.020882,0.021544,0.153057,0.041984
0.035302,0.052836,0.781192,0.007790,0.053686,0.003826,0.004176,0.004681,0.048720,0.007790
0.168069,0.217387,0.090049,0.033611,0.210556,0.027457,0.024344,0.023070,0.171848,0.033610
0.165348,0.217092,0.076873,0.026706,0.209431,0.015334,0.014226,0.016299,0.231986,0.026706
0.050795,0.124235,0.239524,0.011737,0.121632,0.006371,0.006914,0.007191,0.419863,0.011737
0.183980,0.243497,0.090065,0.031860,0.245153,0.015661,0.016723,0.018088,0.123114,0.031859
0.101515,0.228401,0.151911,0.037749,0.226401,0.018901,0.021327,0.024226,0.151820,0.037749
0.214284,0.197498,0.078261,0.037747,0.201158,0.024194,0.020080,0.022202,0.166828,0.037747
0.038433,0.146310,0.139841,0.019694,0.144219,0.005780,0.008725,0.008297,0.469007,0.019693
0.171032,0.168876,0.100329,0.066812,0.169476,0.054893,0.045588,0.047608,0.108574,0.066811
0.125869,0.152591,0.358735,0.026307,0.153917,0.012334,0.013046,0.013753,0.117142,0.026306
0.015849,0.028654,0.018770,0.320472,0.028314,0.009801,0.119036,0.117375,0.021251,0.320477
0.208658,0.231153,0.087229,0.014555,0.225870,0.010053,0.011227,0.010657,0.186043,0.014555
0.088684,0.112433,0.388458,0.052142,0.113088,0.014750,0.032427,0.050567,0.095308,0.052142
0.174175,0.188181,0.084668,0.062491,0.190533,0.023865,0.027218,0.033642,0.152736,0.062490
0.086490,0.170061,0.057233,0.077192,0.167845,0.189604,0.033309,0.034351,0.106724,0.077191
0.067890,0.158814,0.089055,0.040629,0.154574,0.017775,0.019661,0.020506,0.390467,0.040629
0.010080,0.019353,0.914402,0.005625,0.019424,0.001584,0.002076,0.002535,0.019296,0.005625
0.050603,0.123560,0.277242,0.019483,0.123344,0.008783,0.009053,0.009468,0.358982,0.019483
0.497457,0.159252,0.038496,0.011967,0.167583,0.006025,0.006505,0.007211,0.093536,0.011967
0.059215,0.220854,0.053735,0.081658,0.209942,0.020874,0.028207,0.029095,0.214763,0.081656
0.018257,0.035727,0.021855,0.331287,0.035311,0.011647,0.038898,0.140316,0.035419,0.331282
0.341194,0.159106,0.059975,0.045410,0.165110,0.005986,0.012657,0.022212,0.142941,0.045411
0.021232,0.024548,0.017324,0.065681,0.024435,0.011853,0.689537,0.055612,0.024095,0.065683
0.019283,0.031461,0.019614,0.273814,0.031050,0.013786,0.049791,0.264858,0.022523,0.273820
0.084692,0.106638,0.594029,0.008388,0.106341,0.006405,0.006749,0.006414,0.071957,0.008388
0.634009,0.112789,0.057981,0.007393,0.116615,0.003203,0.004017,0.004124,0.052477,0.007393
0.071213,0.082392,0.612581,0.010377,0.083008,0.025705,0.007462,0.007518,0.089368,0.010377
0.011340,0.016756,0.012279,0.097897,0.016598,0.012876,0.468122,0.253368,0.012866,0.097899
0.092066,0.102681,0.074908,0.085955,0.102493,0.203576,0.091942,0.072799,0.087626,0.085954
0.375195,0.189226,0.050508,0.007817,0.194760,0.003834,0.004250,0.004346,0.162247,0.007817
0.034644,0.049747,0.040257,0.259323,0.049229,0.030334,0.080541,0.158614,0.037984,0.259328
0.033616,0.071649,0.143315,0.229706,0.071259,0.014631,0.047029,0.072172,0.086918,0.229705
0.001412,0.001542,0.001398,0.001663,0.001540,0.986278,0.001601,0.001481,0.001422,0.001663
0.170169,0.204850,0.079082,0.042101,0.207145,0.015608,0.016525,0.020130,0.202291,0.042100
0.020027,0.036433,0.022386,0.339549,0.036108,0.015140,0.039474,0.117851,0.033484,0.339548
0.018827,0.021269,0.014412,0.032579,0.021161,0.008226,0.805715,0.027220,0.018013,0.032579
0.082534,0.175282,0.045487,0.019117,0.171907,0.020662,0.006933,0.008188,0.450772,0.019117
0.020552,0.041250,0.029306,0.327612,0.040817,0.012642,0.037149,0.123721,0.039335,0.327616
0.016945,0.036118,0.025614,0.336852,0.035491,0.012515,0.042940,0.126395,0.030277,0.336852
0.063336,0.087608,0.664920,0.005774,0.085812,0.002278,0.003050,0.002841,0.078607,0.005774
0.083152,0.113742,0.571438,0.004880,0.111774,0.003291,0.003423,0.003405,0.100014,0.004880
0.253751,0.203643,0.064925,0.025474,0.208300,0.015464,0.014772,0.015237,0.172960,0.025474
0.056992,0.103163,0.568921,0.006990,0.105926,0.002754,0.003265,0.003384,0.141616,0.006990
0.050355,0.076375,0.049761,0.171456,0.075908,0.077979,0.182449,0.094233,0.050032,0.171453
0.277265,0.216565,0.043673,0.024365,0.209258,0.014876,0.015382,0.014144,0.160108,0.024364
0.424473,0.148821,0.063061,0.022418,0.151663,0.016087,0.017133,0.017281,0.116644,0.022418
0.686645,0.097424,0.033973,0.007842,0.099919,0.005648,0.005503,0.005763,0.049442,0.007841
0.070295,0.098192,0.075298,0.170057,0.097539,0.067472,0.085812,0.087950,0.077330,0.170055
0.569980,0.146184,0.025555,0.007581,0.150751,0.004681,0.005837,0.005129,0.076722,0.007581
0.674022,0.101350,0.024878,0.006419,0.105479,0.004424,0.004592,0.004901,0.067517,0.006419
0.309465,0.173152,0.074622,0.021241,0.180333,0.009887,0.012104,0.012144,0.185811,0.021241
0.193450,0.219460,0.085179,0.035389,0.219854,0.016383,0.016974,0.019964,0.157958,0.035389
0.387654,0.168734,0.131413,0.003839,0.171506,0.002615,0.002532,0.002582,0.125286,0.003839
0.130367,0.221897,0.107272,0.029387,0.221430,0.012024,0.012684,0.014741,0.220811,0.029387
0.109114,0.257640,0.064377,0.064345,0.244161,0.013036,0.020730,0.032035,0.130216,0.064345
0.085050,0.208126,0.294427,0.014405,0.204816,0.007474,0.010456,0.010370,0.150471,0.014405
0.107355,0.241073,0.124143,0.018071,0.241476,0.005537,0.006634,0.008559,0.229081,0.018070
0.004009,0.006607,0.004765,0.114842,0.006546,0.003633,0.507820,0.231014,0.005917,0.114847
0.125789,0.149896,0.162090,0.009028,0.154515,0.004005,0.004330,0.004927,0.376393,0.009028
0.014950,0.024393,0.907173,0.002957,0.024479,0.001207,0.001495,0.001730,0.018660,0.002957
0.029795,0.042200,0.029411,0.214924,0.041807,0.029403,0.076162,0.288145,0.033218,0.214934
0.010080,0.019353,0.914402,0.005625,0.019424,0.001584,0.002076,0.002535,0.019296,0.005625
0.021917,0.031942,0.024529,0.208582,0.031683,0.025310,0.151532,0.270133,0.025788,0.208585
0.001452,0.002058,0.001493,0.025462,0.002044,0.001559,0.021782,0.917095,0.001592,0.025464
0.009286,0.016716,0.010062,0.400738,0.016502,0.006153,0.023502,0.102924,0.013359,0.400757
0.162262,0.175627,0.088197,0.087812,0.174750,0.030128,0.039404,0.046652,0.107357,0.087810
0.010044,0.018825,0.915182,0.003391,0.018867,0.002141,0.002096,0.002298,0.023765,0.003391
0.057026,0.075682,0.054051,0.209840,0.075099,0.043126,0.089458,0.114440,0.071441,0.209837
0.094359,0.200009,0.142204,0.020217,0.203291,0.009676,0.009095,0.009555,0.291377,0.020216
0.171275,0.150535,0.117775,0.072785,0.151936,0.035095,0.043299,0.059131,0.125384,0.072785
0.049065,0.079153,0.054965,0.221364,0.078139,0.040593,0.063733,0.128721,0.062904,0.221363
0.021884,0.030652,0.024188,0.151988,0.030429,0.019918,0.122202,0.423357,0.023390,0.151991
0.008545,0.016187,0.936003,0.002660,0.016148,0.000936,0.001213,0.001349,0.014300,0.002660
0.009500,0.016743,0.011486,0.194705,0.016559,0.006772,0.153193,0.384730,0.011596,0.194715
0.007200,0.012514,0.009041,0.348193,0.012368,0.006493,0.095730,0.149636,0.010614,0.348211
0.013110,0.018705,0.011059,0.164174,0.018530,0.014813,0.333081,0.248374,0.013970,0.164183
0.021223,0.027654,0.023494,0.113984,0.027519,0.022210,0.518514,0.108097,0.023320,0.113984
0.004789,0.008545,0.005662,0.276602,0.008425,0.004301,0.016988,0.391055,0.007014,0.276618
0.000881,0.001285,0.001009,0.022225,0.001274,0.000964,0.275306,0.673829,0.001000,0.022226
0.013688,0.024563,0.017191,0.333269,0.024229,0.009932,0.086835,0.138713,0.018302,0.333278
0.003827,0.008115,0.004713,0.240531,0.008007,0.002843,0.022913,0.461926,0.006585,0.240541
0.013101,0.025543,0.017757,0.298599,0.025154,0.051840,0.090895,0.159612,0.018893,0.298606
0.044197,0.061651,0.050330,0.198658,0.061301,0.043167,0.091721,0.198984,0.051332,0.198659
0.009358,0.012130,0.010197,0.086901,0.012077,0.009868,0.355343,0.407190,0.010031,0.086906
0.035815,0.051197,0.055099,0.268943,0.050991,0.020793,0.055668,0.156377,0.036161,0.268954
0.023739,0.040169,0.023865,0.201982,0.039689,0.016993,0.335184,0.080656,0.035743,0.201981
0.015047,0.021599,0.016267,0.076142,0.021486,0.020228,0.684056,0.050013,0.019021,0.076142
0.011066,0.019744,0.011857,0.334101,0.019494,0.008233,0.039785,0.207826,0.013783,0.334110
0.026441,0.036657,0.026730,0.246462,0.036408,0.025065,0.080349,0.246969,0.028448,0.246471
0.008729,0.014129,0.010528,0.144586,0.014003,0.006338,0.305002,0.341898,0.010192,0.144595
0.012475,0.018545,0.020054,0.070761,0.018393,0.012160,0.441227,0.320684,0.014939,0.070761
0.036377,0.050851,0.032485,0.240633,0.050556,0.019904,0.065735,0.229276,0.033542,0.240641
0.006144,0.010627,0.007611,0.229736,0.010503,0.006038,0.239463,0.250554,0.009571,0.229752
0.015849,0.028654,0.018770,0.320472,0.028314,0.009801,0.119036,0.117375,0.021251,0.320477
0.017642,0.023057,0.016612,0.166012,0.022955,0.012395,0.128895,0.428873,0.017541,0.166017
0.001507,0.002001,0.001588,0.021941,0.001989,0.001316,0.860374,0.085596,0.001746,0.021942
0.015438,0.022936,0.020225,0.092001,0.022785,0.013189,0.630483,0.072210,0.018732,0.092001
0.003174,0.005140,0.003938,0.159509,0.005088,0.002653,0.012545,0.643356,0.005085,0.159511
0.003295,0.004662,0.003570,0.032696,0.004624,0.004581,0.845370,0.064948,0.003557,0.032697
0.009403,0.014233,0.008874,0.158515,0.014122,0.008130,0.280651,0.336684,0.010865,0.158523
0.014004,0.024536,0.021330,0.362649,0.024239,0.013487,0.038704,0.116982,0.021412,0.362657
0.013592,0.024019,0.014582,0.367022,0.023736,0.008642,0.031593,0.133571,0.016208,0.367036
0.035789,0.051266,0.048211,0.133501,0.050943,0.138356,0.212734,0.148971,0.046726,0.133502
0.008248,0.012115,0.009253,0.073210,0.012016,0.007481,0.714182,0.079676,0.010610,0.073210
0.040988,0.052090,0.039500,0.147238,0.051756,0.032789,0.278181,0.167304,0.042914,0.147240
0.006583,0.008255,0.007382,0.042656,0.008209,0.008097,0.831525,0.037160,0.007477,0.042657
0.013657,0.020819,0.014378,0.318249,0.020723,0.008582,0.042495,0.226867,0.015970,0.318259
0.018335,0.029652,0.031112,0.319794,0.029412,0.013725,0.099940,0.102167,0.036063,0.319800
0.009373,0.014505,0.010275,0.133515,0.014382,0.014660,0.529135,0.129521,0.011114,0.133519
0.015234,0.026911,0.015700,0.301983,0.026613,0.030740,0.070991,0.191901,0.017928,0.301999
0.008824,0.013173,0.009087,0.164496,0.013073,0.006112,0.278151,0.333055,0.009522,0.164506
0.019203,0.027471,0.020152,0.193433,0.027285,0.014063,0.318726,0.163916,0.022312,0.193439
0.002920,0.004510,0.003249,0.039848,0.004467,0.002994,0.062215,0.836336,0.003613,0.039850
0.063266,0.084550,0.066673,0.162560,0.084321,0.057615,0.125198,0.122120,0.071135,0.162561
0.074494,0.235550,0.084376,0.067949,0.224631,0.018523,0.025506,0.033936,0.167086,0.067948
0.038884,0.056814,0.045697,0.217494,0.056317,0.041354,0.160561,0.122872,0.042510,0.217497
0.010313,0.015634,0.010656,0.267621,0.015474,0.007952,0.044795,0.346789,0.013125,0.267641
0.017406,0.028055,0.019751,0.222278,0.027894,0.011704,0.115724,0.304881,0.030020,0.222287
0.028150,0.036439,0.030186,0.137687,0.036232,0.026934,0.391550,0.141227,0.033903,0.137691
0.022157,0.041558,0.024668,0.321030,0.041146,0.010453,0.069394,0.110555,0.038005,0.321035
0.001096,0.001743,0.001458,0.011474,0.001728,0.000895,0.946443,0.022210,0.001479,0.011474
0.006236,0.009328,0.006868,0.093105,0.009237,0.007010,0.526659,0.241552,0.006897,0.093109
0.005123,0.007433,0.006927,0.036955,0.007385,0.003892,0.859642,0.029441,0.006246,0.036956
0.007954,0.011343,0.009016,0.097941,0.011247,0.009657,0.260674,0.485425,0.008798,0.097945
0.003898,0.006562,0.006299,0.179324,0.006492,0.003814,0.295149,0.313994,0.005135,0.179334
0.019555,0.030705,0.019120,0.303593,0.030540,0.010430,0.045564,0.215095,0.021790,0.303607
0.026027,0.038307,0.025898,0.266562,0.037979,0.011562,0.047397,0.253682,0.026005,0.266580
0.005023,0.007664,0.005447,0.035330,0.007583,0.013383,0.842137,0.041098,0.007004,0.035331
0.020491,0.026941,0.020981,0.145425,0.026812,0.079109,0.172927,0.339242,0.022641,0.145431
0.186095,0.212574,0.088062,0.041566,0.209773,0.020466,0.024925,0.025318,0.149658,0.041565
0.016802,0.027606,0.028817,0.140818,0.027330,0.010950,0.437406,0.139637,0.029814,0.140820
0.005937,0.009386,0.007633,0.078770,0.009279,0.009050,0.718298,0.075903,0.006973,0.078773
0.017412,0.028079,0.016233,0.342422,0.027747,0.012082,0.056385,0.136573,0.020628,0.342437
0.002521,0.003841,0.003628,0.021620,0.003805,0.005119,0.697267,0.237784,0.002794,0.021621
0.004771,0.007618,0.005063,0.046313,0.007550,0.004045,0.835806,0.035662,0.006858,0.046314
0.004441,0.006253,0.005287,0.043947,0.006199,0.004382,0.847558,0.033041,0.004943,0.043948
0.008766,0.011795,0.009931,0.165516,0.011721,0.007022,0.450901,0.158694,0.010127,0.165525
0.009085,0.015892,0.010529,0.194485,0.015700,0.006619,0.061339,0.479245,0.012609,0.194495
0.009843,0.020328,0.011777,0.410411,0.019967,0.007867,0.018888,0.077003,0.013505,0.410411
0.009224,0.017811,0.008658,0.412513,0.017559,0.003319,0.018511,0.084861,0.015027,0.412516
0.025163,0.038844,0.023726,0.306130,0.038469,0.012326,0.076178,0.147335,0.025692,0.306137
0.011292,0.018827,0.012775,0.148365,0.018594,0.009456,0.554894,0.063378,0.014048,0.148370
0.009580,0.018739,0.011862,0.305216,0.018534,0.021388,0.067024,0.227526,0.014907,0.305224
0.013218,0.023864,0.014984,0.284890,0.023616,0.009379,0.135811,0.188428,0.020917,0.284894
0.047127,0.088907,0.043619,0.261382,0.087543,0.026130,0.040967,0.058401,0.084558,0.261364
0.016446,0.022544,0.018641,0.090072,0.022365,0.018680,0.628154,0.074238,0.018787,0.090073
0.014713,0.023708,0.022385,0.174885,0.023477,0.013284,0.122427,0.412997,0.017229,0.174893
0.097739,0.133155,0.077714,0.140518,0.131864,0.028323,0.080066,0.071995,0.098110,0.140518
0.077015,0.093173,0.069083,0.146858,0.092829,0.048520,0.135578,0.115810,0.074275,0.146859
0.003946,0.006765,0.004466,0.187634,0.006684,0.008534,0.026581,0.562810,0.004931,0.187651
0.002225,0.003324,0.002640,0.052757,0.003293,0.002807,0.200734,0.676730,0.002730,0.052760
0.047147,0.081291,0.051052,0.228289,0.080280,0.030432,0.052404,0.137257,0.063561,0.228288
0.075986,0.133233,0.084543,0.133843,0.132311,0.035093,0.056927,0.065304,0.148921,0.133839
0.039373,0.066757,0.044748,0.262617,0.066061,0.040109,0.073055,0.088185,0.056486,0.262610
0.100000,0.100000,0.100000,0.100000,0.100000,0.100000,0.100000,0.100000,0.100000,0.100000
0.078994,0.120886,0.060832,0.174324,0.119458,0.036422,0.059829,0.069126,0.105809,0.174320
0.046792,0.072956,0.041917,0.260435,0.072141,0.027594,0.049282,0.114640,0.053813,0.260431
0.100000,0.100000,0.100000,0.100000,0.100000,0.100000,0.100000,0.100000,0.100000,0.100000
0.020040,0.028395,0.022905,0.056683,0.028018,0.020666,0.700101,0.044783,0.021728,0.056682
0.026877,0.045646,0.027832,0.307024,0.045167,0.017258,0.068092,0.123207,0.031865,0.307032
0.006726,0.012304,0.007009,0.060861,0.012131,0.037326,0.752507,0.041767,0.008508,0.060861
0.129160,0.150491,0.075372,0.114406,0.149191,0.030581,0.045607,0.075647,0.115140,0.114405
0.019761,0.030707,0.022983,0.250521,0.030447,0.016118,0.059609,0.296205,0.023121,0.250530
0.051615,0.098140,0.071915,0.184600,0.096775,0.109441,0.058523,0.075515,0.068876,0.184599
0.067614,0.092791,0.076736,0.170125,0.091890,0.054053,0.113248,0.081733,0.081689,0.170121
0.029204,0.047647,0.029239,0.262882,0.046972,0.026939,0.063484,0.193552,0.037200,0.262881
0.102395,0.168435,0.113337,0.093687,0.169986,0.024873,0.036890,0.050390,0.146321,0.093687
0.015849,0.028654,0.018770,0.320472,0.028314,0.009801,0.119036,0.117375,0.021251,0.320477
0.044104,0.062138,0.079422,0.210774,0.061721,0.033296,0.077029,0.168431,0.052307,0.210779
0.040750,0.061016,0.042794,0.228196,0.060308,0.040792,0.127134,0.116124,0.054688,0.228196
0.024721,0.044493,0.025614,0.240785,0.043864,0.069658,0.042338,0.232930,0.034813,0.240784
0.039807,0.064751,0.039731,0.228327,0.064133,0.027951,0.060891,0.183368,0.062710,0.228330
0.105143,0.180004,0.072491,0.106179,0.180152,0.024165,0.033043,0.041989,0.150658,0.106176
0.043650,0.072321,0.043951,0.257622,0.071084,0.035184,0.089427,0.075907,0.053237,0.257617
0.063939,0.113513,0.078417,0.204095,0.111685,0.037435,0.049539,0.068924,0.068364,0.204089
0.006059,0.009623,0.006650,0.083459,0.009512,0.012649,0.718911,0.062499,0.007177,0.083461
0.050042,0.083836,0.043468,0.251070,0.083269,0.025695,0.064798,0.091337,0.055418,0.251067
0.082289,0.140936,0.047385,0.181915,0.139760,0.021098,0.042135,0.065183,0.097384,0.181915
0.019737,0.038156,0.024876,0.304586,0.037625,0.015231,0.087919,0.134188,0.033093,0.304590
0.083030,0.160069,0.082224,0.125558,0.158500,0.016924,0.039225,0.054594,0.154319,0.125557
0.108988,0.105028,0.158044,0.075697,0.105448,0.012046,0.240318,0.039657,0.079078,0.075696
0.131241,0.146458,0.098774,0.097575,0.145454,0.036833,0.068289,0.062864,0.114936,0.097575
0.114101,0.129177,0.091623,0.131367,0.128333,0.038047,0.046494,0.077928,0.111566,0.131365
0.005786,0.010328,0.008778,0.235260,0.010215,0.004691,0.031373,0.449327,0.008963,0.235278
0.130754,0.124415,0.082944,0.107422,0.124995,0.025595,0.111518,0.083078,0.101858,0.107421
0.021309,0.032089,0.023493,0.197029,0.031830,0.016181,0.128403,0.329287,0.023343,0.197038
0.049678,0.076994,0.041049,0.263534,0.076803,0.017380,0.059850,0.100415,0.050761,0.263537
0.046555,0.072531,0.044157,0.272504,0.071993,0.030042,0.047684,0.088133,0.053903,0.272498
0.032698,0.057091,0.044888,0.259694,0.056436,0.034117,0.069294,0.134547,0.051542,0.259694
0.027383,0.057246,0.028323,0.258876,0.056127,0.022575,0.062820,0.179899,0.047875,0.258875
0.014554,0.021912,0.014296,0.080286,0.021724,0.012357,0.674327,0.062323,0.017935,0.080287
0.036952,0.051022,0.039943,0.276743,0.050688,0.026115,0.063298,0.135667,0.042829,0.276743
0.022566,0.038152,0.024152,0.304173,0.037678,0.017952,0.065021,0.148833,0.037287,0.304186
0.018451,0.027193,0.019544,0.260112,0.027005,0.011919,0.146305,0.205351,0.023999,0.260119
0.056825,0.106544,0.050965,0.222561,0.104933,0.032692,0.053114,0.088562,0.061243,0.222561
0.047368,0.083916,0.042116,0.224346,0.082692,0.129993,0.044829,0.069379,0.051019,0.224342
0.006236,0.009328,0.006868,0.093105,0.009237,0.007010,0.526659,0.241552,0.006897,0.093109
0.005508,0.007767,0.005449,0.068784,0.007735,0.003709,0.742987,0.083194,0.006080,0.068787
0.007961,0.012813,0.008401,0.062518,0.012659,0.007049,0.761461,0.054325,0.010293,0.062520
0.055528,0.082466,0.069954,0.200517,0.082467,0.017830,0.048376,0.162339,0.079997,0.200526
0.061702,0.087219,0.055835,0.236381,0.086456,0.036183,0.058956,0.082535,0.058357,0.236375
0.035030,0.083086,0.053488,0.282542,0.081833,0.013505,0.034962,0.080834,0.052177,0.282543
0.131694,0.223743,0.062147,0.083480,0.222689,0.029799,0.024497,0.040288,0.098182,0.083480
0.018115,0.031743,0.034652,0.340045,0.031364,0.013803,0.043702,0.122784,0.023741,0.340051
0.039886,0.056822,0.040000,0.218150,0.056442,0.028386,0.088010,0.204170,0.049983,0.218151
0.027279,0.040384,0.029857,0.198986,0.040066,0.019219,0.075462,0.339073,0.030682,0.198992
0.021269,0.035693,0.023858,0.318958,0.035319,0.014096,0.086186,0.118079,0.027586,0.318955
0.051363,0.079634,0.049578,0.230493,0.079339,0.071370,0.060605,0.080774,0.066351,0.230492
0.103716,0.164365,0.071244,0.157130,0.163921,0.017582,0.027387,0.047415,0.090112,0.157127
0.009211,0.017115,0.011707,0.096877,0.016891,0.006282,0.030839,0.699387,0.014812,0.096880
0.103962,0.160324,0.059280,0.100864,0.162348,0.015377,0.032787,0.036979,0.227217,0.100861
0.071628,0.115536,0.249149,0.099245,0.116807,0.013618,0.043321,0.041778,0.149674,0.099243
0.038928,0.057488,0.051451,0.235830,0.057083,0.068821,0.075256,0.137296,0.042014,0.235832
0.040342,0.066933,0.031235,0.315597,0.066452,0.011811,0.033882,0.073416,0.044738,0.315595
0.033658,0.061516,0.030583,0.226425,0.060754,0.153454,0.048730,0.108664,0.049787,0.226428
0.046535,0.065470,0.040352,0.251617,0.065101,0.024794,0.091228,0.114638,0.048645,0.251620
0.033271,0.051390,0.036609,0.203373,0.050968,0.037656,0.062077,0.282465,0.038814,0.203377
0.006809,0.010374,0.008252,0.060439,0.010280,0.008033,0.785102,0.041490,0.008781,0.060440
0.025028,0.037010,0.026963,0.236660,0.036703,0.025068,0.140484,0.206553,0.028866,0.236665
0.014496,0.023866,0.018204,0.258360,0.023580,0.012670,0.043404,0.329142,0.017919,0.258360
0.014417,0.020373,0.017313,0.104169,0.020224,0.012564,0.037002,0.653545,0.016221,0.104172
0.008203,0.010972,0.009644,0.062035,0.010893,0.009487,0.145708,0.670734,0.010287,0.062038
0.041318,0.084296,0.065294,0.257981,0.083261,0.016640,0.032330,0.094506,0.066394,0.257980
0.033674,0.049715,0.034623,0.250423,0.049264,0.036467,0.074946,0.183325,0.037134,0.250429
0.087422,0.147146,0.069956,0.154105,0.146619,0.028203,0.052969,0.067362,0.092114,0.154103
0.049312,0.060692,0.048963,0.217590,0.060432,0.043585,0.109898,0.141939,0.049996,0.217593
0.021398,0.034364,0.023757,0.305680,0.034002,0.020178,0.115215,0.112932,0.026800,0.305675
0.078359,0.115234,0.086100,0.173729,0.114212,0.027785,0.055074,0.099749,0.076028,0.173730
0.042698,0.068491,0.043288,0.244536,0.067738,0.029687,0.052764,0.153038,0.053224,0.244536
0.012322,0.020866,0.012748,0.309654,0.020612,0.009353,0.035786,0.247502,0.021497,0.309660
0.032687,0.057421,0.035635,0.251509,0.057010,0.019142,0.104812,0.152732,0.037538,0.251515
0.042859,0.066104,0.038835,0.192393,0.065560,0.032531,0.046401,0.276998,0.045927,0.192393
0.068028,0.096533,0.052194,0.195333,0.096288,0.028052,0.096816,0.087888,0.083537,0.195332
0.027404,0.047919,0.025885,0.139332,0.047630,0.013148,0.028783,0.489110,0.041459,0.139330
0.035311,0.058370,0.036121,0.283487,0.057595,0.029034,0.064856,0.107961,0.043780,0.283485
0.037407,0.062080,0.030795,0.124796,0.061349,0.428659,0.032864,0.053882,0.043375,0.124794
0.046036,0.061564,0.047806,0.146081,0.061200,0.045231,0.095518,0.295889,0.054591,0.146085
0.065151,0.116992,0.060642,0.175347,0.117302,0.022001,0.049923,0.057346,0.159953,0.175343
0.032928,0.055455,0.037845,0.241079,0.054610,0.028047,0.074444,0.193811,0.040700,0.241081
0.063386,0.098259,0.066721,0.164336,0.097168,0.034697,0.164052,0.076164,0.070883,0.164335
0.080986,0.126283,0.052977,0.142868,0.124512,0.096317,0.048534,0.091373,0.093282,0.142868
0.011528,0.018586,0.012170,0.127828,0.018359,0.010582,0.058213,0.600608,0.014294,0.127832
0.129638,0.173096,0.077486,0.095153,0.171464,0.022914,0.036645,0.042815,0.155639,0.095152
0.047728,0.062303,0.046733,0.194489,0.061997,0.036599,0.107884,0.194867,0.052909,0.194490
0.034652,0.047533,0.035979,0.234087,0.047202,0.026688,0.109564,0.191277,0.038926,0.234091
0.073939,0.145671,0.107578,0.154855,0.143250,0.020711,0.028399,0.046293,0.124455,0.154850
0.021730,0.031829,0.024817,0.170705,0.031541,0.022141,0.148991,0.350378,0.027156,0.170711
0.030979,0.066580,0.041470,0.298756,0.065461,0.021113,0.062769,0.072882,0.041241,0.298749
0.041052,0.074456,0.043582,0.266323,0.073616,0.021154,0.045630,0.079357,0.088512,0.266317
0.024321,0.039720,0.026216,0.335284,0.039348,0.015611,0.083112,0.069124,0.032005,0.335261
0.019359,0.033076,0.020508,0.129851,0.032609,0.017089,0.534809,0.059547,0.023302,0.129850
0.044589,0.060213,0.051803,0.217603,0.059900,0.046844,0.098795,0.153937,0.048710,0.217607
0.028794,0.040231,0.027627,0.306849,0.040190,0.015631,0.052185,0.149369,0.032259,0.306865
0.017755,0.035511,0.023210,0.278731,0.034952,0.020026,0.034690,0.251683,0.024711,0.278731
0.033155,0.049547,0.036928,0.293802,0.049109,0.027209,0.095506,0.082621,0.038340,0.293784
0.048110,0.087040,0.054416,0.238498,0.086202,0.026523,0.064911,0.064360,0.091455,0.238486
0.024269,0.044386,0.028673,0.336194,0.043965,0.015032,0.065452,0.066079,0.039776,0.336174
0.028753,0.056178,0.031118,0.322622,0.055397,0.014595,0.063397,0.059921,0.045416,0.322603
0.074885,0.127519,0.087826,0.187884,0.126046,0.025593,0.041269,0.061140,0.079957,0.187880
0.019034,0.032601,0.019807,0.368458,0.032149,0.012067,0.049402,0.075881,0.022167,0.368433
0.040288,0.057699,0.043493,0.278830,0.057250,0.029388,0.084238,0.085308,0.044686,0.278818
0.073818,0.107207,0.071053,0.161531,0.107318,0.024589,0.060523,0.104026,0.128400,0.161535
0.069766,0.085212,0.069958,0.181830,0.084718,0.045068,0.120607,0.094523,0.066493,0.181825
0.051206,0.084636,0.048402,0.263727,0.083433,0.024889,0.054318,0.053610,0.072069,0.263711
0.048649,0.075476,0.054459,0.234501,0.074698,0.031846,0.089522,0.080310,0.076051,0.234488
0.201426,0.191875,0.172924,0.039768,0.193224,0.018435,0.020162,0.023494,0.098925,0.039768
0.147011,0.222576,0.113791,0.033512,0.222497,0.026028,0.024822,0.025762,0.150488,0.033512
0.038234,0.072976,0.043929,0.278696,0.072092,0.022938,0.048564,0.069339,0.074544,0.278688
0.021037,0.044936,0.028625,0.344462,0.044209,0.014865,0.069094,0.059999,0.028331,0.344442
0.160622,0.221911,0.083267,0.060093,0.221562,0.018641,0.018268,0.027537,0.128009,0.060091
0.132573,0.216258,0.093607,0.040229,0.215173,0.034419,0.024876,0.027058,0.175578,0.040229
0.132573,0.216258,0.093607,0.040229,0.215173,0.034419,0.024876,0.027058,0.175578,0.040229
0.029728,0.046407,0.053773,0.242665,0.046001,0.027076,0.115656,0.151173,0.044866,0.242656
0.161792,0.244000,0.080766,0.032183,0.245649,0.016561,0.016749,0.019910,0.150206,0.032183
0.015047,0.021599,0.016267,0.076142,0.021486,0.020228,0.684056,0.050013,0.019021,0.076142
0.046650,0.064310,0.047151,0.251452,0.063937,0.035088,0.081234,0.107949,0.050780,0.251447
0.017452,0.041115,0.853538,0.003452,0.040591,0.001877,0.001971,0.002047,0.034505,0.003452
0.163459,0.171072,0.107480,0.054518,0.171925,0.034290,0.039550,0.040667,0.162521,0.054518
0.192165,0.206420,0.125111,0.033140,0.209222,0.037786,0.024055,0.020577,0.118384,0.033140
0.017642,0.023057,0.016612,0.166012,0.022955,0.012395,0.128895,0.428873,0.017541,0.166017
0.033429,0.057733,0.033798,0.309650,0.056967,0.027361,0.044358,0.089172,0.037883,0.309650
0.018126,0.032854,0.765367,0.034749,0.032716,0.010799,0.018170,0.025930,0.026540,0.034749
0.023130,0.044758,0.841936,0.002480,0.044636,0.001850,0.001582,0.001598,0.035552,0.002480
0.023207,0.048663,0.828914,0.003585,0.047688,0.002018,0.002046,0.002209,0.038085,0.003585
0.032319,0.047025,0.038946,0.288185,0.046692,0.027284,0.067364,0.122341,0.041664,0.288181
0.116544,0.206032,0.108239,0.060363,0.200720,0.033640,0.032942,0.035399,0.145757,0.060362
0.175731,0.175595,0.160645,0.011790,0.180202,0.003285,0.006705,0.005646,0.268610,0.011790
0.032636,0.049271,0.033029,0.313014,0.048999,0.012800,0.057032,0.102858,0.037333,0.313028
0.044454,0.066233,0.053148,0.246091,0.065677,0.033139,0.097619,0.097243,0.050309,0.246088
0.009500,0.016743,0.011486,0.194705,0.016559,0.006772,0.153193,0.384730,0.011596,0.194715
0.126365,0.211447,0.144905,0.013974,0.215402,0.003237,0.004818,0.005126,0.260751,0.013974
0.016235,0.023200,0.018590,0.138620,0.023083,0.007699,0.539942,0.075372,0.018634,0.138625
0.322411,0.170909,0.081029,0.014583,0.171438,0.011251,0.011197,0.010913,0.191684,0.014583
0.194289,0.231439,0.056706,0.023161,0.224859,0.007527,0.009403,0.010567,0.218889,0.023160
0.041190,0.059311,0.044244,0.257517,0.058849,0.038279,0.090725,0.105772,0.046603,0.257510
0.136851,0.206214,0.072812,0.015969,0.200013,0.007371,0.006924,0.008251,0.329626,0.015969
0.550434,0.157367,0.025262,0.006309,0.162068,0.003111,0.003248,0.003468,0.082425,0.006309
0.205442,0.167106,0.128922,0.046797,0.171101,0.021261,0.029686,0.043307,0.139581,0.046797
0.094118,0.106607,0.074881,0.153953,0.106807,0.053821,0.078169,0.086327,0.091369,0.153949
0.027427,0.039829,0.031158,0.141598,0.039550,0.240090,0.173921,0.133515,0.031309,0.141601
0.092830,0.147900,0.309719,0.055361,0.148546,0.015136,0.019752,0.024295,0.131101,0.055360
0.052814,0.172427,0.074024,0.165366,0.166334,0.013741,0.026154,0.046426,0.117350,0.165363
0.085221,0.183203,0.167628,0.068586,0.179423,0.042647,0.023404,0.031030,0.150272,0.068586
0.093774,0.131939,0.084417,0.147580,0.131371,0.048916,0.053108,0.066888,0.094431,0.147575
0.080645,0.255370,0.059067,0.044961,0.237793,0.014386,0.015049,0.021267,0.226502,0.044960
0.182416,0.208226,0.092588,0.026291,0.207705,0.022789,0.020546,0.019994,0.193154,0.026290
0.073963,0.089601,0.579765,0.021596,0.090794,0.004771,0.008341,0.009105,0.100467,0.021596
0.008729,0.014129,0.010528,0.144586,0.014003,0.006338,0.305002,0.341898,0.010192,0.144595
0.062236,0.121547,0.362103,0.054261,0.120215,0.017353,0.026300,0.027244,0.154481,0.054260
0.171256,0.199918,0.094627,0.029033,0.197280,0.012621,0.015852,0.016896,0.233485,0.029032
0.160567,0.188274,0.101812,0.079757,0.188265,0.014538,0.024854,0.040065,0.122109,0.079758
0.100824,0.144186,0.130655,0.106178,0.143709,0.027033,0.053508,0.044148,0.143582,0.106177
0.563457,0.125600,0.029763,0.022074,0.129557,0.005415,0.006941,0.008514,0.086606,0.022073
0.096163,0.103446,0.545306,0.011407,0.105021,0.006374,0.006912,0.007564,0.106401,0.011406
0.003898,0.006562,0.006299,0.179324,0.006492,0.003814,0.295149,0.313994,0.005135,0.179334
0.370642,0.164995,0.061056,0.013407,0.170254,0.010819,0.009338,0.009432,0.176652,0.013406
0.069851,0.132283,0.378412,0.042206,0.131977,0.012675,0.020617,0.018740,0.151033,0.042205
0.087333,0.105536,0.541034,0.020814,0.106767,0.006854,0.008511,0.010057,0.092280,0.020814
0.406719,0.158830,0.027835,0.034607,0.162816,0.004466,0.007333,0.009070,0.153719,0.034605
0.022157,0.041558,0.024668,0.321030,0.041146,0.010453,0.069394,0.110555,0.038005,0.321035
0.098280,0.127314,0.472590,0.017909,0.126271,0.011164,0.012412,0.011249,0.104903,0.017909
0.118748,0.164710,0.306066,0.023266,0.167465,0.006415,0.008131,0.010425,0.171508,0.023266
0.207763,0.207649,0.056258,0.043563,0.213300,0.012290,0.020933,0.019771,0.174911,0.043562
0.398670,0.210299,0.032257,0.005518,0.205225,0.003121,0.003183,0.003324,0.132885,0.005518
0.011965,0.037382,0.878439,0.005213,0.036056,0.001335,0.001821,0.002146,0.020430,0.005213
0.029854,0.062048,0.769659,0.006526,0.060844,0.002845,0.002865,0.003181,0.055652,0.006526
0.214578,0.179010,0.145400,0.045552,0.181188,0.062736,0.019971,0.020628,0.085386,0.045551
0.302424,0.193376,0.111280,0.013424,0.198905,0.008014,0.008322,0.009618,0.141212,0.013424
0.035302,0.052836,0.781192,0.007790,0.053686,0.003826,0.004176,0.004681,0.048720,0.007790
0.089329,0.157959,0.278083,0.019235,0.155808,0.007310,0.009782,0.010451,0.252807,0.019235
0.141300,0.207667,0.097170,0.057025,0.202655,0.022950,0.040233,0.034082,0.139892,0.057025
0.275768,0.200025,0.045504,0.024968,0.205156,0.013220,0.011151,0.012384,0.186854,0.024968
0.120194,0.187656,0.262813,0.009473,0.190590,0.004296,0.004192,0.004992,0.206321,0.009473
0.171983,0.188763,0.228035,0.014311,0.189134,0.007761,0.007261,0.007395,0.171046,0.014311
0.238152,0.181576,0.074366,0.040428,0.186471,0.020598,0.023551,0.026162,0.168268,0.040427
0.211899,0.214740,0.097822,0.016742,0.211714,0.013093,0.013689,0.012762,0.190797,0.016742
0.338899,0.203011,0.052402,0.008620,0.211289,0.005554,0.005347,0.005764,0.160494,0.008619
0.186501,0.260309,0.080931,0.011913,0.251973,0.005849,0.005744,0.006539,0.178330,0.011913
0.175731,0.175595,0.160645,0.011790,0.180202,0.003285,0.006705,0.005646,0.268610,0.011790
0.270578,0.200244,0.074426,0.028044,0.199600,0.016849,0.016991,0.018190,0.147034,0.028044
0.192165,0.206420,0.125111,0.033140,0.209222,0.037786,0.024055,0.020577,0.118384,0.033140
0.284320,0.211585,0.044480,0.013957,0.221016,0.003336,0.005095,0.006344,0.195911,0.013957
0.020693,0.027259,0.016664,0.344626,0.027054,0.053987,0.045371,0.098872,0.020846,0.344627
0.021091,0.041567,0.020735,0.296235,0.040921,0.054248,0.045448,0.160396,0.023113,0.296245
0.228042,0.179205,0.092334,0.038566,0.180624,0.023300,0.028721,0.027219,0.163423,0.038566
0.075465,0.070815,0.698101,0.004195,0.071608,0.002610,0.002772,0.002693,0.067546,0.004195
0.159776,0.191727,0.081560,0.061199,0.194451,0.039093,0.035063,0.033361,0.142571,0.061197
0.177350,0.218491,0.154041,0.034340,0.219410,0.016318,0.019136,0.020045,0.106529,0.034340
0.028619,0.037993,0.031749,0.223155,0.037723,0.021903,0.222781,0.138054,0.034867,0.223157
0.007070,0.012196,0.008573,0.269202,0.012030,0.005274,0.289273,0.118613,0.008564,0.269205
0.001176,0.001460,0.001536,0.005796,0.001453,0.001429,0.973304,0.006597,0.001452,0.005796
0.009921,0.014837,0.018153,0.263376,0.014733,0.009142,0.063293,0.330836,0.012325,0.263384
0.034105,0.056381,0.035615,0.294390,0.055628,0.018796,0.038402,0.129942,0.042345,0.294396
0.007184,0.009090,0.009489,0.022154,0.009049,0.006620,0.880705,0.024944,0.008610,0.022154
0.003235,0.004234,0.003737,0.008949,0.004209,0.003356,0.952134,0.007707,0.003491,0.008949
0.023398,0.034728,0.026824,0.241925,0.034423,0.020677,0.180497,0.163204,0.032393,0.241930
0.060428,0.063963,0.062981,0.166326,0.063876,0.061727,0.122610,0.169596,0.062159,0.166333
0.001678,0.002384,0.001989,0.008883,0.002365,0.001425,0.963473,0.007040,0.001879,0.008883
0.016698,0.021441,0.018030,0.088662,0.021313,0.018276,0.650700,0.057859,0.018359,0.088662
0.044758,0.049985,0.046388,0.236352,0.049852,0.047394,0.091774,0.149104,0.048036,0.236357
0.009537,0.014479,0.010978,0.087253,0.014333,0.011767,0.664789,0.087660,0.011950,0.087254
0.004009,0.006607,0.004765,0.114842,0.006546,0.003633,0.507820,0.231014,0.005917,0.114847
0.006294,0.008633,0.006922,0.113799,0.008577,0.007993,0.025347,0.701577,0.007053,0.113805
0.054176,0.080006,0.050041,0.199266,0.079281,0.132692,0.061592,0.087587,0.056094,0.199265
0.002841,0.004828,0.003721,0.112740,0.004765,0.002830,0.051241,0.700893,0.003393,0.112748
0.141900,0.194279,0.070860,0.101019,0.193091,0.017105,0.030085,0.044807,0.105836,0.101017
0.010863,0.015050,0.016878,0.089046,0.014963,0.011978,0.093597,0.645555,0.013017,0.089053
0.093524,0.114143,0.092289,0.122458,0.113804,0.086805,0.076478,0.082922,0.095120,0.122457
0.068035,0.083277,0.062802,0.178814,0.083010,0.047033,0.095581,0.124235,0.078400,0.178812
0.005666,0.009020,0.006704,0.055387,0.008926,0.030153,0.781847,0.039933,0.006978,0.055387
0.009286,0.016716,0.010062,0.400738,0.016502,0.006153,0.023502,0.102924,0.013359,0.400757
0.008825,0.013838,0.009672,0.084471,0.013697,0.007698,0.021186,0.746163,0.009978,0.084472
0.016086,0.026537,0.019215,0.342818,0.026200,0.014205,0.061597,0.130136,0.020375,0.342830
0.019127,0.029781,0.022288,0.265115,0.029450,0.016845,0.065450,0.263323,0.023498,0.265123
0.025329,0.034903,0.025046,0.185832,0.034753,0.021312,0.252979,0.197351,0.036658,0.185837
0.009500,0.016743,0.011486,0.194705,0.016559,0.006772,0.153193,0.384730,0.011596,0.194715
0.022907,0.038066,0.029063,0.306621,0.037678,0.067222,0.080259,0.082038,0.029530,0.306616
0.054480,0.066137,0.058697,0.159525,0.065789,0.068269,0.166811,0.139933,0.060833,0.159526
0.041466,0.053523,0.040107,0.209828,0.053254,0.029611,0.134008,0.183384,0.044984,0.209836
0.007903,0.011865,0.009303,0.190542,0.011778,0.005676,0.033226,0.529320,0.009836,0.190551
0.045303,0.063320,0.045405,0.243012,0.063144,0.027466,0.064612,0.154055,0.050666,0.243016
0.021223,0.027654,0.023494,0.113984,0.027519,0.022210,0.518514,0.108097,0.023320,0.113984
0.044108,0.076166,0.048863,0.260342,0.075361,0.029094,0.057419,0.091514,0.056791,0.260341
0.001217,0.001631,0.001448,0.006747,0.001620,0.001315,0.970844,0.006835,0.001597,0.006747
0.004789,0.008545,0.005662,0.276602,0.008425,0.004301,0.016988,0.391055,0.007014,0.276618
0.033258,0.049091,0.041380,0.167719,0.048616,0.027922,0.308008,0.118041,0.038243,0.167720
0.006498,0.008856,0.006820,0.030918,0.008788,0.005895,0.018906,0.874925,0.007475,0.030919
0.017688,0.026709,0.022272,0.114042,0.026436,0.019332,0.533042,0.104791,0.021645,0.114044
0.078767,0.140121,0.055853,0.156706,0.139371,0.038058,0.038146,0.047972,0.148307,0.156699
0.004683,0.007043,0.005655,0.020427,0.006997,0.003364,0.914200,0.011963,0.005240,0.020427
0.006688,0.009168,0.007634,0.065147,0.009101,0.008636,0.050964,0.769084,0.008428,0.065150
0.041550,0.075237,0.063758,0.257121,0.074616,0.028448,0.054079,0.073855,0.074226,0.257110
0.007641,0.010896,0.008686,0.093967,0.010794,0.008815,0.417127,0.339392,0.008714,0.093969
0.015690,0.022938,0.020098,0.153565,0.022771,0.017981,0.080142,0.494781,0.018463,0.153571
0.003172,0.004351,0.003400,0.041311,0.004325,0.002939,0.842100,0.053104,0.003985,0.041314
0.002565,0.004305,0.003616,0.063984,0.004263,0.001995,0.011845,0.839706,0.003734,0.063988
0.005388,0.008293,0.006431,0.247976,0.008210,0.005413,0.045695,0.417705,0.006899,0.247990
0.060428,0.063963,0.062981,0.166326,0.063876,0.061727,0.122610,0.169596,0.062159,0.166333
0.009902,0.012848,0.010688,0.102727,0.012769,0.011362,0.240701,0.485090,0.011182,0.102731
0.002356,0.003213,0.003046,0.015511,0.003191,0.002459,0.938352,0.013638,0.002724,0.015511
0.010539,0.019889,0.020113,0.292429,0.019668,0.007707,0.174349,0.146572,0.016301,0.292435
0.009551,0.016741,0.011212,0.371309,0.016533,0.007276,0.032864,0.150239,0.012953,0.371322
0.015961,0.026510,0.016250,0.367239,0.026224,0.013399,0.031616,0.115256,0.020301,0.367243
0.039432,0.052044,0.041971,0.190571,0.051691,0.036350,0.206228,0.144820,0.046319,0.190574
0.025844,0.038166,0.028983,0.222952,0.037882,0.074313,0.161282,0.158010,0.029614,0.222953
0.003102,0.004185,0.003230,0.028486,0.004156,0.010336,0.711484,0.202961,0.003573,0.028487
0.022914,0.039580,0.027323,0.301019,0.039199,0.015212,0.058588,0.166743,0.028395,0.301026
0.030408,0.042670,0.031581,0.211709,0.042327,0.023403,0.134687,0.238536,0.032962,0.211717
0.026410,0.047155,0.034662,0.288751,0.046596,0.019971,0.077299,0.123040,0.047369,0.288746
0.013828,0.023094,0.017796,0.283736,0.022864,0.008535,0.209035,0.119944,0.017424,0.283745
0.003933,0.006005,0.004194,0.077006,0.005950,0.003576,0.766028,0.051422,0.004877,0.077009
0.005391,0.007315,0.005822,0.059569,0.007272,0.005503,0.320221,0.522999,0.006335,0.059572
0.062520,0.088371,0.061196,0.157269,0.088334,0.027544,0.103361,0.177678,0.076455,0.157273
0.014694,0.020585,0.015247,0.078826,0.020430,0.030230,0.635058,0.089825,0.016276,0.078828
0.060516,0.090071,0.073692,0.202825,0.089299,0.063205,0.061778,0.082499,0.073292,0.202821
0.012689,0.023105,0.014990,0.122646,0.022789,0.011776,0.075639,0.578813,0.014904,0.122648
0.042270,0.074708,0.055084,0.262259,0.073665,0.024636,0.069493,0.075321,0.060314,0.262250
0.032262,0.051776,0.035938,0.269055,0.051186,0.037744,0.088374,0.111479,0.053137,0.269047
0.010532,0.019239,0.012542,0.403017,0.018972,0.007199,0.041026,0.069500,0.014973,0.402999
0.012981,0.020993,0.014733,0.144449,0.020773,0.014561,0.474499,0.135567,0.016987,0.144455
0.007674,0.012536,0.009558,0.254276,0.012399,0.008249,0.038544,0.392514,0.009964,0.254285
0.011695,0.019265,0.018284,0.371213,0.019066,0.008704,0.040017,0.124226,0.016310,0.371221
0.026404,0.042125,0.039164,0.322059,0.041812,0.018700,0.056377,0.098055,0.033249,0.322057
0.013986,0.025618,0.017254,0.339351,0.025314,0.009722,0.086884,0.118505,0.024016,0.339348
0.023724,0.040974,0.021393,0.364734,0.040367,0.014637,0.038655,0.064242,0.026548,0.364727
0.014364,0.022220,0.017948,0.296234,0.021990,0.014097,0.047883,0.251039,0.017976,0.296250
0.017164,0.033142,0.020659,0.334972,0.032567,0.015815,0.103625,0.084223,0.022861,0.334972
0.019624,0.038953,0.027339,0.338472,0.038460,0.009751,0.032045,0.128182,0.028691,0.338483
0.015541,0.022717,0.021372,0.198781,0.022567,0.012686,0.362613,0.125595,0.019345,0.198784
0.023638,0.037056,0.028031,0.338736,0.036692,0.016310,0.060710,0.086470,0.033619,0.338736
0.012133,0.024596,0.013614,0.410423,0.024119,0.008073,0.025298,0.053924,0.017404,0.410418
0.036792,0.050167,0.035804,0.320659,0.049899,0.019231,0.040859,0.087244,0.038702,0.320644
0.016840,0.026084,0.019104,0.340466,0.025814,0.014026,0.045248,0.151043,0.020899,0.340476
0.029215,0.046993,0.036147,0.287840,0.046438,0.032405,0.073288,0.121424,0.038406,0.287845
0.042721,0.061945,0.043370,0.266407,0.061465,0.056521,0.061204,0.088747,0.051219,0.266401
0.007889,0.015866,0.010374,0.393488,0.015627,0.005435,0.027869,0.116555,0.013403,0.393494
0.014088,0.021030,0.019842,0.313274,0.020863,0.010827,0.051326,0.217434,0.018026,0.313290
0.013497,0.025129,0.016192,0.389944,0.024758,0.009951,0.036629,0.076359,0.017596,0.389946
0.026969,0.041948,0.031323,0.312372,0.041584,0.029639,0.057750,0.114199,0.031843,0.312372
0.017643,0.026076,0.020309,0.142974,0.025829,0.021123,0.050479,0.527944,0.024645,0.142977
0.010811,0.022099,0.012513,0.380156,0.021766,0.008266,0.072791,0.073911,0.017548,0.380140
0.016355,0.031363,0.272464,0.071318,0.031288,0.007904,0.420079,0.048966,0.028943,0.071319
0.027294,0.049036,0.028571,0.344183,0.048395,0.027133,0.041159,0.053107,0.036959,0.344162
0.013440,0.019997,0.016764,0.073217,0.019838,0.013062,0.092272,0.662713,0.015477,0.073219
0.018049,0.034761,0.016889,0.332675,0.034332,0.014500,0.030501,0.148104,0.037514,0.332676
0.010484,0.018033,0.012824,0.112677,0.017844,0.009303,0.597264,0.093556,0.015333,0.112681
0.021931,0.034726,0.026244,0.295284,0.034400,0.015940,0.057760,0.187529,0.030893,0.295293
0.011186,0.016684,0.015116,0.068553,0.016555,0.041501,0.701997,0.046100,0.013756,0.068552
0.004707,0.006486,0.005089,0.043884,0.006445,0.005172,0.115231,0.764054,0.005046,0.043886
0.008231,0.011664,0.009710,0.050557,0.011578,0.007548,0.056117,0.784776,0.009259,0.050559
0.001486,0.002219,0.001920,0.027595,0.002207,0.001330,0.013745,0.919892,0.002008,0.027597
0.018858,0.027045,0.017267,0.314307,0.026851,0.010957,0.088976,0.161161,0.020258,0.314321
0.002416,0.003404,0.002775,0.038824,0.003377,0.003141,0.031853,0.872355,0.003028,0.038826
0.001348,0.001939,0.001440,0.015441,0.001925,0.001108,0.873333,0.086572,0.001451,0.015442
0.030790,0.047912,0.035440,0.206051,0.047440,0.022762,0.241425,0.127001,0.035129,0.206050
0.014512,0.026590,0.016805,0.344413,0.026187,0.030662,0.040554,0.137679,0.018177,0.344420
0.021595,0.046704,0.029136,0.351662,0.045865,0.013879,0.031126,0.055061,0.053324,0.351648
0.010423,0.015767,0.011654,0.275421,0.015619,0.007278,0.081139,0.294669,0.012590,0.275440
0.031529,0.046668,0.037840,0.192164,0.046385,0.117037,0.171431,0.120666,0.044118,0.192163
0.003207,0.004586,0.003082,0.045403,0.004548,0.004047,0.252141,0.633580,0.004000,0.045406
0.013362,0.028521,0.019895,0.361009,0.028084,0.012268,0.031907,0.115956,0.027975,0.361024
0.059171,0.086355,0.083197,0.177341,0.085663,0.053966,0.070516,0.131548,0.074900,0.177343
0.015971,0.025732,0.018327,0.330264,0.025444,0.033394,0.081786,0.116299,0.022510,0.330273
0.023926,0.041348,0.026396,0.329688,0.040843,0.020835,0.095252,0.062372,0.029672,0.329668
0.013101,0.025543,0.017757,0.298599,0.025154,0.051840,0.090895,0.159612,0.018893,0.298606
0.010530,0.017673,0.013433,0.143354,0.017474,0.011603,0.565911,0.061763,0.014910,0.143350
0.034752,0.045285,0.037858,0.155439,0.045058,0.140430,0.193752,0.145180,0.046804,0.155443
0.018714,0.023134,0.018963,0.064098,0.023072,0.013270,0.169353,0.586104,0.019191,0.064100
0.012722,0.026592,0.014419,0.394897,0.026155,0.008437,0.056119,0.047054,0.018741,0.394864
0.036469,0.063907,0.042328,0.229914,0.063063,0.160556,0.050907,0.075342,0.047607,0.229908
0.034777,0.051134,0.033066,0.290343,0.050704,0.024310,0.060770,0.125550,0.038995,0.290351
0.021999,0.034065,0.023168,0.273215,0.033818,0.019924,0.141417,0.139223,0.039950,0.273220
0.026958,0.059156,0.031002,0.309624,0.058009,0.085066,0.030289,0.051237,0.039047,0.309610
0.038774,0.064628,0.043993,0.291560,0.063946,0.036547,0.045749,0.070377,0.052873,0.291554
0.023560,0.036078,0.027618,0.187949,0.035727,0.023380,0.268971,0.179796,0.028968,0.187952
0.042887,0.068319,0.053330,0.190566,0.067646,0.039396,0.224435,0.073915,0.048943,0.190562
0.008107,0.012672,0.009298,0.099824,0.012565,0.006562,0.683593,0.057530,0.010028,0.099822
0.010368,0.013954,0.011018,0.050239,0.013857,0.010800,0.773463,0.054616,0.011446,0.050239
0.100000,0.100000,0.100000,0.100000,0.100000,0.100000,0.100000,0.100000,0.100000,0.100000
0.021775,0.025515,0.023219,0.085515,0.025421,0.021635,0.055127,0.633878,0.022397,0.085517
0.026009,0.041234,0.028540,0.295517,0.040772,0.032844,0.063056,0.145041,0.031474,0.295513
0.003827,0.008115,0.004713,0.240531,0.008007,0.002843,0.022913,0.461926,0.006585,0.240541
0.037662,0.042323,0.060907,0.072831,0.042236,0.034390,0.076634,0.522893,0.037293,0.072833
0.006352,0.007086,0.006637,0.023845,0.007073,0.006477,0.032173,0.879216,0.007293,0.023846
0.033920,0.053163,0.041928,0.228698,0.052677,0.036863,0.171426,0.112026,0.040604,0.228695
0.009520,0.012057,0.012306,0.036919,0.012008,0.012502,0.045864,0.811493,0.010410,0.036920
0.008584,0.009313,0.008838,0.023226,0.009303,0.008791,0.030117,0.870059,0.008542,0.023227
0.042415,0.053547,0.054370,0.061700,0.053312,0.094621,0.471982,0.064408,0.041945,0.061700
0.010691,0.012464,0.012281,0.042445,0.012427,0.010537,0.083504,0.763112,0.010092,0.042447
0.009585,0.010202,0.010162,0.013797,0.010196,0.009569,0.894345,0.018861,0.009487,0.013797
0.010797,0.011672,0.011160,0.014692,0.011668,0.009243,0.888561,0.016837,0.010676,0.014692
0.018638,0.023893,0.017234,0.047014,0.023756,0.018262,0.751469,0.033757,0.018965,0.047013
0.013321,0.015506,0.013680,0.024684,0.015470,0.013689,0.837860,0.027780,0.013326,0.024684
0.028644,0.032980,0.046766,0.047415,0.032884,0.022176,0.661070,0.052997,0.027653,0.047415
0.002091,0.002614,0.002339,0.005409,0.002602,0.002284,0.969691,0.005303,0.002258,0.005409
0.002528,0.003023,0.002643,0.006070,0.003011,0.003320,0.963082,0.007604,0.002647,0.006070
0.022452,0.025946,0.023789,0.031855,0.025870,0.042561,0.728167,0.044594,0.022911,0.031855
0.031391,0.035824,0.034468,0.098947,0.035714,0.039333,0.098546,0.494193,0.032633,0.098950
0.015194,0.018374,0.016156,0.070921,0.018307,0.015392,0.084075,0.674573,0.016085,0.070923
0.007947,0.010011,0.009141,0.047642,0.009966,0.006136,0.808452,0.044033,0.009029,0.047643
0.005485,0.006566,0.009250,0.008642,0.006546,0.016104,0.921705,0.011584,0.005478,0.008642
0.002082,0.002645,0.002341,0.005698,0.002633,0.003207,0.967025,0.006265,0.002406,0.005698
0.035418,0.042840,0.029527,0.057347,0.042749,0.033606,0.621358,0.047753,0.032055,0.057347
0.061222,0.074173,0.090707,0.083458,0.073928,0.153384,0.238166,0.079657,0.061847,0.083457
0.002285,0.002776,0.002779,0.006033,0.002764,0.003325,0.964630,0.006785,0.002591,0.006033
0.001779,0.001981,0.001781,0.003126,0.001975,0.008378,0.972060,0.003928,0.001866,0.003126
0.003725,0.004583,0.003942,0.007379,0.004566,0.004850,0.949372,0.008836,0.005370,0.007379
0.005799,0.006962,0.009915,0.009037,0.006941,0.017534,0.917042,0.011946,0.005787,0.009037
0.036211,0.036979,0.038144,0.034424,0.037042,0.034157,0.671466,0.038539,0.038614,0.034424
0.039843,0.053294,0.032739,0.063737,0.053035,0.045363,0.561732,0.049074,0.037445,0.063736
0.025746,0.039671,0.027798,0.290929,0.039353,0.066497,0.057222,0.128350,0.033498,0.290934
0.008510,0.016008,0.010321,0.396346,0.015772,0.005606,0.037774,0.100874,0.012433,0.396356
0.059999,0.072412,0.150148,0.074401,0.072170,0.070967,0.290336,0.072088,0.063079,0.074400
0.001020,0.001439,0.001181,0.023774,0.001429,0.001028,0.843229,0.101843,0.001282,0.023775
0.019990,0.030991,0.027069,0.314035,0.030682,0.016716,0.059154,0.161778,0.025543,0.314043
0.025975,0.044295,0.029179,0.333776,0.043772,0.016841,0.040942,0.098743,0.032709,0.333770
0.051665,0.062929,0.045977,0.071269,0.062610,0.228090,0.297223,0.057460,0.051508,0.071269
0.009150,0.017980,0.011179,0.415499,0.017679,0.007154,0.025903,0.067774,0.012185,0.415497
0.013380,0.023263,0.014700,0.379332,0.022947,0.011858,0.036410,0.102847,0.015930,0.379333
0.051195,0.065280,0.047197,0.208953,0.064871,0.061722,0.098967,0.138049,0.054817,0.208950
0.037243,0.066750,0.046851,0.245594,0.065747,0.104815,0.051435,0.088573,0.047402,0.245589
0.004888,0.009282,0.005976,0.404581,0.009146,0.003281,0.016702,0.135087,0.006458,0.404599
0.038914,0.065913,0.041490,0.298915,0.065043,0.021253,0.044415,0.078221,0.046931,0.298905
0.046093,0.065851,0.049583,0.203170,0.065380,0.044910,0.154645,0.119497,0.047700,0.203171
0.045808,0.072249,0.047225,0.238528,0.071425,0.050163,0.094847,0.074245,0.066986,0.238523
0.053425,0.079360,0.053372,0.252733,0.078694,0.032530,0.046434,0.090703,0.060018,0.252729
0.025072,0.042792,0.028766,0.329030,0.042342,0.017020,0.048201,0.105998,0.031749,0.329030
0.029047,0.043373,0.031247,0.237972,0.043014,0.026695,0.143754,0.173049,0.033877,0.237971
0.007542,0.012781,0.008314,0.253675,0.012634,0.007707,0.032679,0.402024,0.008958,0.253687
0.028077,0.046490,0.032467,0.317792,0.046017,0.019567,0.040446,0.117651,0.033701,0.317792
0.007543,0.018433,0.016029,0.411043,0.018075,0.018257,0.017822,0.069708,0.012043,0.411046
0.042123,0.062188,0.040853,0.247193,0.061610,0.029935,0.090229,0.136251,0.042421,0.247197
0.032755,0.043127,0.027021,0.248295,0.042852,0.024456,0.140299,0.159680,0.033218,0.248297
0.003983,0.005720,0.004571,0.085908,0.005678,0.003401,0.073626,0.726547,0.004651,0.085915
0.010392,0.014337,0.010885,0.101693,0.014222,0.012392,0.358463,0.364242,0.011676,0.101698
0.028507,0.035905,0.031314,0.160083,0.035759,0.027447,0.210068,0.279582,0.031250,0.160087
0.045774,0.066396,0.045866,0.218357,0.065853,0.036637,0.119553,0.131500,0.051704,0.218360
0.056760,0.071698,0.063930,0.183480,0.071452,0.049305,0.097106,0.159104,0.063681,0.183485
0.020860,0.033175,0.026887,0.329077,0.032795,0.022048,0.045782,0.130419,0.029869,0.329087
0.011697,0.019629,0.012277,0.177519,0.019405,0.011623,0.033299,0.522146,0.014885,0.177521
0.027688,0.041558,0.027094,0.303066,0.041146,0.022777,0.047689,0.154071,0.031839,0.303071
0.076459,0.111097,0.079842,0.168053,0.109930,0.062374,0.061629,0.077666,0.084900,0.168050
0.027827,0.044888,0.029777,0.320342,0.044343,0.023984,0.042091,0.113100,0.033302,0.320347
0.072125,0.075605,0.078929,0.139264,0.075532,0.073031,0.082999,0.189294,0.073954,0.139267
0.005742,0.009298,0.005993,0.091654,0.009184,0.005878,0.025544,0.746747,0.008303,0.091657
0.041275,0.054493,0.043546,0.200161,0.054208,0.031426,0.103363,0.223781,0.047583,0.200163
0.015374,0.026121,0.015635,0.321174,0.025807,0.009787,0.041569,0.204355,0.018994,0.321185
0.098314,0.116088,0.130978,0.092050,0.115975,0.073230,0.096333,0.080309,0.104674,0.092050
0.061638,0.081756,0.065179,0.129939,0.081500,0.057801,0.232893,0.082980,0.076376,0.129938
0.010424,0.016568,0.012571,0.234993,0.016365,0.010824,0.060078,0.390876,0.012291,0.235012
0.013937,0.025168,0.014452,0.364957,0.024803,0.012816,0.036977,0.125487,0.016443,0.364961
0.020730,0.038964,0.021327,0.314063,0.038336,0.074656,0.055458,0.089884,0.032520,0.314062
0.025342,0.035546,0.026687,0.082455,0.035245,0.608247,0.039149,0.036531,0.028345,0.082453
0.049617,0.079329,0.046329,0.279409,0.079230,0.025699,0.042697,0.066893,0.051394,0.279402
0.009314,0.013769,0.009515,0.232361,0.013652,0.010070,0.102647,0.365943,0.010354,0.232374
0.028716,0.035586,0.037267,0.212314,0.035414,0.026456,0.146441,0.233829,0.031660,0.212318
0.000795,0.001106,0.000791,0.019719,0.001096,0.000789,0.004615,0.950453,0.000914,0.019721
0.031880,0.044444,0.029742,0.299430,0.044187,0.026717,0.056758,0.134863,0.032544,0.299436
0.046928,0.068924,0.058866,0.247072,0.068375,0.029517,0.057377,0.113883,0.061983,0.247075
0.010249,0.016244,0.012615,0.237934,0.016075,0.011804,0.035977,0.407900,0.013260,0.237941
0.019170,0.037011,0.023746,0.357806,0.036475,0.011682,0.051165,0.072622,0.032524,0.357800
0.013121,0.026396,0.015537,0.399479,0.025960,0.020260,0.028405,0.053468,0.017908,0.399466
0.011130,0.017205,0.014360,0.134166,0.017055,0.009580,0.170369,0.477497,0.014469,0.134169
0.075530,0.120847,0.094043,0.155682,0.120065,0.049470,0.061543,0.070162,0.096979,0.155680
0.035758,0.049186,0.034187,0.092954,0.048871,0.498130,0.053257,0.057822,0.036882,0.092953
0.029795,0.042200,0.029411,0.214924,0.041807,0.029403,0.076162,0.288145,0.033218,0.214934
0.013510,0.021237,0.017306,0.341283,0.021024,0.008152,0.056358,0.163054,0.016782,0.341294
0.001507,0.002001,0.001588,0.021941,0.001989,0.001316,0.860374,0.085596,0.001746,0.021942
0.006144,0.010627,0.007611,0.229736,0.010503,0.006038,0.239463,0.250554,0.009571,0.229752
0.001147,0.002212,0.001357,0.052344,0.002184,0.002152,0.006616,0.877484,0.002156,0.052347
0.018922,0.027298,0.018296,0.235246,0.027062,0.016451,0.186936,0.213225,0.021309,0.235256
0.017566,0.025238,0.021959,0.272534,0.025049,0.016495,0.084785,0.242942,0.020888,0.272543
0.005730,0.007666,0.006384,0.071779,0.007626,0.005674,0.049165,0.767939,0.006254,0.071782
0.029417,0.041018,0.034257,0.210215,0.040761,0.028095,0.177020,0.187245,0.041752,0.210221
0.024654,0.037664,0.024655,0.272151,0.037354,0.052859,0.078338,0.166981,0.033184,0.272161
0.017642,0.023057,0.016612,0.166012,0.022955,0.012395,0.128895,0.428873,0.017541,0.166017
0.017749,0.033529,0.017253,0.355825,0.033048,0.008283,0.060538,0.087728,0.030224,0.355823
0.008729,0.014129,0.010528,0.144586,0.014003,0.006338,0.305002,0.341898,0.010192,0.144595
0.021386,0.034956,0.025795,0.265341,0.034659,0.016882,0.103787,0.206061,0.025782,0.265350
0.012442,0.026356,0.017639,0.402259,0.025949,0.008247,0.027938,0.058598,0.018322,0.402251
0.008899,0.014810,0.010501,0.230578,0.014611,0.018409,0.043143,0.417447,0.011007,0.230595
0.071537,0.096099,0.069235,0.193450,0.095673,0.046997,0.073917,0.081340,0.078308,0.193444
0.013797,0.022419,0.014384,0.298987,0.022082,0.010288,0.064793,0.238491,0.015750,0.299009
0.025575,0.046380,0.038217,0.322210,0.045724,0.020027,0.066679,0.077357,0.035628,0.322203
0.021917,0.031942,0.024529,0.208582,0.031683,0.025310,0.151532,0.270133,0.025788,0.208585
0.040121,0.056259,0.038674,0.131899,0.055880,0.205666,0.126491,0.171926,0.041186,0.131898
0.017411,0.022440,0.019022,0.121168,0.022280,0.016992,0.328412,0.310519,0.020584,0.121171
0.007562,0.011405,0.008834,0.075751,0.011295,0.008893,0.466623,0.325454,0.008432,0.075752
0.014834,0.023330,0.015727,0.336958,0.023061,0.010758,0.050283,0.166212,0.021863,0.336973
0.015344,0.031840,0.018343,0.393336,0.031204,0.009069,0.031773,0.053219,0.022545,0.393328
0.010859,0.021756,0.013694,0.359147,0.021406,0.008924,0.029995,0.158571,0.016484,0.359163
0.018162,0.027713,0.021881,0.317036,0.027467,0.016176,0.049467,0.180580,0.024477,0.317041
0.002944,0.003960,0.003001,0.025031,0.003940,0.003359,0.261892,0.667793,0.003046,0.025032
0.003174,0.005140,0.003938,0.159509,0.005088,0.002653,0.012545,0.643356,0.005085,0.159511
0.014209,0.021617,0.021328,0.125004,0.021451,0.010846,0.121650,0.522716,0.016172,0.125008
0.046650,0.064310,0.047151,0.251452,0.063937,0.035088,0.081234,0.107949,0.050780,0.251447
0.049157,0.072886,0.052716,0.216520,0.072334,0.051910,0.092192,0.120571,0.055199,0.216514
0.034113,0.053167,0.038186,0.214143,0.052697,0.032911,0.062125,0.261085,0.037422,0.214151
0.014004,0.024536,0.021330,0.362649,0.024239,0.013487,0.038704,0.116982,0.021412,0.362657
0.009403,0.014233,0.008874,0.158515,0.014122,0.008130,0.280651,0.336684,0.010865,0.158523
0.041457,0.068038,0.050696,0.252303,0.067471,0.023632,0.059803,0.125258,0.059031,0.252309
0.021058,0.030543,0.021968,0.155703,0.030324,0.283656,0.058835,0.218807,0.023401,0.155705
0.080965,0.090619,0.078868,0.109799,0.090490,0.066691,0.202515,0.087984,0.082268,0.109799
0.007876,0.012518,0.010183,0.086111,0.012415,0.006037,0.348567,0.420547,0.009630,0.086115
0.001659,0.002795,0.001931,0.055266,0.002763,0.001826,0.010669,0.865679,0.002143,0.055269
0.013913,0.023030,0.016284,0.365064,0.022737,0.010376,0.047169,0.118963,0.017388,0.365076
0.006343,0.008930,0.008244,0.105730,0.008867,0.006263,0.485920,0.256483,0.007484,0.105737
0.027049,0.046273,0.029622,0.312250,0.045714,0.018490,0.048130,0.125881,0.034335,0.312257
0.015038,0.026327,0.016796,0.277182,0.026000,0.025238,0.047118,0.269124,0.019978,0.277199
0.012046,0.018508,0.013415,0.254202,0.018327,0.009798,0.096556,0.306727,0.016204,0.254218
0.006441,0.011320,0.007511,0.368089,0.011178,0.004465,0.027169,0.187308,0.008406,0.368113
0.018922,0.031483,0.018916,0.312558,0.031122,0.023885,0.078886,0.150423,0.021243,0.312563
0.026299,0.039924,0.027475,0.238066,0.039580,0.025943,0.200508,0.132925,0.031218,0.238064
0.053719,0.082202,0.066914,0.218744,0.081425,0.050024,0.069238,0.092794,0.066201,0.218740
0.025432,0.034987,0.029276,0.212360,0.034729,0.023630,0.089640,0.307674,0.029906,0.212365
0.040601,0.054567,0.042059,0.191304,0.054099,0.154198,0.117944,0.110894,0.043032,0.191301
0.067282,0.099522,0.053531,0.135438,0.098899,0.238446,0.045953,0.053876,0.071620,0.135434
0.033612,0.047386,0.032135,0.225258,0.047030,0.028632,0.168338,0.152410,0.039938,0.225262
0.021575,0.033957,0.020735,0.137249,0.033680,0.014421,0.032013,0.545565,0.023553,0.137253
0.010578,0.017571,0.012127,0.211693,0.017366,0.009943,0.162354,0.334398,0.012266,0.211703
0.033713,0.063471,0.034534,0.292457,0.062692,0.018237,0.048008,0.114280,0.040156,0.292451
0.002988,0.004736,0.003312,0.092698,0.004688,0.003426,0.051384,0.740304,0.003762,0.092703
0.053248,0.065714,0.081529,0.181216,0.065355,0.044509,0.087885,0.172623,0.066699,0.181219
0.012203,0.017822,0.012650,0.091131,0.017667,0.008787,0.664666,0.070074,0.013869,0.091131
0.018958,0.027468,0.022123,0.164246,0.027250,0.019283,0.185208,0.349402,0.021811,0.164250
0.018428,0.030705,0.021346,0.252969,0.030370,0.017994,0.108329,0.244266,0.022615,0.252979
0.023367,0.040716,0.029958,0.293220,0.040394,0.023340,0.052587,0.167025,0.036177,0.293216
0.005617,0.007709,0.005630,0.120442,0.007640,0.006043,0.593080,0.127143,0.006246,0.120451
0.001982,0.002943,0.002208,0.014206,0.002913,0.006908,0.939481,0.012895,0.002259,0.014206
0.040631,0.068389,0.064824,0.212420,0.067637,0.020276,0.117982,0.151147,0.044270,0.212424
0.007365,0.011288,0.008479,0.206070,0.011189,0.006158,0.272284,0.261170,0.009917,0.206080
0.002004,0.003277,0.002162,0.072641,0.003240,0.001959,0.714559,0.124923,0.002591,0.072646
0.014000,0.025732,0.016737,0.290223,0.025407,0.010851,0.036334,0.271197,0.019278,0.290240
0.007749,0.013620,0.009768,0.352028,0.013454,0.007690,0.048097,0.184004,0.011540,0.352048
0.015952,0.024371,0.018244,0.205678,0.024141,0.017675,0.178340,0.287959,0.021957,0.205683
0.014726,0.024111,0.016843,0.276307,0.023850,0.012865,0.074300,0.258083,0.022596,0.276319
0.013672,0.022541,0.013297,0.262621,0.022297,0.009742,0.069547,0.305205,0.018445,0.262633
0.011223,0.019875,0.013475,0.327574,0.019625,0.008527,0.073426,0.180557,0.018134,0.327584
0.002351,0.003008,0.002349,0.017162,0.002992,0.002067,0.577561,0.372931,0.002416,0.017162
0.055368,0.077613,0.059494,0.199498,0.076859,0.062316,0.076254,0.117144,0.075956,0.199498
0.022364,0.029079,0.024132,0.181201,0.028942,0.021686,0.101694,0.385153,0.024544,0.181205
0.007083,0.010051,0.008134,0.117147,0.010023,0.004949,0.553467,0.164024,0.007967,0.117155
0.004401,0.005530,0.005003,0.021495,0.005508,0.004308,0.902085,0.025340,0.004834,0.021495
0.022674,0.033818,0.020869,0.198351,0.033526,0.016535,0.056128,0.393819,0.025924,0.198357
0.009727,0.015294,0.011177,0.217056,0.015136,0.008475,0.056777,0.438178,0.011117,0.217064
0.029583,0.044342,0.030596,0.227742,0.044038,0.025777,0.062225,0.266081,0.041868,0.227749
0.032058,0.050643,0.038889,0.266979,0.050085,0.023360,0.061108,0.173932,0.035966,0.266981
0.014868,0.021438,0.015207,0.305502,0.021322,0.011222,0.089061,0.191084,0.024780,0.305515
0.000887,0.001355,0.001011,0.027901,0.001343,0.000966,0.007276,0.930270,0.001089,0.027903
0.030868,0.043172,0.032008,0.193655,0.043118,0.023933,0.102730,0.300975,0.035877,0.193661
0.005278,0.009114,0.005523,0.154653,0.009014,0.005182,0.024292,0.626018,0.006266,0.154660
0.002262,0.003068,0.002520,0.023047,0.003044,0.002752,0.897477,0.040156,0.002627,0.023048
0.021727,0.030397,0.021399,0.268330,0.030299,0.012104,0.079272,0.244217,0.023913,0.268342
0.003964,0.005901,0.004514,0.042563,0.005846,0.003725,0.014924,0.871556,0.004443,0.042565
0.008458,0.012919,0.008008,0.110198,0.012799,0.007265,0.024439,0.696238,0.009471,0.110203
0.012063,0.019259,0.013127,0.134395,0.019054,0.010882,0.483829,0.154680,0.018310,0.134400
0.014220,0.019379,0.016278,0.065102,0.019246,0.013433,0.720716,0.050983,0.015543,0.065102
0.022524,0.033635,0.026982,0.302933,0.033375,0.020314,0.066842,0.163883,0.026569,0.302944
0.020561,0.025726,0.022182,0.102824,0.025603,0.017606,0.310144,0.350933,0.021595,0.102826
0.017155,0.026447,0.020445,0.342707,0.026222,0.013616,0.047567,0.139753,0.023362,0.342725
0.007242,0.011383,0.008046,0.122284,0.011268,0.006528,0.029437,0.673272,0.008252,0.122288
0.008911,0.014897,0.011076,0.163320,0.014722,0.010174,0.425506,0.177171,0.010895,0.163328
0.018255,0.025129,0.019264,0.071669,0.024961,0.016549,0.685868,0.044694,0.021942,0.071668
0.026245,0.040334,0.031223,0.250919,0.039973,0.021517,0.201113,0.103520,0.034241,0.250914
0.024599,0.040848,0.025172,0.243771,0.040480,0.020825,0.096249,0.234240,0.030042,0.243774
0.028871,0.047870,0.038273,0.301627,0.047300,0.021044,0.060849,0.117811,0.034724,0.301631
0.013891,0.021737,0.014107,0.204256,0.021517,0.029761,0.047672,0.427620,0.015169,0.204270
0.010389,0.016235,0.013225,0.077528,0.016087,0.008078,0.708880,0.059004,0.013046,0.077528
0.011656,0.016093,0.012521,0.128411,0.015984,0.012551,0.580410,0.080972,0.012990,0.128412
0.018165,0.042837,0.019944,0.378007,0.042073,0.010376,0.032178,0.049820,0.028615,0.377985
0.004420,0.006344,0.005239,0.069031,0.006292,0.004228,0.755050,0.074766,0.005598,0.069032
0.016285,0.027649,0.018716,0.191045,0.027314,0.011241,0.423490,0.071474,0.021742,0.191043
0.001831,0.002684,0.002231,0.030771,0.002661,0.002184,0.837141,0.087510,0.002214,0.030772
0.001228,0.001863,0.001524,0.039870,0.001845,0.001214,0.149590,0.761447,0.001547,0.039872
0.013657,0.020819,0.014378,0.318249,0.020723,0.008582,0.042495,0.226867,0.015970,0.318259
0.003678,0.004869,0.004601,0.054217,0.004835,0.004360,0.770506,0.094314,0.004400,0.054218
0.004292,0.007728,0.008030,0.220911,0.007656,0.003063,0.072224,0.448702,0.006481,0.220912
0.025210,0.036974,0.026856,0.273684,0.036645,0.016880,0.063626,0.216066,0.030366,0.273693
0.006546,0.010744,0.008176,0.104027,0.010635,0.005518,0.688725,0.053895,0.007705,0.104028
0.011798,0.018616,0.012358,0.271088,0.018395,0.009127,0.137818,0.234540,0.015163,0.271097
0.033414,0.056995,0.552615,0.052752,0.056746,0.012932,0.097211,0.043614,0.040970,0.052751
0.021322,0.032496,0.025827,0.267351,0.032206,0.018771,0.137678,0.170206,0.026789,0.267355
0.047176,0.078006,0.055883,0.205229,0.077281,0.090024,0.104017,0.077330,0.059825,0.205228
0.015884,0.029394,0.235710,0.087998,0.029213,0.009281,0.374283,0.106029,0.024209,0.087999
0.018265,0.026403,0.025519,0.108592,0.026273,0.011533,0.507785,0.140409,0.026628,0.108592
0.014121,0.020915,0.017839,0.157615,0.020743,0.018603,0.318684,0.256257,0.017605,0.157620
0.032137,0.047408,0.044622,0.274825,0.047055,0.034479,0.087304,0.109555,0.047792,0.274823
0.034427,0.047374,0.063789,0.144745,0.047108,0.174865,0.148790,0.152937,0.041219,0.144746
0.038884,0.056814,0.045697,0.217494,0.056317,0.041354,0.160561,0.122872,0.042510,0.217497
0.025618,0.056039,0.063126,0.145927,0.055650,0.017587,0.190188,0.244020,0.055914,0.145930
0.023262,0.041498,0.025778,0.306789,0.041095,0.021143,0.099952,0.104834,0.028861,0.306789
0.016025,0.024437,0.019452,0.308838,0.024226,0.012653,0.081537,0.186270,0.017718,0.308843
0.011129,0.018805,0.011035,0.379369,0.018602,0.008129,0.032291,0.126397,0.014857,0.379386
0.033429,0.057733,0.033798,0.309650,0.056967,0.027361,0.044358,0.089172,0.037883,0.309650
0.019283,0.031461,0.019614,0.273814,0.031050,0.013786,0.049791,0.264858,0.022523,0.273820
0.036856,0.062291,0.039668,0.242627,0.061882,0.060253,0.078072,0.121967,0.053754,0.242630
0.002227,0.003491,0.002232,0.075891,0.003455,0.002179,0.017392,0.814477,0.002760,0.075895
0.037592,0.064214,0.043389,0.183338,0.063419,0.144514,0.164511,0.071407,0.044282,0.183333
0.055607,0.071270,0.056199,0.073578,0.071050,0.338087,0.146580,0.062767,0.051283,0.073578
0.005123,0.007433,0.006927,0.036955,0.007385,0.003892,0.859642,0.029441,0.006246,0.036956
0.018257,0.035727,0.021855,0.331287,0.035311,0.011647,0.038898,0.140316,0.035419,0.331282
0.001098,0.001711,0.001233,0.048230,0.001695,0.001090,0.048608,0.846761,0.001341,0.048233
0.004185,0.005393,0.003889,0.040998,0.005393,0.003360,0.019060,0.872168,0.004554,0.041000
0.018611,0.024914,0.021299,0.095954,0.024791,0.016424,0.537996,0.138027,0.026027,0.095958
0.021232,0.024548,0.017324,0.065681,0.024435,0.011853,0.689537,0.055612,0.024095,0.065683
0.003076,0.004546,0.003001,0.049768,0.004509,0.003139,0.059691,0.818282,0.004216,0.049771
0.023397,0.032301,0.028601,0.123081,0.032111,0.025055,0.426681,0.151649,0.034042,0.123084
0.034644,0.049747,0.040257,0.259323,0.049229,0.030334,0.080541,0.158614,0.037984,0.259328
0.001370,0.002149,0.002041,0.030973,0.002129,0.001232,0.010589,0.916972,0.001570,0.030975
0.017406,0.028055,0.019751,0.222278,0.027894,0.011704,0.115724,0.304881,0.030020,0.222287
0.024286,0.030615,0.021320,0.242540,0.030458,0.014746,0.059189,0.299591,0.034708,0.242548
0.011715,0.017979,0.014804,0.277515,0.017814,0.011569,0.058103,0.297026,0.015947,0.277529
0.041875,0.061586,0.045818,0.169320,0.061060,0.251698,0.072057,0.080712,0.046560,0.169315
0.011340,0.016756,0.012279,0.097897,0.016598,0.012876,0.468122,0.253368,0.012866,0.097899
0.002928,0.004594,0.003427,0.067561,0.004548,0.003396,0.021682,0.820771,0.003528,0.067565
0.037268,0.056321,0.037642,0.154327,0.055970,0.034450,0.346408,0.079135,0.044156,0.154323
0.017050,0.029067,0.022074,0.354534,0.028772,0.046146,0.034624,0.090757,0.022439,0.354538
0.009315,0.013401,0.010849,0.145956,0.013294,0.014710,0.057980,0.576574,0.011961,0.145958
0.020420,0.032468,0.020326,0.314017,0.032143,0.020624,0.058009,0.155054,0.032912,0.314026
0.044883,0.086441,0.065945,0.241633,0.085674,0.024100,0.056278,0.075628,0.077794,0.241625
0.010108,0.018881,0.014680,0.129336,0.018632,0.014960,0.576858,0.069481,0.017727,0.129337
0.048110,0.087040,0.054416,0.238498,0.086202,0.026523,0.064911,0.064360,0.091455,0.238486
0.024269,0.044386,0.028673,0.336194,0.043965,0.015032,0.065452,0.066079,0.039776,0.336174
0.035166,0.058544,0.034479,0.314130,0.057791,0.019383,0.053733,0.073308,0.039354,0.314112
0.019034,0.032601,0.019807,0.368458,0.032149,0.012067,0.049402,0.075881,0.022167,0.368433
0.069766,0.085212,0.069958,0.181830,0.084718,0.045068,0.120607,0.094523,0.066493,0.181825
0.051206,0.084636,0.048402,0.263727,0.083433,0.024889,0.054318,0.053610,0.072069,0.263711
0.048649,0.075476,0.054459,0.234501,0.074698,0.031846,0.089522,0.080310,0.076051,0.234488
0.028753,0.056178,0.031118,0.322622,0.055397,0.014595,0.063397,0.059921,0.045416,0.322603
0.043171,0.056319,0.043997,0.210869,0.055890,0.052985,0.107484,0.171236,0.047176,0.210873
0.033155,0.049547,0.036928,0.293802,0.049109,0.027209,0.095506,0.082621,0.038340,0.293784
0.022157,0.041558,0.024668,0.321030,0.041146,0.010453,0.069394,0.110555,0.038005,0.321035
0.019555,0.030705,0.019120,0.303593,0.030540,0.010430,0.045564,0.215095,0.021790,0.303607
0.021971,0.035939,0.025438,0.274121,0.035504,0.018478,0.186582,0.099372,0.028481,0.274113
0.030052,0.052874,0.032182,0.326636,0.052126,0.019140,0.040448,0.088125,0.031785,0.326632
0.005023,0.007664,0.005447,0.035330,0.007583,0.013383,0.842137,0.041098,0.007004,0.035331
0.022815,0.041567,0.026361,0.366258,0.041008,0.018488,0.033728,0.051524,0.032015,0.366236
0.026191,0.045091,0.033501,0.316515,0.044624,0.018932,0.041758,0.120511,0.036357,0.316519
0.012533,0.025023,0.014127,0.340041,0.024704,0.007990,0.044052,0.169852,0.021634,0.340046
0.007240,0.011777,0.007622,0.161534,0.011674,0.005754,0.155574,0.468465,0.008822,0.161540
0.040288,0.057699,0.043493,0.278830,0.057250,0.029388,0.084238,0.085308,0.044686,0.278818
0.016802,0.027606,0.028817,0.140818,0.027330,0.010950,0.437406,0.139637,0.029814,0.140820
0.010568,0.018641,0.011483,0.225944,0.018476,0.016095,0.270879,0.186910,0.015054,0.225950
0.009881,0.014293,0.011303,0.219878,0.014177,0.009242,0.362221,0.127781,0.011340,0.219884
0.016544,0.027540,0.018511,0.270427,0.027230,0.022535,0.061689,0.263609,0.021479,0.270437
0.000649,0.000936,0.000738,0.015876,0.000928,0.000617,0.004348,0.959278,0.000754,0.015877
0.005078,0.009558,0.006202,0.235824,0.009431,0.005879,0.019463,0.464228,0.008505,0.235831
0.005974,0.010587,0.007923,0.255531,0.010460,0.005325,0.214400,0.225660,0.008592,0.255548
0.010988,0.021523,0.009945,0.389915,0.021342,0.018917,0.024705,0.098663,0.014084,0.389917
0.042713,0.075376,0.483032,0.084777,0.074854,0.024962,0.035200,0.036163,0.058150,0.084775
0.016016,0.024956,0.017620,0.292806,0.024691,0.015659,0.068680,0.226647,0.020109,0.292816
0.020027,0.036433,0.022386,0.339549,0.036108,0.015140,0.039474,0.117851,0.033484,0.339548
0.036977,0.046315,0.037274,0.141044,0.046188,0.026506,0.373502,0.108138,0.043008,0.141046
0.017917,0.028692,0.020087,0.269338,0.028407,0.014822,0.196750,0.130910,0.023741,0.269337
0.019587,0.038630,0.021411,0.381328,0.038066,0.014922,0.026179,0.053070,0.025489,0.381318
0.010606,0.014840,0.012832,0.210207,0.014722,0.012250,0.120451,0.380491,0.013389,0.210213
0.012398,0.019744,0.015286,0.285588,0.019543,0.013131,0.094140,0.238453,0.016119,0.285598
0.016945,0.036118,0.025614,0.336852,0.035491,0.012515,0.042940,0.126395,0.030277,0.336852
0.026027,0.038307,0.025898,0.266562,0.037979,0.011562,0.047397,0.253682,0.026005,0.266580
0.012490,0.020258,0.013433,0.195229,0.020068,0.009801,0.302075,0.214871,0.016539,0.195237
0.009051,0.019148,0.010735,0.390058,0.018901,0.010178,0.027892,0.105882,0.018079,0.390075
0.019471,0.028343,0.019155,0.286051,0.028089,0.022219,0.059239,0.230354,0.021025,0.286055
0.022653,0.035183,0.030329,0.136073,0.034842,0.019751,0.469445,0.088757,0.026893,0.136073
0.044109,0.059736,0.208223,0.099476,0.059698,0.030894,0.226313,0.121578,0.050495,0.099478
0.007290,0.010939,0.008408,0.179346,0.010853,0.008761,0.095509,0.490840,0.008696,0.179358
0.000440,0.000643,0.000514,0.009478,0.000638,0.000462,0.002637,0.975180,0.000529,0.009479
0.001169,0.001777,0.001312,0.022719,0.001759,0.001292,0.005865,0.940016,0.001369,0.022721
0.020552,0.041250,0.029306,0.327612,0.040817,0.012642,0.037149,0.123721,0.039335,0.327616
0.001261,0.001832,0.001487,0.021296,0.001816,0.001221,0.005407,0.942939,0.001443,0.021298
0.002612,0.005089,0.003186,0.348663,0.005011,0.002012,0.020773,0.260007,0.003960,0.348686
0.031685,0.054420,0.034198,0.271924,0.053900,0.029705,0.053111,0.140853,0.058282,0.271922
0.041920,0.061734,0.053343,0.216119,0.061256,0.033111,0.091625,0.169107,0.055666,0.216117
0.056330,0.067784,0.054486,0.182276,0.067747,0.038216,0.112130,0.181488,0.057262,0.182279
0.010057,0.013472,0.011753,0.087710,0.013390,0.012360,0.120603,0.629756,0.013186,0.087712
0.030999,0.049247,0.036892,0.149624,0.049043,0.021014,0.079334,0.389774,0.044449,0.149625
0.030320,0.046521,0.032963,0.296647,0.046100,0.019824,0.063642,0.128604,0.038738,0.296643
0.004981,0.006879,0.006481,0.164574,0.006822,0.006270,0.102030,0.531556,0.005819,0.164588
0.003041,0.003794,0.003242,0.028317,0.003776,0.003424,0.015961,0.906850,0.003277,0.028319
0.020119,0.036034,0.024363,0.298901,0.035533,0.015002,0.127538,0.113529,0.030070,0.298911
0.054749,0.084088,0.051889,0.125492,0.083224,0.279836,0.071728,0.061526,0.061979,0.125489
0.016481,0.026366,0.017151,0.279726,0.026122,0.011977,0.067458,0.255547,0.019429,0.279743
0.005546,0.007383,0.006048,0.101683,0.007336,0.005659,0.027949,0.729381,0.007326,0.101690
0.008044,0.014416,0.024373,0.085738,0.014291,0.004999,0.629063,0.123158,0.010179,0.085740
0.018443,0.029014,0.020437,0.300477,0.028604,0.014618,0.104972,0.158862,0.024079,0.300495
0.019196,0.033945,0.020564,0.132054,0.033502,0.042817,0.038468,0.522729,0.024671,0.132056
0.043416,0.066156,0.050402,0.256799,0.065605,0.041574,0.059771,0.106327,0.053157,0.256793
0.006635,0.010015,0.007068,0.082529,0.009949,0.007598,0.023212,0.762231,0.008231,0.082533
0.063386,0.098259,0.066721,0.164336,0.097168,0.034697,0.164052,0.076164,0.070883,0.164335
0.008814,0.015578,0.009710,0.222818,0.015370,0.006937,0.181951,0.302404,0.013593,0.222826
0.018827,0.021269,0.014412,0.032579,0.021161,0.008226,0.805715,0.027220,0.018013,0.032579
0.021874,0.041356,0.034521,0.305737,0.040826,0.029809,0.040867,0.150234,0.029029,0.305747
0.006759,0.009706,0.008646,0.082822,0.009630,0.005883,0.038053,0.747428,0.008246,0.082826
0.038085,0.060034,0.039913,0.248083,0.059442,0.033742,0.056211,0.175293,0.041120,0.248077
0.005941,0.007719,0.006742,0.042648,0.007678,0.007564,0.048021,0.824457,0.006578,0.042650
0.009277,0.018740,0.010882,0.418577,0.018446,0.006437,0.022822,0.060209,0.016049,0.418562
0.042086,0.058236,0.048652,0.241677,0.057922,0.033751,0.083206,0.144238,0.048556,0.241676
0.027352,0.032864,0.025467,0.089406,0.032718,0.033773,0.549913,0.090066,0.029036,0.089406
0.021254,0.034652,0.024098,0.297846,0.034266,0.033656,0.058428,0.162811,0.035138,0.297851
0.011931,0.015696,0.012056,0.201639,0.015596,0.009843,0.047022,0.470966,0.013598,0.201653
0.005547,0.007825,0.005319,0.088123,0.007757,0.005114,0.021345,0.764663,0.006178,0.088128
0.014309,0.024882,0.019477,0.240942,0.024578,0.011307,0.193677,0.209681,0.020197,0.240951
0.002256,0.003195,0.002428,0.033779,0.003174,0.002212,0.016306,0.900389,0.002481,0.033780
0.007023,0.010630,0.007471,0.100004,0.010533,0.012176,0.155882,0.587503,0.008770,0.100007
0.028559,0.041685,0.030287,0.263100,0.041294,0.030250,0.070617,0.199144,0.031961,0.263103
0.008196,0.014151,0.010687,0.258160,0.014011,0.005936,0.026968,0.392813,0.010905,0.258171
0.026821,0.042268,0.024000,0.242806,0.041840,0.021522,0.050043,0.280421,0.027467,0.242811
0.007753,0.013711,0.010084,0.173524,0.013555,0.007765,0.023807,0.565348,0.010926,0.173527
0.010262,0.015098,0.010531,0.134379,0.014968,0.007463,0.029083,0.632348,0.011484,0.134383
0.050355,0.076375,0.049761,0.171456,0.075908,0.077979,0.182449,0.094233,0.050032,0.171453
0.038234,0.072976,0.043929,0.278696,0.072092,0.022938,0.048564,0.069339,0.074544,0.278688
0.009975,0.013591,0.010614,0.076130,0.013512,0.009150,0.026426,0.753522,0.010947,0.076133
0.007818,0.012807,0.008246,0.142928,0.012664,0.014017,0.309216,0.338843,0.010528,0.142935
0.016235,0.023200,0.018590,0.138620,0.023083,0.007699,0.539942,0.075372,0.018634,0.138625
0.032636,0.049271,0.033029,0.313014,0.048999,0.012800,0.057032,0.102858,0.037333,0.313028
0.015608,0.031983,0.017120,0.375965,0.031506,0.031035,0.037617,0.061903,0.021306,0.375956
0.018189,0.027516,0.020951,0.307066,0.027265,0.018918,0.076740,0.171573,0.024711,0.307070
0.009085,0.015892,0.010529,0.194485,0.015700,0.006619,0.061339,0.479245,0.012609,0.194495
0.021091,0.041567,0.020735,0.296235,0.040921,0.054248,0.045448,0.160396,0.023113,0.296245
0.012388,0.023796,0.016111,0.347167,0.023490,0.014261,0.050850,0.131806,0.032953,0.347177
0.006165,0.010500,0.006357,0.088008,0.010379,0.005340,0.024508,0.752343,0.008388,0.088013
0.004771,0.007618,0.005063,0.046313,0.007550,0.004045,0.835806,0.035662,0.006858,0.046314
0.022816,0.031375,0.016391,0.318526,0.031250,0.008533,0.029858,0.196205,0.026504,0.318543
0.020693,0.027259,0.016664,0.344626,0.027054,0.053987,0.045371,0.098872,0.020846,0.344627
0.047283,0.087604,0.054559,0.222059,0.087075,0.028646,0.054670,0.072439,0.123612,0.222053
0.070638,0.121032,0.076757,0.179421,0.119609,0.040093,0.054374,0.076378,0.082282,0.179417
0.016933,0.026667,0.020876,0.268933,0.026444,0.011699,0.271794,0.066675,0.021061,0.268918
0.021557,0.029261,0.023966,0.280420,0.029097,0.017830,0.086503,0.202206,0.028731,0.280430
0.013696,0.024287,0.016391,0.342407,0.023994,0.009487,0.052012,0.155490,0.019820,0.342415
0.076637,0.094053,0.081851,0.146286,0.093656,0.056225,0.105384,0.119286,0.080335,0.146286
0.022102,0.040693,0.024751,0.362345,0.040127,0.013513,0.039328,0.063197,0.031610,0.362334
0.026541,0.041077,0.038153,0.241549,0.040687,0.094319,0.069190,0.170653,0.036279,0.241552
0.054717,0.119746,0.064332,0.181936,0.118969,0.026537,0.046108,0.089030,0.116689,0.181935
0.022607,0.034999,0.028014,0.196027,0.034779,0.016511,0.190666,0.250719,0.029648,0.196029
0.008336,0.012708,0.009534,0.105023,0.012620,0.027390,0.189261,0.518884,0.011218,0.105026
0.013534,0.021496,0.015278,0.242470,0.021298,0.011808,0.114850,0.298496,0.018290,0.242479
0.014708,0.024148,0.015373,0.288047,0.023922,0.010048,0.035026,0.263327,0.037350,0.288052
0.042895,0.069262,0.041187,0.268464,0.068590,0.024843,0.055572,0.095436,0.065291,0.268461
0.004666,0.006204,0.004824,0.058157,0.006172,0.004108,0.700875,0.151829,0.005006,0.058159
0.007729,0.012360,0.008925,0.392292,0.012230,0.006578,0.034173,0.122938,0.010471,0.392304
0.009132,0.014268,0.011416,0.193179,0.014136,0.031045,0.031404,0.489862,0.012371,0.193188
0.025163,0.038844,0.023726,0.306130,0.038469,0.012326,0.076178,0.147335,0.025692,0.306137
0.034106,0.044401,0.025964,0.274247,0.044221,0.073091,0.049666,0.126225,0.053823,0.274255
0.026593,0.056357,0.031236,0.275573,0.055488,0.043997,0.082305,0.092980,0.059901,0.275570
0.004315,0.008553,0.005743,0.429587,0.008419,0.003488,0.015527,0.088414,0.006349,0.429605
0.009843,0.020328,0.011777,0.410411,0.019967,0.007867,0.018888,0.077003,0.013505,0.410411
0.002996,0.004861,0.003723,0.050338,0.004826,0.002614,0.777456,0.096739,0.006105,0.050340
0.014293,0.019757,0.015980,0.114874,0.019676,0.010890,0.573474,0.096908,0.019273,0.114875
0.031638,0.048813,0.045899,0.229116,0.048337,0.025918,0.186371,0.116358,0.038440,0.229111
0.015993,0.021470,0.017528,0.104055,0.021328,0.015311,0.589136,0.091227,0.019894,0.104057
0.009580,0.018739,0.011862,0.305216,0.018534,0.021388,0.067024,0.227526,0.014907,0.305224
0.009224,0.017811,0.008658,0.412513,0.017559,0.003319,0.018511,0.084861,0.015027,0.412516
0.026617,0.039905,0.028399,0.294775,0.039522,0.017642,0.050301,0.176042,0.032018,0.294779
0.013218,0.023864,0.014984,0.284890,0.023616,0.009379,0.135811,0.188428,0.020917,0.284894
0.014713,0.023708,0.022385,0.174885,0.023477,0.013284,0.122427,0.412997,0.017229,0.174893
0.022790,0.042569,0.026458,0.342233,0.041881,0.012667,0.034836,0.095519,0.038814,0.342233
0.027427,0.039829,0.031158,0.141598,0.039550,0.240090,0.173921,0.133515,0.031309,0.141601
0.016343,0.026402,0.017049,0.157056,0.026113,0.015464,0.371720,0.194659,0.018136,0.157058
0.013110,0.018705,0.011059,0.164174,0.018530,0.014813,0.333081,0.248374,0.013970,0.164183
0.003001,0.004260,0.003227,0.072777,0.004226,0.003337,0.018151,0.814823,0.003415,0.072782
0.010808,0.021951,0.014281,0.420572,0.021644,0.011977,0.024153,0.038637,0.015445,0.420533
0.003946,0.006765,0.004466,0.187634,0.006684,0.008534,0.026581,0.562810,0.004931,0.187651
0.018173,0.025041,0.021658,0.236841,0.024847,0.019561,0.176224,0.220146,0.020658,0.236851
0.026907,0.037545,0.031074,0.178634,0.037304,0.020452,0.369896,0.088571,0.030988,0.178630
0.059171,0.086355,0.083197,0.177341,0.085663,0.053966,0.070516,0.131548,0.074900,0.177343
0.078424,0.109844,0.078879,0.154818,0.109261,0.048413,0.062327,0.091136,0.112081,0.154817
0.020860,0.033175,0.026887,0.329077,0.032795,0.022048,0.045782,0.130419,0.029869,0.329087
0.032137,0.047408,0.044622,0.274825,0.047055,0.034479,0.087304,0.109555,0.047792,0.274823
0.002225,0.003324,0.002640,0.052757,0.003293,0.002807,0.200734,0.676730,0.002730,0.052760
0.060428,0.063963,0.062981,0.166326,0.063876,0.061727,0.122610,0.169596,0.062159,0.166333
0.094279,0.128513,0.083701,0.078169,0.128091,0.159339,0.072725,0.066981,0.110035,0.078168
0.021595,0.046704,0.029136,0.351662,0.045865,0.013879,0.031126,0.055061,0.053324,0.351648
0.065104,0.082137,0.066403,0.187708,0.081724,0.056443,0.074227,0.128503,0.070044,0.187708
0.052948,0.094670,0.063083,0.237325,0.093741,0.032172,0.057180,0.068156,0.063412,0.237315
0.062592,0.090151,0.061707,0.190773,0.089472,0.055007,0.110195,0.078249,0.071088,0.190767
0.006294,0.008633,0.006922,0.113799,0.008577,0.007993,0.025347,0.701577,0.007053,0.113805
0.051409,0.084169,0.067177,0.234105,0.083357,0.034755,0.070550,0.077619,0.062759,0.234100
0.108688,0.185376,0.290032,0.020178,0.186793,0.008497,0.010858,0.011317,0.158084,0.020177
0.005036,0.007251,0.005194,0.067872,0.007185,0.004997,0.018682,0.810352,0.005557,0.067875
0.100000,0.100000,0.100000,0.100000,0.100000,0.100000,0.100000,0.100000,0.100000,0.100000
0.133378,0.182998,0.140281,0.048484,0.184114,0.026140,0.031473,0.034412,0.170237,0.048484
0.019952,0.037654,0.023626,0.372522,0.037170,0.011717,0.035196,0.064371,0.025280,0.372511
0.110852,0.133469,0.094623,0.113499,0.132750,0.059344,0.067792,0.069604,0.104569,0.113497
0.002250,0.002763,0.002288,0.003157,0.002755,0.975456,0.002888,0.002690,0.002595,0.003157
0.006322,0.009925,0.007506,0.008977,0.009860,0.927753,0.007101,0.005962,0.007619,0.008976
0.125815,0.232329,0.102477,0.061563,0.225465,0.023435,0.026348,0.031343,0.109664,0.061561
0.171275,0.150535,0.117775,0.072785,0.151936,0.035095,0.043299,0.059131,0.125384,0.072785
0.068218,0.128451,0.358384,0.023916,0.129299,0.102099,0.019973,0.015689,0.130057,0.023915
0.043084,0.098464,0.499180,0.074147,0.097764,0.008220,0.016997,0.026602,0.061396,0.074146
0.104674,0.198793,0.091487,0.037582,0.197719,0.154285,0.019995,0.021307,0.136578,0.037581
0.109129,0.133936,0.090819,0.079556,0.133891,0.078956,0.073520,0.063392,0.157247,0.079556
0.064206,0.106406,0.059651,0.026509,0.105945,0.507319,0.018081,0.018712,0.066662,0.026509
0.307668,0.187658,0.080190,0.033728,0.188231,0.018905,0.019571,0.021195,0.109127,0.033728
0.085772,0.191134,0.073060,0.074345,0.184859,0.014141,0.023585,0.027822,0.250941,0.074343
0.086282,0.220858,0.113914,0.022545,0.212175,0.007213,0.012013,0.011482,0.290974,0.022545
0.044991,0.084221,0.056125,0.064332,0.083914,0.215727,0.037923,0.284540,0.063896,0.064332
0.043622,0.083135,0.233139,0.140924,0.082692,0.025626,0.069442,0.091359,0.089139,0.140922
0.008825,0.013838,0.009672,0.084471,0.013697,0.007698,0.021186,0.746163,0.009978,0.084472
0.434811,0.148537,0.066125,0.008916,0.151863,0.005896,0.006043,0.006149,0.162744,0.008916
0.102908,0.253473,0.149864,0.023884,0.252984,0.021052,0.016549,0.017616,0.137786,0.023884
0.158923,0.215382,0.198883,0.006491,0.224774,0.004110,0.004015,0.004187,0.176743,0.006491
0.071001,0.243757,0.095380,0.041744,0.234333,0.010595,0.014736,0.018627,0.228083,0.041743
0.410009,0.140176,0.059328,0.027944,0.142616,0.022148,0.026637,0.023812,0.119387,0.027944
0.437113,0.173275,0.053142,0.016021,0.179308,0.008497,0.008413,0.009622,0.098588,0.016021
0.092068,0.220007,0.146305,0.046197,0.211175,0.009111,0.013435,0.015434,0.200072,0.046196
0.459221,0.162227,0.046795,0.024610,0.165910,0.010599,0.009980,0.011919,0.084130,0.024609
0.064888,0.088617,0.068681,0.112072,0.087991,0.076962,0.185181,0.130201,0.073334,0.112072
0.130997,0.236066,0.078505,0.028891,0.237317,0.028750,0.016590,0.013459,0.200532,0.028891
0.176179,0.214457,0.082169,0.027648,0.217321,0.010239,0.012141,0.014368,0.217829,0.027648
0.114182,0.212336,0.057355,0.106390,0.201838,0.023738,0.027310,0.033916,0.116549,0.106387
0.276985,0.221763,0.070208,0.021112,0.221857,0.011053,0.011589,0.012314,0.132006,0.021112
0.153187,0.242204,0.086037,0.025435,0.246644,0.007535,0.009951,0.013478,0.190094,0.025435
0.031091,0.047352,0.029216,0.296237,0.046807,0.021171,0.048264,0.150040,0.033582,0.296240
0.482138,0.138568,0.064851,0.015846,0.141199,0.010904,0.011436,0.011491,0.107721,0.015846
0.165785,0.230084,0.088324,0.056005,0.234303,0.014426,0.019988,0.024237,0.110846,0.056003
0.159223,0.185118,0.075537,0.091964,0.185715,0.021390,0.032000,0.046460,0.110632,0.091961
0.150091,0.203283,0.284446,0.009172,0.208615,0.005321,0.005708,0.005734,0.118456,0.009172
0.006498,0.008856,0.006820,0.030918,0.008788,0.005895,0.018906,0.874925,0.007475,0.030919
0.033258,0.049091,0.041380,0.167719,0.048616,0.027922,0.308008,0.118041,0.038243,0.167720
0.111987,0.245233,0.180486,0.022947,0.246213,0.014829,0.008435,0.014719,0.132205,0.022946
0.302783,0.214138,0.060130,0.021442,0.218855,0.032544,0.012582,0.015362,0.100721,0.021442
0.050218,0.074128,0.046766,0.172320,0.073179,0.068928,0.071743,0.211502,0.058897,0.172319
0.075666,0.202878,0.193260,0.018658,0.199113,0.010104,0.011812,0.012618,0.257232,0.018658
0.059752,0.079430,0.057707,0.166049,0.078712,0.049776,0.093873,0.183988,0.064664,0.166050
0.214797,0.177188,0.249816,0.009263,0.182797,0.008228,0.007914,0.007563,0.133172,0.009263
0.088397,0.109461,0.081957,0.127470,0.108492,0.067900,0.082177,0.120594,0.086083,0.127471
0.073851,0.082449,0.074514,0.149683,0.082255,0.056352,0.106393,0.150966,0.073853,0.149683
0.005600,0.007149,0.006114,0.016222,0.007115,0.005613,0.017791,0.912126,0.006048,0.016223
0.002565,0.004305,0.003616,0.063984,0.004263,0.001995,0.011845,0.839706,0.003734,0.063988
0.004465,0.006692,0.013599,0.011359,0.006670,0.003347,0.924555,0.012074,0.005880,0.011359
0.008809,0.012147,0.010167,0.044398,0.012058,0.007633,0.028522,0.822118,0.009748,0.044399
0.006388,0.010476,0.006304,0.012477,0.010347,0.916724,0.007625,0.007870,0.009312,0.012477
0.013549,0.017170,0.013870,0.045780,0.017074,0.013181,0.043381,0.776221,0.013993,0.045782
0.303865,0.163159,0.234364,0.005320,0.169086,0.003896,0.003961,0.003793,0.107236,0.005320
0.493311,0.153756,0.068660,0.012396,0.156322,0.006665,0.007137,0.007939,0.081417,0.012396
0.041848,0.071245,0.036935,0.261129,0.070342,0.029984,0.091724,0.074434,0.061241,0.261117
0.069121,0.181340,0.237964,0.025433,0.183503,0.007355,0.009505,0.010344,0.250003,0.025432
0.023739,0.040169,0.023865,0.201982,0.039689,0.016993,0.335184,0.080656,0.035743,0.201981
0.151556,0.275007,0.076022,0.013808,0.277605,0.006643,0.006390,0.007034,0.172127,0.013807
0.059667,0.085881,0.058408,0.123927,0.085060,0.143842,0.118382,0.130403,0.070505,0.123926
0.013211,0.021823,0.014282,0.319724,0.021584,0.012273,0.074664,0.185038,0.017661,0.319740
0.100000,0.100000,0.100000,0.100000,0.100000,0.100000,0.100000,0.100000,0.100000,0.100000
0.029078,0.050179,0.037891,0.253204,0.049549,0.025970,0.154596,0.109440,0.036890,0.253204
0.132108,0.189028,0.082521,0.092108,0.188750,0.025411,0.025751,0.034580,0.137637,0.092105
0.032262,0.051776,0.035938,0.269055,0.051186,0.037744,0.088374,0.111479,0.053137,0.269047
0.005335,0.007440,0.006051,0.054461,0.007380,0.004755,0.761333,0.092232,0.006552,0.054461
0.074807,0.096636,0.068431,0.141831,0.095803,0.070399,0.125503,0.106469,0.078291,0.141830
0.012689,0.023105,0.014990,0.122646,0.022789,0.011776,0.075639,0.578813,0.014904,0.122648
0.007674,0.012536,0.009558,0.254276,0.012399,0.008249,0.038544,0.392514,0.009964,0.254285
0.042074,0.078080,0.033028,0.300416,0.076713,0.024998,0.040754,0.056932,0.046606,0.300399
0.031980,0.041871,0.030407,0.050073,0.041527,0.613036,0.063513,0.043096,0.034425,0.050072
0.100000,0.100000,0.100000,0.100000,0.100000,0.100000,0.100000,0.100000,0.100000,0.100000
0.005391,0.007315,0.005822,0.059569,0.007272,0.005503,0.320221,0.522999,0.006335,0.059572
0.014694,0.020585,0.015247,0.078826,0.020430,0.030230,0.635058,0.089825,0.016276,0.078828
0.066495,0.129577,0.051374,0.197114,0.126719,0.049490,0.041088,0.068173,0.072860,0.197108
0.225848,0.205603,0.075258,0.038776,0.207150,0.013961,0.014327,0.018634,0.161668,0.038775
0.165075,0.196191,0.113253,0.045391,0.197015,0.032417,0.029481,0.032376,0.143410,0.045391
0.004998,0.007717,0.005027,0.039461,0.007636,0.003894,0.832960,0.052749,0.006099,0.039461
0.019761,0.030707,0.022983,0.250521,0.030447,0.016118,0.059609,0.296205,0.023121,0.250530
0.207795,0.208043,0.213346,0.009758,0.215148,0.006319,0.005831,0.006685,0.117315,0.009758
0.021931,0.034726,0.026244,0.295284,0.034400,0.015940,0.057760,0.187529,0.030893,0.295293
0.001486,0.002219,0.001920,0.027595,0.002207,0.001330,0.013745,0.919892,0.002008,0.027597
0.029204,0.047647,0.029239,0.262882,0.046972,0.026939,0.063484,0.193552,0.037200,0.262881
0.010484,0.018033,0.012824,0.112677,0.017844,0.009303,0.597264,0.093556,0.015333,0.112681
0.018049,0.034761,0.016889,0.332675,0.034332,0.014500,0.030501,0.148104,0.037514,0.332676
0.146418,0.253204,0.106534,0.030687,0.257819,0.016996,0.016473,0.018466,0.122716,0.030687
0.140318,0.216551,0.090552,0.057065,0.219085,0.014813,0.023277,0.024260,0.157016,0.057064
0.136793,0.224374,0.104402,0.038314,0.227176,0.033104,0.024070,0.029548,0.143907,0.038313
0.014512,0.026590,0.016805,0.344413,0.026187,0.030662,0.040554,0.137679,0.018177,0.344420
0.087713,0.183299,0.098249,0.121758,0.181311,0.021383,0.033890,0.039380,0.111263,0.121754
0.014924,0.019429,0.014873,0.105252,0.019300,0.018881,0.596517,0.090027,0.015545,0.105251
0.002416,0.003404,0.002775,0.038824,0.003377,0.003141,0.031853,0.872355,0.003028,0.038826
0.242360,0.212239,0.148722,0.020392,0.214784,0.016719,0.013199,0.014062,0.097131,0.020392
0.138753,0.166702,0.097281,0.101973,0.166031,0.037045,0.044754,0.052280,0.093210,0.101970
0.003207,0.004586,0.003082,0.045403,0.004548,0.004047,0.252141,0.633580,0.004000,0.045406
0.206199,0.182580,0.111638,0.048951,0.183800,0.032440,0.031738,0.034189,0.119514,0.048951
0.060862,0.094674,0.062230,0.095011,0.093724,0.237542,0.047802,0.068047,0.145098,0.095010
0.103049,0.148633,0.370811,0.027094,0.149254,0.008512,0.011650,0.013026,0.140878,0.027094
0.268320,0.174405,0.084105,0.041138,0.180605,0.017073,0.022146,0.023926,0.147145,0.041137
0.137095,0.144974,0.437627,0.007403,0.148248,0.006497,0.005250,0.005385,0.100119,0.007403
0.023996,0.039821,0.828460,0.009248,0.039795,0.003269,0.004493,0.004737,0.036931,0.009248
0.031701,0.050209,0.034626,0.282350,0.049714,0.018075,0.053642,0.160551,0.036772,0.282360
0.147434,0.165760,0.298904,0.017292,0.168631,0.013508,0.012640,0.015563,0.142975,0.017292
0.001020,0.001439,0.001181,0.023774,0.001429,0.001028,0.843229,0.101843,0.001282,0.023775
0.160374,0.161531,0.091673,0.066072,0.163000,0.030038,0.044245,0.088670,0.128326,0.066072
0.059543,0.105493,0.067211,0.163467,0.104470,0.048606,0.053546,0.144374,0.089826,0.163465
0.064440,0.112440,0.068950,0.169128,0.110983,0.047850,0.056103,0.106137,0.094843,0.169126
0.011140,0.011762,0.009150,0.025985,0.011831,0.008418,0.017204,0.867939,0.010585,0.025986
0.088083,0.199894,0.070305,0.042658,0.199874,0.159438,0.020665,0.024531,0.151895,0.042657
0.085931,0.119110,0.087705,0.108406,0.118334,0.090529,0.084274,0.091549,0.105757,0.108405
0.054818,0.070330,0.060674,0.157378,0.069988,0.168072,0.119213,0.078580,0.063573,0.157375
0.039807,0.064751,0.039731,0.228327,0.064133,0.027951,0.060891,0.183368,0.062710,0.228330
0.003983,0.005720,0.004571,0.085908,0.005678,0.003401,0.073626,0.726547,0.004651,0.085915
0.072125,0.075605,0.078929,0.139264,0.075532,0.073031,0.082999,0.189294,0.073954,0.139267
0.112878,0.187059,0.335893,0.010492,0.192131,0.005733,0.005307,0.006077,0.133937,0.010491
0.125869,0.152591,0.358735,0.026307,0.153917,0.012334,0.013046,0.013753,0.117142,0.026306
0.117871,0.188099,0.300714,0.015449,0.191679,0.005096,0.007032,0.013861,0.144750,0.015449
0.005742,0.009298,0.005993,0.091654,0.009184,0.005878,0.025544,0.746747,0.008303,0.091657
0.123611,0.186997,0.138386,0.077163,0.185640,0.025226,0.023314,0.031693,0.130809,0.077161
0.068922,0.094495,0.096895,0.121497,0.093987,0.099231,0.085581,0.121269,0.096626,0.121497
0.226330,0.231437,0.083458,0.010523,0.238327,0.003221,0.003467,0.004341,0.188373,0.010523
0.006383,0.007418,0.006968,0.018469,0.007390,0.008647,0.030351,0.889184,0.006721,0.018469
0.010249,0.016244,0.012615,0.237934,0.016075,0.011804,0.035977,0.407900,0.013260,0.237941
0.174355,0.225190,0.137050,0.026506,0.225810,0.038470,0.014212,0.016437,0.115466,0.026505
0.072938,0.093646,0.084870,0.116758,0.093313,0.131944,0.083876,0.101098,0.104798,0.116758
0.200857,0.214616,0.124440,0.028334,0.208525,0.017241,0.017728,0.019749,0.140177,0.028334
0.084243,0.111032,0.067250,0.128295,0.110458,0.062539,0.073807,0.146235,0.087846,0.128295
0.031880,0.044444,0.029742,0.299430,0.044187,0.026717,0.056758,0.134863,0.032544,0.299436
0.105106,0.130491,0.088592,0.112151,0.129914,0.069144,0.064826,0.077763,0.109865,0.112149
0.181868,0.178082,0.311928,0.007863,0.184797,0.004341,0.004311,0.004706,0.114241,0.007863
0.230428,0.223555,0.098614,0.018976,0.227777,0.010543,0.010233,0.010871,0.150029,0.018976
0.097668,0.123000,0.080405,0.124337,0.122192,0.080225,0.068383,0.086339,0.093114,0.124336
0.427058,0.165242,0.041435,0.010837,0.171082,0.007209,0.005728,0.006708,0.153864,0.010837
0.001102,0.001228,0.001140,0.001700,0.001225,0.987681,0.001560,0.001511,0.001154,0.001700
0.100000,0.100000,0.100000,0.100000,0.100000,0.100000,0.100000,0.100000,0.100000,0.100000
0.590946,0.124015,0.038070,0.009440,0.127189,0.006512,0.006522,0.006726,0.081141,0.009440
0.023722,0.042693,0.024839,0.172756,0.042193,0.016421,0.030325,0.447791,0.026512,0.172747
0.006400,0.010689,0.006915,0.062880,0.010608,0.009865,0.230167,0.590224,0.009371,0.062882
0.001147,0.002212,0.001357,0.052344,0.002184,0.002152,0.006616,0.877484,0.002156,0.052347
0.088684,0.112433,0.388458,0.052142,0.113088,0.014750,0.032427,0.050567,0.095308,0.052142
0.125442,0.261709,0.050640,0.035478,0.260951,0.041301,0.012543,0.012748,0.163712,0.035476
0.010331,0.015756,0.012856,0.108470,0.015601,0.009951,0.600774,0.104879,0.012910,0.108471
0.084616,0.111889,0.083380,0.123935,0.111623,0.076065,0.075908,0.094948,0.113702,0.123935
0.082434,0.239429,0.118120,0.043729,0.230733,0.090344,0.019836,0.022652,0.108993,0.043728
0.005855,0.007553,0.006170,0.012341,0.007519,0.900727,0.019015,0.022261,0.006218,0.012341
0.017411,0.022440,0.019022,0.121168,0.022280,0.016992,0.328412,0.310519,0.020584,0.121171
0.003174,0.005140,0.003938,0.159509,0.005088,0.002653,0.012545,0.643356,0.005085,0.159511
0.017613,0.032500,0.023233,0.238689,0.032174,0.013986,0.213393,0.163543,0.026183,0.238685
0.078147,0.087166,0.083681,0.115842,0.086814,0.084979,0.133366,0.133115,0.081049,0.115842
0.079960,0.097001,0.088119,0.139287,0.096238,0.071033,0.096158,0.105699,0.087221,0.139286
0.119747,0.204994,0.278081,0.010270,0.208478,0.005762,0.005319,0.006074,0.151006,0.010270
0.073505,0.097139,0.076017,0.160232,0.096186,0.063459,0.083285,0.110979,0.078967,0.160231
0.100000,0.100000,0.100000,0.100000,0.100000,0.100000,0.100000,0.100000,0.100000,0.100000
0.108981,0.199142,0.128541,0.042629,0.199116,0.055476,0.021228,0.028754,0.173505,0.042628
0.126439,0.140406,0.073692,0.072138,0.140126,0.199907,0.041179,0.044531,0.089446,0.072137
0.008248,0.012115,0.009253,0.073210,0.012016,0.007481,0.714182,0.079676,0.010610,0.073210
0.143076,0.212262,0.111566,0.035796,0.209126,0.065946,0.026462,0.036129,0.123841,0.035796
0.107559,0.171789,0.280650,0.054613,0.171923,0.016504,0.017841,0.022340,0.102170,0.054611
0.094119,0.206952,0.091800,0.073995,0.196866,0.032651,0.034628,0.059697,0.135299,0.073995
0.122521,0.160745,0.324828,0.035952,0.160607,0.021014,0.021302,0.023664,0.093415,0.035951
0.045377,0.074426,0.613229,0.035591,0.074242,0.020601,0.024113,0.025284,0.051545,0.035591
0.091527,0.204033,0.118972,0.093743,0.201198,0.025142,0.033448,0.040837,0.097359,0.093741
0.048294,0.081312,0.559636,0.042706,0.080865,0.026007,0.029113,0.030395,0.058969,0.042705
0.158080,0.195795,0.114479,0.036002,0.196021,0.061195,0.038548,0.023756,0.140122,0.036001
0.147194,0.199415,0.120773,0.058488,0.200549,0.027723,0.030587,0.032971,0.123813,0.058487
0.081082,0.130819,0.470057,0.023068,0.131041,0.012703,0.014315,0.015903,0.097942,0.023068
0.045382,0.098427,0.594814,0.020713,0.099467,0.007274,0.010270,0.018505,0.084435,0.020713
0.051148,0.082519,0.652173,0.014378,0.083181,0.008775,0.008792,0.011779,0.072877,0.014378
0.044876,0.068795,0.740282,0.006663,0.069567,0.006292,0.004900,0.004911,0.047050,0.006663
0.108100,0.161812,0.118957,0.078972,0.161432,0.051081,0.052780,0.057153,0.130742,0.078971
0.038369,0.072927,0.747804,0.006195,0.073524,0.004532,0.004932,0.004663,0.040857,0.006195
0.037103,0.088865,0.548705,0.028645,0.089052,0.007820,0.012660,0.107719,0.050786,0.028645
0.007524,0.012374,0.009693,0.241672,0.012240,0.007235,0.267475,0.189140,0.010977,0.241669
0.054634,0.116977,0.530115,0.018200,0.116547,0.013512,0.013509,0.014727,0.103579,0.018200
0.120971,0.193929,0.077157,0.042083,0.189016,0.049542,0.034762,0.033385,0.217072,0.042083
0.026299,0.039924,0.027475,0.238066,0.039580,0.025943,0.200508,0.132925,0.031218,0.238064
0.134981,0.171003,0.089896,0.072523,0.170588,0.063908,0.041554,0.079725,0.103301,0.072522
0.118466,0.219712,0.106788,0.041233,0.217968,0.034312,0.019008,0.022037,0.179245,0.041232
0.096536,0.170807,0.118254,0.060640,0.170709,0.047903,0.090570,0.053416,0.130524,0.060639
0.145239,0.258665,0.122407,0.025395,0.260394,0.014802,0.013701,0.016218,0.117784,0.025394
0.087427,0.233549,0.096212,0.049606,0.222614,0.025706,0.042128,0.033809,0.159344,0.049605
0.086693,0.125094,0.079573,0.100084,0.124292,0.055024,0.158521,0.062455,0.108183,0.100082
0.043739,0.114465,0.503310,0.019204,0.113954,0.010144,0.008997,0.009577,0.157406,0.019204
0.074494,0.235550,0.084376,0.067949,0.224631,0.018523,0.025506,0.033936,0.167086,0.067948
0.158214,0.231199,0.103090,0.040807,0.226737,0.019416,0.021339,0.037511,0.120880,0.040807
0.041492,0.065785,0.044579,0.260860,0.064941,0.032147,0.065312,0.112433,0.051599,0.260853
0.095713,0.187165,0.121978,0.082002,0.186770,0.035248,0.049132,0.050284,0.109706,0.082001
0.131996,0.226674,0.068632,0.015356,0.229735,0.011469,0.010478,0.010566,0.279739,0.015356
0.030995,0.042599,0.031021,0.085800,0.042181,0.030036,0.075464,0.542017,0.034085,0.085800
0.049888,0.071830,0.049613,0.161944,0.071164,0.037605,0.116066,0.226586,0.053360,0.161942
0.007954,0.011343,0.009016,0.097941,0.011247,0.009657,0.260674,0.485425,0.008798,0.097945
0.146299,0.222740,0.095867,0.034783,0.223654,0.034765,0.020661,0.021627,0.164821,0.034782
0.001096,0.001743,0.001458,0.011474,0.001728,0.000895,0.946443,0.022210,0.001479,0.011474
0.084805,0.132371,0.088845,0.121946,0.131525,0.037523,0.089026,0.104494,0.087520,0.121946
0.167833,0.225825,0.217305,0.008191,0.232414,0.006933,0.004900,0.005314,0.123093,0.008191
0.003076,0.004546,0.003001,0.049768,0.004509,0.003139,0.059691,0.818282,0.004216,0.049771
0.124883,0.171261,0.125371,0.055256,0.171168,0.037703,0.036843,0.041091,0.181170,0.055255
0.087812,0.126371,0.068702,0.157406,0.124969,0.045552,0.052485,0.079550,0.099749,0.157404
0.014526,0.018118,0.013468,0.017386,0.018066,0.846540,0.022940,0.015379,0.016193,0.017386
0.066904,0.135948,0.039207,0.231043,0.133762,0.022543,0.033301,0.041774,0.064491,0.231027
0.001370,0.002149,0.002041,0.030973,0.002129,0.001232,0.010589,0.916972,0.001570,0.030975
0.054354,0.091292,0.063272,0.209991,0.090479,0.032897,0.076386,0.102703,0.068640,0.209988
0.000000,0.000001,0.000000,0.000001,0.000001,0.999995,0.000001,0.000000,0.000000,0.000001
0.020510,0.030038,0.016851,0.034993,0.029863,0.749364,0.025736,0.025777,0.031876,0.034993
0.000038,0.000042,0.000039,0.000046,0.000042,0.999609,0.000055,0.000042,0.000039,0.000046
0.100499,0.129114,0.095973,0.072826,0.129125,0.151231,0.063856,0.060398,0.124152,0.072825
0.104466,0.124644,0.074072,0.080901,0.124263,0.194050,0.041791,0.099661,0.075252,0.080901
0.065865,0.080460,0.059500,0.123583,0.080309,0.196935,0.087533,0.080403,0.101831,0.123581
0.049163,0.070833,0.734251,0.007851,0.071210,0.002940,0.004250,0.004103,0.047549,0.007851
0.357337,0.164277,0.102482,0.022924,0.167335,0.017899,0.019192,0.018887,0.106744,0.022923
0.705525,0.097267,0.019800,0.005561,0.101501,0.002297,0.002608,0.002929,0.056951,0.005561
0.061702,0.087219,0.055835,0.236381,0.086456,0.036183,0.058956,0.082535,0.058357,0.236375
0.055211,0.073790,0.052514,0.135995,0.073313,0.049463,0.139423,0.228195,0.056102,0.135994
0.032928,0.055455,0.037845,0.241079,0.054610,0.028047,0.074444,0.193811,0.040700,0.241081
0.007961,0.012813,0.008401,0.062518,0.012659,0.007049,0.761461,0.054325,0.010293,0.062520
0.028150,0.036439,0.030186,0.137687,0.036232,0.026934,0.391550,0.141227,0.033903,0.137691
0.103221,0.133382,0.413906,0.020688,0.134711,0.010262,0.013185,0.013580,0.136375,0.020688
0.027279,0.040384,0.029857,0.198986,0.040066,0.019219,0.075462,0.339073,0.030682,0.198992
0.009315,0.013401,0.010849,0.145956,0.013294,0.014710,0.057980,0.576574,0.011961,0.145958
0.634009,0.112789,0.057981,0.007393,0.116615,0.003203,0.004017,0.004124,0.052477,0.007393
0.003099,0.004707,0.003811,0.022709,0.004680,0.002976,0.909710,0.020903,0.004696,0.022710
0.021971,0.035939,0.025438,0.274121,0.035504,0.018478,0.186582,0.099372,0.028481,0.274113
0.009580,0.011847,0.009243,0.013542,0.011784,0.895856,0.013072,0.011464,0.010070,0.013542
0.035311,0.058370,0.036121,0.283487,0.057595,0.029034,0.064856,0.107961,0.043780,0.283485
0.065016,0.121188,0.052454,0.218352,0.119319,0.038369,0.043935,0.054339,0.068685,0.218342
0.003771,0.004564,0.003690,0.007685,0.004548,0.815749,0.010299,0.138290,0.003717,0.007685
0.004167,0.005640,0.004286,0.006799,0.005611,0.946723,0.005040,0.010409,0.004526,0.006799
0.049090,0.066676,0.043179,0.062658,0.066196,0.500956,0.042295,0.045376,0.060915,0.062657
0.018104,0.024074,0.017481,0.034934,0.023926,0.752707,0.030658,0.043017,0.020165,0.034934
0.073669,0.102265,0.064765,0.108000,0.101719,0.087563,0.068074,0.209069,0.076877,0.108000
0.009430,0.011886,0.009428,0.021244,0.011845,0.834649,0.014564,0.056501,0.009208,0.021244
0.072346,0.105390,0.267697,0.024278,0.105701,0.254287,0.017549,0.017301,0.111172,0.024278
0.024249,0.034660,0.026904,0.103795,0.034392,0.018634,0.553895,0.069532,0.030144,0.103795
0.061805,0.076643,0.054949,0.057431,0.076449,0.436037,0.069748,0.049252,0.060256,0.057430
0.050716,0.088644,0.050046,0.132823,0.087587,0.298494,0.049426,0.057588,0.051857,0.132819
0.047728,0.062303,0.046733,0.194489,0.061997,0.036599,0.107884,0.194867,0.052909,0.194490
0.141118,0.200963,0.103098,0.064908,0.200451,0.023608,0.026975,0.046781,0.127190,0.064908
0.011528,0.018586,0.012170,0.127828,0.018359,0.010582,0.058213,0.600608,0.014294,0.127832
0.069562,0.120066,0.063324,0.127277,0.118709,0.158669,0.068114,0.064665,0.082340,0.127274
0.012398,0.019744,0.015286,0.285588,0.019543,0.013131,0.094140,0.238453,0.016119,0.285598
0.003041,0.003794,0.003242,0.028317,0.003776,0.003424,0.015961,0.906850,0.003277,0.028319
0.004981,0.006879,0.006481,0.164574,0.006822,0.006270,0.102030,0.531556,0.005819,0.164588
0.001169,0.001777,0.001312,0.022719,0.001759,0.001292,0.005865,0.940016,0.001369,0.022721
0.119085,0.161694,0.099895,0.079590,0.161618,0.045650,0.044816,0.050500,0.157562,0.079590
0.000440,0.000643,0.000514,0.009478,0.000638,0.000462,0.002637,0.975180,0.000529,0.009479
0.089635,0.181684,0.215175,0.041553,0.181733,0.070722,0.024570,0.027001,0.126376,0.041552
0.123173,0.213020,0.071320,0.082970,0.212491,0.017806,0.023411,0.028308,0.144532,0.082968
0.005546,0.007383,0.006048,0.101683,0.007336,0.005659,0.027949,0.729381,0.007326,0.101690
0.091903,0.178585,0.246847,0.047053,0.177745,0.026791,0.026968,0.030939,0.126118,0.047052
0.307900,0.185310,0.070735,0.023246,0.191251,0.016304,0.015790,0.015857,0.150361,0.023245
0.038085,0.060034,0.039913,0.248083,0.059442,0.033742,0.056211,0.175293,0.041120,0.248077
0.191780,0.200862,0.087811,0.057525,0.202343,0.014112,0.021815,0.042422,0.123804,0.057526
0.221182,0.226072,0.085440,0.031251,0.233120,0.012101,0.017672,0.018094,0.123818,0.031250
0.001518,0.002650,0.001287,0.002169,0.002619,0.983847,0.000957,0.000999,0.001784,0.002169
0.024321,0.039720,0.026216,0.335284,0.039348,0.015611,0.083112,0.069124,0.032005,0.335261
0.186095,0.212574,0.088062,0.041566,0.209773,0.020466,0.024925,0.025318,0.149658,0.041565
0.006837,0.009848,0.006829,0.022597,0.009766,0.705976,0.014264,0.193007,0.008279,0.022597
0.062192,0.086688,0.058186,0.155545,0.085965,0.068630,0.068960,0.193425,0.064863,0.155545
0.005941,0.007719,0.006742,0.042648,0.007678,0.007564,0.048021,0.824457,0.006578,0.042650
0.265430,0.197921,0.076356,0.017165,0.201744,0.026063,0.010665,0.012189,0.175301,0.017165
0.195847,0.233040,0.050599,0.042231,0.236362,0.014158,0.014784,0.017202,0.153547,0.042230
0.027352,0.032864,0.025467,0.089406,0.032718,0.033773,0.549913,0.090066,0.029036,0.089406
0.006942,0.012886,0.005628,0.013308,0.012662,0.916071,0.005158,0.006436,0.007603,0.013307
0.193681,0.185040,0.059436,0.069158,0.189466,0.021123,0.027259,0.047343,0.138337,0.069157
0.199224,0.250387,0.088325,0.026993,0.253935,0.010525,0.011873,0.015965,0.115780,0.026993
0.030253,0.041189,0.026449,0.034240,0.040870,0.721754,0.021921,0.020060,0.029026,0.034239
0.203997,0.204582,0.096564,0.042898,0.205098,0.020062,0.022759,0.028738,0.132406,0.042897
0.152452,0.293086,0.068770,0.024336,0.278291,0.012029,0.012621,0.014330,0.119749,0.024336
0.192293,0.177165,0.271685,0.005769,0.186834,0.004275,0.004078,0.004306,0.147827,0.005768
0.166675,0.273721,0.045744,0.018266,0.262086,0.024309,0.007953,0.009315,0.173666,0.018265
0.057323,0.080492,0.064426,0.207102,0.079853,0.046968,0.070709,0.123522,0.062505,0.207100
0.062677,0.097845,0.516687,0.034627,0.098231,0.020447,0.022574,0.030078,0.082207,0.034626
0.011931,0.015696,0.012056,0.201639,0.015596,0.009843,0.047022,0.470966,0.013598,0.201653
0.021507,0.032145,0.023661,0.126152,0.032001,0.018601,0.148553,0.441811,0.029417,0.126151
0.056857,0.098033,0.395523,0.026822,0.098336,0.150253,0.018386,0.022299,0.106668,0.026822
0.039578,0.065157,0.037626,0.235655,0.064555,0.025829,0.056488,0.179128,0.060330,0.235653
0.014454,0.021631,0.016877,0.090693,0.021430,0.032343,0.080758,0.614311,0.016806,0.090695
0.040320,0.049204,0.040315,0.116741,0.048996,0.036301,0.369546,0.141113,0.040721,0.116743
0.021687,0.058843,0.725006,0.030151,0.058477,0.003422,0.006033,0.009889,0.056342,0.030150
0.064613,0.077566,0.067818,0.130029,0.077235,0.056894,0.163683,0.154864,0.077269,0.130029
0.026976,0.037396,0.024152,0.046586,0.037168,0.693385,0.032639,0.027028,0.028086,0.046585
0.017755,0.035511,0.023210,0.278731,0.034952,0.020026,0.034690,0.251683,0.024711,0.278731
0.021730,0.031829,0.024817,0.170705,0.031541,0.022141,0.148991,0.350378,0.027156,0.170711
0.043988,0.071850,0.045853,0.227507,0.071078,0.026038,0.062047,0.160562,0.063571,0.227506
0.012993,0.017965,0.013171,0.096531,0.017823,0.027728,0.082519,0.620514,0.014220,0.096534
0.028559,0.041685,0.030287,0.263100,0.041294,0.030250,0.070617,0.199144,0.031961,0.263103
0.008196,0.014151,0.010687,0.258160,0.014011,0.005936,0.026968,0.392813,0.010905,0.258171
0.005547,0.007825,0.005319,0.088123,0.007757,0.005114,0.021345,0.764663,0.006178,0.088128
0.009975,0.013591,0.010614,0.076130,0.013512,0.009150,0.026426,0.753522,0.010947,0.076133
0.007023,0.010630,0.007471,0.100004,0.010533,0.012176,0.155882,0.587503,0.008770,0.100007
0.002256,0.003195,0.002428,0.033779,0.003174,0.002212,0.016306,0.900389,0.002481,0.033780
0.007753,0.013711,0.010084,0.173524,0.013555,0.007765,0.023807,0.565348,0.010926,0.173527
0.026821,0.042268,0.024000,0.242806,0.041840,0.021522,0.050043,0.280421,0.027467,0.242811
0.107152,0.156217,0.095535,0.053914,0.155020,0.213806,0.036944,0.038642,0.088856,0.053914
0.010262,0.015098,0.010531,0.134379,0.014968,0.007463,0.029083,0.632348,0.011484,0.134383
0.045951,0.090857,0.053529,0.074416,0.090464,0.029957,0.037135,0.435558,0.067718,0.074416
0.083119,0.130141,0.089728,0.113352,0.128696,0.044688,0.066523,0.074254,0.156148,0.113351
0.126161,0.137126,0.093178,0.067215,0.137206,0.143947,0.045514,0.051824,0.130616,0.067214
0.068348,0.113488,0.080043,0.179251,0.112470,0.036338,0.049533,0.083647,0.097634,0.179248
0.082975,0.162320,0.105287,0.104372,0.161886,0.030304,0.038793,0.049472,0.160223,0.104370
0.126261,0.129842,0.065811,0.058723,0.132093,0.214058,0.032400,0.040561,0.141529,0.058722
0.032357,0.045856,0.025417,0.018713,0.045836,0.750407,0.011450,0.020864,0.030386,0.018713
0.119375,0.217684,0.106678,0.037313,0.216887,0.030376,0.021255,0.023752,0.189367,0.037313
0.067571,0.099977,0.075981,0.162152,0.099268,0.053843,0.093881,0.108420,0.076755,0.162152
0.185883,0.274520,0.081578,0.016650,0.278497,0.026082,0.008215,0.009411,0.102514,0.016650
0.188163,0.242446,0.064366,0.024496,0.230637,0.016461,0.017249,0.017367,0.174319,0.024496
0.138015,0.205553,0.099097,0.053226,0.205864,0.015752,0.017786,0.023809,0.187674,0.053225
0.117740,0.124035,0.085086,0.055323,0.123845,0.257236,0.047430,0.045418,0.088564,0.055323
0.138777,0.156455,0.067373,0.076449,0.156472,0.030425,0.035898,0.175482,0.086219,0.076449
0.424601,0.146278,0.055191,0.023234,0.147956,0.019691,0.016190,0.016488,0.127137,0.023234
0.010468,0.014615,0.012132,0.060078,0.014512,0.010709,0.685730,0.119345,0.012332,0.060079
0.133972,0.251990,0.071784,0.032195,0.243702,0.013561,0.013342,0.017601,0.189658,0.032195
0.132531,0.174353,0.113119,0.082049,0.173316,0.041042,0.036871,0.039705,0.124966,0.082047
0.519989,0.148508,0.036900,0.015108,0.152300,0.007138,0.007402,0.009620,0.087928,0.015107
0.547121,0.120639,0.041477,0.016844,0.123401,0.013064,0.016179,0.014053,0.090378,0.016844
0.384761,0.171921,0.058798,0.013443,0.178863,0.008246,0.010124,0.009865,0.150535,0.013443
0.141665,0.228501,0.180860,0.032273,0.218916,0.013705,0.015041,0.017003,0.119763,0.032273
0.100261,0.164664,0.176708,0.069568,0.163302,0.048591,0.048899,0.050679,0.107761,0.069567
0.132169,0.182223,0.124531,0.056224,0.183449,0.027590,0.030764,0.039352,0.167475,0.056224
0.166140,0.190133,0.087678,0.072402,0.192783,0.032818,0.030781,0.036054,0.118811,0.072401
0.274426,0.226654,0.044166,0.043749,0.215920,0.014366,0.015632,0.018625,0.102715,0.043747
0.166576,0.195982,0.048624,0.044293,0.199509,0.010050,0.019939,0.162944,0.107790,0.044293
0.152225,0.223296,0.072810,0.059569,0.226646,0.015689,0.023290,0.034774,0.132133,0.059569
0.109242,0.132902,0.134700,0.078617,0.132980,0.046000,0.056143,0.067774,0.163027,0.078616
0.194868,0.252337,0.126886,0.012247,0.261994,0.005445,0.005510,0.005993,0.122474,0.012246
0.181139,0.208912,0.065299,0.046848,0.209916,0.031353,0.029776,0.027414,0.152497,0.046847
0.513355,0.155558,0.040762,0.013530,0.158762,0.011079,0.009842,0.009354,0.074228,0.013530
0.088563,0.178685,0.148234,0.080121,0.177458,0.039327,0.042074,0.038198,0.127220,0.080119
0.019418,0.031953,0.019156,0.083782,0.031576,0.016942,0.026853,0.661904,0.024633,0.083783
0.013959,0.029219,0.872043,0.008597,0.029004,0.003854,0.004633,0.005099,0.024994,0.008597
0.211264,0.226021,0.087135,0.024023,0.232181,0.025618,0.018424,0.017822,0.133489,0.024023
0.085582,0.161200,0.090486,0.134748,0.158910,0.031539,0.048425,0.063927,0.090436,0.134747
0.019359,0.033076,0.020508,0.129851,0.032609,0.017089,0.534809,0.059547,0.023302,0.129850
0.131279,0.197922,0.115074,0.062408,0.198583,0.038268,0.037433,0.032560,0.124068,0.062406
0.172591,0.267799,0.088072,0.017328,0.275678,0.012478,0.010977,0.011578,0.126172,0.017327
0.097086,0.288456,0.061112,0.022570,0.268755,0.013851,0.009777,0.011554,0.204269,0.022570
0.065817,0.127732,0.372556,0.045111,0.127643,0.023485,0.029571,0.028312,0.134662,0.045111
0.017412,0.028079,0.016233,0.342422,0.027747,0.012082,0.056385,0.136573,0.020628,0.342437
0.143567,0.203742,0.090109,0.062269,0.203548,0.027898,0.025217,0.030454,0.150927,0.062268
0.029107,0.046652,0.033651,0.228236,0.046132,0.023940,0.221042,0.106759,0.036244,0.228236
0.009132,0.014268,0.011416,0.193179,0.014136,0.031045,0.031404,0.489862,0.012371,0.193188
0.342024,0.160783,0.066019,0.032215,0.162151,0.059966,0.025237,0.024374,0.095016,0.032215
0.106223,0.208782,0.098965,0.066444,0.207662,0.056694,0.037070,0.045002,0.106713,0.066443
0.022119,0.029373,0.022610,0.095458,0.029187,0.019063,0.513360,0.149123,0.024249,0.095458
0.026357,0.055980,0.771882,0.011265,0.056288,0.009034,0.004603,0.005187,0.048141,0.011264
0.183623,0.180265,0.063752,0.076603,0.181688,0.024460,0.028422,0.049458,0.135126,0.076603
0.290282,0.222271,0.029874,0.017085,0.225254,0.041726,0.008788,0.009618,0.138018,0.017084
0.164667,0.204902,0.257242,0.003758,0.217371,0.002225,0.002120,0.002301,0.141655,0.003758
0.014708,0.024148,0.015373,0.288047,0.023922,0.010048,0.035026,0.263327,0.037350,0.288052
0.100000,0.100000,0.100000,0.100000,0.100000,0.100000,0.100000,0.100000,0.100000,0.100000
0.038354,0.045325,0.034361,0.055162,0.045396,0.235621,0.047034,0.395362,0.048223,0.055163
0.133295,0.195192,0.164384,0.039554,0.194563,0.014824,0.017227,0.019558,0.181850,0.039553
0.040518,0.067059,0.755810,0.006248,0.067765,0.004371,0.004128,0.004363,0.043491,0.006248
0.070976,0.328229,0.058645,0.020193,0.300457,0.008009,0.007844,0.008871,0.176584,0.020192
0.041441,0.055479,0.049144,0.212457,0.055288,0.035837,0.065437,0.222091,0.050370,0.212456
0.071293,0.082963,0.071371,0.121256,0.082798,0.059086,0.188370,0.130927,0.070680,0.121256
0.003946,0.006765,0.004466,0.187634,0.006684,0.008534,0.026581,0.562810,0.004931,0.187651
0.009843,0.020328,0.011777,0.410411,0.019967,0.007867,0.018888,0.077003,0.013505,0.410411
0.022790,0.042569,0.026458,0.342233,0.041881,0.012667,0.034836,0.095519,0.038814,0.342233
0.003001,0.004260,0.003227,0.072777,0.004226,0.003337,0.018151,0.814823,0.003415,0.072782
0.015884,0.029394,0.235710,0.087998,0.029213,0.009281,0.374283,0.106029,0.024209,0.087999
0.029873,0.052960,0.627409,0.045741,0.052654,0.009576,0.068965,0.025404,0.041679,0.045739
0.033414,0.056995,0.552615,0.052752,0.056746,0.012932,0.097211,0.043614,0.040970,0.052751
0.008336,0.012708,0.009534,0.105023,0.012620,0.027390,0.189261,0.518884,0.011218,0.105026
0.033762,0.048889,0.028106,0.081856,0.048469,0.023443,0.033786,0.588758,0.031077,0.081855
0.026541,0.041077,0.038153,0.241549,0.040687,0.094319,0.069190,0.170653,0.036279,0.241552
0.009211,0.017115,0.011707,0.096877,0.016891,0.006282,0.030839,0.699387,0.014812,0.096880
0.013696,0.024287,0.016391,0.342407,0.023994,0.009487,0.052012,0.155490,0.019820,0.342415
0.104554,0.126965,0.070706,0.115347,0.126693,0.101208,0.092155,0.063093,0.083934,0.115345
0.069012,0.090174,0.060610,0.109007,0.089611,0.161763,0.167213,0.082695,0.060910,0.109005
0.079231,0.104179,0.069790,0.138299,0.103514,0.089576,0.126760,0.073228,0.077127,0.138296
0.022607,0.034999,0.028014,0.196027,0.034779,0.016511,0.190666,0.250719,0.029648,0.196029
0.068841,0.092015,0.068646,0.150122,0.091630,0.079673,0.130375,0.090807,0.077773,0.150120
0.111404,0.151207,0.102434,0.104585,0.150731,0.037840,0.056137,0.055042,0.126037,0.104583
0.115933,0.127317,0.103046,0.095247,0.127558,0.059300,0.101310,0.077448,0.097596,0.095246
0.047437,0.068621,0.049144,0.209140,0.067962,0.041468,0.087971,0.158486,0.060628,0.209143
0.042086,0.058236,0.048652,0.241677,0.057922,0.033751,0.083206,0.144238,0.048556,0.241676
0.050042,0.083836,0.043468,0.251070,0.083269,0.025695,0.064798,0.091337,0.055418,0.251067
0.007524,0.012374,0.009693,0.241672,0.012240,0.007235,0.267475,0.189140,0.010977,0.241669
0.004441,0.006253,0.005287,0.043947,0.006199,0.004382,0.847558,0.033041,0.004943,0.043948
0.031638,0.048813,0.045899,0.229116,0.048337,0.025918,0.186371,0.116358,0.038440,0.229111
