0.029614,0.176716,0.044586,0.308556,0.035878,0.038406,0.176717,0.035865,0.108857,0.044805
0.005674,0.071781,0.007628,0.049165,0.005730,0.006254,0.071781,0.006384,0.767939,0.007664
0.016495,0.272539,0.025059,0.084785,0.017566,0.020888,0.272538,0.021959,0.242942,0.025229
0.070300,0.072200,0.108204,0.062373,0.111080,0.251089,0.072200,0.080065,0.065030,0.107458
0.070300,0.072200,0.108204,0.062373,0.111080,0.251089,0.072200,0.080065,0.065030,0.107458
0.004695,0.011845,0.179315,0.005347,0.143070,0.316450,0.011845,0.148804,0.005038,0.173591
0.007761,0.014311,0.189118,0.007261,0.171981,0.171045,0.014311,0.228035,0.007395,0.188783
0.100000,0.100000,0.100000,0.100000,0.100000,0.100000,0.100000,0.100000,0.100000,0.100000
0.013220,0.024968,0.204902,0.011151,0.275768,0.186851,0.024968,0.045504,0.012384,0.200282
0.100000,0.100000,0.100000,0.100000,0.100000,0.100000,0.100000,0.100000,0.100000,0.100000
0.007110,0.015811,0.176388,0.008811,0.162784,0.191721,0.015811,0.240752,0.009095,0.171715
0.100000,0.100000,0.100000,0.100000,0.100000,0.100000,0.100000,0.100000,0.100000,0.100000
0.069862,0.178944,0.054174,0.129735,0.041421,0.046779,0.178944,0.043939,0.201681,0.054522
0.009127,0.271093,0.018406,0.137818,0.011798,0.015163,0.271092,0.012358,0.234540,0.018605
0.018049,0.021359,0.149704,0.017195,0.278910,0.248628,0.021359,0.079918,0.017574,0.147304
0.017943,0.077725,0.061930,0.031894,0.040363,0.052977,0.077725,0.533415,0.044047,0.061981
0.017221,0.033062,0.086641,0.020569,0.043394,0.069755,0.033062,0.586537,0.021554,0.088204
0.102739,0.273072,0.030377,0.126144,0.020604,0.028492,0.273073,0.022958,0.091914,0.030627
0.004583,0.009288,0.209758,0.004534,0.219172,0.271934,0.009288,0.062770,0.004898,0.203774
0.003319,0.412514,0.017572,0.018511,0.009224,0.015027,0.412514,0.008658,0.084861,0.017799
0.156474,0.101784,0.096864,0.104389,0.081991,0.089189,0.101784,0.082733,0.087434,0.097358
0.034117,0.259693,0.056469,0.069294,0.032698,0.051542,0.259693,0.044888,0.134547,0.057059
0.016141,0.021017,0.181932,0.016924,0.310163,0.154577,0.021017,0.082742,0.016587,0.178900
0.007271,0.016270,0.139919,0.008974,0.478765,0.137376,0.016270,0.049104,0.010148,0.135902
0.025580,0.029269,0.156084,0.027671,0.379052,0.087316,0.029269,0.086010,0.026845,0.152903
0.048520,0.146858,0.092847,0.135578,0.077015,0.074275,0.146858,0.069082,0.115810,0.093157
0.013132,0.016817,0.204730,0.012735,0.263494,0.182744,0.016817,0.076213,0.013064,0.200255
0.048999,0.193650,0.097835,0.063459,0.080999,0.071914,0.193650,0.073475,0.077616,0.098403
0.036139,0.103726,0.124533,0.054375,0.103302,0.153687,0.103726,0.134888,0.061267,0.124358
0.040968,0.307391,0.058179,0.035448,0.035735,0.037560,0.307391,0.033450,0.085133,0.058745
0.002830,0.112744,0.004768,0.051241,0.002841,0.003393,0.112744,0.003721,0.700893,0.004825
0.011978,0.089050,0.014967,0.093596,0.010863,0.013017,0.089049,0.016878,0.645555,0.015046
0.011444,0.014023,0.227776,0.010820,0.264661,0.147337,0.014023,0.076368,0.011329,0.222218
0.013264,0.329070,0.042541,0.038989,0.021567,0.036109,0.329070,0.034005,0.112397,0.042988
0.999988,0.000002,0.000002,0.000001,0.000001,0.000001,0.000002,0.000001,0.000001,0.000002
0.013486,0.027013,0.243937,0.010190,0.208269,0.160649,0.027013,0.056510,0.012120,0.240812
0.013733,0.025892,0.211122,0.012902,0.255182,0.122362,0.025892,0.111705,0.014319,0.206892
0.009167,0.023450,0.136254,0.008560,0.068357,0.123730,0.023450,0.460426,0.011123,0.135482
0.006493,0.348203,0.012376,0.095730,0.007200,0.010614,0.348202,0.009041,0.149636,0.012507
0.020365,0.073342,0.207530,0.019555,0.176164,0.133908,0.073342,0.063977,0.025455,0.206362
0.004515,0.010420,0.113172,0.004990,0.053372,0.645955,0.010420,0.034631,0.005566,0.116959
0.890161,0.012641,0.015034,0.009730,0.012293,0.012278,0.012641,0.010814,0.009321,0.015086
0.021031,0.170791,0.164827,0.028455,0.081876,0.083979,0.170792,0.060426,0.045314,0.172509
0.005355,0.016470,0.154773,0.006173,0.079822,0.139990,0.016470,0.421069,0.006879,0.153001
0.031007,0.038421,0.194576,0.026700,0.223176,0.130580,0.038421,0.097866,0.025643,0.193610
0.010421,0.016252,0.204316,0.009825,0.337270,0.139486,0.016252,0.055544,0.011278,0.199355
0.027599,0.086468,0.186437,0.034957,0.104358,0.149147,0.086468,0.089443,0.044453,0.190670
0.018693,0.019715,0.187782,0.010719,0.373102,0.090964,0.019715,0.083275,0.011962,0.184073
0.027544,0.157270,0.088337,0.103361,0.062519,0.076454,0.157270,0.061196,0.177678,0.088370
0.005623,0.009602,0.159862,0.004021,0.486464,0.077523,0.009602,0.087109,0.004934,0.155260
0.003272,0.009445,0.214507,0.003469,0.359542,0.105094,0.009445,0.080689,0.004076,0.210460
0.022107,0.266873,0.063038,0.093334,0.036245,0.048093,0.266874,0.044232,0.095483,0.063721
0.007904,0.071318,0.031292,0.420079,0.016355,0.028943,0.071318,0.272463,0.048966,0.031360
0.051877,0.109491,0.130933,0.082779,0.086519,0.125274,0.109491,0.104917,0.066282,0.132437
0.031520,0.037772,0.201114,0.026798,0.188937,0.119947,0.037772,0.124934,0.031515,0.199690
0.017256,0.043393,0.217631,0.024264,0.162094,0.176136,0.043393,0.075881,0.023037,0.216915
0.010640,0.020810,0.188050,0.009160,0.377885,0.130500,0.020810,0.047459,0.010677,0.184009
0.013585,0.112957,0.017224,0.584179,0.013522,0.014549,0.112957,0.015080,0.098621,0.017327
0.089577,0.104172,0.109653,0.086742,0.092577,0.101803,0.104172,0.107634,0.093693,0.109976
0.123193,0.142170,0.094109,0.097904,0.066482,0.075724,0.142170,0.071015,0.092377,0.094858
0.019904,0.240637,0.050571,0.065734,0.036377,0.033542,0.240637,0.032485,0.229276,0.050837
0.009342,0.024600,0.283603,0.008947,0.097852,0.197741,0.024600,0.048255,0.010904,0.294155
0.007287,0.015886,0.224793,0.006327,0.368936,0.093433,0.015886,0.040155,0.007364,0.219933
0.013062,0.073218,0.019846,0.092272,0.013440,0.015477,0.073218,0.016764,0.662713,0.019989
0.054913,0.163533,0.092248,0.091542,0.077554,0.078418,0.163533,0.076498,0.109271,0.092491
0.112318,0.150816,0.097422,0.086975,0.070477,0.079528,0.150816,0.064225,0.089098,0.098325
0.007278,0.275431,0.015627,0.081139,0.010423,0.012590,0.275430,0.011654,0.294668,0.015760
0.020793,0.268948,0.051003,0.055668,0.035815,0.036161,0.268948,0.055099,0.156377,0.051188
0.010957,0.314314,0.026860,0.088976,0.018858,0.020258,0.314313,0.017267,0.161161,0.027036
0.082542,0.288599,0.054397,0.050739,0.031449,0.037830,0.288600,0.035898,0.075005,0.054942
0.476284,0.055168,0.077962,0.041551,0.057399,0.054987,0.055168,0.056483,0.046593,0.078405
0.008937,0.047593,0.137739,0.015860,0.087586,0.146968,0.047593,0.350084,0.020843,0.136797
0.083496,0.259407,0.051415,0.058060,0.034255,0.038795,0.259407,0.032508,0.130723,0.051934
0.005898,0.010529,0.165049,0.006172,0.493348,0.096669,0.010529,0.045143,0.007050,0.159612
0.027335,0.034247,0.191054,0.020821,0.249039,0.156109,0.034248,0.074260,0.023035,0.189851
0.016882,0.024572,0.188620,0.014767,0.348191,0.119291,0.024572,0.062811,0.015457,0.184835
0.012345,0.016768,0.210573,0.008622,0.187075,0.285515,0.016768,0.047924,0.008672,0.205738
0.042087,0.036785,0.189805,0.020243,0.183593,0.197407,0.036785,0.080219,0.023555,0.189521
0.011306,0.017159,0.127325,0.011168,0.491432,0.134614,0.017159,0.054189,0.011066,0.124582
0.014226,0.024698,0.145380,0.016721,0.394632,0.165288,0.024698,0.055955,0.016526,0.141875
0.022777,0.303069,0.041167,0.047689,0.027688,0.031839,0.303068,0.027094,0.154071,0.041537
0.024800,0.029056,0.099226,0.013752,0.044871,0.084890,0.029056,0.559723,0.015111,0.099514
0.012453,0.007496,0.199890,0.004907,0.307856,0.138469,0.007496,0.121335,0.005162,0.194936
0.003924,0.006252,0.094663,0.004023,0.690385,0.047432,0.006252,0.049997,0.004141,0.092931
0.017020,0.329030,0.042365,0.048201,0.025072,0.031749,0.329030,0.028766,0.105998,0.042770
0.006834,0.020067,0.115859,0.009297,0.049376,0.102403,0.020067,0.548396,0.010902,0.116798
0.003019,0.012017,0.153511,0.003820,0.048746,0.131315,0.012017,0.477455,0.004444,0.153657
0.007838,0.024259,0.222587,0.008597,0.242506,0.192561,0.024259,0.049174,0.009710,0.218510
0.006558,0.013247,0.159231,0.006982,0.480747,0.113854,0.013247,0.043581,0.007366,0.155188
0.018384,0.035851,0.245181,0.016981,0.110061,0.205115,0.035851,0.066281,0.019589,0.246705
0.027368,0.029362,0.204946,0.022544,0.171643,0.193602,0.029362,0.096400,0.023194,0.201579
0.012132,0.015571,0.256874,0.007685,0.105967,0.180303,0.015571,0.143410,0.007299,0.255188
0.004815,0.010155,0.148564,0.004797,0.567288,0.069545,0.010155,0.035144,0.006356,0.143180
0.022212,0.044471,0.209883,0.020272,0.139177,0.180722,0.044471,0.103827,0.026503,0.208461
0.017556,0.025509,0.235105,0.016496,0.185327,0.164791,0.025509,0.081608,0.017322,0.230778
0.016373,0.017517,0.202854,0.013485,0.281199,0.166439,0.017517,0.073826,0.013852,0.196938
0.004583,0.005564,0.108905,0.004435,0.640718,0.090848,0.005564,0.030852,0.004377,0.104152
0.016219,0.023247,0.183341,0.016191,0.261431,0.209587,0.023247,0.070264,0.016917,0.179558
0.006339,0.009484,0.130574,0.008828,0.525572,0.128492,0.009484,0.048213,0.007862,0.125152
0.001967,0.004185,0.106010,0.002081,0.707094,0.050552,0.004185,0.019195,0.002347,0.102385
0.003778,0.011747,0.242692,0.005143,0.116744,0.216540,0.011747,0.148292,0.005356,0.237961
0.027579,0.050675,0.177650,0.026427,0.173744,0.156761,0.050675,0.136098,0.025117,0.175274
0.020945,0.038699,0.221238,0.019305,0.203698,0.145935,0.038699,0.065110,0.021630,0.224741
0.002704,0.008206,0.255750,0.003157,0.130338,0.152696,0.008206,0.184773,0.003634,0.250535
0.015586,0.031484,0.206013,0.015289,0.261576,0.147309,0.031484,0.065401,0.019123,0.206736
0.025336,0.048630,0.201577,0.021721,0.232188,0.121058,0.048630,0.077101,0.024908,0.198851
0.015771,0.023777,0.142886,0.012603,0.092399,0.093400,0.023777,0.439701,0.013713,0.141974
0.012201,0.021414,0.224296,0.012423,0.245811,0.151785,0.021414,0.065166,0.015447,0.230043
0.113487,0.035570,0.214141,0.024596,0.155288,0.135296,0.035570,0.049682,0.021513,0.214857
0.011604,0.020320,0.206464,0.011722,0.342385,0.116169,0.020320,0.054836,0.013154,0.203027
0.010658,0.023091,0.200355,0.012568,0.335024,0.121660,0.023091,0.064296,0.013339,0.195916
0.021935,0.072531,0.179065,0.035826,0.203992,0.135776,0.072531,0.064359,0.038017,0.175969
0.007642,0.015522,0.166203,0.008999,0.084780,0.127802,0.015522,0.394641,0.009768,0.169120
0.005131,0.014741,0.225950,0.005629,0.349574,0.115688,0.014741,0.042510,0.006438,0.219597
0.008130,0.158519,0.014128,0.280651,0.009403,0.010865,0.158519,0.008874,0.336684,0.014227
0.032911,0.214147,0.052720,0.062124,0.034113,0.037422,0.214147,0.038186,0.261085,0.053144
0.006037,0.086113,0.012421,0.348567,0.007876,0.009630,0.086113,0.010183,0.420547,0.012513
0.003359,0.025032,0.003941,0.261892,0.002944,0.003046,0.025032,0.003001,0.667794,0.003959
0.051890,0.267320,0.052472,0.066807,0.034915,0.043444,0.267320,0.041127,0.121753,0.052951
0.018603,0.157617,0.020752,0.318684,0.014121,0.017605,0.157617,0.017839,0.256257,0.020906
0.007713,0.027797,0.104862,0.011494,0.053370,0.084294,0.027797,0.563178,0.015212,0.104283
0.105180,0.099880,0.112531,0.089384,0.101929,0.098417,0.099880,0.092563,0.087400,0.112836
0.009919,0.018867,0.206028,0.010637,0.251551,0.216738,0.018867,0.054503,0.011752,0.201138
0.023707,0.039699,0.172974,0.023919,0.338081,0.108437,0.039699,0.057272,0.025307,0.170905
0.100000,0.100000,0.100000,0.100000,0.100000,0.100000,0.100000,0.100000,0.100000,0.100000
0.060253,0.242628,0.061904,0.078072,0.036855,0.053753,0.242628,0.039668,0.121967,0.062272
0.099502,0.238048,0.061808,0.048526,0.039592,0.063909,0.238048,0.049814,0.098453,0.062300
0.016424,0.095956,0.024797,0.537995,0.018611,0.026027,0.095956,0.021299,0.138027,0.024908
0.017587,0.145928,0.055671,0.190188,0.025617,0.055913,0.145928,0.063126,0.244019,0.056021
0.017952,0.304180,0.037702,0.065021,0.022566,0.037287,0.304179,0.024152,0.148833,0.038129
0.026770,0.301552,0.060374,0.043109,0.036212,0.048582,0.301553,0.038085,0.082674,0.061089
0.009523,0.011127,0.139547,0.007986,0.573453,0.074622,0.011127,0.030664,0.006993,0.134959
0.015943,0.024331,0.172590,0.007397,0.147299,0.383666,0.024331,0.044071,0.009015,0.171357
0.029440,0.054700,0.212569,0.024799,0.102781,0.205035,0.054700,0.067801,0.028307,0.219867
0.025637,0.272938,0.062068,0.048774,0.038451,0.062195,0.272938,0.050819,0.103667,0.062512
0.101176,0.071006,0.196140,0.020657,0.102022,0.136614,0.071006,0.074578,0.025950,0.200851
0.129993,0.224344,0.082753,0.044829,0.047368,0.051019,0.224344,0.042116,0.069379,0.083855
0.025423,0.058995,0.195211,0.036119,0.142004,0.151869,0.058995,0.096834,0.035311,0.199240
0.067097,0.184546,0.155549,0.024463,0.063215,0.077832,0.184547,0.047516,0.034123,0.161112
0.035002,0.039224,0.204968,0.033092,0.152497,0.163324,0.039224,0.088525,0.033607,0.210536
0.012391,0.061734,0.203936,0.013038,0.170218,0.199241,0.061734,0.054044,0.022194,0.201471
0.011328,0.016625,0.165566,0.008683,0.064186,0.462605,0.016625,0.072105,0.009972,0.172304
0.009152,0.032153,0.157127,0.011132,0.077689,0.099797,0.032153,0.410102,0.014063,0.156633
0.012963,0.016995,0.188213,0.009562,0.425936,0.098795,0.016995,0.036095,0.010081,0.184364
0.010110,0.025206,0.160686,0.010308,0.073457,0.155506,0.025206,0.368411,0.011828,0.159282
0.029208,0.111727,0.191556,0.043278,0.092537,0.097600,0.111727,0.082028,0.041475,0.198863
0.017204,0.106166,0.220659,0.020595,0.095505,0.107686,0.106166,0.064845,0.030910,0.230262
0.056145,0.060602,0.169138,0.040274,0.230724,0.091964,0.060602,0.080311,0.042115,0.168127
0.026035,0.029200,0.167638,0.024166,0.189651,0.113737,0.029200,0.229528,0.024886,0.165958
0.015477,0.017173,0.103007,0.012117,0.064313,0.147204,0.017173,0.509372,0.011827,0.102337
0.029409,0.044824,0.185280,0.031422,0.134291,0.194099,0.044824,0.119601,0.030677,0.185573
0.024962,0.084775,0.074881,0.035199,0.042713,0.058149,0.084775,0.483031,0.036163,0.075351
0.007429,0.009054,0.169269,0.005164,0.492933,0.088414,0.009054,0.047781,0.005924,0.164978
0.012650,0.339308,0.055377,0.033397,0.033870,0.032909,0.339309,0.039236,0.058202,0.055741
0.022073,0.135852,0.174200,0.028347,0.089334,0.145663,0.135852,0.052611,0.042687,0.173380
0.005319,0.016671,0.203548,0.006985,0.080675,0.154858,0.016671,0.298242,0.007748,0.209284
0.052495,0.054563,0.183633,0.045026,0.146161,0.119860,0.054563,0.116082,0.043692,0.183925
0.002537,0.004214,0.027619,0.002959,0.019956,0.019528,0.004214,0.888697,0.002805,0.027469
0.025141,0.039514,0.175607,0.028874,0.117731,0.214460,0.039514,0.152332,0.031136,0.175692
0.003805,0.005538,0.102002,0.003795,0.659925,0.068000,0.005538,0.047925,0.003904,0.099568
0.013288,0.050442,0.217252,0.017970,0.160040,0.190007,0.050442,0.064390,0.021453,0.214716
0.007615,0.021127,0.152895,0.009887,0.089494,0.116711,0.021128,0.417954,0.010721,0.152469
0.004192,0.012064,0.089622,0.005708,0.042538,0.104237,0.012064,0.634439,0.006356,0.088781
0.024742,0.034208,0.202134,0.024867,0.272916,0.098887,0.034208,0.080847,0.026848,0.200344
0.022058,0.056937,0.219117,0.023903,0.138159,0.119920,0.056937,0.114692,0.028321,0.219954
0.029409,0.044824,0.185280,0.031422,0.134291,0.194099,0.044824,0.119601,0.030677,0.185573
0.036730,0.039694,0.227792,0.019732,0.179745,0.111093,0.039694,0.094681,0.021732,0.229107
0.005340,0.088010,0.010385,0.024508,0.006165,0.008388,0.088010,0.006357,0.752343,0.010494
0.006619,0.194490,0.015710,0.061339,0.009085,0.012609,0.194490,0.010529,0.479245,0.015883
0.011699,0.268925,0.026456,0.271793,0.016933,0.021061,0.268926,0.020876,0.066675,0.026656
0.007472,0.013157,0.211840,0.005849,0.329004,0.155105,0.013157,0.048197,0.006871,0.209349
0.000572,0.001133,0.019724,0.000651,0.019413,0.930782,0.001133,0.006020,0.000645,0.019927
0.008533,0.318534,0.031256,0.029858,0.022816,0.026504,0.318533,0.016391,0.196205,0.031369
0.020034,0.030572,0.191991,0.015189,0.335240,0.102035,0.030572,0.067758,0.016948,0.189663
0.019587,0.034285,0.174127,0.023260,0.145435,0.289927,0.034285,0.083557,0.025004,0.170533
0.009856,0.027191,0.109322,0.011700,0.061565,0.115132,0.027191,0.514372,0.015046,0.108625
0.009090,0.011360,0.134862,0.008301,0.310039,0.316458,0.011360,0.057441,0.008208,0.132880
0.029983,0.032283,0.180585,0.025314,0.135054,0.118849,0.032283,0.238459,0.024084,0.183105
0.007948,0.033204,0.202132,0.012122,0.328650,0.119360,0.033204,0.043489,0.013223,0.206668
0.002965,0.005885,0.066724,0.003252,0.029374,0.069231,0.005885,0.747553,0.003610,0.065521
0.030520,0.042453,0.199192,0.015458,0.271170,0.102069,0.042453,0.077803,0.020837,0.198047
0.007380,0.013633,0.169485,0.007031,0.428887,0.143032,0.013633,0.047184,0.007934,0.161800
0.007578,0.013884,0.209244,0.008227,0.322258,0.113303,0.013884,0.098821,0.008212,0.204588
0.011029,0.017147,0.122062,0.011352,0.523289,0.110060,0.017147,0.054961,0.012733,0.120220
0.009556,0.015371,0.124608,0.009781,0.565116,0.070101,0.015371,0.055991,0.011026,0.123079
0.014843,0.017774,0.134201,0.013197,0.519041,0.080514,0.017774,0.056146,0.013845,0.132665
0.037598,0.055131,0.176931,0.040351,0.117346,0.193612,0.055131,0.103260,0.039983,0.180657
0.015807,0.023931,0.198544,0.014891,0.298513,0.144774,0.023931,0.066076,0.016620,0.196912
0.008497,0.020177,0.186726,0.010858,0.108686,0.158081,0.020177,0.290029,0.011317,0.185451
0.020519,0.034551,0.164384,0.016804,0.378560,0.089979,0.034551,0.077486,0.019279,0.163886
0.010040,0.018057,0.141551,0.009650,0.517108,0.098813,0.018057,0.038587,0.010453,0.137684
0.010722,0.033620,0.206422,0.013819,0.230127,0.119334,0.033620,0.133999,0.016896,0.201439
0.001415,0.002543,0.090611,0.001388,0.740728,0.057794,0.002543,0.014904,0.001579,0.086495
0.004583,0.009288,0.209758,0.004534,0.219172,0.271934,0.009288,0.062770,0.004898,0.203774
0.036139,0.103726,0.124533,0.054375,0.103302,0.153687,0.103726,0.134888,0.061267,0.124358
0.012448,0.017768,0.190397,0.010116,0.269264,0.218451,0.017768,0.065383,0.011757,0.186649
0.017722,0.028393,0.261197,0.015029,0.137627,0.127073,0.028393,0.096309,0.016565,0.271692
0.016589,0.025833,0.182355,0.015980,0.336853,0.128217,0.025833,0.074130,0.018036,0.176175
0.025580,0.029269,0.156084,0.027671,0.379052,0.087316,0.029269,0.086010,0.026845,0.152903
0.016141,0.021017,0.181932,0.016924,0.310163,0.154577,0.021017,0.082742,0.016587,0.178900
0.007271,0.016270,0.139919,0.008974,0.478765,0.137376,0.016270,0.049104,0.010148,0.135902
0.062319,0.071070,0.196151,0.035977,0.109953,0.134704,0.071070,0.077662,0.039275,0.201819
0.099969,0.056864,0.207421,0.023086,0.119302,0.105760,0.056864,0.089799,0.027560,0.213374
0.013132,0.016817,0.204730,0.012735,0.263494,0.182744,0.016817,0.076213,0.013064,0.200255
0.015584,0.061040,0.137488,0.019305,0.047363,0.075743,0.061040,0.413735,0.029796,0.138905
0.007860,0.023441,0.213753,0.006747,0.106293,0.172336,0.023441,0.225524,0.008651,0.211955
0.035095,0.072785,0.151866,0.043299,0.171276,0.125384,0.072785,0.117775,0.059131,0.150604
0.006577,0.013991,0.118377,0.007939,0.051916,0.492815,0.013991,0.168189,0.008413,0.117793
0.011444,0.014023,0.227776,0.010820,0.264661,0.147337,0.014023,0.076368,0.011329,0.222218
0.004461,0.013734,0.183023,0.006107,0.387010,0.165907,0.013734,0.039537,0.007024,0.179465
0.012964,0.016662,0.153550,0.012822,0.378868,0.183928,0.016662,0.063317,0.013292,0.147934
0.029728,0.052985,0.234079,0.026587,0.117573,0.117549,0.052985,0.100964,0.033730,0.233819
0.012457,0.025489,0.227261,0.009631,0.066274,0.261038,0.025489,0.123521,0.011358,0.237482
0.004770,0.005877,0.118862,0.003954,0.636608,0.079193,0.005877,0.026249,0.004147,0.114464
0.009167,0.023450,0.136254,0.008560,0.068357,0.123730,0.023450,0.460426,0.011123,0.135482
0.012425,0.019829,0.202585,0.011595,0.264523,0.199496,0.019829,0.050863,0.012923,0.205933
0.013733,0.025892,0.211122,0.012902,0.255182,0.122362,0.025892,0.111705,0.014319,0.206892
0.004756,0.006299,0.050601,0.004767,0.044977,0.059187,0.006299,0.769115,0.004313,0.049685
0.061243,0.027513,0.183411,0.019121,0.283488,0.133003,0.027513,0.063975,0.019387,0.181346
0.003714,0.006195,0.147269,0.003715,0.496774,0.157422,0.006195,0.035040,0.004116,0.139560
0.004428,0.007159,0.162335,0.003449,0.553894,0.072704,0.007159,0.026826,0.004038,0.158009
0.005577,0.009958,0.172565,0.005312,0.175925,0.179795,0.009958,0.266619,0.005585,0.168707
0.020365,0.073342,0.207530,0.019555,0.176164,0.133908,0.073342,0.063977,0.025455,0.206362
0.034814,0.012551,0.205237,0.008344,0.248732,0.223312,0.012551,0.046065,0.008528,0.199866
0.015967,0.028947,0.187182,0.016086,0.292795,0.140840,0.028947,0.087603,0.017016,0.184617
0.005292,0.014638,0.256309,0.005637,0.140597,0.238062,0.014638,0.056405,0.006665,0.261756
0.027881,0.036387,0.242726,0.019107,0.176976,0.120991,0.036388,0.073700,0.020822,0.245024
0.016188,0.011022,0.162490,0.006821,0.521653,0.073755,0.011022,0.031013,0.006706,0.159330
0.009185,0.020701,0.288829,0.009614,0.153125,0.116624,0.020701,0.069034,0.010998,0.301189
0.020481,0.022466,0.172916,0.019220,0.337617,0.157404,0.022466,0.063967,0.019536,0.163927
0.009565,0.037261,0.200098,0.011607,0.085659,0.338699,0.037261,0.064588,0.013788,0.201474
0.023435,0.061563,0.225802,0.026348,0.125817,0.109667,0.061563,0.102479,0.031344,0.231982
0.026140,0.048484,0.184061,0.031473,0.133376,0.170234,0.048484,0.140280,0.034412,0.183057
0.012848,0.017585,0.156566,0.013170,0.397918,0.159207,0.017585,0.061495,0.013249,0.150378
0.011149,0.015070,0.159157,0.011201,0.415713,0.147837,0.015070,0.060416,0.011288,0.153099
0.018905,0.033728,0.188204,0.019571,0.307666,0.109127,0.033728,0.080189,0.021195,0.187688
0.013486,0.027013,0.243937,0.010190,0.208269,0.160649,0.027013,0.056510,0.012120,0.240812
0.005896,0.008916,0.151698,0.006043,0.434810,0.162743,0.008916,0.066125,0.006149,0.148703
0.004687,0.008216,0.040651,0.005835,0.038633,0.047868,0.008216,0.800016,0.005603,0.040275
0.007474,0.014405,0.204977,0.010456,0.085051,0.150475,0.014405,0.294430,0.010370,0.207957
0.014141,0.074345,0.185165,0.023585,0.085772,0.250950,0.074345,0.073061,0.027822,0.190815
0.017221,0.033062,0.086641,0.020569,0.043394,0.069755,0.033062,0.586537,0.021554,0.088204
0.005537,0.018070,0.241461,0.006634,0.107353,0.229077,0.018070,0.124141,0.008559,0.241098
0.012023,0.029387,0.221456,0.012684,0.130365,0.220809,0.029387,0.107271,0.014741,0.221877
0.012670,0.017248,0.128507,0.012727,0.440015,0.184539,0.017248,0.048046,0.013081,0.125918
0.023497,0.043133,0.204302,0.025148,0.163092,0.171381,0.043133,0.091523,0.026295,0.208495
0.007213,0.022545,0.212596,0.012013,0.086284,0.290991,0.022546,0.113917,0.011482,0.220414
0.008288,0.016835,0.144886,0.012225,0.469356,0.117945,0.016835,0.062358,0.009630,0.141641
0.013812,0.073796,0.173748,0.017642,0.094255,0.170627,0.073796,0.186602,0.022749,0.172973
0.004873,0.018359,0.130501,0.005855,0.064875,0.591304,0.018359,0.029558,0.007568,0.128748
0.004093,0.012169,0.158290,0.005184,0.072122,0.147289,0.012169,0.427793,0.005299,0.155592
0.011148,0.039939,0.201982,0.012912,0.205324,0.211440,0.039939,0.063706,0.017095,0.196514
0.004339,0.011511,0.183554,0.005168,0.192802,0.367133,0.011511,0.040697,0.005875,0.177411
0.009964,0.035147,0.149078,0.010134,0.066695,0.418566,0.035147,0.113224,0.014074,0.147969
0.018599,0.024692,0.121985,0.025102,0.458921,0.123664,0.024692,0.063858,0.018472,0.120015
0.009873,0.020026,0.177258,0.012051,0.354556,0.167530,0.020026,0.052804,0.012011,0.173865
0.102614,0.013540,0.265464,0.007524,0.109315,0.140130,0.013540,0.063630,0.007784,0.276460
0.004110,0.006491,0.224307,0.004015,0.158924,0.176740,0.006491,0.198885,0.004187,0.215850
0.009871,0.021223,0.282713,0.010954,0.169055,0.126324,0.021223,0.057196,0.011641,0.289799
0.012847,0.019361,0.257925,0.009265,0.165337,0.194332,0.019361,0.039924,0.009961,0.271688
0.024474,0.016314,0.122597,0.009881,0.077606,0.555512,0.016314,0.044097,0.010468,0.122738
0.008743,0.023505,0.216578,0.014038,0.272151,0.132460,0.023505,0.074404,0.011516,0.223100
0.021232,0.048799,0.204073,0.022645,0.191336,0.144539,0.048800,0.088680,0.028332,0.201563
0.007690,0.010555,0.114209,0.008011,0.597150,0.054099,0.010555,0.077452,0.008180,0.112098
0.028055,0.142249,0.130874,0.045831,0.110153,0.106851,0.142249,0.081420,0.082847,0.129471
0.026246,0.038907,0.160485,0.034800,0.338199,0.112441,0.038907,0.063073,0.031703,0.155237
0.004672,0.008571,0.128519,0.006575,0.595226,0.055978,0.008571,0.061009,0.005595,0.125285
0.063301,0.053908,0.182969,0.034963,0.152526,0.164552,0.053908,0.074376,0.034392,0.185105
0.006573,0.008768,0.176750,0.006417,0.463530,0.101057,0.008768,0.050030,0.006574,0.171532
0.004005,0.009028,0.154287,0.004330,0.125789,0.376388,0.009028,0.162091,0.004927,0.150128
0.022148,0.027944,0.142494,0.026637,0.410010,0.119387,0.027944,0.059328,0.023812,0.140297
0.016286,0.036612,0.198021,0.018038,0.279338,0.121960,0.036612,0.079670,0.020282,0.193180
0.025384,0.052144,0.168483,0.024371,0.077975,0.099453,0.052144,0.300758,0.029588,0.169699
0.001207,0.002957,0.024476,0.001495,0.014950,0.018660,0.002957,0.907172,0.001730,0.024398
0.002220,0.004273,0.026888,0.003230,0.014778,0.024637,0.004273,0.890530,0.002393,0.026778
0.008497,0.016021,0.179006,0.008413,0.437117,0.098587,0.016021,0.053143,0.009622,0.173573
0.010239,0.027648,0.217183,0.012141,0.176175,0.217824,0.027648,0.082169,0.014368,0.214605
0.028750,0.028891,0.237260,0.016590,0.130994,0.200528,0.028891,0.078504,0.013459,0.236134
0.011053,0.021112,0.221852,0.011589,0.276984,0.132008,0.021112,0.070209,0.012314,0.221767
0.010598,0.024609,0.165728,0.009980,0.459218,0.084130,0.024609,0.046795,0.011919,0.162412
0.007535,0.025434,0.246428,0.009951,0.153183,0.190089,0.025434,0.086036,0.013478,0.242431
0.010596,0.041745,0.234795,0.014737,0.071002,0.228094,0.041745,0.095382,0.018627,0.243279
0.023739,0.106393,0.202345,0.027311,0.114188,0.116559,0.106393,0.057358,0.033917,0.211797
0.021134,0.105383,0.153582,0.030650,0.139545,0.172435,0.105384,0.077371,0.041018,0.153498
0.028829,0.071021,0.170313,0.035094,0.175201,0.117411,0.071021,0.119264,0.042361,0.169486
0.021389,0.091962,0.185688,0.032000,0.159221,0.110630,0.091962,0.075537,0.046459,0.185150
0.005321,0.009172,0.208353,0.005708,0.150090,0.118453,0.009172,0.284445,0.005734,0.203552
0.002887,0.006250,0.113430,0.002977,0.679754,0.054225,0.006250,0.020268,0.003793,0.110167
0.003111,0.006309,0.161836,0.003248,0.550432,0.082424,0.006309,0.025262,0.003468,0.157602
0.010903,0.015846,0.141067,0.011436,0.482141,0.107721,0.015846,0.064851,0.011491,0.138697
0.014425,0.056003,0.234096,0.019988,0.165782,0.110844,0.056004,0.088323,0.024236,0.230298
0.011251,0.014583,0.171411,0.011197,0.322413,0.191685,0.014583,0.081029,0.010913,0.170934
0.025993,0.037279,0.181095,0.026429,0.198557,0.214462,0.037279,0.070673,0.025116,0.183118
0.000940,0.002913,0.013582,0.001181,0.008689,0.949306,0.002913,0.005282,0.001441,0.013753
0.007527,0.023161,0.225180,0.009403,0.194292,0.218898,0.023161,0.056707,0.010567,0.231104
0.007371,0.015969,0.200312,0.006924,0.136853,0.329643,0.015969,0.072814,0.008251,0.205894
0.021261,0.046797,0.170903,0.029686,0.205442,0.139579,0.046797,0.128922,0.043307,0.167307
0.020062,0.015224,0.266465,0.006153,0.120683,0.226000,0.015224,0.055681,0.007271,0.267238
0.029474,0.036224,0.254748,0.022001,0.089200,0.140232,0.036224,0.108847,0.022947,0.260104
0.027223,0.047265,0.265600,0.021996,0.064094,0.150744,0.047265,0.081452,0.019092,0.275270
0.005332,0.015285,0.228823,0.006785,0.256846,0.170935,0.015285,0.067408,0.008197,0.225106
0.003748,0.006268,0.118638,0.003591,0.176844,0.530632,0.006268,0.031459,0.003706,0.118845
0.019663,0.029099,0.242322,0.016604,0.076107,0.243958,0.029099,0.070147,0.017836,0.255165
0.023438,0.046543,0.179918,0.026340,0.259999,0.111573,0.046543,0.099618,0.028944,0.177084
0.007315,0.016370,0.244653,0.007810,0.254129,0.146041,0.016370,0.047810,0.008636,0.250867
0.005203,0.015532,0.189779,0.005916,0.088805,0.097630,0.015532,0.385633,0.007089,0.188880
0.003541,0.005246,0.038337,0.002993,0.030299,0.856640,0.005246,0.015868,0.003063,0.038768
0.027538,0.032810,0.175793,0.034423,0.318170,0.115127,0.032810,0.064010,0.026845,0.172475
0.008228,0.009263,0.182517,0.007914,0.214798,0.133171,0.009263,0.249817,0.007563,0.177466
0.004771,0.021596,0.090738,0.008341,0.073963,0.100465,0.021596,0.579761,0.009105,0.089664
0.014828,0.022946,0.246168,0.008435,0.111985,0.132203,0.022946,0.180484,0.014719,0.245286
0.009165,0.012365,0.113761,0.008792,0.616916,0.069628,0.012365,0.037139,0.008191,0.111678
0.010590,0.018448,0.268598,0.007079,0.209248,0.156678,0.018448,0.037853,0.008203,0.264855
0.020481,0.022466,0.172916,0.019220,0.337617,0.157404,0.022466,0.063967,0.019536,0.163927
0.018572,0.035341,0.191416,0.015901,0.237985,0.155805,0.035341,0.099894,0.018391,0.191354
0.032544,0.021442,0.218622,0.012582,0.302780,0.100720,0.021442,0.060130,0.015362,0.214375
0.003936,0.023808,0.239116,0.006104,0.141785,0.246202,0.023808,0.074269,0.007317,0.233655
0.010104,0.018658,0.199299,0.011812,0.075666,0.257235,0.018658,0.193260,0.012618,0.202689
0.016547,0.028235,0.224396,0.019147,0.137916,0.148470,0.028235,0.152936,0.018178,0.225939
0.003347,0.011359,0.006671,0.924555,0.004465,0.005880,0.011359,0.013599,0.012074,0.006691
0.040092,0.102117,0.148160,0.083685,0.124544,0.102039,0.102117,0.088952,0.057439,0.150856
0.015848,0.260475,0.103549,0.032105,0.049443,0.077712,0.260475,0.037577,0.058062,0.104753
0.025661,0.035843,0.194890,0.025851,0.209073,0.121141,0.035843,0.129839,0.028539,0.193319
0.006069,0.015603,0.151276,0.008365,0.523407,0.084772,0.015603,0.039420,0.008122,0.147364
0.014061,0.024118,0.179927,0.014159,0.078549,0.154366,0.024118,0.314462,0.015124,0.181116
0.032781,0.043867,0.181069,0.035922,0.236120,0.142402,0.043867,0.074087,0.031060,0.178825
0.008179,0.020493,0.092536,0.006395,0.044466,0.122162,0.020493,0.587305,0.006542,0.091428
0.006408,0.014024,0.134966,0.007804,0.150272,0.213168,0.014024,0.319339,0.008325,0.131669
0.005355,0.016470,0.154773,0.006173,0.079822,0.139990,0.016470,0.421069,0.006879,0.153001
0.019332,0.114043,0.026450,0.533041,0.017688,0.021645,0.114043,0.022272,0.104791,0.026695
0.062736,0.045551,0.181082,0.019971,0.214576,0.085384,0.045551,0.145399,0.020628,0.179122
0.031007,0.038421,0.194576,0.026700,0.223176,0.130580,0.038421,0.097866,0.025643,0.193610
0.006755,0.010074,0.141701,0.005992,0.572399,0.081548,0.010074,0.027955,0.006156,0.137345
0.018641,0.060091,0.221581,0.018268,0.160620,0.128008,0.060092,0.083266,0.027537,0.221896
0.014467,0.026920,0.183006,0.013077,0.075951,0.320922,0.026920,0.137429,0.014024,0.187283
0.032483,0.041650,0.184222,0.038950,0.193175,0.149927,0.041650,0.098868,0.031572,0.187504
0.004515,0.010420,0.113172,0.004990,0.053372,0.645955,0.010420,0.034631,0.005566,0.116959
0.063917,0.080665,0.147726,0.069650,0.141332,0.117317,0.080665,0.086665,0.064342,0.147721
0.010848,0.028401,0.224692,0.013683,0.160122,0.172661,0.028401,0.123015,0.015527,0.222652
0.025320,0.042774,0.167494,0.040887,0.200615,0.151293,0.042774,0.132428,0.031284,0.165131
0.005575,0.020841,0.136837,0.008376,0.064906,0.443693,0.020841,0.153619,0.008839,0.136472
0.054629,0.038132,0.182549,0.026221,0.220731,0.155698,0.038132,0.077809,0.026290,0.179809
0.031503,0.047783,0.163557,0.024550,0.189533,0.221137,0.047783,0.086190,0.026999,0.160965
0.022017,0.070873,0.154387,0.031526,0.062969,0.080061,0.070873,0.314194,0.036926,0.156173
0.003896,0.005320,0.168791,0.003961,0.303865,0.107235,0.005320,0.234365,0.003793,0.163454
0.001825,0.004480,0.146465,0.002066,0.364954,0.105529,0.004480,0.226688,0.002345,0.141168
0.006966,0.016335,0.208376,0.007347,0.275057,0.187662,0.016335,0.069130,0.008754,0.204036
0.010421,0.016252,0.204316,0.009825,0.337270,0.139486,0.016252,0.055544,0.011278,0.199355
0.006262,0.010076,0.127517,0.006270,0.538977,0.121365,0.010076,0.047378,0.007005,0.125073
0.006643,0.013807,0.277479,0.006390,0.151554,0.172125,0.013807,0.076022,0.007034,0.275139
0.002177,0.006023,0.076713,0.002402,0.030884,0.057401,0.006023,0.737222,0.002559,0.078595
0.041556,0.048124,0.181818,0.033372,0.202023,0.111989,0.048124,0.118972,0.032483,0.181540
0.016805,0.030665,0.157745,0.018381,0.392525,0.121418,0.030665,0.055529,0.019648,0.156619
0.006665,0.012396,0.156195,0.007137,0.493309,0.081417,0.012396,0.068660,0.007939,0.153885
0.003503,0.008459,0.132378,0.004625,0.624592,0.063728,0.008459,0.021743,0.004600,0.127913
0.018435,0.039768,0.193158,0.020162,0.201425,0.098924,0.039768,0.172923,0.023494,0.191943
0.013578,0.018681,0.125106,0.013766,0.539253,0.074100,0.018681,0.058348,0.014431,0.124055
0.007355,0.025432,0.183401,0.009505,0.069120,0.249995,0.025432,0.237961,0.010344,0.181454
0.001163,0.004858,0.028404,0.001789,0.012916,0.868681,0.004858,0.047153,0.002037,0.028141
0.005205,0.008702,0.130176,0.005177,0.588598,0.071720,0.008702,0.047823,0.005817,0.128081
0.008537,0.012730,0.249109,0.007377,0.244752,0.178054,0.012730,0.031605,0.006931,0.248174
0.015387,0.037918,0.191227,0.018791,0.248653,0.186030,0.037918,0.056830,0.020868,0.186378
0.002770,0.005425,0.055613,0.003834,0.063292,0.045462,0.005425,0.759870,0.003941,0.054368
0.069826,0.082206,0.188583,0.032935,0.077797,0.137920,0.082206,0.084035,0.050221,0.194272
0.021031,0.170791,0.164827,0.028455,0.081876,0.083979,0.170792,0.060426,0.045314,0.172509
0.003359,0.010927,0.054977,0.005231,0.048402,0.041912,0.010927,0.763967,0.005780,0.054518
0.012290,0.043562,0.213022,0.020933,0.207762,0.174907,0.043562,0.056258,0.019771,0.207934
0.008042,0.031005,0.254745,0.010695,0.105352,0.215718,0.031005,0.065317,0.012949,0.265171
0.023570,0.041637,0.244942,0.019215,0.168627,0.115206,0.041637,0.072061,0.026053,0.247050
0.002379,0.004576,0.039041,0.003362,0.042507,0.032196,0.004576,0.829476,0.003433,0.038454
0.017256,0.043393,0.217631,0.024264,0.162094,0.176136,0.043393,0.075881,0.023037,0.216915
0.005136,0.013015,0.136443,0.006807,0.113233,0.125855,0.013015,0.446461,0.006891,0.133144
0.007977,0.025600,0.183419,0.012442,0.354329,0.161748,0.025600,0.035241,0.012854,0.180790
0.018837,0.024534,0.141547,0.013916,0.454383,0.109849,0.024534,0.055922,0.016992,0.139488
0.002395,0.009877,0.258410,0.002966,0.064063,0.116942,0.009877,0.256972,0.003920,0.274578
0.005703,0.028840,0.204314,0.009711,0.293784,0.154031,0.028840,0.057080,0.019484,0.198213
0.010970,0.023442,0.179363,0.013047,0.373654,0.130234,0.023442,0.057787,0.013903,0.174158
0.012226,0.030487,0.156584,0.013787,0.144118,0.119498,0.030487,0.321234,0.016862,0.154717
0.038574,0.059072,0.176957,0.039870,0.175044,0.116265,0.059072,0.114462,0.045181,0.175502
0.011164,0.017909,0.126323,0.012412,0.098280,0.104904,0.017909,0.472590,0.011249,0.127262
0.027634,0.027579,0.185586,0.013085,0.136681,0.285056,0.027579,0.099942,0.013342,0.183515
0.013994,0.017927,0.184288,0.012764,0.326341,0.158596,0.017927,0.076958,0.013662,0.177543
0.004435,0.012633,0.133669,0.006468,0.175598,0.233323,0.012633,0.284282,0.006424,0.130536
0.014558,0.019082,0.159398,0.014419,0.430678,0.101017,0.019082,0.072659,0.015112,0.153994
0.013781,0.075772,0.197966,0.020045,0.162237,0.112938,0.075772,0.113010,0.031916,0.196563
0.024396,0.031793,0.153453,0.023925,0.339919,0.131219,0.031793,0.086405,0.025458,0.151638
0.017311,0.027015,0.165714,0.016564,0.326486,0.181399,0.027015,0.055989,0.017338,0.165170
0.003901,0.006061,0.028402,0.005123,0.019368,0.025838,0.006061,0.872160,0.004948,0.028138
0.031261,0.039664,0.190095,0.031639,0.196787,0.148390,0.039664,0.102787,0.032442,0.187270
0.006794,0.022784,0.218940,0.010315,0.164631,0.200007,0.022784,0.129182,0.010474,0.214089
0.027599,0.086468,0.186437,0.034957,0.104358,0.149147,0.086468,0.089443,0.044453,0.190670
0.010131,0.018988,0.256585,0.010172,0.202205,0.163386,0.018988,0.056125,0.010939,0.252482
0.016561,0.032183,0.245571,0.016749,0.161789,0.150203,0.032183,0.080766,0.019910,0.244086
0.025411,0.092106,0.188767,0.025750,0.132107,0.137636,0.092106,0.082521,0.034580,0.189017
0.110110,0.033883,0.209193,0.021965,0.161263,0.144354,0.033883,0.055655,0.020826,0.208868
0.031520,0.037772,0.201114,0.026798,0.188937,0.119947,0.037772,0.124934,0.031515,0.199690
0.026028,0.033512,0.222502,0.024822,0.147010,0.150487,0.033512,0.113790,0.025762,0.222574
0.016225,0.018174,0.154191,0.014077,0.460474,0.088944,0.018174,0.067015,0.013960,0.148767
0.018693,0.019715,0.187782,0.010719,0.373102,0.090964,0.019715,0.083275,0.011962,0.184073
0.010640,0.020810,0.188050,0.009160,0.377885,0.130500,0.020810,0.047459,0.010677,0.184009
0.003272,0.009445,0.214507,0.003469,0.359542,0.105094,0.009445,0.080689,0.004076,0.210460
0.005623,0.009602,0.159862,0.004021,0.486464,0.077523,0.009602,0.087109,0.004934,0.155260
0.013961,0.038775,0.207076,0.014327,0.225846,0.161666,0.038775,0.075258,0.018634,0.205682
0.021877,0.040883,0.178733,0.024529,0.227607,0.173607,0.040883,0.089236,0.027145,0.175499
0.040499,0.057957,0.192030,0.031561,0.186676,0.139819,0.057957,0.068975,0.033573,0.190950
0.017389,0.047090,0.210288,0.021218,0.216256,0.109634,0.047090,0.096012,0.026245,0.208778
0.006319,0.009758,0.214794,0.005831,0.207795,0.117314,0.009758,0.213347,0.006685,0.208397
0.015406,0.026359,0.203154,0.017869,0.229349,0.156037,0.026359,0.101364,0.018139,0.205964
0.028721,0.027983,0.179397,0.010913,0.311596,0.155938,0.027983,0.068639,0.013604,0.175226
0.030128,0.087811,0.174794,0.039404,0.162262,0.107357,0.087811,0.088197,0.046652,0.175584
0.001632,0.004978,0.192427,0.002132,0.253757,0.178956,0.004978,0.171922,0.002307,0.186910
0.008032,0.014713,0.210777,0.007419,0.394626,0.084416,0.014713,0.045280,0.008133,0.211891
0.032417,0.045391,0.196975,0.029480,0.165075,0.143409,0.045391,0.113252,0.032376,0.196233
0.007801,0.025043,0.152051,0.009600,0.208843,0.106098,0.025043,0.302745,0.012925,0.149851
0.019328,0.062295,0.189373,0.025134,0.091150,0.192847,0.062295,0.132556,0.032020,0.193001
0.033103,0.038313,0.227039,0.024069,0.136792,0.143905,0.038313,0.104401,0.029548,0.224517
0.003043,0.009980,0.074550,0.004778,0.054519,0.074207,0.009980,0.690621,0.004754,0.073568
0.002334,0.004210,0.029606,0.002706,0.031877,0.880376,0.004210,0.012519,0.002982,0.029179
0.014813,0.057064,0.218963,0.023277,0.140317,0.157012,0.057064,0.090551,0.024260,0.216681
0.010444,0.023638,0.230328,0.010602,0.168967,0.194866,0.023638,0.098918,0.012622,0.225976
0.037745,0.165460,0.123418,0.054303,0.074732,0.078009,0.165460,0.115707,0.060812,0.124356
0.009728,0.051024,0.088596,0.015266,0.034919,0.084569,0.051024,0.557280,0.018592,0.089002
0.005293,0.008001,0.190549,0.005322,0.447643,0.096251,0.008001,0.050850,0.005808,0.182282
0.002798,0.008047,0.067652,0.004374,0.046510,0.082816,0.008047,0.709134,0.003899,0.066723
0.016996,0.030687,0.257591,0.016473,0.146416,0.122714,0.030687,0.106533,0.018465,0.253437
0.025389,0.054397,0.222815,0.031303,0.131813,0.117756,0.054397,0.104422,0.036119,0.221588
0.025750,0.045774,0.229656,0.028210,0.143698,0.118650,0.045774,0.102517,0.031921,0.228049
0.049056,0.077797,0.155061,0.044815,0.172803,0.107592,0.077797,0.107005,0.054369,0.153705
0.023179,0.043441,0.237236,0.027899,0.138189,0.115593,0.043441,0.103744,0.032401,0.234877
0.002073,0.003622,0.146507,0.001977,0.557204,0.099016,0.003622,0.043705,0.002273,0.140001
0.037045,0.101971,0.166065,0.044754,0.138752,0.093210,0.101971,0.097281,0.052280,0.166670
0.007768,0.021581,0.219621,0.009397,0.206952,0.111208,0.021581,0.173395,0.010951,0.217547
0.001444,0.002822,0.024771,0.001780,0.011368,0.031526,0.002822,0.896685,0.001859,0.024924
0.037972,0.077288,0.167063,0.041559,0.161354,0.111373,0.077288,0.112093,0.046239,0.167771
0.000517,0.002266,0.020011,0.000813,0.012814,0.921865,0.002266,0.018726,0.001080,0.019644
0.006023,0.010257,0.132569,0.006049,0.582577,0.068349,0.010257,0.048340,0.006958,0.128621
0.018170,0.024652,0.136267,0.020207,0.408174,0.123780,0.024652,0.090250,0.019292,0.134556
0.006350,0.012323,0.144606,0.006971,0.172797,0.110481,0.012323,0.385528,0.007659,0.140963
0.015738,0.025974,0.155238,0.015995,0.445449,0.085465,0.025974,0.063089,0.017038,0.150040
0.013313,0.021994,0.122855,0.013876,0.521882,0.078523,0.021994,0.068581,0.015398,0.121586
0.002711,0.003885,0.094655,0.002666,0.713356,0.050476,0.003885,0.035068,0.002841,0.090459
0.000625,0.001105,0.012222,0.000702,0.008836,0.011004,0.001105,0.951685,0.000756,0.011960
0.000459,0.001458,0.017781,0.000611,0.010206,0.027310,0.001458,0.922535,0.000705,0.017477
0.002683,0.004451,0.085991,0.002737,0.742325,0.041652,0.004451,0.030717,0.002952,0.082041
0.006797,0.013779,0.083268,0.007945,0.062409,0.094554,0.013779,0.626128,0.009725,0.081616
0.000838,0.002054,0.053363,0.001010,0.029658,0.044343,0.002054,0.813826,0.000975,0.051879
0.012535,0.019964,0.142988,0.014811,0.454351,0.119561,0.019964,0.060357,0.014993,0.140477
0.001335,0.005213,0.036120,0.001821,0.011964,0.020431,0.005213,0.878442,0.002146,0.037314
0.009342,0.024600,0.283603,0.008947,0.097852,0.197741,0.024600,0.048255,0.010904,0.294155
0.011573,0.015025,0.179492,0.010891,0.431044,0.107959,0.015025,0.043489,0.010856,0.174645
0.030536,0.050643,0.203620,0.029084,0.185330,0.113899,0.050643,0.100051,0.032726,0.203468
0.003937,0.007356,0.038146,0.004938,0.033469,0.033943,0.007356,0.827845,0.005156,0.037853
0.004057,0.011093,0.138009,0.005328,0.145251,0.082946,0.011094,0.461605,0.005977,0.134640
0.007287,0.015886,0.224793,0.006327,0.368936,0.093433,0.015886,0.040155,0.007364,0.219933
0.029967,0.044160,0.217737,0.021690,0.190837,0.130709,0.044160,0.082491,0.023159,0.215090
0.024681,0.029993,0.243135,0.013104,0.165517,0.142334,0.029993,0.096458,0.014715,0.240068
0.005975,0.015162,0.138819,0.006397,0.129199,0.074030,0.015162,0.470755,0.007704,0.136795
0.005815,0.012911,0.121395,0.008675,0.063097,0.132893,0.012911,0.514019,0.008089,0.120196
0.016719,0.020392,0.214659,0.013199,0.242359,0.097130,0.020392,0.148722,0.014062,0.212367
0.032440,0.048951,0.183740,0.031738,0.206198,0.119513,0.048951,0.111638,0.034189,0.182642
0.021383,0.121755,0.181413,0.033890,0.087711,0.111262,0.121755,0.098248,0.039379,0.183203
0.051639,0.023598,0.206073,0.011586,0.171200,0.253321,0.023598,0.044764,0.011932,0.202290
0.024107,0.023151,0.183979,0.018978,0.224000,0.225080,0.023151,0.079695,0.016902,0.180957
0.059203,0.101774,0.162906,0.038810,0.144398,0.103546,0.101774,0.073112,0.052268,0.162208
0.022717,0.023313,0.165558,0.016265,0.093632,0.166926,0.023313,0.306888,0.017118,0.164270
0.005898,0.010529,0.165049,0.006172,0.493348,0.096669,0.010529,0.045143,0.007050,0.159612
0.006497,0.007403,0.148087,0.005250,0.137095,0.100118,0.007403,0.437625,0.005385,0.145138
0.017073,0.041138,0.180296,0.022146,0.268321,0.147142,0.041138,0.084105,0.023926,0.174714
0.018075,0.282355,0.049739,0.053642,0.031701,0.036772,0.282354,0.034626,0.160551,0.050185
0.008512,0.027094,0.149224,0.011650,0.103048,0.140878,0.027094,0.370809,0.013026,0.148665
0.013508,0.017292,0.168491,0.012640,0.147433,0.142973,0.017292,0.298902,0.015563,0.165906
0.030038,0.066072,0.162928,0.044244,0.160374,0.128325,0.066071,0.091673,0.088670,0.161605
0.003269,0.009248,0.039797,0.004493,0.023996,0.036931,0.009248,0.828459,0.004737,0.039821
0.000669,0.001838,0.016975,0.000740,0.007506,0.931505,0.001838,0.020918,0.000858,0.017154
0.011169,0.035600,0.165629,0.014573,0.077591,0.207060,0.035600,0.270548,0.017569,0.164661
0.018963,0.035611,0.203467,0.020701,0.216759,0.173388,0.035611,0.071865,0.023651,0.199983
0.006117,0.020072,0.184263,0.007814,0.100623,0.348355,0.020072,0.120077,0.009195,0.183414
0.036835,0.071256,0.160468,0.055950,0.169701,0.109056,0.071256,0.088927,0.077856,0.158695
0.004025,0.014277,0.169541,0.005809,0.061017,0.115153,0.014277,0.435656,0.005136,0.175109
0.015628,0.042138,0.174733,0.017476,0.119075,0.143495,0.042138,0.244102,0.022132,0.179083
0.013741,0.165366,0.166633,0.026154,0.052814,0.117353,0.165367,0.074025,0.046426,0.172120
0.009151,0.029794,0.169100,0.013093,0.114284,0.301777,0.029794,0.149863,0.014579,0.168565
0.005938,0.013323,0.207074,0.007885,0.173496,0.113910,0.013323,0.251547,0.007675,0.205829
0.000428,0.001071,0.013462,0.000466,0.010152,0.944956,0.001071,0.014694,0.000573,0.013126
0.005576,0.010532,0.199214,0.006080,0.322146,0.165864,0.010532,0.082346,0.006307,0.191404
0.015136,0.055360,0.148518,0.019752,0.092829,0.131099,0.055360,0.309715,0.024295,0.147937
0.005602,0.015379,0.098824,0.008223,0.056041,0.123797,0.015379,0.571533,0.007908,0.097313
0.029307,0.059134,0.204754,0.015385,0.078129,0.251424,0.059134,0.077270,0.020587,0.204877
0.011306,0.017159,0.127325,0.011168,0.491432,0.134614,0.017159,0.054189,0.011066,0.124582
0.013834,0.061533,0.146633,0.018058,0.064800,0.411125,0.061533,0.048924,0.023693,0.149867
0.012345,0.016768,0.210573,0.008622,0.187075,0.285515,0.016768,0.047924,0.008672,0.205738
0.013708,0.073941,0.163058,0.021411,0.105322,0.137238,0.073941,0.223221,0.027221,0.160939
0.011970,0.034007,0.144194,0.017662,0.104936,0.141544,0.034007,0.351432,0.016820,0.143428
0.016882,0.024572,0.188620,0.014767,0.348191,0.119291,0.024572,0.062811,0.015457,0.184835
0.027335,0.034247,0.191054,0.020821,0.249039,0.156109,0.034248,0.074260,0.023035,0.189851
0.008937,0.047593,0.137739,0.015860,0.087586,0.146968,0.047593,0.350084,0.020843,0.136797
0.042647,0.068586,0.179610,0.023404,0.085220,0.150274,0.068586,0.167629,0.031030,0.183014
0.042087,0.036785,0.189805,0.020243,0.183593,0.197407,0.036785,0.080219,0.023555,0.189521
0.004184,0.010513,0.148318,0.005169,0.148481,0.094387,0.010513,0.426332,0.006335,0.145767
0.003019,0.012017,0.153511,0.003820,0.048746,0.131315,0.012017,0.477455,0.004444,0.153657
0.014226,0.024698,0.145380,0.016721,0.394632,0.165288,0.024698,0.055955,0.016526,0.141875
0.016273,0.026229,0.176682,0.013006,0.129020,0.146729,0.026229,0.278165,0.012259,0.175410
0.012478,0.021216,0.163850,0.012419,0.197891,0.162595,0.021216,0.232692,0.014282,0.161362
0.015043,0.049015,0.232067,0.015599,0.143026,0.187486,0.049015,0.058000,0.019894,0.230856
0.018576,0.025053,0.163693,0.020018,0.135243,0.208044,0.025053,0.224107,0.018266,0.161946
0.003121,0.005518,0.205467,0.003183,0.398684,0.132893,0.005518,0.032258,0.003324,0.210033
0.010074,0.017548,0.219035,0.010220,0.299889,0.136785,0.017548,0.063986,0.010544,0.214372
0.059626,0.022547,0.165548,0.017015,0.363335,0.116721,0.022547,0.054890,0.017435,0.160335
0.018853,0.029416,0.194024,0.019468,0.310366,0.116222,0.029416,0.058658,0.022833,0.200744
0.007329,0.051129,0.162319,0.013347,0.384763,0.105286,0.051129,0.045120,0.019449,0.160129
0.012218,0.027290,0.191147,0.012545,0.132207,0.304570,0.027290,0.086954,0.015793,0.189987
0.009734,0.024242,0.200835,0.009326,0.174814,0.239752,0.024242,0.107190,0.011548,0.198317
0.002561,0.004042,0.132097,0.002660,0.399921,0.300838,0.004042,0.023808,0.002735,0.127295
0.005645,0.015750,0.237029,0.006284,0.306846,0.114756,0.015750,0.055784,0.007596,0.234560
0.024800,0.029056,0.099226,0.013752,0.044871,0.084890,0.029056,0.559723,0.015111,0.099514
0.005484,0.010938,0.232937,0.005311,0.148726,0.203131,0.010938,0.149821,0.005827,0.226888
0.004289,0.011006,0.196558,0.004390,0.395704,0.101970,0.011006,0.077789,0.005175,0.192112
0.008988,0.061408,0.135810,0.018030,0.057110,0.129127,0.061408,0.361467,0.031085,0.135566
0.008474,0.029709,0.154895,0.010466,0.485515,0.082932,0.029709,0.034494,0.012222,0.151585
0.027457,0.033611,0.210887,0.024344,0.168073,0.171858,0.033611,0.090051,0.023070,0.217037
0.003826,0.007790,0.053645,0.004176,0.035302,0.048719,0.007790,0.781190,0.004681,0.052881
0.020987,0.041984,0.219010,0.020882,0.202294,0.153056,0.041984,0.061181,0.021544,0.217078
0.002584,0.006667,0.152648,0.003368,0.470374,0.183171,0.006667,0.022576,0.003523,0.148421
0.006371,0.011737,0.121758,0.006914,0.050795,0.419870,0.011737,0.239524,0.007191,0.124102
0.010690,0.037425,0.102511,0.018377,0.047614,0.132382,0.037425,0.492057,0.017713,0.103806
0.015334,0.026707,0.209801,0.014226,0.165353,0.232000,0.026707,0.076875,0.016299,0.216698
0.054893,0.066811,0.169447,0.045588,0.171031,0.108574,0.066811,0.100329,0.047608,0.168907
0.024193,0.037747,0.200978,0.020080,0.214282,0.166826,0.037747,0.078261,0.022202,0.197683
0.018901,0.037749,0.226500,0.021327,0.101515,0.151821,0.037749,0.151911,0.024225,0.228302
0.159437,0.042657,0.199877,0.020665,0.088082,0.151894,0.042657,0.070305,0.024531,0.199895
0.010053,0.014555,0.226128,0.011227,0.208660,0.186050,0.014555,0.087230,0.010657,0.230885
0.034419,0.040229,0.215229,0.024875,0.132571,0.175577,0.040229,0.093606,0.027058,0.216206
0.005733,0.010491,0.191881,0.005307,0.112877,0.133934,0.010491,0.335893,0.006077,0.187314
0.034419,0.040229,0.215229,0.024875,0.132571,0.175577,0.040229,0.093606,0.027058,0.216206
0.030874,0.076594,0.180680,0.031795,0.067683,0.175105,0.076594,0.131518,0.040569,0.188588
0.002845,0.006526,0.060903,0.002864,0.029853,0.055653,0.006526,0.769661,0.003181,0.061987
0.015660,0.031859,0.245075,0.016723,0.183976,0.123112,0.031859,0.090064,0.018087,0.243584
0.012453,0.007496,0.199890,0.004907,0.307856,0.138469,0.007496,0.121335,0.005162,0.194936
0.013151,0.026145,0.216094,0.014486,0.252415,0.123523,0.026145,0.097311,0.018438,0.212293
0.005759,0.010305,0.148735,0.005928,0.563426,0.071008,0.010305,0.033380,0.006260,0.144894
0.010735,0.023373,0.133124,0.011930,0.118581,0.143128,0.023373,0.392111,0.012699,0.130947
0.005780,0.019693,0.144324,0.008725,0.038433,0.469007,0.019693,0.139841,0.008297,0.146207
0.002141,0.003391,0.018866,0.002096,0.010044,0.023765,0.003391,0.915180,0.002298,0.018828
0.012877,0.035091,0.154036,0.017777,0.101401,0.409902,0.035091,0.060651,0.019631,0.153543
0.005096,0.015449,0.191506,0.007032,0.117868,0.144746,0.015449,0.300711,0.013861,0.188282
0.003221,0.010523,0.237988,0.003467,0.226327,0.188369,0.010523,0.083458,0.004341,0.231784
0.025226,0.077162,0.185709,0.023314,0.123609,0.130809,0.077162,0.138385,0.031693,0.186931
0.017241,0.028334,0.208820,0.017728,0.200861,0.140184,0.028334,0.124444,0.019750,0.214304
0.038470,0.026505,0.225782,0.014212,0.174352,0.115464,0.026505,0.137049,0.016436,0.225225
0.004734,0.007680,0.040069,0.006071,0.025584,0.034830,0.007680,0.827744,0.005896,0.039712
0.003309,0.008394,0.046447,0.003287,0.048993,0.818062,0.008394,0.013808,0.003667,0.045639
0.003924,0.006252,0.094663,0.004023,0.690385,0.047432,0.006252,0.049997,0.004141,0.092931
0.014538,0.079757,0.188269,0.024854,0.160564,0.122108,0.079757,0.101811,0.040065,0.188277
0.020598,0.040428,0.186229,0.023551,0.238152,0.168266,0.040428,0.074366,0.026162,0.181821
0.006558,0.013247,0.159231,0.006982,0.480747,0.113854,0.013247,0.043581,0.007366,0.155188
0.005424,0.009641,0.118321,0.005604,0.255598,0.442537,0.009641,0.031748,0.005901,0.115585
0.013093,0.016742,0.211858,0.013689,0.211905,0.190805,0.016742,0.097824,0.012763,0.214581
0.007310,0.019235,0.155916,0.009782,0.089328,0.252808,0.019235,0.278082,0.010451,0.157852
0.008014,0.013424,0.198632,0.008322,0.302423,0.141209,0.013424,0.111280,0.009618,0.193654
0.044094,0.079104,0.195871,0.022267,0.106131,0.186224,0.079104,0.063796,0.028801,0.194606
0.002454,0.006590,0.202028,0.002348,0.135293,0.340045,0.006590,0.104653,0.002758,0.197239
0.004991,0.016104,0.198184,0.007198,0.341600,0.103661,0.016104,0.112455,0.007656,0.192047
0.015054,0.019743,0.206744,0.014154,0.251612,0.184240,0.019743,0.073034,0.015033,0.200643
0.004769,0.014061,0.145892,0.006578,0.068802,0.488870,0.014061,0.106790,0.006629,0.143549
0.009882,0.135442,0.129011,0.030283,0.048648,0.095677,0.135443,0.246658,0.039276,0.129680
0.057475,0.087959,0.190796,0.023156,0.116014,0.115076,0.087960,0.105328,0.028044,0.188191
0.006897,0.019927,0.098282,0.009746,0.052462,0.079316,0.019927,0.604551,0.010461,0.098429
0.020535,0.053463,0.189854,0.025701,0.108011,0.228324,0.053463,0.103128,0.029255,0.188265
0.002349,0.013569,0.022204,0.005452,0.009202,0.017651,0.013569,0.886830,0.006912,0.022261
0.023142,0.076465,0.172208,0.028651,0.163349,0.099231,0.076465,0.143055,0.043315,0.174119
0.010381,0.047640,0.189376,0.014767,0.058552,0.327453,0.047640,0.087256,0.019638,0.197295
0.017834,0.024399,0.264201,0.016124,0.132978,0.116490,0.024399,0.116039,0.014646,0.272890
0.091622,0.045859,0.233034,0.031317,0.080887,0.115121,0.045859,0.093379,0.022056,0.240866
0.007232,0.018608,0.246404,0.008531,0.225673,0.167448,0.018608,0.046042,0.008599,0.252855
0.009696,0.015161,0.215218,0.008271,0.311589,0.142846,0.015161,0.051185,0.009382,0.221492
0.012789,0.029343,0.247334,0.013433,0.187872,0.148380,0.029343,0.066027,0.014098,0.251382
0.036786,0.028709,0.211647,0.026711,0.237610,0.142886,0.028709,0.054458,0.019653,0.212832
0.008841,0.054549,0.249045,0.013964,0.082945,0.138467,0.054549,0.118490,0.017848,0.261303
0.066564,0.089820,0.209413,0.029367,0.078696,0.115525,0.089820,0.071668,0.030783,0.218344
0.030074,0.155314,0.169704,0.036163,0.068296,0.096156,0.155315,0.068602,0.044331,0.176044
0.009498,0.076404,0.204759,0.019219,0.109060,0.219132,0.076404,0.048021,0.027135,0.210367
0.008103,0.031807,0.217842,0.008856,0.075914,0.133101,0.031807,0.254822,0.011902,0.225847
0.032430,0.038169,0.262901,0.021404,0.095303,0.145550,0.038169,0.064851,0.023858,0.277364
0.004662,0.012868,0.220295,0.005478,0.080348,0.095584,0.012868,0.329844,0.006531,0.231524
0.010543,0.018976,0.227571,0.010232,0.230424,0.150026,0.018976,0.098613,0.010871,0.223769
0.007209,0.010837,0.170792,0.005728,0.427058,0.153862,0.010837,0.041435,0.006708,0.165534
0.033013,0.040721,0.222303,0.021665,0.221830,0.120090,0.040721,0.053941,0.024422,0.221294
0.004341,0.007863,0.184462,0.004311,0.181868,0.114239,0.007863,0.311930,0.004706,0.178417
0.006512,0.009440,0.127030,0.006522,0.590949,0.081141,0.009440,0.038070,0.006726,0.124171
0.007761,0.014311,0.189118,0.007261,0.171981,0.171045,0.014311,0.228035,0.007395,0.188783
0.011809,0.030864,0.142334,0.014277,0.130430,0.207872,0.030864,0.274902,0.015122,0.141526
0.005091,0.012267,0.196261,0.004492,0.100331,0.397728,0.012267,0.074666,0.004877,0.192018
0.005554,0.008620,0.210877,0.005347,0.338900,0.160493,0.008620,0.052402,0.005764,0.203423
0.010797,0.018908,0.198093,0.008030,0.147680,0.187263,0.018908,0.205432,0.009681,0.195207
0.009430,0.011075,0.109217,0.009207,0.088686,0.114806,0.011075,0.528960,0.009497,0.108048
0.013220,0.024968,0.204902,0.011151,0.275768,0.186851,0.024968,0.045504,0.012384,0.200282
0.030400,0.079154,0.187339,0.028062,0.069352,0.202215,0.079154,0.098067,0.031999,0.194258
0.042489,0.060297,0.156783,0.036804,0.207612,0.167478,0.060297,0.073695,0.039026,0.155519
0.002251,0.006446,0.087498,0.003266,0.090968,0.056896,0.006446,0.654973,0.003554,0.087702
0.017775,0.040629,0.154781,0.019661,0.067889,0.390476,0.040629,0.089055,0.020506,0.158599
0.031872,0.131919,0.130207,0.118171,0.090432,0.083721,0.131919,0.073923,0.076985,0.130853
0.022212,0.044471,0.209883,0.020272,0.139177,0.180722,0.044471,0.103827,0.026503,0.208461
0.014750,0.052142,0.113058,0.032427,0.088683,0.095307,0.052142,0.388456,0.050567,0.112468
0.006834,0.020067,0.115859,0.009297,0.049376,0.102403,0.020067,0.548396,0.010902,0.116798
0.010337,0.028568,0.216346,0.011152,0.250688,0.177888,0.028568,0.052260,0.012851,0.211342
0.016341,0.043820,0.189966,0.017703,0.300720,0.127717,0.043820,0.052603,0.020392,0.186918
0.001584,0.005625,0.019421,0.002076,0.010080,0.019295,0.005625,0.914401,0.002535,0.019358
0.003638,0.011450,0.171014,0.004985,0.068333,0.076494,0.011450,0.469910,0.006055,0.176669
0.064745,0.070477,0.191562,0.038474,0.109024,0.122702,0.070477,0.061803,0.074688,0.196048
0.008672,0.030197,0.242717,0.010192,0.067045,0.208324,0.030197,0.133798,0.016851,0.252006
0.011011,0.020854,0.322610,0.006975,0.108059,0.121853,0.020854,0.033695,0.007592,0.346499
0.014984,0.022353,0.248090,0.011332,0.199847,0.151567,0.022353,0.070358,0.013868,0.245246
0.055223,0.046290,0.169059,0.032136,0.263708,0.118821,0.046290,0.067047,0.032591,0.168834
0.005082,0.008731,0.134881,0.004473,0.090108,0.119236,0.008731,0.491551,0.004895,0.132311
0.052655,0.026105,0.251904,0.011034,0.106966,0.197414,0.026105,0.057691,0.015990,0.254136
0.194571,0.022655,0.201839,0.015404,0.126304,0.152912,0.022655,0.042465,0.014980,0.206213
0.003524,0.005778,0.100240,0.002896,0.722937,0.043951,0.005778,0.015813,0.003217,0.095865
0.007838,0.024259,0.222587,0.008597,0.242506,0.192561,0.024259,0.049174,0.009710,0.218510
0.099330,0.046680,0.245513,0.020051,0.096115,0.107306,0.046680,0.069993,0.021539,0.246794
0.021078,0.023181,0.227466,0.015623,0.268198,0.117900,0.023181,0.063232,0.016248,0.223894
0.018384,0.035851,0.245181,0.016981,0.110061,0.205115,0.035851,0.066281,0.019589,0.246705
0.004695,0.011845,0.179315,0.005347,0.143070,0.316450,0.011845,0.148804,0.005038,0.173591
0.007976,0.046703,0.154398,0.013124,0.057519,0.115209,0.046704,0.387555,0.015007,0.155805
0.008029,0.017081,0.210267,0.006645,0.063300,0.300951,0.017081,0.154273,0.008819,0.213554
0.007110,0.015811,0.176388,0.008811,0.162784,0.191721,0.015811,0.240752,0.009095,0.171715
0.003858,0.007565,0.171122,0.003388,0.264661,0.141091,0.007565,0.231941,0.003787,0.165021
0.018574,0.022505,0.187094,0.013826,0.307214,0.166875,0.022505,0.062918,0.014344,0.184143
0.018574,0.022505,0.187094,0.013826,0.307214,0.166875,0.022505,0.062918,0.014344,0.184143
0.063080,0.057283,0.202277,0.029898,0.157147,0.110565,0.057283,0.085329,0.034858,0.202279
0.082547,0.039390,0.193631,0.020754,0.196042,0.160028,0.039390,0.057211,0.020535,0.190472
0.005726,0.008541,0.201926,0.005231,0.216302,0.284104,0.008541,0.067881,0.005689,0.196058
0.020481,0.022466,0.172916,0.019220,0.337617,0.157404,0.022466,0.063967,0.019536,0.163927
0.033675,0.028931,0.225898,0.013799,0.091438,0.224272,0.028931,0.114704,0.012622,0.225730
0.025624,0.025710,0.201870,0.017112,0.338424,0.088354,0.025710,0.058880,0.018680,0.199636
0.007735,0.007842,0.160605,0.004843,0.562649,0.062703,0.007842,0.023495,0.004993,0.157292
0.029129,0.007752,0.156710,0.005089,0.507111,0.100814,0.007752,0.028608,0.005319,0.151716
0.036155,0.049019,0.196524,0.023884,0.179359,0.111081,0.049019,0.138403,0.022649,0.193908
0.014820,0.014778,0.196137,0.009314,0.411700,0.088120,0.014778,0.047576,0.009984,0.192793
0.006003,0.007117,0.248167,0.004584,0.247884,0.184368,0.007117,0.048454,0.004823,0.241483
0.018198,0.031232,0.237228,0.014305,0.171369,0.195432,0.031232,0.042941,0.013772,0.244292
0.006861,0.016028,0.201659,0.007894,0.232320,0.268766,0.016028,0.046519,0.008184,0.195741
0.041300,0.035476,0.260993,0.012543,0.125439,0.163709,0.035477,0.050639,0.012748,0.261677
0.020314,0.043210,0.241503,0.017306,0.137830,0.134611,0.043210,0.092880,0.020101,0.249036
0.058926,0.023129,0.193864,0.017097,0.255393,0.139346,0.023129,0.076833,0.022433,0.189850
0.011400,0.015276,0.213547,0.009550,0.257920,0.166369,0.015276,0.093408,0.010112,0.207141
0.003907,0.010598,0.153170,0.004750,0.039505,0.476629,0.010598,0.136749,0.005264,0.158830
0.019986,0.033365,0.210486,0.017851,0.174838,0.159116,0.033365,0.127503,0.016921,0.206569
0.004291,0.005776,0.167266,0.004231,0.492435,0.119862,0.005776,0.034569,0.003970,0.161824
0.102739,0.273072,0.030377,0.126144,0.020604,0.028492,0.273073,0.022958,0.091914,0.030627
0.020954,0.066005,0.180684,0.024389,0.222917,0.115657,0.066005,0.089379,0.028747,0.185262
0.028881,0.056785,0.186520,0.032646,0.179941,0.141782,0.056786,0.094086,0.034192,0.188380
0.015592,0.027810,0.176256,0.013869,0.098623,0.159993,0.027810,0.286695,0.015329,0.178021
0.016845,0.069015,0.158433,0.034867,0.188417,0.097563,0.069015,0.139252,0.070376,0.156216
0.002711,0.011652,0.081911,0.003992,0.056583,0.106120,0.011652,0.640637,0.004413,0.080331
0.008136,0.011182,0.156509,0.007748,0.198956,0.398799,0.011182,0.046723,0.008108,0.152657
0.005203,0.022067,0.190772,0.006106,0.387590,0.134109,0.022067,0.039956,0.007008,0.185121
0.008188,0.028962,0.188150,0.009458,0.124960,0.360406,0.028962,0.054099,0.011455,0.185360
0.022480,0.034651,0.184197,0.011333,0.120549,0.307211,0.034651,0.088671,0.013905,0.182351
0.030109,0.167123,0.120630,0.064589,0.068195,0.098175,0.167123,0.072626,0.090015,0.121416
0.010076,0.013707,0.126792,0.010143,0.540617,0.095309,0.013707,0.054713,0.010719,0.124218
0.001979,0.004127,0.046161,0.002327,0.049398,0.042848,0.004127,0.800977,0.002658,0.045398
0.014427,0.016649,0.147362,0.011009,0.123512,0.262133,0.016649,0.250732,0.011522,0.146006
0.001868,0.003696,0.042716,0.002237,0.037588,0.038399,0.003696,0.824774,0.002434,0.042593
0.015916,0.019091,0.227983,0.005966,0.138833,0.156645,0.019091,0.183895,0.006345,0.226236
0.014860,0.016634,0.153079,0.011760,0.436068,0.144280,0.016634,0.047076,0.011569,0.148040
0.011197,0.077409,0.175485,0.023230,0.106045,0.211160,0.077409,0.111727,0.031342,0.174996
0.003341,0.007448,0.073999,0.003774,0.054845,0.064433,0.007448,0.707533,0.004313,0.072866
0.011471,0.040481,0.229804,0.011687,0.112469,0.208779,0.040481,0.095909,0.014177,0.234741
0.004146,0.017533,0.141451,0.005834,0.070885,0.087313,0.017533,0.505778,0.007077,0.142450
0.006978,0.020086,0.118064,0.012714,0.070655,0.099307,0.020086,0.523716,0.012017,0.116378
0.012132,0.015571,0.256874,0.007685,0.105967,0.180303,0.015571,0.143410,0.007299,0.255188
0.018767,0.075246,0.214567,0.028351,0.109058,0.104489,0.075247,0.095237,0.059108,0.219929
0.027368,0.029362,0.204946,0.022544,0.171643,0.193602,0.029362,0.096400,0.023194,0.201579
0.017556,0.025509,0.235105,0.016496,0.185327,0.164791,0.025509,0.081608,0.017322,0.230778
0.004815,0.010155,0.148564,0.004797,0.567288,0.069545,0.010155,0.035144,0.006356,0.143180
0.003778,0.011747,0.242692,0.005143,0.116744,0.216540,0.011747,0.148292,0.005356,0.237961
0.016373,0.017517,0.202854,0.013485,0.281199,0.166439,0.017517,0.073826,0.013852,0.196938
0.002704,0.008206,0.255750,0.003157,0.130338,0.152696,0.008206,0.184773,0.003634,0.250535
0.027579,0.050675,0.177650,0.026427,0.173744,0.156761,0.050675,0.136098,0.025117,0.175274
0.016219,0.023247,0.183341,0.016191,0.261431,0.209587,0.023247,0.070264,0.016917,0.179558
0.006339,0.009484,0.130574,0.008828,0.525572,0.128492,0.009484,0.048213,0.007862,0.125152
0.001967,0.004185,0.106010,0.002081,0.707094,0.050552,0.004185,0.019195,0.002347,0.102385
0.004583,0.005564,0.108905,0.004435,0.640718,0.090848,0.005564,0.030852,0.004377,0.104152
0.020945,0.038699,0.221238,0.019305,0.203698,0.145935,0.038699,0.065110,0.021630,0.224741
0.025336,0.048630,0.201577,0.021721,0.232188,0.121058,0.048630,0.077101,0.024908,0.198851
0.088166,0.120101,0.107752,0.095053,0.086464,0.098210,0.120101,0.091182,0.084661,0.108310
0.015586,0.031484,0.206013,0.015289,0.261576,0.147309,0.031484,0.065401,0.019123,0.206736
0.008269,0.011488,0.249081,0.008121,0.272610,0.124231,0.011488,0.065281,0.008677,0.240754
0.014387,0.044965,0.238638,0.015051,0.080653,0.226539,0.044965,0.059073,0.021269,0.254461
0.004434,0.009017,0.208893,0.004870,0.091918,0.260868,0.009017,0.200689,0.004983,0.205312
0.183518,0.125355,0.109464,0.065874,0.069582,0.089133,0.125355,0.065137,0.056118,0.110464
0.002973,0.007774,0.138144,0.003492,0.620303,0.061696,0.007774,0.020119,0.003963,0.133763
0.008912,0.022387,0.216973,0.011275,0.267688,0.169870,0.022387,0.054922,0.012171,0.213415
0.009715,0.041578,0.163043,0.013028,0.114629,0.140606,0.041578,0.294187,0.019485,0.162151
0.015771,0.023777,0.142886,0.012603,0.092399,0.093400,0.023777,0.439701,0.013713,0.141974
0.008362,0.012444,0.171722,0.008473,0.363956,0.153200,0.012444,0.093338,0.008788,0.167274
0.002360,0.006779,0.035640,0.004143,0.020845,0.030155,0.006779,0.854373,0.003698,0.035227
0.007658,0.018702,0.205670,0.008108,0.373673,0.110444,0.018702,0.039571,0.008954,0.208518
0.002086,0.005261,0.046712,0.003000,0.046705,0.826732,0.005261,0.015486,0.002982,0.045776
0.012621,0.029032,0.197407,0.015852,0.171258,0.233490,0.029032,0.094628,0.016896,0.199782
0.012145,0.043006,0.199661,0.017941,0.300490,0.097422,0.043006,0.064284,0.025767,0.196277
0.098421,0.058535,0.226370,0.025733,0.071516,0.105673,0.058535,0.090886,0.030944,0.233387
0.034290,0.054518,0.171884,0.039550,0.163458,0.162520,0.054518,0.107480,0.040666,0.171116
0.007637,0.012655,0.085990,0.010253,0.042612,0.100406,0.012655,0.633552,0.008266,0.085974
0.015836,0.022904,0.200150,0.016224,0.322930,0.103798,0.022904,0.079693,0.015875,0.199686
0.023865,0.062490,0.190418,0.027218,0.174174,0.152735,0.062490,0.084668,0.033642,0.188300
0.012201,0.021414,0.224296,0.012423,0.245811,0.151785,0.021414,0.065166,0.015447,0.230043
0.109394,0.040555,0.217692,0.022826,0.137557,0.136115,0.040555,0.055951,0.021022,0.218332
0.113487,0.035570,0.214141,0.024596,0.155288,0.135296,0.035570,0.049682,0.021513,0.214857
0.015875,0.024157,0.225214,0.014375,0.127431,0.242198,0.024157,0.079349,0.015757,0.231486
0.010846,0.125006,0.021459,0.121650,0.014209,0.016171,0.125006,0.021328,0.522716,0.021609
0.011604,0.020320,0.206464,0.011722,0.342385,0.116169,0.020320,0.054836,0.013154,0.203027
0.007642,0.015522,0.166203,0.008999,0.084780,0.127802,0.015522,0.394641,0.009768,0.169120
0.005131,0.014741,0.225950,0.005629,0.349574,0.115688,0.014741,0.042510,0.006438,0.219597
0.010658,0.023091,0.200355,0.012568,0.335024,0.121660,0.023091,0.064296,0.013339,0.195916
0.007943,0.024659,0.250865,0.009087,0.192859,0.172608,0.024659,0.059443,0.011561,0.246316
0.006861,0.010953,0.190343,0.006947,0.438506,0.104546,0.010953,0.041366,0.006888,0.182635
0.005762,0.010270,0.208308,0.005319,0.119745,0.151003,0.010270,0.278078,0.006074,0.205171
0.021935,0.072531,0.179065,0.035826,0.203992,0.135776,0.072531,0.064359,0.038017,0.175969
0.013747,0.034695,0.237564,0.013918,0.151323,0.172802,0.034695,0.087872,0.017064,0.236320
0.015515,0.024804,0.214569,0.011468,0.318667,0.119972,0.024804,0.050591,0.012865,0.206745
0.010399,0.044335,0.113758,0.013329,0.070626,0.086503,0.044335,0.488144,0.015106,0.113464
0.004296,0.009473,0.190447,0.004192,0.120192,0.206318,0.009473,0.262812,0.004992,0.187805
0.055475,0.042628,0.199119,0.021228,0.108980,0.173504,0.042628,0.128541,0.028754,0.199143
0.002687,0.008789,0.223736,0.003252,0.083032,0.350662,0.008789,0.095953,0.003909,0.219190
0.035474,0.116868,0.135205,0.047757,0.097464,0.135757,0.116868,0.078298,0.100010,0.136299
0.199906,0.072137,0.140141,0.041179,0.126439,0.089446,0.072137,0.073692,0.044531,0.140393
0.016504,0.054611,0.171919,0.017841,0.107559,0.102169,0.054611,0.280648,0.022340,0.171799
0.010765,0.029063,0.258276,0.014862,0.126669,0.171181,0.029063,0.083293,0.013868,0.262960
0.011621,0.021338,0.211406,0.011165,0.275215,0.179076,0.021338,0.051399,0.012963,0.204479
0.065946,0.035796,0.209280,0.026462,0.143077,0.123843,0.035796,0.111567,0.036129,0.212103
0.032652,0.073998,0.197352,0.034629,0.094124,0.135311,0.073998,0.091804,0.059699,0.206433
0.025142,0.093741,0.201341,0.033447,0.091526,0.097359,0.093742,0.118972,0.040837,0.203894
0.008775,0.014378,0.083150,0.008792,0.051147,0.072876,0.014378,0.652170,0.011779,0.082554
0.061195,0.036001,0.196011,0.038548,0.158080,0.140121,0.036001,0.114479,0.023756,0.195808
0.051081,0.078971,0.161452,0.052780,0.108099,0.130742,0.078971,0.118956,0.057153,0.161795
0.021014,0.035952,0.160616,0.021301,0.122520,0.093415,0.035952,0.324826,0.023664,0.160741
0.027722,0.058487,0.200494,0.030587,0.147194,0.123812,0.058487,0.120772,0.032970,0.199474
0.020601,0.035591,0.074253,0.024113,0.045377,0.051545,0.035591,0.613227,0.025284,0.074418
0.012703,0.023068,0.131032,0.014315,0.081082,0.097942,0.023068,0.470055,0.015903,0.130832
0.007274,0.020713,0.099418,0.010270,0.045382,0.084434,0.020713,0.594810,0.018505,0.098482
0.006292,0.006663,0.069531,0.004900,0.044876,0.047050,0.006663,0.740279,0.004911,0.068835
0.026007,0.042705,0.080888,0.029113,0.048294,0.058969,0.042705,0.559633,0.030395,0.081291
0.013512,0.018200,0.116570,0.013509,0.054634,0.103579,0.018200,0.530112,0.014727,0.116957
0.004532,0.006195,0.073497,0.004932,0.038369,0.040857,0.006195,0.747800,0.004663,0.072959
0.004977,0.007429,0.140752,0.004795,0.302266,0.334453,0.007429,0.052803,0.005110,0.139987
0.002974,0.006271,0.048418,0.004392,0.027569,0.059383,0.006271,0.793445,0.003635,0.047640
0.014802,0.025394,0.260309,0.013701,0.145238,0.117784,0.025394,0.122406,0.016218,0.258753
0.000669,0.002178,0.026821,0.000877,0.017754,0.899340,0.002178,0.022759,0.001152,0.026273
0.002748,0.006922,0.092103,0.004628,0.083536,0.185862,0.006922,0.524297,0.003735,0.089246
0.002149,0.005988,0.103022,0.002901,0.108712,0.078198,0.005988,0.589842,0.002886,0.100313
0.063907,0.072522,0.170610,0.041554,0.134980,0.103300,0.072522,0.089896,0.079725,0.170983
0.007820,0.028645,0.089045,0.012660,0.037102,0.050785,0.028645,0.548701,0.107719,0.088877
0.007932,0.021319,0.222754,0.007855,0.330028,0.099718,0.021319,0.061806,0.009622,0.217646
0.012548,0.027783,0.199037,0.019399,0.305076,0.117062,0.027783,0.078208,0.017165,0.195941
0.032463,0.052542,0.239160,0.018550,0.188103,0.099737,0.052542,0.055472,0.024322,0.237109
0.005094,0.010057,0.053457,0.005134,0.063773,0.772904,0.010057,0.020971,0.005953,0.052598
0.024618,0.037224,0.281163,0.017994,0.122935,0.106867,0.037225,0.057875,0.020206,0.293893
0.031809,0.039778,0.203181,0.033839,0.200329,0.132745,0.039778,0.081674,0.030004,0.206864
0.017353,0.054260,0.120282,0.026300,0.062235,0.154481,0.054260,0.362102,0.027243,0.121481
0.004471,0.009540,0.132097,0.005461,0.499337,0.171264,0.009540,0.036677,0.005633,0.125981
0.027033,0.106177,0.143736,0.053507,0.100823,0.143581,0.106177,0.130655,0.044148,0.144165
0.110924,0.044030,0.227676,0.021476,0.149721,0.088901,0.044030,0.060967,0.024875,0.227401
0.171944,0.056926,0.177080,0.032835,0.117615,0.094437,0.056926,0.077909,0.037369,0.176958
0.007713,0.027797,0.104862,0.011494,0.053370,0.084294,0.027797,0.563178,0.015212,0.104283
0.015152,0.023373,0.220510,0.013237,0.297040,0.119691,0.023373,0.047569,0.013019,0.227035
0.028687,0.174185,0.105570,0.056076,0.077623,0.122534,0.174185,0.053656,0.101540,0.105946
0.000342,0.000784,0.013804,0.000359,0.010556,0.947244,0.000784,0.012246,0.000416,0.013466
0.006344,0.027639,0.085756,0.012753,0.028696,0.651838,0.027639,0.056517,0.015032,0.087786
0.009919,0.018867,0.206028,0.010637,0.251551,0.216738,0.018867,0.054503,0.011752,0.201138
0.047903,0.060639,0.170716,0.090570,0.096535,0.130523,0.060639,0.118253,0.053416,0.170805
0.013965,0.103581,0.181887,0.075691,0.108535,0.098050,0.103581,0.094329,0.039696,0.180685
0.026666,0.095953,0.169285,0.058833,0.147926,0.109383,0.095953,0.081312,0.046588,0.168101
0.189604,0.077191,0.167955,0.033309,0.086490,0.106725,0.077191,0.057234,0.034351,0.169950
0.013804,0.052583,0.203720,0.017881,0.113113,0.177317,0.052583,0.142763,0.023585,0.202651
0.049542,0.042083,0.189254,0.034762,0.120973,0.217081,0.042084,0.077158,0.033385,0.193677
0.055024,0.100083,0.124333,0.158521,0.086692,0.108183,0.100083,0.079573,0.062454,0.125055
0.105180,0.099880,0.112531,0.089384,0.101929,0.098417,0.099880,0.092563,0.087400,0.112836
0.022950,0.057026,0.202900,0.040233,0.141302,0.139897,0.057026,0.097172,0.034082,0.207412
0.031116,0.041318,0.195772,0.030441,0.137323,0.161300,0.041318,0.133156,0.032926,0.195330
0.034312,0.041232,0.218058,0.019008,0.118464,0.179243,0.041232,0.106787,0.022037,0.219628
0.100000,0.100000,0.100000,0.100000,0.100000,0.100000,0.100000,0.100000,0.100000,0.100000
0.025707,0.049608,0.223144,0.042130,0.087430,0.159357,0.049608,0.096217,0.033810,0.232989
0.010144,0.019204,0.113982,0.008997,0.043739,0.157404,0.019204,0.503307,0.009577,0.114443
0.020875,0.081660,0.210471,0.028208,0.059217,0.214779,0.081660,0.053738,0.029096,0.220296
0.015666,0.069768,0.224566,0.019505,0.182910,0.101117,0.069768,0.068172,0.025949,0.222576
0.024711,0.050684,0.226809,0.031002,0.104896,0.103428,0.050684,0.140394,0.040670,0.226723
0.018524,0.067951,0.225161,0.025507,0.074497,0.167099,0.067951,0.084380,0.033938,0.234993
0.016427,0.040223,0.196230,0.025510,0.169544,0.183981,0.040224,0.111544,0.023109,0.193207
0.006025,0.011967,0.167165,0.006505,0.497465,0.093535,0.011967,0.038497,0.007211,0.159663
0.019416,0.040807,0.226956,0.021339,0.158216,0.120883,0.040807,0.103092,0.037511,0.230973
0.034765,0.034782,0.223612,0.020661,0.146297,0.164819,0.034782,0.095866,0.021627,0.222789
0.011469,0.015356,0.229585,0.010478,0.131995,0.279736,0.015356,0.068631,0.010566,0.226829
0.014845,0.042432,0.223681,0.018868,0.212123,0.125641,0.042432,0.077641,0.022975,0.219362
0.006374,0.011407,0.104946,0.006912,0.096162,0.106399,0.011407,0.545302,0.007564,0.103528
0.027450,0.042827,0.100125,0.014860,0.051287,0.065955,0.042827,0.535863,0.016686,0.102121
0.001298,0.003787,0.044328,0.001604,0.025323,0.041976,0.003787,0.832157,0.001978,0.043763
0.023698,0.021682,0.234783,0.009844,0.227567,0.154905,0.021682,0.062887,0.011122,0.231829
0.008366,0.022764,0.223646,0.010932,0.272665,0.131648,0.022764,0.069938,0.010695,0.226583
0.026117,0.018766,0.242060,0.009072,0.255203,0.135304,0.018766,0.038829,0.010849,0.245033
0.006299,0.026910,0.247397,0.008015,0.219889,0.167033,0.026910,0.046843,0.010222,0.240482
0.004980,0.010513,0.203269,0.005549,0.190766,0.244235,0.010513,0.122804,0.006270,0.201102
0.007859,0.021780,0.234337,0.010680,0.143735,0.139881,0.021780,0.175566,0.012575,0.231808
0.001850,0.002480,0.044642,0.001582,0.023130,0.035551,0.002480,0.841935,0.001598,0.044752
0.002401,0.003101,0.080528,0.002207,0.754446,0.051856,0.003101,0.022350,0.002349,0.077661
0.001877,0.003452,0.040617,0.001971,0.017452,0.034505,0.003452,0.853537,0.002047,0.041089
0.002018,0.003585,0.047736,0.002046,0.023206,0.038086,0.003585,0.828916,0.002209,0.048613
0.005741,0.010009,0.171781,0.006287,0.412899,0.127503,0.010009,0.082407,0.006378,0.166985
0.057462,0.039568,0.229461,0.018233,0.153464,0.147596,0.039568,0.067186,0.020430,0.227033
0.008783,0.019483,0.123357,0.009053,0.050603,0.358978,0.019483,0.277240,0.009468,0.123552
0.027301,0.042964,0.217752,0.027147,0.165551,0.120064,0.042965,0.109644,0.028917,0.217696
0.008852,0.021683,0.206053,0.009652,0.370240,0.096978,0.021683,0.054889,0.010197,0.199773
0.026856,0.027583,0.255912,0.016616,0.174482,0.127194,0.027583,0.071162,0.017050,0.255561
0.013602,0.049914,0.098445,0.020968,0.049947,0.057709,0.049914,0.532720,0.027666,0.099115
0.027010,0.044946,0.230040,0.016216,0.223570,0.102998,0.044946,0.063758,0.019494,0.227022
0.019250,0.033191,0.212473,0.018828,0.131096,0.130643,0.033191,0.183150,0.024598,0.213581
0.011194,0.016168,0.256242,0.010044,0.066533,0.210539,0.016168,0.138366,0.009075,0.265672
0.030546,0.046508,0.226554,0.034323,0.133867,0.163932,0.046508,0.062981,0.028601,0.226180
0.048633,0.045818,0.288879,0.013093,0.059030,0.099977,0.045818,0.073242,0.018203,0.307308
0.024075,0.038220,0.217570,0.025966,0.116717,0.137053,0.038220,0.160335,0.025148,0.216695
0.183517,0.056526,0.154744,0.041060,0.111993,0.103445,0.056526,0.092923,0.044309,0.154956
0.024332,0.065217,0.225930,0.028044,0.114727,0.106114,0.065217,0.097754,0.043742,0.228921
0.038518,0.058870,0.224848,0.034754,0.110837,0.103224,0.058870,0.102802,0.041925,0.225353
0.007818,0.009232,0.034201,0.004608,0.011805,0.021505,0.009232,0.862132,0.004942,0.034525
0.017852,0.047837,0.213691,0.021251,0.078318,0.099532,0.047837,0.229306,0.027634,0.216743
0.014577,0.039924,0.236568,0.016956,0.086970,0.101035,0.039924,0.202715,0.021364,0.239969
0.060235,0.082312,0.179832,0.047023,0.073195,0.156771,0.082312,0.083218,0.049523,0.185577
0.026543,0.022129,0.217079,0.009325,0.081364,0.173935,0.022129,0.221821,0.011499,0.214176
0.002017,0.003792,0.035920,0.002234,0.014582,0.023645,0.003792,0.875753,0.002448,0.035816
0.047908,0.056664,0.182362,0.032727,0.093456,0.093529,0.056664,0.218729,0.034083,0.183879
0.006933,0.008191,0.232089,0.004900,0.167831,0.123090,0.008191,0.217304,0.005314,0.226157
0.005640,0.020769,0.264957,0.007306,0.216011,0.130114,0.020769,0.066608,0.008838,0.258987
0.094329,0.064763,0.191517,0.036596,0.123090,0.091501,0.064763,0.068201,0.073884,0.191357
0.102952,0.049526,0.177961,0.023789,0.073168,0.089129,0.049526,0.227598,0.026401,0.179950
0.033420,0.074420,0.165001,0.052949,0.128916,0.144298,0.074420,0.099337,0.059094,0.168145
0.023686,0.031773,0.180555,0.023998,0.237227,0.199522,0.031773,0.070079,0.025086,0.176301
0.023707,0.039699,0.172974,0.023919,0.338081,0.108437,0.039699,0.057272,0.025307,0.170905
0.037703,0.055255,0.171174,0.036843,0.124882,0.181168,0.055255,0.125370,0.041091,0.171259
0.037786,0.033140,0.209085,0.024055,0.192162,0.118382,0.033140,0.125110,0.020577,0.206563
0.026552,0.146147,0.158845,0.036160,0.067909,0.125772,0.146147,0.080072,0.049205,0.163191
0.017182,0.032300,0.235916,0.013302,0.251866,0.110752,0.032301,0.061016,0.015490,0.229874
0.032896,0.209989,0.090520,0.076386,0.054353,0.068640,0.209989,0.063271,0.102703,0.091252
0.017919,0.027546,0.217854,0.015256,0.257817,0.131273,0.027546,0.064788,0.015670,0.224331
0.000321,0.001024,0.004525,0.000524,0.001616,0.003508,0.001024,0.982358,0.000568,0.004532
0.019104,0.033376,0.238411,0.017775,0.154666,0.172062,0.033376,0.070029,0.020246,0.240956
0.272381,0.061704,0.127732,0.051487,0.089284,0.082672,0.061704,0.071919,0.052861,0.128257
0.052928,0.090580,0.195940,0.043100,0.094278,0.093017,0.090580,0.083843,0.057062,0.198673
0.016560,0.021786,0.186202,0.016156,0.309727,0.165375,0.021786,0.066555,0.016743,0.179111
0.042541,0.090925,0.187096,0.041603,0.105275,0.099898,0.090925,0.097446,0.054929,0.189362
0.021364,0.027806,0.175644,0.021885,0.293460,0.166099,0.027806,0.073674,0.022215,0.170048
0.030092,0.051578,0.229646,0.026993,0.128060,0.103698,0.051578,0.116843,0.030647,0.230865
0.009523,0.011127,0.139547,0.007986,0.573453,0.074622,0.011127,0.030664,0.006993,0.134959
0.076679,0.028655,0.237241,0.016472,0.171775,0.114157,0.028655,0.075782,0.017523,0.233062
0.005986,0.045411,0.164813,0.012657,0.341193,0.142937,0.045411,0.059975,0.022212,0.159406
0.003576,0.011033,0.053303,0.005662,0.034250,0.094102,0.011033,0.729105,0.005105,0.052832
0.019342,0.129073,0.159119,0.049436,0.076176,0.151044,0.129074,0.076940,0.045419,0.164377
0.010961,0.025671,0.077962,0.011804,0.025393,0.055271,0.025671,0.673581,0.015027,0.078658
0.043055,0.148213,0.133284,0.053346,0.081376,0.086563,0.148213,0.082878,0.088555,0.134517
0.441999,0.073667,0.079764,0.049237,0.056768,0.056185,0.073667,0.047408,0.040672,0.080633
0.071643,0.065587,0.169143,0.059002,0.121213,0.108191,0.065587,0.117198,0.052563,0.169873
0.023430,0.048995,0.180676,0.027580,0.063025,0.345056,0.048995,0.054566,0.021989,0.185690
0.022604,0.022330,0.222975,0.009129,0.149451,0.145463,0.022330,0.166287,0.011757,0.227673
0.052043,0.100443,0.152978,0.062143,0.111091,0.100847,0.100443,0.098807,0.067485,0.153720
0.053252,0.049187,0.255855,0.030684,0.084103,0.114101,0.049187,0.075926,0.027042,0.260663
0.048592,0.062469,0.156638,0.047590,0.093255,0.102825,0.062469,0.221821,0.046616,0.157724
0.073731,0.170253,0.118890,0.065913,0.052212,0.079735,0.170253,0.066171,0.081994,0.120849
0.011251,0.033130,0.047829,0.050436,0.023802,0.033144,0.033130,0.693551,0.025691,0.048035
0.003834,0.007817,0.194487,0.004250,0.375192,0.162245,0.007817,0.050508,0.004346,0.189504
0.025705,0.010377,0.082980,0.007462,0.071212,0.089367,0.010377,0.612577,0.007518,0.082425
0.017899,0.022924,0.167183,0.019192,0.357338,0.106744,0.022924,0.102482,0.018887,0.164429
0.006405,0.008388,0.106357,0.006749,0.084691,0.071957,0.008388,0.594028,0.006414,0.106624
0.002940,0.007851,0.071192,0.004250,0.049162,0.047549,0.007851,0.734249,0.004103,0.070853
0.004169,0.006473,0.030821,0.005461,0.021125,0.028003,0.006473,0.861664,0.005273,0.030539
0.005448,0.008955,0.161120,0.005983,0.323756,0.283023,0.008955,0.042703,0.006099,0.153959
0.012521,0.028859,0.207201,0.017357,0.087441,0.174174,0.028859,0.224725,0.014148,0.204714
0.040478,0.024308,0.219452,0.010886,0.268138,0.116704,0.024308,0.067797,0.012494,0.215435
0.006019,0.012673,0.139355,0.008409,0.099711,0.169009,0.012673,0.408954,0.008216,0.134982
0.002297,0.005561,0.101288,0.002608,0.705530,0.056950,0.005561,0.019800,0.002929,0.097475
0.003203,0.007393,0.116426,0.004017,0.634007,0.052476,0.007393,0.057981,0.004124,0.112980
0.013585,0.042215,0.230934,0.018254,0.189043,0.132254,0.042215,0.080873,0.022285,0.228344
0.005085,0.021235,0.155923,0.007138,0.422924,0.164470,0.021235,0.042630,0.007909,0.151452
0.012544,0.018395,0.247856,0.009392,0.235645,0.160616,0.018395,0.042763,0.010089,0.244306
0.007717,0.030921,0.124655,0.009924,0.048709,0.075761,0.030921,0.529878,0.014071,0.127444
0.010209,0.029252,0.192435,0.010506,0.204094,0.260626,0.029252,0.058798,0.014021,0.190807
0.009616,0.015143,0.163608,0.010216,0.416394,0.142113,0.015143,0.056162,0.012259,0.159345
0.213059,0.112466,0.106638,0.063696,0.072244,0.101524,0.112466,0.059959,0.050754,0.107196
0.004466,0.034606,0.162620,0.007333,0.406717,0.153717,0.034606,0.027835,0.009070,0.159030
0.059221,0.189978,0.082469,0.094550,0.061021,0.080666,0.189978,0.074248,0.084992,0.082877
0.022695,0.141308,0.164794,0.024592,0.115609,0.102525,0.141308,0.080520,0.042123,0.164527
0.033045,0.024149,0.230555,0.012069,0.161469,0.145580,0.024149,0.123239,0.014125,0.231620
0.005415,0.022074,0.129360,0.006941,0.563458,0.086604,0.022074,0.029763,0.008514,0.125797
0.012675,0.042205,0.131996,0.020617,0.069850,0.151032,0.042205,0.378409,0.018740,0.132271
0.017445,0.066446,0.163546,0.019972,0.071223,0.263831,0.066447,0.145416,0.022589,0.163084
0.044742,0.147575,0.131941,0.064223,0.110606,0.086270,0.147575,0.062903,0.071197,0.132969
0.034425,0.198233,0.117697,0.042020,0.086379,0.086782,0.198233,0.051366,0.066459,0.118405
0.039290,0.119648,0.164510,0.056581,0.108408,0.097326,0.119648,0.070240,0.058179,0.166170
0.045995,0.140142,0.132028,0.067663,0.105410,0.084162,0.140142,0.081459,0.069835,0.133163
0.020848,0.233317,0.117721,0.036507,0.056616,0.088177,0.233318,0.046791,0.046766,0.119939
0.026287,0.278381,0.073872,0.041238,0.039521,0.071864,0.278381,0.045454,0.070123,0.074880
0.028385,0.094517,0.155803,0.050387,0.184965,0.118074,0.094518,0.076754,0.041075,0.155522
0.050593,0.075468,0.183014,0.070076,0.121813,0.113073,0.075468,0.075780,0.050495,0.184221
0.012082,0.025343,0.141320,0.014504,0.096851,0.124036,0.025344,0.407564,0.012886,0.140070
0.027106,0.154894,0.149688,0.043080,0.068173,0.123231,0.154895,0.072581,0.050559,0.155791
0.216813,0.134857,0.096777,0.064525,0.068896,0.067016,0.134857,0.061633,0.057136,0.097490
0.013465,0.023452,0.266465,0.012562,0.094530,0.179718,0.023452,0.092864,0.013870,0.279622
0.033348,0.257231,0.085714,0.048390,0.055705,0.055798,0.257231,0.051303,0.068521,0.086759
0.025532,0.040810,0.198386,0.027906,0.227967,0.121097,0.040810,0.090656,0.030711,0.196125
0.008916,0.079261,0.152379,0.018230,0.071818,0.174223,0.079261,0.234585,0.030089,0.151238
0.010262,0.020688,0.134647,0.013185,0.103221,0.136374,0.020688,0.413903,0.013580,0.133450
0.032475,0.036622,0.239314,0.024899,0.151065,0.131019,0.036622,0.071084,0.027987,0.248913
0.026326,0.050281,0.181222,0.030735,0.241267,0.127758,0.050281,0.072283,0.041198,0.178648
0.057979,0.036183,0.258288,0.015523,0.096205,0.135863,0.036183,0.084801,0.018731,0.260245
0.011573,0.015111,0.176020,0.011268,0.310645,0.215495,0.015111,0.065664,0.011466,0.167647
0.009571,0.018413,0.181918,0.010338,0.377391,0.130478,0.018413,0.067630,0.011234,0.174614
0.039120,0.035288,0.220859,0.025815,0.165441,0.159958,0.035288,0.069671,0.026451,0.222110
0.093639,0.061587,0.205558,0.030834,0.080164,0.121259,0.061587,0.097203,0.033859,0.214311
0.067645,0.116909,0.201455,0.023910,0.055357,0.120772,0.116909,0.051821,0.034014,0.211207
0.012407,0.017032,0.238685,0.014752,0.266483,0.129201,0.017032,0.047653,0.010776,0.245981
0.029440,0.054700,0.212569,0.024799,0.102781,0.205035,0.054700,0.067801,0.028307,0.219867
0.045794,0.073373,0.192934,0.072134,0.092476,0.132640,0.073373,0.072394,0.044877,0.200006
0.086189,0.091254,0.206380,0.034184,0.063861,0.113909,0.091254,0.058486,0.036927,0.217556
0.011328,0.016625,0.165566,0.008683,0.064186,0.462605,0.016625,0.072105,0.009972,0.172304
0.015943,0.024331,0.172590,0.007397,0.147299,0.383666,0.024331,0.044071,0.009015,0.171357
0.101176,0.071006,0.196140,0.020657,0.102022,0.136614,0.071006,0.074578,0.025950,0.200851
0.025423,0.058995,0.195211,0.036119,0.142004,0.151869,0.058995,0.096834,0.035311,0.199240
0.035002,0.039224,0.204968,0.033092,0.152497,0.163324,0.039224,0.088525,0.033607,0.210536
0.056145,0.060602,0.169138,0.040274,0.230724,0.091964,0.060602,0.080311,0.042115,0.168127
0.067097,0.184546,0.155549,0.024463,0.063215,0.077832,0.184547,0.047516,0.034123,0.161112
0.017204,0.106166,0.220659,0.020595,0.095505,0.107686,0.106166,0.064845,0.030910,0.230262
0.022073,0.135852,0.174200,0.028347,0.089334,0.145663,0.135852,0.052611,0.042687,0.173380
0.025166,0.015525,0.214204,0.008600,0.295506,0.151843,0.015525,0.048603,0.009576,0.215451
0.029208,0.111727,0.191556,0.043278,0.092537,0.097600,0.111727,0.082028,0.041475,0.198863
0.012963,0.016995,0.188213,0.009562,0.425936,0.098795,0.016995,0.036095,0.010081,0.184364
0.012391,0.061734,0.203936,0.013038,0.170218,0.199241,0.061734,0.054044,0.022194,0.201471
0.010110,0.025206,0.160686,0.010308,0.073457,0.155506,0.025206,0.368411,0.011828,0.159282
0.236051,0.030311,0.065762,0.026805,0.040878,0.052648,0.030311,0.431608,0.019791,0.065834
0.009152,0.032153,0.157127,0.011132,0.077689,0.099797,0.032153,0.410102,0.014063,0.156633
0.052463,0.056298,0.202654,0.027418,0.077396,0.195959,0.056298,0.088832,0.032854,0.209828
0.023998,0.050363,0.238348,0.012636,0.173424,0.096752,0.050363,0.098422,0.016794,0.238901
0.178808,0.105453,0.120844,0.043040,0.078268,0.097590,0.105453,0.096887,0.052650,0.121006
0.055799,0.058778,0.179422,0.024338,0.184080,0.121462,0.058778,0.109604,0.029753,0.177987
0.024912,0.052347,0.191493,0.023466,0.244325,0.125845,0.052347,0.070415,0.025709,0.189140
0.012966,0.072628,0.210831,0.016874,0.187245,0.129873,0.072628,0.059969,0.028733,0.208254
0.031695,0.043713,0.169095,0.030514,0.252533,0.128904,0.043713,0.098949,0.032616,0.168266
0.014198,0.017400,0.228295,0.011518,0.232066,0.161656,0.017400,0.081445,0.012339,0.223683
0.026959,0.040342,0.214478,0.020850,0.226098,0.119070,0.040342,0.072896,0.024708,0.214256
0.028501,0.056380,0.198145,0.025469,0.172896,0.131499,0.056380,0.102008,0.028092,0.200629
0.007429,0.009054,0.169269,0.005164,0.492933,0.088414,0.009054,0.047781,0.005924,0.164978
0.020092,0.046088,0.222278,0.019533,0.142305,0.159461,0.046088,0.098193,0.022326,0.223636
0.015819,0.051915,0.207842,0.014497,0.183520,0.122596,0.051915,0.124840,0.020296,0.206760
0.005634,0.008129,0.154368,0.004868,0.487263,0.122833,0.008129,0.054143,0.005023,0.149612
0.042510,0.042077,0.184576,0.022817,0.205978,0.175956,0.042077,0.074853,0.025217,0.183938
0.023608,0.064907,0.200478,0.026975,0.141116,0.127190,0.064907,0.103097,0.046781,0.200940
0.015608,0.042101,0.207035,0.016525,0.170166,0.202287,0.042101,0.079081,0.020129,0.204969
0.006878,0.009745,0.120771,0.006536,0.279217,0.389028,0.009745,0.052358,0.006993,0.118729
0.254286,0.024278,0.105688,0.017549,0.072345,0.111171,0.024278,0.267695,0.017301,0.105408
0.003236,0.013974,0.215212,0.004818,0.126362,0.260743,0.013974,0.144903,0.005126,0.211652
0.004997,0.008057,0.254586,0.003864,0.283299,0.148922,0.008057,0.034361,0.004447,0.249409
0.007321,0.036632,0.204575,0.009781,0.098840,0.169107,0.036632,0.220763,0.014813,0.201535
0.009630,0.024418,0.138270,0.012774,0.048520,0.098796,0.024418,0.489890,0.011807,0.141478
0.000936,0.002660,0.016150,0.001213,0.008545,0.014300,0.002660,0.936001,0.001349,0.016185
0.034581,0.039570,0.252753,0.020409,0.106258,0.168101,0.039570,0.063848,0.017889,0.257022
0.045650,0.079590,0.161624,0.044815,0.119084,0.157561,0.079590,0.099894,0.050499,0.161692
0.052525,0.032574,0.191926,0.018407,0.083241,0.087985,0.032574,0.288030,0.019637,0.193101
0.012298,0.075575,0.089574,0.020066,0.029744,0.076792,0.075575,0.502701,0.027482,0.090194
0.041285,0.084463,0.166149,0.068596,0.085134,0.131155,0.084463,0.119755,0.051527,0.167473
0.065929,0.098071,0.096675,0.117858,0.071651,0.112762,0.098071,0.069703,0.171997,0.097284
0.029504,0.071556,0.220973,0.025861,0.094565,0.100846,0.071556,0.134611,0.029349,0.221178
0.048842,0.106202,0.176345,0.047438,0.099436,0.099049,0.106202,0.080937,0.057266,0.178284
0.027464,0.128000,0.131998,0.106120,0.063084,0.071132,0.128000,0.145520,0.065182,0.133500
0.031799,0.093215,0.204222,0.033775,0.095200,0.114663,0.093215,0.084934,0.041488,0.207490
0.038150,0.051310,0.277057,0.016905,0.073978,0.104013,0.051311,0.073915,0.023812,0.289548
0.105033,0.099196,0.159331,0.042363,0.070703,0.135060,0.099196,0.078729,0.049441,0.160949
0.094334,0.047320,0.217709,0.024370,0.153062,0.104667,0.047320,0.068584,0.026345,0.216290
0.015888,0.071235,0.207015,0.024540,0.106388,0.125887,0.071235,0.140111,0.029900,0.207801
0.022402,0.045352,0.130375,0.084396,0.062537,0.115461,0.045352,0.324934,0.039070,0.130121
0.006922,0.018255,0.039634,0.022408,0.018471,0.024453,0.018255,0.798436,0.013402,0.039764
0.044801,0.037179,0.219724,0.033515,0.172957,0.121635,0.037179,0.081906,0.034698,0.216406
0.036399,0.091554,0.181089,0.043247,0.094681,0.125753,0.091554,0.096277,0.057115,0.182330
0.035300,0.083923,0.192118,0.041865,0.110229,0.110596,0.083923,0.094819,0.050784,0.196443
0.037128,0.054398,0.222983,0.029640,0.165078,0.119784,0.054398,0.064134,0.031521,0.220937
0.021943,0.080771,0.194717,0.034861,0.091015,0.140479,0.080771,0.113990,0.046128,0.195324
0.052747,0.051319,0.214857,0.027291,0.155673,0.131905,0.051319,0.072168,0.028695,0.214027
0.015287,0.036599,0.231480,0.019753,0.085567,0.173305,0.036599,0.149406,0.020376,0.231627
0.024200,0.059210,0.248457,0.018214,0.086085,0.170087,0.059210,0.061414,0.022921,0.250200
0.029089,0.040394,0.213043,0.028409,0.148367,0.125418,0.040394,0.131553,0.030760,0.212573
0.035370,0.075177,0.198029,0.029478,0.087152,0.112323,0.075177,0.153013,0.035252,0.199029
0.033435,0.044052,0.227310,0.032878,0.130949,0.124140,0.044052,0.094857,0.037272,0.231054
0.021043,0.049105,0.253341,0.023218,0.102045,0.105543,0.049105,0.113216,0.029511,0.253873
0.015342,0.030172,0.134147,0.018692,0.072909,0.072306,0.030172,0.472122,0.020387,0.133752
0.025607,0.055610,0.221357,0.026347,0.158313,0.122386,0.055610,0.077187,0.034447,0.223135
0.031577,0.052797,0.225378,0.031589,0.142990,0.113479,0.052797,0.087540,0.035520,0.226333
0.016980,0.072120,0.215187,0.022470,0.124422,0.148958,0.072120,0.082576,0.028151,0.217018
0.008081,0.018752,0.183239,0.009121,0.250076,0.143364,0.018752,0.179347,0.010334,0.178934
0.017806,0.082968,0.212520,0.023411,0.123171,0.144531,0.082968,0.071320,0.028308,0.212998
0.009512,0.041067,0.181372,0.013353,0.084280,0.180342,0.041067,0.250622,0.016518,0.181867
0.094127,0.109745,0.089361,0.101669,0.087790,0.088495,0.109745,0.087792,0.141884,0.089392
0.039093,0.061198,0.194317,0.035063,0.159776,0.142570,0.061198,0.081560,0.033361,0.191864
0.023920,0.062307,0.219601,0.022501,0.187968,0.110710,0.062307,0.064230,0.030569,0.215888
0.008660,0.025459,0.250591,0.011469,0.197140,0.119812,0.025459,0.100904,0.015044,0.245463
0.002278,0.005774,0.085900,0.003050,0.063336,0.078608,0.005774,0.664921,0.002841,0.087517
0.005436,0.037766,0.134602,0.009598,0.043563,0.400426,0.037767,0.177040,0.014865,0.138935
0.041344,0.051083,0.132465,0.042865,0.310302,0.085989,0.051083,0.110336,0.043925,0.130610
0.026119,0.158551,0.142771,0.041659,0.102942,0.113586,0.158551,0.065828,0.048572,0.141421
0.012439,0.046590,0.184683,0.020318,0.146924,0.253621,0.046590,0.084028,0.021644,0.183164
0.006415,0.023266,0.167333,0.008131,0.118746,0.171504,0.023266,0.306063,0.010425,0.164852
0.026035,0.029200,0.167638,0.024166,0.189651,0.113737,0.029200,0.229528,0.024886,0.165958
0.015464,0.025474,0.208069,0.014772,0.253751,0.172958,0.025474,0.064925,0.015237,0.203876
0.005319,0.016671,0.203548,0.006985,0.080675,0.154858,0.016671,0.298242,0.007748,0.209284
0.052495,0.054563,0.183633,0.045026,0.146161,0.119860,0.054563,0.116082,0.043692,0.183925
0.015477,0.017173,0.103007,0.012117,0.064313,0.147204,0.017173,0.509372,0.011827,0.102337
0.029409,0.044824,0.185280,0.031422,0.134291,0.194099,0.044824,0.119601,0.030677,0.185573
0.022058,0.056937,0.219117,0.023903,0.138159,0.119920,0.056937,0.114692,0.028321,0.219954
0.025141,0.039514,0.175607,0.028874,0.117731,0.214460,0.039514,0.152332,0.031136,0.175692
0.003805,0.005538,0.102002,0.003795,0.659925,0.068000,0.005538,0.047925,0.003904,0.099568
0.024742,0.034208,0.202134,0.024867,0.272916,0.098887,0.034208,0.080847,0.026848,0.200344
0.070721,0.041552,0.181733,0.024570,0.089634,0.126375,0.041552,0.215173,0.027001,0.181689
0.026791,0.047052,0.177790,0.026967,0.091902,0.126116,0.047052,0.246845,0.030939,0.178546
0.029409,0.044824,0.185280,0.031422,0.134291,0.194099,0.044824,0.119601,0.030677,0.185573
0.015528,0.027640,0.192602,0.014675,0.243204,0.129036,0.027640,0.144397,0.016454,0.188824
0.002537,0.004214,0.027619,0.002959,0.019956,0.019528,0.004214,0.888697,0.002805,0.027469
0.007615,0.021127,0.152895,0.009887,0.089494,0.116711,0.021128,0.417954,0.010721,0.152469
0.074456,0.040542,0.181618,0.022807,0.074354,0.171971,0.040542,0.193044,0.019565,0.181101
0.009328,0.014411,0.202426,0.006766,0.424622,0.073502,0.014411,0.046967,0.008026,0.199541
0.102952,0.049526,0.177961,0.023789,0.073168,0.089129,0.049526,0.227598,0.026401,0.179950
0.014112,0.057525,0.202273,0.021815,0.191777,0.123803,0.057525,0.087810,0.042422,0.200940
0.018452,0.029771,0.218414,0.019159,0.106158,0.244761,0.029771,0.092852,0.020030,0.220633
0.016304,0.023246,0.190956,0.015790,0.307902,0.150359,0.023246,0.070736,0.015857,0.185606
0.026063,0.017165,0.201556,0.010665,0.265428,0.175299,0.017165,0.076356,0.012189,0.198114
0.001132,0.002356,0.077064,0.000983,0.800475,0.032584,0.002356,0.008482,0.001148,0.073420
0.020466,0.041565,0.209911,0.024925,0.186095,0.149660,0.041565,0.088062,0.025318,0.212433
0.014158,0.042230,0.236201,0.014784,0.195843,0.153544,0.042230,0.050599,0.017202,0.233210
0.012101,0.031250,0.232771,0.017672,0.221180,0.123815,0.031250,0.085440,0.018094,0.226425
0.021432,0.032051,0.224035,0.015869,0.230389,0.127898,0.032051,0.071169,0.017441,0.227663
0.002571,0.006354,0.195296,0.002816,0.127913,0.255223,0.006354,0.211680,0.003050,0.188741
0.022248,0.050879,0.218673,0.021859,0.203665,0.117580,0.050879,0.072934,0.026047,0.215237
0.006410,0.027009,0.183249,0.010324,0.109243,0.177820,0.027009,0.265607,0.012705,0.180623
0.010525,0.026993,0.253763,0.011873,0.199220,0.115777,0.026993,0.088324,0.015964,0.250569
0.020062,0.042897,0.205074,0.022759,0.203995,0.132405,0.042898,0.096563,0.028737,0.204609
0.012030,0.024337,0.279010,0.012622,0.152465,0.119763,0.024337,0.068775,0.014331,0.292330
0.020662,0.019117,0.172073,0.006933,0.082533,0.450777,0.019117,0.045487,0.008188,0.175112
0.026548,0.050375,0.208844,0.027594,0.135553,0.117307,0.050375,0.142691,0.031544,0.209170
0.003285,0.011790,0.179978,0.006705,0.175729,0.268604,0.011790,0.160644,0.005646,0.175829
0.013288,0.050442,0.217252,0.017970,0.160040,0.190007,0.050442,0.064390,0.021453,0.214716
0.013711,0.015170,0.115485,0.010064,0.582952,0.063119,0.015170,0.059490,0.010947,0.113891
0.019021,0.023655,0.153302,0.019423,0.392835,0.107691,0.023655,0.091846,0.020034,0.148537
0.018454,0.026257,0.183768,0.018237,0.276452,0.153220,0.026257,0.099975,0.019596,0.177784
0.018485,0.067314,0.188407,0.018045,0.060952,0.212663,0.067314,0.149300,0.021997,0.195522
0.002414,0.006267,0.063192,0.002724,0.040712,0.086858,0.006267,0.726739,0.002821,0.062006
0.015106,0.021691,0.129598,0.015052,0.467917,0.107399,0.021691,0.077341,0.016176,0.128029
0.012119,0.023029,0.114003,0.012763,0.548023,0.062883,0.023029,0.077042,0.014825,0.112284
0.003491,0.014090,0.181316,0.003749,0.128817,0.172091,0.014090,0.300323,0.004720,0.177313
0.003968,0.006576,0.154934,0.003740,0.522496,0.110810,0.006576,0.040519,0.004213,0.146169
0.011488,0.049013,0.142880,0.010394,0.089845,0.448581,0.049013,0.042697,0.015178,0.140913
0.019967,0.029952,0.178478,0.019276,0.241768,0.224517,0.029952,0.061203,0.020694,0.174192
0.003999,0.008601,0.176233,0.004765,0.144015,0.237614,0.008601,0.239586,0.004721,0.171865
0.014434,0.024073,0.155865,0.017876,0.425110,0.111014,0.024073,0.058955,0.017983,0.150618
0.015406,0.027864,0.208173,0.014038,0.250138,0.184605,0.027864,0.054914,0.016332,0.200667
0.076742,0.097741,0.149281,0.064007,0.085582,0.120202,0.097741,0.100782,0.054204,0.153719
0.011279,0.015870,0.160492,0.011296,0.366649,0.202413,0.015870,0.051461,0.011825,0.152845
0.020712,0.029924,0.179948,0.020979,0.214866,0.229316,0.029924,0.073954,0.021567,0.178812
0.014505,0.024471,0.189152,0.014006,0.171645,0.201406,0.024471,0.160441,0.016214,0.183689
0.004275,0.005769,0.186350,0.004078,0.192295,0.147825,0.005769,0.271690,0.004306,0.177644
0.046990,0.040712,0.168240,0.020126,0.321043,0.099513,0.040712,0.075301,0.021577,0.165787
0.011992,0.019170,0.163656,0.012036,0.391424,0.149521,0.019170,0.062026,0.012938,0.158067
0.024310,0.018266,0.262651,0.007954,0.166683,0.173682,0.018266,0.045746,0.009316,0.273126
0.046968,0.207101,0.079885,0.070709,0.057323,0.062505,0.207101,0.064426,0.123522,0.080460
0.150253,0.026822,0.098323,0.018386,0.056856,0.106667,0.026822,0.395520,0.022299,0.098051
0.020447,0.034627,0.098215,0.022574,0.062676,0.082206,0.034627,0.516683,0.030078,0.097867
0.021123,0.069158,0.189248,0.027259,0.193679,0.138334,0.069158,0.059436,0.047342,0.185263
0.007765,0.173526,0.013563,0.023806,0.007753,0.010926,0.173525,0.010084,0.565348,0.013703
0.029957,0.074416,0.090484,0.037135,0.045950,0.067718,0.074416,0.053529,0.435557,0.090838
0.010819,0.013407,0.169994,0.009338,0.370641,0.176650,0.013407,0.061056,0.009432,0.165258
0.004389,0.019694,0.175637,0.005964,0.110531,0.141754,0.019694,0.342255,0.007013,0.173068
0.003422,0.030150,0.058497,0.006033,0.021687,0.056341,0.030150,0.725002,0.009889,0.058828
0.213805,0.053914,0.155081,0.036944,0.107150,0.088856,0.053914,0.095535,0.038642,0.156159
0.044688,0.113351,0.128768,0.066523,0.083119,0.156149,0.113352,0.089728,0.074254,0.130069
0.030425,0.076449,0.156473,0.035898,0.138776,0.086219,0.076449,0.067373,0.175481,0.156458
0.030303,0.104370,0.161910,0.038792,0.082973,0.160221,0.104370,0.105286,0.049472,0.162301
0.143947,0.067214,0.137203,0.045513,0.126161,0.130616,0.067214,0.093178,0.051824,0.137131
0.214057,0.058722,0.131982,0.032400,0.126261,0.141527,0.058722,0.065811,0.040560,0.129956
0.750406,0.018713,0.045837,0.011450,0.032357,0.030386,0.018713,0.025418,0.020864,0.045855
0.030376,0.037313,0.216928,0.021255,0.119374,0.189367,0.037313,0.106678,0.023751,0.217645
0.257235,0.055323,0.123855,0.047430,0.117739,0.088564,0.055323,0.085086,0.045418,0.124026
0.036337,0.179249,0.112522,0.049533,0.068348,0.097634,0.179249,0.080043,0.083647,0.113438
0.053843,0.162152,0.099304,0.093881,0.067571,0.076755,0.162152,0.075980,0.108420,0.099943
0.041042,0.082047,0.173369,0.036871,0.132530,0.124966,0.082048,0.113119,0.039705,0.174303
0.026082,0.016650,0.278303,0.008215,0.185880,0.102512,0.016650,0.081577,0.009411,0.274722
0.004342,0.018182,0.070263,0.006757,0.031632,0.181898,0.018182,0.590422,0.007133,0.071190
0.003336,0.013957,0.220548,0.005095,0.284321,0.195905,0.013957,0.044480,0.006344,0.212056
0.007138,0.015107,0.152112,0.007402,0.519987,0.087928,0.015107,0.036900,0.009620,0.148698
0.016462,0.024497,0.231206,0.017249,0.188176,0.174338,0.024497,0.064370,0.017368,0.241837
0.015752,0.053225,0.205850,0.017785,0.138014,0.187672,0.053225,0.099097,0.023809,0.205571
0.019691,0.023234,0.147873,0.016190,0.424601,0.127136,0.023234,0.055191,0.016488,0.146362
0.013561,0.032196,0.244107,0.013342,0.133975,0.189668,0.032196,0.071786,0.017602,0.251569
0.008246,0.013443,0.178518,0.010124,0.384763,0.150532,0.013443,0.058798,0.009865,0.172267
0.013064,0.016844,0.123262,0.016179,0.547123,0.090377,0.016844,0.041477,0.014053,0.120775
0.003659,0.010766,0.058666,0.005171,0.026379,0.715638,0.010766,0.103150,0.005713,0.060093
0.000992,0.001672,0.020310,0.001068,0.021727,0.924418,0.001672,0.006769,0.001045,0.020326
0.000456,0.000897,0.012078,0.000505,0.012701,0.956937,0.000897,0.003232,0.000544,0.011753
0.001405,0.002632,0.026113,0.001537,0.044270,0.884135,0.002632,0.010281,0.001685,0.025308
0.044347,0.159996,0.108691,0.093534,0.074253,0.127207,0.159996,0.063233,0.059339,0.109403
0.013227,0.029290,0.203996,0.015510,0.140036,0.216756,0.029290,0.133416,0.015724,0.202755
0.000942,0.002941,0.018999,0.001162,0.009475,0.923115,0.002941,0.019694,0.001370,0.019363
0.010435,0.024463,0.282607,0.010831,0.120475,0.158494,0.024463,0.058972,0.010783,0.298477
0.000732,0.003258,0.019971,0.000901,0.008117,0.918825,0.003258,0.023692,0.001033,0.020215
0.013705,0.032274,0.219381,0.015042,0.141671,0.119771,0.032274,0.180868,0.017003,0.228011
0.016849,0.028044,0.199630,0.016991,0.270580,0.147036,0.028044,0.074427,0.018190,0.200209
0.010050,0.044292,0.199337,0.019939,0.166574,0.107788,0.044292,0.048624,0.162942,0.196162
0.011079,0.013530,0.158604,0.009842,0.513354,0.074227,0.013530,0.040762,0.009354,0.155719
0.031353,0.046847,0.209868,0.029776,0.181137,0.152496,0.046847,0.065299,0.027413,0.208964
0.032818,0.072401,0.192654,0.030781,0.166138,0.118809,0.072401,0.087677,0.036053,0.190269
0.046000,0.078616,0.132977,0.056142,0.109241,0.163026,0.078616,0.134699,0.067774,0.132907
0.027590,0.056224,0.183391,0.030763,0.132167,0.167472,0.056224,0.124530,0.039352,0.182288
0.016942,0.083783,0.031595,0.026853,0.019418,0.024634,0.083783,0.019156,0.661904,0.031934
0.014367,0.043750,0.216438,0.015633,0.274442,0.102725,0.043750,0.044168,0.018625,0.226102
0.015689,0.059568,0.226483,0.023289,0.152223,0.132130,0.059569,0.072809,0.034773,0.223467
0.039327,0.080119,0.177522,0.042074,0.088562,0.127219,0.080119,0.148233,0.038198,0.178627
0.012478,0.017327,0.275288,0.010976,0.172590,0.126170,0.017327,0.088072,0.011578,0.268194
0.002411,0.004215,0.113935,0.002603,0.686467,0.053041,0.004215,0.021004,0.002747,0.109363
0.023485,0.045111,0.127650,0.029570,0.065816,0.134661,0.045111,0.372553,0.028312,0.127731
0.005445,0.012246,0.261515,0.005510,0.194866,0.122471,0.012247,0.126887,0.005993,0.252820
0.031539,0.134747,0.159024,0.048425,0.085581,0.090437,0.134747,0.090486,0.063926,0.161087
0.007148,0.014534,0.226202,0.008283,0.122260,0.197641,0.014534,0.179479,0.008756,0.221163
0.038267,0.062406,0.198553,0.037433,0.131278,0.124067,0.062406,0.115074,0.032559,0.197957
0.004660,0.008671,0.224927,0.004399,0.107461,0.219662,0.008671,0.186294,0.005014,0.230241
0.025618,0.024023,0.231877,0.018424,0.211262,0.133486,0.024023,0.087134,0.017822,0.226331
0.014387,0.016672,0.212172,0.013160,0.282661,0.149195,0.016672,0.075871,0.013285,0.205924
0.005284,0.011829,0.213031,0.007285,0.275369,0.194788,0.011829,0.067323,0.007482,0.205780
0.003314,0.013195,0.186434,0.004553,0.347740,0.209362,0.013195,0.036591,0.005401,0.180215
0.009676,0.014983,0.203352,0.009252,0.350886,0.128376,0.014983,0.060960,0.010117,0.197415
0.004192,0.012064,0.089622,0.005708,0.042538,0.104237,0.012064,0.634439,0.006356,0.088781
0.003291,0.004880,0.111870,0.003423,0.083152,0.100017,0.004880,0.571441,0.003405,0.113641
0.000498,0.001502,0.012449,0.000592,0.010282,0.945892,0.001502,0.014362,0.000737,0.012185
0.018049,0.021359,0.149704,0.017195,0.278910,0.248628,0.021359,0.079918,0.017574,0.147304
0.002754,0.006990,0.105791,0.003265,0.056991,0.141612,0.006990,0.568918,0.003384,0.103304
0.005925,0.008379,0.131024,0.005165,0.124568,0.202162,0.008379,0.381171,0.005477,0.127749
0.026219,0.055854,0.236852,0.027680,0.141026,0.104015,0.055854,0.084424,0.029849,0.238228
0.006854,0.020814,0.106709,0.008511,0.087332,0.092279,0.020814,0.541030,0.010057,0.105601
0.014821,0.028627,0.107346,0.014292,0.061460,0.190581,0.028627,0.430179,0.017037,0.107030
0.005849,0.011913,0.252377,0.005744,0.186508,0.178342,0.011913,0.080933,0.006539,0.259881
0.022789,0.026290,0.207729,0.020546,0.182418,0.193157,0.026290,0.092588,0.019994,0.208197
0.007689,0.015757,0.213623,0.008565,0.134217,0.145881,0.015757,0.234952,0.008780,0.214779
0.004610,0.007577,0.153625,0.004866,0.506013,0.071402,0.007577,0.086025,0.005083,0.153219
0.003854,0.008597,0.029015,0.004633,0.013959,0.024994,0.008597,0.872042,0.005099,0.029209
0.007472,0.013157,0.211840,0.005849,0.329004,0.155105,0.013157,0.048197,0.006871,0.209349
0.003503,0.008582,0.201981,0.003776,0.263594,0.140055,0.008582,0.170284,0.003855,0.195788
0.023300,0.038566,0.180554,0.028721,0.228042,0.163422,0.038566,0.092334,0.027219,0.179276
0.036730,0.039694,0.227792,0.019732,0.179745,0.111093,0.039694,0.094681,0.021732,0.229107
0.009856,0.027191,0.109322,0.011700,0.061565,0.115132,0.027191,0.514372,0.015046,0.108625
0.020034,0.030572,0.191991,0.015189,0.335240,0.102035,0.030572,0.067758,0.016948,0.189663
0.033640,0.060363,0.200979,0.032943,0.116546,0.145762,0.060363,0.108241,0.035399,0.205762
0.002610,0.004195,0.071570,0.002772,0.075465,0.067546,0.004195,0.698098,0.002693,0.070856
0.013953,0.013240,0.287014,0.007458,0.157884,0.135232,0.013240,0.081425,0.007965,0.282588
0.014876,0.024365,0.209610,0.015382,0.277275,0.160119,0.024365,0.043675,0.014145,0.216187
0.002615,0.003839,0.171369,0.002532,0.387654,0.125286,0.003839,0.131413,0.002582,0.168872
0.016248,0.019046,0.217125,0.013127,0.241213,0.193301,0.019046,0.054256,0.013020,0.213618
0.006493,0.009442,0.154766,0.007297,0.226724,0.232395,0.009442,0.196273,0.006637,0.150532
0.005648,0.007842,0.099795,0.005503,0.686643,0.049442,0.007842,0.033973,0.005763,0.097549
0.013852,0.022572,0.269707,0.009778,0.097097,0.204305,0.022572,0.061119,0.011555,0.287443
0.015338,0.026027,0.207589,0.015016,0.277411,0.157381,0.026027,0.056854,0.015873,0.202485
0.016318,0.034340,0.219366,0.019136,0.177349,0.106529,0.034340,0.154040,0.020044,0.218538
0.038295,0.080852,0.200814,0.038493,0.117879,0.095142,0.080852,0.085539,0.059811,0.202322
0.026867,0.153193,0.087327,0.070556,0.047457,0.075302,0.153193,0.061240,0.235245,0.089620
0.011256,0.057253,0.108207,0.017682,0.056717,0.104076,0.057253,0.453474,0.026110,0.107970
0.003564,0.006005,0.111701,0.003980,0.637617,0.065606,0.006005,0.053090,0.004137,0.108296
0.012270,0.021177,0.228400,0.011688,0.230518,0.176566,0.021177,0.061245,0.013362,0.223597
0.012580,0.015688,0.192458,0.011392,0.375569,0.111390,0.015688,0.066862,0.011984,0.186388
0.001643,0.003524,0.182166,0.001731,0.145845,0.292377,0.003524,0.193429,0.001959,0.173801
0.008893,0.012440,0.280219,0.007049,0.160772,0.131174,0.012440,0.087911,0.007875,0.291228
0.009676,0.020216,0.203133,0.009095,0.094357,0.291369,0.020216,0.142203,0.009555,0.200179
0.006891,0.032719,0.163653,0.008736,0.081523,0.123003,0.032719,0.368249,0.015312,0.167195
0.014582,0.034740,0.155278,0.018729,0.140027,0.151271,0.034740,0.278908,0.019359,0.152366
0.005095,0.010001,0.299174,0.004953,0.155994,0.126327,0.010001,0.070797,0.005897,0.311762
0.000550,0.002674,0.024138,0.000787,0.010360,0.901620,0.002674,0.032602,0.000922,0.023674
0.005475,0.009131,0.119950,0.006318,0.635734,0.066422,0.009131,0.025127,0.006692,0.116021
0.008438,0.013306,0.202987,0.009605,0.321714,0.180505,0.013306,0.045443,0.009518,0.195177
0.007091,0.009161,0.147645,0.005828,0.345516,0.273225,0.009161,0.051557,0.006147,0.144669
0.027898,0.062268,0.203560,0.025217,0.143565,0.150926,0.062268,0.090108,0.030454,0.203736
0.007876,0.010372,0.128951,0.007176,0.318582,0.330032,0.010372,0.051707,0.007483,0.127449
0.017882,0.089378,0.140598,0.032497,0.052227,0.105584,0.089378,0.298907,0.031096,0.142453
0.059966,0.032215,0.162084,0.025237,0.342024,0.095016,0.032215,0.066019,0.024373,0.160851
0.003946,0.007768,0.067453,0.005260,0.039178,0.058496,0.007768,0.739000,0.004594,0.066538
0.022959,0.032731,0.182857,0.013366,0.170592,0.299826,0.032731,0.049353,0.015359,0.180225
0.007788,0.017715,0.099308,0.011263,0.072749,0.102157,0.017715,0.562429,0.010290,0.098586
0.007218,0.018854,0.081672,0.012755,0.046871,0.094790,0.018854,0.626883,0.010435,0.081666
0.027086,0.095104,0.170909,0.031992,0.108802,0.184952,0.095104,0.078216,0.037626,0.170208
0.039950,0.089551,0.196115,0.021874,0.138727,0.125409,0.089551,0.073082,0.031255,0.194486
0.021210,0.040537,0.166167,0.019227,0.069603,0.340855,0.040537,0.108813,0.021687,0.171364
0.043691,0.052756,0.182005,0.029214,0.109955,0.239539,0.052756,0.075915,0.032517,0.181653
0.019475,0.024502,0.155633,0.016981,0.398344,0.118573,0.024502,0.071437,0.016144,0.154408
0.015950,0.074689,0.159382,0.030052,0.071035,0.171611,0.074689,0.215031,0.027943,0.159618
0.029785,0.043685,0.262286,0.017308,0.080422,0.155384,0.043685,0.069865,0.021237,0.276344
0.004289,0.009437,0.161803,0.004819,0.337039,0.134265,0.009437,0.173610,0.005101,0.160201
0.007677,0.014793,0.089778,0.007894,0.035848,0.128856,0.014793,0.602748,0.007906,0.089706
0.033597,0.047881,0.194437,0.033946,0.150144,0.183357,0.047881,0.078896,0.036100,0.193761
0.001606,0.003889,0.039088,0.002084,0.060455,0.833378,0.003889,0.015541,0.002220,0.037850
0.002796,0.005657,0.061646,0.002818,0.046436,0.791531,0.005657,0.019326,0.002820,0.061313
0.006862,0.025202,0.117012,0.008445,0.038867,0.572519,0.025202,0.074039,0.012329,0.119522
0.007191,0.025797,0.228321,0.009568,0.180374,0.110056,0.025797,0.176411,0.011972,0.224512
0.004912,0.009908,0.170755,0.004624,0.453063,0.146819,0.009908,0.029532,0.004917,0.165563
0.049134,0.023950,0.209337,0.011609,0.092525,0.212226,0.023950,0.156695,0.013248,0.207324
0.007466,0.019054,0.145293,0.008571,0.094905,0.122222,0.019054,0.431592,0.007627,0.144217
0.001822,0.002848,0.093587,0.001908,0.719148,0.068148,0.002848,0.018420,0.001998,0.089273
0.007305,0.016393,0.224011,0.008232,0.258643,0.136706,0.016393,0.095401,0.008400,0.228516
0.041726,0.017084,0.225107,0.008788,0.290279,0.138018,0.017084,0.029874,0.009618,0.222421
0.009034,0.011265,0.056275,0.004603,0.026357,0.048140,0.011265,0.771877,0.005187,0.055998
0.016327,0.041825,0.200840,0.018468,0.097637,0.227313,0.041825,0.132942,0.022616,0.200206
0.024460,0.076603,0.181620,0.028422,0.183621,0.135124,0.076603,0.063751,0.049457,0.180339
0.018642,0.029282,0.211694,0.018049,0.151646,0.236816,0.029282,0.074485,0.018142,0.211961
0.011535,0.016023,0.233333,0.009756,0.269023,0.149250,0.016023,0.058222,0.011400,0.225436
0.008196,0.012211,0.164796,0.007023,0.402580,0.178494,0.012211,0.048424,0.007794,0.158270
0.002225,0.003758,0.216747,0.002120,0.164670,0.141654,0.003758,0.257248,0.002301,0.205520
0.068673,0.088433,0.135689,0.069274,0.102536,0.114019,0.088433,0.111294,0.082945,0.138703
0.018471,0.028709,0.196806,0.014837,0.318929,0.119764,0.028709,0.056909,0.016270,0.200596
0.012259,0.034992,0.246826,0.010633,0.258118,0.097574,0.034992,0.049346,0.013593,0.241669
0.007398,0.016041,0.160964,0.008917,0.074457,0.468643,0.016041,0.076159,0.007933,0.163448
0.023626,0.043949,0.175735,0.023472,0.248477,0.104711,0.043949,0.133612,0.026075,0.176395
0.025057,0.030583,0.214323,0.022272,0.191645,0.137945,0.030583,0.107814,0.022895,0.216883
0.004935,0.009739,0.054139,0.004182,0.027110,0.038301,0.009739,0.792136,0.004618,0.055101
0.004886,0.018347,0.216789,0.005898,0.120735,0.232381,0.018347,0.160168,0.007339,0.215110
0.022434,0.035225,0.192260,0.019370,0.278185,0.133408,0.035225,0.066559,0.021478,0.195856
0.017713,0.027948,0.188505,0.016382,0.322379,0.128099,0.027948,0.070291,0.015475,0.185260
0.005042,0.008537,0.156930,0.005030,0.521903,0.097016,0.008537,0.038414,0.005310,0.153281
0.013561,0.023095,0.228484,0.014270,0.203579,0.177849,0.023095,0.068157,0.013893,0.234018
0.015026,0.024446,0.189477,0.012295,0.374109,0.097028,0.024446,0.056583,0.013617,0.192974
0.012846,0.044681,0.080537,0.010696,0.041611,0.043183,0.044681,0.624698,0.016376,0.080691
0.023218,0.094614,0.158454,0.037042,0.067742,0.107301,0.094614,0.195490,0.057950,0.163576
0.016032,0.021204,0.168275,0.018253,0.380711,0.126885,0.021204,0.067657,0.016138,0.163641
0.016382,0.027330,0.085924,0.008412,0.034957,0.043970,0.027330,0.656910,0.009982,0.088803
0.005906,0.019417,0.100506,0.009640,0.046812,0.086756,0.019417,0.599219,0.011110,0.101217
0.013967,0.030459,0.212745,0.015488,0.244146,0.148392,0.030459,0.073707,0.016583,0.214055
0.003359,0.005450,0.128762,0.002981,0.597665,0.092039,0.005450,0.036183,0.003201,0.124910
0.018526,0.135579,0.106855,0.024673,0.050775,0.082205,0.135579,0.302657,0.035912,0.107239
0.004322,0.010158,0.091666,0.005067,0.150959,0.057793,0.010158,0.574343,0.005442,0.090092
0.010205,0.019099,0.093734,0.011326,0.052830,0.059434,0.019099,0.627111,0.012192,0.094970
0.017279,0.041463,0.218154,0.018962,0.172267,0.134599,0.041463,0.113154,0.021380,0.221279
0.010403,0.015822,0.213751,0.011918,0.193192,0.187903,0.015822,0.131677,0.011540,0.207971
0.007296,0.030921,0.202438,0.009266,0.382884,0.079042,0.030921,0.046809,0.012370,0.198052
0.025781,0.040423,0.218809,0.020481,0.124959,0.139645,0.040423,0.140067,0.023479,0.225933
0.045745,0.082406,0.161359,0.046945,0.111111,0.125133,0.082406,0.128355,0.051994,0.164549
0.014823,0.039554,0.194596,0.017227,0.133294,0.181849,0.039554,0.164383,0.019558,0.195162
0.009887,0.021241,0.179975,0.012104,0.309469,0.185809,0.021241,0.074622,0.012144,0.173508
0.004681,0.007581,0.150522,0.005837,0.569983,0.076722,0.007581,0.025556,0.005129,0.146409
0.035252,0.087632,0.156970,0.040743,0.161285,0.121553,0.087632,0.110584,0.041902,0.156447
0.029983,0.032283,0.180585,0.025314,0.135054,0.118849,0.032283,0.238459,0.024084,0.183105
0.004371,0.006248,0.067731,0.004128,0.040518,0.043491,0.006248,0.755806,0.004363,0.067096
0.008011,0.020196,0.301801,0.007846,0.070989,0.176630,0.020196,0.058656,0.008872,0.326804
0.043844,0.038910,0.177867,0.012796,0.043771,0.126610,0.038910,0.314705,0.018179,0.184408
0.016383,0.035389,0.219838,0.016974,0.193447,0.157956,0.035389,0.085179,0.019964,0.219483
0.016087,0.022418,0.151522,0.017133,0.424474,0.116643,0.022418,0.063061,0.017281,0.148963
0.004424,0.006419,0.105272,0.004592,0.674024,0.067516,0.006419,0.024878,0.004901,0.101555
0.006546,0.014856,0.123947,0.008664,0.107504,0.215794,0.014856,0.378390,0.007629,0.121813
0.013036,0.064349,0.244815,0.020731,0.109122,0.130229,0.064349,0.064382,0.032037,0.256950
0.005557,0.024291,0.141880,0.008104,0.077706,0.483645,0.024291,0.083173,0.011523,0.139830
0.006027,0.014661,0.176824,0.006924,0.333781,0.207102,0.014661,0.059900,0.008056,0.172064
0.007161,0.036625,0.185263,0.011638,0.139717,0.113274,0.036625,0.273329,0.013614,0.182754
0.017922,0.130270,0.210592,0.019954,0.077342,0.109557,0.130271,0.056424,0.027010,0.220658
0.006942,0.025988,0.223649,0.007497,0.247051,0.138475,0.025988,0.096855,0.008787,0.218769
0.036422,0.174322,0.119529,0.059829,0.078994,0.105809,0.174322,0.060832,0.069126,0.120815
0.028448,0.257115,0.074648,0.054079,0.041549,0.074226,0.257115,0.063757,0.073855,0.075207
0.026130,0.261372,0.087612,0.040967,0.047127,0.084558,0.261373,0.043619,0.058401,0.088840
0.035093,0.133840,0.132359,0.056927,0.075985,0.148919,0.133841,0.084542,0.065304,0.133190
0.007711,0.016933,0.115933,0.008553,0.047998,0.096186,0.016933,0.561457,0.010120,0.118177
0.038058,0.156701,0.139411,0.038146,0.078766,0.148305,0.156702,0.055853,0.047972,0.140086
0.022000,0.175344,0.117290,0.049923,0.065150,0.159949,0.175344,0.060642,0.057346,0.117011
0.002241,0.020183,0.001383,0.641803,0.000847,0.001022,0.020183,0.001026,0.309915,0.001396
0.056225,0.146286,0.093676,0.105384,0.076637,0.080336,0.146286,0.081851,0.119286,0.094033
0.012058,0.261679,0.036935,0.197294,0.021418,0.031849,0.261679,0.025018,0.114808,0.037264
0.029667,0.153544,0.038705,0.137931,0.030498,0.035479,0.153544,0.036448,0.345303,0.038880
0.024165,0.106176,0.180149,0.033042,0.105140,0.150656,0.106176,0.072490,0.041989,0.180016
0.026537,0.181935,0.119010,0.046108,0.054716,0.116688,0.181935,0.064332,0.089029,0.119711
0.027076,0.242660,0.046022,0.115656,0.029728,0.044866,0.242661,0.053773,0.151173,0.046387
0.067222,0.306618,0.037698,0.080259,0.022907,0.029530,0.306618,0.029063,0.082038,0.038047
0.022067,0.094294,0.026382,0.442293,0.020850,0.023295,0.094294,0.022252,0.227753,0.026521
0.049949,0.193158,0.082383,0.093247,0.064026,0.067110,0.193159,0.061293,0.112867,0.082808
0.012895,0.158439,0.021436,0.510032,0.014253,0.016056,0.158439,0.016314,0.070525,0.021614
0.005555,0.293177,0.010067,0.034898,0.005912,0.007984,0.293176,0.007227,0.331805,0.010198
0.042462,0.182366,0.101351,0.085389,0.067590,0.078644,0.182366,0.067896,0.089840,0.102096
0.013264,0.329070,0.042541,0.038989,0.021567,0.036109,0.329070,0.034005,0.112397,0.042988
0.040968,0.307391,0.058179,0.035448,0.035735,0.037560,0.307391,0.033450,0.085133,0.058745
0.037978,0.140901,0.027995,0.484268,0.018997,0.024877,0.140901,0.022506,0.073354,0.028224
0.007633,0.044398,0.012063,0.028522,0.008809,0.009748,0.044398,0.010167,0.822118,0.012143
0.027736,0.153142,0.071318,0.278447,0.044741,0.061941,0.153142,0.047885,0.089893,0.071755
0.013181,0.045781,0.017079,0.043381,0.013548,0.013993,0.045781,0.013870,0.776221,0.017165
0.018625,0.178224,0.030048,0.420161,0.019998,0.022897,0.178224,0.022558,0.078916,0.030350
0.031919,0.111945,0.106509,0.172559,0.068700,0.101649,0.111945,0.128976,0.059424,0.106376
0.013147,0.377846,0.020542,0.047856,0.013246,0.015924,0.377847,0.014037,0.098820,0.020736
0.029983,0.261123,0.070387,0.091724,0.041848,0.061241,0.261124,0.036935,0.074434,0.071201
0.011949,0.321423,0.022080,0.127892,0.015198,0.018030,0.321423,0.017508,0.122275,0.022223
0.001267,0.034475,0.001890,0.397325,0.001204,0.001419,0.034475,0.001459,0.524576,0.001908
0.072327,0.159366,0.052861,0.294813,0.030811,0.035944,0.159366,0.036543,0.104542,0.053427
0.030203,0.228294,0.073344,0.062468,0.047106,0.081438,0.228295,0.052675,0.122309,0.073868
0.004755,0.054461,0.007383,0.761333,0.005335,0.006552,0.054461,0.006051,0.092232,0.007437
0.162907,0.214883,0.070567,0.048459,0.037999,0.057552,0.214884,0.056860,0.064857,0.071033
0.012608,0.316008,0.060143,0.067822,0.027651,0.037255,0.316009,0.032913,0.068460,0.061132
0.003894,0.039461,0.007640,0.832960,0.004998,0.006099,0.039461,0.005027,0.052749,0.007713
0.025970,0.253204,0.049581,0.154596,0.029078,0.036890,0.253204,0.037891,0.109440,0.050148
0.123193,0.142170,0.094109,0.097904,0.066482,0.075724,0.142170,0.071015,0.092377,0.094858
0.112318,0.150816,0.097422,0.086975,0.070477,0.079528,0.150816,0.064225,0.089098,0.098325
0.022107,0.266873,0.063038,0.093334,0.036245,0.048093,0.266874,0.044232,0.095483,0.063721
0.089577,0.104172,0.109653,0.086742,0.092577,0.101803,0.104172,0.107634,0.093693,0.109976
0.054913,0.163533,0.092248,0.091542,0.077554,0.078418,0.163533,0.076498,0.109271,0.092491
0.013585,0.112957,0.017224,0.584179,0.013522,0.014549,0.112957,0.015080,0.098621,0.017327
0.018724,0.306133,0.034508,0.053722,0.022339,0.030689,0.306133,0.023672,0.169276,0.034805
0.003372,0.078282,0.006702,0.747776,0.004216,0.005192,0.078281,0.004391,0.065037,0.006750
0.009076,0.288658,0.019702,0.051716,0.012029,0.015600,0.288657,0.014561,0.280136,0.019864
0.012958,0.326709,0.024012,0.056551,0.015903,0.021628,0.326708,0.021398,0.169937,0.024196
0.051847,0.159505,0.089299,0.109521,0.065970,0.083654,0.159505,0.096346,0.094687,0.089666
0.007139,0.035428,0.006562,0.870859,0.004413,0.004737,0.035428,0.004010,0.024840,0.006584
0.025608,0.111417,0.038575,0.073807,0.028253,0.038497,0.111417,0.043937,0.489757,0.038733
0.002827,0.030507,0.005704,0.314455,0.004310,0.004704,0.030507,0.005153,0.596125,0.005709
0.037745,0.165460,0.123418,0.054303,0.074732,0.078009,0.165460,0.115707,0.060812,0.124356
0.031939,0.261324,0.077071,0.052359,0.049524,0.076783,0.261325,0.048601,0.063313,0.077762
0.018881,0.105251,0.019306,0.596517,0.014924,0.015545,0.105251,0.014873,0.090027,0.019423
0.034833,0.153848,0.128586,0.075658,0.083952,0.097316,0.153849,0.073467,0.068751,0.129740
0.083496,0.259407,0.051415,0.058060,0.034255,0.038795,0.259407,0.032508,0.130723,0.051934
0.042586,0.197373,0.111963,0.058989,0.072811,0.074333,0.197373,0.061459,0.069886,0.113227
0.047519,0.192666,0.079419,0.140940,0.055732,0.062015,0.192667,0.052319,0.096826,0.079897
0.014865,0.344451,0.044246,0.069094,0.021036,0.028331,0.344452,0.028625,0.059999,0.044900
0.132607,0.275467,0.035952,0.061803,0.022614,0.033371,0.275467,0.024543,0.101897,0.036278
0.063402,0.191424,0.075859,0.089844,0.063893,0.075443,0.191425,0.073928,0.098696,0.076085
0.024055,0.194700,0.036408,0.089958,0.025234,0.030076,0.194700,0.033440,0.334735,0.036695
0.055805,0.197001,0.074557,0.085219,0.056958,0.104733,0.197002,0.063567,0.090260,0.074899
0.007930,0.302238,0.014078,0.051558,0.008992,0.010761,0.302237,0.010796,0.277175,0.014235
0.008812,0.098010,0.016062,0.628981,0.011714,0.016054,0.098010,0.012611,0.093598,0.016149
0.029243,0.230899,0.079712,0.055940,0.050720,0.099125,0.230899,0.050963,0.092198,0.080300
0.079260,0.119226,0.086693,0.145359,0.078040,0.078259,0.119226,0.078114,0.129003,0.086820
0.002029,0.014842,0.002606,0.941770,0.001909,0.002221,0.014842,0.002103,0.015054,0.002624
0.021710,0.241751,0.034144,0.221029,0.023293,0.028103,0.241751,0.027657,0.126111,0.034451
0.007384,0.030590,0.005770,0.875805,0.004170,0.004522,0.030590,0.004609,0.030745,0.005814
0.012160,0.070761,0.018401,0.441227,0.012475,0.014939,0.070761,0.020054,0.320684,0.018538
0.009890,0.236181,0.018333,0.061334,0.013198,0.013625,0.236180,0.012764,0.379999,0.018496
0.228090,0.071269,0.062626,0.297223,0.051664,0.051508,0.071269,0.045977,0.057460,0.062913
0.007521,0.099681,0.010683,0.026591,0.007259,0.010197,0.099681,0.008392,0.719265,0.010730
0.016421,0.172751,0.042218,0.030325,0.023722,0.026512,0.172752,0.024839,0.447791,0.042668
0.005090,0.303130,0.010408,0.247036,0.005134,0.008815,0.303130,0.006826,0.099895,0.010537
0.009491,0.179976,0.019426,0.046658,0.012030,0.016635,0.179975,0.013046,0.503173,0.019591
0.102739,0.273072,0.030377,0.126144,0.020604,0.028492,0.273073,0.022958,0.091914,0.030627
0.009951,0.108471,0.015609,0.600774,0.010331,0.012910,0.108471,0.012856,0.104879,0.015748
0.009865,0.062881,0.010612,0.230167,0.006400,0.009371,0.062881,0.006915,0.590224,0.010685
0.013846,0.161000,0.031464,0.030285,0.026230,0.025434,0.161001,0.018903,0.500193,0.031643
0.088166,0.120101,0.107752,0.095053,0.086464,0.098210,0.120101,0.091182,0.084661,0.108310
0.013986,0.238687,0.032191,0.213393,0.017613,0.026183,0.238687,0.023233,0.163543,0.032485
0.011012,0.326246,0.022814,0.060048,0.014300,0.018975,0.326245,0.017599,0.179741,0.023020
0.012041,0.239691,0.021942,0.213279,0.013468,0.017970,0.239691,0.015792,0.203926,0.022199
0.006279,0.267829,0.010502,0.047700,0.006678,0.007886,0.267829,0.007234,0.367444,0.010619
0.034581,0.264075,0.062887,0.060330,0.043457,0.046429,0.264075,0.048453,0.112279,0.063434
0.000581,0.023525,0.001120,0.929488,0.000669,0.000903,0.023525,0.000874,0.018184,0.001133
0.004543,0.025880,0.005357,0.886750,0.003882,0.004271,0.025880,0.004727,0.033315,0.005394
0.002636,0.149732,0.006115,0.053189,0.003549,0.005586,0.149731,0.004511,0.618787,0.006164
0.024302,0.126453,0.048750,0.421790,0.032156,0.043971,0.126453,0.035792,0.091123,0.049210
0.041676,0.096390,0.056466,0.431679,0.045043,0.045757,0.096390,0.042726,0.087166,0.056707
0.030676,0.179491,0.049108,0.191476,0.038346,0.044798,0.179491,0.037094,0.200152,0.049369
0.015273,0.303374,0.061672,0.079712,0.033883,0.038740,0.303376,0.028606,0.072900,0.062463
0.054535,0.156524,0.055670,0.175483,0.042307,0.053534,0.156524,0.051215,0.198211,0.055998
0.045946,0.029803,0.014234,0.791783,0.012151,0.012965,0.029803,0.012593,0.036454,0.014268
0.001705,0.015775,0.002497,0.933166,0.001773,0.002294,0.015775,0.002089,0.022410,0.002516
0.092180,0.086337,0.032531,0.447162,0.026169,0.027032,0.086337,0.029117,0.140501,0.032636
0.017582,0.308605,0.033897,0.069944,0.021593,0.025314,0.308606,0.024093,0.156120,0.034246
0.010853,0.088505,0.021142,0.061474,0.013442,0.017789,0.088505,0.017920,0.659095,0.021276
0.008790,0.073358,0.013984,0.742713,0.008667,0.012843,0.073359,0.009898,0.042254,0.014135
0.003011,0.038536,0.005645,0.866422,0.003697,0.004341,0.038536,0.004660,0.029465,0.005687
0.019069,0.326097,0.040616,0.059594,0.024773,0.031537,0.326097,0.027817,0.103389,0.041011
0.002873,0.011103,0.002999,0.945065,0.002391,0.002555,0.011103,0.002631,0.016265,0.003015
0.120340,0.114937,0.052534,0.307239,0.039536,0.041861,0.114937,0.039564,0.116189,0.052865
0.013645,0.059253,0.016979,0.712757,0.013893,0.014395,0.059253,0.014653,0.078121,0.017050
0.027715,0.194129,0.034846,0.112655,0.023985,0.032370,0.194129,0.026005,0.319129,0.035038
0.011820,0.178137,0.015077,0.050996,0.009902,0.011741,0.178137,0.010116,0.518839,0.015234
0.033203,0.263877,0.071281,0.062649,0.036873,0.049863,0.263877,0.050736,0.095386,0.072255
0.113505,0.237150,0.055230,0.062666,0.035424,0.076898,0.237150,0.050293,0.076113,0.055572
0.046881,0.104632,0.068990,0.291644,0.053871,0.059820,0.104632,0.091210,0.109081,0.069240
0.029361,0.370838,0.033716,0.034833,0.017372,0.022609,0.370838,0.026664,0.059641,0.034130
0.051890,0.267320,0.052472,0.066807,0.034915,0.043444,0.267320,0.041127,0.121753,0.052951
0.003009,0.022949,0.002733,0.925973,0.001743,0.002733,0.022949,0.002058,0.013103,0.002749
0.041468,0.209142,0.067995,0.087971,0.047437,0.060628,0.209141,0.049144,0.158486,0.068589
0.034463,0.094119,0.052076,0.453058,0.045786,0.043796,0.094119,0.041293,0.089043,0.052246
0.009576,0.045740,0.052671,0.068965,0.029872,0.041678,0.045740,0.627407,0.025404,0.052946
0.028687,0.174185,0.105570,0.056076,0.077623,0.122534,0.174185,0.053656,0.101540,0.105946
0.010799,0.034749,0.032724,0.018170,0.018126,0.026539,0.034749,0.765365,0.025930,0.032848
0.025257,0.281065,0.042786,0.102726,0.027646,0.043597,0.281065,0.037013,0.115681,0.043164
0.026523,0.238491,0.086245,0.064911,0.048110,0.091454,0.238492,0.054416,0.064359,0.087000
0.099502,0.238048,0.061808,0.048526,0.039592,0.063909,0.238048,0.049814,0.098453,0.062300
0.025655,0.325202,0.043838,0.044894,0.023533,0.036741,0.325201,0.024732,0.106022,0.044182
0.025637,0.272938,0.062068,0.048774,0.038451,0.062195,0.272938,0.050819,0.103667,0.062512
0.010788,0.053869,0.013077,0.780893,0.010283,0.011502,0.053869,0.011211,0.041362,0.013147
0.012067,0.368445,0.032172,0.049402,0.019034,0.022167,0.368446,0.019807,0.075881,0.032579
0.024889,0.263718,0.083494,0.054318,0.051205,0.072069,0.263719,0.048402,0.053610,0.084577
0.015032,0.336183,0.043987,0.065452,0.024269,0.039776,0.336184,0.028673,0.066079,0.044365
0.027209,0.293792,0.049131,0.095505,0.033155,0.038340,0.293793,0.036928,0.082620,0.049526
0.014595,0.322611,0.055436,0.063397,0.028753,0.045416,0.322613,0.031118,0.059921,0.056140
0.031846,0.234494,0.074737,0.089522,0.048649,0.076051,0.234495,0.054459,0.080310,0.075437
0.043126,0.209838,0.075128,0.089458,0.057026,0.071441,0.209838,0.054051,0.114440,0.075654
0.045068,0.181827,0.084743,0.120607,0.069766,0.066493,0.181827,0.069958,0.094523,0.085188
0.026770,0.301552,0.060374,0.043109,0.036212,0.048582,0.301553,0.038085,0.082674,0.061089
0.040593,0.221363,0.078190,0.063732,0.049065,0.062905,0.221363,0.054965,0.128721,0.079102
0.027284,0.288183,0.046709,0.067364,0.032319,0.041664,0.288183,0.038946,0.122341,0.047009
0.059221,0.189978,0.082469,0.094550,0.061021,0.080666,0.189978,0.074248,0.084992,0.082877
0.014631,0.229704,0.071280,0.047029,0.033616,0.086917,0.229704,0.143315,0.072172,0.071632
0.029388,0.278823,0.057273,0.084238,0.040288,0.044686,0.278824,0.043493,0.085308,0.057678
0.001559,0.025463,0.002044,0.021782,0.001452,0.001592,0.025463,0.001493,0.917095,0.002057
0.018634,0.103795,0.034406,0.553895,0.024249,0.030144,0.103795,0.026904,0.069532,0.034647
0.002975,0.022709,0.004681,0.909710,0.003099,0.004696,0.022709,0.003811,0.020903,0.004705
0.466226,0.131223,0.046105,0.045631,0.032429,0.034009,0.131223,0.025947,0.040686,0.046520
0.011167,0.039190,0.015217,0.796181,0.012313,0.013295,0.039190,0.012887,0.045303,0.015257
0.093639,0.061587,0.205558,0.030834,0.080164,0.121259,0.061587,0.097203,0.033859,0.214311
0.012650,0.339308,0.055377,0.033397,0.033870,0.032909,0.339309,0.039236,0.058202,0.055741
0.011659,0.067921,0.004836,0.308694,0.003315,0.003627,0.067921,0.003551,0.523604,0.004873
0.011717,0.372516,0.037195,0.035196,0.019952,0.025280,0.372516,0.023626,0.064371,0.037631
0.011098,0.327003,0.023599,0.119521,0.014720,0.017677,0.327003,0.013892,0.121663,0.023824
0.012056,0.335422,0.033316,0.039384,0.020446,0.027174,0.335421,0.017699,0.145357,0.033725
0.006627,0.083755,0.008454,0.192817,0.006298,0.007021,0.083755,0.008243,0.594520,0.008510
0.015611,0.335271,0.039367,0.083112,0.024321,0.032004,0.335273,0.026216,0.069124,0.039702
0.006601,0.115711,0.008706,0.028219,0.005626,0.006946,0.115711,0.006234,0.697462,0.008783
0.060310,0.216105,0.081134,0.068377,0.056122,0.064335,0.216106,0.055105,0.100389,0.082016
0.030057,0.198188,0.048199,0.259699,0.032456,0.039369,0.198188,0.032291,0.112939,0.048614
0.044347,0.159996,0.108691,0.093534,0.074253,0.127207,0.159996,0.063233,0.059339,0.109403
0.018601,0.126152,0.032009,0.148553,0.021507,0.029417,0.126152,0.023660,0.441811,0.032139
0.010709,0.060079,0.014518,0.685730,0.010468,0.012332,0.060079,0.012132,0.119345,0.014610
0.036300,0.116742,0.049006,0.369545,0.040320,0.040721,0.116742,0.040315,0.141113,0.049194
0.022938,0.278691,0.072137,0.048564,0.038234,0.074544,0.278692,0.043928,0.069339,0.072933
0.055361,0.183359,0.115671,0.046050,0.068278,0.084686,0.183360,0.079601,0.067105,0.116529
0.054801,0.214699,0.082449,0.066808,0.049830,0.077145,0.214700,0.060669,0.095645,0.083255
0.019063,0.095458,0.029197,0.513359,0.022119,0.024249,0.095458,0.022610,0.149123,0.029363
0.015743,0.301101,0.028260,0.062828,0.018700,0.024781,0.301100,0.022508,0.196474,0.028504
0.048203,0.175962,0.091793,0.089025,0.061510,0.080136,0.175962,0.094941,0.090407,0.092061
0.005226,0.301616,0.011362,0.041624,0.007024,0.008406,0.301615,0.008178,0.303464,0.011485
0.002519,0.032968,0.004419,0.732784,0.002815,0.004093,0.032968,0.003425,0.179569,0.004439
0.023940,0.228236,0.046158,0.221042,0.029107,0.036244,0.228236,0.033651,0.106759,0.046626
0.005899,0.375940,0.011341,0.041259,0.006933,0.008499,0.375939,0.007981,0.154741,0.011468
0.000964,0.022226,0.001275,0.275305,0.000881,0.001000,0.022226,0.001009,0.673829,0.001285
0.038279,0.257513,0.058872,0.090724,0.041189,0.046603,0.257514,0.044244,0.105772,0.059289
0.963724,0.004282,0.005018,0.003417,0.003673,0.003864,0.004282,0.003344,0.003346,0.005051
0.029614,0.176716,0.044586,0.308556,0.035878,0.038406,0.176717,0.035865,0.108857,0.044805
0.012792,0.261740,0.024663,0.064381,0.016977,0.020050,0.261739,0.020948,0.291856,0.024854
0.074100,0.106410,0.115270,0.080269,0.098177,0.108513,0.106410,0.114695,0.080132,0.116025
0.032454,0.231552,0.090598,0.057196,0.049845,0.084923,0.231552,0.056558,0.073927,0.091395
0.024423,0.225741,0.108308,0.043223,0.052573,0.095280,0.225741,0.057909,0.057293,0.109510
0.064638,0.136100,0.100666,0.074375,0.067779,0.092754,0.136100,0.111915,0.114415,0.101257
0.013147,0.377846,0.020542,0.047856,0.013246,0.015924,0.377847,0.014037,0.098820,0.020736
0.047574,0.089832,0.127665,0.054216,0.144672,0.154176,0.089832,0.097444,0.067000,0.127588
0.005503,0.059571,0.007274,0.320221,0.005391,0.006335,0.059571,0.005822,0.522999,0.007313
0.011949,0.321423,0.022080,0.127892,0.015198,0.018030,0.321423,0.017508,0.122275,0.022223
0.031654,0.195908,0.065601,0.189684,0.042669,0.052995,0.195908,0.054624,0.104582,0.066376
0.021710,0.241751,0.034144,0.221029,0.023293,0.028103,0.241751,0.027657,0.126111,0.034451
0.046110,0.216650,0.066274,0.109321,0.048499,0.051413,0.216650,0.056650,0.121669,0.066764
0.069371,0.119989,0.106789,0.085564,0.094589,0.090410,0.119989,0.092634,0.113787,0.106880
0.179526,0.097587,0.103502,0.073207,0.093950,0.091277,0.097587,0.085079,0.074274,0.104011
0.054417,0.168486,0.116065,0.073134,0.064031,0.079575,0.168487,0.078907,0.079573,0.117326
0.046298,0.184071,0.126891,0.049508,0.066759,0.081967,0.184072,0.071074,0.060715,0.128646
0.100000,0.100000,0.100000,0.100000,0.100000,0.100000,0.100000,0.100000,0.100000,0.100000
0.017105,0.101018,0.193152,0.030085,0.141899,0.105835,0.101018,0.070860,0.044806,0.194222
0.044857,0.110795,0.144459,0.051981,0.107639,0.133748,0.110795,0.087996,0.061804,0.145926
0.026800,0.267135,0.069443,0.050921,0.045909,0.050195,0.267135,0.047361,0.105001,0.070101
0.837392,0.025117,0.029019,0.006641,0.014155,0.014301,0.025117,0.009353,0.009351,0.029553
0.030203,0.228294,0.073344,0.062468,0.047106,0.081438,0.228295,0.052675,0.122309,0.073868
0.036350,0.190572,0.051709,0.206228,0.039432,0.046319,0.190572,0.041971,0.144819,0.052027
0.022762,0.206050,0.047464,0.241425,0.030790,0.035129,0.206050,0.035440,0.127001,0.047889
0.007707,0.292432,0.019679,0.174349,0.010539,0.016301,0.292431,0.020113,0.146572,0.019878
0.002636,0.149732,0.006115,0.053189,0.003549,0.005586,0.149731,0.004511,0.618787,0.006164
0.034450,0.154325,0.055988,0.346408,0.037268,0.044156,0.154325,0.037642,0.079135,0.056304
0.005879,0.235828,0.009438,0.019463,0.005078,0.008505,0.235827,0.006202,0.464228,0.009552
0.011603,0.143352,0.017484,0.565911,0.010530,0.014910,0.143352,0.013433,0.061763,0.017663
0.999988,0.000002,0.000002,0.000001,0.000001,0.000001,0.000002,0.000001,0.000001,0.000002
0.960339,0.004326,0.006428,0.003428,0.004293,0.004106,0.004326,0.003490,0.002781,0.006483
0.039396,0.190564,0.067680,0.224435,0.042887,0.048943,0.190564,0.053330,0.073915,0.068286
0.068673,0.139641,0.116999,0.088224,0.085151,0.082066,0.139641,0.079648,0.082025,0.117930
0.156474,0.101784,0.096864,0.104389,0.081991,0.089189,0.101784,0.082733,0.087434,0.097358
0.085983,0.132091,0.100032,0.092020,0.084421,0.090911,0.132091,0.087688,0.094115,0.100650
0.437407,0.096982,0.040725,0.064357,0.027469,0.039299,0.096982,0.028508,0.127173,0.041098
0.237900,0.085429,0.096970,0.078471,0.075711,0.086802,0.085429,0.084393,0.071359,0.097537
0.079532,0.154035,0.089972,0.096726,0.074525,0.079821,0.154036,0.078977,0.101868,0.090509
0.086061,0.133176,0.095899,0.098742,0.081642,0.087304,0.133176,0.087355,0.100223,0.096422
0.059287,0.162787,0.104485,0.076500,0.081849,0.083859,0.162787,0.075380,0.087818,0.105248
0.790334,0.027111,0.026150,0.021031,0.019751,0.021198,0.027111,0.019671,0.021250,0.026393
0.990483,0.001255,0.001396,0.000759,0.000999,0.000951,0.001255,0.000798,0.000698,0.001406
0.415710,0.077259,0.070219,0.072933,0.048049,0.057613,0.077259,0.052677,0.057429,0.070853
0.921594,0.009131,0.008238,0.014664,0.006958,0.007438,0.009131,0.006678,0.007888,0.008281
0.942290,0.006803,0.009696,0.004344,0.005570,0.006064,0.006803,0.004424,0.004191,0.009814
0.924934,0.010091,0.008128,0.008712,0.006888,0.007311,0.010091,0.007019,0.008664,0.008163
0.927753,0.008976,0.009863,0.007101,0.006322,0.007619,0.008977,0.007506,0.005962,0.009922
0.627428,0.076160,0.035909,0.032007,0.025775,0.027956,0.076160,0.025610,0.036729,0.036268
0.784336,0.025414,0.026100,0.027445,0.019748,0.021818,0.025414,0.021021,0.022469,0.026235
0.008220,0.074146,0.097802,0.016997,0.043083,0.061395,0.074146,0.499177,0.026602,0.098432
0.975456,0.003157,0.002756,0.002888,0.002250,0.002595,0.003157,0.002288,0.002690,0.002763
0.819141,0.023881,0.020814,0.020297,0.017751,0.018040,0.023881,0.017534,0.017778,0.020882
0.154284,0.037581,0.197776,0.019995,0.104671,0.136577,0.037581,0.091486,0.021307,0.198744
0.100000,0.100000,0.100000,0.100000,0.100000,0.100000,0.100000,0.100000,0.100000,0.100000
0.513071,0.067312,0.056702,0.064499,0.040870,0.045945,0.067312,0.037142,0.050085,0.057060
0.078956,0.079556,0.133894,0.073520,0.109129,0.157246,0.079556,0.090819,0.063392,0.133934
0.021052,0.023883,0.253011,0.016549,0.102907,0.137784,0.023883,0.149863,0.017616,0.253451
0.890161,0.012641,0.015034,0.009730,0.012293,0.012278,0.012641,0.010814,0.009321,0.015086
0.015967,0.028947,0.187182,0.016086,0.292795,0.140840,0.028947,0.087603,0.017016,0.184617
0.215726,0.064332,0.083930,0.037923,0.044990,0.063896,0.064332,0.056125,0.284539,0.084207
0.102098,0.023915,0.129260,0.019973,0.068217,0.130054,0.023915,0.358380,0.015689,0.128498
0.507318,0.026509,0.105969,0.018081,0.064206,0.066662,0.026509,0.059651,0.018712,0.106385
0.999995,0.000001,0.000001,0.000001,0.000000,0.000000,0.000001,0.000000,0.000000,0.000001
0.003748,0.006268,0.118638,0.003591,0.176844,0.530632,0.006268,0.031459,0.003706,0.118845
0.995462,0.000521,0.000525,0.000487,0.000426,0.000705,0.000521,0.000402,0.000423,0.000527
0.068928,0.172320,0.073226,0.071743,0.050218,0.058897,0.172320,0.046766,0.211502,0.074081
0.005613,0.016223,0.007116,0.017791,0.005600,0.006048,0.016223,0.006114,0.912126,0.007147
0.049775,0.166049,0.078748,0.093873,0.059752,0.064664,0.166049,0.057707,0.183987,0.079394
0.056352,0.149683,0.082265,0.106393,0.073851,0.073853,0.149683,0.074514,0.150966,0.082440
0.539959,0.060643,0.058427,0.040884,0.040752,0.048511,0.060643,0.055435,0.036029,0.058718
0.067900,0.127470,0.108539,0.082177,0.088397,0.086083,0.127470,0.081958,0.120594,0.109412
0.046947,0.211567,0.068693,0.139224,0.044633,0.052958,0.211567,0.042224,0.112711,0.069477
0.916724,0.012477,0.010353,0.007625,0.006388,0.009312,0.012477,0.006304,0.007870,0.010470
0.895300,0.019594,0.011661,0.012300,0.006970,0.007947,0.019594,0.006045,0.008787,0.011802
0.038574,0.059072,0.176957,0.039870,0.175044,0.116265,0.059072,0.114462,0.045181,0.175502
0.962444,0.005500,0.004987,0.003446,0.003225,0.003646,0.005500,0.003085,0.003130,0.005039
0.143842,0.123927,0.085101,0.118382,0.059666,0.070505,0.123927,0.058408,0.130403,0.085840
0.017311,0.027015,0.165714,0.016564,0.326486,0.181399,0.027015,0.055989,0.017338,0.165170
0.998973,0.000127,0.000156,0.000084,0.000106,0.000103,0.000127,0.000090,0.000077,0.000157
0.024396,0.031793,0.153453,0.023925,0.339919,0.131219,0.031793,0.086405,0.025458,0.151638
0.843297,0.017429,0.020693,0.016557,0.015158,0.017237,0.017429,0.016289,0.015100,0.020810
0.051877,0.109491,0.130933,0.082779,0.086519,0.125274,0.109491,0.104917,0.066282,0.132437
0.451099,0.100730,0.050544,0.048885,0.038961,0.063027,0.100730,0.040120,0.055241,0.050665
0.022717,0.023313,0.165558,0.016265,0.093632,0.166926,0.023313,0.306888,0.017118,0.164270
0.898827,0.012447,0.014028,0.008892,0.010418,0.010575,0.012448,0.010143,0.008131,0.014092
0.237541,0.095011,0.093772,0.047801,0.060862,0.145098,0.095011,0.062230,0.068047,0.094627
0.097886,0.108277,0.137432,0.056404,0.104515,0.107584,0.108277,0.079174,0.062765,0.137685
0.973600,0.004366,0.003194,0.002276,0.002099,0.002273,0.004366,0.001983,0.002614,0.003229
0.003901,0.006061,0.028402,0.005123,0.019368,0.025838,0.006061,0.872160,0.004948,0.028138
0.090529,0.108405,0.118373,0.084274,0.085930,0.105758,0.108406,0.087705,0.091549,0.119071
0.225850,0.129263,0.075015,0.082308,0.052092,0.075821,0.129263,0.052933,0.102007,0.075447
0.048606,0.163465,0.104522,0.053546,0.059543,0.089825,0.163466,0.067211,0.144373,0.105443
0.008418,0.025985,0.011828,0.017204,0.011140,0.010585,0.025985,0.009150,0.867939,0.011765
0.057379,0.095996,0.158064,0.047587,0.110482,0.133394,0.095996,0.083629,0.059085,0.158388
0.991705,0.000913,0.001153,0.000847,0.000852,0.000906,0.000913,0.000815,0.000738,0.001158
0.064407,0.210578,0.069878,0.072199,0.052991,0.063387,0.210578,0.059778,0.125804,0.070399
0.047850,0.169127,0.111056,0.056102,0.064439,0.094843,0.169127,0.068950,0.106137,0.112369
0.960452,0.006225,0.003909,0.004618,0.003315,0.003531,0.006225,0.003550,0.004248,0.003927
0.051519,0.117493,0.070010,0.318918,0.054571,0.057354,0.117493,0.054255,0.088027,0.070361
0.081858,0.099364,0.118928,0.126739,0.075919,0.118140,0.099364,0.077971,0.082201,0.119515
0.066930,0.191146,0.077352,0.083145,0.060257,0.068188,0.191146,0.068558,0.115417,0.077860
0.073159,0.153082,0.101546,0.082026,0.075520,0.078328,0.153082,0.083800,0.097339,0.102118
0.048740,0.138430,0.133117,0.054716,0.078464,0.113986,0.138430,0.092068,0.068322,0.133727
0.045366,0.237797,0.090758,0.053935,0.055833,0.072085,0.237798,0.048958,0.065716,0.091752
0.339677,0.079388,0.097192,0.070520,0.061989,0.067766,0.079388,0.059409,0.046677,0.097993
0.496107,0.062183,0.070729,0.037872,0.054659,0.053761,0.062184,0.053856,0.037372,0.071279
0.897764,0.019093,0.009596,0.011366,0.007310,0.007994,0.019093,0.007787,0.010338,0.009658
0.987070,0.001573,0.001594,0.001486,0.001229,0.001345,0.001573,0.001335,0.001192,0.001603
0.062721,0.165596,0.104109,0.067108,0.078261,0.086528,0.165596,0.085702,0.079689,0.104690
0.290528,0.079901,0.116976,0.034263,0.092697,0.081801,0.079901,0.066776,0.039618,0.117539
0.100000,0.100000,0.100000,0.100000,0.100000,0.100000,0.100000,0.100000,0.100000,0.100000
0.168071,0.157376,0.070006,0.119213,0.054818,0.063573,0.157376,0.060674,0.078580,0.070313
0.057855,0.229011,0.061097,0.100570,0.044834,0.050422,0.229011,0.048622,0.117050,0.061529
0.277098,0.102391,0.081797,0.089433,0.064922,0.070696,0.102391,0.058330,0.070766,0.082176
0.041893,0.207095,0.113072,0.042942,0.069037,0.076059,0.207096,0.059986,0.068286,0.114535
0.053958,0.140411,0.130720,0.062532,0.081936,0.092657,0.140411,0.098813,0.066752,0.131809
0.136260,0.093762,0.091855,0.096090,0.088284,0.136043,0.093762,0.085002,0.087021,0.091920
0.898365,0.013943,0.012611,0.012188,0.008626,0.009245,0.013943,0.009380,0.008960,0.012739
0.059718,0.132151,0.106796,0.107963,0.069158,0.148888,0.132151,0.062649,0.072997,0.107527
0.343026,0.089532,0.077851,0.057590,0.058788,0.081229,0.089532,0.064352,0.060211,0.077888
0.979487,0.002634,0.002868,0.001694,0.002159,0.002238,0.002634,0.001890,0.001509,0.002887
0.340055,0.081202,0.097110,0.050481,0.071095,0.073249,0.081202,0.056416,0.051696,0.097493
0.116921,0.080296,0.090032,0.104712,0.080732,0.213376,0.080296,0.070800,0.072767,0.090068
0.070688,0.121970,0.091864,0.088914,0.072645,0.185118,0.121970,0.070035,0.084578,0.092219
0.159339,0.078168,0.128112,0.072725,0.094279,0.110035,0.078168,0.083701,0.066981,0.128492
0.091985,0.144000,0.098708,0.085123,0.073656,0.082305,0.144000,0.085406,0.095682,0.099133
0.065216,0.160539,0.074171,0.132803,0.059825,0.069343,0.160539,0.079678,0.123434,0.074451
0.100000,0.100000,0.100000,0.100000,0.100000,0.100000,0.100000,0.100000,0.100000,0.100000
0.278154,0.136847,0.070800,0.058972,0.048630,0.055188,0.136848,0.049315,0.094013,0.071233
0.100836,0.093535,0.107528,0.096543,0.108658,0.104486,0.093535,0.097763,0.089779,0.107338
0.053553,0.192531,0.066178,0.134153,0.048500,0.057407,0.192531,0.055584,0.132853,0.066711
0.450104,0.087075,0.053371,0.054193,0.044615,0.051331,0.087075,0.056612,0.062126,0.053498
0.289412,0.138457,0.074608,0.058288,0.050026,0.069466,0.138457,0.049020,0.057188,0.075077
0.055017,0.192394,0.073552,0.087266,0.047778,0.053323,0.192394,0.053204,0.170893,0.074178
0.105664,0.126315,0.109210,0.074090,0.087268,0.094286,0.126315,0.079479,0.087510,0.109864
0.036829,0.207827,0.062736,0.129222,0.043507,0.044689,0.207827,0.045538,0.158791,0.063034
0.127144,0.191397,0.072105,0.073489,0.052369,0.056703,0.191397,0.061584,0.101295,0.072518
0.224343,0.099271,0.096853,0.104705,0.066415,0.065396,0.099272,0.081369,0.064920,0.097456
0.030469,0.293250,0.039620,0.144066,0.023113,0.026397,0.293250,0.028229,0.081490,0.040116
0.088447,0.222498,0.058143,0.053180,0.038319,0.041859,0.222498,0.045249,0.171101,0.058705
0.205162,0.210526,0.064558,0.063485,0.036942,0.042720,0.210527,0.036223,0.064605,0.065251
0.041317,0.128177,0.130484,0.063788,0.112419,0.107389,0.128177,0.091851,0.065834,0.130566
0.208713,0.082305,0.102507,0.079744,0.084304,0.100673,0.082305,0.082751,0.074017,0.102680
0.046612,0.225002,0.043388,0.085100,0.031335,0.036352,0.225002,0.037577,0.225955,0.043678
0.038757,0.167865,0.038254,0.245307,0.026383,0.044858,0.167865,0.029309,0.202829,0.038573
0.102783,0.145967,0.071588,0.157059,0.055793,0.068050,0.145967,0.076894,0.103971,0.071928
0.071730,0.161158,0.066024,0.103091,0.054673,0.056578,0.161158,0.063212,0.196104,0.066273
0.042973,0.209471,0.082674,0.111049,0.054293,0.058790,0.209471,0.063453,0.084366,0.083460
0.081980,0.133968,0.092902,0.096851,0.076136,0.118126,0.133968,0.083147,0.089632,0.093291
0.346368,0.093006,0.068379,0.086791,0.056667,0.057594,0.093006,0.050438,0.079128,0.068624
0.963724,0.004282,0.005018,0.003417,0.003673,0.003864,0.004282,0.003344,0.003346,0.005051
0.069862,0.178944,0.054174,0.129735,0.041421,0.046779,0.178944,0.043939,0.201681,0.054522
0.110670,0.188873,0.062939,0.135125,0.043226,0.044204,0.188874,0.043629,0.118976,0.063483
0.047637,0.121147,0.127830,0.070479,0.089119,0.119463,0.121147,0.099585,0.075874,0.127718
0.131944,0.116758,0.093330,0.083876,0.072938,0.104798,0.116758,0.084870,0.101098,0.093630
0.987681,0.001700,0.001225,0.001560,0.001102,0.001154,0.001700,0.001140,0.001511,0.001227
0.900727,0.012341,0.007521,0.019015,0.005855,0.006218,0.012341,0.006170,0.022261,0.007552
0.099231,0.121497,0.094013,0.085581,0.068922,0.096626,0.121497,0.096895,0.121268,0.094470
0.847755,0.018633,0.018089,0.018271,0.013846,0.014151,0.018633,0.013416,0.019020,0.018186
0.015054,0.019743,0.206744,0.014154,0.251612,0.184240,0.019743,0.073034,0.015033,0.200643
0.008647,0.018469,0.007391,0.030351,0.006383,0.006721,0.018469,0.006968,0.889184,0.007416
0.100000,0.100000,0.100000,0.100000,0.100000,0.100000,0.100000,0.100000,0.100000,0.100000
0.003524,0.005778,0.100240,0.002896,0.722937,0.043951,0.005778,0.015813,0.003217,0.095865
0.090346,0.043730,0.231158,0.019837,0.082436,0.108998,0.043730,0.118124,0.022653,0.238988
0.866063,0.011657,0.023663,0.008601,0.017295,0.014510,0.011657,0.014505,0.008266,0.023784
0.063080,0.057283,0.202277,0.029898,0.157147,0.110565,0.057283,0.085329,0.034858,0.202279
0.057402,0.127795,0.083852,0.141422,0.066414,0.065863,0.127795,0.123289,0.122009,0.084160
0.066430,0.095843,0.123931,0.061596,0.107876,0.100048,0.095843,0.156641,0.067728,0.124065
0.621729,0.068640,0.041107,0.031275,0.029504,0.030816,0.068640,0.026275,0.040650,0.041364
0.047114,0.154968,0.127825,0.046333,0.083227,0.083345,0.154968,0.113997,0.059132,0.129090
0.951142,0.004995,0.006090,0.006147,0.005683,0.005517,0.004995,0.004617,0.004727,0.006087
0.026509,0.243470,0.100770,0.049299,0.059997,0.063179,0.243471,0.054608,0.056546,0.102151
0.944472,0.007942,0.006815,0.005547,0.005001,0.005403,0.007942,0.004754,0.005283,0.006843
0.033448,0.077552,0.181181,0.050555,0.139753,0.105266,0.077552,0.101254,0.051718,0.181721
0.285399,0.082123,0.117129,0.032719,0.079895,0.110041,0.082124,0.057610,0.037070,0.115890
0.016427,0.040223,0.196230,0.025510,0.169544,0.183981,0.040224,0.111544,0.023109,0.193207
0.047537,0.202923,0.094603,0.084328,0.067664,0.066615,0.202924,0.061220,0.076982,0.095203
0.045552,0.157405,0.125039,0.052485,0.087812,0.099750,0.157405,0.068702,0.079549,0.126301
0.022543,0.231034,0.133872,0.033301,0.066903,0.064491,0.231035,0.039207,0.041773,0.135841
0.100000,0.100000,0.100000,0.100000,0.100000,0.100000,0.100000,0.100000,0.100000,0.100000
0.079013,0.227307,0.080206,0.058418,0.047448,0.054896,0.227307,0.050960,0.093259,0.081186
0.066683,0.179661,0.094366,0.073081,0.065845,0.065545,0.179661,0.055268,0.124555,0.095334
0.075560,0.143417,0.116248,0.064352,0.082767,0.097148,0.143418,0.071272,0.089719,0.116099
0.100000,0.100000,0.100000,0.100000,0.100000,0.100000,0.100000,0.100000,0.100000,0.100000
0.020423,0.316937,0.055218,0.050940,0.027443,0.050001,0.316938,0.029077,0.077034,0.055989
0.035631,0.267013,0.070138,0.064767,0.038336,0.049814,0.267013,0.047121,0.089194,0.070973
0.048982,0.186279,0.071888,0.129325,0.056993,0.061484,0.186279,0.056788,0.129732,0.072252
0.284589,0.167296,0.068016,0.040533,0.038323,0.053003,0.167297,0.040167,0.071881,0.068896
0.295336,0.158272,0.086899,0.040848,0.041296,0.049429,0.158272,0.040342,0.040896,0.088408
0.031381,0.178167,0.143871,0.036522,0.078219,0.080005,0.178167,0.075040,0.052752,0.145877
0.749363,0.034993,0.029872,0.025736,0.020510,0.031876,0.034993,0.016851,0.025777,0.030029
0.441999,0.073667,0.079764,0.049237,0.056768,0.056185,0.073667,0.047408,0.040672,0.080633
0.349806,0.183239,0.043757,0.050871,0.022898,0.036710,0.183239,0.028452,0.056863,0.044167
0.846539,0.017386,0.018068,0.022940,0.014526,0.016193,0.017386,0.013468,0.015379,0.018115
0.183287,0.214125,0.066399,0.053280,0.040864,0.050399,0.214126,0.040436,0.069973,0.067110
0.999995,0.000001,0.000001,0.000001,0.000000,0.000000,0.000001,0.000000,0.000000,0.000001
0.028570,0.038616,0.177647,0.029556,0.242707,0.159978,0.038616,0.081942,0.031620,0.170749
0.196935,0.123582,0.080317,0.087533,0.065865,0.101831,0.123582,0.059500,0.080403,0.080453
0.999609,0.000046,0.000042,0.000055,0.000038,0.000039,0.000046,0.000039,0.000042,0.000042
0.151231,0.072825,0.129125,0.063856,0.100499,0.124152,0.072826,0.095973,0.060397,0.129115
0.194049,0.080901,0.124282,0.041791,0.104466,0.075252,0.080901,0.074072,0.099661,0.124626
0.404604,0.030585,0.112344,0.013155,0.049781,0.055971,0.030585,0.176103,0.013605,0.113267
0.818414,0.025839,0.017049,0.026388,0.015277,0.015891,0.025839,0.016185,0.022033,0.017084
0.054330,0.218560,0.072112,0.089222,0.049925,0.055077,0.218560,0.057715,0.111680,0.072819
0.236051,0.030311,0.065762,0.026805,0.040878,0.052648,0.030311,0.431608,0.019791,0.065834
0.178808,0.105453,0.120844,0.043040,0.078268,0.097590,0.105453,0.096887,0.052650,0.121006
0.903089,0.013650,0.012985,0.007719,0.008573,0.008801,0.013650,0.008425,0.010019,0.013089
0.049463,0.135994,0.073337,0.139423,0.055211,0.056103,0.135994,0.052514,0.228194,0.073767
0.051315,0.202921,0.079841,0.079953,0.058643,0.069919,0.202921,0.069507,0.104613,0.080366
0.997307,0.000314,0.000369,0.000244,0.000303,0.000288,0.000314,0.000253,0.000236,0.000371
0.953542,0.007470,0.005289,0.004577,0.003701,0.003985,0.007470,0.003999,0.004644,0.005323
0.926901,0.008665,0.010363,0.007698,0.007031,0.007145,0.008665,0.006542,0.006527,0.010463
0.895856,0.013542,0.011787,0.013072,0.009580,0.010070,0.013542,0.009243,0.011464,0.011844
0.709723,0.045185,0.032163,0.031997,0.025033,0.026543,0.045185,0.025137,0.026741,0.032293
0.999856,0.000019,0.000020,0.000014,0.000013,0.000014,0.000019,0.000012,0.000012,0.000020
0.986278,0.001663,0.001541,0.001601,0.001412,0.001422,0.001663,0.001398,0.001481,0.001542
0.114935,0.090162,0.139642,0.059976,0.107010,0.105481,0.090162,0.089021,0.063535,0.140075
0.132522,0.110433,0.116843,0.067358,0.092822,0.098937,0.110433,0.078895,0.074446,0.117310
0.100000,0.100000,0.100000,0.100000,0.100000,0.100000,0.100000,0.100000,0.100000,0.100000
0.203576,0.085954,0.102503,0.091942,0.092066,0.087626,0.085954,0.074908,0.072799,0.102672
0.984821,0.001718,0.001726,0.002064,0.001597,0.001552,0.001718,0.001559,0.001514,0.001731
0.968649,0.004606,0.003960,0.003009,0.002734,0.003030,0.004606,0.002676,0.002729,0.004000
0.045418,0.199617,0.113914,0.045976,0.067241,0.083634,0.199617,0.064248,0.065559,0.114776
0.629645,0.037804,0.049470,0.042400,0.042228,0.039468,0.037804,0.039172,0.032257,0.049752
0.995198,0.000727,0.000664,0.000364,0.000409,0.000479,0.000727,0.000376,0.000385,0.000672
0.084420,0.130232,0.125196,0.057416,0.091367,0.104059,0.130232,0.077147,0.073890,0.126041
0.932298,0.008185,0.008162,0.008967,0.006416,0.007087,0.008185,0.006106,0.006378,0.008214
0.913168,0.010851,0.010810,0.009298,0.008380,0.008963,0.010851,0.008318,0.008484,0.010876
0.995714,0.000497,0.000605,0.000384,0.000463,0.000464,0.000497,0.000408,0.000360,0.000608
0.999998,0.000000,0.000000,0.000000,0.000000,0.000000,0.000000,0.000000,0.000000,0.000000
0.996594,0.000428,0.000419,0.000378,0.000332,0.000347,0.000428,0.000321,0.000332,0.000421
0.995171,0.000535,0.000640,0.000504,0.000541,0.000508,0.000535,0.000484,0.000440,0.000642
0.998155,0.000232,0.000230,0.000193,0.000188,0.000191,0.000232,0.000176,0.000172,0.000231
0.977636,0.002411,0.002823,0.002294,0.002628,0.002434,0.002411,0.002535,0.001993,0.002834
0.436036,0.057430,0.076459,0.069748,0.061805,0.060255,0.057430,0.054949,0.049252,0.076634
0.961708,0.004567,0.004913,0.004577,0.003694,0.003903,0.004567,0.003530,0.003596,0.004945
0.071863,0.189312,0.070676,0.123864,0.052922,0.057683,0.189312,0.059379,0.113938,0.071051
0.500956,0.062658,0.066220,0.042295,0.049090,0.060916,0.062658,0.043179,0.045376,0.066652
0.426711,0.106621,0.063262,0.042506,0.041400,0.049708,0.106621,0.050526,0.048843,0.063801
0.834649,0.021244,0.011847,0.014564,0.009430,0.009208,0.021244,0.009428,0.056501,0.011884
0.601934,0.065718,0.040352,0.056391,0.030471,0.031260,0.065718,0.031972,0.035688,0.040495
0.066828,0.145676,0.101607,0.091612,0.074783,0.110467,0.145676,0.074587,0.086683,0.102080
0.035534,0.237054,0.098462,0.050302,0.060414,0.061619,0.237054,0.055128,0.064867,0.099566
0.031811,0.205419,0.041613,0.065911,0.027544,0.034229,0.205419,0.038379,0.307725,0.041950
0.567234,0.082631,0.051085,0.042017,0.032011,0.032234,0.082631,0.026206,0.032450,0.051499
0.931430,0.006541,0.011013,0.008245,0.006932,0.007599,0.006541,0.005675,0.004885,0.011138
0.889571,0.018013,0.010102,0.012542,0.006632,0.007439,0.018013,0.006696,0.020811,0.010180
0.954557,0.005490,0.005383,0.005000,0.003739,0.005167,0.005490,0.005937,0.003832,0.005405
0.815749,0.007685,0.004549,0.010299,0.003771,0.003717,0.007685,0.003690,0.138291,0.004564
0.984159,0.002373,0.002018,0.001637,0.001297,0.001435,0.002373,0.001276,0.001395,0.002039
0.946723,0.006799,0.005612,0.005040,0.004166,0.004526,0.006799,0.004286,0.010409,0.005639
0.776215,0.025716,0.030368,0.022782,0.022118,0.022090,0.025716,0.017658,0.026767,0.030569
0.078832,0.124315,0.090338,0.144729,0.072702,0.069799,0.124315,0.065377,0.138805,0.090788
0.998014,0.000246,0.000285,0.000181,0.000203,0.000208,0.000246,0.000171,0.000161,0.000287
0.988528,0.001470,0.001613,0.000956,0.001111,0.001177,0.001470,0.001023,0.001029,0.001624
0.989006,0.001376,0.001513,0.000962,0.001114,0.001104,0.001376,0.001053,0.000969,0.001527
0.394000,0.069479,0.076917,0.057507,0.063980,0.065218,0.069479,0.067078,0.059245,0.077097
0.956748,0.005895,0.005956,0.003965,0.004008,0.003953,0.005895,0.003341,0.004216,0.006023
0.947169,0.007382,0.006973,0.004905,0.005034,0.005031,0.007382,0.004553,0.004552,0.007018
0.907310,0.013234,0.007314,0.011572,0.005877,0.005853,0.013234,0.005553,0.022701,0.007353
0.298494,0.132821,0.087640,0.049426,0.050715,0.051857,0.132821,0.050046,0.057588,0.088592
0.799451,0.028301,0.028580,0.015028,0.017903,0.020323,0.028301,0.016333,0.016892,0.028888
0.087563,0.108000,0.101746,0.068074,0.073669,0.076877,0.108000,0.064765,0.209068,0.102238
0.752707,0.034934,0.023933,0.030658,0.018104,0.020165,0.034934,0.017481,0.043017,0.024067
0.025582,0.116559,0.193256,0.031937,0.105826,0.096776,0.116559,0.078138,0.038941,0.196426
0.038369,0.218347,0.119413,0.043935,0.065015,0.068685,0.218347,0.052454,0.054339,0.121095
0.158669,0.127275,0.118777,0.068114,0.069562,0.082340,0.127275,0.063324,0.064665,0.119999
0.705976,0.022597,0.009770,0.014264,0.006837,0.008279,0.022597,0.006829,0.193007,0.009844
0.070105,0.185668,0.085435,0.083607,0.064446,0.070328,0.185668,0.063915,0.104759,0.086069
0.138629,0.222048,0.053991,0.062704,0.035009,0.038662,0.222048,0.041135,0.131196,0.054578
0.197007,0.180646,0.066952,0.107793,0.044197,0.049002,0.180646,0.046542,0.059618,0.067596
0.983847,0.002169,0.002621,0.000957,0.001518,0.001784,0.002169,0.001287,0.000999,0.002649
0.236366,0.129576,0.070573,0.144606,0.050152,0.054000,0.129576,0.046874,0.067344,0.070933
0.052042,0.175675,0.121078,0.055510,0.079954,0.083373,0.175675,0.071681,0.062693,0.122318
0.056894,0.130029,0.077252,0.163683,0.064613,0.077269,0.130029,0.067818,0.154864,0.077550
0.721753,0.034239,0.040886,0.021921,0.030253,0.029026,0.034239,0.026449,0.020060,0.041173
0.026038,0.227506,0.071117,0.062047,0.043988,0.063571,0.227506,0.045853,0.160562,0.071812
0.100469,0.182515,0.063626,0.138838,0.042377,0.046483,0.182515,0.051738,0.127312,0.064126
0.988042,0.001287,0.001965,0.000916,0.001305,0.001412,0.001287,0.001065,0.000747,0.001975
0.916071,0.013307,0.012673,0.005158,0.006942,0.007603,0.013307,0.005628,0.006436,0.012875
0.816912,0.033112,0.019142,0.018067,0.012841,0.014752,0.033113,0.014901,0.017879,0.019280
0.056694,0.066443,0.207719,0.037070,0.106222,0.106713,0.066443,0.098965,0.045002,0.208729
0.053807,0.205165,0.078325,0.074829,0.052481,0.060367,0.205166,0.053589,0.136845,0.079427
0.340349,0.038439,0.151812,0.018428,0.057693,0.089177,0.038439,0.094523,0.017506,0.153634
0.112412,0.086240,0.126305,0.070750,0.121870,0.106670,0.086240,0.094503,0.068797,0.126212
0.055047,0.171277,0.057425,0.114409,0.040403,0.049131,0.171277,0.044058,0.239083,0.057889
0.967756,0.004510,0.004382,0.002729,0.002747,0.003239,0.004510,0.002800,0.002905,0.004422
0.100000,0.100000,0.100000,0.100000,0.100000,0.100000,0.100000,0.100000,0.100000,0.100000
0.055066,0.179902,0.121902,0.057234,0.070078,0.075660,0.179902,0.064177,0.072553,0.123527
0.235621,0.055163,0.045393,0.047034,0.038353,0.048222,0.055162,0.034361,0.395362,0.045329
0.033736,0.281960,0.065618,0.068793,0.037603,0.045348,0.281961,0.039884,0.078557,0.066541
0.059086,0.121256,0.082807,0.188369,0.071292,0.070680,0.121256,0.071371,0.130927,0.082956
0.074525,0.178188,0.078383,0.094677,0.062249,0.065875,0.178188,0.062612,0.126620,0.078683
0.055541,0.190762,0.100636,0.058850,0.065215,0.074354,0.190763,0.082636,0.079841,0.101402
0.148145,0.170484,0.092179,0.056899,0.062267,0.066423,0.170485,0.055870,0.084415,0.092833
0.070300,0.072200,0.108204,0.062373,0.111080,0.251089,0.072200,0.080065,0.065030,0.107458
0.058012,0.112973,0.133190,0.057170,0.099683,0.097415,0.112973,0.134478,0.060151,0.133954
0.100000,0.100000,0.100000,0.100000,0.100000,0.100000,0.100000,0.100000,0.100000,0.100000
0.100000,0.100000,0.100000,0.100000,0.100000,0.100000,0.100000,0.100000,0.100000,0.100000
0.012608,0.316008,0.060143,0.067822,0.027651,0.037255,0.316009,0.032913,0.068460,0.061132
0.070300,0.072200,0.108204,0.062373,0.111080,0.251089,0.072200,0.080065,0.065030,0.107458
0.049530,0.249095,0.066494,0.065007,0.043946,0.059156,0.249095,0.052966,0.097784,0.066927
0.012866,0.328102,0.050991,0.032839,0.028961,0.043204,0.328102,0.025946,0.097748,0.051240
0.029768,0.279630,0.070306,0.049502,0.036619,0.069123,0.279630,0.044858,0.069189,0.071375
0.066269,0.182108,0.078424,0.087288,0.061130,0.073796,0.182108,0.089429,0.100638,0.078809
0.028578,0.261934,0.079644,0.056484,0.048278,0.063074,0.261935,0.053710,0.065968,0.080394
0.100000,0.100000,0.100000,0.100000,0.100000,0.100000,0.100000,0.100000,0.100000,0.100000
0.007199,0.403008,0.018986,0.041026,0.010532,0.014973,0.403009,0.012542,0.069500,0.019226
0.100000,0.100000,0.100000,0.100000,0.100000,0.100000,0.100000,0.100000,0.100000,0.100000
0.010162,0.362148,0.020505,0.055367,0.011909,0.014885,0.362148,0.014917,0.127233,0.020727
0.014073,0.349867,0.034306,0.049299,0.021378,0.029090,0.349867,0.024087,0.093423,0.034610
0.022684,0.303020,0.052198,0.054689,0.033274,0.045848,0.303021,0.038801,0.093612,0.052853
0.040109,0.262613,0.066097,0.073054,0.039373,0.056486,0.262613,0.044748,0.088185,0.066723
0.018533,0.324051,0.048270,0.046981,0.031464,0.041318,0.324052,0.028806,0.087778,0.048747
0.100000,0.100000,0.100000,0.100000,0.100000,0.100000,0.100000,0.100000,0.100000,0.100000
0.009722,0.339349,0.025330,0.086884,0.013986,0.024016,0.339350,0.017254,0.118505,0.025604
0.010993,0.382899,0.031081,0.036478,0.015097,0.030419,0.382900,0.018856,0.059858,0.031419
0.009751,0.338478,0.038485,0.032045,0.019623,0.028691,0.338477,0.027339,0.128182,0.038929
0.014637,0.364730,0.040398,0.038655,0.023724,0.026548,0.364730,0.021393,0.064242,0.040944
0.015815,0.334972,0.032595,0.103625,0.017164,0.022861,0.334972,0.020659,0.084223,0.033114
0.008704,0.371217,0.019076,0.040017,0.011695,0.016310,0.371217,0.018284,0.124226,0.019255
0.018700,0.322058,0.041828,0.056377,0.026404,0.033249,0.322058,0.039164,0.098055,0.042110
0.008073,0.410420,0.024142,0.025298,0.012133,0.017404,0.410421,0.013614,0.053923,0.024572
0.012686,0.198783,0.022575,0.362613,0.015541,0.019345,0.198782,0.021372,0.125595,0.022710
0.016310,0.338736,0.036711,0.060710,0.023638,0.033619,0.338736,0.028031,0.086470,0.037039
0.014097,0.296243,0.022001,0.047883,0.014364,0.017976,0.296241,0.017948,0.251038,0.022208
0.029639,0.312372,0.041602,0.057750,0.026969,0.031843,0.312372,0.031323,0.114199,0.041930
0.014026,0.340471,0.025828,0.045248,0.016840,0.020899,0.340471,0.019104,0.151043,0.026070
0.056521,0.266403,0.061489,0.061204,0.042721,0.051218,0.266404,0.043370,0.088747,0.061921
0.010827,0.313282,0.020872,0.051326,0.014088,0.018026,0.313281,0.019842,0.217434,0.021022
0.019231,0.320651,0.049913,0.040859,0.036792,0.038702,0.320652,0.035804,0.087243,0.050154
0.032405,0.287842,0.046465,0.073288,0.029214,0.038406,0.287842,0.036147,0.121424,0.046966
0.005435,0.393491,0.015639,0.027869,0.007889,0.013403,0.393491,0.010374,0.116555,0.015855
0.009951,0.389945,0.024777,0.036629,0.013497,0.017596,0.389945,0.016192,0.076359,0.025110
0.021253,0.298909,0.065087,0.044415,0.038914,0.046931,0.298910,0.041490,0.078221,0.065870
0.021122,0.142976,0.025842,0.050479,0.017643,0.024645,0.142976,0.020309,0.527944,0.026063
0.027133,0.344171,0.048428,0.041159,0.027294,0.036959,0.344173,0.028571,0.053107,0.049005
0.016716,0.314039,0.030698,0.059154,0.019990,0.025543,0.314039,0.027069,0.161778,0.030976
0.016841,0.333772,0.043798,0.040942,0.025974,0.032709,0.333773,0.029179,0.098743,0.044269
0.061722,0.208951,0.064892,0.098967,0.051195,0.054817,0.208951,0.047197,0.138049,0.065260
0.057801,0.129938,0.081514,0.232893,0.061638,0.076376,0.129938,0.065179,0.082979,0.081744
0.074655,0.314063,0.038368,0.055458,0.020730,0.032520,0.314063,0.021327,0.089884,0.038933
0.104815,0.245592,0.065797,0.051435,0.037242,0.047402,0.245592,0.046851,0.088573,0.066701
0.009069,0.393332,0.031235,0.031773,0.015344,0.022545,0.393332,0.018343,0.053219,0.031808
0.276906,0.122642,0.069472,0.065089,0.054857,0.060462,0.122642,0.051143,0.106958,0.069827
0.007154,0.415498,0.017694,0.025903,0.009150,0.012185,0.415498,0.011179,0.067774,0.017965
0.011919,0.260116,0.027015,0.146305,0.018451,0.023999,0.260115,0.019544,0.205351,0.027184
0.018488,0.366246,0.041036,0.033728,0.022815,0.032015,0.366247,0.026361,0.051524,0.041540
0.053349,0.250685,0.061793,0.068136,0.040238,0.054875,0.250685,0.058435,0.099563,0.062240
0.013513,0.362339,0.040156,0.039328,0.022102,0.031610,0.362340,0.024751,0.063197,0.040665
0.024843,0.268462,0.068624,0.055572,0.042894,0.065291,0.268462,0.041187,0.095436,0.069229
0.000940,0.002913,0.013582,0.001181,0.008689,0.949306,0.002913,0.005282,0.001441,0.013753
0.029611,0.209832,0.053267,0.134007,0.041466,0.044984,0.209831,0.040108,0.183384,0.053510
0.995462,0.000521,0.000525,0.000487,0.000426,0.000705,0.000521,0.000402,0.000423,0.000527
0.048203,0.175962,0.091793,0.089025,0.061510,0.080136,0.175962,0.094941,0.090407,0.092061
0.003541,0.005246,0.038337,0.002993,0.030299,0.856640,0.005246,0.015868,0.003063,0.038768
0.011977,0.420551,0.021660,0.024153,0.010808,0.015445,0.420553,0.014281,0.038637,0.021936
0.999995,0.000001,0.000001,0.000001,0.000000,0.000000,0.000001,0.000000,0.000000,0.000001
0.451099,0.100730,0.050544,0.048885,0.038961,0.063027,0.100730,0.040120,0.055241,0.050665
0.025608,0.111417,0.038575,0.073807,0.028253,0.038497,0.111417,0.043937,0.489757,0.038733
0.009379,0.284892,0.023629,0.135810,0.013218,0.020917,0.284892,0.014984,0.188428,0.023852
0.037745,0.165460,0.123418,0.054303,0.074732,0.078009,0.165460,0.115707,0.060812,0.124356
0.002334,0.004210,0.029606,0.002706,0.031877,0.880376,0.004210,0.012519,0.002982,0.029179
0.140430,0.155441,0.045069,0.193751,0.034751,0.046804,0.155441,0.037858,0.145180,0.045274
0.002561,0.004042,0.132097,0.002660,0.399921,0.300838,0.004042,0.023808,0.002735,0.127295
0.000517,0.002266,0.020011,0.000813,0.012814,0.921865,0.002266,0.018726,0.001080,0.019644
0.041876,0.187642,0.069467,0.144686,0.050969,0.066847,0.187641,0.063433,0.117652,0.069788
0.059718,0.132151,0.106796,0.107963,0.069158,0.148888,0.132151,0.062649,0.072997,0.107527
0.116921,0.080296,0.090032,0.104712,0.080732,0.213376,0.080296,0.070800,0.072767,0.090068
0.047637,0.121147,0.127830,0.070479,0.089119,0.119463,0.121147,0.099585,0.075874,0.127718
0.038864,0.193812,0.063694,0.124386,0.046861,0.060740,0.193812,0.057681,0.156150,0.064001
0.136260,0.093762,0.091855,0.096090,0.088284,0.136043,0.093762,0.085002,0.087021,0.091920
0.008269,0.011488,0.249081,0.008121,0.272610,0.124231,0.011488,0.065281,0.008677,0.240754
0.003309,0.008394,0.046447,0.003287,0.048993,0.818062,0.008394,0.013808,0.003667,0.045639
0.088166,0.120101,0.107752,0.095053,0.086464,0.098210,0.120101,0.091182,0.084661,0.108310
0.014427,0.016649,0.147362,0.011009,0.123512,0.262133,0.016649,0.250732,0.011522,0.146006
0.963724,0.004282,0.005018,0.003417,0.003673,0.003864,0.004282,0.003344,0.003346,0.005051
0.005424,0.009641,0.118321,0.005604,0.255598,0.442537,0.009641,0.031748,0.005901,0.115585
0.000669,0.002178,0.026821,0.000877,0.017754,0.899340,0.002178,0.022759,0.001152,0.026273
0.002086,0.005261,0.046712,0.003000,0.046705,0.826732,0.005261,0.015486,0.002982,0.045776
0.005094,0.010057,0.053457,0.005134,0.063773,0.772904,0.010057,0.020971,0.005953,0.052598
0.006344,0.027639,0.085756,0.012753,0.028696,0.651838,0.027639,0.056517,0.015032,0.087786
0.028687,0.174185,0.105570,0.056076,0.077623,0.122534,0.174185,0.053656,0.101540,0.105946
0.011533,0.108592,0.026280,0.507785,0.018265,0.026628,0.108592,0.025519,0.140409,0.026397
0.000342,0.000784,0.013804,0.000359,0.010556,0.947244,0.000784,0.012246,0.000416,0.013466
0.032866,0.221035,0.052017,0.131200,0.036807,0.048106,0.221034,0.041179,0.163397,0.052358
0.013725,0.319797,0.029424,0.099940,0.018335,0.036063,0.319796,0.031112,0.102167,0.029641
0.059221,0.189978,0.082469,0.094550,0.061021,0.080666,0.189978,0.074248,0.084992,0.082877
0.044347,0.159996,0.108691,0.093534,0.074253,0.127207,0.159996,0.063233,0.059339,0.109403
0.013465,0.023452,0.266465,0.012562,0.094530,0.179718,0.023452,0.092864,0.013870,0.279622
0.000456,0.000897,0.012078,0.000505,0.012701,0.956937,0.000897,0.003232,0.000544,0.011753
0.001606,0.003889,0.039088,0.002084,0.060455,0.833378,0.003889,0.015541,0.002220,0.037850
0.000942,0.002941,0.018999,0.001162,0.009475,0.923115,0.002941,0.019694,0.001370,0.019363
0.001405,0.002632,0.026113,0.001537,0.044270,0.884135,0.002632,0.010281,0.001685,0.025308
0.030593,0.197866,0.080786,0.065214,0.059356,0.114398,0.197867,0.054989,0.118293,0.080636
0.000732,0.003258,0.019971,0.000901,0.008117,0.918825,0.003258,0.023692,0.001033,0.020215
0.000498,0.001502,0.012449,0.000592,0.010282,0.945892,0.001502,0.014362,0.000737,0.012185
0.007022,0.165521,0.011725,0.450901,0.008766,0.010127,0.165520,0.009931,0.158694,0.011791
0.000992,0.001672,0.020310,0.001068,0.021727,0.924418,0.001672,0.006769,0.001045,0.020326
0.024589,0.161532,0.107315,0.060522,0.073818,0.128399,0.161532,0.071053,0.104026,0.107215
0.002796,0.005657,0.061646,0.002818,0.046436,0.791531,0.005657,0.019326,0.002820,0.061313
0.027466,0.243014,0.063154,0.064612,0.045303,0.050666,0.243014,0.045405,0.154055,0.063312
0.027415,0.293976,0.068132,0.055131,0.034622,0.065838,0.293978,0.039502,0.052859,0.068547
0.016519,0.324526,0.048673,0.039946,0.025257,0.045022,0.324527,0.031779,0.094683,0.049069
0.025596,0.179783,0.105979,0.068550,0.065859,0.101257,0.179783,0.080879,0.086458,0.105855
0.011402,0.354830,0.028543,0.035570,0.017179,0.031801,0.354830,0.019540,0.117533,0.028771
0.017223,0.267407,0.073368,0.048468,0.042802,0.067725,0.267407,0.046845,0.095365,0.073390
0.023912,0.244756,0.075077,0.084608,0.046884,0.058315,0.244756,0.063331,0.083013,0.075347
0.031939,0.261324,0.077071,0.052359,0.049524,0.076783,0.261325,0.048601,0.063313,0.077762
0.016176,0.317039,0.027480,0.049467,0.018161,0.024477,0.317038,0.021881,0.180580,0.027701
0.003360,0.040999,0.005393,0.019060,0.004185,0.004554,0.040999,0.003889,0.872168,0.005393
0.100000,0.100000,0.100000,0.100000,0.100000,0.100000,0.100000,0.100000,0.100000,0.100000
0.054053,0.170123,0.091935,0.113247,0.067614,0.081689,0.170123,0.076736,0.081733,0.092747
0.284589,0.167296,0.068016,0.040533,0.038323,0.053003,0.167297,0.040167,0.071881,0.068896
0.075560,0.143417,0.116248,0.064352,0.082767,0.097148,0.143418,0.071272,0.089719,0.116099
0.020423,0.316937,0.055218,0.050940,0.027443,0.050001,0.316938,0.029077,0.077034,0.055989
0.048982,0.186279,0.071888,0.129325,0.056993,0.061484,0.186279,0.056788,0.129732,0.072252
0.079013,0.227307,0.080206,0.058418,0.047448,0.054896,0.227307,0.050960,0.093259,0.081186
0.295336,0.158272,0.086899,0.040848,0.041296,0.049429,0.158272,0.040342,0.040896,0.088408
0.003356,0.008949,0.004210,0.952134,0.003235,0.003491,0.008949,0.003737,0.007707,0.004232
0.035631,0.267013,0.070138,0.064767,0.038336,0.049814,0.267013,0.047121,0.089194,0.070973
0.183287,0.214125,0.066399,0.053280,0.040864,0.050399,0.214126,0.040436,0.069973,0.067110
0.349806,0.183239,0.043757,0.050871,0.022898,0.036710,0.183239,0.028452,0.056863,0.044167
0.001429,0.005796,0.001453,0.973304,0.001176,0.001452,0.005796,0.001536,0.006597,0.001460
0.006620,0.022154,0.009052,0.880705,0.007184,0.008610,0.022154,0.009489,0.024944,0.009088
0.021903,0.223156,0.037737,0.222781,0.028619,0.034867,0.223156,0.031749,0.138054,0.037980
0.001425,0.008883,0.002366,0.963473,0.001678,0.001879,0.008883,0.001989,0.007040,0.002383
0.012457,0.025489,0.227261,0.009631,0.066274,0.261038,0.025489,0.123521,0.011358,0.237482
0.030153,0.055387,0.008930,0.781847,0.005666,0.006978,0.055387,0.006704,0.039933,0.009016
0.006153,0.400748,0.016513,0.023502,0.009286,0.013359,0.400747,0.010062,0.102924,0.016706
0.020677,0.241928,0.034438,0.180497,0.023398,0.032393,0.241927,0.026824,0.163204,0.034713
0.018276,0.088662,0.021319,0.650700,0.016698,0.018359,0.088662,0.018030,0.057859,0.021435
0.027922,0.167719,0.048640,0.308008,0.033258,0.038243,0.167719,0.041380,0.118041,0.049067
0.003364,0.020427,0.006999,0.914200,0.004683,0.005240,0.020427,0.005655,0.011963,0.007041
0.895300,0.019594,0.011661,0.012300,0.006970,0.007947,0.019594,0.006045,0.008787,0.011802
0.001315,0.006747,0.001621,0.970844,0.001217,0.001597,0.006747,0.001448,0.006835,0.001631
0.019332,0.114043,0.026450,0.533041,0.017688,0.021645,0.114043,0.022272,0.104791,0.026695
0.006665,0.012396,0.156195,0.007137,0.493309,0.081417,0.012396,0.068660,0.007939,0.153885
0.014561,0.144453,0.020784,0.474499,0.012981,0.016987,0.144452,0.014733,0.135567,0.020982
0.539959,0.060643,0.058427,0.040884,0.040752,0.048511,0.060643,0.055435,0.036029,0.058718
0.002459,0.015511,0.003192,0.938352,0.002356,0.002724,0.015511,0.003046,0.013638,0.003212
0.008815,0.093968,0.010799,0.417127,0.007641,0.008714,0.093968,0.008686,0.339392,0.010891
0.011362,0.102730,0.012773,0.240701,0.009902,0.011182,0.102729,0.010688,0.485090,0.012844
0.022762,0.206050,0.047464,0.241425,0.030790,0.035129,0.206050,0.035440,0.127001,0.047889
0.020666,0.056682,0.028036,0.700101,0.020040,0.021728,0.056682,0.022905,0.044783,0.028376
0.012273,0.319732,0.021596,0.074664,0.013211,0.017661,0.319731,0.014282,0.185038,0.021811
0.117037,0.192163,0.046399,0.171431,0.031529,0.044118,0.192163,0.037840,0.120666,0.046655
0.101360,0.106219,0.030047,0.047092,0.021618,0.023832,0.106219,0.025934,0.507407,0.030271
0.082542,0.288599,0.054397,0.050739,0.031449,0.037830,0.288600,0.035898,0.075005,0.054942
0.037744,0.269051,0.051216,0.088374,0.032262,0.053137,0.269051,0.035938,0.111479,0.051747
0.016719,0.020392,0.214659,0.013199,0.242359,0.097130,0.020392,0.148722,0.014062,0.212367
0.006136,0.047643,0.009968,0.808452,0.007947,0.009029,0.047643,0.009141,0.044033,0.010009
0.037326,0.060861,0.012140,0.752507,0.006726,0.008508,0.060861,0.007009,0.041767,0.012295
0.042561,0.031855,0.025874,0.728167,0.022452,0.022911,0.031855,0.023789,0.044594,0.025942
0.005606,0.396351,0.015784,0.037774,0.008510,0.012433,0.396351,0.010321,0.100874,0.015996
0.035184,0.257620,0.071145,0.089427,0.043649,0.053237,0.257620,0.043951,0.075907,0.072259
0.034157,0.034424,0.037039,0.671466,0.036211,0.038614,0.034424,0.038144,0.038539,0.036983
0.991705,0.000913,0.001153,0.000847,0.000852,0.000906,0.000913,0.000815,0.000738,0.001158
0.040792,0.228196,0.060344,0.127134,0.040750,0.054688,0.228196,0.042794,0.116124,0.060981
0.009801,0.320475,0.028331,0.119036,0.015849,0.021251,0.320474,0.018770,0.117375,0.028638
0.038470,0.026505,0.225782,0.014212,0.174352,0.115464,0.026505,0.137049,0.016436,0.225225
0.025695,0.251068,0.083299,0.064798,0.050041,0.055418,0.251068,0.043468,0.091337,0.083809
0.024456,0.248296,0.042866,0.140299,0.032755,0.033218,0.248296,0.027021,0.159680,0.043113
0.029935,0.247195,0.061639,0.090229,0.042123,0.042421,0.247195,0.040853,0.136251,0.062159
0.010758,0.336966,0.023075,0.050283,0.014834,0.021864,0.336965,0.015727,0.166212,0.023317
0.025336,0.048630,0.201577,0.021721,0.232188,0.121058,0.048630,0.077101,0.024908,0.198851
0.010288,0.298999,0.022098,0.064793,0.013797,0.015750,0.298998,0.014384,0.238491,0.022402
0.032789,0.147239,0.051772,0.278181,0.040988,0.042914,0.147239,0.039500,0.167304,0.052074
0.031809,0.039778,0.203181,0.033839,0.200329,0.132745,0.039778,0.081674,0.030004,0.206864
0.029361,0.370838,0.033716,0.034833,0.017372,0.022609,0.370838,0.026664,0.059641,0.034130
0.008097,0.042657,0.008211,0.831525,0.006583,0.007477,0.042657,0.007382,0.037160,0.008253
0.018771,0.267353,0.032220,0.137678,0.021322,0.026789,0.267353,0.025827,0.170206,0.032482
0.041354,0.217495,0.056342,0.160560,0.038884,0.042510,0.217495,0.045697,0.122872,0.056789
0.023885,0.312560,0.031140,0.078885,0.018922,0.021243,0.312560,0.018916,0.150423,0.031465
0.012357,0.080287,0.021733,0.674327,0.014553,0.017935,0.080287,0.014296,0.062323,0.021903
0.030334,0.259326,0.049255,0.080541,0.034644,0.037984,0.259325,0.040257,0.158614,0.049721
0.015477,0.017173,0.103007,0.012117,0.064313,0.147204,0.017173,0.509372,0.011827,0.102337
0.026934,0.137689,0.036243,0.391550,0.028150,0.033903,0.137689,0.030186,0.141227,0.036429
0.007049,0.062519,0.012667,0.761461,0.007961,0.010293,0.062519,0.008401,0.054325,0.012806
0.011977,0.279735,0.026134,0.067458,0.016481,0.019429,0.279734,0.017151,0.255547,0.026355
0.014618,0.300487,0.028624,0.104972,0.018443,0.024079,0.300485,0.020437,0.158862,0.028994
0.026035,0.029200,0.167638,0.024166,0.189651,0.113737,0.029200,0.229528,0.024886,0.165958
0.029409,0.044824,0.185280,0.031422,0.134291,0.194099,0.044824,0.119601,0.030677,0.185573
0.015002,0.298906,0.035558,0.127538,0.020119,0.030070,0.298906,0.024363,0.113529,0.036010
0.008226,0.032579,0.021166,0.805714,0.018827,0.018013,0.032579,0.014412,0.027220,0.021263
0.013705,0.032274,0.219381,0.015042,0.141671,0.119771,0.032274,0.180868,0.017003,0.228011
0.026063,0.017165,0.201556,0.010665,0.265428,0.175299,0.017165,0.076356,0.012189,0.198114
0.031716,0.216142,0.038991,0.184978,0.030549,0.034415,0.216142,0.037334,0.170549,0.039185
0.033139,0.246089,0.065705,0.097619,0.044453,0.050309,0.246090,0.053148,0.097243,0.066205
0.015967,0.028947,0.187182,0.016086,0.292795,0.140840,0.028947,0.087603,0.017016,0.184617
0.019561,0.236846,0.024857,0.176223,0.018173,0.020658,0.236846,0.021658,0.220146,0.025032
0.004382,0.043948,0.006202,0.847558,0.004441,0.004943,0.043948,0.005287,0.033041,0.006251
0.002922,0.005109,0.027742,0.003860,0.018188,0.025906,0.005109,0.879734,0.003937,0.027493
0.025993,0.037279,0.181095,0.026429,0.198557,0.214462,0.037279,0.070673,0.025116,0.183118
0.055743,0.077856,0.137488,0.060410,0.146927,0.103107,0.077856,0.131722,0.072025,0.136867
0.048591,0.069568,0.163371,0.048899,0.100260,0.107761,0.069568,0.176707,0.050678,0.164598
0.016192,0.036089,0.140892,0.017329,0.064725,0.147503,0.036089,0.382295,0.018476,0.140410
0.023438,0.046543,0.179918,0.026340,0.259999,0.111573,0.046543,0.099618,0.028944,0.177084
0.061727,0.166330,0.063880,0.122610,0.060428,0.062159,0.166329,0.062981,0.169596,0.063958
0.024396,0.031793,0.153453,0.023925,0.339919,0.131219,0.031793,0.086405,0.025458,0.151638
0.033708,0.079349,0.145839,0.043119,0.101050,0.155839,0.079349,0.155893,0.060464,0.145391
0.003901,0.006061,0.028402,0.005123,0.019368,0.025838,0.006061,0.872160,0.004948,0.028138
0.017311,0.027015,0.165714,0.016564,0.326486,0.181399,0.027015,0.055989,0.017338,0.165170
0.020481,0.022466,0.172916,0.019220,0.337617,0.157404,0.022466,0.063967,0.019536,0.163927
0.034833,0.153848,0.128586,0.075658,0.083952,0.097316,0.153849,0.073467,0.068751,0.129740
0.063901,0.109725,0.110661,0.076891,0.100983,0.096016,0.109725,0.086692,0.134628,0.110777
0.025812,0.066523,0.197854,0.033384,0.171637,0.117751,0.066523,0.089293,0.035724,0.195498
0.020557,0.032403,0.165221,0.020428,0.346213,0.118865,0.032403,0.078886,0.021788,0.163236
0.018853,0.029416,0.194024,0.019468,0.310366,0.116222,0.029416,0.058658,0.022833,0.200744
0.038574,0.059072,0.176957,0.039870,0.175044,0.116265,0.059072,0.114462,0.045181,0.175502
0.031038,0.043769,0.173451,0.038218,0.144783,0.153462,0.043769,0.161200,0.038541,0.171768
0.020768,0.027532,0.186821,0.021502,0.274504,0.146192,0.027532,0.092375,0.021444,0.181329
0.012329,0.021043,0.189138,0.014873,0.108488,0.148861,0.021043,0.280619,0.016500,0.187106
0.004734,0.007680,0.040069,0.006071,0.025584,0.034830,0.007680,0.827744,0.005896,0.039712
0.015054,0.019743,0.206744,0.014154,0.251612,0.184240,0.019743,0.073034,0.015033,0.200643
0.043635,0.059851,0.146188,0.046641,0.221076,0.111562,0.059851,0.111558,0.054642,0.144996
0.041612,0.054055,0.162806,0.039958,0.161246,0.176497,0.054055,0.103981,0.043483,0.162307
0.025057,0.067301,0.158241,0.043771,0.112042,0.126303,0.067301,0.201161,0.041851,0.156972
0.017866,0.025629,0.223794,0.018747,0.201340,0.168368,0.025629,0.079134,0.018904,0.220589
0.059546,0.062889,0.132797,0.058384,0.190923,0.099670,0.062889,0.142335,0.058680,0.131886
0.100000,0.100000,0.100000,0.100000,0.100000,0.100000,0.100000,0.100000,0.100000,0.100000
0.029579,0.141271,0.157870,0.037232,0.123791,0.083054,0.141272,0.082071,0.045584,0.158275
0.023515,0.104509,0.159812,0.034222,0.127964,0.134549,0.104510,0.071554,0.080413,0.158951
0.017073,0.065558,0.172810,0.022782,0.086096,0.159399,0.065558,0.209804,0.028866,0.172053
0.023811,0.083415,0.197333,0.029490,0.141982,0.115706,0.083415,0.090684,0.035965,0.198199
0.003411,0.006047,0.031267,0.005146,0.020542,0.029336,0.006047,0.862522,0.004678,0.031003
0.025090,0.027973,0.162314,0.020747,0.349966,0.129245,0.027973,0.074038,0.021530,0.161123
0.049868,0.063783,0.153377,0.050021,0.162512,0.126712,0.063783,0.123149,0.053819,0.152976
0.004433,0.009078,0.205528,0.004790,0.266125,0.225808,0.009078,0.071942,0.005491,0.197726
0.016427,0.040223,0.196230,0.025510,0.169544,0.183981,0.040224,0.111544,0.023109,0.193207
0.026526,0.072936,0.185662,0.029217,0.141877,0.141334,0.072936,0.108281,0.034955,0.186278
0.011049,0.014335,0.160099,0.011077,0.434593,0.124114,0.014335,0.062764,0.011769,0.155865
0.017919,0.027546,0.217854,0.015256,0.257817,0.131273,0.027546,0.064788,0.015670,0.224331
0.104653,0.062233,0.145589,0.032368,0.216089,0.099609,0.062233,0.096831,0.037534,0.142862
0.004169,0.006473,0.030821,0.005461,0.021125,0.028003,0.006473,0.861664,0.005273,0.030539
0.023610,0.035638,0.183101,0.030883,0.134884,0.114312,0.035638,0.229707,0.029787,0.182439
0.043793,0.032308,0.145985,0.031485,0.103457,0.168242,0.032308,0.274789,0.022775,0.144858
0.031396,0.061256,0.186519,0.035072,0.121763,0.151895,0.061256,0.120325,0.045668,0.184851
0.021880,0.047630,0.203825,0.024977,0.226660,0.126424,0.047630,0.076259,0.025849,0.198864
0.013705,0.034648,0.139573,0.016416,0.086130,0.235445,0.034648,0.282204,0.018514,0.138717
0.051249,0.024133,0.115259,0.019245,0.089557,0.145107,0.024133,0.398134,0.019315,0.113868
0.054154,0.075162,0.137638,0.059390,0.148688,0.104244,0.075162,0.139393,0.069176,0.136995
0.016700,0.032909,0.140987,0.016717,0.079014,0.218329,0.032909,0.302925,0.018933,0.140578
0.039411,0.073606,0.140368,0.061187,0.130347,0.192735,0.073606,0.096254,0.052773,0.139713
0.025811,0.037787,0.173861,0.028375,0.248406,0.132089,0.037787,0.113908,0.029548,0.172428
0.022805,0.025617,0.140419,0.020988,0.102000,0.150809,0.025617,0.352837,0.019727,0.139181
0.036562,0.052403,0.195112,0.034128,0.140873,0.116642,0.052403,0.140424,0.036165,0.195289
0.035548,0.074385,0.152452,0.043327,0.094561,0.127401,0.074385,0.175122,0.070747,0.152073
0.009090,0.011360,0.134862,0.008301,0.310039,0.316458,0.011360,0.057441,0.008208,0.132880
0.063901,0.109725,0.110661,0.076891,0.100983,0.096016,0.109725,0.086692,0.134628,0.110777
0.046880,0.060032,0.166615,0.046402,0.119034,0.155925,0.060032,0.120720,0.058683,0.165677
0.000572,0.001133,0.019724,0.000651,0.019413,0.930782,0.001133,0.006020,0.000645,0.019927
0.061727,0.166330,0.063880,0.122610,0.060428,0.062159,0.166329,0.062981,0.169596,0.063958
0.007380,0.013633,0.169485,0.007031,0.428887,0.143032,0.013633,0.047184,0.007934,0.161800
0.015807,0.023931,0.198544,0.014891,0.298513,0.144774,0.023931,0.066076,0.016620,0.196912
0.014185,0.076735,0.119088,0.026084,0.051628,0.084716,0.076735,0.396473,0.034382,0.119974
0.020481,0.022466,0.172916,0.019220,0.337617,0.157404,0.022466,0.063967,0.019536,0.163927
0.003714,0.006195,0.147269,0.003715,0.496774,0.157422,0.006195,0.035040,0.004116,0.139560
0.012964,0.016662,0.153550,0.012822,0.378868,0.183928,0.016662,0.063317,0.013292,0.147934
0.012848,0.017585,0.156566,0.013170,0.397918,0.159207,0.017585,0.061495,0.013249,0.150378
0.012425,0.019829,0.202585,0.011595,0.264523,0.199496,0.019829,0.050863,0.012923,0.205933
0.012670,0.017248,0.128507,0.012727,0.440015,0.184539,0.017248,0.048046,0.013081,0.125918
0.008288,0.016835,0.144886,0.012225,0.469356,0.117945,0.016835,0.062358,0.009630,0.141641
0.013812,0.073796,0.173748,0.017642,0.094255,0.170627,0.073796,0.186602,0.022749,0.172973
0.011149,0.015070,0.159157,0.011201,0.415713,0.147837,0.015070,0.060416,0.011288,0.153099
0.004339,0.011511,0.183554,0.005168,0.192802,0.367133,0.011511,0.040697,0.005875,0.177411
0.009565,0.037261,0.200098,0.011607,0.085659,0.338699,0.037261,0.064588,0.013788,0.201474
0.009964,0.035147,0.149078,0.010134,0.066695,0.418566,0.035147,0.113224,0.014074,0.147969
0.018599,0.024692,0.121985,0.025102,0.458921,0.123664,0.024692,0.063858,0.018472,0.120015
0.004093,0.012169,0.158290,0.005184,0.072122,0.147289,0.012169,0.427793,0.005299,0.155592
0.009873,0.020026,0.177258,0.012051,0.354556,0.167530,0.020026,0.052804,0.012011,0.173865
0.004873,0.018359,0.130501,0.005855,0.064875,0.591304,0.018359,0.029558,0.007568,0.128748
0.025384,0.052144,0.168483,0.024371,0.077975,0.099453,0.052144,0.300758,0.029588,0.169699
0.011148,0.039939,0.201982,0.012912,0.205324,0.211440,0.039939,0.063706,0.017095,0.196514
0.002220,0.004273,0.026888,0.003230,0.014778,0.024637,0.004273,0.890530,0.002393,0.026778
0.999995,0.000001,0.000001,0.000001,0.000000,0.000000,0.000001,0.000000,0.000000,0.000001
0.995462,0.000521,0.000525,0.000487,0.000426,0.000705,0.000521,0.000402,0.000423,0.000527
0.025993,0.037279,0.181095,0.026429,0.198557,0.214462,0.037279,0.070673,0.025116,0.183118
0.000940,0.002913,0.013582,0.001181,0.008689,0.949306,0.002913,0.005282,0.001441,0.013753
0.003748,0.006268,0.118638,0.003591,0.176844,0.530632,0.006268,0.031459,0.003706,0.118845
0.003541,0.005246,0.038337,0.002993,0.030299,0.856640,0.005246,0.015868,0.003063,0.038768
0.005332,0.015285,0.228823,0.006785,0.256846,0.170935,0.015285,0.067408,0.008197,0.225106
0.032781,0.043867,0.181069,0.035922,0.236120,0.142402,0.043867,0.074087,0.031060,0.178825
0.008179,0.020493,0.092536,0.006395,0.044466,0.122162,0.020493,0.587305,0.006542,0.091428
0.021134,0.105383,0.153582,0.030650,0.139545,0.172435,0.105384,0.077371,0.041018,0.153498
0.003936,0.023808,0.239116,0.006104,0.141785,0.246202,0.023808,0.074269,0.007317,0.233655
0.020481,0.022466,0.172916,0.019220,0.337617,0.157404,0.022466,0.063967,0.019536,0.163927
0.006408,0.014024,0.134966,0.007804,0.150272,0.213168,0.014024,0.319339,0.008325,0.131669
0.009165,0.012365,0.113761,0.008792,0.616916,0.069628,0.012365,0.037139,0.008191,0.111678
0.014061,0.024118,0.179927,0.014159,0.078549,0.154366,0.024118,0.314462,0.015124,0.181116
0.539959,0.060643,0.058427,0.040884,0.040752,0.048511,0.060643,0.055435,0.036029,0.058718
0.023570,0.041637,0.244942,0.019215,0.168627,0.115206,0.041637,0.072061,0.026053,0.247050
0.061727,0.166330,0.063880,0.122610,0.060428,0.062159,0.166329,0.062981,0.169596,0.063958
0.162907,0.214883,0.070567,0.048459,0.037999,0.057552,0.214884,0.056860,0.064857,0.071033
0.001163,0.004858,0.028404,0.001789,0.012916,0.868681,0.004858,0.047153,0.002037,0.028141
0.005575,0.020841,0.136837,0.008376,0.064906,0.443693,0.020841,0.153619,0.008839,0.136472
0.008042,0.031005,0.254745,0.010695,0.105352,0.215718,0.031005,0.065317,0.012949,0.265171
0.074312,0.222953,0.037897,0.161282,0.025844,0.029614,0.222953,0.028983,0.158010,0.038153
0.027634,0.027579,0.185586,0.013085,0.136681,0.285056,0.027579,0.099942,0.013342,0.183515
0.030203,0.228294,0.073344,0.062468,0.047106,0.081438,0.228295,0.052675,0.122309,0.073868
0.004435,0.012633,0.133669,0.006468,0.175598,0.233323,0.012633,0.284282,0.006424,0.130536
0.019328,0.062295,0.189373,0.025134,0.091150,0.192847,0.062295,0.132556,0.032020,0.193001
0.033867,0.189428,0.095767,0.068835,0.082391,0.107834,0.189428,0.066436,0.070375,0.095640
0.843297,0.017429,0.020693,0.016557,0.015158,0.017237,0.017429,0.016289,0.015100,0.020810
0.003043,0.009980,0.074550,0.004778,0.054519,0.074207,0.009980,0.690621,0.004754,0.073568
0.024636,0.262254,0.073717,0.069493,0.042270,0.060314,0.262255,0.055084,0.075321,0.074657
0.003901,0.006061,0.028402,0.005123,0.019368,0.025838,0.006061,0.872160,0.004948,0.028138
0.009728,0.051024,0.088596,0.015266,0.034919,0.084569,0.051024,0.557280,0.018592,0.089002
0.002798,0.008047,0.067652,0.004374,0.046510,0.082816,0.008047,0.709134,0.003899,0.066723
0.000517,0.002266,0.020011,0.000813,0.012814,0.921865,0.002266,0.018726,0.001080,0.019644
0.005815,0.012911,0.121395,0.008675,0.063097,0.132893,0.012911,0.514019,0.008089,0.120196
0.017223,0.267407,0.073368,0.048468,0.042802,0.067725,0.267407,0.046845,0.095365,0.073390
0.100000,0.100000,0.100000,0.100000,0.100000,0.100000,0.100000,0.100000,0.100000,0.100000
0.023912,0.244756,0.075077,0.084608,0.046884,0.058315,0.244756,0.063331,0.083013,0.075347
0.025596,0.179783,0.105979,0.068550,0.065859,0.101257,0.179783,0.080879,0.086458,0.105855
0.022762,0.206050,0.047464,0.241425,0.030790,0.035129,0.206050,0.035440,0.127001,0.047889
0.011402,0.354830,0.028543,0.035570,0.017179,0.031801,0.354830,0.019540,0.117533,0.028771
0.051639,0.023598,0.206073,0.011586,0.171200,0.253321,0.023598,0.044764,0.011932,0.202290
0.016519,0.324526,0.048673,0.039946,0.025257,0.045022,0.324527,0.031779,0.094683,0.049069
0.034833,0.153848,0.128586,0.075658,0.083952,0.097316,0.153849,0.073467,0.068751,0.129740
0.015628,0.042138,0.174733,0.017476,0.119075,0.143495,0.042138,0.244102,0.022132,0.179083
0.013879,0.351654,0.045907,0.031126,0.021595,0.053324,0.351655,0.029137,0.055061,0.046662
0.000669,0.001838,0.016975,0.000740,0.007506,0.931505,0.001838,0.020918,0.000858,0.017154
0.024055,0.194700,0.036408,0.089958,0.025234,0.030076,0.194700,0.033440,0.334735,0.036695
0.018963,0.035611,0.203467,0.020701,0.216759,0.173388,0.035611,0.071865,0.023651,0.199983
0.036835,0.071256,0.160468,0.055950,0.169701,0.109056,0.071256,0.088927,0.077856,0.158695
0.012268,0.361017,0.028106,0.031907,0.013362,0.027975,0.361016,0.019895,0.115956,0.028499
0.033394,0.330269,0.025459,0.081786,0.015971,0.022510,0.330268,0.018327,0.116299,0.025718
0.024310,0.290347,0.050726,0.060770,0.034777,0.038995,0.290347,0.033066,0.125550,0.051113
0.008437,0.394879,0.026177,0.056119,0.012722,0.018741,0.394882,0.014419,0.047054,0.026570
0.053966,0.177342,0.085698,0.070516,0.059171,0.074900,0.177342,0.083197,0.131548,0.086321
0.013270,0.064099,0.023075,0.169353,0.018714,0.019191,0.064099,0.018963,0.586104,0.023132
0.020835,0.329677,0.040869,0.095251,0.023926,0.029672,0.329678,0.026396,0.062372,0.041323
0.025406,0.235649,0.040881,0.091479,0.024203,0.029313,0.235649,0.035830,0.240231,0.041359
0.006117,0.020072,0.184263,0.007814,0.100623,0.348355,0.020072,0.120077,0.009195,0.183414
0.037168,0.130832,0.129313,0.099333,0.085516,0.092638,0.130833,0.105663,0.058268,0.130437
0.005938,0.013323,0.207074,0.007885,0.173496,0.113910,0.013323,0.251547,0.007675,0.205829
0.004025,0.014277,0.169541,0.005809,0.061017,0.115153,0.014277,0.435656,0.005136,0.175109
0.013741,0.165366,0.166633,0.026154,0.052814,0.117353,0.165367,0.074025,0.046426,0.172120
0.009151,0.029794,0.169100,0.013093,0.114284,0.301777,0.029794,0.149863,0.014579,0.168565
0.090062,0.123293,0.093043,0.103713,0.089554,0.091969,0.123294,0.089527,0.102421,0.093124
0.011169,0.035600,0.165629,0.014573,0.077591,0.207060,0.035600,0.270548,0.017569,0.164661
0.005602,0.015379,0.098824,0.008223,0.056041,0.123797,0.015379,0.571533,0.007908,0.097313
0.132607,0.275467,0.035952,0.061803,0.022614,0.033371,0.275467,0.024543,0.101897,0.036278
0.029307,0.059134,0.204754,0.015385,0.078129,0.251424,0.059134,0.077270,0.020587,0.204877
0.005576,0.010532,0.199214,0.006080,0.322146,0.165864,0.010532,0.082346,0.006307,0.191404
0.013708,0.073941,0.163058,0.021411,0.105322,0.137238,0.073941,0.223221,0.027221,0.160939
0.011970,0.034007,0.144194,0.017662,0.104936,0.141544,0.034007,0.351432,0.016820,0.143428
0.000428,0.001071,0.013462,0.000466,0.010152,0.944956,0.001071,0.014694,0.000573,0.013126
0.013834,0.061533,0.146633,0.018058,0.064800,0.411125,0.061533,0.048924,0.023693,0.149867
0.064407,0.210578,0.069878,0.072199,0.052991,0.063387,0.210578,0.059778,0.125804,0.070399
0.007329,0.051129,0.162319,0.013347,0.384763,0.105286,0.051129,0.045120,0.019449,0.160129
0.030581,0.114405,0.149256,0.045607,0.129159,0.115141,0.114405,0.075372,0.075647,0.150426
0.018853,0.029416,0.194024,0.019468,0.310366,0.116222,0.029416,0.058658,0.022833,0.200744
0.016273,0.026229,0.176682,0.013006,0.129020,0.146729,0.026229,0.278165,0.012259,0.175410
0.012478,0.021216,0.163850,0.012419,0.197891,0.162595,0.021216,0.232692,0.014282,0.161362
0.037435,0.204092,0.111776,0.049539,0.063939,0.068364,0.204092,0.078417,0.068924,0.113422
0.022048,0.329082,0.032814,0.045782,0.020860,0.029870,0.329081,0.026887,0.130419,0.033156
0.225850,0.129263,0.075015,0.082308,0.052092,0.075821,0.129263,0.052933,0.102007,0.075447
0.057379,0.095996,0.158064,0.047587,0.110482,0.133394,0.095996,0.083629,0.059085,0.158388
0.051519,0.117493,0.070010,0.318918,0.054571,0.057354,0.117493,0.054255,0.088027,0.070361
0.960452,0.006225,0.003909,0.004618,0.003315,0.003531,0.006225,0.003550,0.004248,0.003927
0.030874,0.076594,0.180680,0.031795,0.067683,0.175105,0.076594,0.131518,0.040569,0.188588
0.049305,0.183482,0.071465,0.097106,0.056759,0.063681,0.183482,0.063930,0.159104,0.071687
0.066930,0.191146,0.077352,0.083145,0.060257,0.068188,0.191146,0.068558,0.115417,0.077860
0.045366,0.237797,0.090758,0.053935,0.055833,0.072085,0.237798,0.048958,0.065716,0.091752
0.073159,0.153082,0.101546,0.082026,0.075520,0.078328,0.153082,0.083800,0.097339,0.102118
0.048740,0.138430,0.133117,0.054716,0.078464,0.113986,0.138430,0.092068,0.068322,0.133727
0.496107,0.062183,0.070729,0.037872,0.054659,0.053761,0.062184,0.053856,0.037372,0.071279
0.987070,0.001573,0.001594,0.001486,0.001229,0.001345,0.001573,0.001335,0.001192,0.001603
0.062721,0.165596,0.104109,0.067108,0.078261,0.086528,0.165596,0.085702,0.079689,0.104690
0.053958,0.140411,0.130720,0.062532,0.081936,0.092657,0.140411,0.098813,0.066752,0.131809
0.041893,0.207095,0.113072,0.042942,0.069037,0.076059,0.207096,0.059986,0.068286,0.114535
0.339677,0.079388,0.097192,0.070520,0.061989,0.067766,0.079388,0.059409,0.046677,0.097993
0.081858,0.099364,0.118928,0.126739,0.075919,0.118140,0.099364,0.077971,0.082201,0.119515
0.057855,0.229011,0.061097,0.100570,0.044834,0.050422,0.229011,0.048622,0.117050,0.061529
0.100000,0.100000,0.100000,0.100000,0.100000,0.100000,0.100000,0.100000,0.100000,0.100000
0.340055,0.081202,0.097110,0.050481,0.071095,0.073249,0.081202,0.056416,0.051696,0.097493
0.343026,0.089532,0.077851,0.057590,0.058788,0.081229,0.089532,0.064352,0.060211,0.077888
0.116921,0.080296,0.090032,0.104712,0.080732,0.213376,0.080296,0.070800,0.072767,0.090068
0.277098,0.102391,0.081797,0.089433,0.064922,0.070696,0.102391,0.058330,0.070766,0.082176
0.059718,0.132151,0.106796,0.107963,0.069158,0.148888,0.132151,0.062649,0.072997,0.107527
0.136260,0.093762,0.091855,0.096090,0.088284,0.136043,0.093762,0.085002,0.087021,0.091920
0.091985,0.144000,0.098708,0.085123,0.073656,0.082305,0.144000,0.085406,0.095682,0.099133
0.070688,0.121970,0.091864,0.088914,0.072645,0.185118,0.121970,0.070035,0.084578,0.092219
0.100000,0.100000,0.100000,0.100000,0.100000,0.100000,0.100000,0.100000,0.100000,0.100000
0.450104,0.087075,0.053371,0.054193,0.044615,0.051331,0.087075,0.056612,0.062126,0.053498
0.055017,0.192394,0.073552,0.087266,0.047778,0.053323,0.192394,0.053204,0.170893,0.074178
0.065216,0.160539,0.074171,0.132803,0.059825,0.069343,0.160539,0.079678,0.123434,0.074451
0.100836,0.093535,0.107528,0.096543,0.108658,0.104486,0.093535,0.097763,0.089779,0.107338
0.963724,0.004282,0.005018,0.003417,0.003673,0.003864,0.004282,0.003344,0.003346,0.005051
0.278154,0.136847,0.070800,0.058972,0.048630,0.055188,0.136848,0.049315,0.094013,0.071233
0.159339,0.078168,0.128112,0.072725,0.094279,0.110035,0.078168,0.083701,0.066981,0.128492
0.047637,0.121147,0.127830,0.070479,0.089119,0.119463,0.121147,0.099585,0.075874,0.127718
0.289412,0.138457,0.074608,0.058288,0.050026,0.069466,0.138457,0.049020,0.057188,0.075077
0.005424,0.009641,0.118321,0.005604,0.255598,0.442537,0.009641,0.031748,0.005901,0.115585
0.012877,0.035091,0.154036,0.017777,0.101401,0.409902,0.035091,0.060651,0.019631,0.153543
0.026456,0.212316,0.035422,0.146441,0.028716,0.031660,0.212316,0.037267,0.233829,0.035577
0.057475,0.087959,0.190796,0.023156,0.116014,0.115076,0.087960,0.105328,0.028044,0.188191
0.004734,0.007680,0.040069,0.006071,0.025584,0.034830,0.007680,0.827744,0.005896,0.039712
0.020535,0.053463,0.189854,0.025701,0.108011,0.228324,0.053463,0.103128,0.029255,0.188265
0.029517,0.247073,0.068403,0.057377,0.046928,0.061983,0.247073,0.058866,0.113883,0.068897
0.023142,0.076465,0.172208,0.028651,0.163349,0.099231,0.076465,0.143055,0.043315,0.174119
0.006897,0.019927,0.098282,0.009746,0.052462,0.079316,0.019927,0.604551,0.010461,0.098429
0.015054,0.019743,0.206744,0.014154,0.251612,0.184240,0.019743,0.073034,0.015033,0.200643
0.011682,0.357802,0.036502,0.051165,0.019170,0.032524,0.357803,0.023746,0.072622,0.036985
0.010381,0.047640,0.189376,0.014767,0.058552,0.327453,0.047640,0.087256,0.019638,0.197295
0.009580,0.134167,0.017062,0.170369,0.011130,0.014469,0.134167,0.014360,0.477497,0.017198
0.004769,0.014061,0.145892,0.006578,0.068802,0.488870,0.014061,0.106790,0.006629,0.143549
0.100000,0.100000,0.100000,0.100000,0.100000,0.100000,0.100000,0.100000,0.100000,0.100000
0.042489,0.060297,0.156783,0.036804,0.207612,0.167478,0.060297,0.073695,0.039026,0.155519
0.011809,0.030864,0.142334,0.014277,0.130430,0.207872,0.030864,0.274902,0.015122,0.141526
0.030400,0.079154,0.187339,0.028062,0.069352,0.202215,0.079154,0.098067,0.031999,0.194258
0.020314,0.043210,0.241503,0.017306,0.137830,0.134611,0.043210,0.092880,0.020101,0.249036
0.009491,0.179976,0.019426,0.046658,0.012030,0.016635,0.179975,0.013046,0.503173,0.019591
0.016845,0.069015,0.158433,0.034867,0.188417,0.097563,0.069015,0.139252,0.070376,0.156216
0.013846,0.161000,0.031464,0.030285,0.026230,0.025434,0.161001,0.018903,0.500193,0.031643
0.052859,0.272156,0.037370,0.078338,0.024654,0.033184,0.272155,0.024655,0.166981,0.037649
0.001979,0.004127,0.046161,0.002327,0.049398,0.042848,0.004127,0.800977,0.002658,0.045398
0.003907,0.010598,0.153170,0.004750,0.039505,0.476629,0.010598,0.136749,0.005264,0.158830
0.020954,0.066005,0.180684,0.024389,0.222917,0.115657,0.066005,0.089379,0.028747,0.185262
0.030109,0.167123,0.120630,0.064589,0.068195,0.098175,0.167123,0.072626,0.090015,0.121416
0.005203,0.022067,0.190772,0.006106,0.387590,0.134109,0.022067,0.039956,0.007008,0.185121
0.028095,0.210218,0.040774,0.177020,0.029417,0.041752,0.210218,0.034257,0.187245,0.041006
0.012649,0.083460,0.009517,0.718911,0.006059,0.007177,0.083460,0.006650,0.062499,0.009617
0.015592,0.027810,0.176256,0.013869,0.098623,0.159993,0.027810,0.286695,0.015329,0.178021
0.008136,0.011182,0.156509,0.007748,0.198956,0.398799,0.011182,0.046723,0.008108,0.152657
0.008283,0.355824,0.033072,0.060538,0.017749,0.030224,0.355824,0.017253,0.087728,0.033506
0.002711,0.011652,0.081911,0.003992,0.056583,0.106120,0.011652,0.640637,0.004413,0.080331
0.010076,0.013707,0.126792,0.010143,0.540617,0.095309,0.013707,0.054713,0.010719,0.124218
0.016924,0.125557,0.158580,0.039224,0.083029,0.154318,0.125557,0.082224,0.054594,0.159993
0.016451,0.235251,0.027074,0.186936,0.018922,0.021309,0.235250,0.018296,0.213224,0.027287
0.022480,0.034651,0.184197,0.011333,0.120549,0.307211,0.034651,0.088671,0.013905,0.182351
0.001868,0.003696,0.042716,0.002237,0.037588,0.038399,0.003696,0.824774,0.002434,0.042593
0.012046,0.075696,0.105430,0.240317,0.108987,0.079077,0.075696,0.158043,0.039656,0.105052
0.011197,0.077409,0.175485,0.023230,0.106045,0.211160,0.077409,0.111727,0.031342,0.174996
0.004146,0.017533,0.141451,0.005834,0.070885,0.087313,0.017533,0.505778,0.007077,0.142450
0.006978,0.020086,0.118064,0.012714,0.070655,0.099307,0.020086,0.523716,0.012017,0.116378
0.008188,0.028962,0.188150,0.009458,0.124960,0.360406,0.028962,0.054099,0.011455,0.185360
0.045490,0.184761,0.108072,0.066139,0.076048,0.074794,0.184761,0.068631,0.082501,0.108802
0.002360,0.006779,0.035640,0.004143,0.020845,0.030155,0.006779,0.854373,0.003698,0.035227
0.009715,0.041578,0.163043,0.013028,0.114629,0.140606,0.041578,0.294187,0.019485,0.162151
0.002086,0.005261,0.046712,0.003000,0.046705,0.826732,0.005261,0.015486,0.002982,0.045776
0.010846,0.125006,0.021459,0.121650,0.014209,0.016171,0.125006,0.021328,0.522716,0.021609
0.008269,0.011488,0.249081,0.008121,0.272610,0.124231,0.011488,0.065281,0.008677,0.240754
0.004691,0.235270,0.010221,0.031373,0.005786,0.008963,0.235269,0.008778,0.449327,0.010322
0.016176,0.317039,0.027480,0.049467,0.018161,0.024477,0.317038,0.021881,0.180580,0.027701
0.011621,0.021338,0.211406,0.011165,0.275215,0.179076,0.021338,0.051399,0.012963,0.204479
0.013747,0.034695,0.237564,0.013918,0.151323,0.172802,0.034695,0.087872,0.017064,0.236320
0.013487,0.362653,0.024254,0.038704,0.014004,0.021412,0.362653,0.021330,0.116982,0.024522
0.002687,0.008789,0.223736,0.003252,0.083032,0.350662,0.008789,0.095953,0.003909,0.219190
0.038047,0.131366,0.128376,0.046494,0.114100,0.111566,0.131366,0.091623,0.077928,0.129135
0.002748,0.006922,0.092103,0.004628,0.083536,0.185862,0.006922,0.524297,0.003735,0.089246
0.010376,0.365071,0.022752,0.047169,0.013913,0.017388,0.365070,0.016284,0.118963,0.023015
0.004977,0.007429,0.140752,0.004795,0.302266,0.334453,0.007429,0.052803,0.005110,0.139987
0.002149,0.005988,0.103022,0.002901,0.108712,0.078198,0.005988,0.589842,0.002886,0.100313
0.002974,0.006271,0.048418,0.004392,0.027569,0.059383,0.006271,0.793445,0.003635,0.047640
0.000342,0.000784,0.013804,0.000359,0.010556,0.947244,0.000784,0.012246,0.000416,0.013466
0.004471,0.009540,0.132097,0.005461,0.499337,0.171264,0.009540,0.036677,0.005633,0.125981
0.034479,0.274824,0.047073,0.087303,0.032137,0.047792,0.274824,0.044622,0.109555,0.047391
0.000669,0.002178,0.026821,0.000877,0.017754,0.899340,0.002178,0.022759,0.001152,0.026273
0.006344,0.027639,0.085756,0.012753,0.028696,0.651838,0.027639,0.056517,0.015032,0.087786
0.026666,0.095953,0.169285,0.058833,0.147926,0.109383,0.095953,0.081312,0.046588,0.168101
0.036558,0.199161,0.073766,0.144056,0.050249,0.064338,0.199162,0.066617,0.091852,0.074241
0.944472,0.007942,0.006815,0.005547,0.005001,0.005403,0.007942,0.004754,0.005283,0.006843
0.016560,0.021786,0.186202,0.016156,0.309727,0.165375,0.021786,0.066555,0.016743,0.179111
0.006299,0.026910,0.247397,0.008015,0.219889,0.167033,0.026910,0.046843,0.010222,0.240482
0.027450,0.042827,0.100125,0.014860,0.051287,0.065955,0.042827,0.535863,0.016686,0.102121
0.009800,0.072195,0.044213,0.031867,0.020859,0.042720,0.072195,0.631201,0.030557,0.044392
0.021364,0.027806,0.175644,0.021885,0.293460,0.166099,0.027806,0.073674,0.022215,0.170048
0.025257,0.281065,0.042786,0.102726,0.027646,0.043597,0.281065,0.037013,0.115681,0.043164
0.003576,0.011033,0.053303,0.005662,0.034250,0.094102,0.011033,0.729105,0.005105,0.052832
0.040478,0.024308,0.219452,0.010886,0.268138,0.116704,0.024308,0.067797,0.012494,0.215435
0.005448,0.008955,0.161120,0.005983,0.323756,0.283023,0.008955,0.042703,0.006099,0.153959
0.025055,0.123082,0.032120,0.426680,0.023397,0.034042,0.123082,0.028601,0.151649,0.032291
0.013618,0.099244,0.116748,0.043321,0.071627,0.149670,0.099244,0.249147,0.041778,0.115603
0.007717,0.030921,0.124655,0.009924,0.048709,0.075761,0.030921,0.529878,0.014071,0.127444
0.006019,0.012673,0.139355,0.008409,0.099711,0.169009,0.012673,0.408954,0.008216,0.134982
0.017582,0.157127,0.163946,0.027387,0.103714,0.090111,0.157127,0.071244,0.047415,0.164347
0.004169,0.006473,0.030821,0.005461,0.021125,0.028003,0.006473,0.861664,0.005273,0.030539
0.009616,0.015143,0.163608,0.010216,0.416394,0.142113,0.015143,0.056162,0.012259,0.159345
0.025532,0.040810,0.198386,0.027906,0.227967,0.121097,0.040810,0.090656,0.030711,0.196125
0.009571,0.018413,0.181918,0.010338,0.377391,0.130478,0.018413,0.067630,0.011234,0.174614
0.013585,0.042215,0.230934,0.018254,0.189043,0.132254,0.042215,0.080873,0.022285,0.228344
0.027106,0.154894,0.149688,0.043080,0.068173,0.123231,0.154895,0.072581,0.050559,0.155791
0.017445,0.066446,0.163546,0.019972,0.071223,0.263831,0.066447,0.145416,0.022589,0.163084
0.012082,0.025343,0.141320,0.014504,0.096851,0.124036,0.025344,0.407564,0.012886,0.140070
0.011573,0.015111,0.176020,0.011268,0.310645,0.215495,0.015111,0.065664,0.011466,0.167647
0.132522,0.110433,0.116843,0.067358,0.092822,0.098937,0.110433,0.078895,0.074446,0.117310
0.995198,0.000727,0.000664,0.000364,0.000409,0.000479,0.000727,0.000376,0.000385,0.000672
0.999856,0.000019,0.000020,0.000014,0.000013,0.000014,0.000019,0.000012,0.000012,0.000020
0.084420,0.130232,0.125196,0.057416,0.091367,0.104059,0.130232,0.077147,0.073890,0.126041
0.100000,0.100000,0.100000,0.100000,0.100000,0.100000,0.100000,0.100000,0.100000,0.100000
0.114935,0.090162,0.139642,0.059976,0.107010,0.105481,0.090162,0.089021,0.063535,0.140075
0.984821,0.001718,0.001726,0.002064,0.001597,0.001552,0.001718,0.001559,0.001514,0.001731
0.961708,0.004567,0.004913,0.004577,0.003694,0.003903,0.004567,0.003530,0.003596,0.004945
0.977636,0.002411,0.002823,0.002294,0.002628,0.002434,0.002411,0.002535,0.001993,0.002834
0.968649,0.004606,0.003960,0.003009,0.002734,0.003030,0.004606,0.002676,0.002729,0.004000
0.033111,0.216118,0.061281,0.091625,0.041920,0.055666,0.216118,0.053343,0.169107,0.061711
0.006878,0.009745,0.120771,0.006536,0.279217,0.389028,0.009745,0.052358,0.006993,0.118729
0.009512,0.041067,0.181372,0.013353,0.084280,0.180342,0.041067,0.250622,0.016518,0.181867
0.019751,0.136073,0.034859,0.469445,0.022653,0.026893,0.136073,0.030329,0.088757,0.035167
0.995171,0.000535,0.000640,0.000504,0.000541,0.000508,0.000535,0.000484,0.000440,0.000642
0.999998,0.000000,0.000000,0.000000,0.000000,0.000000,0.000000,0.000000,0.000000,0.000000
0.005436,0.037766,0.134602,0.009598,0.043563,0.400426,0.037767,0.177040,0.014865,0.138935
0.026119,0.158551,0.142771,0.041659,0.102942,0.113586,0.158551,0.065828,0.048572,0.141421
0.006627,0.083755,0.008454,0.192817,0.006298,0.007021,0.083755,0.008243,0.594520,0.008510
0.008081,0.018752,0.183239,0.009121,0.250076,0.143364,0.018752,0.179347,0.010334,0.178934
0.006410,0.027009,0.183249,0.010324,0.109243,0.177820,0.027009,0.265607,0.012705,0.180623
0.033656,0.297849,0.034286,0.058428,0.021253,0.035138,0.297848,0.024098,0.162811,0.034633
0.012439,0.046590,0.184683,0.020318,0.146924,0.253621,0.046590,0.084028,0.021644,0.183164
0.015406,0.027864,0.208173,0.014038,0.250138,0.184605,0.027864,0.054914,0.016332,0.200667
0.002414,0.006267,0.063192,0.002724,0.040712,0.086858,0.006267,0.726739,0.002821,0.062006
0.003968,0.006576,0.154934,0.003740,0.522496,0.110810,0.006576,0.040519,0.004213,0.146169
0.006601,0.115711,0.008706,0.028219,0.005626,0.006946,0.115711,0.006234,0.697462,0.008783
0.002571,0.006354,0.195296,0.002816,0.127913,0.255223,0.006354,0.211680,0.003050,0.188741
0.011488,0.049013,0.142880,0.010394,0.089845,0.448581,0.049013,0.042697,0.015178,0.140913
0.003491,0.014090,0.181316,0.003749,0.128817,0.172091,0.014090,0.300323,0.004720,0.177313
0.019967,0.029952,0.178478,0.019276,0.241768,0.224517,0.029952,0.061203,0.020694,0.174192
0.018485,0.067314,0.188407,0.018045,0.060952,0.212663,0.067314,0.149300,0.021997,0.195522
0.014434,0.024073,0.155865,0.017876,0.425110,0.111014,0.024073,0.058955,0.017983,0.150618
0.014505,0.024471,0.189152,0.014006,0.171645,0.201406,0.024471,0.160441,0.016214,0.183689
0.003999,0.008601,0.176233,0.004765,0.144015,0.237614,0.008601,0.239586,0.004721,0.171865
0.004389,0.019694,0.175637,0.005964,0.110531,0.141754,0.019694,0.342255,0.007013,0.173068
0.011992,0.019170,0.163656,0.012036,0.391424,0.149521,0.019170,0.062026,0.012938,0.158067
0.011279,0.015870,0.160492,0.011296,0.366649,0.202413,0.015870,0.051461,0.011825,0.152845
0.076742,0.097741,0.149281,0.064007,0.085582,0.120202,0.097741,0.100782,0.054204,0.153719
0.004342,0.018182,0.070263,0.006757,0.031632,0.181898,0.018182,0.590422,0.007133,0.071190
0.046990,0.040712,0.168240,0.020126,0.321043,0.099513,0.040712,0.075301,0.021577,0.165787
0.000992,0.001672,0.020310,0.001068,0.021727,0.924418,0.001672,0.006769,0.001045,0.020326
0.000942,0.002941,0.018999,0.001162,0.009475,0.923115,0.002941,0.019694,0.001370,0.019363
0.020712,0.029924,0.179948,0.020979,0.214866,0.229316,0.029924,0.073954,0.021567,0.178812
0.000456,0.000897,0.012078,0.000505,0.012701,0.956937,0.000897,0.003232,0.000544,0.011753
0.003659,0.010766,0.058666,0.005171,0.026379,0.715638,0.010766,0.103150,0.005713,0.060093
0.000732,0.003258,0.019971,0.000901,0.008117,0.918825,0.003258,0.023692,0.001033,0.020215
0.014261,0.347172,0.023506,0.050850,0.012388,0.032953,0.347172,0.016111,0.131806,0.023781
0.001405,0.002632,0.026113,0.001537,0.044270,0.884135,0.002632,0.010281,0.001685,0.025308
0.017830,0.280425,0.029106,0.086503,0.021557,0.028731,0.280424,0.023966,0.202206,0.029253
0.015631,0.306857,0.040192,0.052185,0.028794,0.032259,0.306856,0.027627,0.149369,0.040229
0.000550,0.002674,0.024138,0.000787,0.010360,0.901620,0.002674,0.032602,0.000922,0.023674
0.024473,0.276023,0.067482,0.053070,0.035911,0.046941,0.276023,0.052609,0.099192,0.068274
0.021154,0.266319,0.073659,0.045630,0.041052,0.088512,0.266320,0.043582,0.079357,0.074415
0.015338,0.026027,0.207589,0.015016,0.277411,0.157381,0.026027,0.056854,0.015873,0.202485
0.008438,0.013306,0.202987,0.009605,0.321714,0.180505,0.013306,0.045443,0.009518,0.195177
0.007218,0.018854,0.081672,0.012755,0.046871,0.094790,0.018854,0.626883,0.010435,0.081666
0.007091,0.009161,0.147645,0.005828,0.345516,0.273225,0.009161,0.051557,0.006147,0.144669
0.003946,0.007768,0.067453,0.005260,0.039178,0.058496,0.007768,0.739000,0.004594,0.066538
0.027086,0.095104,0.170909,0.031992,0.108802,0.184952,0.095104,0.078216,0.037626,0.170208
0.007876,0.010372,0.128951,0.007176,0.318582,0.330032,0.010372,0.051707,0.007483,0.127449
0.017882,0.089378,0.140598,0.032497,0.052227,0.105584,0.089378,0.298907,0.031096,0.142453
0.022959,0.032731,0.182857,0.013366,0.170592,0.299826,0.032731,0.049353,0.015359,0.180225
0.007788,0.017715,0.099308,0.011263,0.072749,0.102157,0.017715,0.562429,0.010290,0.098586
0.039950,0.089551,0.196115,0.021874,0.138727,0.125409,0.089551,0.073082,0.031255,0.194486
0.004289,0.009437,0.161803,0.004819,0.337039,0.134265,0.009437,0.173610,0.005101,0.160201
0.015950,0.074689,0.159382,0.030052,0.071035,0.171611,0.074689,0.215031,0.027943,0.159618
0.007677,0.014793,0.089778,0.007894,0.035848,0.128856,0.014793,0.602748,0.007906,0.089706
0.021210,0.040537,0.166167,0.019227,0.069603,0.340855,0.040537,0.108813,0.021687,0.171364
0.006862,0.025202,0.117012,0.008445,0.038867,0.572519,0.025202,0.074039,0.012329,0.119522
0.016327,0.041825,0.200840,0.018468,0.097637,0.227313,0.041825,0.132942,0.022616,0.200206
0.019475,0.024502,0.155633,0.016981,0.398344,0.118573,0.024502,0.071437,0.016144,0.154408
0.043691,0.052756,0.182005,0.029214,0.109955,0.239539,0.052756,0.075915,0.032517,0.181653
0.004912,0.009908,0.170755,0.004624,0.453063,0.146819,0.009908,0.029532,0.004917,0.165563
0.001606,0.003889,0.039088,0.002084,0.060455,0.833378,0.003889,0.015541,0.002220,0.037850
0.033597,0.047881,0.194437,0.033946,0.150144,0.183357,0.047881,0.078896,0.036100,0.193761
0.012259,0.034992,0.246826,0.010633,0.258118,0.097574,0.034992,0.049346,0.013593,0.241669
0.002796,0.005657,0.061646,0.002818,0.046436,0.791531,0.005657,0.019326,0.002820,0.061313
0.022434,0.035225,0.192260,0.019370,0.278185,0.133408,0.035225,0.066559,0.021478,0.195856
0.007466,0.019054,0.145293,0.008571,0.094905,0.122222,0.019054,0.431592,0.007627,0.144217
0.008196,0.012211,0.164796,0.007023,0.402580,0.178494,0.012211,0.048424,0.007794,0.158270
0.007398,0.016041,0.160964,0.008917,0.074457,0.468643,0.016041,0.076159,0.007933,0.163448
0.068673,0.088433,0.135689,0.069274,0.102536,0.114019,0.088433,0.111294,0.082945,0.138703
0.018471,0.028709,0.196806,0.014837,0.318929,0.119764,0.028709,0.056909,0.016270,0.200596
0.023626,0.043949,0.175735,0.023472,0.248477,0.104711,0.043949,0.133612,0.026075,0.176395
0.004886,0.018347,0.216789,0.005898,0.120735,0.232381,0.018347,0.160168,0.007339,0.215110
0.004935,0.009739,0.054139,0.004182,0.027110,0.038301,0.009739,0.792136,0.004618,0.055101
0.017713,0.027948,0.188505,0.016382,0.322379,0.128099,0.027948,0.070291,0.015475,0.185260
0.025593,0.187881,0.126121,0.041269,0.074884,0.079957,0.187881,0.087826,0.061140,0.127447
0.025057,0.030583,0.214323,0.022272,0.191645,0.137945,0.030583,0.107814,0.022895,0.216883
0.005042,0.008537,0.156930,0.005030,0.521903,0.097016,0.008537,0.038414,0.005310,0.153281
0.015026,0.024446,0.189477,0.012295,0.374109,0.097028,0.024446,0.056583,0.013617,0.192974
0.012846,0.044681,0.080537,0.010696,0.041611,0.043183,0.044681,0.624698,0.016376,0.080691
0.023218,0.094614,0.158454,0.037042,0.067742,0.107301,0.094614,0.195490,0.057950,0.163576
0.016032,0.021204,0.168275,0.018253,0.380711,0.126885,0.021204,0.067657,0.016138,0.163641
0.003359,0.005450,0.128762,0.002981,0.597665,0.092039,0.005450,0.036183,0.003201,0.124910
0.013561,0.023095,0.228484,0.014270,0.203579,0.177849,0.023095,0.068157,0.013893,0.234018
0.007296,0.030921,0.202438,0.009266,0.382884,0.079042,0.030921,0.046809,0.012370,0.198052
0.005906,0.019417,0.100506,0.009640,0.046812,0.086756,0.019417,0.599219,0.011110,0.101217
0.013967,0.030459,0.212745,0.015488,0.244146,0.148392,0.030459,0.073707,0.016583,0.214055
0.017279,0.041463,0.218154,0.018962,0.172267,0.134599,0.041463,0.113154,0.021380,0.221279
0.004322,0.010158,0.091666,0.005067,0.150959,0.057793,0.010158,0.574343,0.005442,0.090092
0.016382,0.027330,0.085924,0.008412,0.034957,0.043970,0.027330,0.656910,0.009982,0.088803
0.025781,0.040423,0.218809,0.020481,0.124959,0.139645,0.040423,0.140067,0.023479,0.225933
0.018526,0.135579,0.106855,0.024673,0.050775,0.082205,0.135579,0.302657,0.035912,0.107239
0.045745,0.082406,0.161359,0.046945,0.111111,0.125133,0.082406,0.128355,0.051994,0.164549
0.002614,0.050339,0.004828,0.777456,0.002996,0.006105,0.050339,0.003723,0.096739,0.004860
0.005557,0.024291,0.141880,0.008104,0.077706,0.483645,0.024291,0.083173,0.011523,0.139830
0.010403,0.015822,0.213751,0.011918,0.193192,0.187903,0.015822,0.131677,0.011540,0.207971
0.043997,0.275571,0.055532,0.082305,0.026593,0.059901,0.275571,0.031236,0.092980,0.056314
0.010205,0.019099,0.093734,0.011326,0.052830,0.059434,0.019099,0.627111,0.012192,0.094970
0.006027,0.014661,0.176824,0.006924,0.333781,0.207102,0.014661,0.059900,0.008056,0.172064
0.027239,0.065575,0.028297,0.033796,0.013425,0.036149,0.065575,0.677744,0.023797,0.028403
0.019587,0.034285,0.174127,0.023260,0.145435,0.289927,0.034285,0.083557,0.025004,0.170533
0.006546,0.014856,0.123947,0.008664,0.107504,0.215794,0.014856,0.378390,0.007629,0.121813
0.010040,0.018057,0.141551,0.009650,0.517108,0.098813,0.018057,0.038587,0.010453,0.137684
0.002965,0.005885,0.066724,0.003252,0.029374,0.069231,0.005885,0.747553,0.003610,0.065521
0.011029,0.017147,0.122062,0.011352,0.523289,0.110060,0.017147,0.054961,0.012733,0.120220
0.016589,0.025833,0.182355,0.015980,0.336853,0.128217,0.025833,0.074130,0.018036,0.176175
0.009556,0.015371,0.124608,0.009781,0.565116,0.070101,0.015371,0.055991,0.011026,0.123079
0.020519,0.034551,0.164384,0.016804,0.378560,0.089979,0.034551,0.077486,0.019279,0.163886
0.132692,0.199265,0.079318,0.061592,0.054176,0.056094,0.199265,0.050041,0.087587,0.079971
0.037598,0.055131,0.176931,0.040351,0.117346,0.193612,0.055131,0.103260,0.039983,0.180657
0.014843,0.017774,0.134201,0.013197,0.519041,0.080514,0.017774,0.056146,0.013845,0.132665
0.006262,0.010076,0.127517,0.006270,0.538977,0.121365,0.010076,0.047378,0.007005,0.125073
0.023497,0.043133,0.204302,0.025148,0.163092,0.171381,0.043133,0.091523,0.026295,0.208495
0.004756,0.006299,0.050601,0.004767,0.044977,0.059187,0.006299,0.769115,0.004313,0.049685
0.013578,0.018681,0.125106,0.013766,0.539253,0.074100,0.018681,0.058348,0.014431,0.124055
0.004687,0.008216,0.040651,0.005835,0.038633,0.047868,0.008216,0.800016,0.005603,0.040275
0.005205,0.008702,0.130176,0.005177,0.588598,0.071720,0.008702,0.047823,0.005817,0.128081
0.003359,0.010927,0.054977,0.005231,0.048402,0.041912,0.010927,0.763967,0.005780,0.054518
0.002379,0.004576,0.039041,0.003362,0.042507,0.032196,0.004576,0.829476,0.003433,0.038454
0.002770,0.005425,0.055613,0.003834,0.063292,0.045462,0.005425,0.759870,0.003941,0.054368
0.101161,0.107111,0.081925,0.189332,0.069564,0.107247,0.107111,0.067958,0.086457,0.082135
0.018837,0.024534,0.141547,0.013916,0.454383,0.109849,0.024534,0.055922,0.016992,0.139488
0.016225,0.018174,0.154191,0.014077,0.460474,0.088944,0.018174,0.067015,0.013960,0.148767
0.013994,0.017927,0.184288,0.012764,0.326341,0.158596,0.017927,0.076958,0.013662,0.177543
0.012290,0.043562,0.213022,0.020933,0.207762,0.174907,0.043562,0.056258,0.019771,0.207934
0.014558,0.019082,0.159398,0.014419,0.430678,0.101017,0.019082,0.072659,0.015112,0.153994
0.001444,0.002822,0.024771,0.001780,0.011368,0.031526,0.002822,0.896685,0.001859,0.024924
0.068570,0.110613,0.078610,0.218823,0.065370,0.118870,0.110613,0.064595,0.085034,0.078903
0.037972,0.077288,0.167063,0.041559,0.161354,0.111373,0.077288,0.112093,0.046239,0.167771
0.018170,0.024652,0.136267,0.020207,0.408174,0.123780,0.024652,0.090250,0.019292,0.134556
0.007768,0.021581,0.219621,0.009397,0.206952,0.111208,0.021581,0.173395,0.010951,0.217547
0.002073,0.003622,0.146507,0.001977,0.557204,0.099016,0.003622,0.043705,0.002273,0.140001
0.049056,0.077797,0.155061,0.044815,0.172803,0.107592,0.077797,0.107005,0.054369,0.153705
0.006023,0.010257,0.132569,0.006049,0.582577,0.068349,0.010257,0.048340,0.006958,0.128621
0.006350,0.012323,0.144606,0.006971,0.172797,0.110481,0.012323,0.385528,0.007659,0.140963
0.013313,0.021994,0.122855,0.013876,0.521882,0.078523,0.021994,0.068581,0.015398,0.121586
0.015738,0.025974,0.155238,0.015995,0.445449,0.085465,0.025974,0.063089,0.017038,0.150040
0.006797,0.013779,0.083268,0.007945,0.062409,0.094554,0.013779,0.626128,0.009725,0.081616
0.000838,0.002054,0.053363,0.001010,0.029658,0.044343,0.002054,0.813826,0.000975,0.051879
0.012535,0.019964,0.142988,0.014811,0.454351,0.119561,0.019964,0.060357,0.014993,0.140477
0.000459,0.001458,0.017781,0.000611,0.010206,0.027310,0.001458,0.922535,0.000705,0.017477
0.004057,0.011093,0.138009,0.005328,0.145251,0.082946,0.011094,0.461605,0.005977,0.134640
0.000625,0.001105,0.012222,0.000702,0.008836,0.011004,0.001105,0.951685,0.000756,0.011960
0.002711,0.003885,0.094655,0.002666,0.713356,0.050476,0.003885,0.035068,0.002841,0.090459
0.002683,0.004451,0.085991,0.002737,0.742325,0.041652,0.004451,0.030717,0.002952,0.082041
0.063402,0.191424,0.075859,0.089844,0.063893,0.075443,0.191425,0.073928,0.098696,0.076085
0.005975,0.015162,0.138819,0.006397,0.129199,0.074030,0.015162,0.470755,0.007704,0.136795
0.003937,0.007356,0.038146,0.004938,0.033469,0.033943,0.007356,0.827845,0.005156,0.037853
0.024242,0.316516,0.053039,0.044475,0.027013,0.063162,0.316517,0.034785,0.066429,0.053821
0.048035,0.223915,0.079191,0.066306,0.052244,0.103447,0.223916,0.052745,0.070563,0.079639
0.040358,0.273843,0.063970,0.050305,0.040596,0.074553,0.273844,0.041425,0.076738,0.064368
0.064352,0.179068,0.095109,0.073131,0.069939,0.102998,0.179068,0.062339,0.078397,0.095599
0.042531,0.249984,0.066225,0.064529,0.045060,0.086778,0.249984,0.040633,0.087624,0.066652
0.174865,0.144745,0.047122,0.148790,0.034427,0.041219,0.144745,0.063789,0.152937,0.047361
0.003341,0.007448,0.073999,0.003774,0.054845,0.064433,0.007448,0.707533,0.004313,0.072866
0.010690,0.037425,0.102511,0.018377,0.047614,0.132382,0.037425,0.492057,0.017713,0.103806
0.055805,0.197001,0.074557,0.085219,0.056958,0.104733,0.197002,0.063567,0.090260,0.074899
0.002251,0.006446,0.087498,0.003266,0.090968,0.056896,0.006446,0.654973,0.003554,0.087702
0.046146,0.354536,0.028787,0.034624,0.017050,0.022439,0.354535,0.022074,0.090757,0.029053
0.441999,0.073667,0.079764,0.049237,0.056768,0.056185,0.073667,0.047408,0.040672,0.080633
0.020624,0.314022,0.032160,0.058008,0.020420,0.032912,0.314021,0.020326,0.155054,0.032453
0.002845,0.006526,0.060903,0.002864,0.029853,0.055653,0.006526,0.769661,0.003181,0.061987
0.041344,0.051083,0.132465,0.042865,0.310302,0.085989,0.051083,0.110336,0.043925,0.130610
0.052985,0.210871,0.055911,0.107484,0.043171,0.047176,0.210871,0.043997,0.171236,0.056298
0.023698,0.021682,0.234783,0.009844,0.227567,0.154905,0.021682,0.062887,0.011122,0.231829
0.018454,0.026257,0.183768,0.018237,0.276452,0.153220,0.026257,0.099975,0.019596,0.177784
0.070051,0.185365,0.074641,0.092564,0.062891,0.072275,0.185365,0.067379,0.114490,0.074979
0.013711,0.015170,0.115485,0.010064,0.582952,0.063119,0.015170,0.059490,0.010947,0.113891
0.279835,0.125490,0.083267,0.071728,0.054749,0.061979,0.125491,0.051889,0.061526,0.084045
0.060310,0.216105,0.081134,0.068377,0.056122,0.064335,0.216106,0.055105,0.100389,0.082016
0.015106,0.021691,0.129598,0.015052,0.467917,0.107399,0.021691,0.077341,0.016176,0.128029
0.057951,0.173251,0.084675,0.074106,0.070761,0.090911,0.173251,0.098114,0.092001,0.084978
0.016849,0.028044,0.199630,0.016991,0.270580,0.147036,0.028044,0.074427,0.018190,0.200209
0.012119,0.023029,0.114003,0.012763,0.548023,0.062883,0.023029,0.077042,0.014825,0.112284
0.019021,0.023655,0.153302,0.019423,0.392835,0.107691,0.023655,0.091846,0.020034,0.148537
0.005849,0.011913,0.252377,0.005744,0.186508,0.178342,0.011913,0.080933,0.006539,0.259881
0.055361,0.183359,0.115671,0.046050,0.068278,0.084686,0.183360,0.079601,0.067105,0.116529
0.014821,0.028627,0.107346,0.014292,0.061460,0.190581,0.028627,0.430179,0.017037,0.107030
0.023300,0.038566,0.180554,0.028721,0.228042,0.163422,0.038566,0.092334,0.027219,0.179276
0.003564,0.006005,0.111701,0.003980,0.637617,0.065606,0.006005,0.053090,0.004137,0.108296
0.026219,0.055854,0.236852,0.027680,0.141026,0.104015,0.055854,0.084424,0.029849,0.238228
0.004610,0.007577,0.153625,0.004866,0.506013,0.071402,0.007577,0.086025,0.005083,0.153219
0.006493,0.009442,0.154766,0.007297,0.226724,0.232395,0.009442,0.196273,0.006637,0.150532
0.035252,0.087632,0.156970,0.040743,0.161285,0.121553,0.087632,0.110584,0.041902,0.156447
0.021171,0.296238,0.046834,0.048264,0.031091,0.033582,0.296238,0.029216,0.150040,0.047325
0.101161,0.107111,0.081925,0.189332,0.069564,0.107247,0.107111,0.067958,0.086457,0.082135
0.064082,0.156484,0.046310,0.292739,0.028725,0.035149,0.156484,0.035998,0.137320,0.046710
0.203796,0.187400,0.056991,0.072382,0.037119,0.053061,0.187401,0.065828,0.078664,0.057357
0.068570,0.110613,0.078610,0.218823,0.065370,0.118870,0.110613,0.064595,0.085034,0.078903
0.050011,0.184830,0.099766,0.079628,0.076349,0.073537,0.184830,0.069782,0.080842,0.100424
0.021635,0.085516,0.025426,0.055127,0.021774,0.022397,0.085516,0.023219,0.633878,0.025510
0.034390,0.072832,0.042241,0.076634,0.037662,0.037292,0.072832,0.060907,0.522893,0.042319
0.006477,0.023846,0.007074,0.032173,0.006352,0.007293,0.023846,0.006637,0.879217,0.007085
0.037168,0.130832,0.129313,0.099333,0.085516,0.092638,0.130833,0.105663,0.058268,0.130437
0.012502,0.036919,0.012011,0.045864,0.009520,0.010410,0.036919,0.012306,0.811494,0.012055
0.094621,0.061700,0.053324,0.471982,0.042415,0.041945,0.061700,0.054370,0.064408,0.053535
0.003320,0.006070,0.003012,0.963082,0.002528,0.002647,0.006070,0.002643,0.007604,0.003022
0.008791,0.023226,0.009304,0.030117,0.008584,0.008542,0.023226,0.008838,0.870059,0.009312
0.013689,0.024684,0.015472,0.837859,0.013321,0.013326,0.024684,0.013680,0.027780,0.015504
0.009569,0.013797,0.010196,0.894345,0.009585,0.009487,0.013797,0.010162,0.018861,0.010202
0.018262,0.047013,0.023763,0.751469,0.018638,0.018965,0.047013,0.017234,0.033757,0.023886
0.010537,0.042446,0.012429,0.083504,0.010691,0.010092,0.042446,0.012281,0.763112,0.012462
0.022176,0.047415,0.032889,0.661069,0.028644,0.027653,0.047415,0.046766,0.052997,0.032976
0.002284,0.005409,0.002602,0.969691,0.002091,0.002258,0.005409,0.002339,0.005303,0.002613
0.009243,0.014692,0.011668,0.888561,0.010797,0.010676,0.014692,0.011160,0.016837,0.011672
0.039333,0.098949,0.035719,0.098546,0.031391,0.032633,0.098949,0.034468,0.494194,0.035819
0.042561,0.031855,0.025874,0.728167,0.022452,0.022911,0.031855,0.023789,0.044594,0.025942
0.006136,0.047643,0.009968,0.808452,0.007947,0.009029,0.047643,0.009141,0.044033,0.010009
0.016104,0.008642,0.006547,0.921705,0.005485,0.005478,0.008642,0.009250,0.011584,0.006565
0.008378,0.003126,0.001976,0.972060,0.001779,0.001866,0.003126,0.001781,0.003928,0.001981
0.004850,0.007379,0.004566,0.949372,0.003725,0.005370,0.007379,0.003942,0.008836,0.004582
0.033606,0.057347,0.042754,0.621357,0.035418,0.032055,0.057347,0.029527,0.047753,0.042836
0.003207,0.005698,0.002634,0.967025,0.002082,0.002406,0.005698,0.002341,0.006265,0.002645
0.015392,0.070922,0.018310,0.084075,0.015194,0.016085,0.070922,0.016156,0.674573,0.018371
0.070967,0.074400,0.072182,0.290336,0.059999,0.063079,0.074400,0.150147,0.072088,0.072401
0.010797,0.163754,0.018880,0.050896,0.012426,0.013997,0.163753,0.012562,0.533877,0.019058
0.017534,0.009037,0.006942,0.917042,0.005799,0.005787,0.009037,0.009915,0.011946,0.006961
0.153384,0.083457,0.073941,0.238166,0.061221,0.061847,0.083458,0.090707,0.079657,0.074161
0.034157,0.034424,0.037039,0.671466,0.036211,0.038614,0.034424,0.038144,0.038539,0.036983
0.037807,0.129771,0.065426,0.299392,0.048569,0.076051,0.129771,0.051045,0.096276,0.065891
0.003325,0.006032,0.002765,0.964630,0.002285,0.002591,0.006032,0.002779,0.006785,0.002775
0.045363,0.063737,0.053049,0.561732,0.039842,0.037445,0.063737,0.032739,0.049074,0.053282
0.003210,0.050952,0.003611,0.084514,0.002553,0.002989,0.050952,0.002740,0.794843,0.003636
0.005423,0.166862,0.013866,0.044171,0.007506,0.009372,0.166862,0.009906,0.562010,0.014022
0.078758,0.118375,0.078487,0.182690,0.070763,0.072357,0.118375,0.073047,0.128549,0.078598
0.027161,0.244478,0.038156,0.207373,0.025746,0.029365,0.244478,0.027605,0.117147,0.038491
0.068630,0.155545,0.086001,0.068960,0.062192,0.064864,0.155545,0.058186,0.193425,0.086653
0.183518,0.125355,0.109464,0.065874,0.069582,0.089133,0.125355,0.065137,0.056118,0.110464
0.032343,0.090694,0.021440,0.080758,0.014454,0.016806,0.090694,0.016877,0.614311,0.021621
0.012667,0.342233,0.041915,0.034836,0.022790,0.038814,0.342233,0.026458,0.095519,0.042535
0.099969,0.056864,0.207421,0.023086,0.119302,0.105760,0.056864,0.089799,0.027560,0.213374
0.009142,0.263380,0.014738,0.063293,0.009921,0.012325,0.263380,0.018153,0.330836,0.014832
0.026506,0.141045,0.046195,0.373502,0.036977,0.043008,0.141045,0.037274,0.108137,0.046309
0.004461,0.013734,0.183023,0.006107,0.387010,0.165907,0.013734,0.039537,0.007024,0.179465
0.062319,0.071070,0.196151,0.035977,0.109953,0.134704,0.071070,0.077662,0.039275,0.201819
0.437407,0.096982,0.040725,0.064357,0.027469,0.039299,0.096982,0.028508,0.127173,0.041098
0.002241,0.020183,0.001383,0.641803,0.000847,0.001022,0.020183,0.001026,0.309915,0.001396
0.085983,0.132091,0.100032,0.092020,0.084421,0.090911,0.132091,0.087688,0.094115,0.100650
0.007860,0.023441,0.213753,0.006747,0.106293,0.172336,0.023441,0.225524,0.008651,0.211955
0.027728,0.096533,0.017830,0.082519,0.012993,0.014220,0.096532,0.013171,0.620514,0.017958
0.086061,0.133176,0.095899,0.098742,0.081642,0.087304,0.133176,0.087355,0.100223,0.096422
0.068673,0.139641,0.116999,0.088224,0.085151,0.082066,0.139641,0.079648,0.082025,0.117930
0.059287,0.162787,0.104485,0.076500,0.081849,0.083859,0.162787,0.075380,0.087818,0.105248
0.079532,0.154035,0.089972,0.096726,0.074525,0.079821,0.154036,0.078977,0.101868,0.090509
0.237900,0.085429,0.096970,0.078471,0.075711,0.086802,0.085429,0.084393,0.071359,0.097537
0.415710,0.077259,0.070219,0.072933,0.048049,0.057613,0.077259,0.052677,0.057429,0.070853
0.990483,0.001255,0.001396,0.000759,0.000999,0.000951,0.001255,0.000798,0.000698,0.001406
0.790334,0.027111,0.026150,0.021031,0.019751,0.021198,0.027111,0.019671,0.021250,0.026393
0.005577,0.009958,0.172565,0.005312,0.175925,0.179795,0.009958,0.266619,0.005585,0.168707
0.627428,0.076160,0.035909,0.032007,0.025775,0.027956,0.076160,0.025610,0.036729,0.036268
0.016188,0.011022,0.162490,0.006821,0.521653,0.073755,0.011022,0.031013,0.006706,0.159330
0.102614,0.013540,0.265464,0.007524,0.109315,0.140130,0.013540,0.063630,0.007784,0.276460
0.027881,0.036387,0.242726,0.019107,0.176976,0.120991,0.036388,0.073700,0.020822,0.245024
0.005292,0.014638,0.256309,0.005637,0.140597,0.238062,0.014638,0.056405,0.006665,0.261756
0.049949,0.193158,0.082383,0.093247,0.064026,0.067110,0.193159,0.061293,0.112867,0.082808
0.061243,0.027513,0.183411,0.019121,0.283488,0.133003,0.027513,0.063975,0.019387,0.181346
0.034814,0.012551,0.205237,0.008344,0.248732,0.223312,0.012551,0.046065,0.008528,0.199866
0.009871,0.021223,0.282713,0.010954,0.169055,0.126324,0.021223,0.057196,0.011641,0.289799
0.012847,0.019361,0.257925,0.009265,0.165337,0.194332,0.019361,0.039924,0.009961,0.271688
0.012895,0.158439,0.021436,0.510032,0.014253,0.016056,0.158439,0.016314,0.070525,0.021614
0.007315,0.016370,0.244653,0.007810,0.254129,0.146041,0.016370,0.047810,0.008636,0.250867
0.010590,0.018448,0.268598,0.007079,0.209248,0.156678,0.018448,0.037853,0.008203,0.264855
0.027223,0.047265,0.265600,0.021996,0.064094,0.150744,0.047265,0.081452,0.019092,0.275270
0.029474,0.036224,0.254748,0.022001,0.089200,0.140232,0.036224,0.108847,0.022947,0.260104
0.020062,0.015224,0.266465,0.006153,0.120683,0.226000,0.015224,0.055681,0.007271,0.267238
0.028322,0.140517,0.131929,0.080065,0.097738,0.098110,0.140517,0.077714,0.071995,0.133092
0.019663,0.029099,0.242322,0.016604,0.076107,0.243958,0.029099,0.070147,0.017836,0.255165
0.040092,0.102117,0.148160,0.083685,0.124544,0.102039,0.102117,0.088952,0.057439,0.150856
0.069826,0.082206,0.188583,0.032935,0.077797,0.137920,0.082206,0.084035,0.050221,0.194272
0.002395,0.009877,0.258410,0.002966,0.064063,0.116942,0.009877,0.256972,0.003920,0.274578
0.010131,0.018988,0.256585,0.010172,0.202205,0.163386,0.018988,0.056125,0.010939,0.252482
0.008537,0.012730,0.249109,0.007377,0.244752,0.178054,0.012730,0.031605,0.006931,0.248174
0.015848,0.260475,0.103549,0.032105,0.049443,0.077712,0.260475,0.037577,0.058062,0.104753
0.031261,0.039664,0.190095,0.031639,0.196787,0.148390,0.039664,0.102787,0.032442,0.187270
0.006794,0.022784,0.218940,0.010315,0.164631,0.200007,0.022784,0.129182,0.010474,0.214089
0.110110,0.033883,0.209193,0.021965,0.161263,0.144354,0.033883,0.055655,0.020826,0.208868
0.001108,0.015442,0.001926,0.873333,0.001348,0.001451,0.015442,0.001440,0.086572,0.001938
0.001330,0.027596,0.002207,0.013745,0.001486,0.002008,0.027596,0.001920,0.919893,0.002218
0.005203,0.015532,0.189779,0.005916,0.088805,0.097630,0.015532,0.385633,0.007089,0.188880
0.029967,0.044160,0.217737,0.021690,0.190837,0.130709,0.044160,0.082491,0.023159,0.215090
0.042929,0.229509,0.064915,0.088985,0.044696,0.051486,0.229509,0.053136,0.129328,0.065506
0.006562,0.099823,0.012570,0.683593,0.008107,0.010028,0.099823,0.009298,0.057530,0.012667
0.088035,0.086061,0.125028,0.075683,0.115859,0.119897,0.086061,0.101598,0.077005,0.124772
0.023380,0.187951,0.035745,0.268971,0.023560,0.028968,0.187951,0.027618,0.179796,0.036061
0.041501,0.068552,0.016561,0.701997,0.011186,0.013756,0.068552,0.015116,0.046100,0.016677
0.036862,0.228696,0.052702,0.171426,0.033920,0.040604,0.228696,0.041928,0.112026,0.053139
0.002584,0.006667,0.152648,0.003368,0.470374,0.183171,0.006667,0.022576,0.003523,0.148421
0.010800,0.050239,0.013862,0.773463,0.010368,0.011446,0.050239,0.011018,0.054616,0.013950
0.032844,0.295515,0.040796,0.063056,0.026009,0.031474,0.295515,0.028540,0.145041,0.041212
0.105664,0.126315,0.109210,0.074090,0.087268,0.094286,0.126315,0.079479,0.087510,0.109864
0.011623,0.177520,0.019416,0.033299,0.011697,0.014885,0.177520,0.012277,0.522146,0.019618
0.036786,0.028709,0.211647,0.026711,0.237610,0.142886,0.028709,0.054458,0.019653,0.212832
0.044094,0.079104,0.195871,0.022267,0.106131,0.186224,0.079104,0.063796,0.028801,0.194606
0.066564,0.089820,0.209413,0.029367,0.078696,0.115525,0.089820,0.071668,0.030783,0.218344
0.008841,0.054549,0.249045,0.013964,0.082945,0.138467,0.054549,0.118490,0.017848,0.261303
0.007232,0.018608,0.246404,0.008531,0.225673,0.167448,0.018608,0.046042,0.008599,0.252855
0.017834,0.024399,0.264201,0.016124,0.132978,0.116490,0.024399,0.116039,0.014646,0.272890
0.009696,0.015161,0.215218,0.008271,0.311589,0.142846,0.015161,0.051185,0.009382,0.221492
0.091622,0.045859,0.233034,0.031317,0.080887,0.115121,0.045859,0.093379,0.022056,0.240866
0.030074,0.155314,0.169704,0.036163,0.068296,0.096156,0.155315,0.068602,0.044331,0.176044
0.032430,0.038169,0.262901,0.021404,0.095303,0.145550,0.038169,0.064851,0.023858,0.277364
0.033013,0.040721,0.222303,0.021665,0.221830,0.120090,0.040721,0.053941,0.024422,0.221294
0.012789,0.029343,0.247334,0.013433,0.187872,0.148380,0.029343,0.066027,0.014098,0.251382
0.004662,0.012868,0.220295,0.005478,0.080348,0.095584,0.012868,0.329844,0.006531,0.231524
0.006038,0.229745,0.010509,0.239463,0.006144,0.009571,0.229744,0.007611,0.250554,0.010621
0.009498,0.076404,0.204759,0.019219,0.109060,0.219132,0.076404,0.048021,0.027135,0.210367
0.016341,0.043820,0.189966,0.017703,0.300720,0.127717,0.043820,0.052603,0.020392,0.186918
0.010337,0.028568,0.216346,0.011152,0.250688,0.177888,0.028568,0.052260,0.012851,0.211342
0.008103,0.031807,0.217842,0.008856,0.075914,0.133101,0.031807,0.254822,0.011902,0.225847
0.003524,0.005778,0.100240,0.002896,0.722937,0.043951,0.005778,0.015813,0.003217,0.095865
0.099330,0.046680,0.245513,0.020051,0.096115,0.107306,0.046680,0.069993,0.021539,0.246794
0.003638,0.011450,0.171014,0.004985,0.068333,0.076494,0.011450,0.469910,0.006055,0.176669
0.014984,0.022353,0.248090,0.011332,0.199847,0.151567,0.022353,0.070358,0.013868,0.245246
0.055223,0.046290,0.169059,0.032136,0.263708,0.118821,0.046290,0.067047,0.032591,0.168834
0.011011,0.020854,0.322610,0.006975,0.108059,0.121853,0.020854,0.033695,0.007592,0.346499
0.194571,0.022655,0.201839,0.015404,0.126304,0.152912,0.022655,0.042465,0.014980,0.206213
0.018198,0.031232,0.237228,0.014305,0.171369,0.195432,0.031232,0.042941,0.013772,0.244292
0.005082,0.008731,0.134881,0.004473,0.090108,0.119236,0.008731,0.491551,0.004895,0.132311
0.021078,0.023181,0.227466,0.015623,0.268198,0.117900,0.023181,0.063232,0.016248,0.223894
0.015916,0.019091,0.227983,0.005966,0.138833,0.156645,0.019091,0.183895,0.006345,0.226236
0.025595,0.107421,0.124967,0.111517,0.130753,0.101858,0.107421,0.082944,0.083078,0.124446
0.098421,0.058535,0.226370,0.025733,0.071516,0.105673,0.058535,0.090886,0.030944,0.233387
0.183518,0.125355,0.109464,0.065874,0.069582,0.089133,0.125355,0.065137,0.056118,0.110464
0.015836,0.022904,0.200150,0.016224,0.322930,0.103798,0.022904,0.079693,0.015875,0.199686
0.109394,0.040555,0.217692,0.022826,0.137557,0.136115,0.040555,0.055951,0.021022,0.218332
0.113487,0.035570,0.214141,0.024596,0.155288,0.135296,0.035570,0.049682,0.021513,0.214857
0.007637,0.012655,0.085990,0.010253,0.042612,0.100406,0.012655,0.633552,0.008266,0.085974
0.021098,0.181914,0.139820,0.042135,0.082288,0.097384,0.181914,0.047385,0.065183,0.140879
0.007943,0.024659,0.250865,0.009087,0.192859,0.172608,0.024659,0.059443,0.011561,0.246316
0.006112,0.164501,0.013078,0.278151,0.008824,0.009522,0.164501,0.009087,0.333055,0.013169
0.015875,0.024157,0.225214,0.014375,0.127431,0.242198,0.024157,0.079349,0.015757,0.231486
0.017380,0.263535,0.076814,0.059850,0.049677,0.050761,0.263535,0.041049,0.100415,0.076986
0.012653,0.308841,0.024237,0.081537,0.016025,0.017718,0.308840,0.019452,0.186270,0.024427
0.036832,0.097575,0.145505,0.068289,0.131241,0.114936,0.097575,0.098774,0.062864,0.146409
0.285399,0.082123,0.117129,0.032719,0.079895,0.110041,0.082124,0.057610,0.037070,0.115890
0.951142,0.004995,0.006090,0.006147,0.005683,0.005517,0.004995,0.004617,0.004727,0.006087
0.014845,0.042432,0.223681,0.018868,0.212123,0.125641,0.042432,0.077641,0.022975,0.219362
0.012544,0.018395,0.247856,0.009392,0.235645,0.160616,0.018395,0.042763,0.010089,0.244306
0.025655,0.325202,0.043838,0.044894,0.023533,0.036741,0.325201,0.024732,0.106022,0.044182
0.032692,0.222561,0.105013,0.053114,0.056824,0.061243,0.222561,0.050965,0.088562,0.106464
0.010209,0.029252,0.192435,0.010506,0.204094,0.260626,0.029252,0.058798,0.014021,0.190807
0.019342,0.129073,0.159119,0.049436,0.076176,0.151044,0.129074,0.076940,0.045419,0.164377
0.066683,0.179661,0.094366,0.073081,0.065845,0.065545,0.179661,0.055268,0.124555,0.095334
0.008366,0.022764,0.223646,0.010932,0.272665,0.131648,0.022764,0.069938,0.010695,0.226583
0.818414,0.025839,0.017049,0.026388,0.015277,0.015891,0.025839,0.016185,0.022033,0.017084
0.213059,0.112466,0.106638,0.063696,0.072244,0.101524,0.112466,0.059959,0.050754,0.107196
0.044742,0.147575,0.131941,0.064223,0.110606,0.086270,0.147575,0.062903,0.071197,0.132969
0.022695,0.141308,0.164794,0.024592,0.115609,0.102525,0.141308,0.080520,0.042123,0.164527
0.033045,0.024149,0.230555,0.012069,0.161469,0.145580,0.024149,0.123239,0.014125,0.231620
0.026287,0.278381,0.073872,0.041238,0.039521,0.071864,0.278381,0.045454,0.070123,0.074880
0.034425,0.198233,0.117697,0.042020,0.086379,0.086782,0.198233,0.051366,0.066459,0.118405
0.045995,0.140142,0.132028,0.067663,0.105410,0.084162,0.140142,0.081459,0.069835,0.133163
0.216813,0.134857,0.096777,0.064525,0.068896,0.067016,0.134857,0.061633,0.057136,0.097490
0.028385,0.094517,0.155803,0.050387,0.184965,0.118074,0.094518,0.076754,0.041075,0.155522
0.033348,0.257231,0.085714,0.048390,0.055705,0.055798,0.257231,0.051303,0.068521,0.086759
0.039290,0.119648,0.164510,0.056581,0.108408,0.097326,0.119648,0.070240,0.058179,0.166170
0.020848,0.233317,0.117721,0.036507,0.056616,0.088177,0.233318,0.046791,0.046766,0.119939
0.039120,0.035288,0.220859,0.025815,0.165441,0.159958,0.035288,0.069671,0.026451,0.222110
0.057979,0.036183,0.258288,0.015523,0.096205,0.135863,0.036183,0.084801,0.018731,0.260245
0.032475,0.036622,0.239314,0.024899,0.151065,0.131019,0.036622,0.071084,0.027987,0.248913
0.050593,0.075468,0.183014,0.070076,0.121813,0.113073,0.075468,0.075780,0.050495,0.184221
0.086189,0.091254,0.206380,0.034184,0.063861,0.113909,0.091254,0.058486,0.036927,0.217556
0.045794,0.073373,0.192934,0.072134,0.092476,0.132640,0.073373,0.072394,0.044877,0.200006
0.012407,0.017032,0.238685,0.014752,0.266483,0.129201,0.017032,0.047653,0.010776,0.245981
0.022914,0.095152,0.171545,0.036644,0.129637,0.155641,0.095152,0.077486,0.042815,0.173015
0.093639,0.061587,0.205558,0.030834,0.080164,0.121259,0.061587,0.097203,0.033859,0.214311
0.013383,0.035330,0.007587,0.842137,0.005023,0.007004,0.035330,0.005447,0.041098,0.007660
0.931430,0.006541,0.011013,0.008245,0.006932,0.007599,0.006541,0.005675,0.004885,0.011138
0.052463,0.056298,0.202654,0.027418,0.077396,0.195959,0.056298,0.088832,0.032854,0.209828
0.067645,0.116909,0.201455,0.023910,0.055357,0.120772,0.116909,0.051821,0.034014,0.211207
0.000103,0.000574,0.000157,0.997275,0.000123,0.000149,0.000574,0.000126,0.000763,0.000157
0.004997,0.008057,0.254586,0.003864,0.283299,0.148922,0.008057,0.034361,0.004447,0.249409
0.009630,0.024418,0.138270,0.012774,0.048520,0.098796,0.024418,0.489890,0.011807,0.141478
0.021432,0.032051,0.224035,0.015869,0.230389,0.127898,0.032051,0.071169,0.017441,0.227663
0.034697,0.164335,0.097222,0.164051,0.063386,0.070883,0.164336,0.066722,0.076164,0.098205
0.002411,0.004215,0.113935,0.002603,0.686467,0.053041,0.004215,0.021004,0.002747,0.109363
0.054801,0.214699,0.082449,0.066808,0.049830,0.077145,0.214700,0.060669,0.095645,0.083255
0.031035,0.375960,0.031530,0.037617,0.015608,0.021306,0.375961,0.017120,0.061903,0.031960
0.004660,0.008671,0.224927,0.004399,0.107461,0.219662,0.008671,0.186294,0.005014,0.230241
0.010435,0.024463,0.282607,0.010831,0.120475,0.158494,0.024463,0.058972,0.010783,0.298477
0.053807,0.205165,0.078325,0.074829,0.052481,0.060367,0.205166,0.053589,0.136845,0.079427
0.816912,0.033112,0.019142,0.018067,0.012841,0.014752,0.033113,0.014901,0.017879,0.019280
0.030520,0.042453,0.199192,0.015458,0.271170,0.102069,0.042453,0.077803,0.020837,0.198047
0.007578,0.013884,0.209244,0.008227,0.322258,0.113303,0.013884,0.098821,0.008212,0.204588
0.012448,0.017768,0.190397,0.010116,0.269264,0.218451,0.017768,0.065383,0.011757,0.186649
0.340349,0.038439,0.151812,0.018428,0.057693,0.089177,0.038439,0.094523,0.017506,0.153634
0.007711,0.016933,0.115933,0.008553,0.047998,0.096186,0.016933,0.561457,0.010120,0.118177
0.010722,0.033620,0.206422,0.013819,0.230127,0.119334,0.033620,0.133999,0.016896,0.201439
0.017722,0.028393,0.261197,0.015029,0.137627,0.127073,0.028393,0.096309,0.016565,0.271692
0.112412,0.086240,0.126305,0.070750,0.121870,0.106670,0.086240,0.094503,0.068797,0.126212
0.013953,0.013240,0.287014,0.007458,0.157884,0.135232,0.013240,0.081425,0.007965,0.282588
0.001415,0.002543,0.090611,0.001388,0.740728,0.057794,0.002543,0.014904,0.001579,0.086495
0.009676,0.014983,0.203352,0.009252,0.350886,0.128376,0.014983,0.060960,0.010117,0.197415
0.012964,0.016662,0.153550,0.012822,0.378868,0.183928,0.016662,0.063317,0.013292,0.147934
0.028829,0.071021,0.170313,0.035094,0.175201,0.117411,0.071021,0.119264,0.042361,0.169486
0.002887,0.006250,0.113430,0.002977,0.679754,0.054225,0.006250,0.020268,0.003793,0.110167
0.018572,0.035341,0.191416,0.015901,0.237985,0.155805,0.035341,0.099894,0.018391,0.191354
0.006755,0.010074,0.141701,0.005992,0.572399,0.081548,0.010074,0.027955,0.006156,0.137345
0.025320,0.042774,0.167494,0.040887,0.200615,0.151293,0.042774,0.132428,0.031284,0.165131
0.006408,0.014024,0.134966,0.007804,0.150272,0.213168,0.014024,0.319339,0.008325,0.131669
0.021134,0.105383,0.153582,0.030650,0.139545,0.172435,0.105384,0.077371,0.041018,0.153498
0.040499,0.057957,0.192030,0.031561,0.186676,0.139819,0.057957,0.068975,0.033573,0.190950
0.010444,0.023638,0.230328,0.010602,0.168967,0.194866,0.023638,0.098918,0.012622,0.225976
0.063917,0.080665,0.147726,0.069650,0.141332,0.117317,0.080665,0.086665,0.064342,0.147721
0.054629,0.038132,0.182549,0.026221,0.220731,0.155698,0.038132,0.077809,0.026290,0.179809
0.019328,0.062295,0.189373,0.025134,0.091150,0.192847,0.062295,0.132556,0.032020,0.193001
0.031503,0.047783,0.163557,0.024550,0.189533,0.221137,0.047783,0.086190,0.026999,0.160965
0.041556,0.048124,0.181818,0.033372,0.202023,0.111989,0.048124,0.118972,0.032483,0.181540
0.004184,0.010513,0.148318,0.005169,0.148481,0.094387,0.010513,0.426332,0.006335,0.145767
0.007801,0.025043,0.152051,0.009600,0.208843,0.106098,0.025043,0.302745,0.012925,0.149851
0.025389,0.054397,0.222815,0.031303,0.131813,0.117756,0.054397,0.104422,0.036119,0.221588
0.018853,0.029416,0.194024,0.019468,0.310366,0.116222,0.029416,0.058658,0.022833,0.200744
0.023179,0.043441,0.237236,0.027899,0.138189,0.115593,0.043441,0.103744,0.032401,0.234877
0.057475,0.087959,0.190796,0.023156,0.116014,0.115076,0.087960,0.105328,0.028044,0.188191
0.025750,0.045774,0.229656,0.028210,0.143698,0.118650,0.045774,0.102517,0.031921,0.228049
0.007329,0.051129,0.162319,0.013347,0.384763,0.105286,0.051129,0.045120,0.019449,0.160129
0.009882,0.135442,0.129011,0.030283,0.048648,0.095677,0.135443,0.246658,0.039276,0.129680
0.020314,0.043210,0.241503,0.017306,0.137830,0.134611,0.043210,0.092880,0.020101,0.249036
0.004769,0.014061,0.145892,0.006578,0.068802,0.488870,0.014061,0.106790,0.006629,0.143549
0.028881,0.056785,0.186520,0.032646,0.179941,0.141782,0.056786,0.094086,0.034192,0.188380
0.006897,0.019927,0.098282,0.009746,0.052462,0.079316,0.019927,0.604551,0.010461,0.098429
0.002349,0.013569,0.022204,0.005452,0.009202,0.017651,0.013569,0.886830,0.006912,0.022261
0.023142,0.076465,0.172208,0.028651,0.163349,0.099231,0.076465,0.143055,0.043315,0.174119
0.020535,0.053463,0.189854,0.025701,0.108011,0.228324,0.053463,0.103128,0.029255,0.188265
0.003907,0.010598,0.153170,0.004750,0.039505,0.476629,0.010598,0.136749,0.005264,0.158830
0.010399,0.044335,0.113758,0.013329,0.070626,0.086503,0.044335,0.488144,0.015106,0.113464
0.020954,0.066005,0.180684,0.024389,0.222917,0.115657,0.066005,0.089379,0.028747,0.185262
0.001979,0.004127,0.046161,0.002327,0.049398,0.042848,0.004127,0.800977,0.002658,0.045398
0.027450,0.042827,0.100125,0.014860,0.051287,0.065955,0.042827,0.535863,0.016686,0.102121
0.015152,0.023373,0.220510,0.013237,0.297040,0.119691,0.023373,0.047569,0.013019,0.227035
0.016845,0.069015,0.158433,0.034867,0.188417,0.097563,0.069015,0.139252,0.070376,0.156216
0.035474,0.116868,0.135205,0.047757,0.097464,0.135757,0.116868,0.078298,0.100010,0.136299
0.013747,0.034695,0.237564,0.013918,0.151323,0.172802,0.034695,0.087872,0.017064,0.236320
0.021143,0.306789,0.041115,0.099951,0.023262,0.028861,0.306789,0.025778,0.104834,0.041478
0.013804,0.052583,0.203720,0.017881,0.113113,0.177317,0.052583,0.142763,0.023585,0.202651
0.025532,0.040810,0.198386,0.027906,0.227967,0.121097,0.040810,0.090656,0.030711,0.196125
0.026552,0.146147,0.158845,0.036160,0.067909,0.125772,0.146147,0.080072,0.049205,0.163191
0.023998,0.050363,0.238348,0.012636,0.173424,0.096752,0.050363,0.098422,0.016794,0.238901
0.007717,0.030921,0.124655,0.009924,0.048709,0.075761,0.030921,0.529878,0.014071,0.127444
0.024912,0.052347,0.191493,0.023466,0.244325,0.125845,0.052347,0.070415,0.025709,0.189140
0.028501,0.056380,0.198145,0.025469,0.172896,0.131499,0.056380,0.102008,0.028092,0.200629
0.014198,0.017400,0.228295,0.011518,0.232066,0.161656,0.017400,0.081445,0.012339,0.223683
0.026959,0.040342,0.214478,0.020850,0.226098,0.119070,0.040342,0.072896,0.024708,0.214256
0.020092,0.046088,0.222278,0.019533,0.142305,0.159461,0.046088,0.098193,0.022326,0.223636
0.005634,0.008129,0.154368,0.004868,0.487263,0.122833,0.008129,0.054143,0.005023,0.149612
0.012966,0.072628,0.210831,0.016874,0.187245,0.129873,0.072628,0.059969,0.028733,0.208254
0.031695,0.043713,0.169095,0.030514,0.252533,0.128904,0.043713,0.098949,0.032616,0.168266
0.055799,0.058778,0.179422,0.024338,0.184080,0.121462,0.058778,0.109604,0.029753,0.177987
0.005925,0.008379,0.131024,0.005165,0.124568,0.202162,0.008379,0.381171,0.005477,0.127749
0.015819,0.051915,0.207842,0.014497,0.183520,0.122596,0.051915,0.124840,0.020296,0.206760
0.013852,0.022572,0.269707,0.009778,0.097097,0.204305,0.022572,0.061119,0.011555,0.287443
0.042510,0.042077,0.184576,0.022817,0.205978,0.175956,0.042077,0.074853,0.025217,0.183938
0.012259,0.034992,0.246826,0.010633,0.258118,0.097574,0.034992,0.049346,0.013593,0.241669
0.068673,0.088433,0.135689,0.069274,0.102536,0.114019,0.088433,0.111294,0.082945,0.138703
0.004935,0.009739,0.054139,0.004182,0.027110,0.038301,0.009739,0.792136,0.004618,0.055101
0.011256,0.057253,0.108207,0.017682,0.056717,0.104076,0.057253,0.453474,0.026110,0.107970
0.025057,0.030583,0.214323,0.022272,0.191645,0.137945,0.030583,0.107814,0.022895,0.216883
0.017713,0.027948,0.188505,0.016382,0.322379,0.128099,0.027948,0.070291,0.015475,0.185260
0.018471,0.028709,0.196806,0.014837,0.318929,0.119764,0.028709,0.056909,0.016270,0.200596
0.025593,0.187881,0.126121,0.041269,0.074884,0.079957,0.187881,0.087826,0.061140,0.127447
0.015026,0.024446,0.189477,0.012295,0.374109,0.097028,0.024446,0.056583,0.013617,0.192974
0.004886,0.018347,0.216789,0.005898,0.120735,0.232381,0.018347,0.160168,0.007339,0.215110
0.023218,0.094614,0.158454,0.037042,0.067742,0.107301,0.094614,0.195490,0.057950,0.163576
0.022434,0.035225,0.192260,0.019370,0.278185,0.133408,0.035225,0.066559,0.021478,0.195856
0.016032,0.021204,0.168275,0.018253,0.380711,0.126885,0.021204,0.067657,0.016138,0.163641
0.016382,0.027330,0.085924,0.008412,0.034957,0.043970,0.027330,0.656910,0.009982,0.088803
0.023626,0.043949,0.175735,0.023472,0.248477,0.104711,0.043949,0.133612,0.026075,0.176395
0.005042,0.008537,0.156930,0.005030,0.521903,0.097016,0.008537,0.038414,0.005310,0.153281
0.012846,0.044681,0.080537,0.010696,0.041611,0.043183,0.044681,0.624698,0.016376,0.080691
0.003359,0.005450,0.128762,0.002981,0.597665,0.092039,0.005450,0.036183,0.003201,0.124910
0.013561,0.023095,0.228484,0.014270,0.203579,0.177849,0.023095,0.068157,0.013893,0.234018
0.013967,0.030459,0.212745,0.015488,0.244146,0.148392,0.030459,0.073707,0.016583,0.214055
0.005906,0.019417,0.100506,0.009640,0.046812,0.086756,0.019417,0.599219,0.011110,0.101217
0.004322,0.010158,0.091666,0.005067,0.150959,0.057793,0.010158,0.574343,0.005442,0.090092
0.017279,0.041463,0.218154,0.018962,0.172267,0.134599,0.041463,0.113154,0.021380,0.221279
0.045745,0.082406,0.161359,0.046945,0.111111,0.125133,0.082406,0.128355,0.051994,0.164549
0.018526,0.135579,0.106855,0.024673,0.050775,0.082205,0.135579,0.302657,0.035912,0.107239
0.007296,0.030921,0.202438,0.009266,0.382884,0.079042,0.030921,0.046809,0.012370,0.198052
0.025781,0.040423,0.218809,0.020481,0.124959,0.139645,0.040423,0.140067,0.023479,0.225933
0.010403,0.015822,0.213751,0.011918,0.193192,0.187903,0.015822,0.131677,0.011540,0.207971
0.010205,0.019099,0.093734,0.011326,0.052830,0.059434,0.019099,0.627111,0.012192,0.094970
0.074100,0.106410,0.115270,0.080269,0.098177,0.108513,0.106410,0.114695,0.080132,0.116025
0.019721,0.150859,0.028754,0.038100,0.016360,0.024365,0.150859,0.025250,0.516651,0.029081
0.024423,0.225741,0.108308,0.043223,0.052573,0.095280,0.225741,0.057909,0.057293,0.109510
0.032454,0.231552,0.090598,0.057196,0.049845,0.084923,0.231552,0.056558,0.073927,0.091395
0.963724,0.004282,0.005018,0.003417,0.003673,0.003864,0.004282,0.003344,0.003346,0.005051
0.001415,0.002543,0.090611,0.001388,0.740728,0.057794,0.002543,0.014904,0.001579,0.086495
0.014205,0.342825,0.026217,0.061596,0.016085,0.020375,0.342824,0.019215,0.130136,0.026520
0.010722,0.033620,0.206422,0.013819,0.230127,0.119334,0.033620,0.133999,0.016896,0.201439
0.012964,0.016662,0.153550,0.012822,0.378868,0.183928,0.016662,0.063317,0.013292,0.147934
0.002887,0.006250,0.113430,0.002977,0.679754,0.054225,0.006250,0.020268,0.003793,0.110167
0.028829,0.071021,0.170313,0.035094,0.175201,0.117411,0.071021,0.119264,0.042361,0.169486
0.068269,0.159525,0.065807,0.166811,0.054480,0.060833,0.159525,0.058697,0.139933,0.066120
0.067222,0.306618,0.037698,0.080259,0.022907,0.029530,0.306618,0.029063,0.082038,0.038047
0.018572,0.035341,0.191416,0.015901,0.237985,0.155805,0.035341,0.099894,0.018391,0.191354
0.005413,0.247984,0.008214,0.045695,0.005388,0.006899,0.247983,0.006431,0.417705,0.008289
0.031919,0.111945,0.106509,0.172559,0.068700,0.101649,0.111945,0.128976,0.059424,0.106376
0.018625,0.178224,0.030048,0.420161,0.019998,0.022897,0.178224,0.022558,0.078916,0.030350
0.031654,0.195908,0.065601,0.189684,0.042669,0.052995,0.195908,0.054624,0.104582,0.066376
0.046947,0.211567,0.068693,0.139224,0.044633,0.052958,0.211567,0.042224,0.112711,0.069477
0.029094,0.260341,0.075402,0.057419,0.044108,0.056791,0.260341,0.048863,0.091514,0.076127
0.034893,0.272196,0.050783,0.103081,0.033356,0.038878,0.272197,0.039789,0.103559,0.051269
0.040515,0.265308,0.074897,0.052596,0.045083,0.065302,0.265308,0.044815,0.070456,0.075721
0.162907,0.214883,0.070567,0.048459,0.037999,0.057552,0.214884,0.056860,0.064857,0.071033
0.025389,0.054397,0.222815,0.031303,0.131813,0.117756,0.054397,0.104422,0.036119,0.221588
0.010444,0.023638,0.230328,0.010602,0.168967,0.194866,0.023638,0.098918,0.012622,0.225976
0.023179,0.043441,0.237236,0.027899,0.138189,0.115593,0.043441,0.103744,0.032401,0.234877
0.027415,0.293976,0.068132,0.055131,0.034622,0.065838,0.293978,0.039502,0.052859,0.068547
0.028285,0.252437,0.079476,0.054626,0.045328,0.076357,0.252438,0.048845,0.081844,0.080365
0.008266,0.380147,0.021782,0.072791,0.010811,0.017548,0.380148,0.012513,0.073911,0.022082
0.025750,0.045774,0.229656,0.028210,0.143698,0.118650,0.045774,0.102517,0.031921,0.228049
0.064407,0.210578,0.069878,0.072199,0.052991,0.063387,0.210578,0.059778,0.125804,0.070399
0.843297,0.017429,0.020693,0.016557,0.015158,0.017237,0.017429,0.016289,0.015100,0.020810
0.006755,0.010074,0.141701,0.005992,0.572399,0.081548,0.010074,0.027955,0.006156,0.137345
0.021253,0.298909,0.065087,0.044415,0.038914,0.046931,0.298910,0.041490,0.078221,0.065870
0.016841,0.333772,0.043798,0.040942,0.025974,0.032709,0.333773,0.029179,0.098743,0.044269
0.005606,0.396351,0.015784,0.037774,0.008510,0.012433,0.396351,0.010321,0.100874,0.015996
0.061722,0.208951,0.064892,0.098967,0.051195,0.054817,0.208951,0.047197,0.138049,0.065260
0.109441,0.184599,0.096843,0.058522,0.051615,0.068877,0.184599,0.071915,0.075515,0.098073
0.104815,0.245592,0.065797,0.051435,0.037242,0.047402,0.245592,0.046851,0.088573,0.066701
0.019924,0.273217,0.033830,0.141417,0.021999,0.039950,0.273217,0.023168,0.139223,0.034054
0.007154,0.415498,0.017694,0.025903,0.009150,0.012185,0.415498,0.011179,0.067774,0.017965
0.011858,0.379333,0.022963,0.036410,0.013380,0.015930,0.379333,0.014700,0.102847,0.023247
0.003281,0.404591,0.009153,0.016702,0.004888,0.006458,0.404590,0.005976,0.135087,0.009275
0.228090,0.071269,0.062626,0.297223,0.051664,0.051508,0.071269,0.045977,0.057460,0.062913
0.016716,0.314039,0.030698,0.059154,0.019990,0.025543,0.314039,0.027069,0.161778,0.030976
0.018257,0.411045,0.018093,0.017822,0.007543,0.012043,0.411044,0.016029,0.069708,0.018415
0.024456,0.248296,0.042866,0.140299,0.032755,0.033218,0.248296,0.027021,0.159680,0.043113
0.032530,0.252731,0.078728,0.046434,0.053425,0.060018,0.252731,0.053372,0.090703,0.079328
0.019567,0.317792,0.046041,0.040446,0.028076,0.033700,0.317792,0.032467,0.117651,0.046467
0.050163,0.238525,0.071466,0.094847,0.045808,0.066986,0.238526,0.047225,0.074245,0.072209
0.037807,0.129771,0.065426,0.299392,0.048569,0.076051,0.129771,0.051045,0.096276,0.065891
0.044910,0.203170,0.065404,0.154645,0.046093,0.047700,0.203170,0.049583,0.119497,0.065828
0.026695,0.237971,0.043033,0.143754,0.029047,0.033877,0.237971,0.031247,0.173049,0.043356
0.023984,0.320344,0.044370,0.042091,0.027827,0.033302,0.320344,0.029777,0.113099,0.044861
0.062374,0.168051,0.109988,0.061629,0.076458,0.084900,0.168052,0.079842,0.077666,0.111040
0.049305,0.183482,0.071465,0.097106,0.056759,0.063681,0.183482,0.063930,0.159104,0.071687
0.051519,0.117493,0.070010,0.318918,0.054571,0.057354,0.117493,0.054255,0.088027,0.070361
0.225850,0.129263,0.075015,0.082308,0.052092,0.075821,0.129263,0.052933,0.102007,0.075447
0.066930,0.191146,0.077352,0.083145,0.060257,0.068188,0.191146,0.068558,0.115417,0.077860
0.960452,0.006225,0.003909,0.004618,0.003315,0.003531,0.006225,0.003550,0.004248,0.003927
0.987070,0.001573,0.001594,0.001486,0.001229,0.001345,0.001573,0.001335,0.001192,0.001603
0.496107,0.062183,0.070729,0.037872,0.054659,0.053761,0.062184,0.053856,0.037372,0.071279
0.062721,0.165596,0.104109,0.067108,0.078261,0.086528,0.165596,0.085702,0.079689,0.104690
0.073159,0.153082,0.101546,0.082026,0.075520,0.078328,0.153082,0.083800,0.097339,0.102118
0.057855,0.229011,0.061097,0.100570,0.044834,0.050422,0.229011,0.048622,0.117050,0.061529
0.897764,0.019093,0.009596,0.011366,0.007310,0.007994,0.019093,0.007787,0.010338,0.009658
0.898365,0.013943,0.012611,0.012188,0.008626,0.009245,0.013943,0.009380,0.008960,0.012739
0.979487,0.002634,0.002868,0.001694,0.002159,0.002238,0.002634,0.001890,0.001509,0.002887
0.091985,0.144000,0.098708,0.085123,0.073656,0.082305,0.144000,0.085406,0.095682,0.099133
0.053553,0.192531,0.066178,0.134153,0.048500,0.057407,0.192531,0.055584,0.132853,0.066711
0.065216,0.160539,0.074171,0.132803,0.059825,0.069343,0.160539,0.079678,0.123434,0.074451
0.159339,0.078168,0.128112,0.072725,0.094279,0.110035,0.078168,0.083701,0.066981,0.128492
0.450104,0.087075,0.053371,0.054193,0.044615,0.051331,0.087075,0.056612,0.062126,0.053498
0.055017,0.192394,0.073552,0.087266,0.047778,0.053323,0.192394,0.053204,0.170893,0.074178
0.278154,0.136847,0.070800,0.058972,0.048630,0.055188,0.136848,0.049315,0.094013,0.071233
0.100836,0.093535,0.107528,0.096543,0.108658,0.104486,0.093535,0.097763,0.089779,0.107338
0.046612,0.225002,0.043388,0.085100,0.031335,0.036352,0.225002,0.037577,0.225955,0.043678
0.030469,0.293250,0.039620,0.144066,0.023113,0.026397,0.293250,0.028229,0.081490,0.040116
0.289412,0.138457,0.074608,0.058288,0.050026,0.069466,0.138457,0.049020,0.057188,0.075077
0.127144,0.191397,0.072105,0.073489,0.052369,0.056703,0.191397,0.061584,0.101295,0.072518
0.224343,0.099271,0.096853,0.104705,0.066415,0.065396,0.099272,0.081369,0.064920,0.097456
0.038757,0.167865,0.038254,0.245307,0.026383,0.044858,0.167865,0.029309,0.202829,0.038573
0.036829,0.207827,0.062736,0.129222,0.043507,0.044689,0.207827,0.045538,0.158791,0.063034
0.088447,0.222498,0.058143,0.053180,0.038319,0.041859,0.222498,0.045249,0.171101,0.058705
0.042973,0.209471,0.082674,0.111049,0.054293,0.058790,0.209471,0.063453,0.084366,0.083460
0.205162,0.210526,0.064558,0.063485,0.036942,0.042720,0.210527,0.036223,0.064605,0.065251
0.208713,0.082305,0.102507,0.079744,0.084304,0.100673,0.082305,0.082751,0.074017,0.102680
0.071730,0.161158,0.066024,0.103091,0.054673,0.056578,0.161158,0.063212,0.196104,0.066273
0.073230,0.092050,0.115981,0.096333,0.098314,0.104674,0.092050,0.130977,0.080309,0.116083
0.041317,0.128177,0.130484,0.063788,0.112419,0.107389,0.128177,0.091851,0.065834,0.130566
0.110670,0.188873,0.062939,0.135125,0.043226,0.044204,0.188874,0.043629,0.118976,0.063483
0.025699,0.279404,0.079237,0.042697,0.049616,0.051394,0.279405,0.046329,0.066893,0.079326
0.102783,0.145967,0.071588,0.157059,0.055793,0.068050,0.145967,0.076894,0.103971,0.071928
0.346368,0.093006,0.068379,0.086791,0.056667,0.057594,0.093006,0.050438,0.079128,0.068624
0.608247,0.082454,0.035260,0.039149,0.025342,0.028345,0.082454,0.026687,0.036531,0.035531
0.020260,0.399472,0.025982,0.028405,0.013121,0.017908,0.399473,0.015537,0.053468,0.026374
0.031426,0.200162,0.054223,0.103363,0.041275,0.047583,0.200162,0.043546,0.223781,0.054480
0.049470,0.155681,0.120105,0.061543,0.075529,0.096978,0.155681,0.094042,0.070162,0.120809
0.002349,0.013569,0.022204,0.005452,0.009202,0.017651,0.013569,0.886830,0.006912,0.022261
0.498130,0.092953,0.048887,0.053257,0.035758,0.036882,0.092953,0.034187,0.057822,0.049170
0.015054,0.019743,0.206744,0.014154,0.251612,0.184240,0.019743,0.073034,0.015033,0.200643
0.009882,0.135442,0.129011,0.030283,0.048648,0.095677,0.135443,0.246658,0.039276,0.129680
0.008152,0.341289,0.021035,0.056358,0.013510,0.016782,0.341288,0.017306,0.163054,0.021226
0.013189,0.092001,0.022793,0.630483,0.015438,0.018732,0.092001,0.020225,0.072210,0.022929
0.020027,0.322206,0.045757,0.066679,0.025575,0.035628,0.322206,0.038217,0.077357,0.046348
0.088773,0.318255,0.032369,0.057042,0.019385,0.031517,0.318256,0.025446,0.076229,0.032728
0.046996,0.193446,0.095695,0.073917,0.071536,0.078308,0.193447,0.069235,0.081340,0.096079
0.205666,0.131898,0.055900,0.126491,0.040121,0.041186,0.131898,0.038674,0.171925,0.056241
0.013846,0.161000,0.031464,0.030285,0.026230,0.025434,0.161001,0.018903,0.500193,0.031643
0.008642,0.367029,0.023750,0.031593,0.013592,0.016208,0.367028,0.014582,0.133570,0.024006
0.008247,0.402255,0.025970,0.027938,0.012442,0.018322,0.402255,0.017639,0.058598,0.026336
0.051910,0.216517,0.072362,0.092192,0.049156,0.055199,0.216517,0.052716,0.120571,0.072859
0.009069,0.393332,0.031235,0.031773,0.015344,0.022545,0.393332,0.018343,0.053219,0.031808
0.027161,0.244478,0.038156,0.207373,0.025746,0.029365,0.244478,0.027605,0.117147,0.038491
0.066691,0.109799,0.090497,0.202515,0.080965,0.082268,0.109799,0.078868,0.087984,0.090613
0.238445,0.135435,0.098931,0.045953,0.067281,0.071620,0.135436,0.053531,0.053875,0.099492
0.057402,0.127795,0.083852,0.141422,0.066414,0.065863,0.127795,0.123289,0.122009,0.084160
0.047537,0.202923,0.094603,0.084328,0.067664,0.066615,0.202924,0.061220,0.076982,0.095203
0.154198,0.191302,0.054123,0.117944,0.040601,0.043032,0.191303,0.042059,0.110894,0.054544
0.050024,0.218742,0.081464,0.069238,0.053718,0.066201,0.218742,0.066914,0.092794,0.082164
0.004465,0.368102,0.011185,0.027169,0.006440,0.008406,0.368100,0.007511,0.187308,0.011313
0.013804,0.052583,0.203720,0.017881,0.113113,0.177317,0.052583,0.142763,0.023585,0.202651
0.035474,0.116868,0.135205,0.047757,0.097464,0.135757,0.116868,0.078298,0.100010,0.136299
0.008129,0.379378,0.018612,0.032291,0.011129,0.014857,0.379377,0.011035,0.126397,0.018795
0.002179,0.075893,0.003457,0.017392,0.002227,0.002760,0.075893,0.002232,0.814477,0.003490
0.144514,0.183335,0.063459,0.164511,0.037592,0.044282,0.183336,0.043389,0.071407,0.064175
0.011919,0.260116,0.027015,0.146305,0.018451,0.023999,0.260115,0.019544,0.205351,0.027184
0.026552,0.146147,0.158845,0.036160,0.067909,0.125772,0.146147,0.080072,0.049205,0.163191
0.003360,0.040999,0.005393,0.019060,0.004185,0.004554,0.040999,0.003889,0.872168,0.005393
0.021143,0.306789,0.041115,0.099951,0.023262,0.028861,0.306789,0.025778,0.104834,0.041478
0.338087,0.073577,0.071062,0.146580,0.055607,0.051283,0.073577,0.056199,0.062767,0.071260
0.048982,0.186279,0.071888,0.129325,0.056993,0.061484,0.186279,0.056788,0.129732,0.072252
0.100000,0.100000,0.100000,0.100000,0.100000,0.100000,0.100000,0.100000,0.100000,0.100000
0.075560,0.143417,0.116248,0.064352,0.082767,0.097148,0.143418,0.071272,0.089719,0.116099
0.079013,0.227307,0.080206,0.058418,0.047448,0.054896,0.227307,0.050960,0.093259,0.081186
0.035631,0.267013,0.070138,0.064767,0.038336,0.049814,0.267013,0.047121,0.089194,0.070973
0.046298,0.184071,0.126891,0.049508,0.066759,0.081967,0.184072,0.071074,0.060715,0.128646
0.020423,0.316937,0.055218,0.050940,0.027443,0.050001,0.316938,0.029077,0.077034,0.055989
0.284589,0.167296,0.068016,0.040533,0.038323,0.053003,0.167297,0.040167,0.071881,0.068896
0.017105,0.101018,0.193152,0.030085,0.141899,0.105835,0.101018,0.070860,0.044806,0.194222
0.183287,0.214125,0.066399,0.053280,0.040864,0.050399,0.214126,0.040436,0.069973,0.067110
0.054417,0.168486,0.116065,0.073134,0.064031,0.079575,0.168487,0.078907,0.079573,0.117326
0.100000,0.100000,0.100000,0.100000,0.100000,0.100000,0.100000,0.100000,0.100000,0.100000
0.295336,0.158272,0.086899,0.040848,0.041296,0.049429,0.158272,0.040342,0.040896,0.088408
0.837392,0.025117,0.029019,0.006641,0.014155,0.014301,0.025117,0.009353,0.009351,0.029553
0.179526,0.097587,0.103502,0.073207,0.093950,0.091277,0.097587,0.085079,0.074274,0.104011
0.349806,0.183239,0.043757,0.050871,0.022898,0.036710,0.183239,0.028452,0.056863,0.044167
0.028570,0.038616,0.177647,0.029556,0.242707,0.159978,0.038616,0.081942,0.031620,0.170749
0.031381,0.178167,0.143871,0.036522,0.078219,0.080005,0.178167,0.075040,0.052752,0.145877
0.404604,0.030585,0.112344,0.013155,0.049781,0.055971,0.030585,0.176103,0.013605,0.113267
0.011569,0.277522,0.017822,0.058103,0.011715,0.015947,0.277521,0.014804,0.297025,0.017971
0.251697,0.169317,0.061087,0.072057,0.041874,0.046560,0.169318,0.045818,0.080712,0.061560
0.046146,0.354536,0.028787,0.034624,0.017050,0.022439,0.354535,0.022074,0.090757,0.029053
0.010430,0.303601,0.030549,0.045564,0.019555,0.021790,0.303600,0.019120,0.215095,0.030697
0.054330,0.218560,0.072112,0.089222,0.049925,0.055077,0.218560,0.057715,0.111680,0.072819
0.029034,0.283486,0.057634,0.064856,0.035310,0.043780,0.283486,0.036121,0.107961,0.058332
0.024794,0.251619,0.065120,0.091227,0.046535,0.048645,0.251618,0.040352,0.114637,0.065453
0.051315,0.202921,0.079841,0.079953,0.058643,0.069919,0.202921,0.069507,0.104613,0.080366
0.953542,0.007470,0.005289,0.004577,0.003701,0.003985,0.007470,0.003999,0.004644,0.005323
0.999856,0.000019,0.000020,0.000014,0.000013,0.000014,0.000019,0.000012,0.000012,0.000020
0.968649,0.004606,0.003960,0.003009,0.002734,0.003030,0.004606,0.002676,0.002729,0.004000
0.100000,0.100000,0.100000,0.100000,0.100000,0.100000,0.100000,0.100000,0.100000,0.100000
0.995198,0.000727,0.000664,0.000364,0.000409,0.000479,0.000727,0.000376,0.000385,0.000672
0.084420,0.130232,0.125196,0.057416,0.091367,0.104059,0.130232,0.077147,0.073890,0.126041
0.629645,0.037804,0.049470,0.042400,0.042228,0.039468,0.037804,0.039172,0.032257,0.049752
0.045418,0.199617,0.113914,0.045976,0.067241,0.083634,0.199617,0.064248,0.065559,0.114776
0.977636,0.002411,0.002823,0.002294,0.002628,0.002434,0.002411,0.002535,0.001993,0.002834
0.998155,0.000232,0.000230,0.000193,0.000188,0.000191,0.000232,0.000176,0.000172,0.000231
0.999998,0.000000,0.000000,0.000000,0.000000,0.000000,0.000000,0.000000,0.000000,0.000000
0.932298,0.008185,0.008162,0.008967,0.006416,0.007087,0.008185,0.006106,0.006378,0.008214
0.996594,0.000428,0.000419,0.000378,0.000332,0.000347,0.000428,0.000321,0.000332,0.000421
0.995171,0.000535,0.000640,0.000504,0.000541,0.000508,0.000535,0.000484,0.000440,0.000642
0.035534,0.237054,0.098462,0.050302,0.060414,0.061619,0.237054,0.055128,0.064867,0.099566
0.066828,0.145676,0.101607,0.091612,0.074783,0.110467,0.145676,0.074587,0.086683,0.102080
0.961708,0.004567,0.004913,0.004577,0.003694,0.003903,0.004567,0.003530,0.003596,0.004945
0.426711,0.106621,0.063262,0.042506,0.041400,0.049708,0.106621,0.050526,0.048843,0.063801
0.071863,0.189312,0.070676,0.123864,0.052922,0.057683,0.189312,0.059379,0.113938,0.071051
0.601934,0.065718,0.040352,0.056391,0.030471,0.031260,0.065718,0.031972,0.035688,0.040495
0.031811,0.205419,0.041613,0.065911,0.027544,0.034229,0.205419,0.038379,0.307725,0.041950
0.078832,0.124315,0.090338,0.144729,0.072702,0.069799,0.124315,0.065377,0.138805,0.090788
0.567234,0.082631,0.051085,0.042017,0.032011,0.032234,0.082631,0.026206,0.032450,0.051499
0.012966,0.072628,0.210831,0.016874,0.187245,0.129873,0.072628,0.059969,0.028733,0.208254
0.068724,0.197959,0.092186,0.060970,0.061914,0.080719,0.197959,0.070896,0.075551,0.093121
0.020092,0.046088,0.222278,0.019533,0.142305,0.159461,0.046088,0.098193,0.022326,0.223636
0.024912,0.052347,0.191493,0.023466,0.244325,0.125845,0.052347,0.070415,0.025709,0.189140
0.014198,0.017400,0.228295,0.011518,0.232066,0.161656,0.017400,0.081445,0.012339,0.223683
0.026959,0.040342,0.214478,0.020850,0.226098,0.119070,0.040342,0.072896,0.024708,0.214256
0.466226,0.131223,0.046105,0.045631,0.032429,0.034009,0.131223,0.025947,0.040686,0.046520
0.018917,0.389916,0.021351,0.024705,0.010988,0.014084,0.389916,0.009945,0.098663,0.021515
0.009242,0.219881,0.014183,0.362221,0.009881,0.011340,0.219881,0.011303,0.127781,0.014287
0.028501,0.056380,0.198145,0.025469,0.172896,0.131499,0.056380,0.102008,0.028092,0.200629
0.009801,0.195233,0.020078,0.302074,0.012490,0.016539,0.195233,0.013433,0.214871,0.020249
0.055799,0.058778,0.179422,0.024338,0.184080,0.121462,0.058778,0.109604,0.029753,0.177987
0.014922,0.381322,0.038094,0.026179,0.019587,0.025489,0.381323,0.021411,0.053070,0.038602
0.005634,0.008129,0.154368,0.004868,0.487263,0.122833,0.008129,0.054143,0.005023,0.149612
0.019824,0.296644,0.046121,0.063642,0.030320,0.038738,0.296645,0.032963,0.128603,0.046500
0.012360,0.087711,0.013395,0.120603,0.010057,0.013186,0.087711,0.011753,0.629756,0.013468
0.022219,0.286053,0.028101,0.059239,0.019471,0.021025,0.286053,0.019155,0.230354,0.028330
0.138629,0.222048,0.053991,0.062704,0.035009,0.038662,0.222048,0.041135,0.131196,0.054578
0.006601,0.115711,0.008706,0.028219,0.005626,0.006946,0.115711,0.006234,0.697462,0.008783
0.041574,0.256795,0.065633,0.059771,0.043416,0.053157,0.256796,0.050402,0.106327,0.066129
0.011307,0.240947,0.024593,0.193677,0.014309,0.020197,0.240946,0.019477,0.209681,0.024867
0.033656,0.297849,0.034286,0.058428,0.021253,0.035138,0.297848,0.024098,0.162811,0.034633
0.039449,0.218597,0.090963,0.053286,0.057584,0.075246,0.218597,0.072703,0.081786,0.091788
0.100469,0.182515,0.063626,0.138838,0.042377,0.046483,0.182515,0.051738,0.127312,0.064126
0.236366,0.129576,0.070573,0.144606,0.050152,0.054000,0.129576,0.046874,0.067344,0.070933
0.070105,0.185668,0.085435,0.083607,0.064446,0.070328,0.185668,0.063915,0.104759,0.086069
0.197007,0.180646,0.066952,0.107793,0.044197,0.049002,0.180646,0.046542,0.059618,0.067596
0.013852,0.022572,0.269707,0.009778,0.097097,0.204305,0.022572,0.061119,0.011555,0.287443
0.988042,0.001287,0.001965,0.000916,0.001305,0.001412,0.001287,0.001065,0.000747,0.001975
0.055047,0.171277,0.057425,0.114409,0.040403,0.049131,0.171277,0.044058,0.239083,0.057889
0.005925,0.008379,0.131024,0.005165,0.124568,0.202162,0.008379,0.381171,0.005477,0.127749
0.055541,0.190762,0.100636,0.058850,0.065215,0.074354,0.190763,0.082636,0.079841,0.101402
0.079206,0.124655,0.108009,0.094733,0.083946,0.091762,0.124656,0.097952,0.086666,0.108415
0.002519,0.032968,0.004419,0.732784,0.002815,0.004093,0.032968,0.003425,0.179569,0.004439
0.148145,0.170484,0.092179,0.056899,0.062267,0.066423,0.170485,0.055870,0.084415,0.092833
0.003488,0.429596,0.008426,0.015527,0.004315,0.006349,0.429595,0.005743,0.088414,0.008546
0.027692,0.287550,0.071380,0.045958,0.041679,0.057200,0.287551,0.046518,0.062143,0.072330
0.033736,0.281960,0.065618,0.068793,0.037603,0.045348,0.281961,0.039884,0.078557,0.066541
0.998973,0.000127,0.000156,0.000084,0.000106,0.000103,0.000127,0.000090,0.000077,0.000157
0.010848,0.028401,0.224692,0.013683,0.160122,0.172661,0.028401,0.123015,0.015527,0.222652
0.074525,0.178188,0.078383,0.094677,0.062249,0.065875,0.178188,0.062612,0.126620,0.078683
0.942290,0.006803,0.009696,0.004344,0.005570,0.006064,0.006803,0.004424,0.004191,0.009814
0.962444,0.005500,0.004987,0.003446,0.003225,0.003646,0.005500,0.003085,0.003130,0.005039
0.010336,0.028487,0.004158,0.711484,0.003102,0.003573,0.028486,0.003230,0.202961,0.004184
0.055066,0.179902,0.121902,0.057234,0.070078,0.075660,0.179902,0.064177,0.072553,0.123527
0.031520,0.037772,0.201114,0.026798,0.188937,0.119947,0.037772,0.124934,0.031515,0.199690
0.017642,0.294777,0.039542,0.050301,0.026617,0.032018,0.294777,0.028399,0.176042,0.039886
0.023403,0.211713,0.042345,0.134686,0.030408,0.032962,0.211713,0.031582,0.238536,0.042654
0.005703,0.028840,0.204314,0.009711,0.293784,0.154031,0.028840,0.057080,0.019484,0.198213
0.027594,0.260433,0.072182,0.049282,0.046792,0.053813,0.260433,0.041917,0.114639,0.072916
0.012866,0.328102,0.050991,0.032839,0.028961,0.043204,0.328102,0.025946,0.097748,0.051240
0.007276,0.371316,0.016543,0.032864,0.009551,0.012953,0.371315,0.011212,0.150239,0.016731
0.003210,0.050952,0.003611,0.084514,0.002553,0.002989,0.050952,0.002740,0.794843,0.003636
0.028578,0.261934,0.079644,0.056484,0.048278,0.063074,0.261935,0.053710,0.065968,0.080394
0.012392,0.101696,0.014228,0.358463,0.010392,0.011676,0.101695,0.010886,0.364242,0.014331
0.011573,0.015025,0.179492,0.010891,0.431044,0.107959,0.015025,0.043489,0.010856,0.174645
0.066269,0.182108,0.078424,0.087288,0.061130,0.073796,0.182108,0.089429,0.100638,0.078809
0.027447,0.160085,0.035766,0.210068,0.028507,0.031250,0.160085,0.031314,0.279582,0.035898
0.010797,0.163754,0.018880,0.050896,0.012426,0.013997,0.163753,0.012562,0.533877,0.019058
0.059626,0.022547,0.165548,0.017015,0.363335,0.116721,0.022547,0.054890,0.017435,0.160335
0.007707,0.253681,0.012641,0.032679,0.007542,0.008958,0.253680,0.008314,0.402024,0.012774
0.036637,0.218359,0.065880,0.119553,0.045774,0.051704,0.218358,0.045866,0.131500,0.066369
0.008812,0.098010,0.016062,0.628981,0.011714,0.016054,0.098010,0.012611,0.093598,0.016149
0.009734,0.024242,0.200835,0.009326,0.174814,0.239752,0.024242,0.107190,0.011548,0.198317
0.010074,0.017548,0.219035,0.010220,0.299889,0.136785,0.017548,0.063986,0.010544,0.214372
0.012218,0.027290,0.191147,0.012545,0.132207,0.304570,0.027290,0.086954,0.015793,0.189987
0.004289,0.011006,0.196558,0.004390,0.395704,0.101970,0.011006,0.077789,0.005175,0.192112
0.003798,0.056187,0.005950,0.755064,0.004473,0.004854,0.056187,0.005042,0.102468,0.005979
0.007976,0.046703,0.154398,0.013124,0.057519,0.115209,0.046704,0.387555,0.015007,0.155805
0.008988,0.061408,0.135810,0.018030,0.057110,0.129127,0.061408,0.361467,0.031085,0.135566
0.018384,0.035851,0.245181,0.016981,0.110061,0.205115,0.035851,0.066281,0.019589,0.246705
0.004434,0.009017,0.208893,0.004870,0.091918,0.260868,0.009017,0.200689,0.004983,0.205312
0.015515,0.024804,0.214569,0.011468,0.318667,0.119972,0.024804,0.050591,0.012865,0.206745
0.018767,0.075246,0.214567,0.028351,0.109058,0.104489,0.075247,0.095237,0.059108,0.219929
0.049542,0.042083,0.189254,0.034762,0.120973,0.217081,0.042084,0.077158,0.033385,0.193677
0.010144,0.019204,0.113982,0.008997,0.043739,0.157404,0.019204,0.503307,0.009577,0.114443
0.001316,0.021942,0.001990,0.860374,0.001507,0.001746,0.021942,0.001588,0.085596,0.002000
0.003709,0.068786,0.007736,0.742987,0.005508,0.006080,0.068786,0.005449,0.083194,0.007766
0.001090,0.048231,0.001696,0.048608,0.001098,0.001341,0.048231,0.001233,0.846761,0.001711
0.029798,0.083479,0.222745,0.024497,0.131692,0.098182,0.083479,0.062147,0.040288,0.223693
0.008130,0.158519,0.014128,0.280651,0.009403,0.010865,0.158519,0.008874,0.336684,0.014227
0.014096,0.318956,0.035338,0.086186,0.021269,0.027586,0.318956,0.023858,0.118079,0.035675
0.017952,0.304180,0.037702,0.065021,0.022566,0.037287,0.304179,0.024152,0.148833,0.038129
0.025423,0.058995,0.195211,0.036119,0.142004,0.151869,0.058995,0.096834,0.035311,0.199240
0.035002,0.039224,0.204968,0.033092,0.152497,0.163324,0.039224,0.088525,0.033607,0.210536
0.100000,0.100000,0.100000,0.100000,0.100000,0.100000,0.100000,0.100000,0.100000,0.100000
0.009152,0.032153,0.157127,0.011132,0.077689,0.099797,0.032153,0.410102,0.014063,0.156633
0.101176,0.071006,0.196140,0.020657,0.102022,0.136614,0.071006,0.074578,0.025950,0.200851
0.022073,0.135852,0.174200,0.028347,0.089334,0.145663,0.135852,0.052611,0.042687,0.173380
0.010110,0.025206,0.160686,0.010308,0.073457,0.155506,0.025206,0.368411,0.011828,0.159282
0.998014,0.000246,0.000285,0.000181,0.000203,0.000208,0.000246,0.000171,0.000161,0.000287
0.954557,0.005490,0.005383,0.005000,0.003739,0.005167,0.005490,0.005937,0.003832,0.005405
0.995714,0.000497,0.000605,0.000384,0.000463,0.000464,0.000497,0.000408,0.000360,0.000608
0.178808,0.105453,0.120844,0.043040,0.078268,0.097590,0.105453,0.096887,0.052650,0.121006
0.025166,0.015525,0.214204,0.008600,0.295506,0.151843,0.015525,0.048603,0.009576,0.215451
0.889571,0.018013,0.010102,0.012542,0.006632,0.007439,0.018013,0.006696,0.020811,0.010180
0.997307,0.000314,0.000369,0.000244,0.000303,0.000288,0.000314,0.000253,0.000236,0.000371
0.989006,0.001376,0.001513,0.000962,0.001114,0.001104,0.001376,0.001053,0.000969,0.001527
0.984821,0.001718,0.001726,0.002064,0.001597,0.001552,0.001718,0.001559,0.001514,0.001731
0.776215,0.025716,0.030368,0.022782,0.022118,0.022090,0.025716,0.017658,0.026767,0.030569
0.947169,0.007382,0.006973,0.004905,0.005034,0.005031,0.007382,0.004553,0.004552,0.007018
0.926901,0.008665,0.010363,0.007698,0.007031,0.007145,0.008665,0.006542,0.006527,0.010463
0.984159,0.002373,0.002018,0.001637,0.001297,0.001435,0.002373,0.001276,0.001395,0.002039
0.956748,0.005895,0.005956,0.003965,0.004008,0.003953,0.005895,0.003341,0.004216,0.006023
0.394000,0.069479,0.076917,0.057507,0.063980,0.065218,0.069479,0.067078,0.059245,0.077097
0.799451,0.028301,0.028580,0.015028,0.017903,0.020323,0.028301,0.016333,0.016892,0.028888
0.988528,0.001470,0.001613,0.000956,0.001111,0.001177,0.001470,0.001023,0.001029,0.001624
0.012056,0.335422,0.033316,0.039384,0.020446,0.027174,0.335421,0.017699,0.145357,0.033725
0.907310,0.013234,0.007314,0.011572,0.005877,0.005853,0.013234,0.005553,0.022701,0.007353
0.011659,0.067921,0.004836,0.308694,0.003315,0.003627,0.067921,0.003551,0.523604,0.004873
0.010178,0.390067,0.018914,0.027892,0.009051,0.018078,0.390066,0.010735,0.105882,0.019136
0.006937,0.222822,0.015380,0.181951,0.008814,0.013593,0.222821,0.009710,0.302404,0.015568
0.019823,0.177219,0.024974,0.303380,0.017613,0.020994,0.177219,0.020254,0.213373,0.025152
0.006437,0.418569,0.018461,0.022822,0.009276,0.016049,0.418570,0.010882,0.060209,0.018726
0.006891,0.032719,0.163653,0.008736,0.081523,0.123003,0.032719,0.368249,0.015312,0.167195
0.008893,0.012440,0.280219,0.007049,0.160772,0.131174,0.012440,0.087911,0.007875,0.291228
0.011808,0.242475,0.021308,0.114850,0.013534,0.018290,0.242474,0.015278,0.298496,0.021487
0.001643,0.003524,0.182166,0.001731,0.145845,0.292377,0.003524,0.193429,0.001959,0.173801
0.009698,0.354087,0.018020,0.033095,0.010233,0.013544,0.354086,0.011265,0.177689,0.018281
0.014582,0.034740,0.155278,0.018729,0.140027,0.151271,0.034740,0.278908,0.019359,0.152366
0.005475,0.009131,0.119950,0.006318,0.635734,0.066422,0.009131,0.025127,0.006692,0.116021
0.082542,0.288599,0.054397,0.050739,0.031449,0.037830,0.288600,0.035898,0.075005,0.054942
0.048999,0.193650,0.097835,0.063459,0.080999,0.071914,0.193650,0.073475,0.077616,0.098403
0.034893,0.272196,0.050783,0.103081,0.033356,0.038878,0.272197,0.039789,0.103559,0.051269
0.019721,0.150859,0.028754,0.038100,0.016360,0.024365,0.150859,0.025250,0.516651,0.029081
0.028285,0.252437,0.079476,0.054626,0.045328,0.076357,0.252438,0.048845,0.081844,0.080365
0.040515,0.265308,0.074897,0.052596,0.045083,0.065302,0.265308,0.044815,0.070456,0.075721
0.005095,0.010001,0.299174,0.004953,0.155994,0.126327,0.010001,0.070797,0.005897,0.311762
0.042531,0.249984,0.066225,0.064529,0.045060,0.086778,0.249984,0.040633,0.087624,0.066652
0.090062,0.123293,0.093043,0.103713,0.089554,0.091969,0.123294,0.089527,0.102421,0.093124
0.024242,0.316516,0.053039,0.044475,0.027013,0.063162,0.316517,0.034785,0.066429,0.053821
0.048035,0.223915,0.079191,0.066306,0.052244,0.103447,0.223916,0.052745,0.070563,0.079639
0.101360,0.106219,0.030047,0.047092,0.021618,0.023832,0.106219,0.025934,0.507407,0.030271
0.064352,0.179068,0.095109,0.073131,0.069939,0.102998,0.179068,0.062339,0.078397,0.095599
0.025406,0.235649,0.040881,0.091479,0.024203,0.029313,0.235649,0.035830,0.240231,0.041359
0.040358,0.273843,0.063970,0.050305,0.040596,0.074553,0.273844,0.041425,0.076738,0.064368
0.008928,0.080752,0.013222,0.544332,0.009626,0.010492,0.080752,0.009724,0.228875,0.013297
0.039449,0.218597,0.090963,0.053286,0.057584,0.075246,0.218597,0.072703,0.081786,0.091788
0.048916,0.147577,0.131400,0.053108,0.093774,0.094431,0.147577,0.084417,0.066888,0.131912
0.693385,0.046586,0.037179,0.032639,0.026976,0.028086,0.046586,0.024152,0.027028,0.037384
0.025829,0.235654,0.064585,0.056488,0.039578,0.060330,0.235654,0.037627,0.179128,0.065128
0.027692,0.287550,0.071380,0.045958,0.041679,0.057200,0.287551,0.046518,0.062143,0.072330
0.032172,0.237319,0.093789,0.057180,0.052947,0.063411,0.237319,0.063083,0.068156,0.094625
0.034755,0.234102,0.083398,0.070550,0.051409,0.062759,0.234102,0.067177,0.077619,0.084129
0.032529,0.280243,0.058346,0.053457,0.038620,0.056873,0.280243,0.040824,0.099914,0.058952
0.076065,0.123935,0.111638,0.075908,0.084615,0.113701,0.123935,0.083380,0.094947,0.111877
0.476284,0.055168,0.077962,0.041551,0.057399,0.054987,0.055168,0.056483,0.046593,0.078405
0.088035,0.086061,0.125028,0.075683,0.115859,0.119897,0.086061,0.101598,0.077005,0.124772
0.080225,0.124337,0.122233,0.068383,0.097667,0.093115,0.124337,0.080405,0.086338,0.122960
0.100000,0.100000,0.100000,0.100000,0.100000,0.100000,0.100000,0.100000,0.100000,0.100000
0.069144,0.112150,0.129942,0.064826,0.105106,0.109866,0.112150,0.088592,0.077763,0.130462
0.005274,0.269204,0.012038,0.289273,0.007070,0.008564,0.269204,0.008573,0.118613,0.012188
0.024636,0.262254,0.073717,0.069493,0.042270,0.060314,0.262255,0.055084,0.075321,0.074657
0.062539,0.128295,0.110488,0.073807,0.084243,0.087846,0.128295,0.067250,0.146234,0.111004
0.048413,0.154817,0.109292,0.062327,0.078423,0.112080,0.154817,0.078879,0.091136,0.109816
0.041582,0.206903,0.078769,0.096216,0.060732,0.061185,0.206903,0.056413,0.112159,0.079140
0.063205,0.202823,0.089338,0.061778,0.060516,0.073292,0.202823,0.073692,0.082499,0.090033
0.160556,0.229910,0.063105,0.050907,0.036468,0.047607,0.229911,0.042328,0.075342,0.063865
0.020027,0.322206,0.045757,0.066679,0.025575,0.035628,0.322206,0.038217,0.077357,0.046348
0.085066,0.309616,0.058066,0.030289,0.026958,0.039047,0.309617,0.031002,0.051237,0.059100
0.036547,0.291556,0.063980,0.045749,0.038774,0.052873,0.291557,0.043993,0.070377,0.064595
0.020452,0.178631,0.037316,0.369896,0.026907,0.030988,0.178632,0.031074,0.088571,0.037533
0.074655,0.314063,0.038368,0.055458,0.020730,0.032520,0.314063,0.021327,0.089884,0.038933
0.045490,0.184761,0.108072,0.066139,0.076048,0.074794,0.184761,0.068631,0.082501,0.108802
0.100000,0.100000,0.100000,0.100000,0.100000,0.100000,0.100000,0.100000,0.100000,0.100000
0.034755,0.234102,0.083398,0.070550,0.051409,0.062759,0.234102,0.067177,0.077619,0.084129
0.011804,0.237938,0.016083,0.035977,0.010249,0.013260,0.237938,0.012615,0.407900,0.016236
0.018450,0.287992,0.038646,0.072504,0.025786,0.030036,0.287992,0.041988,0.157669,0.038937
0.024473,0.276023,0.067482,0.053070,0.035911,0.046941,0.276023,0.052609,0.099192,0.068274
0.020421,0.294872,0.057623,0.057856,0.035582,0.050187,0.294873,0.037337,0.093269,0.057981
0.032172,0.237319,0.093789,0.057180,0.052947,0.063411,0.237319,0.063083,0.068156,0.094625
0.012800,0.313022,0.049012,0.057032,0.032636,0.037333,0.313021,0.033029,0.102858,0.049257
0.014688,0.257780,0.029342,0.106104,0.018999,0.021534,0.257780,0.028091,0.236072,0.029610
0.016868,0.121869,0.021531,0.475205,0.015639,0.018511,0.121869,0.016440,0.170381,0.021687
0.006153,0.400748,0.016513,0.023502,0.009286,0.013359,0.400747,0.010062,0.102924,0.016706
0.030057,0.198188,0.048199,0.259699,0.032456,0.039369,0.198188,0.032291,0.112939,0.048614
0.005555,0.293177,0.010067,0.034898,0.005912,0.007984,0.293176,0.007227,0.331805,0.010198
0.016845,0.265119,0.029466,0.065450,0.019127,0.023498,0.265119,0.022289,0.263323,0.029765
0.042462,0.182366,0.101351,0.085389,0.067590,0.078644,0.182366,0.067896,0.089840,0.102096
0.034814,0.012551,0.205237,0.008344,0.248732,0.223312,0.012551,0.046065,0.008528,0.199866
0.016286,0.036612,0.198021,0.018038,0.279338,0.121960,0.036612,0.079670,0.020282,0.193180
0.002241,0.020183,0.001383,0.641803,0.000847,0.001022,0.020183,0.001026,0.309915,0.001396
0.005676,0.190547,0.011782,0.033226,0.007903,0.009836,0.190547,0.009303,0.529320,0.011861
0.003541,0.005246,0.038337,0.002993,0.030299,0.856640,0.005246,0.015868,0.003063,0.038768
0.002827,0.030507,0.005704,0.314455,0.004310,0.004704,0.030507,0.005153,0.596125,0.005709
0.009932,0.333274,0.024246,0.086835,0.013687,0.018302,0.333273,0.017191,0.138713,0.024547
0.051877,0.109491,0.130933,0.082779,0.086519,0.125274,0.109491,0.104917,0.066282,0.132437
0.012226,0.030487,0.156584,0.013787,0.144118,0.119498,0.030487,0.321234,0.016862,0.154717
0.006794,0.022784,0.218940,0.010315,0.164631,0.200007,0.022784,0.129182,0.010474,0.214089
0.002939,0.041313,0.004326,0.842100,0.003172,0.003985,0.041312,0.003400,0.053104,0.004349
0.024107,0.023151,0.183979,0.018978,0.224000,0.225080,0.023151,0.079695,0.016902,0.180957
0.007139,0.035428,0.006562,0.870859,0.004413,0.004737,0.035428,0.004010,0.024840,0.006584
0.898827,0.012447,0.014028,0.008892,0.010418,0.010575,0.012448,0.010143,0.008131,0.014092
0.012958,0.326709,0.024012,0.056551,0.015903,0.021628,0.326708,0.021398,0.169937,0.024196
0.005293,0.008001,0.190549,0.005322,0.447643,0.096251,0.008001,0.050850,0.005808,0.182282
0.024456,0.248296,0.042866,0.140299,0.032755,0.033218,0.248296,0.027021,0.159680,0.043113
0.009890,0.236181,0.018333,0.061334,0.013198,0.013625,0.236180,0.012764,0.379999,0.018496
0.066496,0.290932,0.039370,0.057222,0.025746,0.033498,0.290931,0.027798,0.128350,0.039656
0.020987,0.041984,0.219010,0.020882,0.202294,0.153056,0.041984,0.061181,0.021544,0.217078
0.011623,0.177520,0.019416,0.033299,0.011697,0.014885,0.177520,0.012277,0.522146,0.019618
0.002584,0.006667,0.152648,0.003368,0.470374,0.183171,0.006667,0.022576,0.003523,0.148421
0.007930,0.302238,0.014078,0.051558,0.008992,0.010761,0.302237,0.010796,0.277175,0.014235
0.033296,0.210776,0.061743,0.077029,0.044104,0.052307,0.210776,0.079422,0.168430,0.062118
0.013151,0.026145,0.216094,0.014486,0.252415,0.123523,0.026145,0.097311,0.018438,0.212293
0.005759,0.010305,0.148735,0.005928,0.563426,0.071008,0.010305,0.033380,0.006260,0.144894
0.010735,0.023373,0.133124,0.011930,0.118581,0.143128,0.023373,0.392111,0.012699,0.130947
0.010824,0.235003,0.016375,0.060078,0.010424,0.012291,0.235002,0.012571,0.390875,0.016558
0.008474,0.029709,0.154895,0.010466,0.485515,0.082932,0.029709,0.034494,0.012222,0.151585
0.005096,0.015449,0.191506,0.007032,0.117868,0.144746,0.015449,0.300711,0.013861,0.188282
0.026717,0.299433,0.044200,0.056757,0.031879,0.032544,0.299433,0.029742,0.134863,0.044432
0.011804,0.237938,0.016083,0.035977,0.010249,0.013260,0.237938,0.012615,0.407900,0.016236
0.007384,0.030590,0.005770,0.875805,0.004170,0.004522,0.030590,0.004609,0.030745,0.005814
0.007521,0.099681,0.010683,0.026591,0.007259,0.010197,0.099681,0.008392,0.719265,0.010730
0.069658,0.240785,0.043896,0.042338,0.024721,0.034813,0.240785,0.025614,0.232929,0.044462
0.004991,0.016104,0.198184,0.007198,0.341600,0.103661,0.016104,0.112455,0.007656,0.192047
0.000789,0.019720,0.001097,0.004615,0.000795,0.000914,0.019720,0.000791,0.950453,0.001105
0.009787,0.321180,0.025823,0.041569,0.015374,0.018994,0.321179,0.015635,0.204355,0.026106
0.018409,0.230587,0.014621,0.043143,0.008899,0.011007,0.230586,0.010502,0.417447,0.014800
0.060885,0.225976,0.068990,0.079666,0.046903,0.049674,0.225977,0.038808,0.133624,0.069497
0.047114,0.154968,0.127825,0.046333,0.083227,0.083345,0.154968,0.113997,0.059132,0.129090
0.014421,0.137251,0.033694,0.032013,0.021574,0.023553,0.137250,0.020735,0.545565,0.033943
0.026509,0.243470,0.100770,0.049299,0.059997,0.063179,0.243471,0.054608,0.056546,0.102151
0.018490,0.312253,0.045742,0.048130,0.027048,0.034335,0.312253,0.029622,0.125881,0.046246
0.283656,0.155704,0.030335,0.058835,0.021058,0.023401,0.155704,0.021968,0.218807,0.030532
0.066430,0.095843,0.123931,0.061596,0.107876,0.100048,0.095843,0.156641,0.067728,0.124065
0.028631,0.225260,0.047048,0.168338,0.033612,0.039939,0.225260,0.032135,0.152410,0.047368
0.023632,0.252306,0.067500,0.059803,0.041456,0.059031,0.252306,0.050696,0.125258,0.068011
0.033448,0.077552,0.181181,0.050555,0.139753,0.105266,0.077552,0.101254,0.051718,0.181721
0.025655,0.325202,0.043838,0.044894,0.023533,0.036741,0.325201,0.024732,0.106022,0.044182
0.002401,0.003101,0.080528,0.002207,0.754446,0.051856,0.003101,0.022350,0.002349,0.077661
0.023698,0.021682,0.234783,0.009844,0.227567,0.154905,0.021682,0.062887,0.011122,0.231829
0.028386,0.218150,0.056462,0.088010,0.039886,0.049983,0.218150,0.040000,0.204170,0.056804
0.015377,0.100862,0.162251,0.032787,0.103961,0.227213,0.100862,0.059280,0.036979,0.160428
0.014960,0.129336,0.018645,0.576858,0.010108,0.017727,0.129336,0.014680,0.069481,0.018869
0.052042,0.175675,0.121078,0.055510,0.079954,0.083373,0.175675,0.071681,0.062693,0.122318
0.466226,0.131223,0.046105,0.045631,0.032429,0.034009,0.131223,0.025947,0.040686,0.046520
0.025582,0.116559,0.193256,0.031937,0.105826,0.096776,0.116559,0.078138,0.038941,0.196426
0.038216,0.182278,0.067750,0.112130,0.056330,0.057262,0.182278,0.054486,0.181488,0.067783
0.021014,0.149624,0.049054,0.079334,0.030999,0.044448,0.149624,0.036892,0.389774,0.049237
0.007598,0.082531,0.009952,0.023212,0.006635,0.008231,0.082531,0.007068,0.762231,0.010012
0.004999,0.085739,0.014297,0.629063,0.008044,0.010179,0.085739,0.024373,0.123158,0.014410
0.054801,0.214699,0.082449,0.066808,0.049830,0.077145,0.214700,0.060669,0.095645,0.083255
0.002411,0.004215,0.113935,0.002603,0.686467,0.053041,0.004215,0.021004,0.002747,0.109363
0.005226,0.301616,0.011362,0.041624,0.007024,0.008406,0.301615,0.008178,0.303464,0.011485
0.077978,0.171454,0.075932,0.182448,0.050355,0.050032,0.171454,0.049761,0.094233,0.076353
0.009676,0.014983,0.203352,0.009252,0.350886,0.128376,0.014983,0.060960,0.010117,0.197415
0.042817,0.132055,0.033524,0.038468,0.019196,0.024671,0.132055,0.020564,0.522729,0.033923
0.029809,0.305742,0.040852,0.040867,0.021874,0.029029,0.305741,0.034521,0.150234,0.041330
0.004660,0.008671,0.224927,0.004399,0.107461,0.219662,0.008671,0.186294,0.005014,0.230241
0.015743,0.301101,0.028260,0.062828,0.018700,0.024781,0.301100,0.022508,0.196474,0.028504
0.003503,0.008582,0.201981,0.003776,0.263594,0.140055,0.008582,0.170284,0.003855,0.195788
0.012270,0.021177,0.228400,0.011688,0.230518,0.176566,0.021177,0.061245,0.013362,0.223597
0.018918,0.307068,0.027278,0.076740,0.018189,0.024711,0.307068,0.020951,0.171573,0.027504
0.012580,0.015688,0.192458,0.011392,0.375569,0.111390,0.015688,0.066862,0.011984,0.186388
0.007689,0.015757,0.213623,0.008565,0.134217,0.145881,0.015757,0.234952,0.008780,0.214779
0.046844,0.217605,0.059916,0.098795,0.044589,0.048710,0.217605,0.051803,0.153937,0.060198
0.003564,0.006005,0.111701,0.003980,0.637617,0.065606,0.006005,0.053090,0.004137,0.108296
0.027692,0.287550,0.071380,0.045958,0.041679,0.057200,0.287551,0.046518,0.062143,0.072330
0.012792,0.261740,0.024663,0.064381,0.016977,0.020050,0.261739,0.020948,0.291856,0.024854
0.009676,0.020216,0.203133,0.009095,0.094357,0.291369,0.020216,0.142203,0.009555,0.200179
0.026867,0.153193,0.087327,0.070556,0.047457,0.075302,0.153193,0.061240,0.235245,0.089620
0.005899,0.375940,0.011341,0.041259,0.006933,0.008499,0.375939,0.007981,0.154741,0.011468
0.010890,0.114874,0.019680,0.573474,0.014293,0.019273,0.114874,0.015980,0.096908,0.019754
0.029983,0.032283,0.180585,0.025314,0.135054,0.118849,0.032283,0.238459,0.024084,0.183105
0.019918,0.151990,0.030441,0.122202,0.021884,0.023390,0.151990,0.024188,0.423357,0.030642
0.022067,0.094294,0.026382,0.442293,0.020850,0.023295,0.094294,0.022252,0.227753,0.026521
0.047394,0.236355,0.049859,0.091774,0.044758,0.048036,0.236354,0.046388,0.149104,0.049979
0.004997,0.067873,0.007188,0.018682,0.005036,0.005557,0.067873,0.005194,0.810352,0.007248
0.058012,0.112973,0.133190,0.057170,0.099683,0.097415,0.112973,0.134478,0.060151,0.133954
0.047033,0.178813,0.083024,0.095581,0.068035,0.078400,0.178813,0.062802,0.124234,0.083264
0.006772,0.194710,0.016568,0.153193,0.009500,0.011596,0.194710,0.011486,0.384730,0.016734
0.021312,0.185834,0.034761,0.252979,0.025329,0.036658,0.185834,0.025046,0.197351,0.034896
0.042462,0.182366,0.101351,0.085389,0.067590,0.078644,0.182366,0.067896,0.089840,0.102096
0.005413,0.247984,0.008214,0.045695,0.005388,0.006899,0.247983,0.006431,0.417705,0.008289
0.002939,0.041313,0.004326,0.842100,0.003172,0.003985,0.041312,0.003400,0.053104,0.004349
0.029983,0.261123,0.070387,0.091724,0.041848,0.061241,0.261124,0.036935,0.074434,0.071201
0.064638,0.136100,0.100666,0.074375,0.067779,0.092754,0.136100,0.111915,0.114415,0.101257
0.037978,0.140901,0.027995,0.484268,0.018997,0.024877,0.140901,0.022506,0.073354,0.028224
0.011949,0.321423,0.022080,0.127892,0.015198,0.018030,0.321423,0.017508,0.122275,0.022223
0.064082,0.156484,0.046310,0.292739,0.028725,0.035149,0.156484,0.035998,0.137320,0.046710
0.016845,0.265119,0.029466,0.065450,0.019127,0.023498,0.265119,0.022289,0.263323,0.029765
0.013147,0.377846,0.020542,0.047856,0.013246,0.015924,0.377847,0.014037,0.098820,0.020736
0.013399,0.367241,0.026238,0.031616,0.015961,0.020301,0.367241,0.016250,0.115256,0.026496
0.019971,0.288748,0.046624,0.077299,0.026410,0.047369,0.288749,0.034662,0.123040,0.047128
0.015212,0.301023,0.039219,0.058588,0.022913,0.028395,0.301022,0.027323,0.166743,0.039562
0.010336,0.028487,0.004158,0.711484,0.003102,0.003573,0.028486,0.003230,0.202961,0.004184
0.024873,0.093686,0.169913,0.036890,0.102393,0.146318,0.093686,0.113336,0.050390,0.168516
0.015940,0.295289,0.034416,0.057759,0.021931,0.030893,0.295288,0.026244,0.187529,0.034710
0.001267,0.034475,0.001890,0.397325,0.001204,0.001419,0.034475,0.001459,0.524576,0.001908
0.007547,0.050558,0.011583,0.056117,0.008231,0.009259,0.050558,0.009710,0.784776,0.011660
0.013526,0.262577,0.019912,0.091191,0.011996,0.016009,0.262576,0.014212,0.287837,0.020165
0.026939,0.262882,0.047005,0.063483,0.029204,0.037200,0.262882,0.029239,0.193551,0.047613
0.027594,0.260433,0.072182,0.049282,0.046792,0.053813,0.260433,0.041917,0.114639,0.072916
0.020140,0.209238,0.025784,0.065313,0.018517,0.021619,0.209237,0.022710,0.381517,0.025925
0.021710,0.241751,0.034144,0.221029,0.023293,0.028103,0.241751,0.027657,0.126111,0.034451
0.047519,0.192666,0.079419,0.140940,0.055732,0.062015,0.192667,0.052319,0.096826,0.079897
0.051840,0.298602,0.025174,0.090895,0.013101,0.018893,0.298602,0.017757,0.159612,0.025524
0.002843,0.240536,0.008012,0.022913,0.003827,0.006584,0.240535,0.004713,0.461926,0.008110
0.006477,0.023846,0.007074,0.032173,0.006352,0.007293,0.023846,0.006637,0.879217,0.007085
0.034390,0.072832,0.042241,0.076634,0.037662,0.037292,0.072832,0.060907,0.522893,0.042319
0.022176,0.047415,0.032889,0.661069,0.028644,0.027653,0.047415,0.046766,0.052997,0.032976
0.021635,0.085516,0.025426,0.055127,0.021774,0.022397,0.085516,0.023219,0.633878,0.025510
0.094621,0.061700,0.053324,0.471982,0.042415,0.041945,0.061700,0.054370,0.064408,0.053535
0.010537,0.042446,0.012429,0.083504,0.010691,0.010092,0.042446,0.012281,0.763112,0.012462
0.009569,0.013797,0.010196,0.894345,0.009585,0.009487,0.013797,0.010162,0.018861,0.010202
0.009243,0.014692,0.011668,0.888561,0.010797,0.010676,0.014692,0.011160,0.016837,0.011672
0.012502,0.036919,0.012011,0.045864,0.009520,0.010410,0.036919,0.012306,0.811494,0.012055
0.008791,0.023226,0.009304,0.030117,0.008584,0.008542,0.023226,0.008838,0.870059,0.009312
0.042561,0.031855,0.025874,0.728167,0.022452,0.022911,0.031855,0.023789,0.044594,0.025942
0.013689,0.024684,0.015472,0.837859,0.013321,0.013326,0.024684,0.013680,0.027780,0.015504
0.002284,0.005409,0.002602,0.969691,0.002091,0.002258,0.005409,0.002339,0.005303,0.002613
0.003320,0.006070,0.003012,0.963082,0.002528,0.002647,0.006070,0.002643,0.007604,0.003022
0.018262,0.047013,0.023763,0.751469,0.018638,0.018965,0.047013,0.017234,0.033757,0.023886
0.006136,0.047643,0.009968,0.808452,0.007947,0.009029,0.047643,0.009141,0.044033,0.010009
0.016104,0.008642,0.006547,0.921705,0.005485,0.005478,0.008642,0.009250,0.011584,0.006565
0.039333,0.098949,0.035719,0.098546,0.031391,0.032633,0.098949,0.034468,0.494194,0.035819
0.008378,0.003126,0.001976,0.972060,0.001779,0.001866,0.003126,0.001781,0.003928,0.001981
0.004850,0.007379,0.004566,0.949372,0.003725,0.005370,0.007379,0.003942,0.008836,0.004582
0.003207,0.005698,0.002634,0.967025,0.002082,0.002406,0.005698,0.002341,0.006265,0.002645
0.033606,0.057347,0.042754,0.621357,0.035418,0.032055,0.057347,0.029527,0.047753,0.042836
0.034157,0.034424,0.037039,0.671466,0.036211,0.038614,0.034424,0.038144,0.038539,0.036983
0.045363,0.063737,0.053049,0.561732,0.039842,0.037445,0.063737,0.032739,0.049074,0.053282
0.070967,0.074400,0.072182,0.290336,0.059999,0.063079,0.074400,0.150147,0.072088,0.072401
0.025065,0.246467,0.036421,0.080349,0.026441,0.028448,0.246466,0.026730,0.246968,0.036644
0.017534,0.009037,0.006942,0.917042,0.005799,0.005787,0.009037,0.009915,0.011946,0.006961
0.015392,0.070922,0.018310,0.084075,0.015194,0.016085,0.070922,0.016156,0.674573,0.018371
0.153384,0.083457,0.073941,0.238166,0.061221,0.061847,0.083458,0.090707,0.079657,0.074161
0.003325,0.006032,0.002765,0.964630,0.002285,0.002591,0.006032,0.002779,0.006785,0.002775
0.081980,0.133968,0.092902,0.096851,0.076136,0.118126,0.133968,0.083147,0.089632,0.093291
0.027951,0.228328,0.064164,0.060891,0.039807,0.062710,0.228328,0.039731,0.183368,0.064721
0.008233,0.334106,0.019506,0.039785,0.011066,0.013783,0.334105,0.011857,0.207826,0.019732
0.009868,0.086904,0.012080,0.355343,0.009358,0.010031,0.086904,0.010197,0.407190,0.012127
0.006338,0.144590,0.014010,0.305002,0.008729,0.010192,0.144590,0.010528,0.341898,0.014123
0.012160,0.070761,0.018401,0.441227,0.012475,0.014939,0.070761,0.020054,0.320684,0.018538
0.010288,0.298999,0.022098,0.064793,0.013797,0.015750,0.298998,0.014384,0.238491,0.022402
0.008893,0.075751,0.011300,0.466623,0.007562,0.008432,0.075751,0.008834,0.325454,0.011400
0.029403,0.214929,0.041827,0.076162,0.029795,0.033218,0.214929,0.029411,0.288145,0.042181
0.012816,0.364959,0.024821,0.036977,0.013937,0.016443,0.364959,0.014452,0.125486,0.025150
0.012395,0.166015,0.022960,0.128895,0.017642,0.017541,0.166014,0.016612,0.428873,0.023052
0.026717,0.299433,0.044200,0.056757,0.031879,0.032544,0.299433,0.029742,0.134863,0.044432
0.030042,0.272500,0.072020,0.047684,0.046555,0.053903,0.272501,0.044157,0.088133,0.072505
0.021408,0.056949,0.021388,0.628629,0.018730,0.019696,0.056949,0.019543,0.135271,0.021438
0.025310,0.208584,0.031696,0.151531,0.021917,0.025788,0.208583,0.024529,0.270133,0.031929
0.000581,0.023525,0.001120,0.929488,0.000669,0.000903,0.023525,0.000874,0.018184,0.001133
0.016992,0.121170,0.022288,0.328411,0.017411,0.020584,0.121170,0.019022,0.310519,0.022432
0.008924,0.359156,0.021423,0.029995,0.010859,0.016484,0.359155,0.013694,0.158571,0.021738
0.011012,0.326246,0.022814,0.060048,0.014300,0.018975,0.326245,0.017599,0.179741,0.023020
0.010846,0.125006,0.021459,0.121650,0.014209,0.016171,0.125006,0.021328,0.522716,0.021609
0.004581,0.032697,0.004626,0.845370,0.003295,0.003557,0.032697,0.003570,0.064948,0.004660
0.002653,0.159510,0.005091,0.012545,0.003174,0.005085,0.159510,0.003938,0.643356,0.005137
0.027161,0.244478,0.038156,0.207373,0.025746,0.029365,0.244478,0.027605,0.117147,0.038491
0.009798,0.254210,0.018336,0.096556,0.012046,0.016204,0.254209,0.013415,0.306726,0.018499
0.012041,0.239691,0.021942,0.213279,0.013468,0.017970,0.239691,0.015792,0.203926,0.022199
0.014660,0.133517,0.014388,0.529135,0.009373,0.011114,0.133517,0.010275,0.129521,0.014499
0.006263,0.105734,0.008870,0.485920,0.006343,0.007484,0.105733,0.008244,0.256483,0.008927
0.001826,0.055268,0.002764,0.010669,0.001659,0.002143,0.055267,0.001931,0.865679,0.002794
0.025238,0.277191,0.026017,0.047118,0.015038,0.019978,0.277190,0.016796,0.269124,0.026311
0.138356,0.133502,0.050960,0.212733,0.035789,0.046726,0.133502,0.048211,0.148971,0.051250
0.006279,0.267829,0.010502,0.047700,0.006678,0.007886,0.267829,0.007234,0.367444,0.010619
0.054535,0.156524,0.055670,0.175483,0.042307,0.053534,0.156524,0.051215,0.198211,0.055998
0.034581,0.264075,0.062887,0.060330,0.043457,0.046429,0.264075,0.048453,0.112279,0.063434
0.004543,0.025880,0.005357,0.886750,0.003882,0.004271,0.025880,0.004727,0.033315,0.005394
0.045946,0.029803,0.014234,0.791783,0.012151,0.012965,0.029803,0.012593,0.036454,0.014268
0.092180,0.086337,0.032531,0.447162,0.026169,0.027032,0.086337,0.029117,0.140501,0.032636
0.024302,0.126453,0.048750,0.421790,0.032156,0.043971,0.126453,0.035792,0.091123,0.049210
0.030676,0.179491,0.049108,0.191476,0.038346,0.044798,0.179491,0.037094,0.200152,0.049369
0.017582,0.308605,0.033897,0.069944,0.021593,0.025314,0.308606,0.024093,0.156120,0.034246
0.041676,0.096390,0.056466,0.431679,0.045043,0.045757,0.096390,0.042726,0.087166,0.056707
0.015273,0.303374,0.061672,0.079712,0.033883,0.038740,0.303376,0.028606,0.072900,0.062463
0.001705,0.015775,0.002497,0.933166,0.001773,0.002294,0.015775,0.002089,0.022410,0.002516
0.019069,0.326097,0.040616,0.059594,0.024773,0.031537,0.326097,0.027817,0.103389,0.041011
0.003011,0.038536,0.005645,0.866422,0.003697,0.004341,0.038536,0.004660,0.029465,0.005687
0.008790,0.073358,0.013984,0.742713,0.008667,0.012843,0.073359,0.009898,0.042254,0.014135
0.002873,0.011103,0.002999,0.945065,0.002391,0.002555,0.011103,0.002631,0.016265,0.003015
0.011820,0.178137,0.015077,0.050996,0.009902,0.011741,0.178137,0.010116,0.518839,0.015234
0.013645,0.059253,0.016979,0.712757,0.013893,0.014395,0.059253,0.014653,0.078121,0.017050
0.003009,0.022949,0.002733,0.925973,0.001743,0.002733,0.022949,0.002058,0.013103,0.002749
0.005423,0.166862,0.013866,0.044171,0.007506,0.009372,0.166862,0.009906,0.562010,0.014022
0.010853,0.088505,0.021142,0.061474,0.013442,0.017789,0.088505,0.017920,0.659095,0.021276
0.046881,0.104632,0.068990,0.291644,0.053871,0.059820,0.104632,0.091210,0.109081,0.069240
0.033203,0.263877,0.071281,0.062649,0.036873,0.049863,0.263877,0.050736,0.095386,0.072255
0.027715,0.194129,0.034846,0.112655,0.023985,0.032370,0.194129,0.026005,0.319129,0.035038
0.009943,0.211698,0.017376,0.162354,0.010578,0.012266,0.211698,0.012127,0.334398,0.017561
0.120340,0.114937,0.052534,0.307239,0.039536,0.041861,0.114937,0.039564,0.116189,0.052865
0.006043,0.120447,0.007643,0.593080,0.005617,0.006246,0.120446,0.005630,0.127143,0.007705
0.006908,0.014206,0.002914,0.939481,0.001982,0.002259,0.014206,0.002208,0.012895,0.002941
0.008787,0.091131,0.017675,0.664666,0.012203,0.013869,0.091131,0.012650,0.070074,0.017815
0.044509,0.181218,0.065373,0.087885,0.053248,0.066699,0.181218,0.081529,0.172623,0.065697
0.010851,0.290232,0.025423,0.036334,0.014000,0.019278,0.290231,0.016737,0.271197,0.025716
0.017994,0.252974,0.030387,0.108329,0.018428,0.022615,0.252974,0.021346,0.244265,0.030689
0.007690,0.352039,0.013463,0.048097,0.007748,0.011540,0.352038,0.009768,0.184004,0.013612
0.001959,0.072644,0.003242,0.714559,0.002004,0.002591,0.072643,0.002162,0.124923,0.003275
0.003426,0.092700,0.004690,0.051384,0.002988,0.003762,0.092700,0.003312,0.740304,0.004733
0.008527,0.327579,0.019638,0.073426,0.011223,0.018134,0.327579,0.013475,0.180557,0.019862
0.009742,0.262628,0.022309,0.069547,0.013672,0.018445,0.262627,0.013297,0.305205,0.022529
0.012865,0.276313,0.023863,0.074300,0.014726,0.022596,0.276312,0.016843,0.258083,0.024098
0.021686,0.181203,0.028949,0.101693,0.022364,0.024544,0.181202,0.024132,0.385153,0.029073
0.017675,0.205681,0.024153,0.178339,0.015952,0.021957,0.205680,0.018244,0.287959,0.024360
0.020276,0.212421,0.067675,0.117982,0.040630,0.044270,0.212421,0.064824,0.151147,0.068352
0.006158,0.206075,0.011194,0.272284,0.007365,0.009917,0.206075,0.008479,0.261170,0.011284
0.002067,0.017162,0.002993,0.577561,0.002351,0.002416,0.017162,0.002349,0.372931,0.003007
0.062316,0.199498,0.076896,0.076254,0.055368,0.075956,0.199498,0.059494,0.117144,0.077575
0.016535,0.198354,0.033540,0.056128,0.022674,0.025924,0.198354,0.020869,0.393819,0.033803
0.025776,0.227746,0.044053,0.062225,0.029583,0.041868,0.227745,0.030596,0.266081,0.044327
0.004308,0.021495,0.005509,0.902085,0.004401,0.004834,0.021495,0.005003,0.025340,0.005529
0.004949,0.117151,0.010024,0.553467,0.007083,0.007967,0.117151,0.008133,0.164024,0.010050
0.000966,0.027902,0.001344,0.007276,0.000887,0.001089,0.027902,0.001011,0.930270,0.001355
0.023933,0.193658,0.043122,0.102730,0.030868,0.035877,0.193658,0.032008,0.300975,0.043170
0.011222,0.305509,0.021328,0.089061,0.014868,0.024780,0.305508,0.015207,0.191084,0.021433
0.002752,0.023047,0.003045,0.897477,0.002262,0.002627,0.023047,0.002520,0.040156,0.003067
0.005182,0.154657,0.009019,0.024292,0.005278,0.006266,0.154656,0.005523,0.626018,0.009109
0.010882,0.134398,0.019064,0.483829,0.012063,0.018310,0.134397,0.013127,0.154680,0.019249
0.008475,0.217060,0.015144,0.056777,0.009727,0.011117,0.217060,0.011177,0.438178,0.015286
0.007265,0.110201,0.012805,0.024439,0.008458,0.009471,0.110200,0.008008,0.696238,0.012913
0.003725,0.042564,0.005849,0.014924,0.003964,0.004443,0.042564,0.004514,0.871556,0.005898
0.020825,0.243772,0.040499,0.096249,0.024599,0.030042,0.243772,0.025172,0.234240,0.040830
0.023360,0.266980,0.050113,0.061108,0.032058,0.035966,0.266980,0.038889,0.173932,0.050615
0.012104,0.268336,0.030304,0.079272,0.021727,0.023913,0.268335,0.021399,0.244217,0.030393
0.029761,0.204264,0.021528,0.047672,0.013891,0.015169,0.204263,0.014107,0.427620,0.021726
0.010174,0.163324,0.014731,0.425506,0.008911,0.010895,0.163324,0.011076,0.177171,0.014888
0.020314,0.302938,0.033389,0.066842,0.022523,0.026569,0.302938,0.026982,0.163883,0.033623
0.016549,0.071668,0.024969,0.685868,0.018255,0.021942,0.071668,0.019264,0.044694,0.025121
0.013616,0.342716,0.026234,0.047567,0.017155,0.023362,0.342715,0.020445,0.139753,0.026436
0.006528,0.122286,0.011273,0.029437,0.007242,0.008252,0.122286,0.008046,0.673272,0.011378
0.013433,0.065102,0.019252,0.720716,0.014220,0.015543,0.065102,0.016278,0.050983,0.019372
0.017606,0.102825,0.025609,0.310144,0.020561,0.021595,0.102825,0.022182,0.350933,0.025720
0.021044,0.301629,0.047329,0.060849,0.028871,0.034724,0.301629,0.038273,0.117811,0.047841
0.012551,0.128411,0.015989,0.580410,0.011656,0.012990,0.128411,0.012521,0.080972,0.016088
0.010376,0.377995,0.042112,0.032178,0.018165,0.028615,0.377996,0.019944,0.049820,0.042800
0.021517,0.250916,0.039991,0.201113,0.026245,0.034241,0.250917,0.031223,0.103520,0.040316
0.004228,0.069031,0.006294,0.755050,0.004420,0.005598,0.069031,0.005239,0.074766,0.006341
0.004360,0.054218,0.004837,0.770506,0.003678,0.004400,0.054218,0.004601,0.094314,0.004868
0.008078,0.077528,0.016095,0.708880,0.010389,0.013046,0.077528,0.013225,0.059004,0.016228
0.016880,0.273688,0.036661,0.063626,0.025210,0.030366,0.273688,0.026856,0.216066,0.036958
0.001214,0.039871,0.001846,0.149589,0.001228,0.001547,0.039871,0.001524,0.761447,0.001862
0.005518,0.104028,0.010641,0.688724,0.006546,0.007705,0.104028,0.008176,0.053894,0.010739
0.090024,0.205228,0.077318,0.104017,0.047176,0.059825,0.205228,0.055883,0.077330,0.077971
0.041354,0.217495,0.056342,0.160560,0.038884,0.042510,0.217495,0.045697,0.122872,0.056789
0.011241,0.191044,0.027331,0.423490,0.016285,0.021742,0.191044,0.018716,0.071474,0.027633
0.007235,0.241670,0.012247,0.267475,0.007524,0.010977,0.241671,0.009693,0.189140,0.012367
0.017587,0.145928,0.055671,0.190188,0.025617,0.055913,0.145928,0.063126,0.244019,0.056021
0.060253,0.242628,0.061904,0.078072,0.036855,0.053753,0.242628,0.039668,0.121967,0.062272
0.038190,0.098182,0.035047,0.135853,0.030562,0.031913,0.098182,0.034210,0.462713,0.035149
0.003063,0.220911,0.007660,0.072224,0.004292,0.006481,0.220911,0.008030,0.448702,0.007724
0.002184,0.030772,0.002662,0.837141,0.001831,0.002214,0.030772,0.002231,0.087510,0.002683
0.004454,0.006439,0.004078,0.956103,0.003365,0.003700,0.006439,0.003525,0.007805,0.004091
0.002994,0.039849,0.004469,0.062215,0.002920,0.003613,0.039849,0.003249,0.836336,0.004508
0.043564,0.051441,0.017570,0.654971,0.014719,0.015322,0.051441,0.015185,0.118158,0.017628
0.041626,0.011851,0.007660,0.886210,0.006573,0.007037,0.011851,0.006543,0.012955,0.007694
0.034463,0.094119,0.052076,0.453058,0.045786,0.043796,0.094119,0.041293,0.089043,0.052246
0.010788,0.053869,0.013077,0.780893,0.010283,0.011502,0.053869,0.011211,0.041362,0.013147
0.011704,0.222283,0.027902,0.115723,0.017406,0.030020,0.222282,0.019751,0.304881,0.028048
0.057615,0.162560,0.084333,0.125198,0.063266,0.071135,0.162560,0.066673,0.122120,0.084540
0.014746,0.242544,0.030466,0.059189,0.024286,0.034708,0.242543,0.021320,0.299591,0.030608
0.007010,0.093107,0.009242,0.526659,0.006236,0.006897,0.093107,0.006868,0.241552,0.009323
0.030740,0.301991,0.026628,0.070991,0.015234,0.017928,0.301990,0.015700,0.191901,0.026897
0.014063,0.193436,0.027295,0.318725,0.019203,0.022312,0.193436,0.020152,0.163916,0.027462
0.025055,0.123082,0.032120,0.426680,0.023397,0.034042,0.123082,0.028601,0.151649,0.032291
0.013505,0.282542,0.081897,0.034962,0.035029,0.052177,0.282542,0.053488,0.080834,0.083025
0.008033,0.060440,0.010285,0.785102,0.006809,0.008781,0.060440,0.008252,0.041490,0.010369
0.036467,0.250426,0.049287,0.074946,0.033674,0.037135,0.250425,0.034623,0.183325,0.049693
0.028203,0.154103,0.146647,0.052969,0.087421,0.092113,0.154104,0.069956,0.067362,0.147122
0.014960,0.129336,0.018645,0.576858,0.010108,0.017727,0.129336,0.014680,0.069481,0.018869
0.037656,0.203375,0.050990,0.062077,0.033271,0.038814,0.203375,0.036609,0.282465,0.051369
0.012564,0.104171,0.020232,0.037002,0.014417,0.016221,0.104171,0.017313,0.653545,0.020366
0.068821,0.235831,0.057104,0.075256,0.038928,0.042014,0.235831,0.051451,0.137296,0.057469
0.012670,0.258360,0.023594,0.043404,0.014496,0.017919,0.258360,0.018204,0.329142,0.023852
0.153454,0.226426,0.060792,0.048730,0.033658,0.049788,0.226426,0.030583,0.108664,0.061479
0.071370,0.230492,0.079354,0.060605,0.051363,0.066351,0.230492,0.049578,0.080774,0.079621
0.009487,0.062036,0.010897,0.145708,0.008203,0.010287,0.062036,0.009644,0.670734,0.010969
0.025068,0.236663,0.036719,0.140484,0.025027,0.028866,0.236662,0.026963,0.206553,0.036995
0.029687,0.244536,0.067776,0.052764,0.042698,0.053224,0.244536,0.043288,0.153038,0.068454
0.016640,0.257980,0.083314,0.032330,0.041317,0.066394,0.257980,0.065294,0.094505,0.084246
0.028052,0.195332,0.096302,0.096816,0.068027,0.083537,0.195332,0.052194,0.087887,0.096522
0.020178,0.305677,0.034020,0.115215,0.021398,0.026800,0.305677,0.023757,0.112932,0.034346
0.027785,0.173729,0.114264,0.055074,0.078358,0.076028,0.173729,0.086100,0.099749,0.115184
0.428658,0.124795,0.061386,0.032864,0.037407,0.043375,0.124795,0.030795,0.053882,0.062045
0.019142,0.251512,0.057031,0.104812,0.032686,0.037538,0.251511,0.035635,0.152732,0.057401
0.043126,0.209838,0.075128,0.089458,0.057026,0.071441,0.209838,0.054051,0.114440,0.075654
0.016095,0.225947,0.018484,0.270879,0.010568,0.015054,0.225947,0.011483,0.186910,0.018633
0.005754,0.161537,0.011679,0.155574,0.007240,0.008822,0.161537,0.007622,0.468465,0.011772
0.010950,0.140819,0.027344,0.437406,0.016802,0.029814,0.140819,0.028817,0.139636,0.027593
0.043585,0.217591,0.060445,0.109898,0.049312,0.049996,0.217591,0.048963,0.141939,0.060680
0.008761,0.179352,0.010858,0.095509,0.007290,0.008696,0.179351,0.008408,0.490840,0.010935
0.005325,0.255540,0.010466,0.214400,0.005974,0.008592,0.255539,0.007923,0.225660,0.010581
0.026506,0.141045,0.046195,0.373502,0.036977,0.043008,0.141045,0.037274,0.108137,0.046309
0.040593,0.221363,0.078190,0.063732,0.049065,0.062905,0.221363,0.054965,0.128721,0.079102
0.000462,0.009479,0.000638,0.002637,0.000440,0.000529,0.009479,0.000514,0.975180,0.000643
0.022535,0.270432,0.027246,0.061689,0.016544,0.021479,0.270431,0.018511,0.263609,0.027525
0.002012,0.348675,0.005015,0.020773,0.002612,0.003960,0.348674,0.003186,0.260007,0.005085
0.018634,0.103795,0.034406,0.553895,0.024249,0.030144,0.103795,0.026904,0.069532,0.034647
0.007990,0.340043,0.024720,0.044052,0.012533,0.021633,0.340043,0.014127,0.169852,0.025008
0.000617,0.015876,0.000929,0.004348,0.000649,0.000754,0.015876,0.000738,0.959278,0.000935
0.001221,0.021297,0.001817,0.005407,0.001261,0.001443,0.021297,0.001487,0.942939,0.001831
0.011098,0.327003,0.023599,0.119521,0.014720,0.017677,0.327003,0.013892,0.121663,0.023824
0.011977,0.279735,0.026134,0.067458,0.016481,0.019429,0.279734,0.017151,0.255547,0.026355
0.029705,0.271922,0.053927,0.053111,0.031685,0.058281,0.271923,0.034198,0.140853,0.054395
0.015002,0.298906,0.035558,0.127538,0.020119,0.030070,0.298906,0.024363,0.113529,0.036010
0.014618,0.300487,0.028624,0.104972,0.018443,0.024079,0.300485,0.020437,0.158862,0.028994
0.020711,0.154852,0.143371,0.028398,0.073938,0.124455,0.154852,0.107578,0.046293,0.145551
0.005883,0.082824,0.009634,0.038053,0.006759,0.008246,0.082824,0.008646,0.747428,0.009702
0.014017,0.142931,0.012671,0.309216,0.007818,0.010528,0.142931,0.008246,0.338843,0.012800
0.031035,0.375960,0.031530,0.037617,0.015608,0.021306,0.375961,0.017120,0.061903,0.031960
0.021113,0.298752,0.065517,0.062769,0.030979,0.041242,0.298753,0.041470,0.072882,0.066525
0.012800,0.313022,0.049012,0.057032,0.032636,0.037333,0.313021,0.033029,0.102858,0.049257
0.007699,0.138623,0.023089,0.539942,0.016235,0.018634,0.138622,0.018590,0.075372,0.023195
0.030057,0.198188,0.048199,0.259699,0.032456,0.039369,0.198188,0.032291,0.112939,0.048614
0.019063,0.095458,0.029197,0.513359,0.022119,0.024249,0.095458,0.022610,0.149123,0.029363
0.015611,0.335271,0.039367,0.083112,0.024321,0.032004,0.335273,0.026216,0.069124,0.039702
0.006619,0.194490,0.015710,0.061339,0.009085,0.012609,0.194490,0.010529,0.479245,0.015883
0.004108,0.058158,0.006174,0.700875,0.004666,0.005006,0.058158,0.004824,0.151829,0.006203
0.073091,0.274251,0.044231,0.049666,0.034106,0.053823,0.274251,0.025964,0.126225,0.044392
0.006578,0.392298,0.012236,0.034173,0.007729,0.010471,0.392298,0.008925,0.122938,0.012354
0.010890,0.114874,0.019680,0.573474,0.014293,0.019273,0.114874,0.015980,0.096908,0.019754
0.004045,0.046314,0.007554,0.835806,0.004771,0.006858,0.046314,0.005063,0.035662,0.007614
0.015464,0.157057,0.026127,0.371720,0.016343,0.018136,0.157057,0.017049,0.194659,0.026388
0.015311,0.104056,0.021335,0.589136,0.015993,0.019894,0.104056,0.017528,0.091226,0.021463
0.012326,0.306133,0.038488,0.076178,0.025163,0.025692,0.306133,0.023726,0.147335,0.038826
0.012058,0.261679,0.036935,0.197294,0.021418,0.031849,0.261679,0.025018,0.114808,0.037264
0.029728,0.052985,0.234079,0.026587,0.117573,0.117549,0.052985,0.100964,0.033730,0.233819
0.021388,0.305220,0.018545,0.067024,0.009580,0.014907,0.305219,0.011862,0.227526,0.018729
0.011444,0.014023,0.227776,0.010820,0.264661,0.147337,0.014023,0.076368,0.011329,0.222218
0.014813,0.164179,0.018539,0.333081,0.013110,0.013970,0.164178,0.011059,0.248374,0.018697
0.018680,0.090073,0.022374,0.628154,0.016446,0.018787,0.090072,0.018641,0.074238,0.022535
0.002807,0.052759,0.003294,0.200734,0.002225,0.002730,0.052758,0.002640,0.676730,0.003322
0.011767,0.087254,0.014340,0.664789,0.009537,0.011950,0.087253,0.010978,0.087660,0.014472
0.015584,0.061040,0.137488,0.019305,0.047363,0.075743,0.061040,0.413735,0.029796,0.138905
0.009185,0.020701,0.288829,0.009614,0.153125,0.116624,0.020701,0.069034,0.010998,0.301189
0.819141,0.023881,0.020814,0.020297,0.017751,0.018040,0.023881,0.017534,0.017778,0.020882
0.513071,0.067312,0.056702,0.064499,0.040870,0.045945,0.067312,0.037142,0.050085,0.057060
0.010239,0.027648,0.217183,0.012141,0.176175,0.217824,0.027648,0.082169,0.014368,0.214605
0.013132,0.016817,0.204730,0.012735,0.263494,0.182744,0.016817,0.076213,0.013064,0.200255
0.027538,0.032810,0.175793,0.034423,0.318170,0.115127,0.032810,0.064010,0.026845,0.172475
0.016547,0.028235,0.224396,0.019147,0.137916,0.148470,0.028235,0.152936,0.018178,0.225939
0.027736,0.153142,0.071318,0.278447,0.044741,0.061941,0.153142,0.047885,0.089893,0.071755
0.014561,0.144453,0.020784,0.474499,0.012981,0.016987,0.144452,0.014733,0.135567,0.020982
0.012591,0.081650,0.018842,0.677608,0.015217,0.015329,0.081650,0.013655,0.064550,0.018909
0.017981,0.153568,0.022779,0.080142,0.015690,0.018463,0.153567,0.020098,0.494781,0.022930
0.003576,0.077008,0.005953,0.766028,0.003933,0.004877,0.077008,0.004194,0.051422,0.006002
0.022017,0.070873,0.154387,0.031526,0.062969,0.080061,0.070873,0.314194,0.036926,0.156173
0.022717,0.023313,0.165558,0.016265,0.093632,0.166926,0.023313,0.306888,0.017118,0.164270
0.028721,0.027983,0.179397,0.010913,0.311596,0.155938,0.027983,0.068639,0.013604,0.175226
0.024681,0.029993,0.243135,0.013104,0.165517,0.142334,0.029993,0.096458,0.014715,0.240068
0.059203,0.101774,0.162906,0.038810,0.144398,0.103546,0.101774,0.073112,0.052268,0.162208
0.015043,0.049015,0.232067,0.015599,0.143026,0.187486,0.049015,0.058000,0.019894,0.230856
0.018576,0.025053,0.163693,0.020018,0.135243,0.208044,0.025053,0.224107,0.018266,0.161946
0.043167,0.198658,0.061319,0.091721,0.044197,0.051332,0.198658,0.050330,0.198984,0.061634
0.017258,0.307028,0.045191,0.068092,0.026877,0.031865,0.307027,0.027832,0.123207,0.045623
0.003372,0.078282,0.006702,0.747776,0.004216,0.005192,0.078281,0.004391,0.065037,0.006750
0.027951,0.228328,0.064164,0.060891,0.039807,0.062710,0.228328,0.039731,0.183368,0.064721
0.009430,0.011075,0.109217,0.009207,0.088686,0.114806,0.011075,0.528960,0.009497,0.108048
0.010070,0.232368,0.013658,0.102647,0.009314,0.010354,0.232367,0.009515,0.365943,0.013763
0.052655,0.026105,0.251904,0.011034,0.106966,0.197414,0.026105,0.057691,0.015990,0.254136
0.012160,0.070761,0.018401,0.441227,0.012475,0.014939,0.070761,0.020054,0.320684,0.018538
0.007110,0.015811,0.176388,0.008811,0.162784,0.191721,0.015811,0.240752,0.009095,0.171715
0.064745,0.070477,0.191562,0.038474,0.109024,0.122702,0.070477,0.061803,0.074688,0.196048
0.008672,0.030197,0.242717,0.010192,0.067045,0.208324,0.030197,0.133798,0.016851,0.252006
0.063080,0.057283,0.202277,0.029898,0.157147,0.110565,0.057283,0.085329,0.034858,0.202279
0.018574,0.022505,0.187094,0.013826,0.307214,0.166875,0.022505,0.062918,0.014344,0.184143
0.004695,0.011845,0.179315,0.005347,0.143070,0.316450,0.011845,0.148804,0.005038,0.173591
0.018574,0.022505,0.187094,0.013826,0.307214,0.166875,0.022505,0.062918,0.014344,0.184143
0.003858,0.007565,0.171122,0.003388,0.264661,0.141091,0.007565,0.231941,0.003787,0.165021
0.008029,0.017081,0.210267,0.006645,0.063300,0.300951,0.017081,0.154273,0.008819,0.213554
0.007735,0.007842,0.160605,0.004843,0.562649,0.062703,0.007842,0.023495,0.004993,0.157292
0.005726,0.008541,0.201926,0.005231,0.216302,0.284104,0.008541,0.067881,0.005689,0.196058
0.082547,0.039390,0.193631,0.020754,0.196042,0.160028,0.039390,0.057211,0.020535,0.190472
0.020481,0.022466,0.172916,0.019220,0.337617,0.157404,0.022466,0.063967,0.019536,0.163927
0.033675,0.028931,0.225898,0.013799,0.091438,0.224272,0.028931,0.114704,0.012622,0.225730
0.014820,0.014778,0.196137,0.009314,0.411700,0.088120,0.014778,0.047576,0.009984,0.192793
0.004291,0.005776,0.167266,0.004231,0.492435,0.119862,0.005776,0.034569,0.003970,0.161824
0.036155,0.049019,0.196524,0.023884,0.179359,0.111081,0.049019,0.138403,0.022649,0.193908
0.025624,0.025710,0.201870,0.017112,0.338424,0.088354,0.025710,0.058880,0.018680,0.199636
0.019986,0.033365,0.210486,0.017851,0.174838,0.159116,0.033365,0.127503,0.016921,0.206569
0.029129,0.007752,0.156710,0.005089,0.507111,0.100814,0.007752,0.028608,0.005319,0.151716
0.006861,0.016028,0.201659,0.007894,0.232320,0.268766,0.016028,0.046519,0.008184,0.195741
0.015231,0.304588,0.037651,0.087919,0.019737,0.033093,0.304587,0.024876,0.134188,0.038130
0.058926,0.023129,0.193864,0.017097,0.255393,0.139346,0.023129,0.076833,0.022433,0.189850
0.014860,0.016634,0.153079,0.011760,0.436068,0.144280,0.016634,0.047076,0.011569,0.148040
0.006003,0.007117,0.248167,0.004584,0.247884,0.184368,0.007117,0.048454,0.004823,0.241483
0.011400,0.015276,0.213547,0.009550,0.257920,0.166369,0.015276,0.093408,0.010112,0.207141
0.016882,0.265346,0.034674,0.103787,0.021386,0.025782,0.265345,0.025795,0.206061,0.034942
0.011471,0.040481,0.229804,0.011687,0.112469,0.208779,0.040481,0.095909,0.014177,0.234741
0.010765,0.029063,0.258276,0.014862,0.126669,0.171181,0.029063,0.083293,0.013868,0.262960
0.023630,0.212363,0.034742,0.089640,0.025431,0.029906,0.212363,0.029276,0.307674,0.034974
0.008642,0.367029,0.023750,0.031593,0.013592,0.016208,0.367028,0.014582,0.133570,0.024006
0.621729,0.068640,0.041107,0.031275,0.029504,0.030816,0.068640,0.026275,0.040650,0.041364
0.031809,0.039778,0.203181,0.033839,0.200329,0.132745,0.039778,0.081674,0.030004,0.206864
0.018237,0.292454,0.062732,0.048008,0.033713,0.040156,0.292454,0.034534,0.114280,0.063433
0.023340,0.293217,0.040411,0.052587,0.023367,0.036176,0.293218,0.029958,0.167025,0.040701
0.019283,0.164248,0.027261,0.185208,0.018958,0.021811,0.164248,0.022123,0.349402,0.027457
0.016181,0.197034,0.031844,0.128403,0.021308,0.023343,0.197033,0.023493,0.329286,0.032076
0.171944,0.056926,0.177080,0.032835,0.117615,0.094437,0.056926,0.077909,0.037369,0.176958
0.110924,0.044030,0.227676,0.021476,0.149721,0.088901,0.044030,0.060967,0.024875,0.227401
0.032463,0.052542,0.239160,0.018550,0.188103,0.099737,0.052542,0.055472,0.024322,0.237109
0.008582,0.318254,0.020729,0.042495,0.013657,0.015970,0.318253,0.014378,0.226867,0.020815
0.029361,0.370838,0.033716,0.034833,0.017372,0.022609,0.370838,0.026664,0.059641,0.034130
0.022575,0.258876,0.056183,0.062820,0.027383,0.047875,0.258876,0.028323,0.179899,0.057190
0.018771,0.267353,0.032220,0.137678,0.021322,0.026789,0.267353,0.025827,0.170206,0.032482
0.018603,0.157617,0.020752,0.318684,0.014121,0.017605,0.157617,0.017839,0.256257,0.020906
0.100000,0.100000,0.100000,0.100000,0.100000,0.100000,0.100000,0.100000,0.100000,0.100000
0.031116,0.041318,0.195772,0.030441,0.137323,0.161300,0.041318,0.133156,0.032926,0.195330
0.026115,0.276743,0.050705,0.063298,0.036952,0.042829,0.276743,0.039943,0.135667,0.051005
0.024618,0.037224,0.281163,0.017994,0.122935,0.106867,0.037225,0.057875,0.020206,0.293893
0.008928,0.080752,0.013222,0.544332,0.009626,0.010492,0.080752,0.009724,0.228875,0.013297
0.015666,0.069768,0.224566,0.019505,0.182910,0.101117,0.069768,0.068172,0.025949,0.222576
0.007859,0.021780,0.234337,0.010680,0.143735,0.139881,0.021780,0.175566,0.012575,0.231808
0.024711,0.050684,0.226809,0.031002,0.104896,0.103428,0.050684,0.140394,0.040670,0.226723
0.004980,0.010513,0.203269,0.005549,0.190766,0.244235,0.010513,0.122804,0.006270,0.201102
0.057462,0.039568,0.229461,0.018233,0.153464,0.147596,0.039568,0.067186,0.020430,0.227033
0.027010,0.044946,0.230040,0.016216,0.223570,0.102998,0.044946,0.063758,0.019494,0.227022
0.027301,0.042964,0.217752,0.027147,0.165551,0.120064,0.042965,0.109644,0.028917,0.217696
0.026117,0.018766,0.242060,0.009072,0.255203,0.135304,0.018766,0.038829,0.010849,0.245033
0.048633,0.045818,0.288879,0.013093,0.059030,0.099977,0.045818,0.073242,0.018203,0.307308
0.011194,0.016168,0.256242,0.010044,0.066533,0.210539,0.016168,0.138366,0.009075,0.265672
0.026856,0.027583,0.255912,0.016616,0.174482,0.127194,0.027583,0.071162,0.017050,0.255561
0.019250,0.033191,0.212473,0.018828,0.131096,0.130643,0.033191,0.183150,0.024598,0.213581
0.013602,0.049914,0.098445,0.020968,0.049947,0.057709,0.049914,0.532720,0.027666,0.099115
0.030546,0.046508,0.226554,0.034323,0.133867,0.163932,0.046508,0.062981,0.028601,0.226180
0.024332,0.065217,0.225930,0.028044,0.114727,0.106114,0.065217,0.097754,0.043742,0.228921
0.183517,0.056526,0.154744,0.041060,0.111993,0.103445,0.056526,0.092923,0.044309,0.154956
0.017852,0.047837,0.213691,0.021251,0.078318,0.099532,0.047837,0.229306,0.027634,0.216743
0.024075,0.038220,0.217570,0.025966,0.116717,0.137053,0.038220,0.160335,0.025148,0.216695
0.038518,0.058870,0.224848,0.034754,0.110837,0.103224,0.058870,0.102802,0.041925,0.225353
0.060235,0.082312,0.179832,0.047023,0.073195,0.156771,0.082312,0.083218,0.049523,0.185577
0.014577,0.039924,0.236568,0.016956,0.086970,0.101035,0.039924,0.202715,0.021364,0.239969
0.007818,0.009232,0.034201,0.004608,0.011805,0.021505,0.009232,0.862132,0.004942,0.034525
0.026543,0.022129,0.217079,0.009325,0.081364,0.173935,0.022129,0.221821,0.011499,0.214176
0.007952,0.267632,0.015482,0.044795,0.010313,0.013125,0.267630,0.010656,0.346788,0.015626
0.006933,0.008191,0.232089,0.004900,0.167831,0.123090,0.008191,0.217304,0.005314,0.226157
0.102952,0.049526,0.177961,0.023789,0.073168,0.089129,0.049526,0.227598,0.026401,0.179950
0.002017,0.003792,0.035920,0.002234,0.014582,0.023645,0.003792,0.875753,0.002448,0.035816
0.017182,0.032300,0.235916,0.013302,0.251866,0.110752,0.032301,0.061016,0.015490,0.229874
0.047908,0.056664,0.182362,0.032727,0.093456,0.093529,0.056664,0.218729,0.034083,0.183879
0.094329,0.064763,0.191517,0.036596,0.123090,0.091501,0.064763,0.068201,0.073884,0.191357
0.000321,0.001024,0.004525,0.000524,0.001616,0.003508,0.001024,0.982358,0.000568,0.004532
0.052928,0.090580,0.195940,0.043100,0.094278,0.093017,0.090580,0.083843,0.057062,0.198673
0.023686,0.031773,0.180555,0.023998,0.237227,0.199522,0.031773,0.070079,0.025086,0.176301
0.272381,0.061704,0.127732,0.051487,0.089284,0.082672,0.061704,0.071919,0.052861,0.128257
0.030092,0.051578,0.229646,0.026993,0.128060,0.103698,0.051578,0.116843,0.030647,0.230865
0.023430,0.048995,0.180676,0.027580,0.063025,0.345056,0.048995,0.054566,0.021989,0.185690
0.019104,0.033376,0.238411,0.017775,0.154666,0.172062,0.033376,0.070029,0.020246,0.240956
0.010961,0.025671,0.077962,0.011804,0.025393,0.055271,0.025671,0.673581,0.015027,0.078658
0.076679,0.028655,0.237241,0.016472,0.171775,0.114157,0.028655,0.075782,0.017523,0.233062
0.052043,0.100443,0.152978,0.062143,0.111091,0.100847,0.100443,0.098807,0.067485,0.153720
0.043055,0.148213,0.133284,0.053346,0.081376,0.086563,0.148213,0.082878,0.088555,0.134517
0.022604,0.022330,0.222975,0.009129,0.149451,0.145463,0.022330,0.166287,0.011757,0.227673
0.071643,0.065587,0.169143,0.059002,0.121213,0.108191,0.065587,0.117198,0.052563,0.169873
0.042541,0.090925,0.187096,0.041603,0.105275,0.099898,0.090925,0.097446,0.054929,0.189362
0.011251,0.033130,0.047829,0.050436,0.023802,0.033144,0.033130,0.693551,0.025691,0.048035
0.053252,0.049187,0.255855,0.030684,0.084103,0.114101,0.049187,0.075926,0.027042,0.260663
0.073731,0.170253,0.118890,0.065913,0.052212,0.079735,0.170253,0.066171,0.081994,0.120849
0.012521,0.028859,0.207201,0.017357,0.087441,0.174174,0.028859,0.224725,0.014148,0.204714
0.048592,0.062469,0.156638,0.047590,0.093255,0.102825,0.062469,0.221821,0.046616,0.157724
0.011811,0.315595,0.066477,0.033882,0.040342,0.044738,0.315595,0.031235,0.073415,0.066910
0.003396,0.067563,0.004550,0.021682,0.002928,0.003528,0.067563,0.003427,0.820771,0.004592
0.013148,0.139331,0.047645,0.028783,0.027403,0.041459,0.139331,0.025885,0.489110,0.047906
0.903089,0.013650,0.012985,0.007719,0.008573,0.008801,0.013650,0.008425,0.010019,0.013089
0.926901,0.008665,0.010363,0.007698,0.007031,0.007145,0.008665,0.006542,0.006527,0.010463
0.954557,0.005490,0.005383,0.005000,0.003739,0.005167,0.005490,0.005937,0.003832,0.005405
0.998014,0.000246,0.000285,0.000181,0.000203,0.000208,0.000246,0.000171,0.000161,0.000287
0.931430,0.006541,0.011013,0.008245,0.006932,0.007599,0.006541,0.005675,0.004885,0.011138
0.889571,0.018013,0.010102,0.012542,0.006632,0.007439,0.018013,0.006696,0.020811,0.010180
0.776215,0.025716,0.030368,0.022782,0.022118,0.022090,0.025716,0.017658,0.026767,0.030569
0.984159,0.002373,0.002018,0.001637,0.001297,0.001435,0.002373,0.001276,0.001395,0.002039
0.989006,0.001376,0.001513,0.000962,0.001114,0.001104,0.001376,0.001053,0.000969,0.001527
0.947169,0.007382,0.006973,0.004905,0.005034,0.005031,0.007382,0.004553,0.004552,0.007018
0.018932,0.316517,0.044648,0.041758,0.026191,0.036357,0.316517,0.033501,0.120511,0.045069
0.799451,0.028301,0.028580,0.015028,0.017903,0.020323,0.028301,0.016333,0.016892,0.028888
0.015659,0.292811,0.024704,0.068680,0.016016,0.020109,0.292811,0.017620,0.226647,0.024943
0.014822,0.269337,0.028421,0.196750,0.017917,0.023741,0.269337,0.020087,0.130910,0.028678
0.956748,0.005895,0.005956,0.003965,0.004008,0.003953,0.005895,0.003341,0.004216,0.006023
0.012250,0.210210,0.014728,0.120451,0.010606,0.013389,0.210209,0.012832,0.380491,0.014834
0.988528,0.001470,0.001613,0.000956,0.001111,0.001177,0.001470,0.001023,0.001029,0.001624
0.394000,0.069479,0.076917,0.057507,0.063980,0.065218,0.069479,0.067078,0.059245,0.077097
0.907310,0.013234,0.007314,0.011572,0.005877,0.005853,0.013234,0.005553,0.022701,0.007353
0.005119,0.021620,0.003807,0.697267,0.002521,0.002794,0.021620,0.003628,0.237784,0.003839
0.030894,0.099477,0.059701,0.226313,0.044108,0.050495,0.099477,0.208223,0.121578,0.059734
0.078758,0.118375,0.078487,0.182690,0.070763,0.072357,0.118375,0.073047,0.128549,0.078598
0.034581,0.039570,0.252753,0.020409,0.106258,0.168101,0.039570,0.063848,0.017889,0.257022
0.007321,0.036632,0.204575,0.009781,0.098840,0.169107,0.036632,0.220763,0.014813,0.201535
0.041285,0.084463,0.166149,0.068596,0.085134,0.131155,0.084463,0.119755,0.051527,0.167473
0.065929,0.098071,0.096675,0.117858,0.071651,0.112762,0.098071,0.069703,0.171997,0.097284
0.048842,0.106202,0.176345,0.047438,0.099436,0.099049,0.106202,0.080937,0.057266,0.178284
0.012298,0.075575,0.089574,0.020066,0.029744,0.076792,0.075575,0.502701,0.027482,0.090194
0.052525,0.032574,0.191926,0.018407,0.083241,0.087985,0.032574,0.288030,0.019637,0.193101
0.027464,0.128000,0.131998,0.106120,0.063084,0.071132,0.128000,0.145520,0.065182,0.133500
0.015888,0.071235,0.207015,0.024540,0.106388,0.125887,0.071235,0.140111,0.029900,0.207801
0.029504,0.071556,0.220973,0.025861,0.094565,0.100846,0.071556,0.134611,0.029349,0.221178
0.006922,0.018255,0.039634,0.022408,0.018471,0.024453,0.018255,0.798436,0.013402,0.039764
0.044801,0.037179,0.219724,0.033515,0.172957,0.121635,0.037179,0.081906,0.034698,0.216406
0.038150,0.051310,0.277057,0.016905,0.073978,0.104013,0.051311,0.073915,0.023812,0.289548
0.022402,0.045352,0.130375,0.084396,0.062537,0.115461,0.045352,0.324934,0.039070,0.130121
0.094334,0.047320,0.217709,0.024370,0.153062,0.104667,0.047320,0.068584,0.026345,0.216290
0.031799,0.093215,0.204222,0.033775,0.095200,0.114663,0.093215,0.084934,0.041488,0.207490
0.036399,0.091554,0.181089,0.043247,0.094681,0.125753,0.091554,0.096277,0.057115,0.182330
0.105033,0.099196,0.159331,0.042363,0.070703,0.135060,0.099196,0.078729,0.049441,0.160949
0.035370,0.075177,0.198029,0.029478,0.087152,0.112323,0.075177,0.153013,0.035252,0.199029
0.035300,0.083923,0.192118,0.041865,0.110229,0.110596,0.083923,0.094819,0.050784,0.196443
0.021943,0.080771,0.194717,0.034861,0.091015,0.140479,0.080771,0.113990,0.046128,0.195324
0.015342,0.030172,0.134147,0.018692,0.072909,0.072306,0.030172,0.472122,0.020387,0.133752
0.015287,0.036599,0.231480,0.019753,0.085567,0.173305,0.036599,0.149406,0.020376,0.231627
0.037128,0.054398,0.222983,0.029640,0.165078,0.119784,0.054398,0.064134,0.031521,0.220937
0.016980,0.072120,0.215187,0.022470,0.124422,0.148958,0.072120,0.082576,0.028151,0.217018
0.033435,0.044052,0.227310,0.032878,0.130949,0.124140,0.044052,0.094857,0.037272,0.231054
0.052747,0.051319,0.214857,0.027291,0.155673,0.131905,0.051319,0.072168,0.028695,0.214027
0.024200,0.059210,0.248457,0.018214,0.086085,0.170087,0.059210,0.061414,0.022921,0.250200
0.031577,0.052797,0.225378,0.031589,0.142990,0.113479,0.052797,0.087540,0.035520,0.226333
0.004999,0.085739,0.014297,0.629063,0.008044,0.010179,0.085739,0.024373,0.123158,0.014410
0.025607,0.055610,0.221357,0.026347,0.158313,0.122386,0.055610,0.077187,0.034447,0.223135
0.029089,0.040394,0.213043,0.028409,0.148367,0.125418,0.040394,0.131553,0.030760,0.212573
0.021043,0.049105,0.253341,0.023218,0.102045,0.105543,0.049105,0.113216,0.029511,0.253873
0.042817,0.132055,0.033524,0.038468,0.019196,0.024671,0.132055,0.020564,0.522729,0.033923
0.011167,0.039190,0.015217,0.796181,0.012313,0.013295,0.039190,0.012887,0.045303,0.015257
0.094127,0.109745,0.089361,0.101669,0.087790,0.088495,0.109745,0.087792,0.141884,0.089392
0.007598,0.082531,0.009952,0.023212,0.006635,0.008231,0.082531,0.007068,0.762231,0.010012
0.023920,0.062307,0.219601,0.022501,0.187968,0.110710,0.062307,0.064230,0.030569,0.215888
0.015528,0.027640,0.192602,0.014675,0.243204,0.129036,0.027640,0.144397,0.016454,0.188824
0.096316,0.142868,0.124601,0.048533,0.080986,0.093282,0.142868,0.052977,0.091373,0.126195
0.018452,0.029771,0.218414,0.019159,0.106158,0.244761,0.029771,0.092852,0.020030,0.220633
0.079109,0.145428,0.026818,0.172927,0.020491,0.022641,0.145428,0.020981,0.339242,0.026934
0.022248,0.050879,0.218673,0.021859,0.203665,0.117580,0.050879,0.072934,0.026047,0.215237
0.014017,0.142931,0.012671,0.309216,0.007818,0.010528,0.142931,0.008246,0.338843,0.012800
0.074456,0.040542,0.181618,0.022807,0.074354,0.171971,0.040542,0.193044,0.019565,0.181101
0.029809,0.305742,0.040852,0.040867,0.021874,0.029029,0.305741,0.034521,0.150234,0.041330
0.009328,0.014411,0.202426,0.006766,0.424622,0.073502,0.014411,0.046967,0.008026,0.199541
0.004045,0.046314,0.007554,0.835806,0.004771,0.006858,0.046314,0.005063,0.035662,0.007614
0.028646,0.222055,0.087103,0.054670,0.047282,0.123610,0.222055,0.054559,0.072439,0.087580
0.040093,0.179419,0.119680,0.054374,0.070637,0.082282,0.179419,0.076757,0.076378,0.120962
0.967756,0.004510,0.004382,0.002729,0.002747,0.003239,0.004510,0.002800,0.002905,0.004422
0.018642,0.029282,0.211694,0.018049,0.151646,0.236816,0.029282,0.074485,0.018142,0.211961
0.038295,0.080852,0.200814,0.038493,0.117879,0.095142,0.080852,0.085539,0.059811,0.202322
0.011535,0.016023,0.233333,0.009756,0.269023,0.149250,0.016023,0.058222,0.011400,0.225436
0.001822,0.002848,0.093587,0.001908,0.719148,0.068148,0.002848,0.018420,0.001998,0.089273
0.056225,0.146286,0.093676,0.105384,0.076637,0.080336,0.146286,0.081851,0.119286,0.094033
0.026537,0.181935,0.119010,0.046108,0.054716,0.116688,0.181935,0.064332,0.089029,0.119711
0.049134,0.023950,0.209337,0.011609,0.092525,0.212226,0.023950,0.156695,0.013248,0.207324
0.021388,0.305220,0.018545,0.067024,0.009580,0.014907,0.305219,0.011862,0.227526,0.018729
0.029983,0.032283,0.180585,0.025314,0.135054,0.118849,0.032283,0.238459,0.024084,0.183105
0.002807,0.052759,0.003294,0.200734,0.002225,0.002730,0.052758,0.002640,0.676730,0.003322
0.007161,0.036625,0.185263,0.011638,0.139717,0.113274,0.036625,0.273329,0.013614,0.182754
0.015464,0.157057,0.026127,0.371720,0.016343,0.018136,0.157057,0.017049,0.194659,0.026388
0.007191,0.025797,0.228321,0.009568,0.180374,0.110056,0.025797,0.176411,0.011972,0.224512
0.086805,0.122457,0.113822,0.076478,0.093524,0.095120,0.122457,0.092289,0.082922,0.114127
0.006942,0.025988,0.223649,0.007497,0.247051,0.138475,0.025988,0.096855,0.008787,0.218769
0.017922,0.130270,0.210592,0.019954,0.077342,0.109557,0.130271,0.056424,0.027010,0.220658
0.006577,0.013991,0.118377,0.007939,0.051916,0.492815,0.013991,0.168189,0.008413,0.117793
0.012457,0.025489,0.227261,0.009631,0.066274,0.261038,0.025489,0.123521,0.011358,0.237482
0.017105,0.101018,0.193152,0.030085,0.141899,0.105835,0.101018,0.070860,0.044806,0.194222
0.004770,0.005877,0.118862,0.003954,0.636608,0.079193,0.005877,0.026249,0.004147,0.114464
0.030153,0.055387,0.008930,0.781847,0.005666,0.006978,0.055387,0.006704,0.039933,0.009016
0.028055,0.142249,0.130874,0.045831,0.110153,0.106851,0.142249,0.081420,0.082847,0.129471
0.007474,0.014405,0.204977,0.010456,0.085051,0.150475,0.014405,0.294430,0.010370,0.207957
0.021232,0.048799,0.204073,0.022645,0.191336,0.144539,0.048800,0.088680,0.028332,0.201563
0.004428,0.007159,0.162335,0.003449,0.553894,0.072704,0.007159,0.026826,0.004038,0.158009
0.024474,0.016314,0.122597,0.009881,0.077606,0.555512,0.016314,0.044097,0.010468,0.122738
0.026246,0.038907,0.160485,0.034800,0.338199,0.112441,0.038907,0.063073,0.031703,0.155237
0.008743,0.023505,0.216578,0.014038,0.272151,0.132460,0.023505,0.074404,0.011516,0.223100
0.006573,0.008768,0.176750,0.006417,0.463530,0.101057,0.008768,0.050030,0.006574,0.171532
0.007690,0.010555,0.114209,0.008011,0.597150,0.054099,0.010555,0.077452,0.008180,0.112098
0.004672,0.008571,0.128519,0.006575,0.595226,0.055978,0.008571,0.061009,0.005595,0.125285
0.063301,0.053908,0.182969,0.034963,0.152526,0.164552,0.053908,0.074376,0.034392,0.185105
0.050011,0.184830,0.099766,0.079628,0.076349,0.073537,0.184830,0.069782,0.080842,0.100424
0.006069,0.015603,0.151276,0.008365,0.523407,0.084772,0.015603,0.039420,0.008122,0.147364
0.023739,0.106393,0.202345,0.027311,0.114188,0.116559,0.106393,0.057358,0.033917,0.211797
0.203796,0.187400,0.056991,0.072382,0.037119,0.053061,0.187401,0.065828,0.078664,0.057357
0.014467,0.026920,0.183006,0.013077,0.075951,0.320922,0.026920,0.137429,0.014024,0.187283
0.008636,0.065148,0.009104,0.050964,0.006688,0.008428,0.065148,0.007634,0.769084,0.009164
0.045048,0.116592,0.149385,0.047249,0.095684,0.100524,0.116592,0.120380,0.058302,0.150245
0.002177,0.006023,0.076713,0.002402,0.030884,0.057401,0.006023,0.737222,0.002559,0.078595
0.016805,0.030665,0.157745,0.018381,0.392525,0.121418,0.030665,0.055529,0.019648,0.156619
0.018724,0.306133,0.034508,0.053722,0.022339,0.030689,0.306133,0.023672,0.169276,0.034805
0.005136,0.013015,0.136443,0.006807,0.113233,0.125855,0.013015,0.446461,0.006891,0.133144
0.006966,0.016335,0.208376,0.007347,0.275057,0.187662,0.016335,0.069130,0.008754,0.204036
0.007977,0.025600,0.183419,0.012442,0.354329,0.161748,0.025600,0.035241,0.012854,0.180790
0.032483,0.041650,0.184222,0.038950,0.193175,0.149927,0.041650,0.098868,0.031572,0.187504
0.011164,0.017909,0.126323,0.012412,0.098280,0.104904,0.017909,0.472590,0.011249,0.127262
0.008535,0.283741,0.022876,0.209035,0.013827,0.017424,0.283740,0.017796,0.119943,0.023083
0.606201,0.032494,0.034469,0.135051,0.027326,0.026832,0.032494,0.040827,0.029628,0.034678
0.117037,0.192163,0.046399,0.171431,0.031529,0.044118,0.192163,0.037840,0.120666,0.046655
0.051847,0.159505,0.089299,0.109521,0.065970,0.083654,0.159505,0.096346,0.094687,0.089666
0.037326,0.060861,0.012140,0.752507,0.006726,0.008508,0.060861,0.007009,0.041767,0.012295
0.042586,0.197373,0.111963,0.058989,0.072811,0.074333,0.197373,0.061459,0.069886,0.113227
0.153384,0.083457,0.073941,0.238166,0.061221,0.061847,0.083458,0.090707,0.079657,0.074161
0.042484,0.152319,0.097500,0.068184,0.069360,0.086175,0.152319,0.133592,0.100788,0.097278
0.070967,0.074400,0.072182,0.290336,0.059999,0.063079,0.074400,0.150147,0.072088,0.072401
0.020987,0.041984,0.219010,0.020882,0.202294,0.153056,0.041984,0.061181,0.021544,0.217078
0.003826,0.007790,0.053645,0.004176,0.035302,0.048719,0.007790,0.781190,0.004681,0.052881
0.027457,0.033611,0.210887,0.024344,0.168073,0.171858,0.033611,0.090051,0.023070,0.217037
0.015334,0.026707,0.209801,0.014226,0.165353,0.232000,0.026707,0.076875,0.016299,0.216698
0.006371,0.011737,0.121758,0.006914,0.050795,0.419870,0.011737,0.239524,0.007191,0.124102
0.015660,0.031859,0.245075,0.016723,0.183976,0.123112,0.031859,0.090064,0.018087,0.243584
0.018901,0.037749,0.226500,0.021327,0.101515,0.151821,0.037749,0.151911,0.024225,0.228302
0.024193,0.037747,0.200978,0.020080,0.214282,0.166826,0.037747,0.078261,0.022202,0.197683
0.005780,0.019693,0.144324,0.008725,0.038433,0.469007,0.019693,0.139841,0.008297,0.146207
0.054893,0.066811,0.169447,0.045588,0.171031,0.108574,0.066811,0.100329,0.047608,0.168907
0.012334,0.026306,0.153855,0.013046,0.125867,0.117140,0.026306,0.358733,0.013753,0.152660
0.009801,0.320475,0.028331,0.119036,0.015849,0.021251,0.320474,0.018770,0.117375,0.028638
0.010053,0.014555,0.226128,0.011227,0.208660,0.186050,0.014555,0.087230,0.010657,0.230885
0.014750,0.052142,0.113058,0.032427,0.088683,0.095307,0.052142,0.388456,0.050567,0.112468
0.023865,0.062490,0.190418,0.027218,0.174174,0.152735,0.062490,0.084668,0.033642,0.188300
0.189604,0.077191,0.167955,0.033309,0.086490,0.106725,0.077191,0.057234,0.034351,0.169950
0.017775,0.040629,0.154781,0.019661,0.067889,0.390476,0.040629,0.089055,0.020506,0.158599
0.001584,0.005625,0.019421,0.002076,0.010080,0.019295,0.005625,0.914401,0.002535,0.019358
0.008783,0.019483,0.123357,0.009053,0.050603,0.358978,0.019483,0.277240,0.009468,0.123552
0.006025,0.011967,0.167165,0.006505,0.497465,0.093535,0.011967,0.038497,0.007211,0.159663
0.020875,0.081660,0.210471,0.028208,0.059217,0.214779,0.081660,0.053738,0.029096,0.220296
0.011647,0.331284,0.035332,0.038898,0.018257,0.035419,0.331284,0.021855,0.140316,0.035707
0.005986,0.045411,0.164813,0.012657,0.341193,0.142937,0.045411,0.059975,0.022212,0.159406
0.011853,0.065682,0.024441,0.689537,0.021231,0.024095,0.065682,0.017324,0.055612,0.024542
0.013786,0.273817,0.031070,0.049791,0.019283,0.022523,0.273817,0.019614,0.264858,0.031441
0.006405,0.008388,0.106357,0.006749,0.084691,0.071957,0.008388,0.594028,0.006414,0.106624
0.003203,0.007393,0.116426,0.004017,0.634007,0.052476,0.007393,0.057981,0.004124,0.112980
0.025705,0.010377,0.082980,0.007462,0.071212,0.089367,0.010377,0.612577,0.007518,0.082425
0.012876,0.097898,0.016606,0.468122,0.011340,0.012866,0.097897,0.012279,0.253368,0.016748
0.203576,0.085954,0.102503,0.091942,0.092066,0.087626,0.085954,0.074908,0.072799,0.102672
0.003834,0.007817,0.194487,0.004250,0.375192,0.162245,0.007817,0.050508,0.004346,0.189504
0.030334,0.259326,0.049255,0.080541,0.034644,0.037984,0.259325,0.040257,0.158614,0.049721
0.014631,0.229704,0.071280,0.047029,0.033616,0.086917,0.229704,0.143315,0.072172,0.071632
0.986278,0.001663,0.001541,0.001601,0.001412,0.001422,0.001663,0.001398,0.001481,0.001542
0.015608,0.042101,0.207035,0.016525,0.170166,0.202287,0.042101,0.079081,0.020129,0.204969
0.015140,0.339548,0.036125,0.039474,0.020026,0.033484,0.339548,0.022386,0.117851,0.036418
0.008226,0.032579,0.021166,0.805714,0.018827,0.018013,0.032579,0.014412,0.027220,0.021263
0.020662,0.019117,0.172073,0.006933,0.082533,0.450777,0.019117,0.045487,0.008188,0.175112
0.012642,0.327614,0.040840,0.037149,0.020552,0.039334,0.327614,0.029306,0.123721,0.041229
0.012515,0.336852,0.035523,0.042940,0.016945,0.030277,0.336852,0.025614,0.126395,0.036087
0.002278,0.005774,0.085900,0.003050,0.063336,0.078608,0.005774,0.664921,0.002841,0.087517
0.003291,0.004880,0.111870,0.003423,0.083152,0.100017,0.004880,0.571441,0.003405,0.113641
0.015464,0.025474,0.208069,0.014772,0.253751,0.172958,0.025474,0.064925,0.015237,0.203876
0.002754,0.006990,0.105791,0.003265,0.056991,0.141612,0.006990,0.568918,0.003384,0.103304
0.077978,0.171454,0.075932,0.182448,0.050355,0.050032,0.171454,0.049761,0.094233,0.076353
0.014876,0.024365,0.209610,0.015382,0.277275,0.160119,0.024365,0.043675,0.014145,0.216187
0.016087,0.022418,0.151522,0.017133,0.424474,0.116643,0.022418,0.063061,0.017281,0.148963
0.005648,0.007842,0.099795,0.005503,0.686643,0.049442,0.007842,0.033973,0.005763,0.097549
0.067472,0.170056,0.097572,0.085812,0.070295,0.077330,0.170056,0.075298,0.087950,0.098160
0.004681,0.007581,0.150522,0.005837,0.569983,0.076722,0.007581,0.025556,0.005129,0.146409
0.004424,0.006419,0.105272,0.004592,0.674024,0.067516,0.006419,0.024878,0.004901,0.101555
0.009887,0.021241,0.179975,0.012104,0.309469,0.185809,0.021241,0.074622,0.012144,0.173508
0.016383,0.035389,0.219838,0.016974,0.193447,0.157956,0.035389,0.085179,0.019964,0.219483
0.002615,0.003839,0.171369,0.002532,0.387654,0.125286,0.003839,0.131413,0.002582,0.168872
0.012023,0.029387,0.221456,0.012684,0.130365,0.220809,0.029387,0.107271,0.014741,0.221877
0.013036,0.064349,0.244815,0.020731,0.109122,0.130229,0.064349,0.064382,0.032037,0.256950
0.007474,0.014405,0.204977,0.010456,0.085051,0.150475,0.014405,0.294430,0.010370,0.207957
0.005537,0.018070,0.241461,0.006634,0.107353,0.229077,0.018070,0.124141,0.008559,0.241098
0.003633,0.114845,0.006549,0.507820,0.004009,0.005917,0.114845,0.004765,0.231014,0.006604
0.004005,0.009028,0.154287,0.004330,0.125789,0.376388,0.009028,0.162091,0.004927,0.150128
0.001207,0.002957,0.024476,0.001495,0.014950,0.018660,0.002957,0.907172,0.001730,0.024398
0.029403,0.214929,0.041827,0.076162,0.029795,0.033218,0.214929,0.029411,0.288145,0.042181
0.001584,0.005625,0.019421,0.002076,0.010080,0.019295,0.005625,0.914401,0.002535,0.019358
0.025310,0.208584,0.031696,0.151531,0.021917,0.025788,0.208583,0.024529,0.270133,0.031929
0.001559,0.025463,0.002044,0.021782,0.001452,0.001592,0.025463,0.001493,0.917095,0.002057
0.006153,0.400748,0.016513,0.023502,0.009286,0.013359,0.400747,0.010062,0.102924,0.016706
0.030128,0.087811,0.174794,0.039404,0.162262,0.107357,0.087811,0.088197,0.046652,0.175584
0.002141,0.003391,0.018866,0.002096,0.010044,0.023765,0.003391,0.915180,0.002298,0.018828
0.043126,0.209838,0.075128,0.089458,0.057026,0.071441,0.209838,0.054051,0.114440,0.075654
0.009676,0.020216,0.203133,0.009095,0.094357,0.291369,0.020216,0.142203,0.009555,0.200179
0.035095,0.072785,0.151866,0.043299,0.171276,0.125384,0.072785,0.117775,0.059131,0.150604
0.040593,0.221363,0.078190,0.063732,0.049065,0.062905,0.221363,0.054965,0.128721,0.079102
0.019918,0.151990,0.030441,0.122202,0.021884,0.023390,0.151990,0.024188,0.423357,0.030642
0.000936,0.002660,0.016150,0.001213,0.008545,0.014300,0.002660,0.936001,0.001349,0.016185
0.006772,0.194710,0.016568,0.153193,0.009500,0.011596,0.194710,0.011486,0.384730,0.016734
0.006493,0.348203,0.012376,0.095730,0.007200,0.010614,0.348202,0.009041,0.149636,0.012507
0.014813,0.164179,0.018539,0.333081,0.013110,0.013970,0.164178,0.011059,0.248374,0.018697
0.022210,0.113984,0.027526,0.518514,0.021223,0.023320,0.113984,0.023494,0.108097,0.027648
0.004301,0.276611,0.008431,0.016988,0.004789,0.007014,0.276610,0.005662,0.391055,0.008539
0.000964,0.022226,0.001275,0.275305,0.000881,0.001000,0.022226,0.001009,0.673829,0.001285
0.009932,0.333274,0.024246,0.086835,0.013687,0.018302,0.333273,0.017191,0.138713,0.024547
0.002843,0.240536,0.008012,0.022913,0.003827,0.006584,0.240535,0.004713,0.461926,0.008110
0.051840,0.298602,0.025174,0.090895,0.013101,0.018893,0.298602,0.017757,0.159612,0.025524
0.043167,0.198658,0.061319,0.091721,0.044197,0.051332,0.198658,0.050330,0.198984,0.061634
0.009868,0.086904,0.012080,0.355343,0.009358,0.010031,0.086904,0.010197,0.407190,0.012127
0.020793,0.268948,0.051003,0.055668,0.035815,0.036161,0.268948,0.055099,0.156377,0.051188
0.016993,0.201981,0.039713,0.335184,0.023738,0.035743,0.201981,0.023865,0.080656,0.040145
0.020228,0.076142,0.021492,0.684056,0.015046,0.019021,0.076142,0.016267,0.050013,0.021594
0.008233,0.334106,0.019506,0.039785,0.011066,0.013783,0.334105,0.011857,0.207826,0.019732
0.025065,0.246467,0.036421,0.080349,0.026441,0.028448,0.246466,0.026730,0.246968,0.036644
0.006338,0.144590,0.014010,0.305002,0.008729,0.010192,0.144590,0.010528,0.341898,0.014123
0.012160,0.070761,0.018401,0.441227,0.012475,0.014939,0.070761,0.020054,0.320684,0.018538
0.019904,0.240637,0.050571,0.065734,0.036377,0.033542,0.240637,0.032485,0.229276,0.050837
0.006038,0.229745,0.010509,0.239463,0.006144,0.009571,0.229744,0.007611,0.250554,0.010621
0.009801,0.320475,0.028331,0.119036,0.015849,0.021251,0.320474,0.018770,0.117375,0.028638
0.012395,0.166015,0.022960,0.128895,0.017642,0.017541,0.166014,0.016612,0.428873,0.023052
0.001316,0.021942,0.001990,0.860374,0.001507,0.001746,0.021942,0.001588,0.085596,0.002000
0.013189,0.092001,0.022793,0.630483,0.015438,0.018732,0.092001,0.020225,0.072210,0.022929
0.002653,0.159510,0.005091,0.012545,0.003174,0.005085,0.159510,0.003938,0.643356,0.005137
0.004581,0.032697,0.004626,0.845370,0.003295,0.003557,0.032697,0.003570,0.064948,0.004660
0.008130,0.158519,0.014128,0.280651,0.009403,0.010865,0.158519,0.008874,0.336684,0.014227
0.013487,0.362653,0.024254,0.038704,0.014004,0.021412,0.362653,0.021330,0.116982,0.024522
0.008642,0.367029,0.023750,0.031593,0.013592,0.016208,0.367028,0.014582,0.133570,0.024006
0.138356,0.133502,0.050960,0.212733,0.035789,0.046726,0.133502,0.048211,0.148971,0.051250
0.007481,0.073210,0.012021,0.714182,0.008248,0.010610,0.073210,0.009253,0.079676,0.012110
0.032789,0.147239,0.051772,0.278181,0.040988,0.042914,0.147239,0.039500,0.167304,0.052074
0.008097,0.042657,0.008211,0.831525,0.006583,0.007477,0.042657,0.007382,0.037160,0.008253
0.008582,0.318254,0.020729,0.042495,0.013657,0.015970,0.318253,0.014378,0.226867,0.020815
0.013725,0.319797,0.029424,0.099940,0.018335,0.036063,0.319796,0.031112,0.102167,0.029641
0.014660,0.133517,0.014388,0.529135,0.009373,0.011114,0.133517,0.010275,0.129521,0.014499
0.030740,0.301991,0.026628,0.070991,0.015234,0.017928,0.301990,0.015700,0.191901,0.026897
0.006112,0.164501,0.013078,0.278151,0.008824,0.009522,0.164501,0.009087,0.333055,0.013169
0.014063,0.193436,0.027295,0.318725,0.019203,0.022312,0.193436,0.020152,0.163916,0.027462
0.002994,0.039849,0.004469,0.062215,0.002920,0.003613,0.039849,0.003249,0.836336,0.004508
0.057615,0.162560,0.084333,0.125198,0.063266,0.071135,0.162560,0.066673,0.122120,0.084540
0.018524,0.067951,0.225161,0.025507,0.074497,0.167099,0.067951,0.084380,0.033938,0.234993
0.041354,0.217495,0.056342,0.160560,0.038884,0.042510,0.217495,0.045697,0.122872,0.056789
0.007952,0.267632,0.015482,0.044795,0.010313,0.013125,0.267630,0.010656,0.346788,0.015626
0.011704,0.222283,0.027902,0.115723,0.017406,0.030020,0.222282,0.019751,0.304881,0.028048
0.026934,0.137689,0.036243,0.391550,0.028150,0.033903,0.137689,0.030186,0.141227,0.036429
0.010453,0.321032,0.041167,0.069394,0.022157,0.038005,0.321031,0.024668,0.110555,0.041538
0.000895,0.011474,0.001729,0.946443,0.001096,0.001479,0.011474,0.001458,0.022210,0.001742
0.007010,0.093107,0.009242,0.526659,0.006236,0.006897,0.093107,0.006868,0.241552,0.009323
0.003892,0.036955,0.007388,0.859642,0.005123,0.006246,0.036955,0.006927,0.029441,0.007431
0.009657,0.097943,0.011252,0.260674,0.007954,0.008798,0.097943,0.009016,0.485425,0.011338
0.003814,0.179329,0.006496,0.295149,0.003898,0.005135,0.179329,0.006299,0.313994,0.006559
0.010430,0.303601,0.030549,0.045564,0.019555,0.021790,0.303600,0.019120,0.215095,0.030697
0.011562,0.266572,0.037996,0.047397,0.026026,0.026005,0.266570,0.025898,0.253682,0.038291
0.013383,0.035330,0.007587,0.842137,0.005023,0.007004,0.035330,0.005447,0.041098,0.007660
0.079109,0.145428,0.026818,0.172927,0.020491,0.022641,0.145428,0.020981,0.339242,0.026934
0.020466,0.041565,0.209911,0.024925,0.186095,0.149660,0.041565,0.088062,0.025318,0.212433
0.010950,0.140819,0.027344,0.437406,0.016802,0.029814,0.140819,0.028817,0.139636,0.027593
0.009050,0.078771,0.009284,0.718297,0.005937,0.006973,0.078771,0.007633,0.075903,0.009381
0.012082,0.342430,0.027763,0.056385,0.017412,0.020628,0.342429,0.016233,0.136573,0.028063
0.005119,0.021620,0.003807,0.697267,0.002521,0.002794,0.021620,0.003628,0.237784,0.003839
0.004045,0.046314,0.007554,0.835806,0.004771,0.006858,0.046314,0.005063,0.035662,0.007614
0.004382,0.043948,0.006202,0.847558,0.004441,0.004943,0.043948,0.005287,0.033041,0.006251
0.007022,0.165521,0.011725,0.450901,0.008766,0.010127,0.165520,0.009931,0.158694,0.011791
0.006619,0.194490,0.015710,0.061339,0.009085,0.012609,0.194490,0.010529,0.479245,0.015883
0.007867,0.410410,0.019985,0.018888,0.009843,0.013505,0.410410,0.011777,0.077003,0.020310
0.003319,0.412514,0.017572,0.018511,0.009224,0.015027,0.412514,0.008658,0.084861,0.017799
0.012326,0.306133,0.038488,0.076178,0.025163,0.025692,0.306133,0.023726,0.147335,0.038826
0.009456,0.148368,0.018606,0.554894,0.011292,0.014048,0.148367,0.012775,0.063378,0.018816
0.021388,0.305220,0.018545,0.067024,0.009580,0.014907,0.305219,0.011862,0.227526,0.018729
0.009379,0.284892,0.023629,0.135810,0.013218,0.020917,0.284892,0.014984,0.188428,0.023852
0.026130,0.261372,0.087612,0.040967,0.047127,0.084558,0.261373,0.043619,0.058401,0.088840
0.018680,0.090073,0.022374,0.628154,0.016446,0.018787,0.090072,0.018641,0.074238,0.022535
0.013284,0.174889,0.023489,0.122427,0.014713,0.017229,0.174889,0.022385,0.412997,0.023697
0.028322,0.140517,0.131929,0.080065,0.097738,0.098110,0.140517,0.077714,0.071995,0.133092
0.048520,0.146858,0.092847,0.135578,0.077015,0.074275,0.146858,0.069082,0.115810,0.093157
0.008534,0.187643,0.006688,0.026581,0.003946,0.004931,0.187642,0.004466,0.562809,0.006761
0.002807,0.052759,0.003294,0.200734,0.002225,0.002730,0.052758,0.002640,0.676730,0.003322
0.030432,0.228288,0.080331,0.052404,0.047146,0.063561,0.228288,0.051052,0.137257,0.081241
0.035093,0.133840,0.132359,0.056927,0.075985,0.148919,0.133841,0.084542,0.065304,0.133190
0.040109,0.262613,0.066097,0.073054,0.039373,0.056486,0.262613,0.044748,0.088185,0.066723
0.100000,0.100000,0.100000,0.100000,0.100000,0.100000,0.100000,0.100000,0.100000,0.100000
0.036422,0.174322,0.119529,0.059829,0.078994,0.105809,0.174322,0.060832,0.069126,0.120815
0.027594,0.260433,0.072182,0.049282,0.046792,0.053813,0.260433,0.041917,0.114639,0.072916
0.100000,0.100000,0.100000,0.100000,0.100000,0.100000,0.100000,0.100000,0.100000,0.100000
0.020666,0.056682,0.028036,0.700101,0.020040,0.021728,0.056682,0.022905,0.044783,0.028376
0.017258,0.307028,0.045191,0.068092,0.026877,0.031865,0.307027,0.027832,0.123207,0.045623
0.037326,0.060861,0.012140,0.752507,0.006726,0.008508,0.060861,0.007009,0.041767,0.012295
0.030581,0.114405,0.149256,0.045607,0.129159,0.115141,0.114405,0.075372,0.075647,0.150426
0.016118,0.250525,0.030460,0.059609,0.019761,0.023120,0.250525,0.022983,0.296204,0.030694
0.109441,0.184599,0.096843,0.058522,0.051615,0.068877,0.184599,0.071915,0.075515,0.098073
0.054053,0.170123,0.091935,0.113247,0.067614,0.081689,0.170123,0.076736,0.081733,0.092747
0.026939,0.262882,0.047005,0.063483,0.029204,0.037200,0.262882,0.029239,0.193551,0.047613
0.024873,0.093686,0.169913,0.036890,0.102393,0.146318,0.093686,0.113336,0.050390,0.168516
0.009801,0.320475,0.028331,0.119036,0.015849,0.021251,0.320474,0.018770,0.117375,0.028638
0.033296,0.210776,0.061743,0.077029,0.044104,0.052307,0.210776,0.079422,0.168430,0.062118
0.040792,0.228196,0.060344,0.127134,0.040750,0.054688,0.228196,0.042794,0.116124,0.060981
0.069658,0.240785,0.043896,0.042338,0.024721,0.034813,0.240785,0.025614,0.232929,0.044462
0.027951,0.228328,0.064164,0.060891,0.039807,0.062710,0.228328,0.039731,0.183368,0.064721
0.024165,0.106176,0.180149,0.033042,0.105140,0.150656,0.106176,0.072490,0.041989,0.180016
0.035184,0.257620,0.071145,0.089427,0.043649,0.053237,0.257620,0.043951,0.075907,0.072259
0.037435,0.204092,0.111776,0.049539,0.063939,0.068364,0.204092,0.078417,0.068924,0.113422
0.012649,0.083460,0.009517,0.718911,0.006059,0.007177,0.083460,0.006650,0.062499,0.009617
0.025695,0.251068,0.083299,0.064798,0.050041,0.055418,0.251068,0.043468,0.091337,0.083809
0.021098,0.181914,0.139820,0.042135,0.082288,0.097384,0.181914,0.047385,0.065183,0.140879
0.015231,0.304588,0.037651,0.087919,0.019737,0.033093,0.304587,0.024876,0.134188,0.038130
0.016924,0.125557,0.158580,0.039224,0.083029,0.154318,0.125557,0.082224,0.054594,0.159993
0.012046,0.075696,0.105430,0.240317,0.108987,0.079077,0.075696,0.158043,0.039656,0.105052
0.036832,0.097575,0.145505,0.068289,0.131241,0.114936,0.097575,0.098774,0.062864,0.146409
0.038047,0.131366,0.128376,0.046494,0.114100,0.111566,0.131366,0.091623,0.077928,0.129135
0.004691,0.235270,0.010221,0.031373,0.005786,0.008963,0.235269,0.008778,0.449327,0.010322
0.025595,0.107421,0.124967,0.111517,0.130753,0.101858,0.107421,0.082944,0.083078,0.124446
0.016181,0.197034,0.031844,0.128403,0.021308,0.023343,0.197033,0.023493,0.329286,0.032076
0.017380,0.263535,0.076814,0.059850,0.049677,0.050761,0.263535,0.041049,0.100415,0.076986
0.030042,0.272500,0.072020,0.047684,0.046555,0.053903,0.272501,0.044157,0.088133,0.072505
0.034117,0.259693,0.056469,0.069294,0.032698,0.051542,0.259693,0.044888,0.134547,0.057059
0.022575,0.258876,0.056183,0.062820,0.027383,0.047875,0.258876,0.028323,0.179899,0.057190
0.012357,0.080287,0.021733,0.674327,0.014553,0.017935,0.080287,0.014296,0.062323,0.021903
0.026115,0.276743,0.050705,0.063298,0.036952,0.042829,0.276743,0.039943,0.135667,0.051005
0.017952,0.304180,0.037702,0.065021,0.022566,0.037287,0.304179,0.024152,0.148833,0.038129
0.011919,0.260116,0.027015,0.146305,0.018451,0.023999,0.260115,0.019544,0.205351,0.027184
0.032692,0.222561,0.105013,0.053114,0.056824,0.061243,0.222561,0.050965,0.088562,0.106464
0.129993,0.224344,0.082753,0.044829,0.047368,0.051019,0.224344,0.042116,0.069379,0.083855
0.007010,0.093107,0.009242,0.526659,0.006236,0.006897,0.093107,0.006868,0.241552,0.009323
0.003709,0.068786,0.007736,0.742987,0.005508,0.006080,0.068786,0.005449,0.083194,0.007766
0.007049,0.062519,0.012667,0.761461,0.007961,0.010293,0.062519,0.008401,0.054325,0.012806
0.017830,0.200521,0.082468,0.048375,0.055528,0.079997,0.200521,0.069954,0.162339,0.082467
0.036183,0.236378,0.086495,0.058956,0.061702,0.058357,0.236378,0.055835,0.082535,0.087182
0.013505,0.282542,0.081897,0.034962,0.035029,0.052177,0.282542,0.053488,0.080834,0.083025
0.029798,0.083479,0.222745,0.024497,0.131692,0.098182,0.083479,0.062147,0.040288,0.223693
0.013803,0.340048,0.031383,0.043702,0.018115,0.023741,0.340048,0.034652,0.122784,0.031724
0.028386,0.218150,0.056462,0.088010,0.039886,0.049983,0.218150,0.040000,0.204170,0.056804
0.019219,0.198989,0.040082,0.075462,0.027279,0.030682,0.198989,0.029857,0.339073,0.040369
0.014096,0.318956,0.035338,0.086186,0.021269,0.027586,0.318956,0.023858,0.118079,0.035675
0.071370,0.230492,0.079354,0.060605,0.051363,0.066351,0.230492,0.049578,0.080774,0.079621
0.017582,0.157127,0.163946,0.027387,0.103714,0.090111,0.157127,0.071244,0.047415,0.164347
0.006282,0.096878,0.016902,0.030839,0.009211,0.014812,0.096878,0.011707,0.699387,0.017104
0.015377,0.100862,0.162251,0.032787,0.103961,0.227213,0.100862,0.059280,0.036979,0.160428
0.013618,0.099244,0.116748,0.043321,0.071627,0.149670,0.099244,0.249147,0.041778,0.115603
0.068821,0.235831,0.057104,0.075256,0.038928,0.042014,0.235831,0.051451,0.137296,0.057469
0.011811,0.315595,0.066477,0.033882,0.040342,0.044738,0.315595,0.031235,0.073415,0.066910
0.153454,0.226426,0.060792,0.048730,0.033658,0.049788,0.226426,0.030583,0.108664,0.061479
0.024794,0.251619,0.065120,0.091227,0.046535,0.048645,0.251618,0.040352,0.114637,0.065453
0.037656,0.203375,0.050990,0.062077,0.033271,0.038814,0.203375,0.036609,0.282465,0.051369
0.008033,0.060440,0.010285,0.785102,0.006809,0.008781,0.060440,0.008252,0.041490,0.010369
0.025068,0.236663,0.036719,0.140484,0.025027,0.028866,0.236662,0.026963,0.206553,0.036995
0.012670,0.258360,0.023594,0.043404,0.014496,0.017919,0.258360,0.018204,0.329142,0.023852
0.012564,0.104171,0.020232,0.037002,0.014417,0.016221,0.104171,0.017313,0.653545,0.020366
0.009487,0.062036,0.010897,0.145708,0.008203,0.010287,0.062036,0.009644,0.670734,0.010969
0.016640,0.257980,0.083314,0.032330,0.041317,0.066394,0.257980,0.065294,0.094505,0.084246
0.036467,0.250426,0.049287,0.074946,0.033674,0.037135,0.250425,0.034623,0.183325,0.049693
0.028203,0.154103,0.146647,0.052969,0.087421,0.092113,0.154104,0.069956,0.067362,0.147122
0.043585,0.217591,0.060445,0.109898,0.049312,0.049996,0.217591,0.048963,0.141939,0.060680
0.020178,0.305677,0.034020,0.115215,0.021398,0.026800,0.305677,0.023757,0.112932,0.034346
0.027785,0.173729,0.114264,0.055074,0.078358,0.076028,0.173729,0.086100,0.099749,0.115184
0.029687,0.244536,0.067776,0.052764,0.042698,0.053224,0.244536,0.043288,0.153038,0.068454
0.009353,0.309657,0.020625,0.035786,0.012322,0.021497,0.309657,0.012748,0.247502,0.020854
0.019142,0.251512,0.057031,0.104812,0.032686,0.037538,0.251511,0.035635,0.152732,0.057401
0.032531,0.192393,0.065588,0.046401,0.042858,0.045927,0.192393,0.038835,0.276997,0.066078
0.028052,0.195332,0.096302,0.096816,0.068027,0.083537,0.195332,0.052194,0.087887,0.096522
0.013148,0.139331,0.047645,0.028783,0.027403,0.041459,0.139331,0.025885,0.489110,0.047906
0.029034,0.283486,0.057634,0.064856,0.035310,0.043780,0.283486,0.036121,0.107961,0.058332
0.428658,0.124795,0.061386,0.032864,0.037407,0.043375,0.124795,0.030795,0.053882,0.062045
0.045231,0.146083,0.061218,0.095518,0.046035,0.054591,0.146083,0.047806,0.295889,0.061546
0.022000,0.175344,0.117290,0.049923,0.065150,0.159949,0.175344,0.060642,0.057346,0.117011
0.028047,0.241080,0.054652,0.074444,0.032928,0.040700,0.241080,0.037845,0.193811,0.055413
0.034697,0.164335,0.097222,0.164051,0.063386,0.070883,0.164336,0.066722,0.076164,0.098205
0.096316,0.142868,0.124601,0.048533,0.080986,0.093282,0.142868,0.052977,0.091373,0.126195
0.010582,0.127830,0.018370,0.058213,0.011528,0.014294,0.127830,0.012170,0.600608,0.018574
0.022914,0.095152,0.171545,0.036644,0.129637,0.155641,0.095152,0.077486,0.042815,0.173015
0.036599,0.194489,0.062013,0.107884,0.047728,0.052909,0.194489,0.046733,0.194867,0.062288
0.026688,0.234089,0.047219,0.109564,0.034652,0.038926,0.234089,0.035979,0.191277,0.047517
0.020711,0.154852,0.143371,0.028398,0.073938,0.124455,0.154852,0.107578,0.046293,0.145551
0.022141,0.170708,0.031556,0.148991,0.021730,0.027156,0.170708,0.024817,0.350378,0.031815
0.021113,0.298752,0.065517,0.062769,0.030979,0.041242,0.298753,0.041470,0.072882,0.066525
0.021154,0.266319,0.073659,0.045630,0.041052,0.088512,0.266320,0.043582,0.079357,0.074415
0.015611,0.335271,0.039367,0.083112,0.024321,0.032004,0.335273,0.026216,0.069124,0.039702
0.017089,0.129851,0.032632,0.534808,0.019358,0.023302,0.129851,0.020508,0.059547,0.033053
0.046844,0.217605,0.059916,0.098795,0.044589,0.048710,0.217605,0.051803,0.153937,0.060198
0.015631,0.306857,0.040192,0.052185,0.028794,0.032259,0.306856,0.027627,0.149369,0.040229
0.020026,0.278731,0.034980,0.034690,0.017755,0.024712,0.278731,0.023210,0.251683,0.035483
0.027209,0.293792,0.049131,0.095505,0.033155,0.038340,0.293793,0.036928,0.082620,0.049526
0.026523,0.238491,0.086245,0.064911,0.048110,0.091454,0.238492,0.054416,0.064359,0.087000
0.015032,0.336183,0.043987,0.065452,0.024269,0.039776,0.336184,0.028673,0.066079,0.044365
0.014595,0.322611,0.055436,0.063397,0.028753,0.045416,0.322613,0.031118,0.059921,0.056140
0.025593,0.187881,0.126121,0.041269,0.074884,0.079957,0.187881,0.087826,0.061140,0.127447
0.012067,0.368445,0.032172,0.049402,0.019034,0.022167,0.368446,0.019807,0.075881,0.032579
0.029388,0.278823,0.057273,0.084238,0.040288,0.044686,0.278824,0.043493,0.085308,0.057678
0.024589,0.161532,0.107315,0.060522,0.073818,0.128399,0.161532,0.071053,0.104026,0.107215
0.045068,0.181827,0.084743,0.120607,0.069766,0.066493,0.181827,0.069958,0.094523,0.085188
0.024889,0.263718,0.083494,0.054318,0.051205,0.072069,0.263719,0.048402,0.053610,0.084577
0.031846,0.234494,0.074737,0.089522,0.048649,0.076051,0.234495,0.054459,0.080310,0.075437
0.018435,0.039768,0.193158,0.020162,0.201425,0.098924,0.039768,0.172923,0.023494,0.191943
0.026028,0.033512,0.222502,0.024822,0.147010,0.150487,0.033512,0.113790,0.025762,0.222574
0.022938,0.278691,0.072137,0.048564,0.038234,0.074544,0.278692,0.043928,0.069339,0.072933
0.014865,0.344451,0.044246,0.069094,0.021036,0.028331,0.344452,0.028625,0.059999,0.044900
0.018641,0.060091,0.221581,0.018268,0.160620,0.128008,0.060092,0.083266,0.027537,0.221896
0.034419,0.040229,0.215229,0.024875,0.132571,0.175577,0.040229,0.093606,0.027058,0.216206
0.034419,0.040229,0.215229,0.024875,0.132571,0.175577,0.040229,0.093606,0.027058,0.216206
0.027076,0.242660,0.046022,0.115656,0.029728,0.044866,0.242661,0.053773,0.151173,0.046387
0.016561,0.032183,0.245571,0.016749,0.161789,0.150203,0.032183,0.080766,0.019910,0.244086
0.020228,0.076142,0.021492,0.684056,0.015046,0.019021,0.076142,0.016267,0.050013,0.021594
0.035088,0.251449,0.063956,0.081234,0.046650,0.050780,0.251450,0.047151,0.107949,0.064292
0.001877,0.003452,0.040617,0.001971,0.017452,0.034505,0.003452,0.853537,0.002047,0.041089
0.034290,0.054518,0.171884,0.039550,0.163458,0.162520,0.054518,0.107480,0.040666,0.171116
0.037786,0.033140,0.209085,0.024055,0.192162,0.118382,0.033140,0.125110,0.020577,0.206563
0.012395,0.166015,0.022960,0.128895,0.017642,0.017541,0.166014,0.016612,0.428873,0.023052
0.027361,0.309650,0.057006,0.044357,0.033428,0.037883,0.309650,0.033798,0.089172,0.057695
0.010799,0.034749,0.032724,0.018170,0.018126,0.026539,0.034749,0.765365,0.025930,0.032848
0.001850,0.002480,0.044642,0.001582,0.023130,0.035551,0.002480,0.841935,0.001598,0.044752
0.002018,0.003585,0.047736,0.002046,0.023206,0.038086,0.003585,0.828916,0.002209,0.048613
0.027284,0.288183,0.046709,0.067364,0.032319,0.041664,0.288183,0.038946,0.122341,0.047009
0.033640,0.060363,0.200979,0.032943,0.116546,0.145762,0.060363,0.108241,0.035399,0.205762
0.003285,0.011790,0.179978,0.006705,0.175729,0.268604,0.011790,0.160644,0.005646,0.175829
0.012800,0.313022,0.049012,0.057032,0.032636,0.037333,0.313021,0.033029,0.102858,0.049257
0.033139,0.246089,0.065705,0.097619,0.044453,0.050309,0.246090,0.053148,0.097243,0.066205
0.006772,0.194710,0.016568,0.153193,0.009500,0.011596,0.194710,0.011486,0.384730,0.016734
0.003236,0.013974,0.215212,0.004818,0.126362,0.260743,0.013974,0.144903,0.005126,0.211652
0.007699,0.138623,0.023089,0.539942,0.016235,0.018634,0.138622,0.018590,0.075372,0.023195
0.011251,0.014583,0.171411,0.011197,0.322413,0.191685,0.014583,0.081029,0.010913,0.170934
0.007527,0.023161,0.225180,0.009403,0.194292,0.218898,0.023161,0.056707,0.010567,0.231104
0.038279,0.257513,0.058872,0.090724,0.041189,0.046603,0.257514,0.044244,0.105772,0.059289
0.007371,0.015969,0.200312,0.006924,0.136853,0.329643,0.015969,0.072814,0.008251,0.205894
0.003111,0.006309,0.161836,0.003248,0.550432,0.082424,0.006309,0.025262,0.003468,0.157602
0.021261,0.046797,0.170903,0.029686,0.205442,0.139579,0.046797,0.128922,0.043307,0.167307
0.053821,0.153950,0.106797,0.078169,0.094118,0.091368,0.153951,0.074881,0.086327,0.106617
0.240090,0.141600,0.039565,0.173921,0.027427,0.031309,0.141599,0.031158,0.133515,0.039816
0.015136,0.055360,0.148518,0.019752,0.092829,0.131099,0.055360,0.309715,0.024295,0.147937
0.013741,0.165366,0.166633,0.026154,0.052814,0.117353,0.165367,0.074025,0.046426,0.172120
0.042647,0.068586,0.179610,0.023404,0.085220,0.150274,0.068586,0.167629,0.031030,0.183014
0.048916,0.147577,0.131400,0.053108,0.093774,0.094431,0.147577,0.084417,0.066888,0.131912
0.014387,0.044965,0.238638,0.015051,0.080653,0.226539,0.044965,0.059073,0.021269,0.254461
0.022789,0.026290,0.207729,0.020546,0.182418,0.193157,0.026290,0.092588,0.019994,0.208197
0.004771,0.021596,0.090738,0.008341,0.073963,0.100465,0.021596,0.579761,0.009105,0.089664
0.006338,0.144590,0.014010,0.305002,0.008729,0.010192,0.144590,0.010528,0.341898,0.014123
0.017353,0.054260,0.120282,0.026300,0.062235,0.154481,0.054260,0.362102,0.027243,0.121481
0.012621,0.029032,0.197407,0.015852,0.171258,0.233490,0.029032,0.094628,0.016896,0.199782
0.014538,0.079757,0.188269,0.024854,0.160564,0.122108,0.079757,0.101811,0.040065,0.188277
0.027033,0.106177,0.143736,0.053507,0.100823,0.143581,0.106177,0.130655,0.044148,0.144165
0.005415,0.022074,0.129360,0.006941,0.563458,0.086604,0.022074,0.029763,0.008514,0.125797
0.006374,0.011407,0.104946,0.006912,0.096162,0.106399,0.011407,0.545302,0.007564,0.103528
0.003814,0.179329,0.006496,0.295149,0.003898,0.005135,0.179329,0.006299,0.313994,0.006559
0.010819,0.013407,0.169994,0.009338,0.370641,0.176650,0.013407,0.061056,0.009432,0.165258
0.012675,0.042205,0.131996,0.020617,0.069850,0.151032,0.042205,0.378409,0.018740,0.132271
0.006854,0.020814,0.106709,0.008511,0.087332,0.092279,0.020814,0.541030,0.010057,0.105601
0.004466,0.034606,0.162620,0.007333,0.406717,0.153717,0.034606,0.027835,0.009070,0.159030
0.010453,0.321032,0.041167,0.069394,0.022157,0.038005,0.321031,0.024668,0.110555,0.041538
0.011164,0.017909,0.126323,0.012412,0.098280,0.104904,0.017909,0.472590,0.011249,0.127262
0.006415,0.023266,0.167333,0.008131,0.118746,0.171504,0.023266,0.306063,0.010425,0.164852
0.012290,0.043562,0.213022,0.020933,0.207762,0.174907,0.043562,0.056258,0.019771,0.207934
0.003121,0.005518,0.205467,0.003183,0.398684,0.132893,0.005518,0.032258,0.003324,0.210033
0.001335,0.005213,0.036120,0.001821,0.011964,0.020431,0.005213,0.878442,0.002146,0.037314
0.002845,0.006526,0.060903,0.002864,0.029853,0.055653,0.006526,0.769661,0.003181,0.061987
0.062736,0.045551,0.181082,0.019971,0.214576,0.085384,0.045551,0.145399,0.020628,0.179122
0.008014,0.013424,0.198632,0.008322,0.302423,0.141209,0.013424,0.111280,0.009618,0.193654
0.003826,0.007790,0.053645,0.004176,0.035302,0.048719,0.007790,0.781190,0.004681,0.052881
0.007310,0.019235,0.155916,0.009782,0.089328,0.252808,0.019235,0.278082,0.010451,0.157852
0.022950,0.057026,0.202900,0.040233,0.141302,0.139897,0.057026,0.097172,0.034082,0.207412
0.013220,0.024968,0.204902,0.011151,0.275768,0.186851,0.024968,0.045504,0.012384,0.200282
0.004296,0.009473,0.190447,0.004192,0.120192,0.206318,0.009473,0.262812,0.004992,0.187805
0.007761,0.014311,0.189118,0.007261,0.171981,0.171045,0.014311,0.228035,0.007395,0.188783
0.020598,0.040428,0.186229,0.023551,0.238152,0.168266,0.040428,0.074366,0.026162,0.181821
0.013093,0.016742,0.211858,0.013689,0.211905,0.190805,0.016742,0.097824,0.012763,0.214581
0.005554,0.008620,0.210877,0.005347,0.338900,0.160493,0.008620,0.052402,0.005764,0.203423
0.005849,0.011913,0.252377,0.005744,0.186508,0.178342,0.011913,0.080933,0.006539,0.259881
0.003285,0.011790,0.179978,0.006705,0.175729,0.268604,0.011790,0.160644,0.005646,0.175829
0.016849,0.028044,0.199630,0.016991,0.270580,0.147036,0.028044,0.074427,0.018190,0.200209
0.037786,0.033140,0.209085,0.024055,0.192162,0.118382,0.033140,0.125110,0.020577,0.206563
0.003336,0.013957,0.220548,0.005095,0.284321,0.195905,0.013957,0.044480,0.006344,0.212056
0.053987,0.344626,0.027064,0.045371,0.020693,0.020846,0.344626,0.016664,0.098872,0.027249
0.054248,0.296240,0.040953,0.045448,0.021091,0.023113,0.296240,0.020735,0.160396,0.041536
0.023300,0.038566,0.180554,0.028721,0.228042,0.163422,0.038566,0.092334,0.027219,0.179276
0.002610,0.004195,0.071570,0.002772,0.075465,0.067546,0.004195,0.698098,0.002693,0.070856
0.039093,0.061198,0.194317,0.035063,0.159776,0.142570,0.061198,0.081560,0.033361,0.191864
0.016318,0.034340,0.219366,0.019136,0.177349,0.106529,0.034340,0.154040,0.020044,0.218538
0.021903,0.223156,0.037737,0.222781,0.028619,0.034867,0.223156,0.031749,0.138054,0.037980
0.005274,0.269204,0.012038,0.289273,0.007070,0.008564,0.269204,0.008573,0.118613,0.012188
0.001429,0.005796,0.001453,0.973304,0.001176,0.001452,0.005796,0.001536,0.006597,0.001460
0.009142,0.263380,0.014738,0.063293,0.009921,0.012325,0.263380,0.018153,0.330836,0.014832
0.018796,0.294393,0.055666,0.038402,0.034105,0.042345,0.294393,0.035615,0.129941,0.056344
0.006620,0.022154,0.009052,0.880705,0.007184,0.008610,0.022154,0.009489,0.024944,0.009088
0.003356,0.008949,0.004210,0.952134,0.003235,0.003491,0.008949,0.003737,0.007707,0.004232
0.020677,0.241928,0.034438,0.180497,0.023398,0.032393,0.241927,0.026824,0.163204,0.034713
0.061727,0.166330,0.063880,0.122610,0.060428,0.062159,0.166329,0.062981,0.169596,0.063958
0.001425,0.008883,0.002366,0.963473,0.001678,0.001879,0.008883,0.001989,0.007040,0.002383
0.018276,0.088662,0.021319,0.650700,0.016698,0.018359,0.088662,0.018030,0.057859,0.021435
0.047394,0.236355,0.049859,0.091774,0.044758,0.048036,0.236354,0.046388,0.149104,0.049979
0.011767,0.087254,0.014340,0.664789,0.009537,0.011950,0.087253,0.010978,0.087660,0.014472
0.003633,0.114845,0.006549,0.507820,0.004009,0.005917,0.114845,0.004765,0.231014,0.006604
0.007993,0.113802,0.008580,0.025347,0.006294,0.007053,0.113802,0.006922,0.701577,0.008630
0.132692,0.199265,0.079318,0.061592,0.054176,0.056094,0.199265,0.050041,0.087587,0.079971
0.002830,0.112744,0.004768,0.051241,0.002841,0.003393,0.112744,0.003721,0.700893,0.004825
0.017105,0.101018,0.193152,0.030085,0.141899,0.105835,0.101018,0.070860,0.044806,0.194222
0.011978,0.089050,0.014967,0.093596,0.010863,0.013017,0.089049,0.016878,0.645555,0.015046
0.086805,0.122457,0.113822,0.076478,0.093524,0.095120,0.122457,0.092289,0.082922,0.114127
0.047033,0.178813,0.083024,0.095581,0.068035,0.078400,0.178813,0.062802,0.124234,0.083264
0.030153,0.055387,0.008930,0.781847,0.005666,0.006978,0.055387,0.006704,0.039933,0.009016
0.006153,0.400748,0.016513,0.023502,0.009286,0.013359,0.400747,0.010062,0.102924,0.016706
0.007698,0.084471,0.013704,0.021186,0.008825,0.009978,0.084471,0.009672,0.746163,0.013831
0.014205,0.342825,0.026217,0.061596,0.016085,0.020375,0.342824,0.019215,0.130136,0.026520
0.016845,0.265119,0.029466,0.065450,0.019127,0.023498,0.265119,0.022289,0.263323,0.029765
0.021312,0.185834,0.034761,0.252979,0.025329,0.036658,0.185834,0.025046,0.197351,0.034896
0.006772,0.194710,0.016568,0.153193,0.009500,0.011596,0.194710,0.011486,0.384730,0.016734
0.067222,0.306618,0.037698,0.080259,0.022907,0.029530,0.306618,0.029063,0.082038,0.038047
0.068269,0.159525,0.065807,0.166811,0.054480,0.060833,0.159525,0.058697,0.139933,0.066120
0.029611,0.209832,0.053267,0.134007,0.041466,0.044984,0.209831,0.040108,0.183384,0.053510
0.005676,0.190547,0.011782,0.033226,0.007903,0.009836,0.190547,0.009303,0.529320,0.011861
0.027466,0.243014,0.063154,0.064612,0.045303,0.050666,0.243014,0.045405,0.154055,0.063312
0.022210,0.113984,0.027526,0.518514,0.021223,0.023320,0.113984,0.023494,0.108097,0.027648
0.029094,0.260341,0.075402,0.057419,0.044108,0.056791,0.260341,0.048863,0.091514,0.076127
0.001315,0.006747,0.001621,0.970844,0.001217,0.001597,0.006747,0.001448,0.006835,0.001631
0.004301,0.276611,0.008431,0.016988,0.004789,0.007014,0.276610,0.005662,0.391055,0.008539
0.027922,0.167719,0.048640,0.308008,0.033258,0.038243,0.167719,0.041380,0.118041,0.049067
0.005895,0.030919,0.008791,0.018906,0.006498,0.007475,0.030918,0.006820,0.874925,0.008853
0.019332,0.114043,0.026450,0.533041,0.017688,0.021645,0.114043,0.022272,0.104791,0.026695
0.038058,0.156701,0.139411,0.038146,0.078766,0.148305,0.156702,0.055853,0.047972,0.140086
0.003364,0.020427,0.006999,0.914200,0.004683,0.005240,0.020427,0.005655,0.011963,0.007041
0.008636,0.065148,0.009104,0.050964,0.006688,0.008428,0.065148,0.007634,0.769084,0.009164
0.028448,0.257115,0.074648,0.054079,0.041549,0.074226,0.257115,0.063757,0.073855,0.075207
0.008815,0.093968,0.010799,0.417127,0.007641,0.008714,0.093968,0.008686,0.339392,0.010891
0.017981,0.153568,0.022779,0.080142,0.015690,0.018463,0.153567,0.020098,0.494781,0.022930
0.002939,0.041313,0.004326,0.842100,0.003172,0.003985,0.041312,0.003400,0.053104,0.004349
0.001995,0.063986,0.004265,0.011845,0.002565,0.003734,0.063986,0.003616,0.839706,0.004303
0.005413,0.247984,0.008214,0.045695,0.005388,0.006899,0.247983,0.006431,0.417705,0.008289
0.061727,0.166330,0.063880,0.122610,0.060428,0.062159,0.166329,0.062981,0.169596,0.063958
0.011362,0.102730,0.012773,0.240701,0.009902,0.011182,0.102729,0.010688,0.485090,0.012844
0.002459,0.015511,0.003192,0.938352,0.002356,0.002724,0.015511,0.003046,0.013638,0.003212
0.007707,0.292432,0.019679,0.174349,0.010539,0.016301,0.292431,0.020113,0.146572,0.019878
0.007276,0.371316,0.016543,0.032864,0.009551,0.012953,0.371315,0.011212,0.150239,0.016731
0.013399,0.367241,0.026238,0.031616,0.015961,0.020301,0.367241,0.016250,0.115256,0.026496
0.036350,0.190572,0.051709,0.206228,0.039432,0.046319,0.190572,0.041971,0.144819,0.052027
0.074312,0.222953,0.037897,0.161282,0.025844,0.029614,0.222953,0.028983,0.158010,0.038153
0.010336,0.028487,0.004158,0.711484,0.003102,0.003573,0.028486,0.003230,0.202961,0.004184
0.015212,0.301023,0.039219,0.058588,0.022913,0.028395,0.301022,0.027323,0.166743,0.039562
0.023403,0.211713,0.042345,0.134686,0.030408,0.032962,0.211713,0.031582,0.238536,0.042654
0.019971,0.288748,0.046624,0.077299,0.026410,0.047369,0.288749,0.034662,0.123040,0.047128
0.008535,0.283741,0.022876,0.209035,0.013827,0.017424,0.283740,0.017796,0.119943,0.023083
0.003576,0.077008,0.005953,0.766028,0.003933,0.004877,0.077008,0.004194,0.051422,0.006002
0.005503,0.059571,0.007274,0.320221,0.005391,0.006335,0.059571,0.005822,0.522999,0.007313
0.027544,0.157270,0.088337,0.103361,0.062519,0.076454,0.157270,0.061196,0.177678,0.088370
0.030230,0.078827,0.020438,0.635058,0.014694,0.016276,0.078827,0.015247,0.089825,0.020578
0.063205,0.202823,0.089338,0.061778,0.060516,0.073292,0.202823,0.073692,0.082499,0.090033
0.011776,0.122647,0.022805,0.075639,0.012689,0.014904,0.122647,0.014990,0.578813,0.023089
0.024636,0.262254,0.073717,0.069493,0.042270,0.060314,0.262255,0.055084,0.075321,0.074657
0.037744,0.269051,0.051216,0.088374,0.032262,0.053137,0.269051,0.035938,0.111479,0.051747
0.007199,0.403008,0.018986,0.041026,0.010532,0.014973,0.403009,0.012542,0.069500,0.019226
0.014561,0.144453,0.020784,0.474499,0.012981,0.016987,0.144452,0.014733,0.135567,0.020982
0.008249,0.254281,0.012406,0.038544,0.007674,0.009964,0.254280,0.009558,0.392513,0.012529
0.008704,0.371217,0.019076,0.040017,0.011695,0.016310,0.371217,0.018284,0.124226,0.019255
0.018700,0.322058,0.041828,0.056377,0.026404,0.033249,0.322058,0.039164,0.098055,0.042110
0.009722,0.339349,0.025330,0.086884,0.013986,0.024016,0.339350,0.017254,0.118505,0.025604
0.014637,0.364730,0.040398,0.038655,0.023724,0.026548,0.364730,0.021393,0.064242,0.040944
0.014097,0.296243,0.022001,0.047883,0.014364,0.017976,0.296241,0.017948,0.251038,0.022208
0.015815,0.334972,0.032595,0.103625,0.017164,0.022861,0.334972,0.020659,0.084223,0.033114
0.009751,0.338478,0.038485,0.032045,0.019623,0.028691,0.338477,0.027339,0.128182,0.038929
0.012686,0.198783,0.022575,0.362613,0.015541,0.019345,0.198782,0.021372,0.125595,0.022710
0.016310,0.338736,0.036711,0.060710,0.023638,0.033619,0.338736,0.028031,0.086470,0.037039
0.008073,0.410420,0.024142,0.025298,0.012133,0.017404,0.410421,0.013614,0.053923,0.024572
0.019231,0.320651,0.049913,0.040859,0.036792,0.038702,0.320652,0.035804,0.087243,0.050154
0.014026,0.340471,0.025828,0.045248,0.016840,0.020899,0.340471,0.019104,0.151043,0.026070
0.032405,0.287842,0.046465,0.073288,0.029214,0.038406,0.287842,0.036147,0.121424,0.046966
0.056521,0.266403,0.061489,0.061204,0.042721,0.051218,0.266404,0.043370,0.088747,0.061921
0.005435,0.393491,0.015639,0.027869,0.007889,0.013403,0.393491,0.010374,0.116555,0.015855
0.010827,0.313282,0.020872,0.051326,0.014088,0.018026,0.313281,0.019842,0.217434,0.021022
0.009951,0.389945,0.024777,0.036629,0.013497,0.017596,0.389945,0.016192,0.076359,0.025110
0.029639,0.312372,0.041602,0.057750,0.026969,0.031843,0.312372,0.031323,0.114199,0.041930
0.021122,0.142976,0.025842,0.050479,0.017643,0.024645,0.142976,0.020309,0.527944,0.026063
0.008266,0.380147,0.021782,0.072791,0.010811,0.017548,0.380148,0.012513,0.073911,0.022082
0.007904,0.071318,0.031292,0.420079,0.016355,0.028943,0.071318,0.272463,0.048966,0.031360
0.027133,0.344171,0.048428,0.041159,0.027294,0.036959,0.344173,0.028571,0.053107,0.049005
0.013062,0.073218,0.019846,0.092272,0.013440,0.015477,0.073218,0.016764,0.662713,0.019989
0.014500,0.332675,0.034354,0.030501,0.018049,0.037514,0.332675,0.016889,0.148104,0.034740
0.009303,0.112679,0.017854,0.597264,0.010484,0.015333,0.112679,0.012824,0.093556,0.018024
0.015940,0.295289,0.034416,0.057759,0.021931,0.030893,0.295288,0.026244,0.187529,0.034710
0.041501,0.068552,0.016561,0.701997,0.011186,0.013756,0.068552,0.015116,0.046100,0.016677
0.005172,0.043885,0.006447,0.115231,0.004707,0.005046,0.043885,0.005089,0.764054,0.006484
0.007547,0.050558,0.011583,0.056117,0.008231,0.009259,0.050558,0.009710,0.784776,0.011660
0.001330,0.027596,0.002207,0.013745,0.001486,0.002008,0.027596,0.001920,0.919893,0.002218
0.010957,0.314314,0.026860,0.088976,0.018858,0.020258,0.314313,0.017267,0.161161,0.027036
0.003141,0.038825,0.003378,0.031853,0.002416,0.003028,0.038825,0.002775,0.872356,0.003403
0.001108,0.015442,0.001926,0.873333,0.001348,0.001451,0.015442,0.001440,0.086572,0.001938
0.022762,0.206050,0.047464,0.241425,0.030790,0.035129,0.206050,0.035440,0.127001,0.047889
0.030662,0.344417,0.026208,0.040554,0.014512,0.018177,0.344416,0.016806,0.137679,0.026570
0.013879,0.351654,0.045907,0.031126,0.021595,0.053324,0.351655,0.029137,0.055061,0.046662
0.007278,0.275431,0.015627,0.081139,0.010423,0.012590,0.275430,0.011654,0.294668,0.015760
0.117037,0.192163,0.046399,0.171431,0.031529,0.044118,0.192163,0.037840,0.120666,0.046655
0.004047,0.045405,0.004550,0.252141,0.003207,0.004000,0.045404,0.003082,0.633580,0.004584
0.012268,0.361017,0.028106,0.031907,0.013362,0.027975,0.361016,0.019895,0.115956,0.028499
0.053966,0.177342,0.085698,0.070516,0.059171,0.074900,0.177342,0.083197,0.131548,0.086321
0.033394,0.330269,0.025459,0.081786,0.015971,0.022510,0.330268,0.018327,0.116299,0.025718
0.020835,0.329677,0.040869,0.095251,0.023926,0.029672,0.329678,0.026396,0.062372,0.041323
0.051840,0.298602,0.025174,0.090895,0.013101,0.018893,0.298602,0.017757,0.159612,0.025524
0.011603,0.143352,0.017484,0.565911,0.010530,0.014910,0.143352,0.013433,0.061763,0.017663
0.140430,0.155441,0.045069,0.193751,0.034751,0.046804,0.155441,0.037858,0.145180,0.045274
0.013270,0.064099,0.023075,0.169353,0.018714,0.019191,0.064099,0.018963,0.586104,0.023132
0.008437,0.394879,0.026177,0.056119,0.012722,0.018741,0.394882,0.014419,0.047054,0.026570
0.160556,0.229910,0.063105,0.050907,0.036468,0.047607,0.229911,0.042328,0.075342,0.063865
0.024310,0.290347,0.050726,0.060770,0.034777,0.038995,0.290347,0.033066,0.125550,0.051113
0.019924,0.273217,0.033830,0.141417,0.021999,0.039950,0.273217,0.023168,0.139223,0.034054
0.085066,0.309616,0.058066,0.030289,0.026958,0.039047,0.309617,0.031002,0.051237,0.059100
0.036547,0.291556,0.063980,0.045749,0.038774,0.052873,0.291557,0.043993,0.070377,0.064595
0.023380,0.187951,0.035745,0.268971,0.023560,0.028968,0.187951,0.027618,0.179796,0.036061
0.039396,0.190564,0.067680,0.224435,0.042887,0.048943,0.190564,0.053330,0.073915,0.068286
0.006562,0.099823,0.012570,0.683593,0.008107,0.010028,0.099823,0.009298,0.057530,0.012667
0.010800,0.050239,0.013862,0.773463,0.010368,0.011446,0.050239,0.011018,0.054616,0.013950
0.100000,0.100000,0.100000,0.100000,0.100000,0.100000,0.100000,0.100000,0.100000,0.100000
0.021635,0.085516,0.025426,0.055127,0.021774,0.022397,0.085516,0.023219,0.633878,0.025510
0.032844,0.295515,0.040796,0.063056,0.026009,0.031474,0.295515,0.028540,0.145041,0.041212
0.002843,0.240536,0.008012,0.022913,0.003827,0.006584,0.240535,0.004713,0.461926,0.008110
0.034390,0.072832,0.042241,0.076634,0.037662,0.037292,0.072832,0.060907,0.522893,0.042319
0.006477,0.023846,0.007074,0.032173,0.006352,0.007293,0.023846,0.006637,0.879217,0.007085
0.036862,0.228696,0.052702,0.171426,0.033920,0.040604,0.228696,0.041928,0.112026,0.053139
0.012502,0.036919,0.012011,0.045864,0.009520,0.010410,0.036919,0.012306,0.811494,0.012055
0.008791,0.023226,0.009304,0.030117,0.008584,0.008542,0.023226,0.008838,0.870059,0.009312
0.094621,0.061700,0.053324,0.471982,0.042415,0.041945,0.061700,0.054370,0.064408,0.053535
0.010537,0.042446,0.012429,0.083504,0.010691,0.010092,0.042446,0.012281,0.763112,0.012462
0.009569,0.013797,0.010196,0.894345,0.009585,0.009487,0.013797,0.010162,0.018861,0.010202
0.009243,0.014692,0.011668,0.888561,0.010797,0.010676,0.014692,0.011160,0.016837,0.011672
0.018262,0.047013,0.023763,0.751469,0.018638,0.018965,0.047013,0.017234,0.033757,0.023886
0.013689,0.024684,0.015472,0.837859,0.013321,0.013326,0.024684,0.013680,0.027780,0.015504
0.022176,0.047415,0.032889,0.661069,0.028644,0.027653,0.047415,0.046766,0.052997,0.032976
0.002284,0.005409,0.002602,0.969691,0.002091,0.002258,0.005409,0.002339,0.005303,0.002613
0.003320,0.006070,0.003012,0.963082,0.002528,0.002647,0.006070,0.002643,0.007604,0.003022
0.042561,0.031855,0.025874,0.728167,0.022452,0.022911,0.031855,0.023789,0.044594,0.025942
0.039333,0.098949,0.035719,0.098546,0.031391,0.032633,0.098949,0.034468,0.494194,0.035819
0.015392,0.070922,0.018310,0.084075,0.015194,0.016085,0.070922,0.016156,0.674573,0.018371
0.006136,0.047643,0.009968,0.808452,0.007947,0.009029,0.047643,0.009141,0.044033,0.010009
0.016104,0.008642,0.006547,0.921705,0.005485,0.005478,0.008642,0.009250,0.011584,0.006565
0.003207,0.005698,0.002634,0.967025,0.002082,0.002406,0.005698,0.002341,0.006265,0.002645
0.033606,0.057347,0.042754,0.621357,0.035418,0.032055,0.057347,0.029527,0.047753,0.042836
0.153384,0.083457,0.073941,0.238166,0.061221,0.061847,0.083458,0.090707,0.079657,0.074161
0.003325,0.006032,0.002765,0.964630,0.002285,0.002591,0.006032,0.002779,0.006785,0.002775
0.008378,0.003126,0.001976,0.972060,0.001779,0.001866,0.003126,0.001781,0.003928,0.001981
0.004850,0.007379,0.004566,0.949372,0.003725,0.005370,0.007379,0.003942,0.008836,0.004582
0.017534,0.009037,0.006942,0.917042,0.005799,0.005787,0.009037,0.009915,0.011946,0.006961
0.034157,0.034424,0.037039,0.671466,0.036211,0.038614,0.034424,0.038144,0.038539,0.036983
0.045363,0.063737,0.053049,0.561732,0.039842,0.037445,0.063737,0.032739,0.049074,0.053282
0.066496,0.290932,0.039370,0.057222,0.025746,0.033498,0.290931,0.027798,0.128350,0.039656
0.005606,0.396351,0.015784,0.037774,0.008510,0.012433,0.396351,0.010321,0.100874,0.015996
0.070967,0.074400,0.072182,0.290336,0.059999,0.063079,0.074400,0.150147,0.072088,0.072401
0.001028,0.023775,0.001429,0.843229,0.001020,0.001282,0.023774,0.001181,0.101843,0.001438
0.016716,0.314039,0.030698,0.059154,0.019990,0.025543,0.314039,0.027069,0.161778,0.030976
0.016841,0.333772,0.043798,0.040942,0.025974,0.032709,0.333773,0.029179,0.098743,0.044269
0.228090,0.071269,0.062626,0.297223,0.051664,0.051508,0.071269,0.045977,0.057460,0.062913
0.007154,0.415498,0.017694,0.025903,0.009150,0.012185,0.415498,0.011179,0.067774,0.017965
0.011858,0.379333,0.022963,0.036410,0.013380,0.015930,0.379333,0.014700,0.102847,0.023247
0.061722,0.208951,0.064892,0.098967,0.051195,0.054817,0.208951,0.047197,0.138049,0.065260
0.104815,0.245592,0.065797,0.051435,0.037242,0.047402,0.245592,0.046851,0.088573,0.066701
0.003281,0.404591,0.009153,0.016702,0.004888,0.006458,0.404590,0.005976,0.135087,0.009275
0.021253,0.298909,0.065087,0.044415,0.038914,0.046931,0.298910,0.041490,0.078221,0.065870
0.044910,0.203170,0.065404,0.154645,0.046093,0.047700,0.203170,0.049583,0.119497,0.065828
0.050163,0.238525,0.071466,0.094847,0.045808,0.066986,0.238526,0.047225,0.074245,0.072209
0.032530,0.252731,0.078728,0.046434,0.053425,0.060018,0.252731,0.053372,0.090703,0.079328
0.017020,0.329030,0.042365,0.048201,0.025072,0.031749,0.329030,0.028766,0.105998,0.042770
0.026695,0.237971,0.043033,0.143754,0.029047,0.033877,0.237971,0.031247,0.173049,0.043356
0.007707,0.253681,0.012641,0.032679,0.007542,0.008958,0.253680,0.008314,0.402024,0.012774
0.019567,0.317792,0.046041,0.040446,0.028076,0.033700,0.317792,0.032467,0.117651,0.046467
0.018257,0.411045,0.018093,0.017822,0.007543,0.012043,0.411044,0.016029,0.069708,0.018415
0.029935,0.247195,0.061639,0.090229,0.042123,0.042421,0.247195,0.040853,0.136251,0.062159
0.024456,0.248296,0.042866,0.140299,0.032755,0.033218,0.248296,0.027021,0.159680,0.043113
0.003401,0.085912,0.005680,0.073626,0.003983,0.004651,0.085912,0.004571,0.726547,0.005718
0.012392,0.101696,0.014228,0.358463,0.010392,0.011676,0.101695,0.010886,0.364242,0.014331
0.027447,0.160085,0.035766,0.210068,0.028507,0.031250,0.160085,0.031314,0.279582,0.035898
0.036637,0.218359,0.065880,0.119553,0.045774,0.051704,0.218358,0.045866,0.131500,0.066369
0.049305,0.183482,0.071465,0.097106,0.056759,0.063681,0.183482,0.063930,0.159104,0.071687
0.022048,0.329082,0.032814,0.045782,0.020860,0.029870,0.329081,0.026887,0.130419,0.033156
0.011623,0.177520,0.019416,0.033299,0.011697,0.014885,0.177520,0.012277,0.522146,0.019618
0.022777,0.303069,0.041167,0.047689,0.027688,0.031839,0.303068,0.027094,0.154071,0.041537
0.062374,0.168051,0.109988,0.061629,0.076458,0.084900,0.168052,0.079842,0.077666,0.111040
0.023984,0.320344,0.044370,0.042091,0.027827,0.033302,0.320344,0.029777,0.113099,0.044861
0.073031,0.139265,0.075535,0.082999,0.072125,0.073954,0.139265,0.078929,0.189294,0.075601
0.005878,0.091655,0.009189,0.025544,0.005742,0.008303,0.091655,0.005993,0.746748,0.009293
0.031426,0.200162,0.054223,0.103363,0.041275,0.047583,0.200162,0.043546,0.223781,0.054480
0.009787,0.321180,0.025823,0.041569,0.015374,0.018994,0.321179,0.015635,0.204355,0.026106
0.073230,0.092050,0.115981,0.096333,0.098314,0.104674,0.092050,0.130977,0.080309,0.116083
0.057801,0.129938,0.081514,0.232893,0.061638,0.076376,0.129938,0.065179,0.082979,0.081744
0.010824,0.235003,0.016375,0.060078,0.010424,0.012291,0.235002,0.012571,0.390875,0.016558
0.012816,0.364959,0.024821,0.036977,0.013937,0.016443,0.364959,0.014452,0.125486,0.025150
0.074655,0.314063,0.038368,0.055458,0.020730,0.032520,0.314063,0.021327,0.089884,0.038933
0.608247,0.082454,0.035260,0.039149,0.025342,0.028345,0.082454,0.026687,0.036531,0.035531
0.025699,0.279404,0.079237,0.042697,0.049616,0.051394,0.279405,0.046329,0.066893,0.079326
0.010070,0.232368,0.013658,0.102647,0.009314,0.010354,0.232367,0.009515,0.365943,0.013763
0.026456,0.212316,0.035422,0.146441,0.028716,0.031660,0.212316,0.037267,0.233829,0.035577
0.000789,0.019720,0.001097,0.004615,0.000795,0.000914,0.019720,0.000791,0.950453,0.001105
0.026717,0.299433,0.044200,0.056757,0.031879,0.032544,0.299433,0.029742,0.134863,0.044432
0.029517,0.247073,0.068403,0.057377,0.046928,0.061983,0.247073,0.058866,0.113883,0.068897
0.011804,0.237938,0.016083,0.035977,0.010249,0.013260,0.237938,0.012615,0.407900,0.016236
0.011682,0.357802,0.036502,0.051165,0.019170,0.032524,0.357803,0.023746,0.072622,0.036985
0.020260,0.399472,0.025982,0.028405,0.013121,0.017908,0.399473,0.015537,0.053468,0.026374
0.009580,0.134167,0.017062,0.170369,0.011130,0.014469,0.134167,0.014360,0.477497,0.017198
0.049470,0.155681,0.120105,0.061543,0.075529,0.096978,0.155681,0.094042,0.070162,0.120809
0.498130,0.092953,0.048887,0.053257,0.035758,0.036882,0.092953,0.034187,0.057822,0.049170
0.029403,0.214929,0.041827,0.076162,0.029795,0.033218,0.214929,0.029411,0.288145,0.042181
0.008152,0.341289,0.021035,0.056358,0.013510,0.016782,0.341288,0.017306,0.163054,0.021226
0.001316,0.021942,0.001990,0.860374,0.001507,0.001746,0.021942,0.001588,0.085596,0.002000
0.006038,0.229745,0.010509,0.239463,0.006144,0.009571,0.229744,0.007611,0.250554,0.010621
0.002152,0.052346,0.002186,0.006616,0.001147,0.002156,0.052346,0.001357,0.877484,0.002211
0.016451,0.235251,0.027074,0.186936,0.018922,0.021309,0.235250,0.018296,0.213224,0.027287
0.016495,0.272539,0.025059,0.084785,0.017566,0.020888,0.272538,0.021959,0.242942,0.025229
0.005674,0.071781,0.007628,0.049165,0.005730,0.006254,0.071781,0.006384,0.767939,0.007664
0.028095,0.210218,0.040774,0.177020,0.029417,0.041752,0.210218,0.034257,0.187245,0.041006
0.052859,0.272156,0.037370,0.078338,0.024654,0.033184,0.272155,0.024655,0.166981,0.037649
0.012395,0.166015,0.022960,0.128895,0.017642,0.017541,0.166014,0.016612,0.428873,0.023052
0.008283,0.355824,0.033072,0.060538,0.017749,0.030224,0.355824,0.017253,0.087728,0.033506
0.006338,0.144590,0.014010,0.305002,0.008729,0.010192,0.144590,0.010528,0.341898,0.014123
0.016882,0.265346,0.034674,0.103787,0.021386,0.025782,0.265345,0.025795,0.206061,0.034942
0.008247,0.402255,0.025970,0.027938,0.012442,0.018322,0.402255,0.017639,0.058598,0.026336
0.018409,0.230587,0.014621,0.043143,0.008899,0.011007,0.230586,0.010502,0.417447,0.014800
0.046996,0.193446,0.095695,0.073917,0.071536,0.078308,0.193447,0.069235,0.081340,0.096079
0.010288,0.298999,0.022098,0.064793,0.013797,0.015750,0.298998,0.014384,0.238491,0.022402
0.020027,0.322206,0.045757,0.066679,0.025575,0.035628,0.322206,0.038217,0.077357,0.046348
0.025310,0.208584,0.031696,0.151531,0.021917,0.025788,0.208583,0.024529,0.270133,0.031929
0.205666,0.131898,0.055900,0.126491,0.040121,0.041186,0.131898,0.038674,0.171925,0.056241
0.016992,0.121170,0.022288,0.328411,0.017411,0.020584,0.121170,0.019022,0.310519,0.022432
0.008893,0.075751,0.011300,0.466623,0.007562,0.008432,0.075751,0.008834,0.325454,0.011400
0.010758,0.336966,0.023075,0.050283,0.014834,0.021864,0.336965,0.015727,0.166212,0.023317
0.009069,0.393332,0.031235,0.031773,0.015344,0.022545,0.393332,0.018343,0.053219,0.031808
0.008924,0.359156,0.021423,0.029995,0.010859,0.016484,0.359155,0.013694,0.158571,0.021738
0.016176,0.317039,0.027480,0.049467,0.018161,0.024477,0.317038,0.021881,0.180580,0.027701
0.003359,0.025032,0.003941,0.261892,0.002944,0.003046,0.025032,0.003001,0.667794,0.003959
0.002653,0.159510,0.005091,0.012545,0.003174,0.005085,0.159510,0.003938,0.643356,0.005137
0.010846,0.125006,0.021459,0.121650,0.014209,0.016171,0.125006,0.021328,0.522716,0.021609
0.035088,0.251449,0.063956,0.081234,0.046650,0.050780,0.251450,0.047151,0.107949,0.064292
0.051910,0.216517,0.072362,0.092192,0.049156,0.055199,0.216517,0.052716,0.120571,0.072859
0.032911,0.214147,0.052720,0.062124,0.034113,0.037422,0.214147,0.038186,0.261085,0.053144
0.013487,0.362653,0.024254,0.038704,0.014004,0.021412,0.362653,0.021330,0.116982,0.024522
0.008130,0.158519,0.014128,0.280651,0.009403,0.010865,0.158519,0.008874,0.336684,0.014227
0.023632,0.252306,0.067500,0.059803,0.041456,0.059031,0.252306,0.050696,0.125258,0.068011
0.283656,0.155704,0.030335,0.058835,0.021058,0.023401,0.155704,0.021968,0.218807,0.030532
0.066691,0.109799,0.090497,0.202515,0.080965,0.082268,0.109799,0.078868,0.087984,0.090613
0.006037,0.086113,0.012421,0.348567,0.007876,0.009630,0.086113,0.010183,0.420547,0.012513
0.001826,0.055268,0.002764,0.010669,0.001659,0.002143,0.055267,0.001931,0.865679,0.002794
0.010376,0.365071,0.022752,0.047169,0.013913,0.017388,0.365070,0.016284,0.118963,0.023015
0.006263,0.105734,0.008870,0.485920,0.006343,0.007484,0.105733,0.008244,0.256483,0.008927
0.018490,0.312253,0.045742,0.048130,0.027048,0.034335,0.312253,0.029622,0.125881,0.046246
0.025238,0.277191,0.026017,0.047118,0.015038,0.019978,0.277190,0.016796,0.269124,0.026311
0.009798,0.254210,0.018336,0.096556,0.012046,0.016204,0.254209,0.013415,0.306726,0.018499
0.004465,0.368102,0.011185,0.027169,0.006440,0.008406,0.368100,0.007511,0.187308,0.011313
0.023885,0.312560,0.031140,0.078885,0.018922,0.021243,0.312560,0.018916,0.150423,0.031465
0.025943,0.238064,0.039597,0.200508,0.026298,0.031218,0.238065,0.027475,0.132925,0.039907
0.050024,0.218742,0.081464,0.069238,0.053718,0.066201,0.218742,0.066914,0.092794,0.082164
0.023630,0.212363,0.034742,0.089640,0.025431,0.029906,0.212363,0.029276,0.307674,0.034974
0.154198,0.191302,0.054123,0.117944,0.040601,0.043032,0.191303,0.042059,0.110894,0.054544
0.238445,0.135435,0.098931,0.045953,0.067281,0.071620,0.135436,0.053531,0.053875,0.099492
0.028631,0.225260,0.047048,0.168338,0.033612,0.039939,0.225260,0.032135,0.152410,0.047368
0.014421,0.137251,0.033694,0.032013,0.021574,0.023553,0.137250,0.020735,0.545565,0.033943
0.009943,0.211698,0.017376,0.162354,0.010578,0.012266,0.211698,0.012127,0.334398,0.017561
0.018237,0.292454,0.062732,0.048008,0.033713,0.040156,0.292454,0.034534,0.114280,0.063433
0.003426,0.092700,0.004690,0.051384,0.002988,0.003762,0.092700,0.003312,0.740304,0.004733
0.044509,0.181218,0.065373,0.087885,0.053248,0.066699,0.181218,0.081529,0.172623,0.065697
0.008787,0.091131,0.017675,0.664666,0.012203,0.013869,0.091131,0.012650,0.070074,0.017815
0.019283,0.164248,0.027261,0.185208,0.018958,0.021811,0.164248,0.022123,0.349402,0.027457
0.017994,0.252974,0.030387,0.108329,0.018428,0.022615,0.252974,0.021346,0.244265,0.030689
0.023340,0.293217,0.040411,0.052587,0.023367,0.036176,0.293218,0.029958,0.167025,0.040701
0.006043,0.120447,0.007643,0.593080,0.005617,0.006246,0.120446,0.005630,0.127143,0.007705
0.006908,0.014206,0.002914,0.939481,0.001982,0.002259,0.014206,0.002208,0.012895,0.002941
0.020276,0.212421,0.067675,0.117982,0.040630,0.044270,0.212421,0.064824,0.151147,0.068352
0.006158,0.206075,0.011194,0.272284,0.007365,0.009917,0.206075,0.008479,0.261170,0.011284
0.001959,0.072644,0.003242,0.714559,0.002004,0.002591,0.072643,0.002162,0.124923,0.003275
0.010851,0.290232,0.025423,0.036334,0.014000,0.019278,0.290231,0.016737,0.271197,0.025716
0.007690,0.352039,0.013463,0.048097,0.007748,0.011540,0.352038,0.009768,0.184004,0.013612
0.017675,0.205681,0.024153,0.178339,0.015952,0.021957,0.205680,0.018244,0.287959,0.024360
0.012865,0.276313,0.023863,0.074300,0.014726,0.022596,0.276312,0.016843,0.258083,0.024098
0.009742,0.262628,0.022309,0.069547,0.013672,0.018445,0.262627,0.013297,0.305205,0.022529
0.008527,0.327579,0.019638,0.073426,0.011223,0.018134,0.327579,0.013475,0.180557,0.019862
0.002067,0.017162,0.002993,0.577561,0.002351,0.002416,0.017162,0.002349,0.372931,0.003007
0.062316,0.199498,0.076896,0.076254,0.055368,0.075956,0.199498,0.059494,0.117144,0.077575
0.021686,0.181203,0.028949,0.101693,0.022364,0.024544,0.181202,0.024132,0.385153,0.029073
0.004949,0.117151,0.010024,0.553467,0.007083,0.007967,0.117151,0.008133,0.164024,0.010050
0.004308,0.021495,0.005509,0.902085,0.004401,0.004834,0.021495,0.005003,0.025340,0.005529
0.016535,0.198354,0.033540,0.056128,0.022674,0.025924,0.198354,0.020869,0.393819,0.033803
0.008475,0.217060,0.015144,0.056777,0.009727,0.011117,0.217060,0.011177,0.438178,0.015286
0.025776,0.227746,0.044053,0.062225,0.029583,0.041868,0.227745,0.030596,0.266081,0.044327
0.023360,0.266980,0.050113,0.061108,0.032058,0.035966,0.266980,0.038889,0.173932,0.050615
0.011222,0.305509,0.021328,0.089061,0.014868,0.024780,0.305508,0.015207,0.191084,0.021433
0.000966,0.027902,0.001344,0.007276,0.000887,0.001089,0.027902,0.001011,0.930270,0.001355
0.023933,0.193658,0.043122,0.102730,0.030868,0.035877,0.193658,0.032008,0.300975,0.043170
0.005182,0.154657,0.009019,0.024292,0.005278,0.006266,0.154656,0.005523,0.626018,0.009109
0.002752,0.023047,0.003045,0.897477,0.002262,0.002627,0.023047,0.002520,0.040156,0.003067
0.012104,0.268336,0.030304,0.079272,0.021727,0.023913,0.268335,0.021399,0.244217,0.030393
0.003725,0.042564,0.005849,0.014924,0.003964,0.004443,0.042564,0.004514,0.871556,0.005898
0.007265,0.110201,0.012805,0.024439,0.008458,0.009471,0.110200,0.008008,0.696238,0.012913
0.010882,0.134398,0.019064,0.483829,0.012063,0.018310,0.134397,0.013127,0.154680,0.019249
0.013433,0.065102,0.019252,0.720716,0.014220,0.015543,0.065102,0.016278,0.050983,0.019372
0.020314,0.302938,0.033389,0.066842,0.022523,0.026569,0.302938,0.026982,0.163883,0.033623
0.017606,0.102825,0.025609,0.310144,0.020561,0.021595,0.102825,0.022182,0.350933,0.025720
0.013616,0.342716,0.026234,0.047567,0.017155,0.023362,0.342715,0.020445,0.139753,0.026436
0.006528,0.122286,0.011273,0.029437,0.007242,0.008252,0.122286,0.008046,0.673272,0.011378
0.010174,0.163324,0.014731,0.425506,0.008911,0.010895,0.163324,0.011076,0.177171,0.014888
0.016549,0.071668,0.024969,0.685868,0.018255,0.021942,0.071668,0.019264,0.044694,0.025121
0.021517,0.250916,0.039991,0.201113,0.026245,0.034241,0.250917,0.031223,0.103520,0.040316
0.020825,0.243772,0.040499,0.096249,0.024599,0.030042,0.243772,0.025172,0.234240,0.040830
0.021044,0.301629,0.047329,0.060849,0.028871,0.034724,0.301629,0.038273,0.117811,0.047841
0.029761,0.204264,0.021528,0.047672,0.013891,0.015169,0.204263,0.014107,0.427620,0.021726
0.008078,0.077528,0.016095,0.708880,0.010389,0.013046,0.077528,0.013225,0.059004,0.016228
0.012551,0.128411,0.015989,0.580410,0.011656,0.012990,0.128411,0.012521,0.080972,0.016088
0.010376,0.377995,0.042112,0.032178,0.018165,0.028615,0.377996,0.019944,0.049820,0.042800
0.004228,0.069031,0.006294,0.755050,0.004420,0.005598,0.069031,0.005239,0.074766,0.006341
0.011241,0.191044,0.027331,0.423490,0.016285,0.021742,0.191044,0.018716,0.071474,0.027633
0.002184,0.030772,0.002662,0.837141,0.001831,0.002214,0.030772,0.002231,0.087510,0.002683
0.001214,0.039871,0.001846,0.149589,0.001228,0.001547,0.039871,0.001524,0.761447,0.001862
0.008582,0.318254,0.020729,0.042495,0.013657,0.015970,0.318253,0.014378,0.226867,0.020815
0.004360,0.054218,0.004837,0.770506,0.003678,0.004400,0.054218,0.004601,0.094314,0.004868
0.003063,0.220911,0.007660,0.072224,0.004292,0.006481,0.220911,0.008030,0.448702,0.007724
0.016880,0.273688,0.036661,0.063626,0.025210,0.030366,0.273688,0.026856,0.216066,0.036958
0.005518,0.104028,0.010641,0.688724,0.006546,0.007705,0.104028,0.008176,0.053894,0.010739
0.009127,0.271093,0.018406,0.137818,0.011798,0.015163,0.271092,0.012358,0.234540,0.018605
0.012932,0.052752,0.056760,0.097211,0.033414,0.040970,0.052752,0.552612,0.043614,0.056984
0.018771,0.267353,0.032220,0.137678,0.021322,0.026789,0.267353,0.025827,0.170206,0.032482
0.090024,0.205228,0.077318,0.104017,0.047176,0.059825,0.205228,0.055883,0.077330,0.077971
0.009281,0.087999,0.029222,0.374283,0.015884,0.024209,0.087998,0.235709,0.106029,0.029386
0.011533,0.108592,0.026280,0.507785,0.018265,0.026628,0.108592,0.025519,0.140409,0.026397
0.018603,0.157617,0.020752,0.318684,0.014121,0.017605,0.157617,0.017839,0.256257,0.020906
0.034479,0.274824,0.047073,0.087303,0.032137,0.047792,0.274824,0.044622,0.109555,0.047391
0.174865,0.144745,0.047122,0.148790,0.034427,0.041219,0.144745,0.063789,0.152937,0.047361
0.041354,0.217495,0.056342,0.160560,0.038884,0.042510,0.217495,0.045697,0.122872,0.056789
0.017587,0.145928,0.055671,0.190188,0.025617,0.055913,0.145928,0.063126,0.244019,0.056021
0.021143,0.306789,0.041115,0.099951,0.023262,0.028861,0.306789,0.025778,0.104834,0.041478
0.012653,0.308841,0.024237,0.081537,0.016025,0.017718,0.308840,0.019452,0.186270,0.024427
0.008129,0.379378,0.018612,0.032291,0.011129,0.014857,0.379377,0.011035,0.126397,0.018795
0.027361,0.309650,0.057006,0.044357,0.033428,0.037883,0.309650,0.033798,0.089172,0.057695
0.013786,0.273817,0.031070,0.049791,0.019283,0.022523,0.273817,0.019614,0.264858,0.031441
0.060253,0.242628,0.061904,0.078072,0.036855,0.053753,0.242628,0.039668,0.121967,0.062272
0.002179,0.075893,0.003457,0.017392,0.002227,0.002760,0.075893,0.002232,0.814477,0.003490
0.144514,0.183335,0.063459,0.164511,0.037592,0.044282,0.183336,0.043389,0.071407,0.064175
0.338087,0.073577,0.071062,0.146580,0.055607,0.051283,0.073577,0.056199,0.062767,0.071260
0.003892,0.036955,0.007388,0.859642,0.005123,0.006246,0.036955,0.006927,0.029441,0.007431
0.011647,0.331284,0.035332,0.038898,0.018257,0.035419,0.331284,0.021855,0.140316,0.035707
0.001090,0.048231,0.001696,0.048608,0.001098,0.001341,0.048231,0.001233,0.846761,0.001711
0.003360,0.040999,0.005393,0.019060,0.004185,0.004554,0.040999,0.003889,0.872168,0.005393
0.016424,0.095956,0.024797,0.537995,0.018611,0.026027,0.095956,0.021299,0.138027,0.024908
0.011853,0.065682,0.024441,0.689537,0.021231,0.024095,0.065682,0.017324,0.055612,0.024542
0.003139,0.049770,0.004511,0.059691,0.003076,0.004216,0.049770,0.003001,0.818283,0.004544
0.025055,0.123082,0.032120,0.426680,0.023397,0.034042,0.123082,0.028601,0.151649,0.032291
0.030334,0.259326,0.049255,0.080541,0.034644,0.037984,0.259325,0.040257,0.158614,0.049721
0.001232,0.030974,0.002130,0.010589,0.001370,0.001570,0.030974,0.002041,0.916972,0.002148
0.011704,0.222283,0.027902,0.115723,0.017406,0.030020,0.222282,0.019751,0.304881,0.028048
0.014746,0.242544,0.030466,0.059189,0.024286,0.034708,0.242543,0.021320,0.299591,0.030608
0.011569,0.277522,0.017822,0.058103,0.011715,0.015947,0.277521,0.014804,0.297025,0.017971
0.251697,0.169317,0.061087,0.072057,0.041874,0.046560,0.169318,0.045818,0.080712,0.061560
0.012876,0.097898,0.016606,0.468122,0.011340,0.012866,0.097897,0.012279,0.253368,0.016748
0.003396,0.067563,0.004550,0.021682,0.002928,0.003528,0.067563,0.003427,0.820771,0.004592
0.034450,0.154325,0.055988,0.346408,0.037268,0.044156,0.154325,0.037642,0.079135,0.056304
0.046146,0.354536,0.028787,0.034624,0.017050,0.022439,0.354535,0.022074,0.090757,0.029053
0.014710,0.145957,0.013300,0.057980,0.009315,0.011961,0.145957,0.010849,0.576574,0.013396
0.020624,0.314022,0.032160,0.058008,0.020420,0.032912,0.314021,0.020326,0.155054,0.032453
0.024100,0.241628,0.085714,0.056278,0.044883,0.077794,0.241628,0.065945,0.075627,0.086404
0.014960,0.129336,0.018645,0.576858,0.010108,0.017727,0.129336,0.014680,0.069481,0.018869
0.026523,0.238491,0.086245,0.064911,0.048110,0.091454,0.238492,0.054416,0.064359,0.087000
0.015032,0.336183,0.043987,0.065452,0.024269,0.039776,0.336184,0.028673,0.066079,0.044365
0.019383,0.314120,0.057829,0.053733,0.035166,0.039354,0.314121,0.034479,0.073308,0.058507
0.012067,0.368445,0.032172,0.049402,0.019034,0.022167,0.368446,0.019807,0.075881,0.032579
0.045068,0.181827,0.084743,0.120607,0.069766,0.066493,0.181827,0.069958,0.094523,0.085188
0.024889,0.263718,0.083494,0.054318,0.051205,0.072069,0.263719,0.048402,0.053610,0.084577
0.031846,0.234494,0.074737,0.089522,0.048649,0.076051,0.234495,0.054459,0.080310,0.075437
0.014595,0.322611,0.055436,0.063397,0.028753,0.045416,0.322613,0.031118,0.059921,0.056140
0.052985,0.210871,0.055911,0.107484,0.043171,0.047176,0.210871,0.043997,0.171236,0.056298
0.027209,0.293792,0.049131,0.095505,0.033155,0.038340,0.293793,0.036928,0.082620,0.049526
0.010453,0.321032,0.041167,0.069394,0.022157,0.038005,0.321031,0.024668,0.110555,0.041538
0.010430,0.303601,0.030549,0.045564,0.019555,0.021790,0.303600,0.019120,0.215095,0.030697
0.018478,0.274117,0.035526,0.186582,0.021971,0.028481,0.274117,0.025438,0.099372,0.035918
0.019140,0.326634,0.052164,0.040448,0.030051,0.031785,0.326634,0.032182,0.088125,0.052837
0.013383,0.035330,0.007587,0.842137,0.005023,0.007004,0.035330,0.005447,0.041098,0.007660
0.018488,0.366246,0.041036,0.033728,0.022815,0.032015,0.366247,0.026361,0.051524,0.041540
0.018932,0.316517,0.044648,0.041758,0.026191,0.036357,0.316517,0.033501,0.120511,0.045069
0.007990,0.340043,0.024720,0.044052,0.012533,0.021633,0.340043,0.014127,0.169852,0.025008
0.005754,0.161537,0.011679,0.155574,0.007240,0.008822,0.161537,0.007622,0.468465,0.011772
0.029388,0.278823,0.057273,0.084238,0.040288,0.044686,0.278824,0.043493,0.085308,0.057678
0.010950,0.140819,0.027344,0.437406,0.016802,0.029814,0.140819,0.028817,0.139636,0.027593
0.016095,0.225947,0.018484,0.270879,0.010568,0.015054,0.225947,0.011483,0.186910,0.018633
0.009242,0.219881,0.014183,0.362221,0.009881,0.011340,0.219881,0.011303,0.127781,0.014287
0.022535,0.270432,0.027246,0.061689,0.016544,0.021479,0.270431,0.018511,0.263609,0.027525
0.000617,0.015876,0.000929,0.004348,0.000649,0.000754,0.015876,0.000738,0.959278,0.000935
0.005879,0.235828,0.009438,0.019463,0.005078,0.008505,0.235827,0.006202,0.464228,0.009552
0.005325,0.255540,0.010466,0.214400,0.005974,0.008592,0.255539,0.007923,0.225660,0.010581
0.018917,0.389916,0.021351,0.024705,0.010988,0.014084,0.389916,0.009945,0.098663,0.021515
0.024962,0.084775,0.074881,0.035199,0.042713,0.058149,0.084775,0.483031,0.036163,0.075351
0.015659,0.292811,0.024704,0.068680,0.016016,0.020109,0.292811,0.017620,0.226647,0.024943
0.015140,0.339548,0.036125,0.039474,0.020026,0.033484,0.339548,0.022386,0.117851,0.036418
0.026506,0.141045,0.046195,0.373502,0.036977,0.043008,0.141045,0.037274,0.108137,0.046309
0.014822,0.269337,0.028421,0.196750,0.017917,0.023741,0.269337,0.020087,0.130910,0.028678
0.014922,0.381322,0.038094,0.026179,0.019587,0.025489,0.381323,0.021411,0.053070,0.038602
0.012250,0.210210,0.014728,0.120451,0.010606,0.013389,0.210209,0.012832,0.380491,0.014834
0.013131,0.285594,0.019553,0.094140,0.012398,0.016119,0.285593,0.015286,0.238452,0.019734
0.012515,0.336852,0.035523,0.042940,0.016945,0.030277,0.336852,0.025614,0.126395,0.036087
0.011562,0.266572,0.037996,0.047397,0.026026,0.026005,0.266570,0.025898,0.253682,0.038291
0.009801,0.195233,0.020078,0.302074,0.012490,0.016539,0.195233,0.013433,0.214871,0.020249
0.010178,0.390067,0.018914,0.027892,0.009051,0.018078,0.390066,0.010735,0.105882,0.019136
0.022219,0.286053,0.028101,0.059239,0.019471,0.021025,0.286053,0.019155,0.230354,0.028330
0.019751,0.136073,0.034859,0.469445,0.022653,0.026893,0.136073,0.030329,0.088757,0.035167
0.030894,0.099477,0.059701,0.226313,0.044108,0.050495,0.099477,0.208223,0.121578,0.059734
0.008761,0.179352,0.010858,0.095509,0.007290,0.008696,0.179351,0.008408,0.490840,0.010935
0.000462,0.009479,0.000638,0.002637,0.000440,0.000529,0.009479,0.000514,0.975180,0.000643
0.001292,0.022720,0.001760,0.005865,0.001169,0.001369,0.022720,0.001312,0.940016,0.001776
0.012642,0.327614,0.040840,0.037149,0.020552,0.039334,0.327614,0.029306,0.123721,0.041229
0.001221,0.021297,0.001817,0.005407,0.001261,0.001443,0.021297,0.001487,0.942939,0.001831
0.002012,0.348675,0.005015,0.020773,0.002612,0.003960,0.348674,0.003186,0.260007,0.005085
0.029705,0.271922,0.053927,0.053111,0.031685,0.058281,0.271923,0.034198,0.140853,0.054395
0.033111,0.216118,0.061281,0.091625,0.041920,0.055666,0.216118,0.053343,0.169107,0.061711
0.038216,0.182278,0.067750,0.112130,0.056330,0.057262,0.182278,0.054486,0.181488,0.067783
0.012360,0.087711,0.013395,0.120603,0.010057,0.013186,0.087711,0.011753,0.629756,0.013468
0.021014,0.149624,0.049054,0.079334,0.030999,0.044448,0.149624,0.036892,0.389774,0.049237
0.019824,0.296644,0.046121,0.063642,0.030320,0.038738,0.296645,0.032963,0.128603,0.046500
0.006270,0.164582,0.006825,0.102030,0.004981,0.005819,0.164581,0.006481,0.531556,0.006876
0.003424,0.028318,0.003776,0.015961,0.003041,0.003277,0.028318,0.003242,0.906850,0.003793
0.015002,0.298906,0.035558,0.127538,0.020119,0.030070,0.298906,0.024363,0.113529,0.036010
0.279835,0.125490,0.083267,0.071728,0.054749,0.061979,0.125491,0.051889,0.061526,0.084045
0.011977,0.279735,0.026134,0.067458,0.016481,0.019429,0.279734,0.017151,0.255547,0.026355
0.005659,0.101687,0.007338,0.027949,0.005546,0.007326,0.101686,0.006048,0.729381,0.007380
0.004999,0.085739,0.014297,0.629063,0.008044,0.010179,0.085739,0.024373,0.123158,0.014410
0.014618,0.300487,0.028624,0.104972,0.018443,0.024079,0.300485,0.020437,0.158862,0.028994
0.042817,0.132055,0.033524,0.038468,0.019196,0.024671,0.132055,0.020564,0.522729,0.033923
0.041574,0.256795,0.065633,0.059771,0.043416,0.053157,0.256796,0.050402,0.106327,0.066129
0.007598,0.082531,0.009952,0.023212,0.006635,0.008231,0.082531,0.007068,0.762231,0.010012
0.034697,0.164335,0.097222,0.164051,0.063386,0.070883,0.164336,0.066722,0.076164,0.098205
0.006937,0.222822,0.015380,0.181951,0.008814,0.013593,0.222821,0.009710,0.302404,0.015568
0.008226,0.032579,0.021166,0.805714,0.018827,0.018013,0.032579,0.014412,0.027220,0.021263
0.029809,0.305742,0.040852,0.040867,0.021874,0.029029,0.305741,0.034521,0.150234,0.041330
0.005883,0.082824,0.009634,0.038053,0.006759,0.008246,0.082824,0.008646,0.747428,0.009702
0.033742,0.248080,0.059472,0.056211,0.038085,0.041120,0.248080,0.039913,0.175293,0.060005
0.007564,0.042649,0.007681,0.048021,0.005941,0.006578,0.042649,0.006742,0.824457,0.007717
0.006437,0.418569,0.018461,0.022822,0.009276,0.016049,0.418570,0.010882,0.060209,0.018726
0.033751,0.241676,0.057938,0.083206,0.042086,0.048556,0.241676,0.048652,0.144238,0.058221
0.033773,0.089406,0.032725,0.549913,0.027352,0.029036,0.089406,0.025468,0.090066,0.032857
0.033656,0.297849,0.034286,0.058428,0.021253,0.035138,0.297848,0.024098,0.162811,0.034633
0.009843,0.201647,0.015601,0.047022,0.011931,0.013598,0.201646,0.012056,0.470966,0.015691
0.005114,0.088126,0.007761,0.021345,0.005547,0.006178,0.088125,0.005319,0.764663,0.007822
0.011307,0.240947,0.024593,0.193677,0.014309,0.020197,0.240946,0.019477,0.209681,0.024867
0.002212,0.033779,0.003175,0.016306,0.002256,0.002481,0.033779,0.002428,0.900389,0.003194
0.012176,0.100006,0.010538,0.155882,0.007023,0.008770,0.100005,0.007471,0.587503,0.010626
0.030250,0.263101,0.041314,0.070617,0.028559,0.031961,0.263101,0.030287,0.199144,0.041666
0.005936,0.258166,0.014018,0.026968,0.008196,0.010905,0.258165,0.010687,0.392813,0.014145
0.021522,0.242809,0.041861,0.050043,0.026820,0.027467,0.242808,0.024000,0.280421,0.042248
0.007765,0.173526,0.013563,0.023806,0.007753,0.010926,0.173525,0.010084,0.565348,0.013703
0.007463,0.134381,0.014975,0.029083,0.010262,0.011484,0.134381,0.010531,0.632348,0.015092
0.077978,0.171454,0.075932,0.182448,0.050355,0.050032,0.171454,0.049761,0.094233,0.076353
0.022938,0.278691,0.072137,0.048564,0.038234,0.074544,0.278692,0.043928,0.069339,0.072933
0.009150,0.076131,0.013516,0.026426,0.009975,0.010947,0.076131,0.010614,0.753522,0.013587
0.014017,0.142931,0.012671,0.309216,0.007818,0.010528,0.142931,0.008246,0.338843,0.012800
0.007699,0.138623,0.023089,0.539942,0.016235,0.018634,0.138622,0.018590,0.075372,0.023195
0.012800,0.313022,0.049012,0.057032,0.032636,0.037333,0.313021,0.033029,0.102858,0.049257
0.031035,0.375960,0.031530,0.037617,0.015608,0.021306,0.375961,0.017120,0.061903,0.031960
0.018918,0.307068,0.027278,0.076740,0.018189,0.024711,0.307068,0.020951,0.171573,0.027504
0.006619,0.194490,0.015710,0.061339,0.009085,0.012609,0.194490,0.010529,0.479245,0.015883
0.054248,0.296240,0.040953,0.045448,0.021091,0.023113,0.296240,0.020735,0.160396,0.041536
0.014261,0.347172,0.023506,0.050850,0.012388,0.032953,0.347172,0.016111,0.131806,0.023781
0.005340,0.088010,0.010385,0.024508,0.006165,0.008388,0.088010,0.006357,0.752343,0.010494
0.004045,0.046314,0.007554,0.835806,0.004771,0.006858,0.046314,0.005063,0.035662,0.007614
0.008533,0.318534,0.031256,0.029858,0.022816,0.026504,0.318533,0.016391,0.196205,0.031369
0.053987,0.344626,0.027064,0.045371,0.020693,0.020846,0.344626,0.016664,0.098872,0.027249
0.028646,0.222055,0.087103,0.054670,0.047282,0.123610,0.222055,0.054559,0.072439,0.087580
0.040093,0.179419,0.119680,0.054374,0.070637,0.082282,0.179419,0.076757,0.076378,0.120962
0.011699,0.268925,0.026456,0.271793,0.016933,0.021061,0.268926,0.020876,0.066675,0.026656
0.017830,0.280425,0.029106,0.086503,0.021557,0.028731,0.280424,0.023966,0.202206,0.029253
0.009487,0.342411,0.024009,0.052012,0.013696,0.019820,0.342411,0.016391,0.155490,0.024273
0.056225,0.146286,0.093676,0.105384,0.076637,0.080336,0.146286,0.081851,0.119286,0.094033
0.013513,0.362339,0.040156,0.039328,0.022102,0.031610,0.362340,0.024751,0.063197,0.040665
0.094319,0.241551,0.040706,0.069190,0.026541,0.036280,0.241551,0.038153,0.170653,0.041058
0.026537,0.181935,0.119010,0.046108,0.054716,0.116688,0.181935,0.064332,0.089029,0.119711
0.016511,0.196028,0.034791,0.190666,0.022607,0.029648,0.196028,0.028014,0.250718,0.034988
0.027390,0.105024,0.012625,0.189260,0.008336,0.011218,0.105024,0.009534,0.518884,0.012704
0.011808,0.242475,0.021308,0.114850,0.013534,0.018290,0.242474,0.015278,0.298496,0.021487
0.010048,0.288049,0.023933,0.035026,0.014708,0.037350,0.288049,0.015373,0.263326,0.024137
0.024843,0.268462,0.068624,0.055572,0.042894,0.065291,0.268462,0.041187,0.095436,0.069229
0.004108,0.058158,0.006174,0.700875,0.004666,0.005006,0.058158,0.004824,0.151829,0.006203
0.006578,0.392298,0.012236,0.034173,0.007729,0.010471,0.392298,0.008925,0.122938,0.012354
0.031045,0.193184,0.014142,0.031404,0.009131,0.012371,0.193183,0.011416,0.489862,0.014261
0.012326,0.306133,0.038488,0.076178,0.025163,0.025692,0.306133,0.023726,0.147335,0.038826
0.073091,0.274251,0.044231,0.049666,0.034106,0.053823,0.274251,0.025964,0.126225,0.044392
0.043997,0.275571,0.055532,0.082305,0.026593,0.059901,0.275571,0.031236,0.092980,0.056314
0.003488,0.429596,0.008426,0.015527,0.004315,0.006349,0.429595,0.005743,0.088414,0.008546
0.007867,0.410410,0.019985,0.018888,0.009843,0.013505,0.410410,0.011777,0.077003,0.020310
0.002614,0.050339,0.004828,0.777456,0.002996,0.006105,0.050339,0.003723,0.096739,0.004860
0.010890,0.114874,0.019680,0.573474,0.014293,0.019273,0.114874,0.015980,0.096908,0.019754
0.025918,0.229113,0.048361,0.186371,0.031638,0.038440,0.229113,0.045899,0.116358,0.048790
0.015311,0.104056,0.021335,0.589136,0.015993,0.019894,0.104056,0.017528,0.091226,0.021463
0.021388,0.305220,0.018545,0.067024,0.009580,0.014907,0.305219,0.011862,0.227526,0.018729
0.003319,0.412514,0.017572,0.018511,0.009224,0.015027,0.412514,0.008658,0.084861,0.017799
0.017642,0.294777,0.039542,0.050301,0.026617,0.032018,0.294777,0.028399,0.176042,0.039886
0.009379,0.284892,0.023629,0.135810,0.013218,0.020917,0.284892,0.014984,0.188428,0.023852
0.013284,0.174889,0.023489,0.122427,0.014713,0.017229,0.174889,0.022385,0.412997,0.023697
0.012667,0.342233,0.041915,0.034836,0.022790,0.038814,0.342233,0.026458,0.095519,0.042535
0.240090,0.141600,0.039565,0.173921,0.027427,0.031309,0.141599,0.031158,0.133515,0.039816
0.015464,0.157057,0.026127,0.371720,0.016343,0.018136,0.157057,0.017049,0.194659,0.026388
0.014813,0.164179,0.018539,0.333081,0.013110,0.013970,0.164178,0.011059,0.248374,0.018697
0.003337,0.072780,0.004227,0.018151,0.003001,0.003415,0.072780,0.003227,0.814823,0.004259
0.011977,0.420551,0.021660,0.024153,0.010808,0.015445,0.420553,0.014281,0.038637,0.021936
0.008534,0.187643,0.006688,0.026581,0.003946,0.004931,0.187642,0.004466,0.562809,0.006761
0.019561,0.236846,0.024857,0.176223,0.018173,0.020658,0.236846,0.021658,0.220146,0.025032
0.020452,0.178631,0.037316,0.369896,0.026907,0.030988,0.178632,0.031074,0.088571,0.037533
0.053966,0.177342,0.085698,0.070516,0.059171,0.074900,0.177342,0.083197,0.131548,0.086321
0.048413,0.154817,0.109292,0.062327,0.078423,0.112080,0.154817,0.078879,0.091136,0.109816
0.022048,0.329082,0.032814,0.045782,0.020860,0.029870,0.329081,0.026887,0.130419,0.033156
0.034479,0.274824,0.047073,0.087303,0.032137,0.047792,0.274824,0.044622,0.109555,0.047391
0.002807,0.052759,0.003294,0.200734,0.002225,0.002730,0.052758,0.002640,0.676730,0.003322
0.061727,0.166330,0.063880,0.122610,0.060428,0.062159,0.166329,0.062981,0.169596,0.063958
0.159339,0.078168,0.128112,0.072725,0.094279,0.110035,0.078168,0.083701,0.066981,0.128492
0.013879,0.351654,0.045907,0.031126,0.021595,0.053324,0.351655,0.029137,0.055061,0.046662
0.056443,0.187708,0.081745,0.074227,0.065104,0.070044,0.187708,0.066403,0.128503,0.082117
0.032172,0.237319,0.093789,0.057180,0.052947,0.063411,0.237319,0.063083,0.068156,0.094625
0.055007,0.190769,0.089506,0.110195,0.062592,0.071088,0.190770,0.061707,0.078249,0.090118
0.007993,0.113802,0.008580,0.025347,0.006294,0.007053,0.113802,0.006922,0.701577,0.008630
0.034755,0.234102,0.083398,0.070550,0.051409,0.062759,0.234102,0.067177,0.077619,0.084129
0.008497,0.020177,0.186726,0.010858,0.108686,0.158081,0.020177,0.290029,0.011317,0.185451
0.004997,0.067873,0.007188,0.018682,0.005036,0.005557,0.067873,0.005194,0.810352,0.007248
0.100000,0.100000,0.100000,0.100000,0.100000,0.100000,0.100000,0.100000,0.100000,0.100000
0.026140,0.048484,0.184061,0.031473,0.133376,0.170234,0.048484,0.140280,0.034412,0.183057
0.011717,0.372516,0.037195,0.035196,0.019952,0.025280,0.372516,0.023626,0.064371,0.037631
0.059344,0.113498,0.132786,0.067792,0.110852,0.104569,0.113498,0.094624,0.069604,0.133433
0.975456,0.003157,0.002756,0.002888,0.002250,0.002595,0.003157,0.002288,0.002690,0.002763
0.927753,0.008976,0.009863,0.007101,0.006322,0.007619,0.008977,0.007506,0.005962,0.009922
0.023435,0.061563,0.225802,0.026348,0.125817,0.109667,0.061563,0.102479,0.031344,0.231982
0.035095,0.072785,0.151866,0.043299,0.171276,0.125384,0.072785,0.117775,0.059131,0.150604
0.102098,0.023915,0.129260,0.019973,0.068217,0.130054,0.023915,0.358380,0.015689,0.128498
0.008220,0.074146,0.097802,0.016997,0.043083,0.061395,0.074146,0.499177,0.026602,0.098432
0.154284,0.037581,0.197776,0.019995,0.104671,0.136577,0.037581,0.091486,0.021307,0.198744
0.078956,0.079556,0.133894,0.073520,0.109129,0.157246,0.079556,0.090819,0.063392,0.133934
0.507318,0.026509,0.105969,0.018081,0.064206,0.066662,0.026509,0.059651,0.018712,0.106385
0.018905,0.033728,0.188204,0.019571,0.307666,0.109127,0.033728,0.080189,0.021195,0.187688
0.014141,0.074345,0.185165,0.023585,0.085772,0.250950,0.074345,0.073061,0.027822,0.190815
0.007213,0.022545,0.212596,0.012013,0.086284,0.290991,0.022546,0.113917,0.011482,0.220414
0.215726,0.064332,0.083930,0.037923,0.044990,0.063896,0.064332,0.056125,0.284539,0.084207
0.025626,0.140922,0.082715,0.069442,0.043622,0.089138,0.140923,0.233138,0.091359,0.083115
0.007698,0.084471,0.013704,0.021186,0.008825,0.009978,0.084471,0.009672,0.746163,0.013831
0.005896,0.008916,0.151698,0.006043,0.434810,0.162743,0.008916,0.066125,0.006149,0.148703
0.021052,0.023883,0.253011,0.016549,0.102907,0.137784,0.023883,0.149863,0.017616,0.253451
0.004110,0.006491,0.224307,0.004015,0.158924,0.176740,0.006491,0.198885,0.004187,0.215850
0.010596,0.041745,0.234795,0.014737,0.071002,0.228094,0.041745,0.095382,0.018627,0.243279
0.022148,0.027944,0.142494,0.026637,0.410010,0.119387,0.027944,0.059328,0.023812,0.140297
0.008497,0.016021,0.179006,0.008413,0.437117,0.098587,0.016021,0.053143,0.009622,0.173573
0.009112,0.046198,0.211605,0.013435,0.092070,0.200083,0.046198,0.146310,0.015434,0.219557
0.010598,0.024609,0.165728,0.009980,0.459218,0.084130,0.024609,0.046795,0.011919,0.162412
0.076962,0.112072,0.088022,0.185181,0.064888,0.073334,0.112072,0.068681,0.130201,0.088586
0.028750,0.028891,0.237260,0.016590,0.130994,0.200528,0.028891,0.078504,0.013459,0.236134
0.010239,0.027648,0.217183,0.012141,0.176175,0.217824,0.027648,0.082169,0.014368,0.214605
0.023739,0.106393,0.202345,0.027311,0.114188,0.116559,0.106393,0.057358,0.033917,0.211797
0.011053,0.021112,0.221852,0.011589,0.276984,0.132008,0.021112,0.070209,0.012314,0.221767
0.007535,0.025434,0.246428,0.009951,0.153183,0.190089,0.025434,0.086036,0.013478,0.242431
0.021171,0.296238,0.046834,0.048264,0.031091,0.033582,0.296238,0.029216,0.150040,0.047325
0.010903,0.015846,0.141067,0.011436,0.482141,0.107721,0.015846,0.064851,0.011491,0.138697
0.014425,0.056003,0.234096,0.019988,0.165782,0.110844,0.056004,0.088323,0.024236,0.230298
0.021389,0.091962,0.185688,0.032000,0.159221,0.110630,0.091962,0.075537,0.046459,0.185150
0.005321,0.009172,0.208353,0.005708,0.150090,0.118453,0.009172,0.284445,0.005734,0.203552
0.005895,0.030919,0.008791,0.018906,0.006498,0.007475,0.030918,0.006820,0.874925,0.008853
0.027922,0.167719,0.048640,0.308008,0.033258,0.038243,0.167719,0.041380,0.118041,0.049067
0.014828,0.022946,0.246168,0.008435,0.111985,0.132203,0.022946,0.180484,0.014719,0.245286
0.032544,0.021442,0.218622,0.012582,0.302780,0.100720,0.021442,0.060130,0.015362,0.214375
0.068928,0.172320,0.073226,0.071743,0.050218,0.058897,0.172320,0.046766,0.211502,0.074081
0.010104,0.018658,0.199299,0.011812,0.075666,0.257235,0.018658,0.193260,0.012618,0.202689
0.049775,0.166049,0.078748,0.093873,0.059752,0.064664,0.166049,0.057707,0.183987,0.079394
0.008228,0.009263,0.182517,0.007914,0.214798,0.133171,0.009263,0.249817,0.007563,0.177466
0.067900,0.127470,0.108539,0.082177,0.088397,0.086083,0.127470,0.081958,0.120594,0.109412
0.056352,0.149683,0.082265,0.106393,0.073851,0.073853,0.149683,0.074514,0.150966,0.082440
0.005613,0.016223,0.007116,0.017791,0.005600,0.006048,0.016223,0.006114,0.912126,0.007147
0.001995,0.063986,0.004265,0.011845,0.002565,0.003734,0.063986,0.003616,0.839706,0.004303
0.003347,0.011359,0.006671,0.924555,0.004465,0.005880,0.011359,0.013599,0.012074,0.006691
0.007633,0.044398,0.012063,0.028522,0.008809,0.009748,0.044398,0.010167,0.822118,0.012143
0.916724,0.012477,0.010353,0.007625,0.006388,0.009312,0.012477,0.006304,0.007870,0.010470
0.013181,0.045781,0.017079,0.043381,0.013548,0.013993,0.045781,0.013870,0.776221,0.017165
0.003896,0.005320,0.168791,0.003961,0.303865,0.107235,0.005320,0.234365,0.003793,0.163454
0.006665,0.012396,0.156195,0.007137,0.493309,0.081417,0.012396,0.068660,0.007939,0.153885
0.029983,0.261123,0.070387,0.091724,0.041848,0.061241,0.261124,0.036935,0.074434,0.071201
0.007355,0.025432,0.183401,0.009505,0.069120,0.249995,0.025432,0.237961,0.010344,0.181454
0.016993,0.201981,0.039713,0.335184,0.023738,0.035743,0.201981,0.023865,0.080656,0.040145
0.006643,0.013807,0.277479,0.006390,0.151554,0.172125,0.013807,0.076022,0.007034,0.275139
0.143842,0.123927,0.085101,0.118382,0.059666,0.070505,0.123927,0.058408,0.130403,0.085840
0.012273,0.319732,0.021596,0.074664,0.013211,0.017661,0.319731,0.014282,0.185038,0.021811
0.100000,0.100000,0.100000,0.100000,0.100000,0.100000,0.100000,0.100000,0.100000,0.100000
0.025970,0.253204,0.049581,0.154596,0.029078,0.036890,0.253204,0.037891,0.109440,0.050148
0.025411,0.092106,0.188767,0.025750,0.132107,0.137636,0.092106,0.082521,0.034580,0.189017
0.037744,0.269051,0.051216,0.088374,0.032262,0.053137,0.269051,0.035938,0.111479,0.051747
0.004755,0.054461,0.007383,0.761333,0.005335,0.006552,0.054461,0.006051,0.092232,0.007437
0.070399,0.141831,0.095844,0.125503,0.074807,0.078292,0.141831,0.068431,0.106469,0.096594
0.011776,0.122647,0.022805,0.075639,0.012689,0.014904,0.122647,0.014990,0.578813,0.023089
0.008249,0.254281,0.012406,0.038544,0.007674,0.009964,0.254280,0.009558,0.392513,0.012529
0.024998,0.300407,0.076781,0.040754,0.042074,0.046607,0.300408,0.033028,0.056932,0.078012
0.613036,0.050072,0.041544,0.063513,0.031980,0.034425,0.050072,0.030407,0.043096,0.041853
0.100000,0.100000,0.100000,0.100000,0.100000,0.100000,0.100000,0.100000,0.100000,0.100000
0.005503,0.059571,0.007274,0.320221,0.005391,0.006335,0.059571,0.005822,0.522999,0.007313
0.030230,0.078827,0.020438,0.635058,0.014694,0.016276,0.078827,0.015247,0.089825,0.020578
0.049490,0.197112,0.126860,0.041088,0.066495,0.072861,0.197112,0.051375,0.068173,0.129434
0.013961,0.038775,0.207076,0.014327,0.225846,0.161666,0.038775,0.075258,0.018634,0.205682
0.032417,0.045391,0.196975,0.029480,0.165075,0.143409,0.045391,0.113252,0.032376,0.196233
0.003894,0.039461,0.007640,0.832960,0.004998,0.006099,0.039461,0.005027,0.052749,0.007713
0.016118,0.250525,0.030460,0.059609,0.019761,0.023120,0.250525,0.022983,0.296204,0.030694
0.006319,0.009758,0.214794,0.005831,0.207795,0.117314,0.009758,0.213347,0.006685,0.208397
0.015940,0.295289,0.034416,0.057759,0.021931,0.030893,0.295288,0.026244,0.187529,0.034710
0.001330,0.027596,0.002207,0.013745,0.001486,0.002008,0.027596,0.001920,0.919893,0.002218
0.026939,0.262882,0.047005,0.063483,0.029204,0.037200,0.262882,0.029239,0.193551,0.047613
0.009303,0.112679,0.017854,0.597264,0.010484,0.015333,0.112679,0.012824,0.093556,0.018024
0.014500,0.332675,0.034354,0.030501,0.018049,0.037514,0.332675,0.016889,0.148104,0.034740
0.016996,0.030687,0.257591,0.016473,0.146416,0.122714,0.030687,0.106533,0.018465,0.253437
0.014813,0.057064,0.218963,0.023277,0.140317,0.157012,0.057064,0.090551,0.024260,0.216681
0.033103,0.038313,0.227039,0.024069,0.136792,0.143905,0.038313,0.104401,0.029548,0.224517
0.030662,0.344417,0.026208,0.040554,0.014512,0.018177,0.344416,0.016806,0.137679,0.026570
0.021383,0.121755,0.181413,0.033890,0.087711,0.111262,0.121755,0.098248,0.039379,0.183203
0.018881,0.105251,0.019306,0.596517,0.014924,0.015545,0.105251,0.014873,0.090027,0.019423
0.003141,0.038825,0.003378,0.031853,0.002416,0.003028,0.038825,0.002775,0.872356,0.003403
0.016719,0.020392,0.214659,0.013199,0.242359,0.097130,0.020392,0.148722,0.014062,0.212367
0.037045,0.101971,0.166065,0.044754,0.138752,0.093210,0.101971,0.097281,0.052280,0.166670
0.004047,0.045405,0.004550,0.252141,0.003207,0.004000,0.045404,0.003082,0.633580,0.004584
0.032440,0.048951,0.183740,0.031738,0.206198,0.119513,0.048951,0.111638,0.034189,0.182642
0.237541,0.095011,0.093772,0.047801,0.060862,0.145098,0.095011,0.062230,0.068047,0.094627
0.008512,0.027094,0.149224,0.011650,0.103048,0.140878,0.027094,0.370809,0.013026,0.148665
0.017073,0.041138,0.180296,0.022146,0.268321,0.147142,0.041138,0.084105,0.023926,0.174714
0.006497,0.007403,0.148087,0.005250,0.137095,0.100118,0.007403,0.437625,0.005385,0.145138
0.003269,0.009248,0.039797,0.004493,0.023996,0.036931,0.009248,0.828459,0.004737,0.039821
0.018075,0.282355,0.049739,0.053642,0.031701,0.036772,0.282354,0.034626,0.160551,0.050185
0.013508,0.017292,0.168491,0.012640,0.147433,0.142973,0.017292,0.298902,0.015563,0.165906
0.001028,0.023775,0.001429,0.843229,0.001020,0.001282,0.023774,0.001181,0.101843,0.001438
0.030038,0.066072,0.162928,0.044244,0.160374,0.128325,0.066071,0.091673,0.088670,0.161605
0.048606,0.163465,0.104522,0.053546,0.059543,0.089825,0.163466,0.067211,0.144373,0.105443
0.047850,0.169127,0.111056,0.056102,0.064439,0.094843,0.169127,0.068950,0.106137,0.112369
0.008418,0.025985,0.011828,0.017204,0.011140,0.010585,0.025985,0.009150,0.867939,0.011765
0.159437,0.042657,0.199877,0.020665,0.088082,0.151894,0.042657,0.070305,0.024531,0.199895
0.090529,0.108405,0.118373,0.084274,0.085930,0.105758,0.108406,0.087705,0.091549,0.119071
0.168071,0.157376,0.070006,0.119213,0.054818,0.063573,0.157376,0.060674,0.078580,0.070313
0.027951,0.228328,0.064164,0.060891,0.039807,0.062710,0.228328,0.039731,0.183368,0.064721
0.003401,0.085912,0.005680,0.073626,0.003983,0.004651,0.085912,0.004571,0.726547,0.005718
0.073031,0.139265,0.075535,0.082999,0.072125,0.073954,0.139265,0.078929,0.189294,0.075601
0.005733,0.010491,0.191881,0.005307,0.112877,0.133934,0.010491,0.335893,0.006077,0.187314
0.012334,0.026306,0.153855,0.013046,0.125867,0.117140,0.026306,0.358733,0.013753,0.152660
0.005096,0.015449,0.191506,0.007032,0.117868,0.144746,0.015449,0.300711,0.013861,0.188282
0.005878,0.091655,0.009189,0.025544,0.005742,0.008303,0.091655,0.005993,0.746748,0.009293
0.025226,0.077162,0.185709,0.023314,0.123609,0.130809,0.077162,0.138385,0.031693,0.186931
0.099231,0.121497,0.094013,0.085581,0.068922,0.096626,0.121497,0.096895,0.121268,0.094470
0.003221,0.010523,0.237988,0.003467,0.226327,0.188369,0.010523,0.083458,0.004341,0.231784
0.008647,0.018469,0.007391,0.030351,0.006383,0.006721,0.018469,0.006968,0.889184,0.007416
0.011804,0.237938,0.016083,0.035977,0.010249,0.013260,0.237938,0.012615,0.407900,0.016236
0.038470,0.026505,0.225782,0.014212,0.174352,0.115464,0.026505,0.137049,0.016436,0.225225
0.131944,0.116758,0.093330,0.083876,0.072938,0.104798,0.116758,0.084870,0.101098,0.093630
0.017241,0.028334,0.208820,0.017728,0.200861,0.140184,0.028334,0.124444,0.019750,0.214304
0.062539,0.128295,0.110488,0.073807,0.084243,0.087846,0.128295,0.067250,0.146234,0.111004
0.026717,0.299433,0.044200,0.056757,0.031879,0.032544,0.299433,0.029742,0.134863,0.044432
0.069144,0.112150,0.129942,0.064826,0.105106,0.109866,0.112150,0.088592,0.077763,0.130462
0.004341,0.007863,0.184462,0.004311,0.181868,0.114239,0.007863,0.311930,0.004706,0.178417
0.010543,0.018976,0.227571,0.010232,0.230424,0.150026,0.018976,0.098613,0.010871,0.223769
0.080225,0.124337,0.122233,0.068383,0.097667,0.093115,0.124337,0.080405,0.086338,0.122960
0.007209,0.010837,0.170792,0.005728,0.427058,0.153862,0.010837,0.041435,0.006708,0.165534
0.987681,0.001700,0.001225,0.001560,0.001102,0.001154,0.001700,0.001140,0.001511,0.001227
0.100000,0.100000,0.100000,0.100000,0.100000,0.100000,0.100000,0.100000,0.100000,0.100000
0.006512,0.009440,0.127030,0.006522,0.590949,0.081141,0.009440,0.038070,0.006726,0.124171
0.016421,0.172751,0.042218,0.030325,0.023722,0.026512,0.172752,0.024839,0.447791,0.042668
0.009865,0.062881,0.010612,0.230167,0.006400,0.009371,0.062881,0.006915,0.590224,0.010685
0.002152,0.052346,0.002186,0.006616,0.001147,0.002156,0.052346,0.001357,0.877484,0.002211
0.014750,0.052142,0.113058,0.032427,0.088683,0.095307,0.052142,0.388456,0.050567,0.112468
0.041300,0.035476,0.260993,0.012543,0.125439,0.163709,0.035477,0.050639,0.012748,0.261677
0.009951,0.108471,0.015609,0.600774,0.010331,0.012910,0.108471,0.012856,0.104879,0.015748
0.076065,0.123935,0.111638,0.075908,0.084615,0.113701,0.123935,0.083380,0.094947,0.111877
0.090346,0.043730,0.231158,0.019837,0.082436,0.108998,0.043730,0.118124,0.022653,0.238988
0.900727,0.012341,0.007521,0.019015,0.005855,0.006218,0.012341,0.006170,0.022261,0.007552
0.016992,0.121170,0.022288,0.328411,0.017411,0.020584,0.121170,0.019022,0.310519,0.022432
0.002653,0.159510,0.005091,0.012545,0.003174,0.005085,0.159510,0.003938,0.643356,0.005137
0.013986,0.238687,0.032191,0.213393,0.017613,0.026183,0.238687,0.023233,0.163543,0.032485
0.084979,0.115842,0.086831,0.133366,0.078147,0.081050,0.115842,0.083681,0.133115,0.087148
0.071033,0.139286,0.096275,0.096158,0.079960,0.087222,0.139286,0.088119,0.105699,0.096962
0.005762,0.010270,0.208308,0.005319,0.119745,0.151003,0.010270,0.278078,0.006074,0.205171
0.063459,0.160231,0.096233,0.083285,0.073505,0.078967,0.160231,0.076017,0.110979,0.097092
0.100000,0.100000,0.100000,0.100000,0.100000,0.100000,0.100000,0.100000,0.100000,0.100000
0.055475,0.042628,0.199119,0.021228,0.108980,0.173504,0.042628,0.128541,0.028754,0.199143
0.199906,0.072137,0.140141,0.041179,0.126439,0.089446,0.072137,0.073692,0.044531,0.140393
0.007481,0.073210,0.012021,0.714182,0.008248,0.010610,0.073210,0.009253,0.079676,0.012110
0.065946,0.035796,0.209280,0.026462,0.143077,0.123843,0.035796,0.111567,0.036129,0.212103
0.016504,0.054611,0.171919,0.017841,0.107559,0.102169,0.054611,0.280648,0.022340,0.171799
0.032652,0.073998,0.197352,0.034629,0.094124,0.135311,0.073998,0.091804,0.059699,0.206433
0.021014,0.035952,0.160616,0.021301,0.122520,0.093415,0.035952,0.324826,0.023664,0.160741
0.020601,0.035591,0.074253,0.024113,0.045377,0.051545,0.035591,0.613227,0.025284,0.074418
0.025142,0.093741,0.201341,0.033447,0.091526,0.097359,0.093742,0.118972,0.040837,0.203894
0.026007,0.042705,0.080888,0.029113,0.048294,0.058969,0.042705,0.559633,0.030395,0.081291
0.061195,0.036001,0.196011,0.038548,0.158080,0.140121,0.036001,0.114479,0.023756,0.195808
0.027722,0.058487,0.200494,0.030587,0.147194,0.123812,0.058487,0.120772,0.032970,0.199474
0.012703,0.023068,0.131032,0.014315,0.081082,0.097942,0.023068,0.470055,0.015903,0.130832
0.007274,0.020713,0.099418,0.010270,0.045382,0.084434,0.020713,0.594810,0.018505,0.098482
0.008775,0.014378,0.083150,0.008792,0.051147,0.072876,0.014378,0.652170,0.011779,0.082554
0.006292,0.006663,0.069531,0.004900,0.044876,0.047050,0.006663,0.740279,0.004911,0.068835
0.051081,0.078971,0.161452,0.052780,0.108099,0.130742,0.078971,0.118956,0.057153,0.161795
0.004532,0.006195,0.073497,0.004932,0.038369,0.040857,0.006195,0.747800,0.004663,0.072959
0.007820,0.028645,0.089045,0.012660,0.037102,0.050785,0.028645,0.548701,0.107719,0.088877
0.007235,0.241670,0.012247,0.267475,0.007524,0.010977,0.241671,0.009693,0.189140,0.012367
0.013512,0.018200,0.116570,0.013509,0.054634,0.103579,0.018200,0.530112,0.014727,0.116957
0.049542,0.042083,0.189254,0.034762,0.120973,0.217081,0.042084,0.077158,0.033385,0.193677
0.025943,0.238064,0.039597,0.200508,0.026298,0.031218,0.238065,0.027475,0.132925,0.039907
0.063907,0.072522,0.170610,0.041554,0.134980,0.103300,0.072522,0.089896,0.079725,0.170983
0.034312,0.041232,0.218058,0.019008,0.118464,0.179243,0.041232,0.106787,0.022037,0.219628
0.047903,0.060639,0.170716,0.090570,0.096535,0.130523,0.060639,0.118253,0.053416,0.170805
0.014802,0.025394,0.260309,0.013701,0.145238,0.117784,0.025394,0.122406,0.016218,0.258753
0.025707,0.049608,0.223144,0.042130,0.087430,0.159357,0.049608,0.096217,0.033810,0.232989
0.055024,0.100083,0.124333,0.158521,0.086692,0.108183,0.100083,0.079573,0.062454,0.125055
0.010144,0.019204,0.113982,0.008997,0.043739,0.157404,0.019204,0.503307,0.009577,0.114443
0.018524,0.067951,0.225161,0.025507,0.074497,0.167099,0.067951,0.084380,0.033938,0.234993
0.019416,0.040807,0.226956,0.021339,0.158216,0.120883,0.040807,0.103092,0.037511,0.230973
0.032147,0.260856,0.064983,0.065312,0.041492,0.051599,0.260857,0.044579,0.112433,0.065743
0.035248,0.082001,0.186791,0.049132,0.095712,0.109706,0.082001,0.121978,0.050284,0.187147
0.011469,0.015356,0.229585,0.010478,0.131995,0.279736,0.015356,0.068631,0.010566,0.226829
0.030036,0.085800,0.042202,0.075464,0.030995,0.034085,0.085800,0.031021,0.542017,0.042579
0.037605,0.161943,0.071198,0.116066,0.049888,0.053360,0.161943,0.049613,0.226586,0.071798
0.009657,0.097943,0.011252,0.260674,0.007954,0.008798,0.097943,0.009016,0.485425,0.011338
0.034765,0.034782,0.223612,0.020661,0.146297,0.164819,0.034782,0.095866,0.021627,0.222789
0.000895,0.011474,0.001729,0.946443,0.001096,0.001479,0.011474,0.001458,0.022210,0.001742
0.037523,0.121946,0.131568,0.089026,0.084804,0.087519,0.121946,0.088845,0.104494,0.132330
0.006933,0.008191,0.232089,0.004900,0.167831,0.123090,0.008191,0.217304,0.005314,0.226157
0.003139,0.049770,0.004511,0.059691,0.003076,0.004216,0.049770,0.003001,0.818283,0.004544
0.037703,0.055255,0.171174,0.036843,0.124882,0.181168,0.055255,0.125370,0.041091,0.171259
0.045552,0.157405,0.125039,0.052485,0.087812,0.099750,0.157405,0.068702,0.079549,0.126301
0.846539,0.017386,0.018068,0.022940,0.014526,0.016193,0.017386,0.013468,0.015379,0.018115
0.022543,0.231034,0.133872,0.033301,0.066903,0.064491,0.231035,0.039207,0.041773,0.135841
0.001232,0.030974,0.002130,0.010589,0.001370,0.001570,0.030974,0.002041,0.916972,0.002148
0.032896,0.209989,0.090520,0.076386,0.054353,0.068640,0.209989,0.063271,0.102703,0.091252
0.999995,0.000001,0.000001,0.000001,0.000000,0.000000,0.000001,0.000000,0.000000,0.000001
0.749363,0.034993,0.029872,0.025736,0.020510,0.031876,0.034993,0.016851,0.025777,0.030029
0.999609,0.000046,0.000042,0.000055,0.000038,0.000039,0.000046,0.000039,0.000042,0.000042
0.151231,0.072825,0.129125,0.063856,0.100499,0.124152,0.072826,0.095973,0.060397,0.129115
0.194049,0.080901,0.124282,0.041791,0.104466,0.075252,0.080901,0.074072,0.099661,0.124626
0.196935,0.123582,0.080317,0.087533,0.065865,0.101831,0.123582,0.059500,0.080403,0.080453
0.002940,0.007851,0.071192,0.004250,0.049162,0.047549,0.007851,0.734249,0.004103,0.070853
0.017899,0.022924,0.167183,0.019192,0.357338,0.106744,0.022924,0.102482,0.018887,0.164429
0.002297,0.005561,0.101288,0.002608,0.705530,0.056950,0.005561,0.019800,0.002929,0.097475
0.036183,0.236378,0.086495,0.058956,0.061702,0.058357,0.236378,0.055835,0.082535,0.087182
0.049463,0.135994,0.073337,0.139423,0.055211,0.056103,0.135994,0.052514,0.228194,0.073767
0.028047,0.241080,0.054652,0.074444,0.032928,0.040700,0.241080,0.037845,0.193811,0.055413
0.007049,0.062519,0.012667,0.761461,0.007961,0.010293,0.062519,0.008401,0.054325,0.012806
0.026934,0.137689,0.036243,0.391550,0.028150,0.033903,0.137689,0.030186,0.141227,0.036429
0.010262,0.020688,0.134647,0.013185,0.103221,0.136374,0.020688,0.413903,0.013580,0.133450
0.019219,0.198989,0.040082,0.075462,0.027279,0.030682,0.198989,0.029857,0.339073,0.040369
0.014710,0.145957,0.013300,0.057980,0.009315,0.011961,0.145957,0.010849,0.576574,0.013396
0.003203,0.007393,0.116426,0.004017,0.634007,0.052476,0.007393,0.057981,0.004124,0.112980
0.002975,0.022709,0.004681,0.909710,0.003099,0.004696,0.022709,0.003811,0.020903,0.004705
0.018478,0.274117,0.035526,0.186582,0.021971,0.028481,0.274117,0.025438,0.099372,0.035918
0.895856,0.013542,0.011787,0.013072,0.009580,0.010070,0.013542,0.009243,0.011464,0.011844
0.029034,0.283486,0.057634,0.064856,0.035310,0.043780,0.283486,0.036121,0.107961,0.058332
0.038369,0.218347,0.119413,0.043935,0.065015,0.068685,0.218347,0.052454,0.054339,0.121095
0.815749,0.007685,0.004549,0.010299,0.003771,0.003717,0.007685,0.003690,0.138291,0.004564
0.946723,0.006799,0.005612,0.005040,0.004166,0.004526,0.006799,0.004286,0.010409,0.005639
0.500956,0.062658,0.066220,0.042295,0.049090,0.060916,0.062658,0.043179,0.045376,0.066652
0.752707,0.034934,0.023933,0.030658,0.018104,0.020165,0.034934,0.017481,0.043017,0.024067
0.087563,0.108000,0.101746,0.068074,0.073669,0.076877,0.108000,0.064765,0.209068,0.102238
0.834649,0.021244,0.011847,0.014564,0.009430,0.009208,0.021244,0.009428,0.056501,0.011884
0.254286,0.024278,0.105688,0.017549,0.072345,0.111171,0.024278,0.267695,0.017301,0.105408
0.018634,0.103795,0.034406,0.553895,0.024249,0.030144,0.103795,0.026904,0.069532,0.034647
0.436036,0.057430,0.076459,0.069748,0.061805,0.060255,0.057430,0.054949,0.049252,0.076634
0.298494,0.132821,0.087640,0.049426,0.050715,0.051857,0.132821,0.050046,0.057588,0.088592
0.036599,0.194489,0.062013,0.107884,0.047728,0.052909,0.194489,0.046733,0.194867,0.062288
0.023608,0.064907,0.200478,0.026975,0.141116,0.127190,0.064907,0.103097,0.046781,0.200940
0.010582,0.127830,0.018370,0.058213,0.011528,0.014294,0.127830,0.012170,0.600608,0.018574
0.158669,0.127275,0.118777,0.068114,0.069562,0.082340,0.127275,0.063324,0.064665,0.119999
0.013131,0.285594,0.019553,0.094140,0.012398,0.016119,0.285593,0.015286,0.238452,0.019734
0.003424,0.028318,0.003776,0.015961,0.003041,0.003277,0.028318,0.003242,0.906850,0.003793
0.006270,0.164582,0.006825,0.102030,0.004981,0.005819,0.164581,0.006481,0.531556,0.006876
0.001292,0.022720,0.001760,0.005865,0.001169,0.001369,0.022720,0.001312,0.940016,0.001776
0.045650,0.079590,0.161624,0.044815,0.119084,0.157561,0.079590,0.099894,0.050499,0.161692
0.000462,0.009479,0.000638,0.002637,0.000440,0.000529,0.009479,0.000514,0.975180,0.000643
0.070721,0.041552,0.181733,0.024570,0.089634,0.126375,0.041552,0.215173,0.027001,0.181689
0.017806,0.082968,0.212520,0.023411,0.123171,0.144531,0.082968,0.071320,0.028308,0.212998
0.005659,0.101687,0.007338,0.027949,0.005546,0.007326,0.101686,0.006048,0.729381,0.007380
0.026791,0.047052,0.177790,0.026967,0.091902,0.126116,0.047052,0.246845,0.030939,0.178546
0.016304,0.023246,0.190956,0.015790,0.307902,0.150359,0.023246,0.070736,0.015857,0.185606
0.033742,0.248080,0.059472,0.056211,0.038085,0.041120,0.248080,0.039913,0.175293,0.060005
0.014112,0.057525,0.202273,0.021815,0.191777,0.123803,0.057525,0.087810,0.042422,0.200940
0.012101,0.031250,0.232771,0.017672,0.221180,0.123815,0.031250,0.085440,0.018094,0.226425
0.983847,0.002169,0.002621,0.000957,0.001518,0.001784,0.002169,0.001287,0.000999,0.002649
0.015611,0.335271,0.039367,0.083112,0.024321,0.032004,0.335273,0.026216,0.069124,0.039702
0.020466,0.041565,0.209911,0.024925,0.186095,0.149660,0.041565,0.088062,0.025318,0.212433
0.705976,0.022597,0.009770,0.014264,0.006837,0.008279,0.022597,0.006829,0.193007,0.009844
0.068630,0.155545,0.086001,0.068960,0.062192,0.064864,0.155545,0.058186,0.193425,0.086653
0.007564,0.042649,0.007681,0.048021,0.005941,0.006578,0.042649,0.006742,0.824457,0.007717
0.026063,0.017165,0.201556,0.010665,0.265428,0.175299,0.017165,0.076356,0.012189,0.198114
0.014158,0.042230,0.236201,0.014784,0.195843,0.153544,0.042230,0.050599,0.017202,0.233210
0.033773,0.089406,0.032725,0.549913,0.027352,0.029036,0.089406,0.025468,0.090066,0.032857
0.916071,0.013307,0.012673,0.005158,0.006942,0.007603,0.013307,0.005628,0.006436,0.012875
0.021123,0.069158,0.189248,0.027259,0.193679,0.138334,0.069158,0.059436,0.047342,0.185263
0.010525,0.026993,0.253763,0.011873,0.199220,0.115777,0.026993,0.088324,0.015964,0.250569
0.721753,0.034239,0.040886,0.021921,0.030253,0.029026,0.034239,0.026449,0.020060,0.041173
0.020062,0.042897,0.205074,0.022759,0.203995,0.132405,0.042898,0.096563,0.028737,0.204609
0.012030,0.024337,0.279010,0.012622,0.152465,0.119763,0.024337,0.068775,0.014331,0.292330
0.004275,0.005769,0.186350,0.004078,0.192295,0.147825,0.005769,0.271690,0.004306,0.177644
0.024310,0.018266,0.262651,0.007954,0.166683,0.173682,0.018266,0.045746,0.009316,0.273126
0.046968,0.207101,0.079885,0.070709,0.057323,0.062505,0.207101,0.064426,0.123522,0.080460
0.020447,0.034627,0.098215,0.022574,0.062676,0.082206,0.034627,0.516683,0.030078,0.097867
0.009843,0.201647,0.015601,0.047022,0.011931,0.013598,0.201646,0.012056,0.470966,0.015691
0.018601,0.126152,0.032009,0.148553,0.021507,0.029417,0.126152,0.023660,0.441811,0.032139
0.150253,0.026822,0.098323,0.018386,0.056856,0.106667,0.026822,0.395520,0.022299,0.098051
0.025829,0.235654,0.064585,0.056488,0.039578,0.060330,0.235654,0.037627,0.179128,0.065128
0.032343,0.090694,0.021440,0.080758,0.014454,0.016806,0.090694,0.016877,0.614311,0.021621
0.036300,0.116742,0.049006,0.369545,0.040320,0.040721,0.116742,0.040315,0.141113,0.049194
0.003422,0.030150,0.058497,0.006033,0.021687,0.056341,0.030150,0.725002,0.009889,0.058828
0.056894,0.130029,0.077252,0.163683,0.064613,0.077269,0.130029,0.067818,0.154864,0.077550
0.693385,0.046586,0.037179,0.032639,0.026976,0.028086,0.046586,0.024152,0.027028,0.037384
0.020026,0.278731,0.034980,0.034690,0.017755,0.024712,0.278731,0.023210,0.251683,0.035483
0.022141,0.170708,0.031556,0.148991,0.021730,0.027156,0.170708,0.024817,0.350378,0.031815
0.026038,0.227506,0.071117,0.062047,0.043988,0.063571,0.227506,0.045853,0.160562,0.071812
0.027728,0.096533,0.017830,0.082519,0.012993,0.014220,0.096532,0.013171,0.620514,0.017958
0.030250,0.263101,0.041314,0.070617,0.028559,0.031961,0.263101,0.030287,0.199144,0.041666
0.005936,0.258166,0.014018,0.026968,0.008196,0.010905,0.258165,0.010687,0.392813,0.014145
0.005114,0.088126,0.007761,0.021345,0.005547,0.006178,0.088125,0.005319,0.764663,0.007822
0.009150,0.076131,0.013516,0.026426,0.009975,0.010947,0.076131,0.010614,0.753522,0.013587
0.012176,0.100006,0.010538,0.155882,0.007023,0.008770,0.100005,0.007471,0.587503,0.010626
0.002212,0.033779,0.003175,0.016306,0.002256,0.002481,0.033779,0.002428,0.900389,0.003194
0.007765,0.173526,0.013563,0.023806,0.007753,0.010926,0.173525,0.010084,0.565348,0.013703
0.021522,0.242809,0.041861,0.050043,0.026820,0.027467,0.242808,0.024000,0.280421,0.042248
0.213805,0.053914,0.155081,0.036944,0.107150,0.088856,0.053914,0.095535,0.038642,0.156159
0.007463,0.134381,0.014975,0.029083,0.010262,0.011484,0.134381,0.010531,0.632348,0.015092
0.029957,0.074416,0.090484,0.037135,0.045950,0.067718,0.074416,0.053529,0.435557,0.090838
0.044688,0.113351,0.128768,0.066523,0.083119,0.156149,0.113352,0.089728,0.074254,0.130069
0.143947,0.067214,0.137203,0.045513,0.126161,0.130616,0.067214,0.093178,0.051824,0.137131
0.036337,0.179249,0.112522,0.049533,0.068348,0.097634,0.179249,0.080043,0.083647,0.113438
0.030303,0.104370,0.161910,0.038792,0.082973,0.160221,0.104370,0.105286,0.049472,0.162301
0.214057,0.058722,0.131982,0.032400,0.126261,0.141527,0.058722,0.065811,0.040560,0.129956
0.750406,0.018713,0.045837,0.011450,0.032357,0.030386,0.018713,0.025418,0.020864,0.045855
0.030376,0.037313,0.216928,0.021255,0.119374,0.189367,0.037313,0.106678,0.023751,0.217645
0.053843,0.162152,0.099304,0.093881,0.067571,0.076755,0.162152,0.075980,0.108420,0.099943
0.026082,0.016650,0.278303,0.008215,0.185880,0.102512,0.016650,0.081577,0.009411,0.274722
0.016462,0.024497,0.231206,0.017249,0.188176,0.174338,0.024497,0.064370,0.017368,0.241837
0.015752,0.053225,0.205850,0.017785,0.138014,0.187672,0.053225,0.099097,0.023809,0.205571
0.257235,0.055323,0.123855,0.047430,0.117739,0.088564,0.055323,0.085086,0.045418,0.124026
0.030425,0.076449,0.156473,0.035898,0.138776,0.086219,0.076449,0.067373,0.175481,0.156458
0.019691,0.023234,0.147873,0.016190,0.424601,0.127136,0.023234,0.055191,0.016488,0.146362
0.010709,0.060079,0.014518,0.685730,0.010468,0.012332,0.060079,0.012132,0.119345,0.014610
0.013561,0.032196,0.244107,0.013342,0.133975,0.189668,0.032196,0.071786,0.017602,0.251569
0.041042,0.082047,0.173369,0.036871,0.132530,0.124966,0.082048,0.113119,0.039705,0.174303
0.007138,0.015107,0.152112,0.007402,0.519987,0.087928,0.015107,0.036900,0.009620,0.148698
0.013064,0.016844,0.123262,0.016179,0.547123,0.090377,0.016844,0.041477,0.014053,0.120775
0.008246,0.013443,0.178518,0.010124,0.384763,0.150532,0.013443,0.058798,0.009865,0.172267
0.013705,0.032274,0.219381,0.015042,0.141671,0.119771,0.032274,0.180868,0.017003,0.228011
0.048591,0.069568,0.163371,0.048899,0.100260,0.107761,0.069568,0.176707,0.050678,0.164598
0.027590,0.056224,0.183391,0.030763,0.132167,0.167472,0.056224,0.124530,0.039352,0.182288
0.032818,0.072401,0.192654,0.030781,0.166138,0.118809,0.072401,0.087677,0.036053,0.190269
0.014367,0.043750,0.216438,0.015633,0.274442,0.102725,0.043750,0.044168,0.018625,0.226102
0.010050,0.044292,0.199337,0.019939,0.166574,0.107788,0.044292,0.048624,0.162942,0.196162
0.015689,0.059568,0.226483,0.023289,0.152223,0.132130,0.059569,0.072809,0.034773,0.223467
0.046000,0.078616,0.132977,0.056142,0.109241,0.163026,0.078616,0.134699,0.067774,0.132907
0.005445,0.012246,0.261515,0.005510,0.194866,0.122471,0.012247,0.126887,0.005993,0.252820
0.031353,0.046847,0.209868,0.029776,0.181137,0.152496,0.046847,0.065299,0.027413,0.208964
0.011079,0.013530,0.158604,0.009842,0.513354,0.074227,0.013530,0.040762,0.009354,0.155719
0.039327,0.080119,0.177522,0.042074,0.088562,0.127219,0.080119,0.148233,0.038198,0.178627
0.016942,0.083783,0.031595,0.026853,0.019418,0.024634,0.083783,0.019156,0.661904,0.031934
0.003854,0.008597,0.029015,0.004633,0.013959,0.024994,0.008597,0.872042,0.005099,0.029209
0.025618,0.024023,0.231877,0.018424,0.211262,0.133486,0.024023,0.087134,0.017822,0.226331
0.031539,0.134747,0.159024,0.048425,0.085581,0.090437,0.134747,0.090486,0.063926,0.161087
0.017089,0.129851,0.032632,0.534808,0.019358,0.023302,0.129851,0.020508,0.059547,0.033053
0.038267,0.062406,0.198553,0.037433,0.131278,0.124067,0.062406,0.115074,0.032559,0.197957
0.012478,0.017327,0.275288,0.010976,0.172590,0.126170,0.017327,0.088072,0.011578,0.268194
0.013852,0.022572,0.269707,0.009778,0.097097,0.204305,0.022572,0.061119,0.011555,0.287443
0.023485,0.045111,0.127650,0.029570,0.065816,0.134661,0.045111,0.372553,0.028312,0.127731
0.012082,0.342430,0.027763,0.056385,0.017412,0.020628,0.342429,0.016233,0.136573,0.028063
0.027898,0.062268,0.203560,0.025217,0.143565,0.150926,0.062268,0.090108,0.030454,0.203736
0.023940,0.228236,0.046158,0.221042,0.029107,0.036244,0.228236,0.033651,0.106759,0.046626
0.031045,0.193184,0.014142,0.031404,0.009131,0.012371,0.193183,0.011416,0.489862,0.014261
0.059966,0.032215,0.162084,0.025237,0.342024,0.095016,0.032215,0.066019,0.024373,0.160851
0.056694,0.066443,0.207719,0.037070,0.106222,0.106713,0.066443,0.098965,0.045002,0.208729
0.019063,0.095458,0.029197,0.513359,0.022119,0.024249,0.095458,0.022610,0.149123,0.029363
0.009034,0.011265,0.056275,0.004603,0.026357,0.048140,0.011265,0.771877,0.005187,0.055998
0.024460,0.076603,0.181620,0.028422,0.183621,0.135124,0.076603,0.063751,0.049457,0.180339
0.041726,0.017084,0.225107,0.008788,0.290279,0.138018,0.017084,0.029874,0.009618,0.222421
0.002225,0.003758,0.216747,0.002120,0.164670,0.141654,0.003758,0.257248,0.002301,0.205520
0.010048,0.288049,0.023933,0.035026,0.014708,0.037350,0.288049,0.015373,0.263326,0.024137
0.100000,0.100000,0.100000,0.100000,0.100000,0.100000,0.100000,0.100000,0.100000,0.100000
0.235621,0.055163,0.045393,0.047034,0.038353,0.048222,0.055162,0.034361,0.395362,0.045329
0.014823,0.039554,0.194596,0.017227,0.133294,0.181849,0.039554,0.164383,0.019558,0.195162
0.004371,0.006248,0.067731,0.004128,0.040518,0.043491,0.006248,0.755806,0.004363,0.067096
0.008011,0.020196,0.301801,0.007846,0.070989,0.176630,0.020196,0.058656,0.008872,0.326804
0.035837,0.212456,0.055298,0.065437,0.041441,0.050370,0.212456,0.049144,0.222090,0.055470
0.059086,0.121256,0.082807,0.188369,0.071292,0.070680,0.121256,0.071371,0.130927,0.082956
0.008534,0.187643,0.006688,0.026581,0.003946,0.004931,0.187642,0.004466,0.562809,0.006761
0.007867,0.410410,0.019985,0.018888,0.009843,0.013505,0.410410,0.011777,0.077003,0.020310
0.012667,0.342233,0.041915,0.034836,0.022790,0.038814,0.342233,0.026458,0.095519,0.042535
0.003337,0.072780,0.004227,0.018151,0.003001,0.003415,0.072780,0.003227,0.814823,0.004259
0.009281,0.087999,0.029222,0.374283,0.015884,0.024209,0.087998,0.235709,0.106029,0.029386
0.009576,0.045740,0.052671,0.068965,0.029872,0.041678,0.045740,0.627407,0.025404,0.052946
0.012932,0.052752,0.056760,0.097211,0.033414,0.040970,0.052752,0.552612,0.043614,0.056984
0.027390,0.105024,0.012625,0.189260,0.008336,0.011218,0.105024,0.009534,0.518884,0.012704
0.023443,0.081855,0.048490,0.033786,0.033762,0.031077,0.081855,0.028106,0.588757,0.048869
0.094319,0.241551,0.040706,0.069190,0.026541,0.036280,0.241551,0.038153,0.170653,0.041058
0.006282,0.096878,0.016902,0.030839,0.009211,0.014812,0.096878,0.011707,0.699387,0.017104
0.009487,0.342411,0.024009,0.052012,0.013696,0.019820,0.342411,0.016391,0.155490,0.024273
0.101208,0.115346,0.126707,0.092154,0.104553,0.083934,0.115346,0.070706,0.063093,0.126952
0.161762,0.109006,0.089639,0.167213,0.069012,0.060911,0.109006,0.060610,0.082695,0.090146
0.089576,0.138297,0.103548,0.126760,0.079231,0.077127,0.138297,0.069790,0.073228,0.104146
0.016511,0.196028,0.034791,0.190666,0.022607,0.029648,0.196028,0.028014,0.250718,0.034988
0.079672,0.150120,0.091649,0.130375,0.068840,0.077773,0.150120,0.068646,0.090807,0.091996
0.037840,0.104583,0.150755,0.056137,0.111404,0.126037,0.104583,0.102434,0.055042,0.151185
0.059300,0.095246,0.127547,0.101310,0.115932,0.097596,0.095246,0.103046,0.077448,0.127329
0.041468,0.209142,0.067995,0.087971,0.047437,0.060628,0.209141,0.049144,0.158486,0.068589
0.033751,0.241676,0.057938,0.083206,0.042086,0.048556,0.241676,0.048652,0.144238,0.058221
0.025695,0.251068,0.083299,0.064798,0.050041,0.055418,0.251068,0.043468,0.091337,0.083809
0.007235,0.241670,0.012247,0.267475,0.007524,0.010977,0.241671,0.009693,0.189140,0.012367
0.004382,0.043948,0.006202,0.847558,0.004441,0.004943,0.043948,0.005287,0.033041,0.006251
0.025918,0.229113,0.048361,0.186371,0.031638,0.038440,0.229113,0.045899,0.116358,0.048790
