0.108857158702,0.044595741444,0.176716147205,0.044795131259,0.035877889787,0.035864739269,0.029613848872,0.038406447695,0.308556160511,0.176716735257
0.767938922435,0.007630077502,0.071780871209,0.007662589913,0.005730260447,0.006383740799,0.005673721585,0.006254371343,0.049165069383,0.071780375384
0.242941682692,0.025066454256,0.272539104196,0.025221069469,0.017566152861,0.021959222106,0.016495090873,0.020888407735,0.084784959320,0.272537856492
0.065029760937,0.108169948044,0.072200405151,0.107492476125,0.111080740109,0.080065129044,0.070300280380,0.251087968985,0.062372849284,0.072200441941
0.065029760937,0.108169948044,0.072200405151,0.107492476125,0.111080740109,0.080065129044,0.070300280380,0.251087968985,0.062372849284,0.072200441941
0.005038368778,0.179057706596,0.011845152612,0.173857492952,0.143068686976,0.148804034928,0.004694919783,0.316440987573,0.005347455764,0.011845194038
0.007395306562,0.189103535970,0.014310700624,0.188799125056,0.171979850109,0.228034667225,0.007761012580,0.171044494593,0.007260567240,0.014310740041
0.100000000000,0.100000000000,0.100000000000,0.100000000000,0.100000000000,0.100000000000,0.100000000000,0.100000000000,0.100000000000,0.100000000000
0.012384177432,0.204691399369,0.024967875395,0.200494566980,0.275768385234,0.045504333709,0.013220336608,0.186849675629,0.011151298573,0.024967951070
0.100000000000,0.100000000000,0.100000000000,0.100000000000,0.100000000000,0.100000000000,0.100000000000,0.100000000000,0.100000000000,0.100000000000
0.009095222970,0.176177435639,0.015811023938,0.171932107173,0.162782278328,0.240751481040,0.007110176420,0.191718013732,0.008811206657,0.015811054104
0.100000000000,0.100000000000,0.100000000000,0.100000000000,0.100000000000,0.100000000000,0.100000000000,0.100000000000,0.100000000000,0.100000000000
0.201681278932,0.054190411936,0.178943698280,0.054505887249,0.041421070317,0.043938836152,0.069861563696,0.046778909926,0.129734539421,0.178943804090
0.234540205331,0.018415238003,0.271093024215,0.018596450118,0.011797792647,0.012358204704,0.009126846058,0.015162717365,0.137817795145,0.271091726413
0.017573861196,0.149595238620,0.021358881602,0.147414631268,0.278910239665,0.079917679899,0.018049432468,0.248626084750,0.017195046026,0.021358904508
0.044046820727,0.061933181205,0.077724788453,0.061979060420,0.040362943871,0.533414596609,0.017942943354,0.052976762095,0.031893900199,0.077725003066
0.021554369919,0.086712370090,0.033062171237,0.088131583276,0.043393383609,0.586538051225,0.017220931448,0.069755535921,0.020569380987,0.033062222288
0.091913768762,0.030388559084,0.273071672432,0.030616254290,0.020603601648,0.022957799864,0.102738965047,0.028492165253,0.126144185429,0.273073028190
0.004898385964,0.209486605473,0.009288317038,0.204050360439,0.219171293415,0.062769632034,0.004582917439,0.271930536335,0.004533605932,0.009288345929
0.084860899353,0.017582660150,0.412514422886,0.017788754676,0.009223602535,0.008658496502,0.003318643844,0.015027354736,0.018511211133,0.412513954186
0.087433936408,0.096886941546,0.101784045659,0.097335626150,0.081991060761,0.082732747557,0.156473631622,0.089189245787,0.104388687966,0.101784076543
0.134546411714,0.056496356476,0.259693222086,0.057031929056,0.032698114829,0.044887476548,0.034117266701,0.051541865474,0.069294119721,0.259693237396
0.016586514677,0.181793250347,0.021017330579,0.179039154015,0.310164293694,0.082741723277,0.016140968413,0.154575922398,0.016923491266,0.021017351334
0.010147923138,0.139735671240,0.016269918757,0.136086060035,0.478766149874,0.049104251040,0.007271442964,0.137374408826,0.008974228788,0.016269945339
0.026844638501,0.155938785483,0.029269447508,0.153048796186,0.379052023912,0.086010320992,0.025580042517,0.087315921931,0.027670553111,0.029269469859
0.115809397238,0.092861338273,0.146858317911,0.093142865108,0.077014983500,0.069082455064,0.048519523726,0.074275157593,0.135577715179,0.146858246408
0.013064045419,0.204524969216,0.016816661174,0.200459539966,0.263494559680,0.076213661714,0.013131533667,0.182743626637,0.012734721006,0.016816681522
0.077615427690,0.097861252438,0.193649740939,0.098377759205,0.080998375962,0.073475094870,0.048998979012,0.071914205044,0.063458703033,0.193650461808
0.061266641119,0.124525902404,0.103725399919,0.124366797509,0.103301349730,0.134887728674,0.036139287034,0.153686592293,0.054374791258,0.103725510061
0.085133169521,0.058205519878,0.307390936136,0.058719692435,0.035734876248,0.033449914750,0.040967494119,0.037559557160,0.035447938486,0.307390901267
0.700892647278,0.004770454999,0.112744657663,0.004822056772,0.002841304956,0.003721451723,0.002830239675,0.003392703020,0.051240962319,0.112743521596
0.645555424697,0.014971064012,0.089049892091,0.015042488739,0.010862514924,0.016878202342,0.011978101491,0.013016925884,0.093596449563,0.089048936256
0.011328941158,0.227521131676,0.014023290697,0.222471581351,0.264662909549,0.076368282630,0.011444402773,0.147336322358,0.010819829439,0.014023308369
0.112397165213,0.042561622934,0.329069343873,0.042968025707,0.021567249993,0.034005153035,0.013264232119,0.036108669654,0.038989198674,0.329069338799
0.000001051018,0.000001721828,0.000001909054,0.000001741982,0.000001026657,0.000000904235,0.999987521978,0.000001131710,0.000001082479,0.000001909059
0.012119814152,0.243797149982,0.027012931439,0.240957689841,0.208266069018,0.056510036537,0.013485938867,0.160647578104,0.010189785153,0.027013006908
0.014318931417,0.210928604109,0.025891551815,0.207085962059,0.255182481419,0.111704449282,0.013732889598,0.122361575392,0.012901952987,0.025891601922
0.011122889193,0.136222953298,0.023450197721,0.135521662219,0.068355798938,0.460421805398,0.009166518139,0.123727510401,0.008560427986,0.023450236709
0.149635956332,0.012381710536,0.348203339805,0.012501091953,0.007199595908,0.009040947299,0.006493130725,0.010613767907,0.095729632672,0.348200826863
0.025454674032,0.207478703888,0.073341401828,0.206418055110,0.176161980594,0.063977139472,0.020364964810,0.133906787747,0.019554606396,0.073341686123
0.005565618877,0.113337956484,0.010420294512,0.116777778272,0.053371524813,0.034630210327,0.004514541850,0.645971474348,0.004990278299,0.010420322217
0.009321180831,0.015036823936,0.012641439528,0.015083741359,0.012292486040,0.010813523982,0.890161231348,0.012278170830,0.009729946794,0.012641455351
0.045314611427,0.165168587031,0.170795604365,0.172147342100,0.081878309946,0.060428168142,0.021031958136,0.083983573844,0.028455518744,0.170796326265
0.006878672409,0.154696195839,0.016469868642,0.153086786035,0.079820239329,0.421063460346,0.005355159914,0.139987219073,0.006172482608,0.016469915807
0.025642763364,0.194532736933,0.038421027383,0.193655122926,0.223174540539,0.097866035606,0.031006957884,0.130579867510,0.026699863488,0.038421084367
0.011278215783,0.204090201982,0.016252065787,0.199583233376,0.337268454995,0.055544183943,0.010421456073,0.139484839247,0.009825262181,0.016252086633
0.044453385396,0.186628453505,0.086468205770,0.190473923304,0.104358427132,0.089443335335,0.027599013914,0.149149331733,0.034957586430,0.086468337481
0.011961570358,0.187613414624,0.019714806723,0.184243809166,0.373100929172,0.083275501768,0.018693011626,0.090962979276,0.010719133541,0.019714843747
0.177677444834,0.088339175709,0.157270300184,0.088369506236,0.062519036165,0.061195825004,0.027544128923,0.076453856888,0.103361015524,0.157269710533
0.004934258884,0.159652177730,0.009602262055,0.155471128615,0.486462729552,0.087109529812,0.005622697278,0.077522149356,0.004020778192,0.009602288527
0.004076482546,0.214323173682,0.009445085734,0.210645871289,0.359540436374,0.080689070766,0.003271857857,0.105093802205,0.003469100150,0.009445119398
0.095483043928,0.063069535796,0.266872963058,0.063690197121,0.036244784543,0.044232338112,0.022107030999,0.048092535946,0.093333924830,0.266873645667
0.048966013751,0.031296130549,0.071318384439,0.031357738332,0.016354759101,0.272462630953,0.007903970061,0.028942961604,0.420079122704,0.071318288508
0.066281778384,0.131001739912,0.109490812105,0.132368021984,0.086518596157,0.104917290404,0.051876733617,0.125274726406,0.082779314156,0.109490986876
0.031515072384,0.201049060491,0.037772293642,0.199756154375,0.188936753838,0.124933818831,0.031519901024,0.119946731567,0.026797891163,0.037772322684
0.023037293640,0.217600490806,0.043392397773,0.216950052357,0.162091550850,0.075880578022,0.017256297362,0.176134933623,0.024263830451,0.043392575115
0.010677438356,0.187866723363,0.020809883360,0.184194443931,0.377883825091,0.047458812078,0.010640282524,0.130498968548,0.009159685104,0.020809937645
0.098621116520,0.017228867803,0.112957101611,0.017321968560,0.013522323741,0.015079796832,0.013584673268,0.014548727939,0.584178539889,0.112956883836
0.093693283379,0.109668314901,0.104172343924,0.109961187337,0.092577150834,0.107633714420,0.089576895641,0.101802787525,0.086741961588,0.104172360451
0.092376441471,0.094143721964,0.142169448023,0.094824034728,0.066481365218,0.071015235719,0.123192714814,0.075723658439,0.097903873386,0.142169506238
0.229275754339,0.050583634758,0.240637490859,0.050825279765,0.036376645861,0.032484781509,0.019903490811,0.033542205996,0.065734320222,0.240636395880
0.010904112939,0.284076688761,0.024601007604,0.293661976686,0.097855337304,0.048256458591,0.009342672682,0.197753569647,0.008947090242,0.024601085543
0.007363806985,0.224573058419,0.015886051018,0.220157944180,0.368932311724,0.040155296649,0.007286800501,0.093431982113,0.006326647338,0.015886101073
0.662712656359,0.019852729892,0.073218133872,0.019982512146,0.013440038004,0.016764262548,0.013062228879,0.015477234311,0.092272324707,0.073217879282
0.109270427849,0.092259123366,0.163532576374,0.092480062460,0.077554245879,0.076498006437,0.054913242898,0.078418045902,0.091541766339,0.163532502495
0.089097905727,0.097462811464,0.150815673519,0.098283917191,0.070477067151,0.064224756434,0.112318064883,0.079528533025,0.086975373563,0.150815897044
0.294668380047,0.015632954899,0.275431628722,0.015754219317,0.010423279550,0.011654150156,0.007277814568,0.012589894675,0.081138704859,0.275428973208
0.156376866544,0.051011698336,0.268948336505,0.051180083551,0.035814740174,0.055099384377,0.020793088526,0.036160699675,0.055668303870,0.268946798441
0.161160591765,0.026868610750,0.314314742158,0.027027841494,0.018858364885,0.017266690661,0.010956837374,0.020257782430,0.088975800397,0.314312738086
0.075004475068,0.054422574382,0.288598113915,0.054917821730,0.031449259988,0.035897736961,0.082541829933,0.037829567672,0.050738678540,0.288599941811
0.046592924941,0.077982468953,0.055167906717,0.078385106963,0.057399002207,0.056482642766,0.476284000744,0.054987104958,0.041550905650,0.055167936100
0.020842643544,0.137698991558,0.047592508857,0.136843309475,0.087585089169,0.350081638288,0.008937129248,0.146966633386,0.015859486447,0.047592570029
0.130723077921,0.051438685064,0.259407055225,0.051910535143,0.034255145909,0.032507543305,0.083496299345,0.038795058064,0.058059692681,0.259406907344
0.007050303282,0.164801553216,0.010529146914,0.159861820454,0.493347122442,0.045143517571,0.005897714306,0.096667656999,0.006172002738,0.010529162078
0.023035024815,0.191000323571,0.034247397037,0.189907306128,0.249037668447,0.074260215737,0.027334760939,0.156108631684,0.020821210559,0.034247461084
0.015457166256,0.188448585601,0.024572331809,0.185009602280,0.348188634916,0.062811178750,0.016882177597,0.119290519864,0.014767419880,0.024572383048
0.008671564050,0.210354026755,0.016768296742,0.205961609072,0.187074535646,0.047923839210,0.012345209564,0.285510958470,0.008621616661,0.016768343831
0.023555217190,0.189793780107,0.036784563107,0.189535350043,0.183591162036,0.080218391451,0.042087202209,0.197406433016,0.020243275958,0.036784624884
0.011065966539,0.127199029267,0.017159110653,0.124706996044,0.491433930046,0.054188949886,0.011305885664,0.134612862138,0.011168126136,0.017159143627
0.016525898747,0.145219368746,0.024698405282,0.142035171151,0.394633646625,0.055955105829,0.014225764890,0.165286721990,0.016721461944,0.024698454796
0.154070979197,0.041183693695,0.303068838455,0.041520649559,0.027688114406,0.027094334189,0.022776861543,0.031839044010,0.047689340306,0.303068144640
0.015111461447,0.099242118411,0.029055887031,0.099503730671,0.044870931682,0.559718799361,0.024800077615,0.084888900571,0.013752149851,0.029055943360
0.005162181930,0.199666241259,0.007495899017,0.195165337705,0.307853181617,0.121334611352,0.012453139483,0.138466953515,0.004906540983,0.007495913139
0.004141268120,0.094585082018,0.006251691394,0.093010994997,0.690382723863,0.049997399817,0.003924178586,0.047431679639,0.004023277797,0.006251703769
0.105997757499,0.042383503554,0.329029589866,0.042751739004,0.025071909912,0.028766196044,0.017020252313,0.031749094186,0.048200477165,0.329029480456
0.010902098956,0.115902816787,0.020067038973,0.116756281907,0.049375974462,0.548394271895,0.006833792924,0.102403545479,0.009297124842,0.020067053775
0.004444327528,0.153520175895,0.012016792176,0.153652916961,0.048745216184,0.477451064475,0.003019137977,0.131313725625,0.003819807671,0.012016835506
0.009710372707,0.222402971798,0.024258459578,0.218698986792,0.242503013518,0.049173990208,0.007838148606,0.192558743124,0.008596742957,0.024258570712
0.007366059274,0.159047003738,0.013246956030,0.155373469341,0.480746761278,0.043580870570,0.006557643485,0.113852733110,0.006981509812,0.013246993361
0.019589236040,0.245251186003,0.035850720927,0.246635183718,0.110060500916,0.066281113717,0.018383995653,0.205115872704,0.016981382412,0.035850807912
0.023194112003,0.204792261211,0.029362036335,0.201733310315,0.171643280648,0.096400445715,0.027368062481,0.193600958472,0.022543470068,0.029362062753
0.007299228574,0.256800431305,0.015570453593,0.255269632601,0.105965332197,0.143408257099,0.012131766177,0.180299001138,0.007685397546,0.015570499771
0.006355633874,0.148316740109,0.010155188966,0.143425298970,0.567291030250,0.035143898969,0.004815389110,0.069544320016,0.004797288763,0.010155210972
0.026502634388,0.209820658286,0.044470685286,0.208528822261,0.139175522729,0.103826273244,0.022212232284,0.180720556735,0.020271841849,0.044470772939
0.017321710543,0.234908601785,0.025508797038,0.230976952226,0.185326428785,0.081607480994,0.017556087021,0.164789246306,0.016495846761,0.025508848542
0.013851995348,0.202581460689,0.017516730036,0.197207386596,0.281202011100,0.073826647779,0.016373409077,0.166438426875,0.013485185243,0.017516747258
0.004376582880,0.108685430999,0.005564501629,0.104366676850,0.640723563443,0.030852637013,0.004583492363,0.090847115910,0.004435490964,0.005564507949
0.016916660758,0.183167891960,0.023246775031,0.179731286864,0.261431291401,0.070264078757,0.016219088882,0.209585384378,0.016190736448,0.023246805521
0.007861682759,0.130323620262,0.009484179633,0.125397632123,0.525577275640,0.048213736361,0.006339347967,0.128490751216,0.008827584224,0.009484189816
0.002347413951,0.105841964291,0.004184619813,0.102548797238,0.707097848687,0.019195126165,0.001967384952,0.050551637747,0.002080579023,0.004184628134
0.005356012474,0.242480156961,0.011747210057,0.238182786417,0.116741368166,0.148290565338,0.003777509286,0.216534205828,0.005142935411,0.011747250061
0.025117136501,0.177543377561,0.050674689505,0.175384810102,0.173742357478,0.136097257762,0.027579020026,0.156759277740,0.026427179714,0.050674893611
0.021630507204,0.221396209689,0.038699209556,0.224577270416,0.203699304403,0.065110445344,0.020944838424,0.145937991129,0.019304942185,0.038699281651
0.003634176729,0.255515356084,0.008206115424,0.250778304005,0.130335327710,0.184770588464,0.002704135945,0.152692691155,0.003157164352,0.008206140132
0.019122901462,0.206045607482,0.031483816686,0.206701219229,0.261576198096,0.065401413833,0.015585782075,0.147310327549,0.015288853246,0.031483880343
0.024907882346,0.201453971179,0.048629853824,0.198977870453,0.232185752068,0.077100762485,0.025336385243,0.121056508415,0.021720969163,0.048630044825
0.013712553036,0.142847900448,0.023776392067,0.142019420211,0.092397568862,0.439696631899,0.015770943599,0.093399171480,0.012602987232,0.023776431166
0.015446772930,0.224552190408,0.021414667252,0.229772054109,0.245816103689,0.065167756818,0.012200896428,0.151791382008,0.012423476494,0.021414699864
0.021513238124,0.214173592017,0.035570165649,0.214824284570,0.155287258047,0.049682004442,0.113486601265,0.135296597795,0.024596026787,0.035570231303
0.013153904742,0.206306994019,0.020319739834,0.203184182219,0.342384531754,0.054836482229,0.011603651924,0.116169059139,0.011721675332,0.020319778809
0.013339299226,0.200152510355,0.023091431657,0.196119243910,0.335024172549,0.064296346834,0.010658062889,0.121659343950,0.012568111462,0.023091477169
0.038016583567,0.178924611184,0.072530535490,0.176112333851,0.203990884336,0.064359096953,0.021934647652,0.135774768575,0.035825908325,0.072530630068
0.009767992199,0.166335208014,0.015521592952,0.168985028047,0.084780592025,0.394642286584,0.007642454135,0.127803825888,0.008999400874,0.015521619282
0.006437832946,0.225661076729,0.014741149859,0.219889221351,0.349571820539,0.042510343421,0.005131221555,0.115687123134,0.005629004947,0.014741205519
0.336684130121,0.014132671561,0.158519501649,0.014222857258,0.009402693868,0.008874103021,0.008130227511,0.010864848353,0.280650637010,0.158518329648
0.261084426485,0.052740082595,0.214147609331,0.053125014236,0.034112776295,0.038186227868,0.032910923507,0.037422159267,0.062124361167,0.214146419250
0.420546971698,0.012425041516,0.086113238961,0.012509120908,0.007875826123,0.010182746759,0.006037221948,0.009630032426,0.348567065966,0.086112733696
0.667793786292,0.003942129792,0.025031685906,0.003958531661,0.002944142177,0.003000698050,0.003359305497,0.003046437921,0.261891713538,0.025031569166
0.121753274902,0.052493735799,0.267319636552,0.052929408493,0.034915197013,0.041127287940,0.051890023739,0.043444175216,0.066807301991,0.267319958355
0.256256942839,0.020759359634,0.157617549088,0.020899569030,0.014120460292,0.017838563975,0.018602548293,0.017604573989,0.318683592935,0.157616839926
0.015212447855,0.104838279325,0.027796478995,0.104312846363,0.053369247049,0.563173929416,0.007713377943,0.084292591317,0.011494279593,0.027796522145
0.087399763967,0.112545121468,0.099879791159,0.112822220568,0.101928997920,0.092562569695,0.105180227506,0.098417332157,0.089384115991,0.099879859570
0.011752075856,0.205805911877,0.018867220244,0.201363389570,0.251550341628,0.054502687408,0.009918868482,0.216735513822,0.010636719980,0.018867271135
0.025306900870,0.172880253777,0.039698987667,0.171000113334,0.338080437942,0.057271716467,0.023707433008,0.108436548704,0.023918546262,0.039699061969
0.100000000000,0.100000000000,0.100000000000,0.100000000000,0.100000000000,0.100000000000,0.100000000000,0.100000000000,0.100000000000,0.100000000000
0.121966655975,0.061921534551,0.242627470917,0.062255932633,0.036855104868,0.039667768559,0.060253350822,0.053753100078,0.078071990188,0.242627091408
0.098453261281,0.061831300981,0.238047793714,0.062278017661,0.039591895105,0.049813507892,0.099501624937,0.063909140855,0.048525986688,0.238047470886
0.138027010170,0.024802161467,0.095956233380,0.024903312096,0.018610623623,0.021298693957,0.016424276466,0.026026634705,0.537995325559,0.095955728576
0.244018941625,0.055688293739,0.145927996379,0.056006461455,0.025617181714,0.063125841816,0.017587054807,0.055912924014,0.190187712430,0.145927592020
0.148833158909,0.037721231422,0.304180118200,0.038109265923,0.022565996112,0.024151857984,0.017952213572,0.037286908747,0.065020939352,0.304178309780
0.082674067454,0.060406568949,0.301551806638,0.061056123197,0.036212179465,0.038084606533,0.026770265326,0.048582264075,0.043108887320,0.301553231043
0.006993111624,0.139336568314,0.011126857765,0.135168942647,0.573453654611,0.030664077737,0.009522523134,0.074621188589,0.007986187112,0.011126888468
0.009015448362,0.172536589739,0.024330524582,0.171416796704,0.147297119010,0.044070674881,0.015942869054,0.383661917430,0.007397425288,0.024330634949
0.028307464466,0.212895185544,0.054701164146,0.219524449302,0.102783784053,0.067802205667,0.029440447715,0.205044885710,0.024799107268,0.054701306129
0.103666847216,0.062089008928,0.272937870397,0.062492550757,0.038450388649,0.050819418191,0.025636832470,0.062195330112,0.048773815222,0.272937938057
0.025950036982,0.196354386271,0.071006149000,0.200633900443,0.102021649077,0.074578304714,0.101175832513,0.136616133194,0.020657247096,0.071006360711
0.069378794883,0.082804098467,0.224343203671,0.083805307381,0.047367570953,0.042115865136,0.129993166659,0.051019514636,0.044828642638,0.224343835577
0.035311444504,0.195393332363,0.058994822008,0.199053563651,0.142004232604,0.096834338513,0.025422651206,0.151871897659,0.036118830036,0.058994887456
0.034123379928,0.155799105076,0.184547911086,0.160853100354,0.063215513178,0.047516409201,0.067097957957,0.077834256750,0.024463094740,0.184549271730
0.033607887190,0.205214835353,0.039224847502,0.210273315868,0.152500417701,0.088526951545,0.035002716080,0.163331582239,0.033092558845,0.039224887677
0.022193647187,0.203826730278,0.061733238382,0.201587745180,0.170215066716,0.054043595626,0.012390833348,0.199237993167,0.013037841565,0.061733308550
0.009972011006,0.165864099141,0.016625299318,0.171984806031,0.064186266809,0.072106085272,0.011327672943,0.462625626584,0.008682795831,0.016625337065
0.014063046764,0.157108412780,0.032152535394,0.156660180016,0.077687431336,0.410097389789,0.009151767251,0.099794763289,0.011131866084,0.032152607296
0.010081152969,0.188038145866,0.016995378288,0.184541964068,0.425933473995,0.036095298316,0.012962634703,0.098794413304,0.009562123110,0.016995415380
0.011828296466,0.160625874968,0.025205501813,0.159350531155,0.073455662244,0.368407001329,0.010110208909,0.155503368224,0.010307994055,0.025205560838
0.041475980855,0.191883432496,0.111728999823,0.198521496700,0.092538817483,0.082029700774,0.029208527276,0.097604436854,0.043279140193,0.111729467546
0.030911178832,0.221089546574,0.106169286171,0.229813011849,0.095507201332,0.064847149157,0.017204925321,0.107692272735,0.020595730580,0.106169697449
0.042115087117,0.169092377552,0.060601414608,0.168174062456,0.230722581533,0.080310778134,0.056144728203,0.091963376657,0.040274065703,0.060601528037
0.024886392638,0.167561980799,0.029200393720,0.166035970437,0.189650534315,0.229527096325,0.026034469182,0.113736465192,0.024166276159,0.029200421232
0.011827451326,0.102978212679,0.017172630805,0.102369399252,0.064312911441,0.509370318383,0.015476578551,0.147202442571,0.012117391891,0.017172663101
0.030677309070,0.185294211109,0.044823529901,0.185560122308,0.134290184147,0.119601157531,0.029409160782,0.194098993180,0.031421736868,0.044823595105
0.036162847191,0.074903200027,0.084774993764,0.075330461251,0.042712552007,0.483030697518,0.024961581781,0.058148990901,0.035199414274,0.084775261288
0.005924110817,0.169073269535,0.009053725129,0.165175382356,0.492932719720,0.047781323657,0.007428714936,0.088413089328,0.005163919723,0.009053744799
0.058202144081,0.055394524436,0.339307554152,0.055725572946,0.033870110102,0.039236448606,0.012650192779,0.032908568092,0.033396647682,0.339308237123
0.042687126875,0.174166709979,0.135850767625,0.173421266119,0.089332756451,0.052610175558,0.022072664838,0.145660007584,0.028347056412,0.135851468559
0.007748426780,0.203806906696,0.016670639877,0.209018335747,0.080675336684,0.298244421059,0.005318563169,0.154861887343,0.006984802835,0.016670679811
0.043692176177,0.183646489485,0.054562712548,0.183911961310,0.146160151403,0.116082285156,0.052495110991,0.119860109761,0.045026258487,0.054562744682
0.002805410451,0.027612998947,0.004214006135,0.027476947917,0.019955895452,0.888695904028,0.002537231632,0.019528210937,0.002959378275,0.004214016225
0.031135533744,0.175611639674,0.039513835909,0.175688896109,0.117730089016,0.152331830230,0.025141108727,0.214459454828,0.028873742835,0.039513868928
0.003903958130,0.101890449228,0.005537862342,0.099679638897,0.659925365396,0.047924977024,0.003805461278,0.067999793409,0.003794621889,0.005537872407
0.021453347376,0.217138608964,0.050441402961,0.214834228317,0.160038858505,0.064389394561,0.013288141596,0.190004807439,0.017969677338,0.050441532942
0.010720928268,0.152878400306,0.021127359560,0.152492162491,0.089492289625,0.417950252202,0.007614654071,0.116709411281,0.009887139780,0.021127402416
0.006355552037,0.089586613796,0.012064022139,0.088822370757,0.042537630601,0.634434675763,0.004192009350,0.104235558211,0.005707520778,0.012064046567
0.026847933665,0.202053387995,0.034207937232,0.200427391960,0.272914001272,0.080846972197,0.024741642894,0.098885969451,0.024866784697,0.034207978637
0.028321265409,0.219157630822,0.056936526293,0.219918264037,0.138157524767,0.114691245673,0.022058359509,0.119919388866,0.023903127912,0.056936666712
0.030677309070,0.185294211109,0.044823529901,0.185560122308,0.134290184147,0.119601157531,0.029409160782,0.194098993180,0.031421736868,0.044823595105
0.021732388377,0.227853032534,0.039693403328,0.229047492316,0.179743585109,0.094681055034,0.036730350898,0.111093108534,0.019732063421,0.039693520450
0.752342541510,0.010390306766,0.088010624194,0.010489339926,0.006164593484,0.006357288781,0.005339652508,0.008387550669,0.024508097891,0.088010004272
0.479245111188,0.015718072163,0.194490609329,0.015875126492,0.009085360854,0.010529149361,0.006619164628,0.012609389451,0.061338915005,0.194489101528
0.066674767112,0.026465339163,0.268924549196,0.026647563156,0.016933017101,0.020875508973,0.011698868499,0.021060530778,0.271793181771,0.268926674250
0.006870811846,0.211729741650,0.013156477782,0.209465983893,0.328999261603,0.048197070490,0.007471588283,0.155103886050,0.005848669188,0.013156509215
0.000644773473,0.019732574542,0.001132628907,0.019916801058,0.019413204126,0.006020348199,0.000571713775,0.930784797116,0.000650526379,0.001132632426
0.196204553688,0.031262037185,0.318534910654,0.031364510867,0.022815591374,0.016391341550,0.008533247080,0.026503856160,0.029857479087,0.318532472355
0.016947541796,0.191885315701,0.030571493883,0.189771025465,0.335238608355,0.067757380999,0.020033614683,0.102034630294,0.015188813199,0.030571575626
0.025004503212,0.173964224626,0.034285015581,0.170698527296,0.145434575386,0.083557628588,0.019587247561,0.289923548330,0.023259657948,0.034285071471
0.015046181456,0.109293461346,0.027191162077,0.108660167711,0.061563998602,0.514367467397,0.009856218671,0.115130334364,0.011699765214,0.027191243161
0.008207929487,0.134771543689,0.011360354768,0.132970614768,0.310039409340,0.057441567707,0.009090218783,0.316457177411,0.008300811730,0.011360372318
0.024084076136,0.180699088543,0.032283284767,0.182987855401,0.135054467299,0.238460254248,0.029983335664,0.118850305634,0.025313989220,0.032283343089
0.013223153661,0.202332983956,0.033203978845,0.206453007975,0.328657910673,0.043489396219,0.007948511486,0.119364994734,0.012121959224,0.033204103227
0.003610264996,0.066671373217,0.005884970612,0.065578528650,0.029374273072,0.747549689597,0.002965008955,0.069229401372,0.003251505612,0.005884983917
0.020836708104,0.199142669855,0.042452394756,0.198102103363,0.271166369791,0.077802549828,0.030519440031,0.102067485259,0.015457729742,0.042452549271
0.007934349741,0.169129948599,0.013633542395,0.162148417427,0.428895265960,0.047184058734,0.007379676705,0.143029930414,0.007031226911,0.013633583114
0.008211858560,0.209033160265,0.013884378215,0.204803093215,0.322255276295,0.098821100930,0.007578092300,0.113301730227,0.008226901408,0.013884408586
0.012732570558,0.121978602418,0.017146708694,0.120304659401,0.523288405074,0.054961436944,0.011028513718,0.110059885168,0.011352481949,0.017146736077
0.011026158156,0.124539433316,0.015370479722,0.123150165738,0.565114075145,0.055990952966,0.009556111130,0.070100923298,0.009781193434,0.015370507096
0.013844780057,0.134130893837,0.017773810501,0.132735292442,0.519041164080,0.056145678688,0.014843185511,0.080513921213,0.013197441731,0.017773831940
0.039983237615,0.177097946535,0.055131427927,0.180482737045,0.117347053813,0.103260818469,0.037597888729,0.193615867333,0.040351520781,0.055131501753
0.016620369958,0.198471326803,0.023931110373,0.196988160296,0.298510991429,0.066075487020,0.015806579782,0.144773642806,0.014891186469,0.023931145063
0.011316810247,0.186670486942,0.020177250003,0.185511988017,0.108685380172,0.290026739227,0.008496559955,0.158079281312,0.010858206439,0.020177297686
0.019278872373,0.164362862390,0.034551243559,0.163910182233,0.378557772992,0.077485959032,0.020518972985,0.089979246998,0.016803551860,0.034551335578
0.010452628268,0.141374350283,0.018056840082,0.137861147918,0.517108084258,0.038587546469,0.010040324380,0.098812150231,0.009650038020,0.018056890091
0.016896240284,0.206196368556,0.033620309021,0.201669248789,0.230125775644,0.133998420742,0.010722326668,0.119331952447,0.013818988765,0.033620369083
0.001579363327,0.090419999440,0.002542690797,0.086680599926,0.740734393286,0.014904475471,0.001414838979,0.057793079323,0.001387863892,0.002542695559
0.004898385964,0.209486605473,0.009288317038,0.204050360439,0.219171293415,0.062769632034,0.004582917439,0.271930536335,0.004533605932,0.009288345929
0.061266641119,0.124525902404,0.103725399919,0.124366797509,0.103301349730,0.134887728674,0.036139287034,0.153686592293,0.054374791258,0.103725510061
0.011757186292,0.190226150951,0.017767985859,0.186820969348,0.269262957807,0.065383614022,0.012447833099,0.218449797086,0.010115493434,0.017768012101
0.016565286416,0.261667642905,0.028393864631,0.271201897459,0.137632325662,0.096312468293,0.017722570588,0.127080946286,0.015029062115,0.028393935643
0.018035579057,0.182070953012,0.025832657804,0.176456531314,0.336856883259,0.074129985814,0.016588710906,0.128216074350,0.015979924904,0.025832699581
0.026844638501,0.155938785483,0.029269447508,0.153048796186,0.379052023912,0.086010320992,0.025580042517,0.087315921931,0.027670553111,0.029269469859
0.016586514677,0.181793250347,0.021017330579,0.179039154015,0.310164293694,0.082741723277,0.016140968413,0.154575922398,0.016923491266,0.021017351334
0.010147923138,0.139735671240,0.016269918757,0.136086060035,0.478766149874,0.049104251040,0.007271442964,0.137374408826,0.008974228788,0.016269945339
0.039275186621,0.196405192504,0.071071062233,0.201554223954,0.109954946186,0.077662964956,0.062319469954,0.134708452585,0.035977269143,0.071071231864
0.027560220411,0.207689541437,0.056864432400,0.213097884531,0.119303109654,0.089800880161,0.099970413682,0.105763192843,0.023085754762,0.056864570119
0.013064045419,0.204524969216,0.016816661174,0.200459539966,0.263494559680,0.076213661714,0.013131533667,0.182743626637,0.012734721006,0.016816681522
0.029796093156,0.137555031574,0.061040082311,0.138843233184,0.047362271739,0.413731745214,0.015584356382,0.075742090388,0.019304878732,0.061040217321
0.008650899317,0.213674709212,0.023440313319,0.212041936842,0.106290928261,0.225521424310,0.007860131185,0.172331978537,0.006747262961,0.023440416056
0.059130986248,0.151808323585,0.072784685588,0.150661664141,0.171277194676,0.117775031326,0.035095208496,0.125383742248,0.043298531823,0.072784631868
0.008413123444,0.118352098119,0.013991001449,0.117821680817,0.051915343607,0.168188054782,0.006577264012,0.492811628361,0.007938784578,0.013991020832
0.011328941158,0.227521131676,0.014023290697,0.222471581351,0.264662909549,0.076368282630,0.011444402773,0.147336322358,0.010819829439,0.014023308369
0.007023640637,0.182862234065,0.013733921749,0.179630175670,0.387006682781,0.039537213098,0.004460609324,0.165905070991,0.006106492252,0.013733959433
0.013291950492,0.153289523961,0.016662436819,0.148187818567,0.378877220513,0.063317292448,0.012963534562,0.183925682129,0.012822086464,0.016662454044
0.033729374607,0.234068902657,0.052984927626,0.233833278946,0.117571438024,0.100963539066,0.029728262741,0.117548136547,0.026587101897,0.052985037888
0.011358103979,0.227718794098,0.025489658823,0.237003873924,0.066275334094,0.123523831303,0.012457380473,0.261051937183,0.009631351750,0.025489734373
0.004146897776,0.118659045471,0.005877055769,0.114663795414,0.636611003976,0.026248734377,0.004769926480,0.079192574062,0.003953900766,0.005877065908
0.011122889193,0.136222953298,0.023450197721,0.135521662219,0.068355798938,0.460421805398,0.009166518139,0.123727510401,0.008560427986,0.023450236709
0.012923161513,0.202733412081,0.019828649379,0.205773951710,0.264526653973,0.050863548580,0.012425304121,0.199501753654,0.011594874586,0.019828690404
0.014318931417,0.210928604109,0.025891551815,0.207085962059,0.255182481419,0.111704449282,0.013732889598,0.122361575392,0.012901952987,0.025891601922
0.004312708561,0.050559843563,0.006299407288,0.049728197725,0.044976314536,0.769114258761,0.004756297420,0.059186200360,0.004767352241,0.006299419545
0.019386631110,0.183316167712,0.027512919215,0.181440744742,0.283489176765,0.063974558479,0.061243050621,0.133002543312,0.019121248887,0.027512959156
0.004116163431,0.146911647104,0.006194862554,0.139907609668,0.496784971918,0.035040137043,0.003713911874,0.157420715600,0.003715107110,0.006194873699
0.004038064232,0.162137170972,0.007158771090,0.158206910207,0.553893892872,0.026826303188,0.004427857603,0.072703610395,0.003448629526,0.007158789913
0.005585196688,0.172391608297,0.009957689061,0.168887148404,0.175923386030,0.266617918018,0.005576588003,0.179790764067,0.005311991786,0.009957709647
0.025454674032,0.207478703888,0.073341401828,0.206418055110,0.176161980594,0.063977139472,0.020364964810,0.133906787747,0.019554606396,0.073341686123
0.008527894591,0.204992139768,0.012551418419,0.200113144354,0.248731580784,0.046064557055,0.034814199970,0.223309934066,0.008343685635,0.012551445357
0.017016263653,0.187067057557,0.028946655114,0.184736088418,0.292792799902,0.087603275556,0.015966783290,0.140838238775,0.016086116237,0.028946721498
0.006664971961,0.256554603849,0.014638428545,0.261502507159,0.140597794122,0.056405534596,0.005292065290,0.238068622314,0.005636990811,0.014638481352
0.020821605706,0.242831209319,0.036387375028,0.244919365132,0.176975302793,0.073699502132,0.027880664590,0.120991076140,0.019106454097,0.036387445065
0.006705765091,0.162346160455,0.011022225187,0.159475306821,0.521652013767,0.031013048453,0.016188350400,0.073754217384,0.006820663733,0.011022248709
0.010998591960,0.289383275652,0.020701791440,0.300610669585,0.153133126159,0.069037452478,0.009185368909,0.116633012107,0.009614861448,0.020701850262
0.019536206132,0.172500716497,0.022466058479,0.164334983237,0.337623691536,0.063968051896,0.020481702184,0.157402449490,0.019220062193,0.022466078355
0.013787844873,0.200163274976,0.037260647191,0.201413195838,0.085658319705,0.064587467900,0.009564523196,0.338696846694,0.011607066133,0.037260813494
0.031344014532,0.226081545296,0.061563416336,0.231695384075,0.125817551979,0.102480631053,0.023435605118,0.109670101436,0.026348141892,0.061563608281
0.034411829681,0.184017591120,0.048483622977,0.183105060833,0.133374624094,0.140278704431,0.026139943243,0.170232360309,0.031472581808,0.048483681503
0.013249394863,0.156277847969,0.017584601223,0.150656409041,0.397928674793,0.061494823410,0.012848450302,0.159205020115,0.013170158671,0.017584619613
0.011287697086,0.158875076385,0.015070285044,0.153371931573,0.415723634826,0.060415819669,0.011149147414,0.147834880438,0.011201225919,0.015070301646
0.021194778562,0.188181965134,0.033727535836,0.187712331474,0.307663991367,0.080189357771,0.018904983442,0.109126327844,0.019571115847,0.033727612723
0.012119814152,0.243797149982,0.027012931439,0.240957689841,0.208266069018,0.056510036537,0.013485938867,0.160647578104,0.010189785153,0.027013006908
0.006149407233,0.151562193717,0.008916036204,0.148841065716,0.434808878561,0.066124865780,0.005896459105,0.162742174351,0.006042866456,0.008916052877
0.005603413590,0.040634589481,0.008215751692,0.040292934033,0.038632819589,0.800015473753,0.004687105193,0.047867318680,0.005834826786,0.008215767203
0.010369565704,0.205110788695,0.014404985796,0.207817234352,0.085051540363,0.294432660492,0.007474485421,0.150477889743,0.010455850041,0.014404999393
0.027821930496,0.185419136098,0.074345028549,0.190551155646,0.085772595594,0.073061746227,0.014140746931,0.250956713629,0.023585605813,0.074345341017
0.021554369919,0.086712370090,0.033062171237,0.088131583276,0.043393383609,0.586538051225,0.017220931448,0.069755535921,0.020569380987,0.033062222288
0.008558539884,0.241447665975,0.018069983284,0.241118650632,0.107350388237,0.124139489113,0.005537109415,0.229073856601,0.006634291583,0.018070025275
0.014741086065,0.221477877670,0.029386561196,0.221859806122,0.130362946812,0.107270678380,0.012023352482,0.220807072462,0.012683978367,0.029386640445
0.013081456377,0.128387998657,0.017248212523,0.126035712157,0.440017839705,0.048046059207,0.012669506489,0.184537854849,0.012727122567,0.017248237468
0.026295467335,0.204489354036,0.043133462349,0.208298535470,0.163094626467,0.091523716858,0.023497302867,0.171386018126,0.025147975415,0.043133541078
0.011481877166,0.212944915118,0.022545789444,0.220046650526,0.086285048804,0.113919851161,0.007213162374,0.291003881012,0.012012992019,0.022545832375
0.009629709108,0.144738654559,0.016835132104,0.141790300669,0.469356142755,0.062357992031,0.008288146270,0.117943685202,0.012225059777,0.016835177524
0.022749301898,0.173716414401,0.073794897829,0.173013094977,0.094253195414,0.186600133676,0.013812098313,0.170624035609,0.017641494068,0.073795333816
0.007568428538,0.130423992186,0.018358989010,0.128831603433,0.064875139837,0.029557719627,0.004873272579,0.591296303467,0.005855490206,0.018359061115
0.005299380196,0.158170693178,0.012168756103,0.155720117569,0.072121060709,0.427789172216,0.004092888520,0.147285424991,0.005183696366,0.012168810153
0.017094850686,0.201734446112,0.039939142374,0.196767269492,0.205322913512,0.063705694177,0.011148331807,0.211436092451,0.012911970057,0.039939289334
0.005874830323,0.183273485173,0.011510881474,0.177693359883,0.192802838552,0.040696985162,0.004339352218,0.367129087355,0.005168261562,0.011510918297
0.014073850703,0.149031161477,0.035146977264,0.148024016712,0.066694682010,0.113223463497,0.009964267921,0.418560034914,0.010134458760,0.035147086742
0.018471567437,0.121895535069,0.024691628838,0.120105434724,0.458921003015,0.063857944968,0.018599317419,0.123663679935,0.025102228484,0.024691660111
0.012010883984,0.177103278320,0.020026361033,0.174020527798,0.354556064258,0.052803901733,0.009872505294,0.167529485555,0.012050580929,0.020026411095
0.007784531803,0.265958147129,0.013540160808,0.275947481606,0.109318115366,0.063632557358,0.102617195405,0.140137797820,0.007523815420,0.013540197285
0.004186819661,0.223919784742,0.006491436942,0.216237064075,0.158923986160,0.198886079168,0.004110490341,0.176737826127,0.004015059905,0.006491452879
0.011641123960,0.283032458661,0.021223443108,0.289468917908,0.169059096442,0.057197285495,0.009871194436,0.126328704037,0.010954281159,0.021223494796
0.009961057548,0.258538208765,0.019362065343,0.271040028090,0.165347113492,0.039926294366,0.012847398652,0.194350314827,0.009265401826,0.019362117090
0.010467784789,0.122603029016,0.016314072363,0.122731034347,0.077605834608,0.044097036361,0.024473689302,0.555512756586,0.009880652875,0.016314109753
0.011515898814,0.216868772911,0.023505166537,0.222793506469,0.272157095307,0.074405451921,0.008743427534,0.132466759867,0.014038666904,0.023505253735
0.028332289413,0.203959824515,0.048799247039,0.201680165454,0.191334572738,0.088679984233,0.021231901086,0.144537857137,0.022644796309,0.048799362076
0.008180315242,0.114112272579,0.010554631835,0.112194350280,0.597151534161,0.077451669958,0.007690274506,0.054099119807,0.008011186410,0.010554645221
0.082846883534,0.130811166238,0.142248054246,0.129537418040,0.110152526865,0.081419456486,0.028055152917,0.106850115186,0.045830938552,0.142248287935
0.031703338627,0.160244251315,0.038907562213,0.155476910658,0.338200855925,0.063073051054,0.026245799874,0.112440011602,0.034800608165,0.038907610567
0.005595016001,0.128370994672,0.008571144060,0.125432449550,0.595226064673,0.061009007314,0.004672343006,0.055977278869,0.006574541218,0.008571160636
0.034391569156,0.183065355884,0.053908237964,0.185004704027,0.152526399523,0.074376649867,0.063301377624,0.164554405098,0.034962923131,0.053908377726
0.006574274466,0.176510805305,0.008768159560,0.171769982076,0.463532078094,0.050030054730,0.006573076542,0.101056599496,0.006416796850,0.008768172882
0.004926763215,0.154098057645,0.009028020521,0.150319755864,0.125789350509,0.162090983576,0.004005198655,0.376384201555,0.004329621246,0.009028047215
0.023811501274,0.142393272228,0.027943535864,0.140396725614,0.410011322562,0.059327976993,0.022148092415,0.119386878776,0.026637145308,0.027943548966
0.020281766223,0.197800973755,0.036612119462,0.193402440430,0.279337391157,0.079670366674,0.016286179648,0.121958394403,0.018038157615,0.036612210633
0.029588291580,0.168540171529,0.052143844344,0.169646025410,0.077974225796,0.300756571885,0.025384074304,0.099452445715,0.024370409152,0.052143940284
0.001729631448,0.024472739595,0.002956726022,0.024402261412,0.014949950044,0.907170543454,0.001206592491,0.018659579173,0.001495243800,0.002956732562
0.002392687481,0.026883788912,0.004273141338,0.026784301986,0.014777585228,0.890528599070,0.002220021345,0.024637179712,0.003229540273,0.004273154654
0.009622323463,0.178756064943,0.016020767872,0.173820357080,0.437120951951,0.053142544190,0.008497217002,0.098586197571,0.008412772627,0.016020803301
0.014368240594,0.217068484474,0.027647685352,0.214726148099,0.176172920966,0.082168122937,0.010238678504,0.217820953585,0.012141023688,0.027647741800
0.013458997197,0.237212322100,0.028890510854,0.236189766416,0.130991704187,0.078502739130,0.028749749659,0.200523800884,0.016589827488,0.028890582086
0.012313975857,0.221847727105,0.021111937863,0.221770250468,0.276984030219,0.070208872987,0.011053074918,0.132008737625,0.011589403743,0.021111989214
0.011919385967,0.165578144872,0.024609183683,0.162565506625,0.459216208631,0.046794795647,0.010598465357,0.084128892562,0.009980147605,0.024609269051
0.013477807394,0.246248970405,0.025434184703,0.242617951282,0.153180896804,0.086035287988,0.007535252466,0.190084744244,0.009950660940,0.025434243774
0.018627367823,0.235177084013,0.041745032349,0.242884955192,0.071002208061,0.095384016333,0.010595690311,0.228101657609,0.014736806750,0.041745181559
0.033917936026,0.202766485285,0.106396393669,0.211352298146,0.114192110896,0.057360285451,0.023739504462,0.116566406715,0.027311672871,0.106396906478
0.041017797520,0.153580603099,0.105382877915,0.153504104522,0.139543199197,0.077371096472,0.021133597051,0.172433791806,0.030649623952,0.105383308467
0.042360908482,0.170275478049,0.071020424879,0.169524782787,0.175201123651,0.119264180899,0.028828434971,0.117410358173,0.035093747348,0.071020560760
0.046459113688,0.185665827088,0.091961485220,0.185177123930,0.159219578935,0.075536425421,0.021389319165,0.110629511780,0.031999766602,0.091961848170
0.005733970423,0.208134993386,0.009172266138,0.203773830688,0.150089061995,0.284443233877,0.005321310320,0.118451391068,0.005707655490,0.009172286615
0.003792583863,0.113280420109,0.006249754095,0.110315875463,0.679755572218,0.020267529172,0.002886880564,0.054224302339,0.002977313811,0.006249768365
0.003468164735,0.161643538721,0.006308908008,0.157797453017,0.550429561417,0.025261666694,0.003110840888,0.082423364307,0.003247575841,0.006308926371
0.011490817256,0.140958296359,0.015846165974,0.138804887740,0.482142682944,0.064850636433,0.010903423562,0.107720766334,0.011436132617,0.015846190781
0.024236232290,0.233924602274,0.056003007025,0.230474219086,0.165780748289,0.088322610978,0.014425298713,0.110842355155,0.019987714969,0.056003211220
0.010912983254,0.171388013101,0.014583279587,0.170954093312,0.322414181581,0.081029432559,0.011251395067,0.191686268669,0.011197054247,0.014583298622
0.025116294298,0.181185572430,0.037279098811,0.183022708418,0.198557885702,0.070673197783,0.025992566980,0.214464897427,0.026428620616,0.037279157535
0.001441375375,0.013589234681,0.002913029287,0.013744848787,0.008689199887,0.005281835241,0.000940193922,0.949306655497,0.001180590584,0.002913036739
0.010566776754,0.225446557717,0.023160774022,0.230827622586,0.194294268425,0.056707660448,0.007527446364,0.218904626983,0.009403415030,0.023160851671
0.008251083943,0.200560015316,0.015969528534,0.205630745122,0.136854790317,0.072814527430,0.007370627098,0.329655264158,0.006923842988,0.015969575093
0.043307326176,0.170739511474,0.046796830616,0.167472100791,0.205441372407,0.128922136016,0.021261035120,0.139577337589,0.029685570273,0.046796779538
0.007271282328,0.266503127874,0.015223522592,0.267205292954,0.120680762169,0.055680776843,0.020061777770,0.225997395689,0.006152492963,0.015223568819
0.022946910204,0.254989811798,0.036224434672,0.259855511604,0.089200839298,0.108848472088,0.029473874432,0.140234802670,0.022000855345,0.036224487888
0.019092830611,0.266035855723,0.047265617287,0.274820841235,0.064095223967,0.081453729953,0.027223525527,0.150750239575,0.021996371772,0.047265764350
0.008197116345,0.228655669990,0.015284618902,0.225278702187,0.256842368591,0.067407331491,0.005331624725,0.170933148315,0.006784784581,0.015284634873
0.003706268282,0.118645593064,0.006267727481,0.118833096481,0.176844352850,0.031458790957,0.003748249477,0.530636821917,0.003591355223,0.006267744268
0.017836264996,0.242893760772,0.029100427963,0.254560193018,0.076110384529,0.070150313779,0.019664181359,0.243979257843,0.016604727127,0.029100488614
0.028943705506,0.179788555705,0.046543093541,0.177213804233,0.259999363362,0.099618375707,0.023437873437,0.111572091487,0.026339948871,0.046543188149
0.008636251591,0.244932907990,0.016370029387,0.250576698604,0.254132244905,0.047810607614,0.007315039205,0.146046363708,0.007809784041,0.016370072955
0.007088992428,0.189742185802,0.015532236646,0.188925409608,0.088803164632,0.385629112267,0.005202925372,0.097627971534,0.005915717446,0.015532284266
0.003062984326,0.038355724853,0.005245531927,0.038747288467,0.030298749543,0.015867773223,0.003540556821,0.856642449804,0.002993399022,0.005245542014
0.026844653920,0.175640790182,0.032809547142,0.172626690321,0.318171124213,0.064010318461,0.027537883493,0.115126869919,0.034422547647,0.032809574703
0.007562920010,0.182285144859,0.009262648699,0.177696443219,0.214799060797,0.249817989415,0.008228481670,0.133170620957,0.007914029373,0.009262661001
0.009104597565,0.090691541048,0.021596248629,0.089715682785,0.073962526102,0.579757258708,0.004771267600,0.100464009659,0.008340554607,0.021596313297
0.014719134203,0.246129977166,0.022946085957,0.245328700527,0.111983690934,0.180482460345,0.014828171342,0.132201100045,0.008434524309,0.022946155172
0.008191197795,0.113665900097,0.012364876516,0.111773294850,0.616916484743,0.037139424346,0.009164724216,0.069627555879,0.008791644350,0.012364897208
0.008202985264,0.268429840235,0.018447875958,0.265029549965,0.209244515342,0.037852819585,0.010589839790,0.156675767991,0.007078861704,0.018447944166
0.019536206132,0.172500716497,0.022466058479,0.164334983237,0.337623691536,0.063968051896,0.020481702184,0.157402449490,0.019220062193,0.022466078355
0.018391287535,0.191415147299,0.035341019294,0.191358658155,0.237982748327,0.099893293622,0.018571523831,0.155804497772,0.015900714859,0.035341109305
0.015361577873,0.218429538655,0.021442202918,0.214571420080,0.302778259335,0.060129672066,0.032543952512,0.100718846393,0.012582305836,0.021442224333
0.007317145678,0.238869726440,0.023807417320,0.233908643313,0.141783309014,0.074268697929,0.003936099211,0.246197069488,0.006104353684,0.023807537922
0.012618411122,0.199453234128,0.018658060474,0.202532946609,0.075666179528,0.193259825778,0.010103622012,0.257237315896,0.011812324159,0.018658080295
0.018178067044,0.224466914530,0.028235020381,0.225869126957,0.137915500583,0.152936227309,0.016547314011,0.148469691445,0.019147101844,0.028235035898
0.012073998654,0.006671869052,0.011358920207,0.006690269248,0.004465427622,0.013598940804,0.003347342330,0.005879739685,0.924554581803,0.011358910595
0.057439496926,0.148281300545,0.102116987175,0.150729585122,0.124544913474,0.088952249185,0.040091667201,0.102041058039,0.083685504089,0.102117238243
0.058061574523,0.103605001408,0.260474500520,0.104698644131,0.049443181570,0.037576702122,0.015848174635,0.077712428576,0.032104794991,0.260474997524
0.028538603367,0.194819067437,0.035842808142,0.193392178130,0.209072317373,0.129838957577,0.025661300795,0.121140532929,0.025851387537,0.035842846713
0.008121687706,0.151098212720,0.015602664065,0.147543621450,0.523406273318,0.039420171025,0.006068794715,0.084771142453,0.008364720969,0.015602711579
0.015123985815,0.179982856923,0.024118231218,0.181063175255,0.078548582418,0.314459827085,0.014061083315,0.154365088051,0.014158891027,0.024118278894
0.031060374373,0.180967586277,0.043866908704,0.178928802653,0.236119049003,0.074086861325,0.032780579410,0.142401424160,0.035921439252,0.043866974843
0.006541850316,0.092488463616,0.020492979748,0.091481823123,0.044465987453,0.587301740054,0.008179012614,0.122160009416,0.006395053168,0.020493080493
0.008324522013,0.134818186818,0.014024130867,0.131822641184,0.150270977883,0.319338426653,0.006407609951,0.213164983385,0.007804367321,0.014024153924
0.006878672409,0.154696195839,0.016469868642,0.153086786035,0.079820239329,0.421063460346,0.005355159914,0.139987219073,0.006172482608,0.016469915807
0.104790494276,0.026461256621,0.114043299349,0.026683984543,0.017688158967,0.022271731151,0.019332021188,0.021644716207,0.533041314688,0.114043023011
0.020627671224,0.180994565267,0.045550794682,0.179213744524,0.214573788592,0.145398516470,0.062735320102,0.085383488249,0.019971120742,0.045550990147
0.025642763364,0.194532736933,0.038421027383,0.193655122926,0.223174540539,0.097866035606,0.031006957884,0.130579867510,0.026699863488,0.038421084367
0.006156486800,0.141501908833,0.010073533202,0.137544630358,0.572399253876,0.027955599791,0.006755311956,0.081547642202,0.005992077794,0.010073555188
0.027536645035,0.221596241782,0.060091128987,0.221882661556,0.160619253829,0.083266011607,0.018640461233,0.128008199948,0.018268085224,0.060091310798
0.014024284127,0.183199582134,0.026920131507,0.187085196923,0.075950846651,0.137429311023,0.014467478651,0.320926406250,0.013076568989,0.026920193745
0.031572581123,0.184368268377,0.041649930541,0.187348594022,0.193177397956,0.098869290902,0.032483002718,0.149930946465,0.038949998020,0.041649989876
0.005565618877,0.113337956484,0.010420294512,0.116777778272,0.053371524813,0.034630210327,0.004514541850,0.645971474348,0.004990278299,0.010420322217
0.064342265484,0.147726973419,0.080664429132,0.147722924370,0.141330999580,0.086665046067,0.063916319637,0.117316238210,0.069650266845,0.080664537256
0.015526375689,0.224602477859,0.028400583684,0.222749317790,0.160118609120,0.123013260876,0.010847937116,0.172657886787,0.013682904035,0.028400647043
0.031284014900,0.167387275973,0.042773526348,0.165241132019,0.200614116325,0.132428179165,0.025320017532,0.151291123254,0.040887028524,0.042773585960
0.008838879412,0.136824258979,0.020840831329,0.136492932387,0.064905549095,0.153618509746,0.005574953774,0.443687460610,0.008375730902,0.020840893765
0.026290128450,0.182425306516,0.038131616978,0.179936108612,0.220729598525,0.077808805139,0.054629165577,0.155696499502,0.026221105062,0.038131665638
0.026999364876,0.163440533364,0.047782681176,0.161085887465,0.189531287952,0.086189590839,0.031502791166,0.221134663427,0.024550389920,0.047782809814
0.036925497253,0.154470688980,0.070872722427,0.156093931577,0.062968224831,0.314192496633,0.022016938349,0.080060792479,0.031525902262,0.070872805209
0.003793424751,0.168546932798,0.005320026433,0.163698408314,0.303864633697,0.234365244785,0.003896166757,0.107233636216,0.003961489982,0.005320036268
0.002345103998,0.146221799868,0.004479836355,0.141409862116,0.364955145014,0.226689119982,0.001824823203,0.105528404843,0.002066055336,0.004479849285
0.008754361579,0.208180426177,0.016335326236,0.204237448149,0.275054143648,0.069129908584,0.006966393831,0.187659206784,0.007347421935,0.016335363077
0.011278215783,0.204090201982,0.016252065787,0.199583233376,0.337268454995,0.055544183943,0.010421456073,0.139484839247,0.009825262181,0.016252086633
0.007005453761,0.127405190042,0.010076424140,0.125184863149,0.538977659074,0.047377903002,0.006262051849,0.121364193696,0.006269818547,0.010076442739
0.007034179383,0.277373681602,0.013807316233,0.275248858064,0.151551592411,0.076020982787,0.006643010775,0.172123559631,0.006389455011,0.013807364102
0.002558936589,0.076797835469,0.006023104149,0.078507509121,0.030883674600,0.737224856530,0.002177483938,0.057401402707,0.002402068243,0.006023128655
0.032483094397,0.181805538570,0.048123430461,0.181552371083,0.202022525052,0.118972417144,0.041555758618,0.111989030993,0.033372338978,0.048123494704
0.019648138623,0.157694148152,0.030665409140,0.156670488361,0.392523943288,0.055528611214,0.016804923183,0.121417945181,0.018380926275,0.030665466582
0.007938846944,0.156090520732,0.012396224720,0.153991356023,0.493307025684,0.068660611408,0.006665100857,0.081416768512,0.007137303348,0.012396241772
0.004600011237,0.132172964368,0.008458883557,0.128116209116,0.624594499757,0.021742702957,0.003503420164,0.063727009089,0.004625387240,0.008458912516
0.023493600218,0.193103172083,0.039767450802,0.192000100258,0.201425072990,0.172922775030,0.018434963896,0.098923712892,0.020161627058,0.039767524772
0.014431123223,0.125058958665,0.018681193841,0.124103522171,0.539252325278,0.058347645268,0.013578122727,0.074100183606,0.013765707865,0.018681217356
0.010344138111,0.183316625510,0.025432016915,0.181548287318,0.069118576310,0.237959160801,0.007354625421,0.249989257754,0.009505207756,0.025432104106
0.002036669770,0.028393029079,0.004857931466,0.028154513301,0.012916531343,0.047153760024,0.001163052468,0.868677502814,0.001789061865,0.004857947871
0.005816551651,0.130080736744,0.008701966210,0.128177752385,0.588596965011,0.047823121890,0.005204757116,0.071719414454,0.005176750451,0.008701984087
0.006930493356,0.249067060814,0.012730377629,0.248217088401,0.244751103447,0.031604952828,0.008536925498,0.178054373589,0.007377216053,0.012730408386
0.020867588056,0.191005207549,0.037918004526,0.186600554784,0.248653931867,0.056830572289,0.015386553275,0.186028512154,0.018790979489,0.037918096009
0.003941375705,0.055557466916,0.005424617272,0.054425862579,0.063291397300,0.759868829069,0.002770292400,0.045461261005,0.003834271185,0.005424626569
0.050221433945,0.188839553638,0.082206296241,0.194008062709,0.077797306352,0.084036035149,0.069826756152,0.137923275294,0.032934911028,0.082206369491
0.045314611427,0.165168587031,0.170795604365,0.172147342100,0.081878309946,0.060428168142,0.021031958136,0.083983573844,0.028455518744,0.170796326265
0.005779718388,0.054957270405,0.010926755298,0.054540542694,0.048401582029,0.763965271184,0.003358752468,0.041912013576,0.005231302314,0.010926791643
0.019770742476,0.212790865378,0.043561740293,0.208168489790,0.207761262351,0.056257458598,0.012289664971,0.174904660204,0.020933203831,0.043561912109
0.012949272042,0.255211359384,0.031006178523,0.264682030771,0.105356088343,0.065319560826,0.008042234737,0.215731853701,0.010695179573,0.031006242100
0.026053412913,0.245037259361,0.041637120833,0.246952298974,0.168627486635,0.072061773483,0.023570466433,0.115207548399,0.019215408183,0.041637224785
0.003433159151,0.039015292229,0.004575841056,0.038481675834,0.042506948750,0.829475383905,0.002378828449,0.032195379558,0.003361642782,0.004575848287
0.023037293640,0.217600490806,0.043392397773,0.216950052357,0.162091550850,0.075880578022,0.017256297362,0.176134933623,0.024263830451,0.043392575115
0.006891318001,0.136294282805,0.013014939678,0.133297021996,0.113232342966,0.446459707556,0.005136307674,0.125852406562,0.006806698029,0.013014974733
0.012854051062,0.183300269244,0.025599850685,0.180911467952,0.354327650088,0.035240625195,0.007976498362,0.161747622762,0.012442064060,0.025599900589
0.016991505433,0.141453205708,0.024533640535,0.139582444481,0.454383741370,0.055921618244,0.018836599034,0.109848110750,0.013915468469,0.024533665976
0.003920583607,0.259132709516,0.009877224883,0.273819246378,0.064066598090,0.256990947992,0.002395555312,0.116953389204,0.002966487211,0.009877257808
0.019484136353,0.204035561269,0.028839881745,0.198492826355,0.293783909385,0.057079757230,0.005702923349,0.154029936328,0.009711243745,0.028839824241
0.013902847346,0.179124165062,0.023441792739,0.174395877227,0.373655562866,0.057787315792,0.010969920889,0.130233158352,0.013047515715,0.023441844012
0.016862341057,0.156500514129,0.030486509539,0.154804431006,0.144116782500,0.321233175826,0.012225894159,0.119496827942,0.013786949902,0.030486573939
0.045180701284,0.176892905314,0.059071835786,0.175570342069,0.175042582263,0.114461896811,0.038573898417,0.116264210119,0.039869786221,0.059071841716
0.011248823128,0.126365831071,0.017908593255,0.127218648219,0.098279041066,0.472590330199,0.011164164602,0.104904403925,0.012411526357,0.017908638178
0.013342390734,0.185493874390,0.027578678338,0.183612238478,0.136680543923,0.099941844569,0.027633748033,0.285052601541,0.013085310855,0.027578769138
0.013662303659,0.183978153818,0.017926804611,0.177850710902,0.326344337483,0.076958804125,0.013994372614,0.158594094333,0.012763592241,0.017926826215
0.006424059215,0.133527662083,0.012632506527,0.130681237798,0.175598028345,0.284281058378,0.004434564707,0.233320073457,0.006468277593,0.012632531895
0.015112020537,0.159148442254,0.019082343184,0.154238548884,0.430683217880,0.072659389952,0.014557976238,0.101016191069,0.014419506353,0.019082363650
0.031915330896,0.197905178676,0.075771280330,0.196630907223,0.162234740408,0.113008897644,0.013780478115,0.112936905681,0.020044790973,0.075771490056
0.025457947098,0.153371452303,0.031793113185,0.151722237748,0.339917303932,0.086405277945,0.024396452958,0.131218144533,0.023924938043,0.031793132255
0.017338206659,0.165689919064,0.027014435432,0.165195262178,0.326484415503,0.055988701652,0.017311121962,0.181399434242,0.016564007841,0.027014495467
0.004947982094,0.028390956543,0.006060773171,0.028151123590,0.019368151348,0.872158612287,0.003900626427,0.025837709954,0.005123287108,0.006060777477
0.032442323989,0.189965693330,0.039664048463,0.187399200851,0.196788218789,0.102786883302,0.031261198008,0.148389119942,0.031639227468,0.039664085857
0.010473982824,0.218721750680,0.022784031503,0.214315103998,0.164629153205,0.129181768136,0.006793631802,0.200001998018,0.010314484363,0.022784095471
0.044453385396,0.186628453505,0.086468205770,0.190473923304,0.104358427132,0.089443335335,0.027599013914,0.149149331733,0.034957586430,0.086468337481
0.010939375473,0.256400695644,0.018987612637,0.252673245018,0.202201879304,0.056124326138,0.010130416205,0.163383010785,0.010171758221,0.018987680575
0.019909893220,0.245505744322,0.032182558846,0.244156860948,0.161786428182,0.080765066855,0.016560934530,0.150201271038,0.016748636861,0.032182605198
0.034579513641,0.188779900842,0.092104992492,0.189007923860,0.132105952278,0.082520500376,0.025410642918,0.137634960312,0.025750232400,0.092105380881
0.020825521360,0.209180115058,0.033883050269,0.208885056351,0.161261409682,0.055654962486,0.110109319636,0.144352730206,0.021964715504,0.033883119447
0.031515072384,0.201049060491,0.037772293642,0.199756154375,0.188936753838,0.124933818831,0.031519901024,0.119946731567,0.026797891163,0.037772322684
0.025762120698,0.222506382310,0.033511975449,0.222571810284,0.147008745144,0.113789569093,0.026028191355,0.150487035272,0.024822157124,0.033512013270
0.013959693751,0.153940669066,0.018173618169,0.149012776812,0.460478853411,0.067015390467,0.016224659752,0.088943622419,0.014077074087,0.018173642066
0.011961570358,0.187613414624,0.019714806723,0.184243809166,0.373100929172,0.083275501768,0.018693011626,0.090962979276,0.010719133541,0.019714843747
0.010677438356,0.187866723363,0.020809883360,0.184194443931,0.377883825091,0.047458812078,0.010640282524,0.130498968548,0.009159685104,0.020809937645
0.004076482546,0.214323173682,0.009445085734,0.210645871289,0.359540436374,0.080689070766,0.003271857857,0.105093802205,0.003469100150,0.009445119398
0.004934258884,0.159652177730,0.009602262055,0.155471128615,0.486462729552,0.087109529812,0.005622697278,0.077522149356,0.004020778192,0.009602288527
0.018633898042,0.207013626953,0.038774705018,0.205748009836,0.225844514808,0.075257619823,0.013960986126,0.161664633227,0.014327179813,0.038774826354
0.027144989274,0.178585991385,0.040883181753,0.175648149717,0.227606671700,0.089235666336,0.021877237089,0.173605674948,0.024529177714,0.040883260084
0.033573209878,0.191982302264,0.057957102245,0.191001218615,0.186675458604,0.068975070600,0.040498936561,0.139818739465,0.031560763377,0.057957198391
0.026244558803,0.210221333435,0.047089895859,0.208849434583,0.216253920580,0.096011523167,0.017388899740,0.109632988163,0.021217421323,0.047090024349
0.006685356120,0.214502045140,0.009758253308,0.208690579302,0.207795624140,0.213346913982,0.006319456110,0.117312196446,0.005831303999,0.009758271451
0.018139168230,0.203278903045,0.026359048128,0.205831545585,0.229351976909,0.101364778705,0.015405587080,0.156040860047,0.017869039172,0.026359093098
0.013603671252,0.179208332783,0.027982451767,0.175419531507,0.311593511839,0.068638828462,0.028721160876,0.155936518555,0.010913454359,0.027982538600
0.046651573423,0.174831064693,0.087810627693,0.175548016247,0.162261496766,0.088197147821,0.030128083775,0.107357137081,0.039404018531,0.087810833970
0.002306985170,0.192178689671,0.004977863465,0.187166871032,0.253754631637,0.171921239155,0.001632132212,0.178951641386,0.002132065123,0.004977881149
0.008132609987,0.210825689302,0.014712967178,0.211836709621,0.394629935741,0.045280284876,0.008032341104,0.084417458659,0.007419001356,0.014713002175
0.032375898436,0.196941374622,0.045390592486,0.196267230696,0.165075222230,0.113252289322,0.032417135945,0.143409246878,0.029480346579,0.045390662805
0.012924741601,0.151952803822,0.025042514668,0.149953960401,0.208840905328,0.302744216015,0.007801087194,0.106097463905,0.009599733902,0.025042573164
0.032020422710,0.189538565079,0.062295187905,0.192834680855,0.091149874331,0.132556136206,0.019327508228,0.192848732195,0.025133530579,0.062295361912
0.029547546814,0.226925614064,0.038312838552,0.224634600159,0.136790208019,0.104400803094,0.033103214639,0.143902930320,0.024069356111,0.038312888227
0.004754343370,0.074507441535,0.009979817876,0.073615241730,0.054518727434,0.690617357194,0.003042803082,0.074206260924,0.004778165160,0.009979841695
0.002982405302,0.029587346833,0.004210392957,0.029198717206,0.031876998645,0.012518836400,0.002333698333,0.880374885527,0.002706322406,0.004210396390
0.024259633657,0.218860791850,0.057063288118,0.216788411414,0.140315367016,0.090550413308,0.014812418399,0.157009866486,0.023276368577,0.057063441175
0.012621522471,0.230131400818,0.023638282974,0.226177525800,0.168965777136,0.098917760443,0.010444307918,0.194863603148,0.010601481211,0.023638338082
0.060811847058,0.123461648884,0.165458944098,0.124314269120,0.074731117727,0.115706382005,0.037744445066,0.078009022434,0.054302499681,0.165459823928
0.018591892261,0.088616633189,0.051023681532,0.088985934219,0.034918529272,0.557277406004,0.009728119708,0.084567901287,0.015266052629,0.051023849898
0.005808212170,0.190168136627,0.008001403188,0.182657922324,0.447647474934,0.050850228446,0.005292991911,0.096249809095,0.005322407019,0.008001414286
0.003899336203,0.067611941478,0.008046962839,0.066768076983,0.046509400214,0.709130872488,0.002797663200,0.082814711249,0.004374052094,0.008046983251
0.018465263025,0.257402673364,0.030686535049,0.253629228709,0.146415229606,0.106532728121,0.016996004650,0.122712903435,0.016472832640,0.030686601401
0.036118452243,0.222761519393,0.054396990166,0.221647167985,0.131811964905,0.104420946755,0.025388714591,0.117754057214,0.031303103833,0.054397082916
0.031920378017,0.229585312345,0.045774063518,0.228125472713,0.143696150010,0.102516626094,0.025749909804,0.118647939833,0.028210040170,0.045774107494
0.054369109438,0.155000390881,0.077796360551,0.153768323852,0.172802328835,0.107004387645,0.049056242172,0.107591306958,0.044815097864,0.077796451803
0.032400928872,0.237130179515,0.043440677858,0.234987447951,0.138187436874,0.103742958458,0.023178677621,0.115591948371,0.027899033277,0.043440711202
0.002273068056,0.146207214930,0.003622101140,0.140295970104,0.557209811172,0.043705001622,0.002073399323,0.099014702146,0.001976621991,0.003622109517
0.052279844656,0.166093632922,0.101970945873,0.166643389409,0.138751790586,0.097280489287,0.037045100258,0.093209849002,0.044753622871,0.101971335137
0.010950719673,0.219529871326,0.021580892537,0.217645881561,0.206947474151,0.173393248449,0.007767817481,0.111205900987,0.009397243589,0.021580950246
0.001859165609,0.024778776894,0.002821693807,0.024917346712,0.011367942731,0.896683806411,0.001443526585,0.031526004167,0.001780038783,0.002821698302
0.046239052239,0.167095634782,0.077288110142,0.167739130450,0.161353717881,0.112092942150,0.037972152865,0.111372395548,0.041558562317,0.077288301627
0.001079867903,0.019994719436,0.002265655264,0.019661784804,0.012813782467,0.018726505575,0.000517048204,0.921862156510,0.000812819670,0.002265660166
0.006957977081,0.132387859715,0.010256804586,0.128800876147,0.582578626806,0.048340258845,0.006022606623,0.068348688395,0.006049481710,0.010256820091
0.019292422868,0.136189033348,0.024651596364,0.134633961479,0.408174442254,0.090249768474,0.018169692830,0.123780089860,0.020207375893,0.024651616629
0.007659247929,0.144440749683,0.012322607302,0.141130939136,0.172796948985,0.385526825186,0.006349657145,0.110479143725,0.006971248050,0.012322632859
0.017038245720,0.155000050302,0.025973970410,0.150278081791,0.445449850158,0.063088768553,0.015738189887,0.085463675158,0.015995143881,0.025974024141
0.015397708592,0.122796452698,0.021993577535,0.121643491123,0.521883038646,0.068580993926,0.013313175169,0.078522434636,0.013875517313,0.021993610362
0.002840900236,0.094459989159,0.003884522171,0.090647759751,0.713362330693,0.035067601708,0.002710771537,0.050475124253,0.002666472327,0.003884528165
0.000756003969,0.012210587021,0.001105389958,0.011972558645,0.008835539960,0.951684129941,0.000624600956,0.011004279484,0.000701517849,0.001105392219
0.000705412766,0.017767444845,0.001457941456,0.017491225538,0.010205913645,0.922534520373,0.000459054142,0.027309808943,0.000610733081,0.001457945212
0.002952360820,0.085807464093,0.004450867810,0.082218512948,0.742331567695,0.030717018107,0.002683091198,0.041651457737,0.002736783853,0.004450875739
0.009724816321,0.083194123371,0.013779250492,0.081692960862,0.062408669128,0.626126656547,0.006797026146,0.094552581528,0.007944647331,0.013779268274
0.000974615643,0.053296919271,0.002054012751,0.051948074899,0.029657649354,0.813823835854,0.000838178775,0.044342257661,0.001010435617,0.002054020174
0.014992695743,0.142873776653,0.019963760540,0.140592802638,0.454349591702,0.060357400829,0.012535334761,0.119559786612,0.014811062242,0.019963788278
0.002146468281,0.036173441807,0.005212920793,0.037258342646,0.011964418080,0.878444513077,0.001335052599,0.020431128508,0.001820772870,0.005212941340
0.010904112939,0.284076688761,0.024601007604,0.293661976686,0.097855337304,0.048256458591,0.009342672682,0.197753569647,0.008947090242,0.024601085543
0.010856023308,0.179269020128,0.015024634793,0.174865414374,0.431047702949,0.043489573573,0.011572794603,0.107958969162,0.010891210816,0.015024656295
0.032726098788,0.203614374918,0.050642491773,0.203475528608,0.185329568145,0.100050719135,0.030536009073,0.113898640174,0.029083989005,0.050642580381
0.005155684662,0.038133875082,0.007356192162,0.037867779395,0.033468449853,0.827844077218,0.003936802329,0.033942917008,0.004938014275,0.007356208016
0.005976878321,0.137857693630,0.011093464286,0.134797184176,0.145249283420,0.461602004518,0.004057309821,0.082944235252,0.005328459809,0.011093486767
0.007363806985,0.224573058419,0.015886051018,0.220157944180,0.368932311724,0.040155296649,0.007286800501,0.093431982113,0.006326647338,0.015886101073
0.023158485805,0.217617892004,0.044159526605,0.215213762718,0.190835459421,0.082491054525,0.029967122079,0.130707380697,0.021689649420,0.044159666726
0.014715242433,0.242998689677,0.029992695131,0.240213335105,0.165513845629,0.096457252065,0.024680935226,0.142331551485,0.013103712351,0.029992740899
0.007704225080,0.138729894408,0.015162233306,0.136890563809,0.129197760885,0.470751895276,0.005974889522,0.074029305420,0.006396957535,0.015162274761
0.008088488180,0.121343074452,0.012910672886,0.120253801828,0.063096684276,0.514016274925,0.005814771632,0.132891063086,0.008674472051,0.012910696682
0.014061773917,0.214554895325,0.020391833315,0.212472430618,0.242357802223,0.148721611697,0.016719263169,0.097129981339,0.013198538579,0.020391869819
0.034188954552,0.183690839890,0.048950495570,0.182692656060,0.206197316592,0.111638090062,0.032440103693,0.119513030372,0.031737937734,0.048950575475
0.039379210292,0.181496544870,0.121753879339,0.183123885512,0.087710109733,0.098247443243,0.021382986137,0.111261695534,0.033889810656,0.121754434683
0.011932211729,0.205900932748,0.023597568654,0.202464450166,0.171199808303,0.044763659584,0.051638852117,0.253319002926,0.011585887494,0.023597626278
0.016902198353,0.183842293179,0.023150549544,0.181096545567,0.223999958885,0.079695050412,0.024106881412,0.225078304777,0.018977633835,0.023150584038
0.052267881426,0.162875061384,0.101773746570,0.162241451145,0.144397516213,0.073112130923,0.059203107542,0.103545527981,0.038809754125,0.101773822691
0.017117472016,0.165501251196,0.023312691246,0.164331200543,0.093631324735,0.306886535477,0.022717325837,0.166924421087,0.016265056516,0.023312721348
0.007050303282,0.164801553216,0.010529146914,0.159861820454,0.493347122442,0.045143517571,0.005897714306,0.096667656999,0.006172002738,0.010529162078
0.005385039820,0.147952787111,0.007402780697,0.145274340849,0.137095129465,0.437623146618,0.006497093041,0.100117049128,0.005249841152,0.007402792121
0.023926048649,0.180041368336,0.041137766805,0.174970131007,0.268322291492,0.084105447320,0.017073229241,0.147139298041,0.022146541993,0.041137877116
0.160550685600,0.049759762910,0.282355118078,0.050164775326,0.031700605954,0.034625753442,0.018074916408,0.036772424652,0.053642302974,0.282353654655
0.013025954373,0.149199742372,0.027093605083,0.148691560283,0.103048041057,0.370807316055,0.008511922614,0.140877869298,0.011650338633,0.027093650234
0.015563251415,0.168374343317,0.017292151892,0.166026304302,0.147432874368,0.298899828391,0.013508132144,0.142970851907,0.012640096586,0.017292165678
0.088669605921,0.162867503087,0.066071396896,0.161665797607,0.160373549334,0.091673456634,0.030038060053,0.128324911777,0.044244366537,0.066071352154
0.004737377857,0.039798975731,0.009247764295,0.039819994045,0.023996142585,0.828458023943,0.003269335785,0.036931298083,0.004493299213,0.009247788463
0.000858107464,0.016982776778,0.001837701147,0.017145790088,0.007505477390,0.020917999047,0.000668991780,0.931505645416,0.000739803357,0.001837707532
0.017569203184,0.165588568615,0.035600006938,0.164709191884,0.077589606207,0.270545385482,0.011169299244,0.207055708563,0.014572915212,0.035600114669
0.023651430747,0.203307916500,0.035611134648,0.200143454890,0.216759039717,0.071865080445,0.018962776049,0.173386996052,0.020700984263,0.035611186689
0.009194566621,0.184226800082,0.020071483201,0.183456369921,0.100621371042,0.120076645613,0.006116612606,0.348350945958,0.007813665855,0.020071539100
0.077855468916,0.160388422147,0.071256058728,0.158777937975,0.169699472302,0.088927064146,0.036834480684,0.109055178642,0.055949893088,0.071256023372
0.005135940274,0.169791210524,0.014277298876,0.174849962116,0.061016903652,0.435661924496,0.004024569072,0.115155743448,0.005809082674,0.014277364867
0.022132072012,0.174927657049,0.042138431582,0.178879305362,0.119076386670,0.244104767886,0.015628114520,0.143499083825,0.017475630294,0.042138550801
0.046426365830,0.166880708206,0.165367594117,0.171865411112,0.052814465202,0.074025538734,0.013741480367,0.117356070296,0.026154366259,0.165367999877
0.014578782185,0.169078260603,0.029793710597,0.168592133361,0.114282783188,0.149862322198,0.009150873742,0.301774030442,0.013093323196,0.029793780488
0.007674969143,0.207019597115,0.013323027163,0.205888412606,0.173493574319,0.251545547860,0.005937828591,0.113909189197,0.007884799063,0.013323054943
0.000573049913,0.013447389557,0.001071133417,0.013141844355,0.010152503699,0.014694312973,0.000428428592,0.944954462580,0.000465738847,0.001071136066
0.006306822739,0.198853782342,0.010532221806,0.191759138236,0.322150845982,0.082346635683,0.005575621692,0.165862542386,0.006080144727,0.010532244406
0.024294733403,0.148494326346,0.055359755425,0.147966622727,0.092827792796,0.309711972928,0.015136282499,0.131097237216,0.019751409776,0.055359866884
0.007908067464,0.098758055316,0.015379108071,0.097385444789,0.056040806520,0.571529643831,0.005601819441,0.123794489277,0.008223419124,0.015379146168
0.020587065725,0.204762858830,0.059133197714,0.204875295944,0.078127616049,0.077269070305,0.029306476585,0.251419760737,0.015385221469,0.059133436642
0.011065966539,0.127199029267,0.017159110653,0.124706996044,0.491433930046,0.054188949886,0.011305885664,0.134612862138,0.011168126136,0.017159143627
0.023693152705,0.146777921161,0.061532892227,0.149715752158,0.064799623338,0.048924111494,0.013834416971,0.411131495055,0.018057499043,0.061533135849
0.008671564050,0.210354026755,0.016768296742,0.205961609072,0.187074535646,0.047923839210,0.012345209564,0.285510958470,0.008621616661,0.016768343831
0.027221103360,0.162963761223,0.073940570744,0.161039259359,0.105320708149,0.223219050315,0.013707537390,0.137236218589,0.021410914231,0.073940876639
0.016820375763,0.144161662995,0.034007088813,0.143465894081,0.104934882769,0.351428972923,0.011969539565,0.141542187642,0.017662172347,0.034007223103
0.015457166256,0.188448585601,0.024572331809,0.185009602280,0.348188634916,0.062811178750,0.016882177597,0.119290519864,0.014767419880,0.024572383048
0.023035024815,0.191000323571,0.034247397037,0.189907306128,0.249037668447,0.074260215737,0.027334760939,0.156108631684,0.020821210559,0.034247461084
0.020842643544,0.137698991558,0.047592508857,0.136843309475,0.087585089169,0.350081638288,0.008937129248,0.146966633386,0.015859486447,0.047592570029
0.031029776974,0.179765195362,0.068585917917,0.182857334460,0.085220289846,0.167628910689,0.042646915444,0.150275831886,0.023403830120,0.068585997302
0.023555217190,0.189793780107,0.036784563107,0.189535350043,0.183591162036,0.080218391451,0.042087202209,0.197406433016,0.020243275958,0.036784624884
0.006335384745,0.148204536836,0.010512630952,0.145887277162,0.148479461012,0.426329299519,0.004184120784,0.094386063420,0.005168574391,0.010512651178
0.004444327528,0.153520175895,0.012016792176,0.153652916961,0.048745216184,0.477451064475,0.003019137977,0.131313725625,0.003819807671,0.012016835506
0.016525898747,0.145219368746,0.024698405282,0.142035171151,0.394633646625,0.055955105829,0.014225764890,0.165286721990,0.016721461944,0.024698454796
0.012259184029,0.176626704407,0.026228456642,0.175471065429,0.129018268435,0.278162047821,0.016272885964,0.146727394512,0.013005473484,0.026228519276
0.014281917845,0.163738897047,0.021215676787,0.161478091721,0.197889222411,0.232691297968,0.012477460479,0.162592636099,0.012419086574,0.021215713069
0.019893376217,0.232014838977,0.049014298104,0.230915560022,0.143023268770,0.057999937422,0.015043121174,0.187482572344,0.015598546618,0.049014480352
0.018265723131,0.163614375428,0.025053272206,0.162026634809,0.135243388037,0.224106658819,0.018576011636,0.208042743230,0.020017891506,0.025053301199
0.003324325085,0.205667627786,0.005518327592,0.209815098986,0.398694781470,0.032258137674,0.003121511814,0.132898610178,0.003183238894,0.005518340523
0.010544341002,0.218822461363,0.017547479231,0.214585503566,0.299889177844,0.063986194521,0.010073553910,0.136783823575,0.010219947696,0.017547517292
0.017434825746,0.165308480726,0.022547385397,0.160573075181,0.363337902573,0.054890453189,0.059625969912,0.116719867158,0.017014625803,0.022547414315
0.022833008453,0.194322019848,0.029416514015,0.200426068426,0.310375583879,0.058660055340,0.018853156546,0.116228345242,0.019468710965,0.029416537286
0.019449070619,0.162221487088,0.051128421228,0.160232031833,0.384759463694,0.045120025228,0.007328740916,0.105285548651,0.013346742391,0.051128468352
0.015793070278,0.191096226915,0.027289415661,0.190042806741,0.132205861759,0.086953650484,0.012218078826,0.304566305224,0.012545124255,0.027289459856
0.011547642051,0.200723167659,0.024241484258,0.198435415106,0.174811974286,0.107189561809,0.009734239937,0.239748669073,0.009326278581,0.024241567241
0.002735072874,0.131876051799,0.004042202391,0.127513088096,0.399925804560,0.023808590085,0.002561287287,0.300836060840,0.002659632711,0.004042209357
0.007596352838,0.236918369039,0.015749613198,0.234675373388,0.306841885288,0.055783610487,0.005645274398,0.114755511441,0.006284360423,0.015749649499
0.015111461447,0.099242118411,0.029055887031,0.099503730671,0.044870931682,0.559718799361,0.024800077615,0.084888900571,0.013752149851,0.029055943360
0.005826590937,0.232664422292,0.010938137527,0.227168739958,0.148723761242,0.149819871484,0.005483776427,0.203125763378,0.005310769726,0.010938167028
0.005175095861,0.196356161684,0.011006333199,0.192316447930,0.395701875362,0.077789054068,0.004289389891,0.101969542565,0.004389724886,0.011006374554
0.031085306642,0.135801429266,0.061407936781,0.135580142201,0.057108950725,0.361464614561,0.008988197752,0.129125489120,0.018029977838,0.061407955114
0.012222270885,0.154744366060,0.029708793316,0.151736821620,0.485513703950,0.034494062223,0.008473598064,0.082931857386,0.010465608744,0.029708917752
0.023070580919,0.211162207834,0.033611448347,0.216748171470,0.168076247081,0.090053161727,0.027457560767,0.171864654307,0.024344460489,0.033611507058
0.004681030400,0.053611801697,0.007790376077,0.052916902329,0.035301568162,0.781187541939,0.003825551529,0.048718633659,0.004176204450,0.007790389758
0.021544041274,0.218923043249,0.041984182287,0.217167850299,0.202292387362,0.061180621925,0.020986438010,0.153054923041,0.020882227606,0.041984284949
0.003523445908,0.152455021227,0.006666729803,0.148614105295,0.470374936327,0.022575816277,0.002583869907,0.183170912836,0.003368416444,0.006666745976
0.007191222817,0.121863320744,0.011737035356,0.123992385246,0.050794576377,0.239523426499,0.006370767446,0.419875914686,0.006914293428,0.011737057399
0.017713376693,0.102570986145,0.037424720362,0.103746932993,0.047613317158,0.492056411736,0.010690151301,0.132381910088,0.018377416696,0.037424776829
0.016299183924,0.210108230466,0.026706992568,0.216373695591,0.165355824284,0.076876748660,0.015334091982,0.232011553430,0.014226627971,0.026707051124
0.047608197291,0.169423376408,0.066810790772,0.168932123909,0.171030452050,0.100329248688,0.054892992105,0.108573868643,0.045588074059,0.066810876074
0.022202051334,0.200829205338,0.037746650136,0.197836282021,0.214281202008,0.078260826379,0.024193298566,0.166823635626,0.020080109070,0.037746739522
0.024225416160,0.226582908030,0.037748697804,0.228219557688,0.101514693341,0.151910906475,0.018900617575,0.151821197752,0.021327223926,0.037748781250
0.024530666964,0.199879185918,0.042656867706,0.199896151530,0.088081405014,0.070304409794,0.159436102477,0.151893057925,0.020665170874,0.042656981799
0.010657199698,0.226341964311,0.014555380070,0.230662692994,0.208661865405,0.087231466691,0.010052712263,0.186054395358,0.011226919600,0.014555403610
0.027057910526,0.215275136025,0.040228694482,0.216163081489,0.132569930323,0.093605682882,0.034418665228,0.175576863858,0.024875273723,0.040228761465
0.006076980694,0.191673468094,0.010491299177,0.187524772317,0.112876722610,0.335892432809,0.005733311777,0.133932259038,0.005307427240,0.010491326243
0.027057910526,0.215275136025,0.040228694482,0.216163081489,0.132569930323,0.093605682882,0.034418665228,0.175576863858,0.024875273723,0.040228761465
0.040569369895,0.181032750671,0.076595235387,0.188216208253,0.067684881866,0.131521801942,0.030874828616,0.175113475587,0.031795992661,0.076595455121
0.003180778382,0.060952182396,0.006526257919,0.061936153931,0.029853135870,0.769662280276,0.002845183465,0.055653291289,0.002864460567,0.006526275904
0.018087155170,0.245009470406,0.031858557399,0.243655768604,0.183973319779,0.090063504130,0.015660259227,0.123110215045,0.016723105513,0.031858644726
0.005162181930,0.199666241259,0.007495899017,0.195165337705,0.307853181617,0.121334611352,0.012453139483,0.138466953515,0.004906540983,0.007495913139
0.018437633682,0.215922267453,0.026144929887,0.212468755721,0.252412339885,0.097310344170,0.013151214085,0.123521538367,0.014486017303,0.026144959447
0.006259622723,0.148557955625,0.010304911652,0.145068131780,0.563429518326,0.033380500994,0.005759315000,0.071007300411,0.005927808408,0.010304935081
0.012699455360,0.133026213765,0.023372606447,0.131049255772,0.118580299159,0.392109071599,0.010734649051,0.143125813975,0.011929980317,0.023372654555
0.008297114803,0.144411417804,0.019692974161,0.146121928681,0.038432045025,0.139839924308,0.005780102561,0.469006262302,0.008725174148,0.019693056206
0.002297789817,0.018864756837,0.003391421268,0.018830219214,0.010043672829,0.915179182879,0.002140569215,0.023764542148,0.002096419123,0.003391426668
0.019630747290,0.154015025286,0.035091172888,0.153567650819,0.101400181701,0.060650878609,0.012877244062,0.409899103614,0.017776754122,0.035091241607
0.013861167136,0.191362024482,0.015448650635,0.188433839681,0.117866248918,0.300707840360,0.005095898577,0.144743544792,0.007032097793,0.015448687627
0.004340856698,0.237707082337,0.010522953963,0.232071315421,0.226323748591,0.083457233038,0.003221102441,0.188365386190,0.003467325534,0.010522995787
0.031692869738,0.185766274648,0.077161392315,0.186876610115,0.123607860422,0.138385104543,0.025225730856,0.130808512868,0.023314032711,0.077161611784
0.019749756900,0.209065740236,0.028334546454,0.214046614428,0.200864673023,0.124445830721,0.017241379300,0.140188545953,0.017728327066,0.028334585919
0.016436216482,0.225759003741,0.026504992765,0.225252638682,0.174349227159,0.137047743948,0.038469418783,0.115463513272,0.014212205745,0.026505039423
0.005895870581,0.040053856525,0.007679602258,0.039729804852,0.025584134499,0.827741889534,0.004733814671,0.034830026203,0.006071392599,0.007679608278
0.003666860846,0.046411658915,0.008394059914,0.045677209745,0.048993678417,0.013808333007,0.003308578129,0.818058302119,0.003287226348,0.008394092562
0.004141268120,0.094585082018,0.006251691394,0.093010994997,0.690382723863,0.049997399817,0.003924178586,0.047431679639,0.004023277797,0.006251703769
0.040064846650,0.188271456494,0.079756485379,0.188278853081,0.160561867881,0.101810332443,0.014538194550,0.122107460363,0.024854085272,0.079756417886
0.026161886600,0.186028866387,0.040427494067,0.182024393322,0.238151216843,0.074366242093,0.020597763186,0.168263955201,0.023550640178,0.040427542123
0.007366059274,0.159047003738,0.013246956030,0.155373469341,0.480746761278,0.043580870570,0.006557643485,0.113852733110,0.006981509812,0.013246993361
0.005900654105,0.118196284657,0.009640707998,0.115710854480,0.255599138197,0.031748593821,0.005423780525,0.442534762945,0.005604493417,0.009640729853
0.012762591545,0.211976898888,0.016741839555,0.214449634883,0.211909530023,0.097825033981,0.013093553414,0.190810399635,0.013688656188,0.016741861888
0.010451311735,0.156005360857,0.019235048505,0.157764425592,0.089327073865,0.278081862238,0.007309534448,0.252807939246,0.009782351708,0.019235091806
0.009618390984,0.198405668899,0.013424079438,0.193882734248,0.302421577168,0.111279718308,0.008014293044,0.141207589774,0.008321843510,0.013424104628
0.028801246075,0.195816166077,0.079103722113,0.194667595675,0.106129839683,0.063795995580,0.044093684280,0.186220627775,0.022267152597,0.079103970146
0.002757660345,0.201813077608,0.006590315522,0.197462712499,0.135292398016,0.104653092084,0.002454438979,0.340037808087,0.002348157393,0.006590339468
0.007655752362,0.197905201815,0.016104129487,0.192329510893,0.341597826632,0.112454869952,0.004990561179,0.103659653545,0.007198307271,0.016104186862
0.015033530400,0.206463302235,0.019743228161,0.200920625055,0.251614586273,0.073034441306,0.015054053154,0.184239121531,0.014153854473,0.019743257414
0.006628553520,0.145788674439,0.014060896917,0.143659770042,0.068801031031,0.106790372095,0.004768856849,0.488863234104,0.006577672350,0.014060938654
0.039276158027,0.129044351220,0.135441384091,0.129652399882,0.048646955761,0.246656155395,0.009882207543,0.095675596562,0.030283078081,0.135441713438
0.028043608939,0.190680591113,0.087958559179,0.188314505300,0.116012402910,0.105327019959,0.057474886247,0.115073756911,0.023155791657,0.087958877784
0.010461467784,0.098291067260,0.019927208338,0.098424274521,0.052461299322,0.604548035463,0.006897455746,0.079315908500,0.009746027667,0.019927255397
0.029254710896,0.189784186373,0.053462995064,0.188340158752,0.108009954519,0.103127613618,0.020534807890,0.228321550388,0.025700865951,0.053463156550
0.006911939344,0.022207146623,0.013569435051,0.022258851474,0.009202037391,0.886829231107,0.002349257447,0.017650852039,0.005451786385,0.013569463138
0.043315077808,0.172294777857,0.076465251576,0.174030807299,0.163349316517,0.143055143201,0.023142068413,0.099231622519,0.028650499702,0.076465435109
0.019638581833,0.189729440530,0.047640814254,0.196923414798,0.058553104077,0.087257831994,0.010381609354,0.327467375471,0.014766790076,0.047641037613
0.014646612434,0.264592394899,0.024399937666,0.272485420079,0.132980651030,0.116042152135,0.017834088317,0.116494528423,0.016124210244,0.024400004772
0.022056185369,0.233386032079,0.045859846006,0.240500228024,0.080889194578,0.093381850334,0.091623355640,0.115126204096,0.031317139658,0.045859964216
0.008599228852,0.246693845828,0.018608532693,0.252553150722,0.225676316039,0.046042940321,0.007232203376,0.167454556982,0.008530615651,0.018608609536
0.009382011336,0.215497140549,0.015161015801,0.221196016141,0.311597074036,0.051185940157,0.009695740032,0.142852732125,0.008271282072,0.015161047751
0.014098114267,0.247516501914,0.029342680176,0.251193409236,0.187873018366,0.066028317341,0.012788758318,0.148382975335,0.013433448376,0.029342776671
0.019652822033,0.211698901266,0.028709143700,0.212775387204,0.237611590845,0.054457950158,0.036785664820,0.142888346111,0.026711004691,0.028709189172
0.017848542367,0.249594441307,0.054550694827,0.260729349920,0.082948799149,0.118495058880,0.008841003523,0.138476833122,0.013964319408,0.054550957497
0.030784032979,0.209813469687,0.089821979199,0.217926287905,0.078697889460,0.071669759569,0.066566056159,0.115530487020,0.029367737745,0.089822300277
0.044331304330,0.169988583952,0.155316682763,0.175747694749,0.068296570542,0.068603859124,0.030074537899,0.096159427430,0.036163895434,0.155317443778
0.027135253493,0.205011127837,0.076404944199,0.210104876170,0.109060667594,0.048021601034,0.009498053721,0.219139349855,0.019219189318,0.076404936778
0.011901872509,0.218201238137,0.031807205389,0.225473646677,0.075915008121,0.254828267606,0.008103007824,0.133106311381,0.008856071910,0.031807370445
0.023858978504,0.263545725202,0.038171712880,0.276684006663,0.095309764090,0.064855796862,0.032432057730,0.145564617818,0.021405550979,0.038171789273
0.006530759901,0.220795235741,0.012868149128,0.230995716710,0.080351274543,0.329860466020,0.004661766018,0.095590723771,0.005477725087,0.012868183082
0.010870484654,0.227399550739,0.018975475108,0.223945632447,0.230421187655,0.098612926526,0.010542576051,0.150024264142,0.010232379453,0.018975523225
0.006707914167,0.170551901662,0.010837127359,0.165774901512,0.427058565797,0.041435567337,0.007208569595,0.153859818420,0.005728483169,0.010837150981
0.024422031540,0.222257041325,0.040721188644,0.221339725154,0.221830415734,0.053940785480,0.033012615659,0.120090108566,0.021664809327,0.040721278570
0.004706171610,0.184185647217,0.007863265174,0.178693213257,0.181868693925,0.311930697287,0.004340503183,0.114237904060,0.004310620465,0.007863283822
0.006725819006,0.126897667425,0.009440043818,0.124300301703,0.590951998616,0.038069829020,0.006512070912,0.081140504774,0.006521705869,0.009440058857
0.007395306562,0.189103535970,0.014310700624,0.188799125056,0.171979850109,0.228034667225,0.007761012580,0.171044494593,0.007260567240,0.014310740041
0.015121622638,0.142299661333,0.030863680834,0.141565716683,0.130429095127,0.274900146350,0.011808896800,0.207870341444,0.014277070871,0.030863767922
0.004877293237,0.196071621725,0.012267344563,0.192216975930,0.100330207690,0.074665666058,0.005091186550,0.397719816667,0.004492484618,0.012267402963
0.005764451539,0.210535994247,0.008619539963,0.203764434314,0.338900834018,0.052402196712,0.005554331949,0.160491469016,0.005347191218,0.008619557024
0.009681350257,0.197963295740,0.018908257018,0.195342197862,0.147678642655,0.205430508058,0.010796985011,0.187260145943,0.008030318004,0.018908299452
0.009497176099,0.109165458986,0.011074715801,0.108102982710,0.088685633694,0.528957563959,0.009429720313,0.114805094482,0.009206929255,0.011074724702
0.012384177432,0.204691399369,0.024967875395,0.200494566980,0.275768385234,0.045504333709,0.013220336608,0.186849675629,0.011151298573,0.024967951070
0.031999783271,0.187648590451,0.079155007037,0.193933902296,0.069353394475,0.098068685265,0.030400654089,0.202222145151,0.028062576487,0.079155261478
0.039026008623,0.156725394225,0.060296595204,0.155576528680,0.207613237683,0.073694607650,0.042488833247,0.167478067608,0.036804062319,0.060296664760
0.003553843423,0.087507075246,0.006445653754,0.087692164971,0.090967675323,0.654974218998,0.002250902784,0.056896546482,0.003266245570,0.006445673449
0.020506051261,0.154953190743,0.040628965424,0.158420856281,0.067889179397,0.089054920378,0.017775077549,0.390482131216,0.019660557783,0.040629069967
0.076985104092,0.130237489367,0.131918293662,0.130824651050,0.090431011052,0.073922640590,0.031871590071,0.083720363922,0.118170254526,0.131918601669
0.026502634388,0.209820658286,0.044470685286,0.208528822261,0.139175522729,0.103826273244,0.022212232284,0.180720556735,0.020271841849,0.044470772939
0.050566509154,0.113033299780,0.052141581351,0.112496919104,0.088682374940,0.388454916229,0.014749742280,0.095306347510,0.032426629270,0.052141680381
0.010902098956,0.115902816787,0.020067038973,0.116756281907,0.049375974462,0.548394271895,0.006833792924,0.102403545479,0.009297124842,0.020067053775
0.012851129674,0.216120501840,0.028567859137,0.211574424592,0.250684656073,0.052260125224,0.010336747595,0.177885085937,0.011151498828,0.028567971099
0.020391578815,0.189828050580,0.043819829195,0.187059027532,0.300718819773,0.052603128973,0.016340661095,0.127715817495,0.017703103818,0.043819982725
0.002534886527,0.019418947348,0.005625304764,0.019361270369,0.010079803874,0.914399374853,0.001583904053,0.019295362268,0.002075826223,0.005625319723
0.006055502071,0.171268586935,0.011450447465,0.176405937158,0.068332744447,0.469917059420,0.003638030953,0.076495878472,0.004985348232,0.011450464846
0.074688658100,0.191764218947,0.070477067822,0.195839377081,0.109025072417,0.061803638140,0.064745415305,0.122705200538,0.038474248974,0.070477102676
0.016851119145,0.243133548296,0.030197707350,0.251571499993,0.067046833876,0.133801960060,0.008672585567,0.208334338783,0.010192643470,0.030197763460
0.007592509254,0.323680573019,0.020855999217,0.345381556214,0.108072829402,0.033698868233,0.011012492297,0.121873677811,0.006975394953,0.020856099599
0.013867714889,0.247962952510,0.022353136204,0.245379307495,0.199844428249,0.070357741301,0.014984282628,0.151565022516,0.011332235758,0.022353178450
0.032590840997,0.169049646128,0.046290259395,0.168845047555,0.263706677424,0.067046871184,0.055223329133,0.118820812235,0.032136204411,0.046290311538
0.004894986807,0.134766681117,0.008731201135,0.132431414821,0.090107200332,0.491548289228,0.005081948462,0.119233639957,0.004473417700,0.008731220440
0.015989692195,0.252007407125,0.026104508994,0.254034810585,0.106965290759,0.057690801995,0.052654762310,0.197413775245,0.011034386484,0.026104564308
0.014980210255,0.202035087955,0.022655608088,0.206008098368,0.126305937187,0.042465387610,0.194573101300,0.152916929838,0.015403993028,0.022655646372
0.003217361815,0.100037949634,0.005778335011,0.096063426064,0.722941620889,0.015813518890,0.003523738162,0.043949977521,0.002895722628,0.005778349386
0.009710372707,0.222402971798,0.024258459578,0.218698986792,0.242503013518,0.049173990208,0.007838148606,0.192558743124,0.008596742957,0.024258570712
0.021538639055,0.245572653222,0.046679244033,0.246737383123,0.096114419038,0.069992501519,0.099329791994,0.107305116976,0.020050891976,0.046679359064
0.016247479598,0.227304592709,0.023180762202,0.224059739785,0.268195983661,0.063231572909,0.021077734081,0.117898761724,0.015622572384,0.023180800947
0.019589236040,0.245251186003,0.035850720927,0.246635183718,0.110060500916,0.066281113717,0.018383995653,0.205115872704,0.016981382412,0.035850807912
0.005038368778,0.179057706596,0.011845152612,0.173857492952,0.143068686976,0.148804034928,0.004694919783,0.316440987573,0.005347455764,0.011845194038
0.015007313264,0.154465253647,0.046703099481,0.155743263809,0.057518271817,0.387552279294,0.007975489276,0.115208237707,0.013123499895,0.046703291809
0.008819288046,0.210417030482,0.017080983750,0.213404100387,0.063299388451,0.154272761159,0.008029196310,0.300951679469,0.006644543645,0.017081028300
0.009095222970,0.176177435639,0.015811023938,0.171932107173,0.162782278328,0.240751481040,0.007110176420,0.191718013732,0.008811206657,0.015811054104
0.003787321660,0.170843129566,0.007564956113,0.165300252165,0.264661846239,0.231941870253,0.003858476319,0.141088899815,0.003388267732,0.007564980138
0.014343811707,0.186959254152,0.022505079710,0.184278398653,0.307214590258,0.062918329549,0.018574394638,0.166874695820,0.013826321371,0.022505124142
0.014343811707,0.186959254152,0.022505079710,0.184278398653,0.307214590258,0.062918329549,0.018574394638,0.166874695820,0.013826321371,0.022505124142
0.034858130713,0.202278954667,0.057282622024,0.202281097693,0.157145583719,0.085329015544,0.063079916584,0.110564552680,0.029897391739,0.057282734637
0.020535151126,0.193487307120,0.039389814034,0.190617390779,0.196041828961,0.057210961365,0.082547116853,0.160027015043,0.020753498255,0.039389916465
0.005688979952,0.201659302022,0.008541458128,0.196327621484,0.216301967866,0.067880815782,0.005726305025,0.284100765356,0.005231309549,0.008541474835
0.019536206132,0.172500716497,0.022466058479,0.164334983237,0.337623691536,0.063968051896,0.020481702184,0.157402449490,0.019220062193,0.022466078355
0.012621660712,0.225893659721,0.028930250133,0.225741774349,0.091436549099,0.114703386911,0.033675179971,0.224268013601,0.013799187510,0.028930337993
0.018679996631,0.201769015071,0.025710268472,0.199739583019,0.338421140270,0.058879959020,0.025624090963,0.088353710008,0.017111932326,0.025710304222
0.004993310205,0.160454126671,0.007842396209,0.157444361086,0.562647908625,0.023494736797,0.007735435404,0.062702569376,0.004842742479,0.007842413147
0.005318672363,0.156480913127,0.007752470188,0.151943952275,0.507112019346,0.028607835782,0.029129141120,0.100813175097,0.005089338030,0.007752482672
0.022648755719,0.196407054378,0.049018439239,0.194029923363,0.179356661194,0.138402144732,0.036154818374,0.111079617455,0.023883992100,0.049018593447
0.009983962751,0.195984094145,0.014777576356,0.192945685380,0.411701291236,0.047576501329,0.014819987148,0.088119787742,0.009313513294,0.014777600619
0.004822836648,0.247861040512,0.007116717356,0.241789474684,0.247884372307,0.048454514713,0.006002808056,0.184367079031,0.004584425803,0.007116730890
0.013772189951,0.237545914383,0.031232284033,0.243962801725,0.171370649370,0.042941905994,0.018198128201,0.195438808543,0.014304925927,0.031232391873
0.008184187222,0.201390175958,0.016027908935,0.196013899148,0.232320502406,0.046518666202,0.006860539230,0.268762156468,0.007894013149,0.016027951281
0.012747413061,0.261027500499,0.035476004089,0.261649099668,0.125436015249,0.050638993210,0.041299787349,0.163706041841,0.012542993876,0.035476151160
0.020100890927,0.241842489210,0.043210874051,0.248685998291,0.137831831381,0.092881681704,0.020313821347,0.134615265464,0.017306143532,0.043211004093
0.022433351855,0.193681282419,0.023129188543,0.190035090449,0.255391655326,0.076832638381,0.058925761755,0.139344802291,0.017097023433,0.023129205548
0.010112442287,0.213255872855,0.015276154480,0.207436132460,0.257919158107,0.093408507090,0.011399526302,0.166366514622,0.009549512414,0.015276179383
0.005264117831,0.153421289175,0.010598044463,0.158562648170,0.039504461673,0.136749606400,0.003907411418,0.476644308244,0.004750039519,0.010598073106
0.016921260435,0.210310431866,0.033364975309,0.206752226132,0.174835231570,0.127501672417,0.019985921007,0.159112604230,0.017850619524,0.033365057511
0.003970461981,0.167016145167,0.005775832269,0.162071536315,0.492438229519,0.034568819881,0.004290508294,0.119861226917,0.004231397549,0.005775842108
0.091913768762,0.030388559084,0.273071672432,0.030616254290,0.020603601648,0.022957799864,0.102738965047,0.028492165253,0.126144185429,0.273073028190
0.028747240203,0.180889774765,0.066005577950,0.185047817509,0.222919719560,0.089380396865,0.020954536807,0.115659785045,0.024389374406,0.066005776888
0.034192460330,0.186603582246,0.056785490986,0.188293627644,0.179941681836,0.094086717193,0.028881081505,0.141784062533,0.032645632417,0.056785663310
0.015328842069,0.176337092949,0.027810120306,0.177940629350,0.098622765724,0.286695565731,0.015591780086,0.159993714464,0.013869302895,0.027810186425
0.070375610183,0.158333770422,0.069014490892,0.156319558468,0.188415479107,0.139252006192,0.016845288005,0.097562334278,0.034866976432,0.069014486021
0.004412846637,0.081841281258,0.011651668429,0.080405332245,0.056582312012,0.640634472353,0.002710898185,0.106117798345,0.003991687740,0.011651702796
0.008107988471,0.156333707654,0.011182060028,0.152834042608,0.198955640294,0.046723644579,0.008135635428,0.398796730339,0.007748467668,0.011182082931
0.007007745809,0.190515057105,0.022067012181,0.185381041691,0.387590167291,0.039956377002,0.005202612721,0.134106780953,0.006106081305,0.022067123942
0.011455266527,0.188024995761,0.028961585933,0.185490566422,0.124959898015,0.054099174868,0.008188359654,0.360399975700,0.009458477402,0.028961699717
0.013905343033,0.184117192772,0.034650951900,0.182440509208,0.120547592010,0.088670210759,0.022479760299,0.307204288104,0.011333102541,0.034651049373
0.090014787757,0.120667025282,0.167122014419,0.121381155431,0.068194078908,0.072626212988,0.030108844752,0.098174527472,0.064589246359,0.167122106633
0.010719204833,0.126673911740,0.013707099222,0.124335377872,0.540617265810,0.054712638958,0.010075795497,0.095308395730,0.010143196508,0.013707113829
0.002657982502,0.046127177402,0.004127247109,0.045434150077,0.049398159003,0.800975386422,0.001978725204,0.042847177208,0.002326740750,0.004127254324
0.011522030179,0.147301343979,0.016648892465,0.146069937301,0.123511957831,0.250730755296,0.014427103690,0.262130325061,0.011008738162,0.016648916036
0.002434110916,0.042711090888,0.003695639105,0.042598968950,0.037587445830,0.824773822068,0.001867555222,0.038398947127,0.002236775871,0.003695644023
0.006344521069,0.227907282008,0.019090283449,0.226320557433,0.138830611325,0.183892366808,0.015916153846,0.156641628518,0.005966213574,0.019090381970
0.011569070440,0.152847934063,0.016634043184,0.148270367623,0.436069157005,0.047076182195,0.014859619513,0.144279129529,0.011760422868,0.016634073580
0.031341615841,0.175466434058,0.077408150011,0.175022108709,0.106043267643,0.111725545683,0.011197176232,0.211157365951,0.023230135169,0.077408200704
0.004312712703,0.073949275580,0.007448350803,0.072919736750,0.054844566307,0.707529950903,0.003341181559,0.064431925284,0.003773934282,0.007448365829
0.014176630107,0.230027618066,0.040481450992,0.234512660594,0.112469490300,0.095910135932,0.011470559863,0.208782847386,0.011686995818,0.040481610942
0.007077186851,0.141499770852,0.017532806792,0.142407314058,0.070883268377,0.505774393769,0.004145896925,0.087312132262,0.005834364409,0.017532865704
0.012017327491,0.117989867415,0.020085663204,0.116458041073,0.070654102483,0.523712022396,0.006978212432,0.099305286325,0.012713790292,0.020085686888
0.007299228574,0.256800431305,0.015570453593,0.255269632601,0.105965332197,0.143408257099,0.012131766177,0.180299001138,0.007685397546,0.015570499771
0.059108286464,0.214810217518,0.075246893371,0.219681047272,0.109058710416,0.095238204365,0.018767370996,0.104490935790,0.028351300268,0.075247033541
0.023194112003,0.204792261211,0.029362036335,0.201733310315,0.171643280648,0.096400445715,0.027368062481,0.193600958472,0.022543470068,0.029362062753
0.017321710543,0.234908601785,0.025508797038,0.230976952226,0.185326428785,0.081607480994,0.017556087021,0.164789246306,0.016495846761,0.025508848542
0.006355633874,0.148316740109,0.010155188966,0.143425298970,0.567291030250,0.035143898969,0.004815389110,0.069544320016,0.004797288763,0.010155210972
0.005356012474,0.242480156961,0.011747210057,0.238182786417,0.116741368166,0.148290565338,0.003777509286,0.216534205828,0.005142935411,0.011747250061
0.013851995348,0.202581460689,0.017516730036,0.197207386596,0.281202011100,0.073826647779,0.016373409077,0.166438426875,0.013485185243,0.017516747258
0.003634176729,0.255515356084,0.008206115424,0.250778304005,0.130335327710,0.184770588464,0.002704135945,0.152692691155,0.003157164352,0.008206140132
0.025117136501,0.177543377561,0.050674689505,0.175384810102,0.173742357478,0.136097257762,0.027579020026,0.156759277740,0.026427179714,0.050674893611
0.016916660758,0.183167891960,0.023246775031,0.179731286864,0.261431291401,0.070264078757,0.016219088882,0.209585384378,0.016190736448,0.023246805521
0.007861682759,0.130323620262,0.009484179633,0.125397632123,0.525577275640,0.048213736361,0.006339347967,0.128490751216,0.008827584224,0.009484189816
0.002347413951,0.105841964291,0.004184619813,0.102548797238,0.707097848687,0.019195126165,0.001967384952,0.050551637747,0.002080579023,0.004184628134
0.004376582880,0.108685430999,0.005564501629,0.104366676850,0.640723563443,0.030852637013,0.004583492363,0.090847115910,0.004435490964,0.005564507949
0.021630507204,0.221396209689,0.038699209556,0.224577270416,0.203699304403,0.065110445344,0.020944838424,0.145937991129,0.019304942185,0.038699281651
0.024907882346,0.201453971179,0.048629853824,0.198977870453,0.232185752068,0.077100762485,0.025336385243,0.121056508415,0.021720969163,0.048630044825
0.084661210588,0.107777320504,0.120101092625,0.108284676600,0.086463773082,0.091181562994,0.088166229307,0.098209722520,0.095053063603,0.120101348177
0.019122901462,0.206045607482,0.031483816686,0.206701219229,0.261576198096,0.065401413833,0.015585782075,0.147310327549,0.015288853246,0.031483880343
0.008676992848,0.248700456227,0.011487818147,0.241135286189,0.272610606425,0.065280832233,0.008268876525,0.124230036613,0.008121260170,0.011487834624
0.021270093590,0.239338948968,0.044967649204,0.253712557269,0.080658963613,0.059077739241,0.014387804787,0.226566911771,0.015051541713,0.044967789844
0.004982721272,0.208733234617,0.009016574910,0.205480532755,0.091916503549,0.200687150814,0.004434003056,0.260862263189,0.004870418202,0.009016597636
0.056118319626,0.109510822924,0.125354457084,0.110418813192,0.069581918832,0.065136647121,0.183517431924,0.089133233283,0.065873732781,0.125354623234
0.003963085551,0.137943527049,0.007773541780,0.133963321051,0.620303385485,0.020118950019,0.002973005744,0.061695466202,0.003492149428,0.007773567691
0.012170662409,0.216810642248,0.022387012372,0.213578755541,0.267687633076,0.054921703685,0.008911578507,0.169869589501,0.011275362718,0.022387059943
0.019485251329,0.163005372614,0.041577708806,0.162194475654,0.114627401174,0.294184634865,0.009715255549,0.140604493730,0.013027641401,0.041577764877
0.013712553036,0.142847900448,0.023776392067,0.142019420211,0.092397568862,0.439696631899,0.015770943599,0.093399171480,0.012602987232,0.023776431166
0.008788036281,0.171518866276,0.012443800105,0.167478685422,0.363955201241,0.093337837171,0.008362229407,0.153198831326,0.008472690821,0.012443821951
0.003698468057,0.035622120533,0.006779132672,0.035247338195,0.020844797753,0.854371394269,0.002360107537,0.030154189455,0.004143302721,0.006779148808
0.008953991941,0.205796743816,0.018701992502,0.208383447110,0.373677719905,0.039571626620,0.007657595509,0.110446393560,0.008108441598,0.018702047440
0.002982265740,0.046670358421,0.005260714807,0.045820240537,0.046705487082,0.015485944317,0.002085709675,0.826728832699,0.002999720366,0.005260726356
0.016896192040,0.197513167388,0.029032443125,0.199670290867,0.171260000773,0.094628221685,0.012620857417,0.233494281855,0.015852027070,0.029032517780
0.025767228118,0.199507860045,0.043006230019,0.196433874266,0.300488513311,0.064283525367,0.012145158548,0.097420900441,0.017940443088,0.043006266797
0.030944643980,0.226686392321,0.058535336809,0.233061409501,0.071517202357,0.090887841493,0.098421874266,0.105676139767,0.025733724169,0.058535435337
0.040666341551,0.171850196460,0.054517830752,0.171152143571,0.163456895550,0.107479457377,0.034290119550,0.162519568467,0.039549563904,0.054517882817
0.008265856515,0.085991347153,0.012654772316,0.085976794786,0.042611247077,0.633549516672,0.007637356706,0.100404846557,0.010253469857,0.012654792360
0.015875443870,0.200130610598,0.022903797284,0.199708124228,0.322927760402,0.079692528879,0.015835923940,0.103798230244,0.016223751082,0.022903829473
0.033642154808,0.190322333218,0.062489827696,0.188398472106,0.174173422028,0.084667562543,0.023864627351,0.152733387902,0.027218248973,0.062489963375
0.015446772930,0.224552190408,0.021414667252,0.229772054109,0.245816103689,0.065167756818,0.012200896428,0.151791382008,0.012423476494,0.021414699864
0.021022003816,0.217723742110,0.040555056214,0.218305418531,0.137555008039,0.055950517864,0.109393537866,0.136113967219,0.022825560762,0.040555187579
0.021513238124,0.214173592017,0.035570165649,0.214824284570,0.155287258047,0.049682004442,0.113486601265,0.135296597795,0.024596026787,0.035570231303
0.015757631002,0.225493577126,0.024157703511,0.231191331491,0.127434011109,0.079350346281,0.015874733605,0.242207777171,0.014375123678,0.024157765027
0.522716059315,0.021466002712,0.125006336428,0.021602088196,0.014208715245,0.021327530456,0.010846133080,0.016171472837,0.121649869524,0.125005792207
0.013153904742,0.206306994019,0.020319739834,0.203184182219,0.342384531754,0.054836482229,0.011603651924,0.116169059139,0.011721675332,0.020319778809
0.009767992199,0.166335208014,0.015521592952,0.168985028047,0.084780592025,0.394642286584,0.007642454135,0.127803825888,0.008999400874,0.015521619282
0.006437832946,0.225661076729,0.014741149859,0.219889221351,0.349571820539,0.042510343421,0.005131221555,0.115687123134,0.005629004947,0.014741205519
0.013339299226,0.200152510355,0.023091431657,0.196119243910,0.335024172549,0.064296346834,0.010658062889,0.121659343950,0.012568111462,0.023091477169
0.011561268610,0.250660267941,0.024658600429,0.246527598864,0.192856197634,0.059442513242,0.007942636184,0.172604880360,0.009087374876,0.024658661861
0.006887768354,0.189988543558,0.010953451070,0.182985945428,0.438510786901,0.041366757775,0.006860756010,0.104545445502,0.006947067992,0.010953477409
0.006073790409,0.208167679774,0.010269550591,0.205318311258,0.119743586794,0.278076352056,0.005761901642,0.151000470386,0.005318779699,0.010269577391
0.038016583567,0.178924611184,0.072530535490,0.176112333851,0.203990884336,0.064359096953,0.021934647652,0.135774768575,0.035825908325,0.072530630068
0.017063546588,0.237509571908,0.034694774457,0.236379153296,0.151322011056,0.087871196134,0.013746898430,0.172800340306,0.013917624647,0.034694883178
0.012864612669,0.214209848385,0.024804021440,0.207101929549,0.318669915184,0.050591506075,0.015515439322,0.119970902821,0.011467728878,0.024804095678
0.015106195633,0.113747160328,0.044334889390,0.113480173845,0.070625078273,0.488141455323,0.010398777841,0.086502322413,0.013328862661,0.044335084294
0.004992314847,0.190329022759,0.009472676226,0.187929040077,0.120190875596,0.262810699033,0.004295736576,0.206315076445,0.004191859939,0.009472698502
0.028753598859,0.199121404919,0.042627974371,0.199143470168,0.108979394812,0.128540182588,0.055474908704,0.173502903914,0.021228102678,0.042628058987
0.003908888416,0.223533075878,0.008789222439,0.219403486988,0.083031008826,0.095952168425,0.002687045264,0.350653590447,0.003252268282,0.008789245037
0.100010126912,0.135254813347,0.116867493932,0.136249417832,0.097463994968,0.078297637631,0.035474291732,0.135757976238,0.047756753451,0.116867493957
0.044530443980,0.140153060997,0.072136735888,0.140382126660,0.126438576324,0.073692011762,0.199905972725,0.089445620350,0.041178573383,0.072136877932
0.022339525440,0.171915019189,0.054610939027,0.171806450959,0.107557802164,0.280645904857,0.016504223780,0.102168383008,0.017840551771,0.054611199803
0.013867945880,0.258488797177,0.029062769087,0.262743795520,0.126669429886,0.083293518289,0.010765256235,0.171183381600,0.014862243974,0.029062862352
0.012962889020,0.211088073693,0.021338310353,0.204794913571,0.275217187402,0.051399360622,0.011621520026,0.179074297712,0.011165091839,0.021338355763
0.036128750784,0.209407411631,0.035796562322,0.211972589857,0.143077447373,0.111567535180,0.065946613287,0.123844749961,0.026461740272,0.035796599332
0.059701069467,0.197756013335,0.074000500051,0.206004335809,0.094127187771,0.091807683804,0.032652972236,0.135319817852,0.034629925395,0.074000494280
0.040836362191,0.201458845145,0.093740991061,0.203779091088,0.091524555562,0.118971209306,0.025141988404,0.097358471627,0.033447245340,0.093741240276
0.011779260169,0.083124401927,0.014378028333,0.082583094542,0.051147288976,0.652167610346,0.008775289116,0.072875371807,0.008791621812,0.014378032972
0.023755568516,0.196003116897,0.036001187461,0.195818844609,0.158078875354,0.114478570501,0.061194790017,0.140120220705,0.038547570011,0.036001255930
0.057152678572,0.161468889585,0.078970872989,0.161780062968,0.108098278332,0.118955940761,0.051081060256,0.130741712621,0.052779539511,0.078970964404
0.023663986983,0.160623236910,0.035951371375,0.160736794532,0.122519129832,0.324823898132,0.021014021760,0.093414709973,0.021301405150,0.035951445353
0.032970169658,0.200448481590,0.058486821338,0.199521559205,0.147193240641,0.120771745134,0.027722353910,0.123811539063,0.030587085606,0.058487003856
0.025283945654,0.074261358101,0.035590900401,0.074411478391,0.045376908581,0.613225634053,0.020601038427,0.051544365003,0.024113441517,0.035590929873
0.015903295456,0.131024595570,0.023067488263,0.130843199004,0.081081522101,0.470052724249,0.012702914955,0.097941423045,0.014315315297,0.023067522060
0.018504935925,0.099377886875,0.020712502807,0.098527244753,0.045381256843,0.594806668193,0.007274175576,0.084432441755,0.010270366054,0.020712521219
0.004911375377,0.069500108327,0.006662715410,0.068868395576,0.044876395039,0.740275937648,0.006292270765,0.047049872792,0.004900203917,0.006662725149
0.030394743744,0.080907834731,0.042705386720,0.081273763114,0.048293340175,0.559631467232,0.026006593675,0.058968414555,0.029113017418,0.042705438635
0.014726884395,0.116589440674,0.018199667644,0.116941240850,0.054633234915,0.530109937597,0.013512146797,0.103578386359,0.013509373484,0.018199687286
0.004662831689,0.073474051005,0.006195232292,0.072985847787,0.038369039032,0.747796650981,0.004532464157,0.040856712886,0.004931929497,0.006195240674
0.005109507483,0.140716483605,0.007428558443,0.140020474595,0.302266765075,0.052803130056,0.004977054413,0.334454499882,0.004794954880,0.007428571568
0.003634934073,0.048383951445,0.006271386085,0.047677291353,0.027569138464,0.793443387728,0.002974163391,0.059381992833,0.004392354669,0.006271399958
0.016217884285,0.260238685915,0.025394015749,0.258825474859,0.145237647452,0.122405730563,0.014802025977,0.117783257246,0.013701203718,0.025394074235
0.001152157933,0.026796716218,0.002177594380,0.026299216150,0.017753843929,0.022759724328,0.000668777402,0.899336946224,0.000877424673,0.002177598762
0.003734775764,0.091974331228,0.006922260298,0.089378779141,0.083536105662,0.524297350381,0.002748061602,0.185858087407,0.004627981070,0.006922267445
0.002886078064,0.102900098193,0.005988102599,0.100439272106,0.108711464518,0.589840271062,0.002148682371,0.078196917947,0.002900994577,0.005988118563
0.079724587572,0.170627712448,0.072521790929,0.170967303549,0.134979689260,0.089895515411,0.063907251901,0.103300170929,0.041554090225,0.072521887776
0.107718611771,0.089039840620,0.028644903683,0.088887342697,0.037102080855,0.548696795805,0.007819986460,0.050785064865,0.012660433343,0.028644939901
0.009622410175,0.222522151868,0.021318787051,0.217881023472,0.330025858662,0.061806394982,0.007932079887,0.099717178708,0.007855247144,0.021318868051
0.017164671176,0.198895956457,0.027782472107,0.196083129289,0.305075397479,0.078208349980,0.012547968679,0.117061077229,0.019398456267,0.027782521337
0.024321363659,0.239069475598,0.052541824298,0.237206538398,0.188099969148,0.055471205096,0.032462689732,0.099734960521,0.018549981819,0.052541991731
0.005953505652,0.053419496536,0.010057231259,0.052638228363,0.063774011011,0.020971683687,0.005094345986,0.772900400773,0.005133841635,0.010057255097
0.020206356908,0.281734525713,0.037225956909,0.293299743867,0.122940689839,0.057878153060,0.024618807069,0.106874870458,0.017994813331,0.037226082845
0.030003925979,0.203343903860,0.039778259596,0.206689326775,0.200333466043,0.081674773403,0.031809129430,0.132749581638,0.033839327210,0.039778306066
0.027243390454,0.120337405962,0.054260232790,0.121427040013,0.062234892021,0.362101644167,0.017353221197,0.154481459843,0.026300304020,0.054260409534
0.005633100122,0.131813369692,0.009539570604,0.126257280067,0.499346338680,0.036677632189,0.004470664645,0.171261789995,0.005460660396,0.009539593609
0.044147709354,0.143756867414,0.106176408362,0.144147089970,0.100821587536,0.130653973850,0.027032795621,0.143579915713,0.053507037745,0.106176614434
0.024874610782,0.227666397460,0.044029319738,0.227416991070,0.149718480908,0.060966095308,0.110923457168,0.088899361614,0.021475836687,0.044029449265
0.037368613635,0.177076587421,0.056925760375,0.176966651577,0.117613296989,0.077908369852,0.171943454739,0.094436219522,0.032835166576,0.056925879314
0.015212447855,0.104838279325,0.027796478995,0.104312846363,0.053369247049,0.563173929416,0.007713377943,0.084292591317,0.011494279593,0.027796522145
0.013019453049,0.220800923294,0.023373262936,0.226728174427,0.297047908375,0.047570342830,0.015152489340,0.119696548664,0.013237571167,0.023373325918
0.101539837310,0.105587573641,0.174184256304,0.105929730505,0.077622793198,0.053655897770,0.028686759754,0.122533259516,0.056075530955,0.174184361048
0.000415928661,0.013789368905,0.000783533110,0.013482397890,0.010556186165,0.012245843154,0.000342157529,0.947242243014,0.000358806433,0.000783535139
0.015031844991,0.085847218402,0.027638246671,0.087691286957,0.028695431279,0.056516732617,0.006344349703,0.651843710747,0.012752953178,0.027638225454
0.011752075856,0.205805911877,0.018867220244,0.201363389570,0.251550341628,0.054502687408,0.009918868482,0.216735513822,0.010636719980,0.018867271135
0.053415427981,0.170721727769,0.060638926869,0.170802862824,0.096534571746,0.118252667314,0.047902808068,0.130522502175,0.090569503109,0.060639002145
0.039696085576,0.181834172723,0.103580208377,0.180742541367,0.108533810193,0.094328387792,0.013965083120,0.098048610601,0.075690431460,0.103580668792
0.046587591135,0.169231942877,0.095952831216,0.168156763092,0.147924960809,0.081311487761,0.026666057266,0.109382563718,0.058832626434,0.095953175691
0.034351390712,0.168046170814,0.077191201228,0.169858740813,0.086489396463,0.057233631487,0.189603476034,0.106725690674,0.033308933095,0.077191368682
0.023584471248,0.203672726647,0.052582768147,0.202702338376,0.113112018144,0.142761768114,0.013804201511,0.177315509665,0.017881266811,0.052582931337
0.033385502027,0.189451137480,0.042083830383,0.193468672566,0.120974667819,0.077159296267,0.049542447688,0.217088233632,0.034762332029,0.042083880110
0.062454241198,0.124366254744,0.100082483779,0.125022867357,0.086691611809,0.079572554645,0.055023715789,0.108183275546,0.158520340877,0.100082654256
0.087399763967,0.112545121468,0.099879791159,0.112822220568,0.101928997920,0.092562569695,0.105180227506,0.098417332157,0.089384115991,0.099879859570
0.034082418549,0.203102653499,0.057025999003,0.207202031038,0.141303349908,0.097173300603,0.022950653841,0.139900046223,0.040233479980,0.057026067357
0.032925761726,0.195753089837,0.041317797772,0.195352107048,0.137321705145,0.133155529691,0.031116217652,0.161298600723,0.030441341153,0.041317849253
0.022036763142,0.218131671400,0.041231590813,0.219559055449,0.118462433948,0.106785884803,0.034311406986,0.179241699816,0.019007781943,0.041231711698
0.100000000000,0.100000000000,0.100000000000,0.100000000000,0.100000000000,0.100000000000,0.100000000000,0.100000000000,0.100000000000,0.100000000000
0.033811067703,0.223584033449,0.049609141726,0.232527533963,0.087433394733,0.096219995969,0.025707889034,0.159366597094,0.042131101423,0.049609244906
0.009576995872,0.114005382442,0.019203825710,0.114424357688,0.043738469695,0.503303993372,0.010143799687,0.157402726914,0.008996561274,0.019203887347
0.029096555060,0.210910624686,0.081661847340,0.219836147793,0.059218995199,0.053739259667,0.020875311841,0.214790764285,0.028208263418,0.081662230710
0.025948828809,0.224478446613,0.069767581183,0.222670944641,0.182907690133,0.068171789065,0.015666094170,0.101115480990,0.019505244912,0.069767899484
0.040669534236,0.226807087747,0.050683546917,0.226729892322,0.104894631466,0.140392791362,0.024710649790,0.103426590504,0.031001708615,0.050683567040
0.033938443968,0.225600932741,0.067952766691,0.234532153611,0.074498765564,0.084382396325,0.018524611499,0.167109220807,0.025507814989,0.067952893805
0.023108840048,0.196095415964,0.040223222848,0.193349274016,0.169541687039,0.111543752390,0.016426725059,0.183977532101,0.025510233664,0.040223316870
0.007210984653,0.166818714955,0.011967311866,0.160003547117,0.497471408400,0.038496772205,0.006024862797,0.093533673183,0.006505383496,0.011967341328
0.037511094357,0.227136971849,0.040807372842,0.230786209657,0.158217551753,0.103092459347,0.019416523647,0.120885279039,0.021339165923,0.040807371587
0.021626983077,0.223576597293,0.034781973613,0.222830074336,0.146294970153,0.095864979129,0.034764539245,0.164816823720,0.020661007076,0.034782052359
0.010565613866,0.229461197621,0.015355597038,0.226957505496,0.131993299734,0.068630906038,0.011469170293,0.279733182651,0.010477898126,0.015355629138
0.022975309879,0.223484563436,0.042431373448,0.219561142212,0.212122652868,0.077640957650,0.014844909033,0.125639224347,0.018868422510,0.042431444617
0.007563648396,0.104882965473,0.011406512323,0.103594765830,0.096161891422,0.545299569306,0.006373625734,0.106398110913,0.006912378379,0.011406532224
0.016685626262,0.100215969494,0.042826790435,0.102028788570,0.051286406042,0.535864332303,0.027449917637,0.065955359064,0.014859821378,0.042826988814
0.001978047523,0.044303791268,0.003786539881,0.043790203027,0.025323268325,0.832154883813,0.001297630468,0.041975468600,0.001603619924,0.003786547172
0.011122024683,0.234650983285,0.021681781027,0.231967283584,0.227563681913,0.062886888510,0.023697732057,0.154903481202,0.009844293809,0.021681849931
0.010694679327,0.223778131548,0.022764024009,0.226445594807,0.272666732072,0.069938725670,0.008365530229,0.131650404780,0.010932072279,0.022764105279
0.010848976454,0.242194770389,0.018766127007,0.244894813831,0.255204239060,0.038829255157,0.026116970349,0.135306412882,0.009072272374,0.018766162496
0.010222103937,0.247082036014,0.026909915028,0.240800016009,0.219888875113,0.046842759841,0.006298525878,0.167030683838,0.008015068347,0.026910015996
0.006270407926,0.203170338384,0.010512703809,0.201201285474,0.190765300866,0.122804338061,0.004979737284,0.244234591845,0.005548573222,0.010512723130
0.012574629520,0.234224667166,0.021779851246,0.231927716477,0.143732167523,0.175563869867,0.007858925791,0.139878442170,0.010679822089,0.021779908151
0.001598372397,0.044648088509,0.002479893482,0.044747912674,0.023129386902,0.841933671960,0.001849888359,0.035551372482,0.001581514093,0.002479899143
0.002348517293,0.080395707431,0.003100976662,0.077791243388,0.754448576020,0.022350595877,0.002400743826,0.051855305256,0.002207353297,0.003100980949
0.002046833465,0.040639276199,0.003451773744,0.041067798182,0.017452141986,0.853536949553,0.001877258152,0.034505495183,0.001970689795,0.003451783742
0.002208687318,0.047775259701,0.003584981861,0.048572303215,0.023206388733,0.828917623115,0.002017645688,0.038086133306,0.002045986068,0.003584990994
0.006378362044,0.171562065097,0.010009449653,0.167205567923,0.412897995962,0.082406552629,0.005741177840,0.127502405718,0.006286953243,0.010009469891
0.020429886367,0.229352359357,0.039567447028,0.227146964451,0.153461804895,0.067185528124,0.057461761477,0.147594077592,0.018232614030,0.039567556678
0.009468018108,0.123368712569,0.019482625159,0.123545980799,0.050602207501,0.277238643140,0.008782548030,0.358975904127,0.009052674427,0.019482686140
0.028916617722,0.217751279621,0.042964196322,0.217701039899,0.165548489577,0.109643409415,0.027300744449,0.120062855637,0.027147084596,0.042964282763
0.010197332686,0.205766024532,0.021682751139,0.200060043539,0.370240699574,0.054889016835,0.008851981593,0.096977318129,0.009652018423,0.021682813549
0.017049768225,0.255898896193,0.027582494625,0.255580677654,0.174479627184,0.071161445802,0.026855978872,0.127192902298,0.016615656755,0.027582552392
0.027665574757,0.098476883293,0.049913983806,0.099086365883,0.049946952310,0.532717565012,0.013602104573,0.057708489717,0.020967984915,0.049914095732
0.019494097761,0.229905912675,0.044945495110,0.227164198332,0.223566092892,0.063757151280,0.027010148099,0.102995840486,0.016215360662,0.044945702703
0.024597934288,0.212525782641,0.033190277918,0.213532836687,0.131093892590,0.183148756081,0.019250239993,0.130642402971,0.018827549519,0.033190327312
0.009074883031,0.256667005401,0.016167973953,0.265234341400,0.066534375205,0.138368575091,0.011193927692,0.210547150439,0.010043745767,0.016168022021
0.028600636164,0.226539615116,0.046507569412,0.226200573970,0.133865365019,0.062980113025,0.030545753234,0.163930317304,0.034322380286,0.046507676470
0.018203875053,0.289706140541,0.045820855788,0.306448104355,0.059033949992,0.073248163260,0.048636219189,0.099987796044,0.013093903849,0.045820991928
0.025147889602,0.217532971244,0.038220134523,0.216738577616,0.116715444979,0.160333774481,0.024074772857,0.137050792503,0.025965426735,0.038220215459
0.044308819151,0.154754568361,0.056526188964,0.154947325996,0.111992676815,0.092922816924,0.183516981247,0.103444442829,0.041059936282,0.056526243431
0.043741475404,0.226068402437,0.065216991804,0.228786535795,0.114725472399,0.097753978712,0.024332188198,0.106113915574,0.028043992341,0.065217047336
0.041924852566,0.224872331492,0.058869328472,0.225332107631,0.110835514800,0.102801254507,0.038518036995,0.103223255138,0.034753927005,0.058869391394
0.004942447819,0.034216486267,0.009231935505,0.034511008209,0.011805398363,0.862129558514,0.007818378240,0.021504973053,0.004607859938,0.009231954091
0.027633429066,0.213832419484,0.047836255611,0.216606420581,0.078316297364,0.229304813806,0.017851453662,0.099531402911,0.021251155957,0.047836351558
0.021363813545,0.236725405204,0.039923202888,0.239816657939,0.086968001622,0.202712785720,0.014577041249,0.101034321672,0.016955471197,0.039923298963
0.049523281303,0.180090293863,0.082313139144,0.185309931336,0.073195917860,0.083219439992,0.060235934385,0.156775171473,0.047023594743,0.082313295901
0.011498911986,0.216951438625,0.022128807114,0.214314863304,0.081361995744,0.221817552657,0.026542973570,0.173929769571,0.009324801505,0.022128885925
0.002448096916,0.035916991200,0.003791724518,0.035822540196,0.014581925446,0.875750722105,0.002017166817,0.023644733469,0.002234369456,0.003791729878
0.034082940121,0.182432736500,0.056663485273,0.183812027997,0.093454625368,0.218728373081,0.047907461155,0.093528133672,0.032726621737,0.056663595097
0.005314026004,0.231820056140,0.008191035757,0.226431120482,0.167828809107,0.217303148799,0.006932721155,0.123087912022,0.004900116682,0.008191053852
0.008838011941,0.264686887549,0.020769193119,0.259264062765,0.216007566719,0.066607517139,0.005639913779,0.130111280926,0.007306318120,0.020769247942
0.073883821469,0.191511545197,0.064762186961,0.191366884080,0.123088132396,0.068200671411,0.094328337806,0.091500372011,0.036595850637,0.064762198031
0.026401295667,0.178053858242,0.049525241070,0.179861925071,0.073166992232,0.227596854489,0.102951393614,0.089128587810,0.023788480624,0.049525371179
0.059094160700,0.165142039144,0.074420539654,0.167997981572,0.128917123958,0.099338004096,0.033420448300,0.144300290950,0.052948849615,0.074420562009
0.025086338807,0.180360553965,0.031773321938,0.176495297620,0.237227832664,0.070079448106,0.023685574820,0.199520232218,0.023998042452,0.031773357410
0.025306900870,0.172880253777,0.039698987667,0.171000113334,0.338080437942,0.057271716467,0.023707433008,0.108436548704,0.023918546262,0.039699061969
0.041090398470,0.171179650863,0.055255150561,0.171256743074,0.124880847757,0.125369519599,0.037702776615,0.181166782896,0.036842884199,0.055255245967
0.020576672384,0.208971856071,0.033139837630,0.206679949435,0.192160534743,0.125109636700,0.037785572227,0.118380957862,0.024055094562,0.033139888387
0.049205442424,0.159041381560,0.146147603039,0.162989803271,0.067909412988,0.080072300834,0.026552078252,0.125774020975,0.036159813395,0.146148143263
0.015489935907,0.235641994197,0.032300364507,0.230152731884,0.251863663252,0.061015434167,0.017182426796,0.110750615457,0.013302381238,0.032300452595
0.102702443621,0.090554022587,0.209988755826,0.091219663576,0.054352761968,0.063271400222,0.032896423542,0.068639931928,0.076385504109,0.209989092621
0.015670406590,0.218142758783,0.027546789262,0.224026690933,0.257823160640,0.064789764651,0.017919190014,0.131278397161,0.015255984874,0.027546857092
0.000568004324,0.004525347371,0.001023884392,0.004531840759,0.001616278242,0.982357169836,0.000321189650,0.003507977498,0.000524421838,0.001023886089
0.020245795131,0.238524525117,0.033375709003,0.240837365374,0.154667482317,0.070029388705,0.019104384177,0.172064424324,0.017775128001,0.033375797852
0.052861221485,0.127756505489,0.061703840362,0.128233675071,0.089283471986,0.071918659474,0.272380136263,0.082671425431,0.051487173881,0.061703890558
0.057061778813,0.196065629442,0.090579361905,0.198549118518,0.094277583587,0.083842640621,0.052928078053,0.093016535964,0.043099703784,0.090579569315
0.016742932565,0.185873965186,0.021785795702,0.179431559139,0.309733835346,0.066555502962,0.016559692776,0.165374378024,0.016156517852,0.021785820448
0.054929059173,0.187199785460,0.090924949442,0.189258799043,0.105273897991,0.097446130021,0.042540913041,0.099898483805,0.041602845690,0.090925136332
0.022215174728,0.175384507199,0.027806230487,0.170300738685,0.293465959205,0.073674358159,0.021363823043,0.166097934763,0.021885019015,0.027806254716
0.030647101797,0.229702835339,0.051577838348,0.230811341977,0.128059023684,0.116841874538,0.030091817689,0.103697084259,0.026993127045,0.051577955324
0.006993111624,0.139336568314,0.011126857765,0.135168942647,0.573453654611,0.030664077737,0.009522523134,0.074621188589,0.007986187112,0.011126888468
0.017523203610,0.237052998207,0.028654322221,0.233256723370,0.171772361674,0.075781627350,0.076678249433,0.114154230582,0.016471882641,0.028654400912
0.022211940394,0.164566632011,0.045410673244,0.159654796948,0.341192507056,0.059974948563,0.005986499420,0.142934618133,0.012656773247,0.045410610983
0.005104846433,0.053283650164,0.011032539426,0.052855751292,0.034249597754,0.729102741853,0.003576105752,0.094100342916,0.005661858919,0.011032565490
0.045419308502,0.159354747028,0.129074488148,0.164130823416,0.076176841422,0.076940866539,0.019342268948,0.151048914047,0.049436562955,0.129075178996
0.015027375863,0.077996015761,0.025671370934,0.078628377350,0.025392414892,0.673577553499,0.010961240937,0.055270229202,0.011804016438,0.025671405122
0.088555272471,0.133340520975,0.148213117703,0.134461116680,0.081375559862,0.082878143066,0.043054584227,0.086562789800,0.053345590714,0.148213304501
0.040672084700,0.079804228264,0.073667094046,0.080592952626,0.056767489909,0.047407799976,0.441998921213,0.056185524015,0.049236668298,0.073667236953
0.052562425458,0.169176933178,0.065587162379,0.169840382526,0.121212571929,0.117197631772,0.071642872872,0.108190753934,0.059002023654,0.065587242299
0.021988549867,0.180902425686,0.048994779882,0.185457889413,0.063025278601,0.054565932759,0.023429556508,0.345060646077,0.027579984981,0.048994956226
0.011757333277,0.223189441364,0.022329691866,0.227457702716,0.149450054039,0.166287027452,0.022604422331,0.145465171745,0.009129405263,0.022329749946
0.067484611340,0.153013175082,0.100442657615,0.153686911686,0.111090077455,0.098807211044,0.052042421399,0.100846948514,0.062143209122,0.100442776742
0.027042046873,0.256074911251,0.049187179682,0.260443400905,0.084102737539,0.075925845225,0.053251777147,0.114101296819,0.030683503061,0.049187301496
0.046615627829,0.156688909760,0.062469224502,0.157675912931,0.093254210069,0.221820391842,0.048592283475,0.102824280863,0.047589879313,0.062469279416
0.081994013340,0.118980189983,0.170252627767,0.120759472832,0.052211278449,0.066170859875,0.073730564056,0.079735246719,0.065913055875,0.170252691104
0.025691177941,0.047839622317,0.033129938316,0.048026990724,0.023802294552,0.693549490063,0.011251067199,0.033143734512,0.050435731690,0.033129952686
0.004346299062,0.194260684745,0.007816597697,0.189733539539,0.375190100359,0.050508049108,0.003833740064,0.162244118161,0.004250251965,0.007816619299
0.007518032868,0.082957040218,0.010376594401,0.082452757593,0.071211462976,0.612574474665,0.025704656249,0.089366083512,0.007462283909,0.010376613608
0.018886880251,0.167057343626,0.022923471819,0.164555283343,0.357338231164,0.102481886743,0.017898689052,0.106743175347,0.019191547166,0.022923491489
0.006413754877,0.106369369822,0.008387778175,0.106612239892,0.084691123785,0.594026781679,0.006404592480,0.071957463316,0.006749107313,0.008387788661
0.004103182034,0.071177401707,0.007850754393,0.070869388605,0.049162181405,0.734247336457,0.002939872136,0.047549135848,0.004249976050,0.007850771364
0.005273199598,0.030808649505,0.006472710359,0.030552364236,0.021124981781,0.861662373245,0.004169182469,0.028002775219,0.005461048541,0.006472715047
0.006099253746,0.160788363882,0.008954600062,0.154283137356,0.323764958204,0.042703048036,0.005448124800,0.283020693171,0.005983207187,0.008954613555
0.014148295676,0.207091288844,0.028859055280,0.204832980304,0.087439188812,0.224722431024,0.012521130833,0.174169652016,0.017356854474,0.028859122737
0.012493500624,0.219270265515,0.024308035626,0.215621348543,0.268136770597,0.067796281133,0.040477374368,0.116702428275,0.010885891603,0.024308103715
0.008215630771,0.139156162568,0.012672721370,0.135183006159,0.099710954671,0.408954529566,0.006018891669,0.169006601700,0.008408760022,0.012672741505
0.002928577327,0.101112247039,0.005561219773,0.097648083012,0.705533828484,0.019800110990,0.002296961441,0.056949759983,0.002607975934,0.005561236016
0.004124448513,0.116269115871,0.007393025022,0.113138871321,0.634005047385,0.057981056564,0.003202688737,0.052476043472,0.004016655762,0.007393047353
0.022284503703,0.230816204778,0.042214357348,0.228463806944,0.189042232117,0.080872833153,0.013584576149,0.132253578855,0.018253429720,0.042214477234
0.007909181212,0.155718682944,0.021234848052,0.151657385389,0.422924250344,0.042629792311,0.005085440582,0.164467887116,0.007137555703,0.021234976346
0.010088743979,0.247697171341,0.018394704039,0.244472401656,0.235640893689,0.042762454535,0.012543448512,0.160613215820,0.009392194290,0.018394772139
0.014070886088,0.124781508110,0.030920883767,0.127315914783,0.048708474083,0.529878781043,0.007716676570,0.075761908617,0.009924011992,0.030920954947
0.014021287646,0.192362208195,0.029251532117,0.190882452725,0.204093126484,0.058797752173,0.010209388571,0.260624997659,0.010505635031,0.029251619399
0.012258728224,0.163413746187,0.015142808505,0.159540767690,0.416394178081,0.056162550952,0.009616475819,0.142112272243,0.010215654538,0.015142817761
0.050753612047,0.106663856396,0.112465649471,0.107170884165,0.072243414007,0.059959007677,0.213058249878,0.101523909983,0.063695460136,0.112465956240
0.009070181156,0.162457289841,0.034605817105,0.159195881585,0.406715303902,0.027835356878,0.004465841258,0.153714969073,0.007333337911,0.034606021291
0.084991646493,0.082488389047,0.189977509433,0.082859131108,0.061020694319,0.074248443647,0.059220570391,0.080665516331,0.094549495357,0.189978603875
0.042123031778,0.164784364425,0.141306811476,0.164541356740,0.115607942049,0.080519519117,0.022694732847,0.102523382264,0.024591787787,0.141307071516
0.014124567088,0.230605866301,0.024148859227,0.231572966378,0.161466613953,0.123238366753,0.033045240219,0.145579327258,0.012069269495,0.024148923328
0.008514077239,0.129197078972,0.022073516182,0.125960124230,0.563459343113,0.029762989765,0.005414989656,0.086603200306,0.006941074938,0.022073605598
0.018739843841,0.132011030612,0.042205068904,0.132261483715,0.069849137164,0.378406667264,0.012674539134,0.151030411294,0.020616607839,0.042205210232
0.022589258389,0.163528801881,0.066445957216,0.163108849016,0.071221876293,0.145415412968,0.017445225613,0.263826208104,0.019972169425,0.066446241096
0.071197432077,0.131987291265,0.147574926524,0.132921076724,0.110605654165,0.062903140422,0.044741738932,0.086270138810,0.064223382348,0.147575218734
0.066459114793,0.117730371184,0.198232184532,0.118372951173,0.086378758545,0.051366078998,0.034424993163,0.086782079402,0.042020344299,0.198233123911
0.058179323321,0.164585750029,0.119647356230,0.166093735725,0.108408048611,0.070240080617,0.039289663291,0.097326849662,0.056581411535,0.119647780981
0.069835119891,0.132080032018,0.140141861855,0.133110929825,0.105409800828,0.081459419240,0.045995447096,0.084162287482,0.067662965787,0.140142135977
0.046766414371,0.117822319791,0.233316661386,0.119838035218,0.056615284830,0.046790952985,0.020848353062,0.088176931702,0.036507222814,0.233317823841
0.070123237531,0.073918351988,0.278380254700,0.074834257341,0.039520330097,0.045453610496,0.026286815558,0.071863759146,0.041237846090,0.278381537052
0.041074577592,0.155791959803,0.094517005244,0.155536521930,0.184963768609,0.076754230840,0.028384568666,0.118073079724,0.050386874745,0.094517412848
0.050495023379,0.183069230277,0.075467627049,0.184165784803,0.121812503612,0.075779706830,0.050592581540,0.113073597083,0.070076134201,0.075467811226
0.012885451760,0.141266304207,0.025343358574,0.140130623437,0.096850040120,0.407560360605,0.012082373706,0.124034034099,0.014504038337,0.025343415155
0.050560212783,0.149959430615,0.154897032439,0.155503858633,0.068174573426,0.072582578920,0.027106474835,0.123237032835,0.043081066449,0.154897739066
0.057136125717,0.096810036954,0.134856539799,0.097457618899,0.068895796224,0.061632809025,0.216812981442,0.067015676226,0.064525402433,0.134857013280
0.013870792400,0.267053164416,0.023453045089,0.279004700040,0.094535359789,0.092868535508,0.013465707051,0.179733055605,0.012562563070,0.023453077032
0.068520515451,0.085761750243,0.257230924595,0.086711133951,0.055705142422,0.051302712415,0.033347563243,0.055798418901,0.048390103876,0.257231734903
0.030710706681,0.198283515313,0.040809524128,0.196229633394,0.227966387533,0.090655976025,0.025531999444,0.121096612273,0.027906073832,0.040809571376
0.030089180949,0.152330700886,0.079260203042,0.151293638161,0.071816514271,0.234583156286,0.008916430662,0.174219753631,0.018230091655,0.079260330455
0.013580291346,0.134594507849,0.020688061746,0.133507090131,0.103220424463,0.413901305068,0.010262304035,0.136372647026,0.013185264603,0.020688103734
0.027988124585,0.239743202231,0.036622784351,0.248462468169,0.151070738612,0.071086592210,0.032476386629,0.131026979353,0.024899902479,0.036622821380
0.041197943445,0.181105001499,0.050281092679,0.178766265835,0.241266620398,0.072283193213,0.026326442425,0.127757446608,0.030734872551,0.050281121348
0.018731142925,0.258377865154,0.036182704762,0.260156219853,0.096203780207,0.084800816620,0.057979066217,0.135863035841,0.015522595035,0.036182773386
0.011466446287,0.175631915128,0.015111235335,0.168024855641,0.310654657288,0.065664948721,0.011573539088,0.215492884566,0.011268267623,0.015111250323
0.011234387717,0.181579900811,0.018412837467,0.174944018230,0.377400225598,0.067630386176,0.009570783375,0.130476473151,0.010338101556,0.018412885921
0.026450893363,0.220915954763,0.035287731197,0.222051932685,0.165441064035,0.069670738427,0.039120302191,0.159958722979,0.025814890562,0.035287769797
0.033859643625,0.205949739309,0.061588157545,0.213901052345,0.080166431213,0.097205530136,0.093641536426,0.121264858332,0.030834747153,0.061588303916
0.034014884524,0.201891238734,0.116912423391,0.210750954189,0.055358919346,0.051822611284,0.067646715908,0.120778846678,0.023910410475,0.116912995470
0.010776625637,0.239011626809,0.017031848596,0.245639129960,0.266489607398,0.047654150321,0.012406754499,0.129206548954,0.014751827258,0.017031880566
0.028307464466,0.212895185544,0.054701164146,0.219524449302,0.102783784053,0.067802205667,0.029440447715,0.205044885710,0.024799107268,0.054701306129
0.044877404584,0.193249627445,0.073374716730,0.199673994852,0.092477958723,0.072395908619,0.045795052156,0.132645492584,0.072135010752,0.073374833554
0.036928059384,0.206878139994,0.091257390502,0.217031221022,0.063863511941,0.058489023170,0.086192233630,0.113917030661,0.034185676804,0.091257712891
0.009972011006,0.165864099141,0.016625299318,0.171984806031,0.064186266809,0.072106085272,0.011327672943,0.462625626584,0.008682795831,0.016625337065
0.009015448362,0.172536589739,0.024330524582,0.171416796704,0.147297119010,0.044070674881,0.015942869054,0.383661917430,0.007397425288,0.024330634949
0.025950036982,0.196354386271,0.071006149000,0.200633900443,0.102021649077,0.074578304714,0.101175832513,0.136616133194,0.020657247096,0.071006360711
0.035311444504,0.195393332363,0.058994822008,0.199053563651,0.142004232604,0.096834338513,0.025422651206,0.151871897659,0.036118830036,0.058994887456
0.033607887190,0.205214835353,0.039224847502,0.210273315868,0.152500417701,0.088526951545,0.035002716080,0.163331582239,0.033092558845,0.039224887677
0.042115087117,0.169092377552,0.060601414608,0.168174062456,0.230722581533,0.080310778134,0.056144728203,0.091963376657,0.040274065703,0.060601528037
0.034123379928,0.155799105076,0.184547911086,0.160853100354,0.063215513178,0.047516409201,0.067097957957,0.077834256750,0.024463094740,0.184549271730
0.030911178832,0.221089546574,0.106169286171,0.229813011849,0.095507201332,0.064847149157,0.017204925321,0.107692272735,0.020595730580,0.106169697449
0.042687126875,0.174166709979,0.135850767625,0.173421266119,0.089332756451,0.052610175558,0.022072664838,0.145660007584,0.028347056412,0.135851468559
0.009576246509,0.214259437349,0.015525431967,0.215392307250,0.295507134759,0.048603207106,0.025165532468,0.151845061410,0.008600175661,0.015525465522
0.041475980855,0.191883432496,0.111728999823,0.198521496700,0.092538817483,0.082029700774,0.029208527276,0.097604436854,0.043279140193,0.111729467546
0.010081152969,0.188038145866,0.016995378288,0.184541964068,0.425933473995,0.036095298316,0.012962634703,0.098794413304,0.009562123110,0.016995415380
0.022193647187,0.203826730278,0.061733238382,0.201587745180,0.170215066716,0.054043595626,0.012390833348,0.199237993167,0.013037841565,0.061733308550
0.011828296466,0.160625874968,0.025205501813,0.159350531155,0.073455662244,0.368407001329,0.010110208909,0.155503368224,0.010307994055,0.025205560838
0.019791080335,0.065766890303,0.030311073742,0.065831828434,0.040877657048,0.431605747340,0.236051433974,0.052648096368,0.026805066951,0.030311125505
0.014063046764,0.157108412780,0.032152535394,0.156660180016,0.077687431336,0.410097389789,0.009151767251,0.099794763289,0.011131866084,0.032152607296
0.032854753249,0.202975871840,0.056298537915,0.209493376954,0.077396764027,0.088833462592,0.052464001854,0.195965711692,0.027418844711,0.056298675166
0.016793575232,0.238375884841,0.050362244821,0.238878271095,0.173421170612,0.098421154721,0.023997754612,0.096751208533,0.012636269064,0.050362466469
0.052650194524,0.120852597620,0.105453026737,0.121000178511,0.078267553956,0.096886738356,0.178807185155,0.097588973131,0.043040357101,0.105453194910
0.029752401489,0.179358196604,0.058777480804,0.178054258689,0.184079244246,0.109604075178,0.055798281081,0.121460823398,0.024337649034,0.058777589478
0.025708933633,0.191387820526,0.052347144878,0.189249683746,0.244323008134,0.070414494030,0.024912269378,0.125843925776,0.023465418031,0.052347301868
0.028733293733,0.210715898508,0.072627129545,0.208375256092,0.187242664545,0.059968245063,0.012966054984,0.129870707307,0.016873537526,0.072627212697
0.032615962359,0.169057941102,0.043713077464,0.168304512996,0.252532658851,0.098949468293,0.031694806132,0.128904174686,0.030514272653,0.043713125465
0.012339232739,0.228083946249,0.017400218536,0.223893756384,0.232065599191,0.081445592004,0.014197756870,0.161655606759,0.011518041065,0.017400250203
0.024708409817,0.214467012466,0.040342343804,0.214265721381,0.226098605256,0.072896050668,0.026958761706,0.119070637986,0.020850029561,0.040342427354
0.028092481025,0.198256698377,0.056380059556,0.200513741764,0.172896504938,0.102008866760,0.028501317634,0.131500663627,0.025469419502,0.056380246818
0.005924110817,0.169073269535,0.009053725129,0.165175382356,0.492932719720,0.047781323657,0.007428714936,0.088413089328,0.005163919723,0.009053744799
0.022325731922,0.222342484089,0.046087188831,0.223576088937,0.142303677171,0.098192706108,0.020091692408,0.159460128125,0.019532994797,0.046087307612
0.020295852056,0.207795039818,0.051914584183,0.206812049564,0.183517661354,0.124839340221,0.015818950310,0.122594446653,0.014497282478,0.051914793364
0.005022675227,0.154150358411,0.008128892697,0.149829344932,0.487262667973,0.054142840717,0.005634205248,0.122831909867,0.004868195327,0.008128909599
0.025217411378,0.184547673096,0.042076958459,0.183967459436,0.205977143305,0.074853060824,0.042509637875,0.175956212936,0.022817400782,0.042077041909
0.046780906168,0.200501029732,0.064906908406,0.200920785048,0.141114756174,0.103096779483,0.023607798474,0.127189356669,0.026974722385,0.064906957461
0.020129297459,0.206943986381,0.042100198432,0.205066741298,0.170163087469,0.079080272907,0.015607439481,0.202283700043,0.016524927063,0.042100349468
0.006993330547,0.120677830892,0.009745203766,0.118823030282,0.279217334713,0.052358421270,0.006877861839,0.389025846161,0.006535920609,0.009745219920
0.017301288636,0.105677313091,0.024278150612,0.105422841829,0.072344621093,0.267693646626,0.254285393909,0.111169810001,0.017548733997,0.024278200205
0.005125549136,0.215054590125,0.013973772905,0.211820100968,0.126359524153,0.144901683698,0.003236452708,0.260736661699,0.004817834518,0.013973830089
0.004447278086,0.254352563717,0.008057281589,0.249649172251,0.283294960393,0.034360427861,0.004997332260,0.148919503675,0.003864174054,0.008057306113
0.014813171777,0.204440276115,0.036631972100,0.201679861438,0.098837809669,0.220760310397,0.007320964125,0.169102457530,0.009781045199,0.036632131651
0.011807379645,0.138416271006,0.024417575526,0.141331372961,0.048519624434,0.489889372030,0.009629842632,0.098796931589,0.012774006407,0.024417623772
0.001348587080,0.016152465007,0.002660220228,0.016184314523,0.008544686079,0.936000525401,0.000936269235,0.014299639985,0.001213066710,0.002660225752
0.017889128318,0.252947306896,0.039569727911,0.256826819638,0.106257149062,0.063848410936,0.034580464632,0.168102125637,0.020409034766,0.039569832204
0.050499162422,0.161628401397,0.079589355259,0.161690686161,0.119083747046,0.099894123789,0.045650064859,0.157559647826,0.044815349760,0.079589461482
0.019637110254,0.191981728770,0.032573970127,0.193049850370,0.083240230362,0.288027945552,0.052524183765,0.087984171083,0.018406750931,0.032574058786
0.027482120228,0.089604474923,0.075574368915,0.090168204719,0.029743170816,0.502697948274,0.012298369060,0.076791189865,0.020065530374,0.075574622827
0.051526604115,0.166210505502,0.084462854449,0.167413511283,0.085133668985,0.119754731799,0.041284998181,0.131154707509,0.068595389758,0.084463028418
0.171997056089,0.096702033291,0.098070679583,0.097255775786,0.071651130114,0.069702579208,0.065929180036,0.112762790701,0.117858279833,0.098070495360
0.029348636467,0.220985674411,0.071555434031,0.221172526200,0.094563324574,0.134610028219,0.029503266544,0.100844721265,0.025860696408,0.071555691880
0.057266107652,0.176434008512,0.106201371725,0.178195784297,0.099435290945,0.080937362493,0.048841655987,0.099048460011,0.047438287044,0.106201671334
0.065181272756,0.132068508096,0.127999350602,0.133433480159,0.063083196405,0.145519211507,0.027464279186,0.071131752858,0.106119245418,0.127999703014
0.041487726228,0.204371655283,0.093214284184,0.207341523684,0.095199379358,0.084933723265,0.031799365827,0.114663102244,0.033774719463,0.093214520465
0.023812550712,0.277619831012,0.051312095727,0.288968211081,0.073980614457,0.073918263582,0.038151101585,0.104019306397,0.016905765179,0.051312260268
0.049441053921,0.159406183629,0.099195192586,0.160876978711,0.070702559924,0.078728338106,0.105032282866,0.135059201077,0.042362733778,0.099195475401
0.026344713049,0.217645899407,0.047319374253,0.216357800223,0.153060743451,0.068583829016,0.094333123202,0.104665496557,0.024369495577,0.047319525265
0.029899480984,0.207053464875,0.071234129259,0.207767905675,0.106386613182,0.140110244624,0.015888259509,0.125886166874,0.024539382392,0.071234352626
0.039070056637,0.130366052335,0.045351585896,0.130135849183,0.062536017355,0.324931201045,0.022401554881,0.115459972605,0.084396112183,0.045351597881
0.013402097006,0.039641185722,0.018255016284,0.039758804830,0.018471183327,0.798434205274,0.006921771523,0.024452826992,0.022407863174,0.018255045867
0.034697347502,0.219574997960,0.037178468007,0.216560971597,0.172955536008,0.081905246670,0.044801006724,0.121632869968,0.033515059043,0.037178496521
0.057114710934,0.181147554893,0.091553672980,0.182275526402,0.094679649250,0.096276752367,0.036399140949,0.125752158288,0.043246865991,0.091553967946
0.050784051497,0.192313289696,0.083923700532,0.196242196769,0.110229950276,0.094819853090,0.035300342873,0.110597867219,0.041864817569,0.083923930480
0.031520944720,0.222891942539,0.054397080014,0.221034134346,0.165075266515,0.064133994874,0.037127766962,0.119781654093,0.029640040011,0.054397175926
0.046127649732,0.194747609326,0.080770102107,0.195299687712,0.091014100928,0.113989602363,0.021942479204,0.140477402752,0.034861118029,0.080770247847
0.028694615151,0.214821740637,0.051318314044,0.214067795032,0.155671097739,0.072167359415,0.052746385312,0.131903485429,0.027290762896,0.051318444345
0.020375690165,0.231490373699,0.036598787963,0.231624135204,0.085565177202,0.149404625451,0.015287245299,0.173301988273,0.019753130714,0.036598846030
0.022920723596,0.248537887575,0.059209846684,0.250122095550,0.086084633583,0.061414032268,0.024200003376,0.170086476861,0.018214274618,0.059210025890
0.030759717799,0.213023080770,0.040393555369,0.212596925586,0.148365606350,0.131552027716,0.029089195179,0.125417471600,0.028408810269,0.040393609361
0.035251210009,0.198077943212,0.075176180041,0.198986330052,0.087150812502,0.153011663001,0.035370143765,0.112321206698,0.029478130207,0.075176380513
0.037272416332,0.227479106441,0.044052176887,0.230881500934,0.130949286984,0.094857936701,0.033435487293,0.124141733551,0.032878132071,0.044052222804
0.029510563438,0.253367694689,0.049103992872,0.253851627246,0.102043571580,0.113215396678,0.021043177760,0.105542004283,0.023217858314,0.049104113139
0.020386888102,0.134131602952,0.030172234547,0.133773302012,0.072907875211,0.472117627558,0.015341873301,0.072304695706,0.018691606150,0.030172294462
0.034447440861,0.221438145801,0.055609933652,0.223053863949,0.158312798353,0.077186824693,0.025607130640,0.122386777920,0.026347047174,0.055610036956
0.035519616062,0.225423181638,0.052796806117,0.226291209234,0.142988526180,0.087539043008,0.031577127858,0.113478344122,0.031589248571,0.052796897211
0.028150553205,0.215271264870,0.072119238418,0.216935182107,0.124421337206,0.082575754770,0.016979713239,0.148957955943,0.022469517915,0.072119482328
0.010333663883,0.183044851084,0.018751630556,0.179133401682,0.250074362880,0.179346296209,0.008081008043,0.143362365172,0.009120751888,0.018751668603
0.028307524576,0.212544534433,0.082967387444,0.212978561389,0.123169808443,0.071319414969,0.017805490625,0.144529113046,0.023410389811,0.082967775264
0.016518236078,0.181396893814,0.041066454875,0.181846713866,0.084279135604,0.250620864359,0.009511662497,0.180340230878,0.013353221544,0.041066586486
0.141884210809,0.089362360358,0.109744759584,0.089390705908,0.087790451713,0.087791866861,0.094127115615,0.088495333258,0.101668500220,0.109744695674
0.033360897150,0.194206330012,0.061197635118,0.191977656312,0.159775547001,0.081559663646,0.039092961076,0.142568415837,0.035063054012,0.061197839836
0.030568567377,0.219433895786,0.062306139789,0.216061968834,0.187966208298,0.064229041526,0.023919362839,0.110707393967,0.022501080714,0.062306340871
0.015044257879,0.250358704199,0.025458513296,0.245701096245,0.197137564614,0.100903670426,0.008659574786,0.119809648104,0.011468444030,0.025458526419
0.002841282622,0.085973547984,0.005773952770,0.087442000656,0.063335340034,0.664922799405,0.002278020259,0.078608848174,0.003050239134,0.005773968961
0.014865285850,0.134796397818,0.037766431481,0.138732553311,0.043563129552,0.177040705322,0.005436407283,0.400434214425,0.009598398307,0.037766476651
0.043924792291,0.132379890362,0.051082577499,0.130694660278,0.310302691743,0.110335525488,0.041344230968,0.085988382259,0.042864635554,0.051082613557
0.048571968568,0.142711853002,0.158549704997,0.141484865674,0.102941530542,0.065827688009,0.026118820495,0.113584054088,0.041659154187,0.158550360438
0.021644018705,0.184616714991,0.046589419387,0.183236805048,0.146922193974,0.084027100986,0.012439009768,0.253617606961,0.020317608654,0.046589521528
0.010424493343,0.167222617565,0.023265739422,0.164969574420,0.118744824285,0.306060733532,0.006414679049,0.171500648497,0.008130902884,0.023265787002
0.024886392638,0.167561980799,0.029200393720,0.166035970437,0.189650534315,0.229527096325,0.026034469182,0.113736465192,0.024166276159,0.029200421232
0.015236557899,0.207878164844,0.025473734281,0.204068641072,0.253750429062,0.064925247244,0.015464352497,0.172956885335,0.014772183303,0.025473804464
0.007748426780,0.203806906696,0.016670639877,0.209018335747,0.080675336684,0.298244421059,0.005318563169,0.154861887343,0.006984802835,0.016670679811
0.043692176177,0.183646489485,0.054562712548,0.183911961310,0.146160151403,0.116082285156,0.052495110991,0.119860109761,0.045026258487,0.054562744682
0.011827451326,0.102978212679,0.017172630805,0.102369399252,0.064312911441,0.509370318383,0.015476578551,0.147202442571,0.012117391891,0.017172663101
0.030677309070,0.185294211109,0.044823529901,0.185560122308,0.134290184147,0.119601157531,0.029409160782,0.194098993180,0.031421736868,0.044823595105
0.028321265409,0.219157630822,0.056936526293,0.219918264037,0.138157524767,0.114691245673,0.022058359509,0.119919388866,0.023903127912,0.056936666712
0.031135533744,0.175611639674,0.039513835909,0.175688896109,0.117730089016,0.152331830230,0.025141108727,0.214459454828,0.028873742835,0.039513868928
0.003903958130,0.101890449228,0.005537862342,0.099679638897,0.659925365396,0.047924977024,0.003805461278,0.067999793409,0.003794621889,0.005537872407
0.026847933665,0.202053387995,0.034207937232,0.200427391960,0.272914001272,0.080846972197,0.024741642894,0.098885969451,0.024866784697,0.034207978637
0.027000629696,0.181732915310,0.041551983668,0.181693274657,0.089633020541,0.215171991164,0.070720705044,0.126373646209,0.024569779465,0.041552054247
0.030938615117,0.177826035997,0.047051661369,0.178513878692,0.091900748493,0.246843917853,0.026790591273,0.126115458069,0.026967347574,0.047051745563
0.030677309070,0.185294211109,0.044823529901,0.185560122308,0.134290184147,0.119601157531,0.029409160782,0.194098993180,0.031421736868,0.044823595105
0.016453545652,0.192431292124,0.027639858478,0.188999165553,0.243202311071,0.144396701011,0.015527880697,0.129034293457,0.014675047396,0.027639904562
0.002805410451,0.027612998947,0.004214006135,0.027476947917,0.019955895452,0.888695904028,0.002537231632,0.019528210937,0.002959378275,0.004214016225
0.010720928268,0.152878400306,0.021127359560,0.152492162491,0.089492289625,0.417950252202,0.007614654071,0.116709411281,0.009887139780,0.021127402416
0.019565319144,0.181597793266,0.040541731407,0.181128629862,0.074352446655,0.193042202155,0.074455729618,0.171967922063,0.022806377745,0.040541848084
0.008026372980,0.202296446368,0.014411317274,0.199675133795,0.424617327716,0.046966812060,0.009327503823,0.073501401615,0.006766330193,0.014411354176
0.026401295667,0.178053858242,0.049525241070,0.179861925071,0.073166992232,0.227596854489,0.102951393614,0.089128587810,0.023788480624,0.049525371179
0.042421250004,0.202214284517,0.057524555933,0.201003354995,0.191775255210,0.087809434626,0.014111612996,0.123801280661,0.021814434575,0.057524536482
0.020030284378,0.218513340901,0.029770835432,0.220529099080,0.106157866670,0.092852761905,0.018451592907,0.244764422709,0.019158884465,0.029770911553
0.015856684979,0.190710929023,0.023245679277,0.185850786003,0.307902855043,0.070735747373,0.016303588540,0.150357634881,0.015790371844,0.023245723038
0.012188740249,0.201400691933,0.017164879228,0.198273241422,0.265426106968,0.076356404778,0.026062973660,0.175296891754,0.010665170116,0.017164899889
0.001148183233,0.076894686408,0.002356028209,0.073584361014,0.800480395382,0.008481949505,0.001132003111,0.032583287037,0.000983069676,0.002356036426
0.025317591855,0.210025504338,0.041565322900,0.212316370946,0.186094802385,0.088062457513,0.020465603254,0.149661787320,0.024925127054,0.041565432434
0.017202068400,0.236067647113,0.042229453107,0.233350426742,0.195840136948,0.050598209982,0.014157852575,0.153540971726,0.014783593198,0.042229640210
0.018093820375,0.232482477232,0.031250301162,0.226717170062,0.221179320769,0.085439951962,0.012101382272,0.123813623269,0.017671596466,0.031250356431
0.017440553897,0.224199651637,0.032051495033,0.227495539991,0.230389466884,0.071169681825,0.021432327684,0.127900163900,0.015869531160,0.032051587988
0.003050350039,0.194998307482,0.006354481340,0.189043458831,0.127913818249,0.211680008936,0.002571231326,0.255217602186,0.002816243170,0.006354498442
0.026046843225,0.218516973608,0.050878639668,0.215395809653,0.203664313666,0.072933449113,0.022247510734,0.117578861282,0.021858792945,0.050878806108
0.012704542228,0.183133335842,0.027009134031,0.180748254805,0.109241305750,0.265604499471,0.006409864684,0.177815818652,0.010324023205,0.027009221333
0.015964192804,0.253620087015,0.026992485263,0.250718623955,0.199216222819,0.088323060075,0.010525088075,0.115775270954,0.011872424048,0.026992544992
0.028737266319,0.205054574529,0.042897267918,0.204632063998,0.203993582773,0.096563082025,0.020061590813,0.132404223314,0.022759003542,0.042897344769
0.014331230721,0.279606231771,0.024338610586,0.291705782889,0.152474316606,0.068778753559,0.012030141290,0.119773462756,0.012622808447,0.024338661375
0.008188296185,0.172210156414,0.019116566868,0.174971287208,0.082532406648,0.045487305837,0.020662240259,0.450781872232,0.006933240880,0.019116627468
0.031544124269,0.208860329186,0.050374257752,0.209156729186,0.135551819319,0.142690199370,0.026548214476,0.117306579897,0.027593387416,0.050374359128
0.005646287397,0.179791701677,0.011790172909,0.176022335663,0.175727705876,0.160642985559,0.003284915696,0.268599008146,0.006704676671,0.011790210406
0.021453347376,0.217138608964,0.050441402961,0.214834228317,0.160038858505,0.064389394561,0.013288141596,0.190004807439,0.017969677338,0.050441532942
0.010947373642,0.115412023873,0.015170420209,0.113963097495,0.582953777133,0.059489533534,0.013710577087,0.063118791024,0.010063962979,0.015170443025
0.020034270997,0.153083100233,0.023655275105,0.148754535903,0.392837040124,0.091845914262,0.019021468258,0.107690014548,0.019423089145,0.023655291426
0.019595648534,0.183494299178,0.026257158057,0.178057667419,0.276453420137,0.099975723881,0.018453843589,0.153218059845,0.018236989969,0.026257189391
0.021997527394,0.188726818737,0.067314956133,0.195190619892,0.060952248135,0.149301574286,0.018485585124,0.212669733224,0.018045646921,0.067315290155
0.002821071917,0.063140127004,0.006266933727,0.062062176269,0.040711291174,0.726736354791,0.002414381537,0.086856858446,0.002723853418,0.006266951719
0.016176173690,0.129525390534,0.021690645933,0.128100033151,0.467919531422,0.077340579921,0.015106014412,0.107398567831,0.015052390886,0.021690672220
0.014824920813,0.113924329828,0.023028592581,0.112362419543,0.548024742164,0.077041730730,0.012119044776,0.062882250698,0.012763328236,0.023028640631
0.004719775935,0.181137460603,0.014089387524,0.177500545853,0.128814867985,0.300320533616,0.003491357207,0.172087212476,0.003749409785,0.014089449016
0.004213265569,0.154524640885,0.006576065575,0.146562740424,0.522513007460,0.040518906867,0.003967762262,0.110807950768,0.003739581399,0.006576078791
0.015177579162,0.142794117652,0.049012636324,0.141006651788,0.089844294069,0.042696510239,0.011488296956,0.448573375930,0.010393759907,0.049012777973
0.020694429196,0.178282134932,0.029952023291,0.174388804024,0.241769170774,0.061203579538,0.019967462600,0.224514560753,0.019275750885,0.029952084008
0.004721157843,0.176035343357,0.008600920702,0.172066675462,0.144014083452,0.239585811822,0.003999211426,0.237610477902,0.004765373666,0.008600944367
0.017983120443,0.155622236609,0.024072721751,0.150855977635,0.425114845365,0.058954960703,0.014433864509,0.111013050057,0.017876464333,0.024072758595
0.016332549528,0.207828023719,0.027864126989,0.201009147084,0.250141443361,0.054914102911,0.015405787428,0.184602786182,0.014037839684,0.027864193113
0.054204082178,0.149478767692,0.097741564379,0.153510527336,0.085583344558,0.100783550182,0.076742336542,0.120206006651,0.064008024041,0.097741796441
0.011824940193,0.160136688984,0.015869734861,0.153189827696,0.366660852027,0.051461791345,0.011278812255,0.202411050049,0.011296549743,0.015869752849
0.021566786466,0.179892584164,0.029923622761,0.178860315139,0.214870512914,0.073953981721,0.020711530023,0.229317712298,0.020979294583,0.029923659931
0.016214190212,0.188902785564,0.024470834602,0.183939420531,0.171646527829,0.160441258299,0.014505249975,0.201403130991,0.014005722693,0.024470879304
0.004306225204,0.185950346263,0.005768615741,0.178040941548,0.192296283427,0.271692659165,0.004275101625,0.147823440015,0.004077762200,0.005768624811
0.021576792880,0.168127162762,0.040711765560,0.165899140669,0.321044563237,0.075300563773,0.046989361156,0.099512503127,0.020126249340,0.040711897495
0.012938331613,0.163395756619,0.019170319177,0.158318566127,0.391433058145,0.062026494764,0.011991514244,0.149519658628,0.012035952239,0.019170348445
0.009315961167,0.263119201923,0.018266742393,0.272634460170,0.166689953431,0.045748295159,0.024310924497,0.173693893873,0.007953765030,0.018266802356
0.123522045533,0.079911515617,0.207100826624,0.080434107053,0.057322935715,0.064426076484,0.046967739013,0.062504928110,0.070708703608,0.207101122243
0.022298981975,0.098312476432,0.026822164834,0.098065144935,0.056856038044,0.395517601845,0.150252820633,0.106666406684,0.018386164797,0.026822199821
0.030078397272,0.098200435983,0.034626530907,0.097884591497,0.062676150751,0.516680529271,0.020447028702,0.082205467124,0.022574308027,0.034626560467
0.047342321757,0.189067984210,0.069157290227,0.185447285543,0.193677285608,0.059435719680,0.021123102478,0.138332231350,0.027259301460,0.069157477688
0.565348027177,0.013569107815,0.173525608720,0.013696733387,0.007753353331,0.010084117509,0.007765441518,0.010925955339,0.023806483177,0.173525172028
0.435555992999,0.090501115551,0.074415678645,0.090822725480,0.045950190613,0.053528963648,0.029956908972,0.067718244756,0.037134486395,0.074415692940
0.009431582280,0.169778031147,0.013406607517,0.165475688927,0.370640402210,0.061056133639,0.010819458401,0.176647733636,0.009337729829,0.013406632414
0.007012993550,0.175524032286,0.019693924754,0.173190509363,0.110529485463,0.342251165583,0.004388826831,0.141750643707,0.005964395247,0.019694023216
0.009889099710,0.058514388871,0.030150262867,0.058814646503,0.021686992745,0.724998267247,0.003421718567,0.056341070879,0.006033156699,0.030150395910
0.038641579967,0.155131438544,0.053913766847,0.156110905510,0.107149587480,0.095535258547,0.213804363861,0.088855753836,0.036943491009,0.053913854400
0.074253978337,0.128827268310,0.113351419755,0.130009403763,0.083118711287,0.089727910535,0.044688254624,0.156149047843,0.066522500844,0.113351504702
0.175480618736,0.156473746115,0.076448551341,0.156459773272,0.138774533462,0.067373088630,0.030424791347,0.086218296216,0.035897959175,0.076448641706
0.049471850517,0.161929721019,0.104369357916,0.162285258025,0.082972711613,0.105285804290,0.030303355336,0.160220131865,0.038792185858,0.104369623561
0.051823473268,0.137199876679,0.067214070498,0.137134799874,0.126160718923,0.093177742408,0.143946369053,0.130615470199,0.045513354498,0.067214124601
0.040560381481,0.131890860205,0.058722204425,0.130050050671,0.126260348586,0.065811178123,0.214057048767,0.141525421734,0.032400209263,0.058722296746
0.020864311210,0.045838563909,0.018713227779,0.045854648562,0.032356564686,0.025417546777,0.750405786260,0.030385670663,0.011450426585,0.018713253569
0.023751349616,0.216961252855,0.037312777760,0.217613073011,0.119373723207,0.106677360283,0.030375917429,0.189366672627,0.021255016053,0.037312857159
0.045417466680,0.123863395113,0.055323105194,0.124018692382,0.117739060607,0.085086082772,0.257235029162,0.088563685220,0.047430342005,0.055323140866
0.083646814193,0.112564541912,0.179248469380,0.113397247302,0.068347199780,0.080043012231,0.036337359014,0.097633469451,0.049533080664,0.179248806073
0.108419558472,0.099333979616,0.162151536769,0.099913986752,0.067570438653,0.075980345906,0.053842897913,0.076754759888,0.093880961356,0.162151534675
0.039705150535,0.173412743024,0.082047129044,0.174261220680,0.132529305490,0.113118679269,0.041041663978,0.124965550921,0.036871133515,0.082047423543
0.009410422177,0.278141316782,0.016649691616,0.274889027668,0.185876851643,0.081576256048,0.026081358077,0.102510269599,0.008215069291,0.016649737099
0.007132608751,0.070306175142,0.018182210027,0.071147983511,0.031631532787,0.590421704824,0.004341822886,0.181896982692,0.006756701709,0.018182277671
0.006344417437,0.220160728036,0.013957306854,0.212445474714,0.284322441124,0.044480242554,0.003335830892,0.195901445342,0.005094778601,0.013957334447
0.009620310772,0.151957166466,0.015107471151,0.148854803490,0.519986021277,0.036899785328,0.007138027745,0.087927238786,0.007401668757,0.015107506230
0.017368544364,0.231678358588,0.024498254523,0.241334307070,0.188185139756,0.064373010950,0.016462224953,0.174351833735,0.017250024517,0.024498301545
0.023808599009,0.205839399939,0.053224915199,0.205585729709,0.138013207578,0.099096165737,0.015751637460,0.187669943425,0.017785357801,0.053225044143
0.016487522795,0.147804323193,0.023233615299,0.146430939241,0.424601402915,0.055191306684,0.019691137181,0.127136362363,0.016189730411,0.023233659918
0.017601921155,0.244442674138,0.032196024361,0.251221372590,0.133976813376,0.071787591581,0.013560933015,0.189674543117,0.013342042163,0.032196084504
0.009865242747,0.178231954229,0.013443354154,0.172552827103,0.384764090323,0.058798529918,0.008246526730,0.150529713125,0.010124387143,0.013443374528
0.014053360078,0.123148143373,0.016843836027,0.120888479502,0.547124852106,0.041477521658,0.013064284099,0.090376936190,0.016178734961,0.016843852004
0.005713342592,0.058728587242,0.010765506711,0.060025131403,0.026378874743,0.103149307959,0.003658564956,0.715644223627,0.005170932296,0.010765528472
0.001045304228,0.020310344452,0.001672148287,0.020325272322,0.021726569211,0.006768887974,0.000992200845,0.924419327959,0.001067792646,0.001672152076
0.000543627287,0.012063542817,0.000896687069,0.011768635306,0.012701080518,0.003232496200,0.000456040545,0.956936162144,0.000505039119,0.000896688996
0.001685354612,0.026077105337,0.002632331020,0.025345679817,0.044270540440,0.010281227383,0.001405198216,0.884133028312,0.001537197713,0.002632337149
0.059339166688,0.108724639171,0.159995423474,0.109370711455,0.074253077404,0.063232966429,0.044347365123,0.127206705562,0.093533803087,0.159996141606
0.015723632135,0.203942152790,0.029289572500,0.202814836346,0.140034137736,0.133415260719,0.013226678439,0.216754411470,0.015509665204,0.029289652662
0.001369582792,0.019014675212,0.002940514078,0.019345582434,0.009475175861,0.019693228313,0.000942457855,0.923116400240,0.001161860134,0.002940523081
0.010783807333,0.283317052078,0.024463984823,0.297733719285,0.120483574405,0.058975932639,0.010436038219,0.158510255121,0.010831559286,0.024464076811
0.001032691483,0.019982156311,0.003257686587,0.020203845072,0.008117030565,0.023692160404,0.000731977562,0.918824211546,0.000900539875,0.003257700595
0.017003765596,0.219767368045,0.032274890035,0.227606224488,0.141674532701,0.180873441519,0.013705297816,0.119777522719,0.015041996428,0.032274960654
0.018190090674,0.199654539697,0.028043783757,0.200180237179,0.270582269582,0.074426978923,0.016849258332,0.147037863874,0.016991143092,0.028043834889
0.162941378083,0.199194476265,0.044292176574,0.196310210246,0.166571688641,0.048623368214,0.010049738324,0.107786042420,0.019938685638,0.044292235594
0.009354282263,0.158472822973,0.013529785107,0.155851539173,0.513352366758,0.040761730706,0.011078691936,0.074226841573,0.009842128723,0.013529810788
0.027413210059,0.209828225222,0.046846627390,0.209006940406,0.181134999674,0.065298823945,0.031353086597,0.152495178100,0.029776149668,0.046846758939
0.036053172122,0.192547096354,0.072400320637,0.190380387824,0.166136571798,0.087676602599,0.032817525859,0.118807087303,0.030780697166,0.072400538338
0.067773729126,0.132975147114,0.078616160732,0.132911538661,0.109240553867,0.134698886131,0.045999874673,0.163025644590,0.056142281628,0.078616183479
0.039351828057,0.183343317679,0.056223338090,0.182341069968,0.132165649606,0.124528785060,0.027589632384,0.167469682931,0.030763274348,0.056223421877
0.661903678140,0.031610329602,0.083782675609,0.031918595887,0.019417940546,0.019155940776,0.016941669173,0.024633647645,0.026853088734,0.083782433888
0.018625956615,0.216868447077,0.043751432377,0.225646091342,0.274454317639,0.044169823690,0.014367419860,0.102731908055,0.015632991777,0.043751611568
0.034773093927,0.226347965128,0.059568019151,0.223607967663,0.152220601364,0.072808841746,0.015688456171,0.132127758048,0.023289177156,0.059568119645
0.038197576384,0.177574817651,0.080118510487,0.178579150966,0.088560741727,0.148232250000,0.039326763136,0.127217851147,0.042073583258,0.080118755244
0.011577502543,0.274964211582,0.017327291562,0.268519954194,0.172588639094,0.088071698825,0.012478062291,0.126168843572,0.010976464026,0.017327332312
0.002746808663,0.113723740370,0.004214537998,0.109570197191,0.686471975204,0.021003588066,0.002411256490,0.053040449630,0.002602902178,0.004214544208
0.028312191976,0.127655836540,0.045110734098,0.127729415375,0.065815737747,0.372550988512,0.023484662371,0.134659302466,0.029570303664,0.045110827252
0.005992623360,0.261118866380,0.012246456859,0.253220016064,0.194864482588,0.126886660375,0.005445163331,0.122469300591,0.005509930726,0.012246499725
0.063926351667,0.159119222466,0.134746783504,0.160993269321,0.085580813501,0.090485867424,0.031539112175,0.090436827847,0.048424743825,0.134747008269
0.008755520563,0.225975936872,0.014534197880,0.221398592069,0.122257776788,0.179476969808,0.007148125914,0.197635684558,0.008282968706,0.014534226842
0.032559251162,0.198527200706,0.062405853659,0.197986572196,0.131276994499,0.115073067234,0.038267049246,0.124065644634,0.037432308038,0.062406058625
0.005014289720,0.225166077492,0.008671200502,0.229993293893,0.107461798843,0.186295647687,0.004659541451,0.219667731176,0.004399198422,0.008671220815
0.017821903582,0.231625035646,0.024022943352,0.226587200231,0.211260108770,0.087134016656,0.025617446690,0.133484249827,0.018424116743,0.024022978503
0.013284770725,0.211885202434,0.016672406057,0.206208699059,0.282663558314,0.075870977144,0.014387021246,0.149194575037,0.013160366714,0.016672423270
0.007481856539,0.212700219986,0.011828785840,0.206111879314,0.275369287452,0.067323726009,0.005284393437,0.194786170631,0.007284881172,0.011828799620
0.005401017203,0.186151539203,0.013194985023,0.180501753265,0.347739551823,0.036591012638,0.003314480734,0.209357982028,0.004552654468,0.013195023614
0.010116885490,0.203080208749,0.014982761577,0.197686742523,0.350887166885,0.060960585955,0.009675662631,0.128375608794,0.009251591018,0.014982786379
0.006355552037,0.089586613796,0.012064022139,0.088822370757,0.042537630601,0.634434675763,0.004192009350,0.104235558211,0.005707520778,0.012064046567
0.003405470052,0.111949100185,0.004880321944,0.113557822569,0.083152005927,0.571442772918,0.003290515284,0.100018305834,0.003423354855,0.004880330431
0.000736782989,0.012437474613,0.001501728179,0.012197461304,0.010281760198,0.014362601719,0.000497529669,0.945890505811,0.000592423471,0.001501732048
0.017573861196,0.149595238620,0.021358881602,0.147414631268,0.278910239665,0.079917679899,0.018049432468,0.248626084750,0.017195046026,0.021358904508
0.003384443697,0.105679940899,0.006989830999,0.103420448193,0.056991000836,0.568915464710,0.002753804350,0.141609874415,0.003265338008,0.006989853892
0.005476842928,0.130877002796,0.008379118087,0.127901791188,0.124566775681,0.381170246124,0.005925366908,0.202158451397,0.005165273897,0.008379130992
0.029849236449,0.236916442150,0.055853818051,0.238166935856,0.141023859577,0.084423608576,0.026218433800,0.104014017509,0.027679648710,0.055853999322
0.010056780572,0.106660642077,0.020813862602,0.105653889379,0.087331034246,0.541026756983,0.006854026192,0.092277801158,0.008511304760,0.020813902030
0.017036918685,0.107333163216,0.028626568284,0.107046286578,0.061459223559,0.430177498125,0.014821411886,0.190579938341,0.014292357521,0.028626633804
0.006539032235,0.252712193554,0.011913393028,0.259528718405,0.186512747637,0.080935581155,0.005849099306,0.178351784869,0.005744026397,0.011913423413
0.019994363417,0.207748423508,0.026290474195,0.208173136400,0.182419673823,0.092588567096,0.022789302630,0.193159434497,0.020546118525,0.026290505908
0.008780407708,0.213676694453,0.015757212640,0.214727157280,0.134215577891,0.234950781824,0.007688948657,0.145880587053,0.008565382800,0.015757249693
0.005083475761,0.153604972300,0.007577282812,0.153235279521,0.506016768940,0.086025382821,0.004610387171,0.071403052781,0.004866097290,0.007577300602
0.005099386298,0.029024373351,0.008596929831,0.029200592869,0.013958968371,0.872041046054,0.003854233835,0.024994155875,0.004633368445,0.008596945071
0.006870811846,0.211729741650,0.013156477782,0.209465983893,0.328999261603,0.048197070490,0.007471588283,0.155103886050,0.005848669188,0.013156509215
0.003855069341,0.201699544400,0.008582114663,0.196073770342,0.263592379708,0.170283535531,0.003503370349,0.140052375910,0.003775692575,0.008582147183
0.027218426327,0.180496334408,0.038565460796,0.179335217206,0.228042337187,0.092333948072,0.023299831715,0.163421874809,0.028721038139,0.038565531341
0.021732388377,0.227853032534,0.039693403328,0.229047492316,0.179743585109,0.094681055034,0.036730350898,0.111093108534,0.019732063421,0.039693520450
0.015046181456,0.109293461346,0.027191162077,0.108660167711,0.061563998602,0.514367467397,0.009856218671,0.115130334364,0.011699765214,0.027191243161
0.016947541796,0.191885315701,0.030571493883,0.189771025465,0.335238608355,0.067757380999,0.020033614683,0.102034630294,0.015188813199,0.030571575626
0.035399597069,0.201194274609,0.060363836336,0.205539007323,0.116547174879,0.108242329613,0.033640750073,0.145766056780,0.032942992055,0.060363981263
0.002693351618,0.071538907541,0.004194919783,0.070890330550,0.075464115910,0.698096118767,0.002610274513,0.067545330532,0.002771724174,0.004194926612
0.007965240755,0.286813135475,0.013240230828,0.282793251255,0.157882221512,0.081424542592,0.013952409933,0.135230364160,0.007458350084,0.013240253406
0.014145025207,0.209901390314,0.024365434075,0.215876108464,0.277283597905,0.043676013336,0.014876623848,0.160127758539,0.015382544150,0.024365504164
0.002581939336,0.171255265095,0.003838632493,0.168986572307,0.387653150916,0.131412853286,0.002615079189,0.125286214710,0.002531651776,0.003838640890
0.013020381067,0.216965517613,0.019045963169,0.213779312048,0.241212657093,0.054255615812,0.016247893724,0.193300024781,0.013126644696,0.019045989997
0.006636667769,0.154574096201,0.009441796450,0.150727552326,0.226723714987,0.196272690464,0.006493006506,0.232392093056,0.007296566065,0.009441816175
0.005762694764,0.099693070724,0.007841573487,0.097651771792,0.686642312271,0.033973358262,0.005648108988,0.049442239390,0.005503285539,0.007841584782
0.011555582969,0.270495870781,0.022573914987,0.286607592274,0.097105238683,0.061124132708,0.013853363538,0.204331996761,0.009778323861,0.022573983439
0.015872952675,0.207354261165,0.026027143235,0.202717113477,0.277413804245,0.056853862035,0.015337800234,0.157380313416,0.015015555116,0.026027194403
0.020044290236,0.219329158101,0.034339427706,0.218577507789,0.177348109414,0.154039169166,0.016318295124,0.106528282896,0.019136246077,0.034339513493
0.059810373268,0.200884500523,0.080851837680,0.202254583131,0.117878029511,0.085538939376,0.038294478890,0.095142104102,0.038493214209,0.080851939310
0.235245769130,0.087429544606,0.153193814261,0.089512694221,0.047457095135,0.061240276290,0.026866630598,0.075304094076,0.070556588123,0.153193493560
0.026109794741,0.108198070818,0.057253116863,0.107983449926,0.056716728163,0.453471992856,0.011256358072,0.104074933972,0.017682324303,0.057253230286
0.004137388188,0.111544041561,0.006004761218,0.108450519525,0.637619539792,0.053089754113,0.003564104224,0.065605042558,0.003980078020,0.006004770802
0.013361502299,0.228181656402,0.021176625630,0.223818671453,0.230517097573,0.061245284076,0.012270216673,0.176564130403,0.011688146132,0.021176669360
0.011983876137,0.192179492076,0.015688412502,0.186665460564,0.375571111273,0.066862161338,0.012579647406,0.111389296842,0.011392106985,0.015688434878
0.001959398020,0.181783947393,0.003523808412,0.174184372424,0.145846747480,0.193431427039,0.001643027495,0.292372471388,0.001730983482,0.003523816868
0.007874826994,0.280712820583,0.012440286259,0.290713288936,0.160779232643,0.087914648530,0.008892938311,0.131182502267,0.007049147028,0.012440308448
0.009554452736,0.203001686983,0.020216214279,0.200318312576,0.094356208458,0.142202175270,0.009676242838,0.291363282448,0.009095146862,0.020216277551
0.015311857332,0.163814396163,0.032719052898,0.167032058674,0.081522824762,0.368249307904,0.006891090469,0.123003943748,0.008736365932,0.032719102119
0.019358541971,0.155145986046,0.034739968231,0.152500906864,0.140026983142,0.278906821787,0.014582235249,0.151269170825,0.018729325669,0.034740060216
0.005897431686,0.299738745809,0.010001054143,0.311173983562,0.156002161426,0.070800488715,0.005094918701,0.126336774993,0.004953368277,0.010001072688
0.000921683649,0.024117950639,0.002674556765,0.023696814317,0.010360191940,0.032602356638,0.000549545428,0.901615722712,0.000786605727,0.002674572186
0.006691956423,0.119768589223,0.009131411661,0.116199097461,0.635736037317,0.025127210347,0.005474824213,0.066421661253,0.006317785820,0.009131426282
0.009517968336,0.202627586232,0.013306503766,0.195532206188,0.321717855829,0.045443617176,0.008438524968,0.180503702170,0.009605509544,0.013306525792
0.006146768726,0.147509515759,0.009161352980,0.144805485769,0.345515915407,0.051556774189,0.007090908359,0.273223753706,0.005828156574,0.009161368531
0.030453956497,0.203569895005,0.062267387473,0.203729923037,0.143563872512,0.090108018611,0.027898013384,0.150924429303,0.025216917095,0.062267587084
0.007482986700,0.128882859230,0.010372003201,0.127518387075,0.318581693934,0.051706576315,0.007876103959,0.330031726839,0.007175643223,0.010372019523
0.031095578138,0.140684894899,0.089377446682,0.142370672527,0.052226156103,0.298905130619,0.017881772493,0.105583225114,0.032497279928,0.089377843497
0.024373399458,0.162027750861,0.032214649068,0.160908055377,0.342023150577,0.066019165853,0.059965965737,0.095016503409,0.025236672224,0.032214687434
0.004594375648,0.067413163254,0.007767666926,0.066581659946,0.039177766243,0.738996588914,0.003945573601,0.058495624701,0.005259895133,0.007767685634
0.015358646392,0.182739316605,0.032731338796,0.180347964413,0.170590805608,0.049353173973,0.022958973426,0.299822608335,0.013365790985,0.032731381468
0.010290479875,0.099278078070,0.017715144359,0.098621855800,0.072748025117,0.562424959786,0.007788035736,0.102155590322,0.011262660480,0.017715170455
0.010435246410,0.081674357406,0.018854092133,0.081669030556,0.046870677106,0.626879881344,0.007218065678,0.094789669184,0.012754845020,0.018854135162
0.037625755567,0.170878230786,0.095103792870,0.170241281146,0.108801536614,0.078216067015,0.027086378352,0.184950555361,0.031992381933,0.095104020357
0.031254771412,0.196043825996,0.089550547443,0.194564575972,0.138724549421,0.073081044021,0.039949563587,0.125406543729,0.021874019530,0.089550558888
0.021686758630,0.166397913155,0.040537262324,0.171119270004,0.069604147435,0.108814543059,0.021209733480,0.340865824008,0.019227168195,0.040537379710
0.032517376151,0.181990464568,0.052755549285,0.181670610483,0.109953711425,0.075914467321,0.043690506564,0.239538165773,0.029213474527,0.052755673904
0.016144347689,0.155576977136,0.024502269113,0.154464279856,0.398344112021,0.071436956382,0.019475304524,0.118572881316,0.016980561129,0.024502310835
0.027942548911,0.159394522374,0.074688544081,0.159609426842,0.071034663481,0.215030184569,0.015950053225,0.171609762832,0.030051453920,0.074688839765
0.021237743374,0.262915353183,0.043686725823,0.275686178972,0.080426402996,0.069869189713,0.029786094781,0.155396326740,0.017309083936,0.043686900482
0.005100751437,0.161730214135,0.009436552195,0.160274579245,0.337038422523,0.173610254417,0.004289119501,0.134264684576,0.004818843657,0.009436578314
0.007906123795,0.089777571227,0.014793184417,0.089712006137,0.035848011274,0.602744428179,0.007677114898,0.128854176153,0.007894157184,0.014793226736
0.036100326073,0.194406949755,0.047880603121,0.193792591604,0.150143842212,0.078895746198,0.033596948554,0.183356870802,0.033945454571,0.047880667111
0.002220312314,0.039032337188,0.003889029092,0.037906953726,0.060456167987,0.015541458573,0.001605905950,0.833374760675,0.002084039705,0.003889034789
0.002820025996,0.061631405529,0.005656916390,0.061328640829,0.046435866686,0.019326484963,0.002795896863,0.791529479700,0.002818344251,0.005656938794
0.012329238459,0.117124979740,0.025202278950,0.119405185729,0.038866913280,0.074038202159,0.006861577438,0.572523920657,0.008445414171,0.025202289416
0.011972033226,0.228149773415,0.025797079055,0.224689259209,0.180372263662,0.176409442039,0.007190741400,0.110054154552,0.009568125924,0.025797127518
0.004916523808,0.170516469055,0.009907549148,0.165800066886,0.453065305910,0.029532009528,0.004912026361,0.146818196173,0.004624271639,0.009907581491
0.013248375481,0.209248485127,0.023950026399,0.207419720893,0.092523673548,0.156693932521,0.049133791276,0.212222625787,0.011609290325,0.023950078644
0.007626617369,0.145247482074,0.019054260697,0.144269245700,0.094903005891,0.431588811459,0.007465554157,0.122220149533,0.008570546176,0.019054326945
0.001998238552,0.093386515288,0.002848124551,0.089467322040,0.719154938615,0.018419673012,0.001822100508,0.068147424056,0.001907534791,0.002848128589
0.008400210588,0.224212369796,0.016392631492,0.228304490114,0.258647512529,0.095402683838,0.007304829134,0.136710471584,0.008232116913,0.016392684012
0.009617882316,0.224985395817,0.017084228443,0.222544992338,0.290277580959,0.029874191459,0.041725682975,0.138017372496,0.008788400277,0.017084272920
0.005186638371,0.056264673387,0.011264528258,0.056012753796,0.026356264831,0.771874045077,0.009034295181,0.048139466784,0.004602763560,0.011264570755
0.022616233797,0.200813619199,0.041824937162,0.200237400933,0.097635619642,0.132941009626,0.016326728948,0.227311034944,0.018468378850,0.041825036898
0.049457047168,0.181563501781,0.076602133409,0.180399851947,0.183619722031,0.063751029180,0.024459633378,0.135122735366,0.028422099454,0.076602246285
0.018141919781,0.211707369764,0.029282278611,0.211949811048,0.151644545941,0.074485119592,0.018642007390,0.236815429246,0.018049197943,0.029282320684
0.011400383920,0.232970493283,0.016022698022,0.225795933232,0.269025993969,0.058221990173,0.011534706140,0.149248972239,0.009756110350,0.016022718674
0.007794339063,0.164495754652,0.012211286797,0.158566612496,0.402584994421,0.048423920594,0.008196537727,0.178492651949,0.007022592537,0.012211309765
0.002300828261,0.216230226185,0.003758422408,0.206030502106,0.164671869671,0.257252411356,0.002224981156,0.141652451593,0.002119878644,0.003758428619
0.082945360292,0.135823891777,0.088433966540,0.138561745386,0.102536862517,0.111294749529,0.068673563824,0.114021796486,0.069274068058,0.088433995591
0.016269603854,0.196976074107,0.028709400977,0.200418816053,0.318932150175,0.056909616345,0.018471530141,0.119766680766,0.014836653512,0.028709474067
0.013592477994,0.246591006811,0.034991567973,0.241906033082,0.258116618467,0.049345396634,0.012258917673,0.097572877042,0.010633383683,0.034991720642
0.007932673117,0.161075028360,0.016040894954,0.163331752444,0.074456371466,0.076158367294,0.007397745996,0.468648935031,0.008917282720,0.016040948618
0.026074517131,0.175765873748,0.043948854661,0.176364632217,0.248476406674,0.133611854529,0.023626021677,0.104710763321,0.023472128375,0.043948947665
0.022895013168,0.214438144618,0.030583339214,0.216763016496,0.191646071923,0.107815056051,0.025057046454,0.137947062676,0.022271869998,0.030583379401
0.004618083510,0.054182698994,0.009739291991,0.055056628537,0.027109363261,0.792137141091,0.004934731694,0.038301248805,0.004181494393,0.009739317725
0.007338963641,0.216717580465,0.018346602981,0.215192744149,0.120732206919,0.160166059962,0.004886082648,0.232375250277,0.005897830439,0.018346678518
0.021477598873,0.192421485642,0.035225234977,0.195687298138,0.278188272492,0.066559978494,0.022433927459,0.133411106543,0.019369785867,0.035225311514
0.015475384105,0.188356419194,0.027948176300,0.185407320299,0.322380520047,0.070290938062,0.017712814556,0.128098487563,0.016381693123,0.027948246751
0.005310308642,0.156762278822,0.008536877828,0.153446150115,0.521905815820,0.038414231206,0.005041904186,0.097015445062,0.005030090009,0.008536898311
0.013893277762,0.228729572952,0.023094988136,0.233756052569,0.203585135319,0.068158261194,0.013561298357,0.177856138371,0.014270232115,0.023095043227
0.013616554874,0.189633463005,0.024445975795,0.192809759284,0.374113015606,0.056583358681,0.015026544415,0.097030506362,0.012294777350,0.024446044629
0.016375853113,0.080545406803,0.044680932591,0.080685783625,0.041610416493,0.624695851793,0.012846215076,0.043182983293,0.010695505916,0.044681051296
0.057950789021,0.158683698935,0.094614600972,0.163336491042,0.067742691153,0.195492548382,0.023217917758,0.107304044372,0.037042569691,0.094614648674
0.016137856223,0.168061310287,0.021204239340,0.163850889736,0.380715089428,0.067657203832,0.016032244070,0.126884365647,0.018252537922,0.021204263514
0.009981852116,0.086052610717,0.027329869254,0.088668256961,0.034957417996,0.656915227204,0.016382104838,0.043971014309,0.008411632015,0.027330014590
0.011109774307,0.100539101650,0.019417036036,0.101185470686,0.046811942396,0.599217553856,0.005905942895,0.086755664081,0.009640442335,0.019417071758
0.016582926155,0.212801809366,0.030458815500,0.213992087123,0.244148753093,0.073707673360,0.013966957845,0.148393930858,0.015488150839,0.030458895860
0.003201252890,0.128584775984,0.005450085778,0.125085483189,0.597666823053,0.036182936652,0.003359283823,0.092038059551,0.002981200736,0.005450098343
0.035912275371,0.106874307796,0.135577751925,0.107223856417,0.050774469092,0.302655246051,0.018526105198,0.082204089201,0.024673260755,0.135578638195
0.005442480539,0.091595480263,0.010157565022,0.090165521008,0.150958048501,0.574341727041,0.004322424565,0.057791822233,0.005067338708,0.010157592120
0.012192311119,0.093791082714,0.019099416465,0.094913381040,0.052829618014,0.627110691276,0.010204576648,0.059433999684,0.011325483024,0.019099440017
0.021379992610,0.218294882283,0.041462993632,0.221133197799,0.172268712033,0.113154641824,0.017279349836,0.134601277864,0.018961867523,0.041463084596
0.011540313921,0.213488300271,0.015822258579,0.208236675588,0.193192190008,0.131676931006,0.010402548359,0.187900787643,0.011917711195,0.015822283430
0.012369466564,0.202239850439,0.030920991864,0.198255314871,0.382881126305,0.046809251547,0.007296418790,0.079040643631,0.009265820355,0.030921115633
0.023479767917,0.219127978022,0.040423220519,0.225599703297,0.124961459965,0.140070550620,0.025780986126,0.139651480151,0.020481549681,0.040423303702
0.051993861288,0.161501923501,0.082406153225,0.164399887243,0.111111394822,0.128355795099,0.045744806871,0.125135037831,0.046944818680,0.082406321440
0.019557621573,0.194623206995,0.039553490396,0.195137539371,0.133293054607,0.164382519003,0.014823430178,0.181848696089,0.017226810746,0.039553631042
0.012144391020,0.179678128863,0.021241264961,0.173803261354,0.309471102961,0.074622867859,0.009886708814,0.185806844790,0.012104093246,0.021241336132
0.005128983678,0.150332349423,0.007580786587,0.146596254435,0.569985982474,0.025555581515,0.004680583334,0.076721665887,0.005837011185,0.007580801482
0.041902192757,0.156946470781,0.087631677061,0.156471872303,0.161285465560,0.110583768442,0.035251549226,0.121552176488,0.040742869188,0.087631958193
0.024084076136,0.180699088543,0.032283284767,0.182987855401,0.135054467299,0.238460254248,0.029983335664,0.118850305634,0.025313989220,0.032283343089
0.004362697157,0.067703935388,0.006247804405,0.067126912120,0.040517775205,0.755803022472,0.004371244855,0.043490500988,0.004128292674,0.006247814736
0.008873504435,0.302915270859,0.020198583212,0.325628839690,0.070999247958,0.058663956741,0.008011690643,0.176663708955,0.007846539402,0.020198658104
0.018178950704,0.178161854270,0.038909996941,0.184104707544,0.043771374226,0.314708799903,0.043844504973,0.126613163483,0.012796566477,0.038910081480
0.019963553458,0.219824147588,0.035388245426,0.219502454370,0.193443565293,0.085177994028,0.016382719712,0.157955148373,0.016973828889,0.035388342863
0.017280848136,0.151405074561,0.022417860950,0.149080333202,0.424474400579,0.063061208313,0.016086657598,0.116642297401,0.017133429421,0.022417889839
0.004901482546,0.105101691229,0.006418662504,0.101724076380,0.674025013118,0.024878274391,0.004424365811,0.067515985534,0.004591777928,0.006418670559
0.007629176902,0.123851788209,0.014855947018,0.121913123634,0.107503808808,0.378389388905,0.006545973918,0.215790658442,0.008664158706,0.014855975458
0.032038380922,0.245357255388,0.064351651510,0.256380900728,0.109126982148,0.064384883079,0.013036879898,0.130239575768,0.020731889149,0.064351601410
0.011523086962,0.141789832770,0.024290902559,0.139927650452,0.077705309803,0.083172466319,0.005556923971,0.483638864298,0.008104041611,0.024290921254
0.008055566069,0.176608266207,0.014661159679,0.172283643255,0.333779406164,0.059899713721,0.006026963074,0.207100126089,0.006923954177,0.014661201564
0.013614204240,0.185151782749,0.036625037868,0.182872577682,0.139714405507,0.273326063269,0.007161392981,0.113271538700,0.011637813037,0.036625183968
0.027011121508,0.211041859655,0.130274190512,0.220186660596,0.077344370275,0.056426176065,0.017922997032,0.109563126329,0.019954408663,0.130275089365
0.008787428452,0.223428294727,0.025987341081,0.218995337448,0.247048408449,0.096854100205,0.006942451001,0.138472732082,0.007496469802,0.025987436753
0.069126276354,0.119587805192,0.174321370595,0.120755748195,0.078993931234,0.060832037754,0.036421843766,0.105809977268,0.059829042387,0.174321967254
0.073854570061,0.074674370268,0.257113680411,0.075182744385,0.041549001194,0.063757378622,0.028448408203,0.074225273188,0.054079360307,0.257115213361
0.058401203249,0.087668622494,0.261370625847,0.088784896512,0.047126707037,0.043619167380,0.026129989511,0.084558462036,0.040967115388,0.261373210546
0.065303464840,0.132398462769,0.133839737601,0.133153585946,0.075984454731,0.084542121570,0.035092677035,0.148918168720,0.056927099852,0.133840226937
0.010119780896,0.116035358770,0.016933010603,0.118074117167,0.047997412691,0.561456830755,0.007710495497,0.096186689945,0.008553260448,0.016933043228
0.047971602867,0.139443441395,0.156700439684,0.140057391197,0.078765641725,0.055852835002,0.038057635633,0.148303702263,0.038145788209,0.156701522024
0.057345864733,0.117279901318,0.175343236825,0.117026457108,0.065149065056,0.060641825499,0.022000415877,0.159946557336,0.049922764033,0.175343912215
0.309915514149,0.001383482628,0.020183287035,0.001395113319,0.000846628567,0.001026399439,0.002240772160,0.001022470403,0.641803182271,0.020183150029
0.119285957471,0.093692904796,0.146285886364,0.094017329576,0.076636617975,0.081851004122,0.056224763226,0.080335528153,0.105384129564,0.146285878752
0.114808083875,0.036950120912,0.261678219285,0.037249771930,0.021417450048,0.025017739851,0.012057534796,0.031848416474,0.197293908164,0.261678754665
0.345302970595,0.038713478559,0.153543822203,0.038872609195,0.030498248019,0.036447490017,0.029666999933,0.035479152591,0.137931195246,0.153544033643
0.041988686870,0.180145793693,0.106175147912,0.180025002197,0.105138756222,0.072489564494,0.024164935723,0.150654277573,0.033042221997,0.106175613319
0.089028837146,0.119044166455,0.181933818568,0.119680640983,0.054715961494,0.064331688020,0.026536483333,0.116686571266,0.046107882122,0.181933950612
0.151172566234,0.046038786405,0.242659519086,0.046370854576,0.029728103394,0.053772497672,0.027075484890,0.044865888784,0.115655449994,0.242660848965
0.082037937311,0.037713893598,0.306617522310,0.038031675604,0.022906611828,0.029063028076,0.067222158436,0.029530117592,0.080258735064,0.306618320181
0.227753152254,0.026388248661,0.094294098067,0.026514268805,0.020849634822,0.022252347081,0.022067150089,0.023294635769,0.442292515188,0.094293949263
0.112866841479,0.082402554419,0.193158077973,0.082789123834,0.064025825728,0.061293284097,0.049948862863,0.067109955267,0.093246906425,0.193158567915
0.070524715987,0.021444084792,0.158438374676,0.021605919627,0.014252559426,0.016313621934,0.012894630374,0.016055568051,0.510031671740,0.158438853392
0.331805205397,0.010072984906,0.293178297869,0.010192123961,0.005912030857,0.007226928725,0.005554956753,0.007983602282,0.034898445642,0.293175423607
0.089840352541,0.101385558761,0.182365632301,0.102062614987,0.067589293040,0.067895779749,0.042461728293,0.078643785114,0.085389241474,0.182366013741
0.112397165213,0.042561622934,0.329069343873,0.042968025707,0.021567249993,0.034005153035,0.013264232119,0.036108669654,0.038989198674,0.329069338799
0.085133169521,0.058205519878,0.307390936136,0.058719692435,0.035734876248,0.033449914750,0.040967494119,0.037559557160,0.035447938486,0.307390901267
0.073353807950,0.028005336449,0.140900941664,0.028213235172,0.018996657631,0.022505628017,0.037978409572,0.024877329151,0.484267589168,0.140901065227
0.822118262588,0.012066588873,0.044398385545,0.012139163011,0.008809132714,0.010167380621,0.007632850363,0.009747550737,0.028522320564,0.044398364984
0.089892554361,0.071338652655,0.153141892510,0.071735827867,0.044740764373,0.047884917082,0.027735734898,0.061940662727,0.278447008820,0.153141984705
0.776221180561,0.017082567903,0.045781035155,0.017161509495,0.013548445690,0.013869901948,0.013181067079,0.013992819696,0.043380594996,0.045780877478
0.078915575633,0.030061766385,0.178223703530,0.030336161690,0.019998076056,0.022558163030,0.018624548521,0.022897049555,0.420160432595,0.178224523005
0.059424059317,0.106504130822,0.111944150094,0.106383992073,0.068699293441,0.128975397437,0.031918415199,0.101647814260,0.172558401682,0.111944345675
0.098819528028,0.020551340997,0.377846008942,0.020727361102,0.013246331973,0.014036657892,0.013146806098,0.015923625735,0.047855489507,0.377846849726
0.074433680733,0.070424955412,0.261122026153,0.071164011436,0.041847681426,0.036935095685,0.029983472377,0.061241476471,0.091723871555,0.261123728753
0.122274566631,0.022086301260,0.321423493122,0.022216541594,0.015197804921,0.017507533781,0.011948679740,0.018029607531,0.127892403780,0.321423067641
0.524576019140,0.001891050336,0.034475513574,0.001907659391,0.001204110434,0.001459105552,0.001266928952,0.001419395978,0.397324844745,0.034475371898
0.104541442294,0.052887171148,0.159366250391,0.053401614130,0.030811025638,0.036542562325,0.072327013857,0.035944128808,0.294812385061,0.159366406348
0.122308413604,0.073368910329,0.228293896579,0.073844605656,0.047105911091,0.052675248134,0.030202588161,0.081437920146,0.062467931155,0.228294575145
0.092231516793,0.007385102096,0.054460972760,0.007434546287,0.005334827966,0.006051390546,0.004755402811,0.006552159269,0.761333150798,0.054460930675
0.064857041746,0.070589393413,0.214882747402,0.071012142009,0.037999083857,0.056859723675,0.162906230840,0.057551530806,0.048458633104,0.214883473147
0.068459895163,0.060188176930,0.316007169968,0.061087486056,0.027651108130,0.032912795224,0.012607624618,0.037254763957,0.067821857963,0.316009121990
0.052748572133,0.007643098683,0.039460844057,0.007709437279,0.004997709341,0.005026509960,0.003894049699,0.006099381841,0.832959614802,0.039460782206
0.109439956968,0.049606744816,0.253203492887,0.050122258614,0.029077931301,0.037891356182,0.025969507167,0.036889819958,0.154595412492,0.253203519615
0.092376441471,0.094143721964,0.142169448023,0.094824034728,0.066481365218,0.071015235719,0.123192714814,0.075723658439,0.097903873386,0.142169506238
0.089097905727,0.097462811464,0.150815673519,0.098283917191,0.070477067151,0.064224756434,0.112318064883,0.079528533025,0.086975373563,0.150815897044
0.095483043928,0.063069535796,0.266872963058,0.063690197121,0.036244784543,0.044232338112,0.022107030999,0.048092535946,0.093333924830,0.266873645667
0.093693283379,0.109668314901,0.104172343924,0.109961187337,0.092577150834,0.107633714420,0.089576895641,0.101802787525,0.086741961588,0.104172360451
0.109270427849,0.092259123366,0.163532576374,0.092480062460,0.077554245879,0.076498006437,0.054913242898,0.078418045902,0.091541766339,0.163532502495
0.098621116520,0.017228867803,0.112957101611,0.017321968560,0.013522323741,0.015079796832,0.013584673268,0.014548727939,0.584178539889,0.112956883836
0.169275629249,0.034521511955,0.306132831341,0.034791460622,0.022339303991,0.023672127077,0.018723553803,0.030688692114,0.053722151116,0.306132738732
0.065036931653,0.006704648461,0.078281692876,0.006748286168,0.004216153759,0.004390654974,0.003372247121,0.005191698675,0.747776332935,0.078281353377
0.280135917482,0.019709400039,0.288659000131,0.019856296077,0.012029142467,0.014561215566,0.009076056562,0.015600470567,0.051715620302,0.288656880807
0.169936474167,0.024021073306,0.326708910098,0.024187745259,0.015903086035,0.021398046961,0.012958212935,0.021627621937,0.056550855436,0.326707973866
0.094686808601,0.089316514775,0.159504303620,0.089649997093,0.065969975284,0.096345693356,0.051846696466,0.083654373808,0.109520897230,0.159504739766
0.024840333900,0.006563401720,0.035427776347,0.006583445944,0.004412811764,0.004009948286,0.007138642771,0.004736835617,0.870859004818,0.035427798834
0.489756590495,0.038582482504,0.111416773493,0.038725754034,0.028252716666,0.043937477160,0.025607765496,0.038496611330,0.073807080858,0.111416747964
0.596125359126,0.005703919167,0.030507038093,0.005708692015,0.004309893981,0.005152979583,0.002826866770,0.004703837487,0.314454564170,0.030506849609
0.060811847058,0.123461648884,0.165458944098,0.124314269120,0.074731117727,0.115706382005,0.037744445066,0.078009022434,0.054302499681,0.165459823928
0.063312705202,0.077102703403,0.261323197382,0.077730825069,0.049523928323,0.048600831006,0.031938839904,0.076782473842,0.052359343245,0.261325152624
0.090027347757,0.019311890080,0.105251312190,0.019417650502,0.014923980865,0.014873176690,0.018881317413,0.015544959445,0.596516890801,0.105251474258
0.068750442607,0.128639245833,0.153847875201,0.129688425165,0.083951153050,0.073466465175,0.034833200286,0.097316439494,0.075658319997,0.153848433193
0.130723077921,0.051438685064,0.259407055225,0.051910535143,0.034255145909,0.032507543305,0.083496299345,0.038795058064,0.058059692681,0.259406907344
0.069885952405,0.112021182359,0.197372572547,0.113169014124,0.072810962409,0.061458599640,0.042585953167,0.074333205764,0.058989162480,0.197373395104
0.096825456878,0.079440969529,0.192665923259,0.079875837808,0.055731846690,0.052318541441,0.047519212870,0.062015261631,0.140940186621,0.192666763274
0.059998665895,0.044276163922,0.344449957605,0.044870731687,0.021036243036,0.028625227806,0.014865408021,0.028330908255,0.069093990205,0.344452703569
0.101896930259,0.035966948862,0.275467251598,0.036263433370,0.022613877049,0.024543421539,0.132606987233,0.033371257759,0.061802731660,0.275467160670
0.098696036092,0.075869405859,0.191424071407,0.076075303157,0.063893129375,0.073928188209,0.063401778641,0.075442489700,0.089844398049,0.191425199512
0.334734484539,0.036420848356,0.194700388920,0.036681649177,0.025234019256,0.033439705134,0.024055161151,0.030076154828,0.089957846748,0.194699741890
0.090260259281,0.074572696330,0.197000394669,0.074883940565,0.056957381984,0.063566957075,0.055805397520,0.104732692581,0.085218572862,0.197001707133
0.277175246440,0.014085397210,0.302238986580,0.014228098673,0.008991516495,0.010795559668,0.007930259794,0.010760601089,0.051557699652,0.302236634399
0.093597590634,0.016065803935,0.098010086069,0.016145533105,0.011714084567,0.012610648716,0.008811651494,0.016054040541,0.628980608396,0.098009952544
0.092197594000,0.079739734643,0.230898677741,0.080273930900,0.050719932321,0.050963245226,0.029243139797,0.099124918795,0.055939649015,0.230899177562
0.129002948203,0.086698868791,0.119225964973,0.086813987148,0.078040244695,0.078113727577,0.079259852046,0.078259168871,0.145359348819,0.119225888878
0.015053754097,0.002607152045,0.014841969094,0.002623179738,0.001909210851,0.002103314913,0.002028526266,0.002221239045,0.941769668283,0.014841985667
0.126111171718,0.034158388069,0.241750406077,0.034436835611,0.023293172356,0.027657118126,0.021710229349,0.028103413394,0.221028585094,0.241750680206
0.030745156386,0.005772129005,0.030590399943,0.005811825198,0.004169505377,0.004608828462,0.007384478004,0.004522401851,0.875804970309,0.030590305464
0.320684221696,0.018407266116,0.070761057746,0.018531564453,0.012475170354,0.020053883332,0.012159941057,0.014939142825,0.441226743190,0.070761009232
0.379998579197,0.018340611339,0.236182065781,0.018488990960,0.013198360859,0.012763648360,0.009889623145,0.013624953613,0.061333987229,0.236179179517
0.057459707926,0.062639628750,0.071269044891,0.062900100478,0.051664338345,0.045977142538,0.228090012842,0.051507884858,0.297223077806,0.071269061564
0.719264810318,0.010684838518,0.099681380854,0.010728256032,0.007259146041,0.008391752316,0.007521109838,0.010196737100,0.026591196573,0.099680772411
0.447790718282,0.042239105704,0.172750624947,0.042648253515,0.023721845087,0.024839077564,0.016421163483,0.026512374249,0.030324840106,0.172751997063
0.099894949799,0.010413883113,0.303129938216,0.010531163932,0.005133557721,0.006825769501,0.005089929261,0.008815106723,0.247035724208,0.303129977526
0.503173315562,0.019433398327,0.179975785664,0.019583714717,0.012029980292,0.013045866657,0.009491382752,0.016634527194,0.046657544240,0.179974484595
0.091913768762,0.030388559084,0.273071672432,0.030616254290,0.020603601648,0.022957799864,0.102738965047,0.028492165253,0.126144185429,0.273073028190
0.104879043288,0.015615490241,0.108470823592,0.015741969482,0.010331062138,0.012856036366,0.009951245062,0.012910224626,0.600773488098,0.108470617108
0.590223952065,0.010615637110,0.062881163167,0.010681842222,0.006399524271,0.006914670082,0.009864635719,0.009370567793,0.230167128788,0.062880878784
0.500192706119,0.031472735463,0.161000307567,0.031634931025,0.026229952308,0.018903440735,0.013845988973,0.025434327808,0.030285048635,0.161000561366
0.084661210588,0.107777320504,0.120101092625,0.108284676600,0.086463773082,0.091181562994,0.088166229307,0.098209722520,0.095053063603,0.120101348177
0.163542567034,0.032204538015,0.238686226642,0.032471821210,0.017613092833,0.023233212634,0.013985548914,0.026183268335,0.213392861099,0.238686863285
0.179740791120,0.022823544736,0.326246642602,0.023010858454,0.014299689048,0.017598625430,0.011012142111,0.018975472288,0.060047482960,0.326244751251
0.203925507135,0.021953685150,0.239691299692,0.022187512757,0.013468150199,0.015792369529,0.012041313017,0.017970320648,0.213278385967,0.239691455906
0.367443574796,0.010507801424,0.267829607799,0.010613888820,0.006678076036,0.007233580799,0.006278601231,0.007886298045,0.047700235380,0.267828335670
0.112278513922,0.062912666107,0.264074204603,0.063409111144,0.043457019054,0.048452793092,0.034581251281,0.046429442834,0.060329990807,0.264075007155
0.018183621701,0.001120426205,0.023524879535,0.001132242695,0.000668707538,0.000873554933,0.000580866051,0.000903077144,0.929487855694,0.023524768505
0.033315026595,0.005359118245,0.025880056157,0.005392297094,0.003882300676,0.004726650263,0.004543103537,0.004271333546,0.886750082700,0.025880031187
0.618786682969,0.006117053228,0.149731660558,0.006161598691,0.003549463222,0.004511392210,0.002635841718,0.005585936323,0.053189247639,0.149731123441
0.091122665014,0.048770804376,0.126452641220,0.049189520545,0.032156039966,0.035791849904,0.024302448156,0.043971393961,0.421789786162,0.126452850696
0.087166116424,0.056477477128,0.096389813796,0.056696368036,0.045042930782,0.042725692665,0.041676319060,0.045757086201,0.431678414445,0.096389781463
0.200152276285,0.049119840041,0.179490940781,0.049357282592,0.038345544738,0.037093963881,0.030675829237,0.044797614123,0.191476327652,0.179490380670
0.072899953604,0.061708487440,0.303373491365,0.062427038070,0.033883286599,0.028606478259,0.015272823770,0.038740138183,0.079712212604,0.303376090106
0.198210794132,0.055685616864,0.156523553691,0.055983112137,0.042306695477,0.051215152394,0.054534986454,0.053533656789,0.175482920467,0.156523511595
0.036454401138,0.014236010863,0.029803254070,0.014266163769,0.012151112524,0.012592841848,0.045945529880,0.012964722877,0.791782715812,0.029803247218
0.022410404953,0.002498301516,0.015774835806,0.002515140725,0.001773368952,0.002089013624,0.001704942026,0.002293528886,0.933165606602,0.015774856909
0.140501032656,0.032535576193,0.086336625617,0.032631444320,0.026169019016,0.029116914914,0.092179715228,0.027031595648,0.447161410615,0.086336665793
0.156119492975,0.033913484296,0.308604535651,0.034230402249,0.021592860722,0.024093338721,0.017581732839,0.025313791456,0.069943589520,0.308606771570
0.659095116757,0.021147845356,0.088504689422,0.021270016399,0.013441720718,0.017919982935,0.010853403122,0.017788760324,0.061473965760,0.088504499206
0.042253850493,0.013990732879,0.073358401130,0.014128205168,0.008667077546,0.009898103685,0.008789648805,0.012842670777,0.742712707976,0.073358601541
0.029464875419,0.005647133905,0.038536128869,0.005685376092,0.003696537367,0.004659923145,0.003010723106,0.004341198793,0.866421892585,0.038536210719
0.103388807260,0.040634169602,0.326096318800,0.040993686782,0.024773089498,0.027816976877,0.019068800575,0.031536673518,0.059594070900,0.326097406189
0.016264514295,0.002999582528,0.011102532509,0.003014509892,0.002391473692,0.002631191741,0.002873460416,0.002555171291,0.945065032856,0.011102530779
0.116188941028,0.052548879509,0.114936741100,0.052849558135,0.039535558270,0.039564383841,0.120339990134,0.041860868633,0.307238526563,0.114936552788
0.078121461919,0.016982102039,0.059253381634,0.017047137983,0.013892570297,0.014652986510,0.013644622415,0.014395169188,0.712757376529,0.059253191486
0.319129243040,0.034854821538,0.194129472794,0.035029045229,0.023985144709,0.026004979451,0.027714886994,0.032369434816,0.112654456526,0.194128514902
0.518839181694,0.015084664195,0.178137249601,0.015226752420,0.009902051980,0.010116208964,0.011819756370,0.011741174493,0.050996308725,0.178136651558
0.095385873541,0.071325682547,0.263876648261,0.072210998772,0.036873277383,0.050735535901,0.033202796048,0.049862844905,0.062649293206,0.263877049436
0.076112767897,0.055245737214,0.237149017890,0.055556735811,0.035423634814,0.050292904553,0.113505164172,0.076897920055,0.062665823437,0.237150294158
0.109080425183,0.069001790501,0.104631782148,0.069228928123,0.053870615192,0.091209686171,0.046880564876,0.059820298096,0.291644120815,0.104631788895
0.059640469042,0.033735230228,0.370836814428,0.034111081944,0.017372006870,0.026663753295,0.029360605925,0.022608830519,0.034832520248,0.370838687503
0.121753274902,0.052493735799,0.267319636552,0.052929408493,0.034915197013,0.041127287940,0.051890023739,0.043444175216,0.066807301991,0.267319958355
0.013103152710,0.002733839009,0.022949412172,0.002748026672,0.001742926965,0.002057944201,0.003009238293,0.002733019848,0.925972969302,0.022949470827
0.158485421861,0.068022080272,0.209141622221,0.068561533372,0.047436666722,0.049143843814,0.041467880118,0.060628398194,0.087971279158,0.209141274269
0.089043311873,0.052083848934,0.094118956896,0.052238590450,0.045786089402,0.041292810186,0.034462850301,0.043796476530,0.453058092581,0.094118972847
0.025404231493,0.052684230556,0.045739953217,0.052934464709,0.029872154598,0.627404890872,0.009576355645,0.041678366707,0.068965231505,0.045740120697
0.101539837310,0.105587573641,0.174184256304,0.105929730505,0.077622793198,0.053655897770,0.028686759754,0.122533259516,0.056075530955,0.174184361048
0.025930130232,0.032730492289,0.034749431689,0.032842769659,0.018125767583,0.765363754381,0.010798629641,0.026539245790,0.018170318635,0.034749460101
0.115680843261,0.042803435658,0.281064960450,0.043147015209,0.027645949972,0.037013391109,0.025256926782,0.043597301031,0.102725614637,0.281064561891
0.064359267317,0.086279921825,0.238490470469,0.086965874735,0.048109401562,0.054415605379,0.026522504314,0.091454060753,0.064910682534,0.238492211111
0.098453261281,0.061831300981,0.238047793714,0.062278017661,0.039591895105,0.049813507892,0.099501624937,0.063909140855,0.048525986688,0.238047470886
0.106021907961,0.043854699618,0.325201303631,0.044166625261,0.023532959332,0.024731555438,0.025654929959,0.036741277298,0.044894187831,0.325200553670
0.103666847216,0.062089008928,0.272937870397,0.062492550757,0.038450388649,0.050819418191,0.025636832470,0.062195330112,0.048773815222,0.272937938057
0.041361697983,0.013080228489,0.053868956884,0.013143771293,0.010282913954,0.011210694320,0.010788289309,0.011501509568,0.780892881801,0.053869056399
0.075880647859,0.032190565729,0.368443884268,0.032560361731,0.019033720912,0.019807245165,0.012066866370,0.022167524547,0.049401834361,0.368447349059
0.053609680112,0.083543325534,0.263717257484,0.084527563679,0.051205229761,0.048401564338,0.024889073329,0.072069032686,0.054317702859,0.263719570219
0.066078867920,0.044004683796,0.336181702393,0.044348643587,0.024268676399,0.028672554711,0.015032054322,0.039775887205,0.065452315876,0.336184613792
0.082620407517,0.049149337966,0.293791118362,0.049508040883,0.033155036143,0.036927801532,0.027208763043,0.038340331680,0.095505437688,0.293793725186
0.059920656376,0.055468752747,0.322610415147,0.056108157245,0.028753178568,0.031118157138,0.014595034453,0.045415801801,0.063396731848,0.322613114677
0.080310028911,0.074769390622,0.234493062887,0.075405593888,0.048648780321,0.054459095517,0.031845986248,0.076051432270,0.089521747859,0.234494881477
0.114440046712,0.075151956615,0.209838085357,0.075629722600,0.057025724841,0.054051158004,0.043126018198,0.071440838295,0.089458000128,0.209838449249
0.094522694601,0.084763498378,0.181826774842,0.085167517102,0.069766096110,0.069958292581,0.045067852342,0.066493035092,0.120606830857,0.181827408095
0.082674067454,0.060406568949,0.301551806638,0.061056123197,0.036212179465,0.038084606533,0.026770265326,0.048582264075,0.043108887320,0.301553231043
0.128720748315,0.078231777133,0.221363112986,0.079060723253,0.049064665022,0.054965429051,0.040593104261,0.062904758324,0.063732467205,0.221363214448
0.122340560740,0.046723514688,0.288182181516,0.046995225546,0.032318781517,0.038945498526,0.027283860226,0.041664100525,0.067363506022,0.288182770693
0.084991646493,0.082488389047,0.189977509433,0.082859131108,0.061020694319,0.074248443647,0.059220570391,0.080665516331,0.094549495357,0.189978603875
0.072171447482,0.071297592426,0.229703823415,0.071617099808,0.033615771534,0.143314329407,0.014631272841,0.086915856166,0.047028813975,0.229703992946
0.085308293189,0.057291873103,0.278822648571,0.057659363029,0.040288115256,0.043493443608,0.029388195108,0.044685580340,0.084238161144,0.278824326651
0.917095378763,0.002045014273,0.025462988988,0.002056764052,0.001451740674,0.001492944937,0.001558642894,0.001592117926,0.021781632216,0.025462775277
0.069531599915,0.034416948622,0.103794876209,0.034636277081,0.024249270365,0.026903659588,0.018633524726,0.030143982930,0.553894908184,0.103794952380
0.020902924744,0.004682620897,0.022709302824,0.004704397618,0.003098538426,0.003811487548,0.002975495377,0.004696066818,0.909709940111,0.022709225636
0.040685630759,0.046123883562,0.131222994160,0.046501431563,0.032428936359,0.025947463756,0.466225762249,0.034009299919,0.045631353638,0.131223244036
0.045303198181,0.015218564565,0.039189770540,0.015255143285,0.012312537456,0.012887030381,0.011167489157,0.013295413086,0.796181155457,0.039189697892
0.033859643625,0.205949739309,0.061588157545,0.213901052345,0.080166431213,0.097205530136,0.093641536426,0.121264858332,0.030834747153,0.061588303916
0.058202144081,0.055394524436,0.339307554152,0.055725572946,0.033870110102,0.039236448606,0.012650192779,0.032908568092,0.033396647682,0.339308237123
0.523604069839,0.004837603691,0.067920914335,0.004871476276,0.003315221370,0.003550516581,0.011658553791,0.003626899033,0.308694125690,0.067920619395
0.064371308309,0.037214996637,0.372515009799,0.037611163239,0.019951646052,0.023625926743,0.011716844064,0.025280179619,0.035196356589,0.372516568950
0.121662802013,0.023609185791,0.327003316046,0.023813620186,0.014720371554,0.013892046435,0.011097765243,0.017676983346,0.119520625939,0.327003283447
0.145356522993,0.033334958047,0.335421901028,0.033706778062,0.020445905552,0.017699343322,0.012055669866,0.027174036388,0.039383626025,0.335421258719
0.594519771977,0.008456523537,0.083755347989,0.008507386736,0.006297722643,0.008243094145,0.006626981031,0.007021099906,0.192816997339,0.083755074697
0.069124208137,0.039382619840,0.335270088251,0.039686814909,0.024320469229,0.026215739444,0.015610527742,0.032004444385,0.083111711381,0.335273376681
0.697462520200,0.008709672558,0.115710784827,0.008779449416,0.005626265836,0.006234367357,0.006601076395,0.006946242387,0.028218771286,0.115710849738
0.100389007460,0.081174840032,0.216105191913,0.081976158923,0.056122047594,0.055105522359,0.060310035824,0.064334986099,0.068376554566,0.216105655232
0.112938620550,0.048218039688,0.198187893243,0.048595206253,0.032455501982,0.032290909050,0.030057469736,0.039369506277,0.259699288748,0.198187564474
0.059339166688,0.108724639171,0.159995423474,0.109370711455,0.074253077404,0.063232966429,0.044347365123,0.127206705562,0.093533803087,0.159996141606
0.441810401226,0.032015040429,0.126151446421,0.032133178827,0.021506440465,0.023660476601,0.018601255075,0.029417087252,0.148553137817,0.126151535886
0.119344689825,0.014521891590,0.060078687020,0.014605797728,0.010467505799,0.012132081525,0.010708950968,0.012332314576,0.685729555037,0.060078525931
0.141113159977,0.049014968184,0.116742218079,0.049185869633,0.040320043930,0.040314721838,0.036300478612,0.040721281239,0.369545241485,0.116742017022
0.069338461019,0.072173712098,0.278690789936,0.072897311837,0.038233693999,0.043928435312,0.022937924428,0.074543342023,0.048564331587,0.278691997760
0.067105072431,0.115710984856,0.183358526932,0.116491338317,0.068277087793,0.079600568079,0.055361077740,0.084686175125,0.046049889277,0.183359279449
0.095644763032,0.082486185947,0.214698761208,0.083218158225,0.049829772978,0.060669281177,0.054800506184,0.077144852674,0.066807641284,0.214700077290
0.149123132339,0.029204365246,0.095457923634,0.029355992547,0.022119296834,0.022610402533,0.019063085242,0.024248618676,0.513359184625,0.095457998324
0.196474117643,0.028271109403,0.301101576038,0.028493364321,0.018699962420,0.022508325893,0.015742805624,0.024781119223,0.062827742208,0.301099877227
0.090406631506,0.091805385329,0.175961748286,0.092048870719,0.061509636912,0.094941187577,0.048203004134,0.080136262783,0.089025332701,0.175961940052
0.303464045054,0.011367544849,0.301617212834,0.011479470935,0.007023770033,0.008177518421,0.005226418077,0.008405856616,0.041623591113,0.301614572069
0.179568976392,0.004419693483,0.032967876347,0.004438194724,0.002815484408,0.003425223584,0.002519486607,0.004093118745,0.732784056589,0.032967889121
0.106759249718,0.046179514755,0.228236036099,0.046604950483,0.029106435436,0.033651373923,0.023940163459,0.036244483900,0.221041768425,0.228236023803
0.154740512683,0.011346831440,0.375941430180,0.011462361969,0.006933450740,0.007980763601,0.005898631010,0.008498895804,0.041259109559,0.375938013014
0.673829701108,0.001275215033,0.022225671717,0.001284231048,0.000881480432,0.001008656533,0.000963967534,0.001000444486,0.275305121745,0.022225510363
0.105772217402,0.058891761568,0.257512813828,0.059270185539,0.041189284515,0.044244236692,0.038278509072,0.046602797929,0.090724405602,0.257513787853
0.003346243191,0.005019577372,0.004281967653,0.005049614366,0.003672492490,0.003343671036,0.963724113479,0.003863791066,0.003416556695,0.004281972651
0.108857158702,0.044595741444,0.176716147205,0.044795131259,0.035877889787,0.035864739269,0.029613848872,0.038406447695,0.308556160511,0.176716735257
0.291855415175,0.024671811246,0.261740895897,0.024845865653,0.016976854660,0.020947539613,0.012791701645,0.020050285935,0.064381105895,0.261738524281
0.080131681719,0.115304388333,0.106409834351,0.115989478963,0.098177531648,0.114695484243,0.074099542171,0.108513113982,0.080269026827,0.106409917764
0.073926999772,0.090635106014,0.231551302093,0.091359272318,0.049844634931,0.056558348063,0.032453463298,0.084922837594,0.057196158048,0.231551877870
0.057292835091,0.108364354932,0.225739675895,0.109456029931,0.052572703725,0.057908947344,0.024422511259,0.095279644590,0.043222532722,0.225740764511
0.114415141599,0.100693517351,0.136100049905,0.101230412251,0.067778611876,0.111915403622,0.064637834825,0.092754181192,0.074374632238,0.136100215141
0.098819528028,0.020551340997,0.377846008942,0.020727361102,0.013246331973,0.014036657892,0.013146806098,0.015923625735,0.047855489507,0.377846849726
0.066999938010,0.127661455419,0.089831944425,0.127591427898,0.144672105906,0.097444171866,0.047573865448,0.154176568243,0.054216413498,0.089832109287
0.522999333495,0.007276052616,0.059571004883,0.007310947256,0.005390770646,0.005822239322,0.005503165245,0.006334951793,0.320220957507,0.059570577238
0.122274566631,0.022086301260,0.321423493122,0.022216541594,0.015197804921,0.017507533781,0.011948679740,0.018029607531,0.127892403780,0.321423067641
0.104581643541,0.065636491865,0.195907570251,0.066340839593,0.042668702055,0.054623911562,0.031653711119,0.052994929571,0.189684263442,0.195907937001
0.126111171718,0.034158388069,0.241750406077,0.034436835611,0.023293172356,0.027657118126,0.021710229349,0.028103413394,0.221028585094,0.241750680206
0.121668465915,0.066297106113,0.216649264531,0.066742185979,0.048498724220,0.056650452602,0.046109705441,0.051413179038,0.109320850666,0.216650065494
0.113786444884,0.106793713009,0.119988504282,0.106876469716,0.094588282943,0.092633663389,0.069370526716,0.090409836502,0.085563840794,0.119988717764
0.074273866027,0.103524880891,0.097586744686,0.103987690689,0.093950351770,0.085078899883,0.179526154300,0.091277327463,0.073207228990,0.097586855300
0.079572768400,0.116123166320,0.168486029046,0.117268715182,0.064031048660,0.078906813018,0.054416676681,0.079574555958,0.073133791552,0.168486435184
0.060714577292,0.126971703216,0.184070562916,0.128566200169,0.066758364168,0.071073558695,0.046298121863,0.081967161664,0.049508105792,0.184071644226
0.100000000000,0.100000000000,0.100000000000,0.100000000000,0.100000000000,0.100000000000,0.100000000000,0.100000000000,0.100000000000,0.100000000000
0.044806263261,0.193202463957,0.101017062409,0.194174503073,0.141897648113,0.070859502824,0.017105111158,0.105835250851,0.030084878305,0.101017316050
0.061803788857,0.144525698536,0.110794819091,0.145858290440,0.107639055589,0.087995902443,0.044857013203,0.133749365528,0.051981000740,0.110795065574
0.105001362063,0.069473301335,0.267134132722,0.070071170084,0.045909151376,0.047360665816,0.026799549017,0.050195067304,0.050920529358,0.267135070924
0.009351029446,0.029043539537,0.025117381620,0.029528761229,0.014155131608,0.009353151158,0.837391672655,0.014300724635,0.006641128659,0.025117479453
0.122308413604,0.073368910329,0.228293896579,0.073844605656,0.047105911091,0.052675248134,0.030202588161,0.081437920146,0.062467931155,0.228294575145
0.144819351898,0.051723468781,0.190572501821,0.052012225739,0.039432235060,0.041971178587,0.036349932642,0.046319014533,0.206227964722,0.190572126217
0.127000862071,0.047483309302,0.206050116527,0.047869774656,0.030789656866,0.035440174817,0.022762357666,0.035128989902,0.241424431537,0.206050326658
0.146571618779,0.019688426664,0.292431889931,0.019869030988,0.010538467005,0.020112547784,0.007707484640,0.016300914819,0.174348588634,0.292431030757
0.618786682969,0.006117053228,0.149731660558,0.006161598691,0.003549463222,0.004511392210,0.002635841718,0.005585936323,0.053189247639,0.149731123441
0.079134682367,0.056002623234,0.154324354730,0.056289876332,0.037267438250,0.037642445492,0.034449770573,0.044156097290,0.346407695517,0.154325016216
0.464227519832,0.009443129625,0.235827941932,0.009546707869,0.005078186798,0.006202417890,0.005879001365,0.008505351135,0.019462863602,0.235826879953
0.061763206824,0.017492003533,0.143351349323,0.017655003806,0.010529801143,0.013432606439,0.011603462372,0.014909677529,0.565910964769,0.143351924263
0.000001051018,0.000001721828,0.000001909054,0.000001741982,0.000001026657,0.000000904235,0.999987521978,0.000001131710,0.000001082479,0.000001909059
0.002781353516,0.006430211941,0.004326479804,0.006480283650,0.004293303378,0.003489674765,0.960338510673,0.004106011262,0.003427681660,0.004326489351
0.073914967826,0.067708175807,0.190563327980,0.068258736535,0.042886660542,0.053330142029,0.039395782956,0.048943484227,0.224434740908,0.190563981189
0.082025375221,0.117041507095,0.139641066981,0.117887873062,0.085151004324,0.079648554162,0.068672816145,0.082066779794,0.088223580073,0.139641443144
0.087433936408,0.096886941546,0.101784045659,0.097335626150,0.081991060761,0.082732747557,0.156473631622,0.089189245787,0.104388687966,0.101784076543
0.094114907179,0.100059614337,0.132090745882,0.100621510098,0.084420845071,0.087687986590,0.085983013631,0.090910823916,0.092019662155,0.132090891142
0.127173189934,0.040741691817,0.096982145259,0.041080793228,0.027468478038,0.028507700104,0.437406985925,0.039299328217,0.064357445180,0.096982242298
0.071358761966,0.096996245767,0.085428563176,0.097510729503,0.075710800237,0.084393198623,0.237899469200,0.086802565604,0.078471004595,0.085428661328
0.101867720955,0.089996113927,0.154035407125,0.090484386993,0.074525166483,0.078976780633,0.079531650806,0.079821430724,0.096725761070,0.154035581284
0.100223407345,0.095922632929,0.133175548726,0.096397497290,0.081642001308,0.087355541118,0.086061405098,0.087303907190,0.098742363174,0.133175695822
0.087818411714,0.104519695787,0.162786507122,0.105213173011,0.081849308616,0.075380384897,0.059286603070,0.083859682480,0.076499480902,0.162786752401
0.021250158945,0.026160535763,0.027111452851,0.026382130802,0.019750826764,0.019670770245,0.790333862783,0.021198204507,0.021030601703,0.027111455636
0.000697851082,0.001396129649,0.001255096330,0.001405937784,0.000998588562,0.000797903465,0.990483043547,0.000950973072,0.000759376632,0.001255099877
0.057428741534,0.070248414775,0.077258679006,0.070823658691,0.048049091110,0.052676795581,0.415709599586,0.057612987223,0.072933325018,0.077258707477
0.007888021793,0.008239729731,0.009131270041,0.008278722723,0.006957714701,0.006678086706,0.921593660198,0.007437860598,0.014663656190,0.009131277319
0.004191268127,0.009701068661,0.006803217541,0.009808825249,0.005570420875,0.004423698229,0.942290227133,0.006064357556,0.004343683524,0.006803233104
0.008664057786,0.008129291438,0.010090928375,0.008161533062,0.006887866310,0.007018665772,0.924934033503,0.007311137832,0.008711552857,0.010090933065
0.005961578521,0.009865726473,0.008976486415,0.009919590084,0.006321559491,0.007505936171,0.927752459262,0.007619113295,0.007101044108,0.008976506178
0.036728628124,0.035925351256,0.076159702583,0.036251367315,0.025774763591,0.025610309252,0.627427536970,0.027955780638,0.032006610292,0.076159949978
0.022468740795,0.026106503030,0.025413745992,0.026228536665,0.019748408574,0.021020649439,0.784336420472,0.021817888214,0.027445351561,0.025413755259
0.026602108431,0.097832023215,0.074146030863,0.098404740688,0.043083129453,0.499173884683,0.008219815841,0.061395287401,0.016996799792,0.074146179633
0.002690005957,0.002756029295,0.003157193686,0.002762442495,0.002249768613,0.002288180331,0.975456112009,0.002595170394,0.002887901170,0.003157196049
0.017777972613,0.020816864251,0.023881173613,0.020879158927,0.017751309447,0.017534093207,0.819140906171,0.018040021808,0.020297290635,0.023881209329
0.021306568576,0.197822397174,0.037580534485,0.198702531575,0.104669534460,0.091485027123,0.154282704468,0.136575296112,0.019994764659,0.037580641368
0.100000000000,0.100000000000,0.100000000000,0.100000000000,0.100000000000,0.100000000000,0.100000000000,0.100000000000,0.100000000000,0.100000000000
0.050085122653,0.056718577940,0.067312304366,0.057043934504,0.040870324909,0.037142314314,0.513070716161,0.045945126181,0.064499311990,0.067312266982
0.063391537145,0.133896221228,0.079555582808,0.133932995816,0.109128628699,0.090818532851,0.078955485617,0.157245560617,0.073519820962,0.079555634257
0.017615678488,0.253032125054,0.023883311058,0.253433162315,0.102905970691,0.149862395506,0.021051590986,0.137783478557,0.016548937608,0.023883349737
0.009321180831,0.015036823936,0.012641439528,0.015083741359,0.012292486040,0.010813523982,0.890161231348,0.012278170830,0.009729946794,0.012641455351
0.017016263653,0.187067057557,0.028946655114,0.184736088418,0.292792799902,0.087603275556,0.015966783290,0.140838238775,0.016086116237,0.028946721498
0.284538296588,0.083943948729,0.064331601317,0.084195872588,0.044989910134,0.056124721222,0.215725694304,0.063895473166,0.037922822046,0.064331659907
0.015689152496,0.129228480341,0.023915243311,0.128536115868,0.068216240878,0.358376650414,0.102097560607,0.130052289204,0.019972976526,0.023915290355
0.018712275642,0.105988359271,0.026508658152,0.106366529275,0.064205801972,0.059650625391,0.507316433417,0.066661593841,0.018081024204,0.026508698834
0.000000432537,0.000000574442,0.000000550939,0.000000577583,0.000000426029,0.000000409684,0.999995487781,0.000000455587,0.000000534480,0.000000550940
0.003706268282,0.118645593064,0.006267727481,0.118833096481,0.176844352850,0.031458790957,0.003748249477,0.530636821917,0.003591355223,0.006267744268
0.000423345153,0.000525180054,0.000520690344,0.000527324844,0.000426074573,0.000402358773,0.995461792397,0.000705159366,0.000487383672,0.000520690824
0.211502076312,0.073264538624,0.172319832535,0.074041286763,0.050217528452,0.046766269091,0.068928071762,0.058897171326,0.071743247414,0.172319977721
0.912125960202,0.007117805328,0.016222534650,0.007145666101,0.005600217492,0.006113675905,0.005613118252,0.006047902217,0.017790616254,0.016222503599
0.183987332402,0.078777259498,0.166049355814,0.079364618942,0.059752171432,0.057707456164,0.049775456009,0.064664428498,0.093872770955,0.166049150286
0.150965861559,0.082272840893,0.149683086961,0.082432247078,0.073851044936,0.074514175443,0.056352010223,0.073852676353,0.106392918420,0.149683138134
0.036029234624,0.058440454831,0.060642701140,0.058705167871,0.040751467397,0.055434786473,0.539958018471,0.048511109159,0.040884264926,0.060642795107
0.120593789856,0.108578990179,0.127470602854,0.109371776014,0.088396664226,0.081957816786,0.067899608210,0.086083597085,0.082176645128,0.127470509662
0.112710441722,0.068728855564,0.211566761166,0.069441254352,0.044632455984,0.042224051519,0.046946987360,0.052957766403,0.139224148600,0.211567277329
0.007869957243,0.010358343484,0.012476892777,0.010464469926,0.006387866983,0.006303989755,0.916723863806,0.009312374982,0.007625319300,0.012476921744
0.008787238537,0.011667014077,0.019593770219,0.011795335833,0.006970455612,0.006045000327,0.895300009243,0.007947051912,0.012300293771,0.019593830469
0.045180701284,0.176892905314,0.059071835786,0.175570342069,0.175042582263,0.114461896811,0.038573898417,0.116264210119,0.039869786221,0.059071841716
0.003129619635,0.004989199271,0.005499583693,0.005036982671,0.003224510601,0.003084904169,0.962443583441,0.003645919448,0.003446104180,0.005499592894
0.130402708715,0.085134464702,0.123926620416,0.085806334851,0.059666352992,0.058408015558,0.143842090218,0.070505027119,0.118381614189,0.123926771240
0.017338206659,0.165689919064,0.027014435432,0.165195262178,0.326484415503,0.055988701652,0.017311121962,0.181399434242,0.016564007841,0.027014495467
0.000076959914,0.000155733648,0.000127233961,0.000157159547,0.000105915401,0.000089869519,0.998972979238,0.000102938180,0.000083976319,0.000127234274
0.025457947098,0.153371452303,0.031793113185,0.151722237748,0.339917303932,0.086405277945,0.024396452958,0.131218144533,0.023924938043,0.031793132255
0.015099800427,0.020698347814,0.017429190129,0.020804869994,0.015158186312,0.016289100435,0.843297102674,0.017237484739,0.016556715290,0.017429202187
0.066281778384,0.131001739912,0.109490812105,0.132368021984,0.086518596157,0.104917290404,0.051876733617,0.125274726406,0.082779314156,0.109490986876
0.055240554796,0.050549573692,0.100729873930,0.050659934586,0.038960964521,0.040119507644,0.451098604796,0.063026469122,0.048884588921,0.100729927991
0.017117472016,0.165501251196,0.023312691246,0.164331200543,0.093631324735,0.306886535477,0.022717325837,0.166924421087,0.016265056516,0.023312721348
0.008131043921,0.014031104729,0.012447489702,0.014088975431,0.010418243780,0.010142606561,0.898826484976,0.010574626022,0.008891907538,0.012447517340
0.068046503393,0.093811300556,0.095010574093,0.094588103485,0.060861927226,0.062229844001,0.237541136791,0.145098469856,0.047801402867,0.095010737732
0.062764970549,0.137444492680,0.108276933255,0.137674457725,0.104514420733,0.079173878764,0.097885688237,0.107584356800,0.056403607694,0.108277193563
0.002613687904,0.003195454414,0.004366032150,0.003227579468,0.002099222482,0.001983440607,0.973599589106,0.002273033209,0.002275924251,0.004366036410
0.004947982094,0.028390956543,0.006060773171,0.028151123590,0.019368151348,0.872158612287,0.003900626427,0.025837709954,0.005123287108,0.006060777477
0.091548650524,0.118404721524,0.108405459456,0.119039374963,0.085930009420,0.087705118171,0.090529224764,0.105757808193,0.084274067315,0.108405565671
0.102007335133,0.075034972889,0.129262953123,0.075428253373,0.052092132836,0.052933079051,0.225849644714,0.075820640701,0.082307616142,0.129263372040
0.144372966900,0.104564990726,0.163464963878,0.105402002443,0.059542395022,0.067210538960,0.048605860938,0.089825048489,0.053545998345,0.163465234298
0.867939427169,0.011824818041,0.025985438726,0.011768081426,0.011140386562,0.009149726736,0.008417552987,0.010585340184,0.017203897142,0.025985331026
0.059084449038,0.158079178092,0.095996001046,0.158373224566,0.110482032432,0.083628781191,0.057379026903,0.133393994837,0.047587114820,0.095996197075
0.000738466460,0.001153404405,0.000912513150,0.001157371807,0.000852173901,0.000815056770,0.991705110796,0.000906063514,0.000847324760,0.000912514436
0.125804282325,0.069901708509,0.210577350452,0.070375611228,0.052991152638,0.059778376490,0.064406742128,0.063387507979,0.072199416621,0.210577851629
0.106136807758,0.111116872146,0.169126392671,0.112309018307,0.064438894941,0.068950026723,0.047850217599,0.094842858492,0.056102334863,0.169126576500
0.004247625950,0.003909457936,0.006225437230,0.003925914970,0.003315265843,0.003549910838,0.960451550964,0.003531135442,0.004618246612,0.006225454216
0.088026879825,0.070026247065,0.117492585434,0.070345321787,0.054570404061,0.054255216724,0.051519057805,0.057353854892,0.318917681078,0.117492751328
0.082200914630,0.118955806977,0.099364247934,0.119488744988,0.075918433608,0.077971248205,0.081857719435,0.118139611892,0.126738912460,0.099364359870
0.115417210781,0.077374835010,0.191146190246,0.077837204105,0.060257205212,0.068557833932,0.066930219799,0.068188247837,0.083144524283,0.191146528794
0.097339273004,0.101572197553,0.153081891464,0.102092100120,0.075519441923,0.083800408962,0.073159239791,0.078327520665,0.082025588478,0.153082338040
0.068321784410,0.133146398630,0.138429698168,0.133700171138,0.078463259512,0.092067462759,0.048739614777,0.113985995136,0.054715777151,0.138429838319
0.065715493818,0.090804041270,0.237796697406,0.091707443812,0.055833133584,0.048958468162,0.045366051984,0.072085315742,0.053935122981,0.237798231241
0.046677109504,0.097229004483,0.079387781450,0.097956961660,0.061989102578,0.059409244938,0.339677168947,0.067765775008,0.070519904789,0.079387946643
0.037371542801,0.070753791161,0.062183456245,0.071253441939,0.054658972636,0.053855585350,0.496106886394,0.053760957401,0.037871781346,0.062183584728
0.010337753452,0.009598824073,0.019093259357,0.009655355101,0.007310363842,0.007787184059,0.897764162333,0.007994214058,0.011365567957,0.019093315767
0.001191590781,0.001594635034,0.001572790436,0.001602356518,0.001229440826,0.001334664833,0.987070246288,0.001345020047,0.001486463006,0.001572792233
0.079689283843,0.104136129358,0.165595575318,0.104663754408,0.078260780872,0.085701643127,0.062720943207,0.086527466884,0.067108339960,0.165596083023
0.039618389201,0.117002336973,0.079900737978,0.117514258275,0.092696292953,0.066776227769,0.290526848725,0.081801273864,0.034262734963,0.079900899299
0.100000000000,0.100000000000,0.100000000000,0.100000000000,0.100000000000,0.100000000000,0.100000000000,0.100000000000,0.100000000000,0.100000000000
0.078579573076,0.070019946054,0.157375730312,0.070299341899,0.054817787139,0.060674083744,0.168071364706,0.063573332585,0.119212729038,0.157376111447
0.117049514038,0.061117298121,0.229010524263,0.061509511174,0.044833695784,0.048621578872,0.057854554639,0.050421974206,0.100569974174,0.229011374729
0.070766385516,0.081814189886,0.102391117704,0.082158680415,0.064921706247,0.058329592927,0.277098164414,0.070695799712,0.089433107888,0.102391255291
0.068286372245,0.113138753776,0.207094575655,0.114467901169,0.069037058460,0.059986406142,0.041892543839,0.076058721006,0.042941824484,0.207095843224
0.066751607035,0.130770913389,0.140410816311,0.131759633601,0.081935735132,0.098813159203,0.053958396973,0.092656883506,0.062531596118,0.140411258733
0.087020864771,0.091857927220,0.093762426827,0.091917003315,0.088284447023,0.085002161666,0.136259817765,0.136043279105,0.096089638949,0.093762433359
0.008959913789,0.012616796093,0.013943202204,0.012733233521,0.008626101835,0.009379917933,0.898364908075,0.009244573291,0.012188137501,0.013943215757
0.072997398944,0.106830129598,0.132151021690,0.107494505996,0.069157471555,0.062649400593,0.059717844344,0.148887598198,0.107963224475,0.132151404607
0.060211346817,0.077853716244,0.089531739665,0.077887107528,0.058788071747,0.064351948497,0.343025674711,0.081228731280,0.057589696222,0.089531967288
0.001509333623,0.002869268071,0.002633984653,0.002885712826,0.002158747802,0.001890329548,0.979486516842,0.002238373702,0.001693742483,0.002633990449
0.051696427194,0.097127521313,0.081202101306,0.097476159998,0.071094951133,0.056416218692,0.340054560058,0.073248986803,0.050480774027,0.081202299476
0.072767294152,0.090033637705,0.080296400328,0.090066389242,0.080731620910,0.070800077569,0.116920609196,0.213375315497,0.104712241173,0.080296414229
0.084577693884,0.091880861948,0.121969647931,0.092203369155,0.072644751667,0.070034647469,0.070687577508,0.185117700314,0.088913784220,0.121969965902
0.066980691457,0.128129943403,0.078168191367,0.128475411063,0.094278498561,0.083700760007,0.159338355190,0.110034642322,0.072725249271,0.078168257359
0.095681846034,0.098728340527,0.144000124883,0.099114250869,0.073655690239,0.085406189910,0.091984867839,0.082305429749,0.085122894832,0.144000365117
0.123433879240,0.074184626428,0.160538447164,0.074438497359,0.059825288984,0.079678298181,0.065215945867,0.069343319289,0.132803275756,0.160538421733
0.100000000000,0.100000000000,0.100000000000,0.100000000000,0.100000000000,0.100000000000,0.100000000000,0.100000000000,0.100000000000,0.100000000000
0.094012543812,0.070820503763,0.136847154793,0.071214308968,0.048629485637,0.049315451378,0.278153429612,0.055187566949,0.058972068249,0.136847486840
0.089778603717,0.107519814256,0.093535063120,0.107346514845,0.108657641611,0.097763140071,0.100835885669,0.104485740887,0.096542511032,0.093535084791
0.132852977635,0.066202758023,0.192530707160,0.066686808721,0.048499628231,0.055583817257,0.053552529351,0.057406693838,0.134153170288,0.192530909497
0.062126286460,0.053376987217,0.087074550529,0.053492451083,0.044614915142,0.056611914084,0.450104144552,0.051331039286,0.054193192519,0.087074519128
0.057187683862,0.074629939040,0.138456541084,0.075056497119,0.050026073843,0.049020181258,0.289411377618,0.069466077058,0.058288430485,0.138457198632
0.170892645298,0.073581210177,0.192393930139,0.074149893921,0.047778250692,0.053204207581,0.055017046017,0.053322655823,0.087266001052,0.192394159300
0.087510233202,0.109239588769,0.126314516594,0.109833652923,0.087268219348,0.079478903524,0.105664129820,0.094286212706,0.074089979295,0.126314563818
0.158791076439,0.062750508135,0.207826370020,0.063020855113,0.043506640521,0.045538148524,0.036829195273,0.044688473910,0.129221812810,0.207826919256
0.101294627797,0.072124755388,0.191396591371,0.072499510395,0.052368570462,0.061583638038,0.127143524855,0.056702828632,0.073488512324,0.191397440738
0.064919979605,0.096880868444,0.099271347531,0.097428858831,0.066415025621,0.081368940348,0.224342266878,0.065395935984,0.104705308637,0.099271468122
0.081489737542,0.039642591140,0.293249135287,0.040093518999,0.023112904290,0.028229478321,0.030469094002,0.026397196459,0.144065669283,0.293250674678
0.171100760585,0.058169371912,0.222497611094,0.058680064386,0.038319017072,0.045249237668,0.088446854993,0.041859043343,0.053179951741,0.222498087206
0.064605182582,0.064590270655,0.210525824108,0.065219737533,0.036942250412,0.036223301323,0.205161396393,0.042719511469,0.063484990520,0.210527535004
0.065833885079,0.130487894017,0.128176392403,0.130562225430,0.112418683508,0.091850780412,0.041316771135,0.107388661212,0.063787888366,0.128176818438
0.074016550509,0.102515659990,0.082305390780,0.102672443500,0.084303703618,0.082750677935,0.208713305212,0.100672756511,0.079744088141,0.082305423802
0.225954617761,0.043401675445,0.225001319867,0.043665301662,0.031334740728,0.037577091944,0.046612099259,0.036351658821,0.085099685360,0.225001809154
0.202829346399,0.038268474233,0.167864635677,0.038558651238,0.026383213569,0.029308971765,0.038757076226,0.044858315009,0.245306765608,0.167864550276
0.103971248590,0.071603491136,0.145966979550,0.071912354418,0.055792906123,0.076894007028,0.102782995153,0.068049586160,0.157059139989,0.145967291852
0.196103631803,0.066035239448,0.161157664983,0.066262011366,0.054672516600,0.063212321617,0.071729986631,0.056578424919,0.103090685467,0.161157517165
0.084365619525,0.082710569713,0.209470549699,0.083424855540,0.054292917845,0.063453293883,0.042972766182,0.058789573121,0.111048963061,0.209470891432
0.089632144307,0.092919687049,0.133967550230,0.093273531519,0.076135384653,0.083147451485,0.081979653145,0.118126051257,0.096850748797,0.133967797558
0.079127854351,0.068390210245,0.093005674369,0.068612805033,0.056666463925,0.050438315471,0.346368113008,0.057593856317,0.086790827314,0.093005879967
0.003346243191,0.005019577372,0.004281967653,0.005049614366,0.003672492490,0.003343671036,0.963724113479,0.003863791066,0.003416556695,0.004281972651
0.201681278932,0.054190411936,0.178943698280,0.054505887249,0.041421070317,0.043938836152,0.069861563696,0.046778909926,0.129734539421,0.178943804090
0.118975899547,0.062964457447,0.188873088519,0.063458672131,0.043226205899,0.043629321705,0.110669423396,0.044204109713,0.135125162661,0.188873658983
0.075874173957,0.127826092112,0.121146997722,0.127724527020,0.089118554859,0.099584398761,0.047636686834,0.119462136600,0.070479339970,0.121147092164
0.101097396637,0.093344689316,0.116757619169,0.093617159554,0.072937554955,0.084870188199,0.131943805951,0.104797902425,0.083876013065,0.116757670728
0.001511054638,0.001225191679,0.001699786216,0.001227298187,0.001101834150,0.001140115062,0.987681311493,0.001154083323,0.001559537982,0.001699787269
0.022261383994,0.007522352429,0.012340872079,0.007550348513,0.005855014822,0.006169823641,0.900726681330,0.006217701391,0.019014948791,0.012340873010
0.121268367104,0.094034359837,0.121496604520,0.094449906169,0.068921861118,0.096894987151,0.099230500826,0.096625726485,0.085581108080,0.121496578711
0.019019553282,0.018093393249,0.018633377700,0.018181684839,0.013846244409,0.013415601637,0.847754682321,0.014150598795,0.018271468286,0.018633395481
0.015033530400,0.206463302235,0.019743228161,0.200920625055,0.251614586273,0.073034441306,0.015054053154,0.184239121531,0.014153854473,0.019743257414
0.889183844703,0.007392619453,0.018469177258,0.007415153890,0.006382504775,0.006967901177,0.008647034284,0.006721274892,0.030351355745,0.018469133823
0.100000000000,0.100000000000,0.100000000000,0.100000000000,0.100000000000,0.100000000000,0.100000000000,0.100000000000,0.100000000000,0.100000000000
0.003217361815,0.100037949634,0.005778335011,0.096063426064,0.722941620889,0.015813518890,0.003523738162,0.043949977521,0.002895722628,0.005778349386
0.022652959121,0.231510320028,0.043730671827,0.238623847503,0.082437931919,0.118126810458,0.090347413502,0.109002195129,0.019837053755,0.043730796759
0.008265555628,0.023668898762,0.011657341784,0.023778427026,0.017294738925,0.014504859872,0.866062336563,0.014509549588,0.008600935257,0.011657356595
0.034858130713,0.202278954667,0.057282622024,0.202281097693,0.157145583719,0.085329015544,0.063079916584,0.110564552680,0.029897391739,0.057282734637
0.122009023087,0.083866555561,0.127794586282,0.084146705174,0.066413491815,0.123289096324,0.057401761239,0.065862510844,0.141421561028,0.127794708649
0.067728236688,0.123937612126,0.095842403003,0.124059828159,0.107875982182,0.156640476661,0.066429658178,0.100047558651,0.061595681076,0.095842563276
0.040649492421,0.041119038857,0.068640168991,0.041352553272,0.029504248025,0.026274800507,0.621728305361,0.030816195525,0.031274984638,0.068640212404
0.059132149617,0.127883654719,0.154967523865,0.129032872059,0.083226320588,0.113996685982,0.047114154139,0.083345214866,0.046333333095,0.154968091069
0.004727017778,0.006089551902,0.004995021216,0.006087056739,0.005682522068,0.004617270430,0.951142068431,0.005517092276,0.006147376713,0.004995022448
0.056545745065,0.100833122885,0.243470008348,0.102088225877,0.059996489628,0.054607937329,0.026509372476,0.063178798741,0.049298950010,0.243471349641
0.005283259721,0.006816179686,0.007941561397,0.006842146298,0.005000540709,0.004753777999,0.944471507875,0.005402721104,0.005546742569,0.007941562643
0.051717561148,0.181207376819,0.077551382435,0.181698376769,0.139752017797,0.101253533475,0.033447882685,0.105265959242,0.050554366861,0.077551542770
0.037069817599,0.117074736442,0.082123048457,0.115948877166,0.079894250330,0.057610162390,0.285398257901,0.110038922310,0.032718677649,0.082123249756
0.023108840048,0.196095415964,0.040223222848,0.193349274016,0.169541687039,0.111543752390,0.016426725059,0.183977532101,0.025510233664,0.040223316870
0.076982040641,0.094630907736,0.202922416721,0.095176618236,0.067664160353,0.061220463268,0.047536963970,0.066614687069,0.084328136271,0.202923605736
0.079549317766,0.125096468079,0.157404313309,0.126243841830,0.087811603009,0.068702353998,0.045552327249,0.099749998384,0.052485112140,0.157404664234
0.041773302433,0.133963412992,0.231032857595,0.135752000942,0.066902206059,0.039206491425,0.022542568270,0.064491161500,0.033300881045,0.231035117739
0.100000000000,0.100000000000,0.100000000000,0.100000000000,0.100000000000,0.100000000000,0.100000000000,0.100000000000,0.100000000000,0.100000000000
0.093259070282,0.080250897479,0.227306256586,0.081141519922,0.047447448319,0.050959762171,0.079013266425,0.054896223508,0.058418179785,0.227307375523
0.124555270338,0.094410504981,0.179661373768,0.095289976226,0.065844501763,0.055268358004,0.066683118824,0.065544894033,0.073080731971,0.179661270092
0.089718889026,0.116242695368,0.143416904672,0.116107000310,0.082766729044,0.071272144132,0.075559728502,0.097147018038,0.064351600977,0.143417289932
0.100000000000,0.100000000000,0.100000000000,0.100000000000,0.100000000000,0.100000000000,0.100000000000,0.100000000000,0.100000000000,0.100000000000
0.077034290954,0.055253441076,0.316935817303,0.055953952103,0.027442451806,0.029077446244,0.020423313131,0.050001102982,0.050940292778,0.316937891624
0.089194172513,0.070176800318,0.267012202513,0.070935434851,0.038336096900,0.047121222378,0.035630838248,0.049813829134,0.064766471255,0.267012931889
0.129731546026,0.071904626616,0.186278744475,0.072235139329,0.056992708058,0.056787521115,0.048981655020,0.061484365934,0.129324949881,0.186278743546
0.071880446995,0.068056741016,0.167296129247,0.068855627550,0.038322368249,0.040167160362,0.284588396061,0.053003154896,0.040533391051,0.167296584572
0.040895855829,0.086968531347,0.158271461010,0.088339661663,0.041296249311,0.040342375850,0.295335715035,0.049429478763,0.040848375280,0.158272295912
0.052751860653,0.143962874461,0.178166179441,0.145785747412,0.078218340158,0.075040045249,0.031380713770,0.080005040709,0.036521871578,0.178167326570
0.025777377203,0.029879392714,0.034992834942,0.030022374071,0.020509498663,0.016850733192,0.749363131881,0.031875762346,0.025736017630,0.034992877358
0.040672084700,0.079804228264,0.073667094046,0.080592952626,0.056767489909,0.047407799976,0.441998921213,0.056185524015,0.049236668298,0.073667236953
0.056862748133,0.043775878203,0.183237943768,0.044149041432,0.022897705208,0.028451573491,0.349805788786,0.036709631565,0.050870545123,0.183239144292
0.015379052431,0.018070461019,0.017385537585,0.018113155655,0.014525638021,0.013468194320,0.846539208592,0.016193109897,0.022940094927,0.017385547553
0.069973006429,0.066431849547,0.214124768612,0.067077754145,0.040864033864,0.040436497376,0.183287302188,0.050398745251,0.053280435365,0.214125607224
0.000000432537,0.000000574442,0.000000550939,0.000000577583,0.000000426029,0.000000409684,0.999995487781,0.000000455587,0.000000534480,0.000000550940
0.031619759017,0.177331878218,0.038616339004,0.171064974973,0.242707105011,0.081942451471,0.028570226333,0.159974951501,0.029555939684,0.038616374788
0.080403257714,0.080323534321,0.123581436413,0.080446644759,0.065865025877,0.059500014612,0.196934969199,0.101830426419,0.087532913945,0.123581776741
0.000042073231,0.000042314305,0.000046285698,0.000042390479,0.000037810444,0.000039124515,0.999609267228,0.000039477726,0.000054970641,0.000046285731
0.060397392198,0.129124644693,0.072825355963,0.129116340210,0.100499085551,0.095972916055,0.151230722017,0.124151792472,0.063856308676,0.072825442165
0.099660341860,0.124298458503,0.080900434950,0.124610674475,0.104466069336,0.074071772479,0.194048756171,0.075251973189,0.041791031765,0.080900487272
0.013604996518,0.112387845045,0.030585170365,0.113226465214,0.049780412715,0.176102129074,0.404601916226,0.055970725696,0.013155071712,0.030585267434
0.022033114158,0.017050870747,0.025839418965,0.017082561339,0.015276823331,0.016184594090,0.818414205336,0.015890518228,0.026388451485,0.025839442322
0.111680117257,0.072144482324,0.218560002138,0.072786548567,0.049924833650,0.057715135493,0.054329589930,0.055076699815,0.089222093002,0.218560497824
0.019791080335,0.065766890303,0.030311073742,0.065831828434,0.040877657048,0.431605747340,0.236051433974,0.052648096368,0.026805066951,0.030311125505
0.052650194524,0.120852597620,0.105453026737,0.121000178511,0.078267553956,0.096886738356,0.178807185155,0.097588973131,0.043040357101,0.105453194910
0.010019077274,0.012989557649,0.013650042264,0.013084474906,0.008572891218,0.008425090326,0.903088811951,0.008801080999,0.007718905706,0.013650067708
0.228194278070,0.073357046853,0.135994098837,0.073747583767,0.055210531202,0.052514408772,0.049462743142,0.056102555340,0.139422600568,0.135994153449
0.104612681353,0.079865561384,0.202920935973,0.080342519356,0.058642766298,0.069506574062,0.051315458518,0.069919398862,0.079953393681,0.202920710514
0.000236173420,0.000369046882,0.000314240277,0.000370633123,0.000303371398,0.000252943716,0.997307345583,0.000287927333,0.000244077589,0.000314240679
0.004643501211,0.005290645555,0.007469642866,0.005321332665,0.003701257846,0.003999483114,0.953542274811,0.003985264565,0.004576931455,0.007469665913
0.006527105392,0.010367528431,0.008665180134,0.010458245799,0.007031278704,0.006541907869,0.926900733270,0.007144650497,0.007698185827,0.008665184077
0.011463793858,0.011789413046,0.013542292226,0.011841450433,0.009580247112,0.009242918519,0.895855921014,0.010069723271,0.013071939483,0.013542301038
0.026740589021,0.032169021764,0.045185052599,0.032287526932,0.025033339982,0.025136914164,0.709722991821,0.026542695629,0.031996737204,0.045185130884
0.000012350930,0.000019640985,0.000019019095,0.000019792456,0.000013196467,0.000012181975,0.999856462737,0.000014017078,0.000014319141,0.000019019134
0.001481212935,0.001540632178,0.001662635935,0.001542289453,0.001411819195,0.001397547512,0.986278480840,0.001421849064,0.001600896124,0.001662636765
0.063534995549,0.139662769378,0.090161914722,0.140056271516,0.107009814302,0.089020597950,0.114934847884,0.105481171279,0.059975576419,0.090162041001
0.074445703305,0.116865098961,0.110433204190,0.117288783331,0.092821624851,0.078895142344,0.132521738426,0.098937251347,0.067358173465,0.110433279778
0.100000000000,0.100000000000,0.100000000000,0.100000000000,0.100000000000,0.100000000000,0.100000000000,0.100000000000,0.100000000000,0.100000000000
0.072799171729,0.102510852489,0.085954206872,0.102664170074,0.092065795075,0.074908064188,0.203575579430,0.087626072300,0.091941819505,0.085954268338
0.001513896200,0.001726600474,0.001718023009,0.001730664878,0.001596904180,0.001558899951,0.984820978706,0.001552348499,0.002063660212,0.001718023891
0.002729290612,0.003962072331,0.004606335795,0.003997793125,0.002733954224,0.002676233727,0.968649100840,0.003030222798,0.003008650534,0.004606346015
0.065558722284,0.113954526921,0.199616477276,0.114737394234,0.067240453002,0.064247918067,0.045417575697,0.083633649143,0.045976100831,0.199617182546
0.032257445029,0.049482594990,0.037803771788,0.049739195460,0.042228426261,0.039171906629,0.629645159249,0.039467683521,0.042400025725,0.037803791349
0.000385189332,0.000664209320,0.000726755502,0.000671280540,0.000409127794,0.000375840522,0.995198121036,0.000479065074,0.000363653237,0.000726757642
0.073889669641,0.125235020970,0.130231919326,0.126002368304,0.091366819103,0.077146839693,0.084419484133,0.104059368457,0.057416299244,0.130232211128
0.006378025604,0.008164784017,0.008185336428,0.008211684264,0.006415842160,0.006106335102,0.932297854755,0.007087415850,0.008967376953,0.008185344869
0.008484307682,0.010813461595,0.010850996863,0.010872779205,0.008380293834,0.008317793927,0.913168033302,0.008963021761,0.009298306424,0.010851005407
0.000360258600,0.000604689702,0.000497306866,0.000608149140,0.000462577567,0.000407884083,0.995713685415,0.000463816671,0.000384324340,0.000497307615
0.000000231848,0.000000308092,0.000000298470,0.000000309486,0.000000236631,0.000000234472,0.999997564669,0.000000250727,0.000000267135,0.000000298471
0.000331618485,0.000419336751,0.000428248138,0.000420986374,0.000331869699,0.000321442554,0.996593698144,0.000346542658,0.000378008519,0.000428248677
0.000440066401,0.000640256674,0.000534701236,0.000642274657,0.000541295833,0.000484365805,0.995170625290,0.000507672825,0.000504039520,0.000534701760
0.000171835038,0.000229892694,0.000232417327,0.000230853843,0.000188413401,0.000176007174,0.998154813592,0.000190597921,0.000192751499,0.000232417511
0.001993332271,0.002823699865,0.002411383352,0.002833825386,0.002628276489,0.002534785157,0.977635659087,0.002433827635,0.002293825763,0.002411384995
0.049251923517,0.076467382831,0.057430415952,0.076626063939,0.061804984903,0.054949231523,0.436035761969,0.060255399966,0.069748388736,0.057430446664
0.003595967465,0.004914831057,0.004566846343,0.004943096848,0.003694466376,0.003529983676,0.961708377059,0.003902597735,0.004576982204,0.004566851236
0.113937814184,0.070693661671,0.189311762170,0.071034311457,0.052921765968,0.059378683961,0.071862619141,0.057683170120,0.123863866377,0.189312344952
0.045376373823,0.066240364832,0.062657533835,0.066632748586,0.049090185498,0.043178959040,0.500955726262,0.060915681639,0.042294771109,0.062657655375
0.048842687489,0.063287313657,0.106620830111,0.063776542435,0.041400258553,0.050525921261,0.426711088456,0.049708226575,0.042506056867,0.106621074595
0.056500947417,0.011848916928,0.021244253589,0.011882714446,0.009429944917,0.009427845472,0.834648699937,0.009208277953,0.014564144674,0.021244254667
0.035687877329,0.040359007085,0.065718294078,0.040488465030,0.030470671404,0.031972154652,0.601933766728,0.031260095548,0.056391178313,0.065718489833
0.086682571609,0.101629449387,0.145675447367,0.102059474349,0.074783010156,0.074587145843,0.066828110923,0.110466725584,0.091612291184,0.145675773598
0.064867050807,0.098512932504,0.237053069399,0.099516154178,0.060413616011,0.055127960162,0.035533674691,0.061618754392,0.050302229117,0.237054558739
0.307724615087,0.041628846122,0.205419158115,0.041934479179,0.027544139612,0.038379368195,0.031810559442,0.034228566046,0.065911338195,0.205418930008
0.032450127690,0.051104065468,0.082631050414,0.051480745496,0.032011309032,0.026206511116,0.567233491910,0.032234306118,0.042016874370,0.082631518387
0.004884797158,0.011018940423,0.006541175505,0.011132425418,0.006932457452,0.005674789428,0.931429795936,0.007598966174,0.008245470397,0.006541182109
0.020810579260,0.010105459269,0.018013369442,0.010176387865,0.006632281312,0.006695902586,0.889571107676,0.007439462042,0.012542095804,0.018013354744
0.003831644143,0.005383853140,0.005490453210,0.005403758395,0.003738963130,0.005936548749,0.954557212087,0.005167130837,0.004999977444,0.005490458866
0.138290687364,0.004549707989,0.007685402395,0.004562910729,0.003770778483,0.003689983262,0.815749169002,0.003716530732,0.010299439970,0.007685390074
0.001394718807,0.002018987537,0.002372694386,0.002037943231,0.001296830042,0.001275534961,0.984158640342,0.001434555128,0.001637394229,0.002372701337
0.010409172921,0.005613543553,0.006799402907,0.005637613557,0.004166472240,0.004286262174,0.946722600979,0.004525656596,0.005039873289,0.006799401783
0.026767404828,0.030376836277,0.025716212225,0.030559819381,0.022118416072,0.017658072680,0.776214994505,0.022090472455,0.022781570429,0.025716201150
0.138804526313,0.090358638390,0.124314728066,0.090767925268,0.072701938513,0.065376764291,0.078831999753,0.069799374985,0.144729378037,0.124314726384
0.000160954734,0.000285225207,0.000245813901,0.000286477755,0.000202719710,0.000171063769,0.998013562804,0.000207860632,0.000180507246,0.000245814242
0.001028979904,0.001613721937,0.001469691242,0.001623124696,0.001111208498,0.001023372153,0.988527656300,0.001176966519,0.000955585919,0.001469692832
0.000969268006,0.001513763850,0.001376073178,0.001526633834,0.001113650446,0.001053099019,0.989006050472,0.001103610547,0.000961776626,0.001376074023
0.059245400008,0.076925234913,0.069478885160,0.077089423956,0.063980099289,0.067077578622,0.394000199416,0.065217594916,0.057506680329,0.069478903391
0.004216063876,0.005958753220,0.005895397384,0.006019964588,0.004007546084,0.003340556792,0.956748393332,0.003953295546,0.003964626729,0.005895402449
0.004552076400,0.006975125641,0.007381927196,0.007016050759,0.005034216034,0.004553409845,0.947168818127,0.005031275769,0.004905159860,0.007381940368
0.022700984440,0.007315986190,0.013234054467,0.007351415557,0.005876802698,0.005552728294,0.907309592850,0.005852574635,0.011571834391,0.013234026479
0.057587551739,0.087684413185,0.132820560910,0.088549127067,0.050715014252,0.050045695920,0.298493469880,0.051857279030,0.049425831330,0.132821056688
0.016891737401,0.028594241621,0.028300995817,0.028874003265,0.017903347040,0.016333129708,0.799451287308,0.020322598175,0.015027614375,0.028301045290
0.209068092646,0.101769254404,0.108000077267,0.102216068434,0.073668452684,0.064764595686,0.087563172325,0.076876673140,0.068073574410,0.108000039005
0.043017312624,0.023939404841,0.034933732352,0.024060711583,0.018103766792,0.017481157964,0.752707051041,0.020165458649,0.030657642169,0.034933761985
0.038941463391,0.193400346906,0.116558716734,0.196279775331,0.105826066099,0.078138187407,0.025582110034,0.096777167160,0.031936989792,0.116559177147
0.054339187932,0.119490481542,0.218345884552,0.121019030513,0.065014750795,0.052454404702,0.038368715188,0.068685333670,0.043934960802,0.218347250303
0.064664548930,0.118832990347,0.127275076734,0.119943870438,0.069561234505,0.063323764558,0.158668682392,0.082340131360,0.068114292409,0.127275408328
0.193007464045,0.009773156204,0.022596710820,0.009840789247,0.006837014796,0.006828516624,0.705976112339,0.008279329197,0.014264170118,0.022596736610
0.104758949245,0.085464289061,0.185667519132,0.086040179550,0.064446069527,0.063914730488,0.070105198753,0.070327978524,0.083607194241,0.185667891480
0.131195446634,0.054017740144,0.222047599444,0.054551294113,0.035009163681,0.041135378099,0.138629048149,0.038662266338,0.062703756523,0.222048306876
0.059617752727,0.066981593658,0.180645635547,0.067567089472,0.044197171319,0.046542257739,0.197006292683,0.049002534149,0.107793034623,0.180646638082
0.000999453007,0.002622125923,0.002168803662,0.002647547282,0.001517525687,0.001286986451,0.983846905953,0.001784496929,0.000957344810,0.002168810295
0.067343646059,0.070590381589,0.129575427939,0.070917693786,0.050151573235,0.046873975513,0.236365812447,0.054000184496,0.144605416910,0.129575888027
0.062693192732,0.121135249035,0.175674960596,0.122261326124,0.079953597500,0.071680628987,0.052042315526,0.083373266679,0.055509870771,0.175675592051
0.154864256124,0.077265602681,0.130029115999,0.077536373110,0.064612415602,0.067817917456,0.056893775875,0.077268556275,0.163682918873,0.130029068005
0.020060249405,0.040899293185,0.034239418990,0.041160133362,0.030252825102,0.026448882520,0.721753004591,0.029025889592,0.021920802622,0.034239500631
0.160562074215,0.071149393559,0.227505811429,0.071780591945,0.043987943729,0.045852797745,0.026038284847,0.063570682746,0.062046503360,0.227505916426
0.127311431553,0.063649546770,0.182515102288,0.064103680271,0.042377047893,0.051737809421,0.100468980984,0.046483022588,0.138837999456,0.182515378775
0.000747329762,0.001964995069,0.001286765583,0.001974519162,0.001304646995,0.001065129681,0.988041876155,0.001411725333,0.000916243238,0.001286769022
0.006436181460,0.012682137642,0.013307419389,0.012865499945,0.006941522534,0.005627756782,0.916070894972,0.007602651606,0.005158476026,0.013307459645
0.017879412958,0.019148102173,0.033112462477,0.019273418178,0.012841133652,0.014901338307,0.816912335880,0.014752178778,0.018067111685,0.033112505913
0.045002015045,0.207766895375,0.066443053983,0.208684135250,0.106221020028,0.098964763100,0.056693336115,0.106712246532,0.037069359884,0.066443174688
0.136844759605,0.078374985977,0.205165484019,0.079376112935,0.052480504798,0.053589107835,0.053806880046,0.060367282939,0.074829064942,0.205165816904
0.017505516289,0.151896795344,0.038438632738,0.153553177263,0.057691778813,0.094523001238,0.340347646850,0.089176290086,0.018428371805,0.038438789575
0.068797369342,0.126301778861,0.086239619446,0.126217479093,0.121869536684,0.094502565838,0.112411760950,0.106669959004,0.070750251906,0.086239678876
0.239082413522,0.057446761146,0.171277323923,0.057868154658,0.040403061887,0.044058103965,0.055047254373,0.049130705008,0.114408986736,0.171277234782
0.002905323754,0.004383436543,0.004510035483,0.004420643508,0.002746847706,0.002800321373,0.967755677380,0.003239143687,0.002728528752,0.004510041814
0.100000000000,0.100000000000,0.100000000000,0.100000000000,0.100000000000,0.100000000000,0.100000000000,0.100000000000,0.100000000000,0.100000000000
0.072552675652,0.121976431807,0.179901331838,0.123452629288,0.070077539246,0.064176662669,0.055066412158,0.075660212459,0.057233676957,0.179902427926
0.395362167662,0.045389887492,0.055162492382,0.045331712712,0.038353444216,0.034360781956,0.235621022946,0.048222240314,0.047033811939,0.055162438382
0.078557237403,0.065660080611,0.281960080468,0.066498564003,0.037602859095,0.039883614227,0.033735639797,0.045348205973,0.068792502707,0.281961215716
0.130927243803,0.082814237225,0.121255396947,0.082949450872,0.071292333991,0.071370795413,0.059085814530,0.070680178200,0.188369127713,0.121255421305
0.126619549549,0.078397176855,0.178187494405,0.078669781109,0.062249292616,0.062611848197,0.074524656529,0.065875265553,0.094677148890,0.178187786297
0.079840734893,0.100671649103,0.190762033862,0.101368035043,0.065214747695,0.082635863466,0.055540864942,0.074353897786,0.058849711415,0.190762461796
0.084414639723,0.092209285797,0.170483834782,0.092804113355,0.062267073403,0.055869946330,0.148144850838,0.066422890759,0.056898886285,0.170484478727
0.065029760937,0.108169948044,0.072200405151,0.107492476125,0.111080740109,0.080065129044,0.070300280380,0.251087968985,0.062372849284,0.072200441941
0.060150945115,0.133225246642,0.112972776675,0.133919937876,0.099682569156,0.134477754204,0.058012384235,0.097415086624,0.057170135266,0.112973164206
0.100000000000,0.100000000000,0.100000000000,0.100000000000,0.100000000000,0.100000000000,0.100000000000,0.100000000000,0.100000000000,0.100000000000
0.100000000000,0.100000000000,0.100000000000,0.100000000000,0.100000000000,0.100000000000,0.100000000000,0.100000000000,0.100000000000,0.100000000000
0.068459895163,0.060188176930,0.316007169968,0.061087486056,0.027651108130,0.032912795224,0.012607624618,0.037254763957,0.067821857963,0.316009121990
0.065029760937,0.108169948044,0.072200405151,0.107492476125,0.111080740109,0.080065129044,0.070300280380,0.251087968985,0.062372849284,0.072200441941
0.097783546167,0.066513841587,0.249094739470,0.066907421219,0.043945720164,0.052966151958,0.049530011973,0.059156329795,0.065007242306,0.249094995362
0.097747675458,0.051003205796,0.328101887832,0.051229776852,0.028961091565,0.025945506849,0.012865889889,0.043203746640,0.032839207291,0.328102011829
0.069189333045,0.070355489318,0.279629185341,0.071326724964,0.036618395625,0.044857531383,0.029767985160,0.069122885371,0.049501897787,0.279630572006
0.100637559728,0.078442156143,0.182107807864,0.078791818960,0.061129854904,0.089429323240,0.066269059147,0.073796035643,0.087288132571,0.182108251799
0.065967908838,0.079678496048,0.261933640598,0.080360096611,0.048278033510,0.053709677976,0.028578376382,0.063074443847,0.056483964547,0.261935361643
0.100000000000,0.100000000000,0.100000000000,0.100000000000,0.100000000000,0.100000000000,0.100000000000,0.100000000000,0.100000000000,0.100000000000
0.069500178005,0.018996944283,0.403006853690,0.019214870540,0.010532011385,0.012542043417,0.007198913606,0.014973102034,0.041025740544,0.403009342496
0.100000000000,0.100000000000,0.100000000000,0.100000000000,0.100000000000,0.100000000000,0.100000000000,0.100000000000,0.100000000000,0.100000000000
0.127232720163,0.020514918831,0.362147115544,0.020717349479,0.011909231285,0.014916767753,0.010161585749,0.014884755917,0.055367087033,0.362148468247
0.093422880956,0.034320220552,0.349866276704,0.034596538866,0.021378148078,0.024087188102,0.014072945459,0.029089841694,0.049298687223,0.349867272367
0.093612253844,0.052227963134,0.303019957853,0.052822652605,0.033274058748,0.038800941622,0.022684171835,0.045848617063,0.054688497620,0.303020885675
0.088184799159,0.066125846855,0.262612169134,0.066694593729,0.039372327672,0.044748087929,0.040108522433,0.056486043149,0.073054354144,0.262613255795
0.087777742954,0.048292014893,0.324051031756,0.048725385837,0.031463728527,0.028805731714,0.018533202825,0.041318294443,0.046980765713,0.324052101338
0.100000000000,0.100000000000,0.100000000000,0.100000000000,0.100000000000,0.100000000000,0.100000000000,0.100000000000,0.100000000000,0.100000000000
0.118504664897,0.025342621699,0.339349229002,0.025591315103,0.013986277218,0.017254216387,0.009722286739,0.024015840114,0.086883862898,0.339349685942
0.059857671071,0.031096816593,0.382897851349,0.031404082966,0.015096869508,0.018856013929,0.010993363000,0.030418755111,0.036478174856,0.382900401616
0.128182047188,0.038505304412,0.338477845384,0.038909158722,0.019623305772,0.027339324674,0.009750764650,0.028691206425,0.032044686886,0.338476355888
0.064241865923,0.040422831639,0.364729459844,0.040919333445,0.023723444766,0.021393018729,0.014636605589,0.026547884217,0.038655097232,0.364730458616
0.084222786189,0.032619060436,0.334972309106,0.033090090875,0.017164298846,0.020659049926,0.015814713773,0.022860924745,0.103624523393,0.334972242712
0.124225830907,0.019084142797,0.371217518528,0.019247301989,0.011694514236,0.018283933417,0.008704158509,0.016309709063,0.040016578959,0.371216311593
0.098054461354,0.041841015385,0.322057257508,0.042097366044,0.026403618449,0.039163744108,0.018699483092,0.033248978940,0.056376482574,0.322057592546
0.053923375459,0.024162025371,0.410420109541,0.024552364579,0.012132631518,0.013613875180,0.008073037175,0.017403822353,0.025297999586,0.410420759239
0.125594681568,0.022581023464,0.198782651354,0.022704141739,0.015541208533,0.021371555886,0.012685561110,0.019344646091,0.362612400852,0.198782129403
0.086470183452,0.036726130384,0.338735959809,0.037023855304,0.023637593482,0.028031389137,0.016310169931,0.033618656921,0.060710052996,0.338736008584
0.251038340903,0.022010771414,0.296243101567,0.022198969267,0.014364365990,0.017947733351,0.014096902469,0.017976403071,0.047882581455,0.296240830513
0.114198837878,0.041617707404,0.312372009088,0.041915516907,0.026968763356,0.031323426988,0.029639155361,0.031842794171,0.057749826502,0.312371962345
0.151042836202,0.025838838699,0.340471718787,0.026059497948,0.016839561080,0.019104198045,0.014025739014,0.020899098835,0.045248278022,0.340470233367
0.088746784373,0.061509643239,0.266402965977,0.061902047689,0.042721079609,0.043370185274,0.056521316904,0.051218456489,0.061203683681,0.266403836767
0.217433594573,0.020878973938,0.313282670157,0.021015523122,0.014087828121,0.019841544186,0.010827042726,0.018026150577,0.051326287765,0.313280384833
0.087243270223,0.049924313843,0.320649958742,0.050142920031,0.036792252478,0.035803913229,0.019230488808,0.038701894604,0.040858849096,0.320652138945
0.121423611614,0.046488449714,0.287842443988,0.046942846706,0.029214374641,0.036147301718,0.032405279844,0.038406438467,0.073287519793,0.287841733515
0.116554404395,0.015648980105,0.393491465202,0.015844912292,0.007888494102,0.010373807554,0.005434771104,0.013403423424,0.027869080187,0.393490661635
0.076358411801,0.024791892927,0.389944847758,0.025095342307,0.013496456840,0.016192055415,0.009951225547,0.017596252938,0.036628997245,0.389944517223
0.078220816825,0.065122722669,0.298908472583,0.065834666398,0.038913820851,0.041490136215,0.021253043446,0.046931449876,0.044415011053,0.298909860083
0.527944077910,0.025851820024,0.142975995336,0.026053369797,0.017643074637,0.020309148708,0.021122482886,0.024645347952,0.050479133808,0.142975548942
0.053106600305,0.048454287849,0.344170469225,0.048978672639,0.027293932913,0.028570902850,0.027133421898,0.036959273553,0.041158921527,0.344173517240
0.161777739003,0.030710612163,0.314039533361,0.030963030463,0.019989572762,0.027069042671,0.016715792583,0.025542746077,0.059153584718,0.314038346200
0.098743032631,0.043819773611,0.333772161672,0.044247885521,0.025974232514,0.029178545641,0.016840667762,0.032708806944,0.040941872888,0.333773020817
0.138048439514,0.064909153167,0.208950698906,0.065243324566,0.051195058042,0.047196965066,0.061721455188,0.054817061774,0.098966783145,0.208951060631
0.082979368412,0.081524509409,0.129938190347,0.081733763222,0.061637658735,0.065179165967,0.057800643826,0.076375413916,0.232892958271,0.129938327894
0.089883863678,0.038393596290,0.314062621722,0.038907453312,0.020729679186,0.021327369324,0.074655416368,0.032519764898,0.055457526742,0.314062708480
0.088573327799,0.065838435304,0.245591351712,0.066659232047,0.037242337165,0.046851429633,0.104815079822,0.047402238084,0.051434524040,0.245592044394
0.053218584807,0.031261345907,0.393331721617,0.031781647400,0.015343579007,0.018342581330,0.009069176740,0.022545550028,0.031772963864,0.393332849300
0.106958048073,0.069488833524,0.122642366754,0.069811028689,0.054857012575,0.051143108543,0.276905509978,0.060462340693,0.065089435835,0.122642315334
0.067773711284,0.017706407911,0.415497821773,0.017952765679,0.009149774791,0.011178848828,0.007154337403,0.012185043899,0.025903264787,0.415498023645
0.205351105810,0.027022754854,0.260116062919,0.027176521105,0.018450965170,0.019544508204,0.011918805210,0.023999412796,0.146304800124,0.260115063808
0.051523667164,0.041059433365,0.366244973549,0.041516988753,0.022814868130,0.026361394444,0.018487812655,0.032014839820,0.033727955176,0.366248066943
0.099562831495,0.061814215424,0.250684980946,0.062220295487,0.040237576934,0.058435429198,0.053349064219,0.054874518127,0.068136026112,0.250685062058
0.063196852723,0.040179078891,0.362338276533,0.040642005379,0.022101869551,0.024751052030,0.013512612926,0.031610440260,0.039328007243,0.362339804465
0.095435667121,0.068651798258,0.268461911369,0.069201696294,0.042894312907,0.041186832759,0.024842703672,0.065291213701,0.055571577003,0.268462286915
0.001441375375,0.013589234681,0.002913029287,0.013744848787,0.008689199887,0.005281835241,0.000940193922,0.949306655497,0.001180590584,0.002913036739
0.183384135868,0.053278693516,0.209832043904,0.053498747161,0.041466046223,0.040107521380,0.029610965531,0.044983597637,0.134007314119,0.209830934660
0.000423345153,0.000525180054,0.000520690344,0.000527324844,0.000426074573,0.000402358773,0.995461792397,0.000705159366,0.000487383672,0.000520690824
0.090406631506,0.091805385329,0.175961748286,0.092048870719,0.061509636912,0.094941187577,0.048203004134,0.080136262783,0.089025332701,0.175961940052
0.003062984326,0.038355724853,0.005245531927,0.038747288467,0.030298749543,0.015867773223,0.003540556821,0.856642449804,0.002993399022,0.005245542014
0.038636506502,0.021672795667,0.420549175581,0.021923589871,0.010808180929,0.014280827289,0.011976863002,0.015444693387,0.024152685999,0.420554681773
0.000000432537,0.000000574442,0.000000550939,0.000000577583,0.000000426029,0.000000409684,0.999995487781,0.000000455587,0.000000534480,0.000000550940
0.055240554796,0.050549573692,0.100729873930,0.050659934586,0.038960964521,0.040119507644,0.451098604796,0.063026469122,0.048884588921,0.100729927991
0.489756590495,0.038582482504,0.111416773493,0.038725754034,0.028252716666,0.043937477160,0.025607765496,0.038496611330,0.073807080858,0.111416747964
0.188427851041,0.023639604536,0.284891790841,0.023842305861,0.013217631982,0.014983800369,0.009378742941,0.020916597896,0.135810407473,0.284891267060
0.060811847058,0.123461648884,0.165458944098,0.124314269120,0.074731117727,0.115706382005,0.037744445066,0.078009022434,0.054302499681,0.165459823928
0.002982405302,0.029587346833,0.004210392957,0.029198717206,0.031876998645,0.012518836400,0.002333698333,0.880374885527,0.002706322406,0.004210396390
0.145180146381,0.045078976167,0.155441123022,0.045264862218,0.034751349934,0.037857669687,0.140430097370,0.046803963797,0.193751346852,0.155440464570
0.002735072874,0.131876051799,0.004042202391,0.127513088096,0.399925804560,0.023808590085,0.002561287287,0.300836060840,0.002659632711,0.004042209357
0.001079867903,0.019994719436,0.002265655264,0.019661784804,0.012813782467,0.018726505575,0.000517048204,0.921862156510,0.000812819670,0.002265660166
0.117651731973,0.069481690693,0.187641470114,0.069773371504,0.050969040296,0.063432569445,0.041876416230,0.066847009157,0.144685556573,0.187641144015
0.072997398944,0.106830129598,0.132151021690,0.107494505996,0.069157471555,0.062649400593,0.059717844344,0.148887598198,0.107963224475,0.132151404607
0.072767294152,0.090033637705,0.080296400328,0.090066389242,0.080731620910,0.070800077569,0.116920609196,0.213375315497,0.104712241173,0.080296414229
0.075874173957,0.127826092112,0.121146997722,0.127724527020,0.089118554859,0.099584398761,0.047636686834,0.119462136600,0.070479339970,0.121147092164
0.156150120718,0.063708165979,0.193812400169,0.063987039293,0.046860423943,0.057680459448,0.038864238301,0.060739705633,0.124385453711,0.193811992806
0.087020864771,0.091857927220,0.093762426827,0.091917003315,0.088284447023,0.085002161666,0.136259817765,0.136043279105,0.096089638949,0.093762433359
0.008676992848,0.248700456227,0.011487818147,0.241135286189,0.272610606425,0.065280832233,0.008268876525,0.124230036613,0.008121260170,0.011487834624
0.003666860846,0.046411658915,0.008394059914,0.045677209745,0.048993678417,0.013808333007,0.003308578129,0.818058302119,0.003287226348,0.008394092562
0.084661210588,0.107777320504,0.120101092625,0.108284676600,0.086463773082,0.091181562994,0.088166229307,0.098209722520,0.095053063603,0.120101348177
0.011522030179,0.147301343979,0.016648892465,0.146069937301,0.123511957831,0.250730755296,0.014427103690,0.262130325061,0.011008738162,0.016648916036
0.003346243191,0.005019577372,0.004281967653,0.005049614366,0.003672492490,0.003343671036,0.963724113479,0.003863791066,0.003416556695,0.004281972651
0.005900654105,0.118196284657,0.009640707998,0.115710854480,0.255599138197,0.031748593821,0.005423780525,0.442534762945,0.005604493417,0.009640729853
0.001152157933,0.026796716218,0.002177594380,0.026299216150,0.017753843929,0.022759724328,0.000668777402,0.899336946224,0.000877424673,0.002177598762
0.002982265740,0.046670358421,0.005260714807,0.045820240537,0.046705487082,0.015485944317,0.002085709675,0.826728832699,0.002999720366,0.005260726356
0.005953505652,0.053419496536,0.010057231259,0.052638228363,0.063774011011,0.020971683687,0.005094345986,0.772900400773,0.005133841635,0.010057255097
0.015031844991,0.085847218402,0.027638246671,0.087691286957,0.028695431279,0.056516732617,0.006344349703,0.651843710747,0.012752953178,0.027638225454
0.101539837310,0.105587573641,0.174184256304,0.105929730505,0.077622793198,0.053655897770,0.028686759754,0.122533259516,0.056075530955,0.174184361048
0.140409095898,0.026285646660,0.108591881688,0.026391996898,0.018264768049,0.025518744123,0.011533339352,0.026628072422,0.507784673161,0.108591781749
0.000415928661,0.013789368905,0.000783533110,0.013482397890,0.010556186165,0.012245843154,0.000342157529,0.947242243014,0.000358806433,0.000783535139
0.163397191046,0.052032613344,0.221034911870,0.052342891122,0.036806870076,0.041179165338,0.032866391778,0.048105935921,0.131199860246,0.221034169259
0.102166617823,0.029434616731,0.319796994129,0.029631125499,0.018334714274,0.031112068862,0.013725219737,0.036062792175,0.099939712857,0.319796137913
0.084991646493,0.082488389047,0.189977509433,0.082859131108,0.061020694319,0.074248443647,0.059220570391,0.080665516331,0.094549495357,0.189978603875
0.059339166688,0.108724639171,0.159995423474,0.109370711455,0.074253077404,0.063232966429,0.044347365123,0.127206705562,0.093533803087,0.159996141606
0.013870792400,0.267053164416,0.023453045089,0.279004700040,0.094535359789,0.092868535508,0.013465707051,0.179733055605,0.012562563070,0.023453077032
0.000543627287,0.012063542817,0.000896687069,0.011768635306,0.012701080518,0.003232496200,0.000456040545,0.956936162144,0.000505039119,0.000896688996
0.002220312314,0.039032337188,0.003889029092,0.037906953726,0.060456167987,0.015541458573,0.001605905950,0.833374760675,0.002084039705,0.003889034789
0.001369582792,0.019014675212,0.002940514078,0.019345582434,0.009475175861,0.019693228313,0.000942457855,0.923116400240,0.001161860134,0.002940523081
0.001685354612,0.026077105337,0.002632331020,0.025345679817,0.044270540440,0.010281227383,0.001405198216,0.884133028312,0.001537197713,0.002632337149
0.118293326948,0.080780349188,0.197866112289,0.080644030017,0.059356113914,0.054988918947,0.030593372386,0.114397440458,0.065213987092,0.197866348760
0.001032691483,0.019982156311,0.003257686587,0.020203845072,0.008117030565,0.023692160404,0.000731977562,0.918824211546,0.000900539875,0.003257700595
0.000736782989,0.012437474613,0.001501728179,0.012197461304,0.010281760198,0.014362601719,0.000497529669,0.945890505811,0.000592423471,0.001501732048
0.158694293728,0.011728211062,0.165521244400,0.011788436290,0.008765836361,0.009931434389,0.007022438443,0.010127414894,0.450900798944,0.165519891490
0.001045304228,0.020310344452,0.001672148287,0.020325272322,0.021726569211,0.006768887974,0.000992200845,0.924419327959,0.001067792646,0.001672152076
0.104025246677,0.107312075383,0.161531925677,0.107221011465,0.073817265873,0.071052842221,0.024588538572,0.128397497901,0.060522162035,0.161531434197
0.002820025996,0.061631405529,0.005656916390,0.061328640829,0.046435866686,0.019326484963,0.002795896863,0.791529479700,0.002818344251,0.005656938794
0.154054405631,0.063161507795,0.243013714400,0.063305348810,0.045302586616,0.045405308501,0.027466141010,0.050665513693,0.064612247248,0.243013226296
0.052858471176,0.068151854211,0.293975154145,0.068529657188,0.034621946730,0.039501846285,0.027414916577,0.065837755414,0.055130781447,0.293977616826
0.094682666908,0.048692152087,0.324525143287,0.049051455090,0.025256435668,0.031778858247,0.016518999912,0.045021980484,0.039945942202,0.324526366114
0.086457644045,0.105974881519,0.179782875736,0.105862891276,0.065858855184,0.080878793948,0.025595946048,0.101255817739,0.068549406469,0.179782888036
0.117532841642,0.028553781383,0.354830336064,0.028761192453,0.017179154443,0.019540209712,0.011402284073,0.031801340513,0.035569727792,0.354829131924
0.095364605256,0.073370143690,0.267406297986,0.073390901723,0.042801455193,0.046844644274,0.017222947416,0.067724150114,0.048468223927,0.267406630421
0.083012400338,0.075090071251,0.244755671229,0.075336038897,0.046884111624,0.063331002149,0.023912424552,0.058314308072,0.084608142902,0.244755828986
0.063312705202,0.077102703403,0.261323197382,0.077730825069,0.049523928323,0.048600831006,0.031938839904,0.076782473842,0.052359343245,0.261325152624
0.180579907796,0.027490069286,0.317038588241,0.027691349795,0.018161436089,0.021881342379,0.016175772113,0.024476533907,0.049467178752,0.317037821642
0.872167656710,0.005393506229,0.040999313728,0.005392892359,0.004184903709,0.003889087677,0.003360159400,0.004553779740,0.019059637576,0.040999062872
0.100000000000,0.100000000000,0.100000000000,0.100000000000,0.100000000000,0.100000000000,0.100000000000,0.100000000000,0.100000000000,0.100000000000
0.081732639332,0.091971929053,0.170122654655,0.092709654379,0.067614185821,0.076736103725,0.054053197006,0.081689048304,0.113247439269,0.170123148456
0.071880446995,0.068056741016,0.167296129247,0.068855627550,0.038322368249,0.040167160362,0.284588396061,0.053003154896,0.040533391051,0.167296584572
0.089718889026,0.116242695368,0.143416904672,0.116107000310,0.082766729044,0.071272144132,0.075559728502,0.097147018038,0.064351600977,0.143417289932
0.077034290954,0.055253441076,0.316935817303,0.055953952103,0.027442451806,0.029077446244,0.020423313131,0.050001102982,0.050940292778,0.316937891624
0.129731546026,0.071904626616,0.186278744475,0.072235139329,0.056992708058,0.056787521115,0.048981655020,0.061484365934,0.129324949881,0.186278743546
0.093259070282,0.080250897479,0.227306256586,0.081141519922,0.047447448319,0.050959762171,0.079013266425,0.054896223508,0.058418179785,0.227307375523
0.040895855829,0.086968531347,0.158271461010,0.088339661663,0.041296249311,0.040342375850,0.295335715035,0.049429478763,0.040848375280,0.158272295912
0.007706513487,0.004211097418,0.008949053413,0.004231303525,0.003234785740,0.003737327742,0.003355622552,0.003491314195,0.952133931032,0.008949050895
0.089194172513,0.070176800318,0.267012202513,0.070935434851,0.038336096900,0.047121222378,0.035630838248,0.049813829134,0.064766471255,0.267012931889
0.069973006429,0.066431849547,0.214124768612,0.067077754145,0.040864033864,0.040436497376,0.183287302188,0.050398745251,0.053280435365,0.214125607224
0.056862748133,0.043775878203,0.183237943768,0.044149041432,0.022897705208,0.028451573491,0.349805788786,0.036709631565,0.050870545123,0.183239144292
0.006597171854,0.001453751169,0.005795567521,0.001459367504,0.001176331394,0.001536491131,0.001429029658,0.001452274360,0.973304455155,0.005795560256
0.024943938297,0.009053300680,0.022154196301,0.009086670098,0.007183858392,0.009489376346,0.006619789591,0.008609698751,0.880705011992,0.022154159553
0.138053663618,0.037748175794,0.223155592132,0.037968926724,0.028619136701,0.031748816413,0.021902958968,0.034866925456,0.222780453271,0.223155350922
0.007040473525,0.002366336978,0.008883139913,0.002382370078,0.001678390564,0.001988691074,0.001424834836,0.001879373310,0.963473258667,0.008883131056
0.011358103979,0.227718794098,0.025489658823,0.237003873924,0.066275334094,0.123523831303,0.012457380473,0.261051937183,0.009631351750,0.025489734373
0.039932489323,0.008934376062,0.055386902518,0.009011691762,0.005665549104,0.006704037748,0.030153288991,0.006977511393,0.781847334892,0.055386818208
0.102923891178,0.016521836764,0.400748782136,0.016696938519,0.009286157817,0.010062214492,0.006152772580,0.013359339511,0.023502085321,0.400745981683
0.163204265006,0.034450588768,0.241927966453,0.034700462300,0.023398204182,0.026824427936,0.020677143713,0.032392823995,0.180496876619,0.241927241028
0.057858566035,0.021324494394,0.088661976310,0.021429553581,0.016698329258,0.018030192048,0.018275844112,0.018358881228,0.650700296579,0.088661866454
0.118041263933,0.048659942832,0.167719409099,0.049047856382,0.033258042582,0.041380325517,0.027922451401,0.038243396897,0.308008032251,0.167719279106
0.011962892457,0.007001427655,0.020426916319,0.007039050860,0.004683052731,0.005655335569,0.003363703790,0.005240356776,0.914200317972,0.020426945872
0.008787238537,0.011667014077,0.019593770219,0.011795335833,0.006970455612,0.006045000327,0.895300009243,0.007947051912,0.012300293771,0.019593830469
0.006834722903,0.001621208614,0.006746700101,0.001630231803,0.001216972883,0.001448138692,0.001314541049,0.001596813833,0.970843961706,0.006746708415
0.104790494276,0.026461256621,0.114043299349,0.026683984543,0.017688158967,0.022271731151,0.019332021188,0.021644716207,0.533041314688,0.114043023011
0.007938846944,0.156090520732,0.012396224720,0.153991356023,0.493307025684,0.068660611408,0.006665100857,0.081416768512,0.007137303348,0.012396241772
0.135567252099,0.020793375385,0.144452758968,0.020973474398,0.012980813644,0.014733469719,0.014561161376,0.016986808433,0.474498983526,0.144451902452
0.036029234624,0.058440454831,0.060642701140,0.058705167871,0.040751467397,0.055434786473,0.539958018471,0.048511109159,0.040884264926,0.060642795107
0.013637865035,0.003192662657,0.015511069637,0.003210723420,0.002355495043,0.003046070649,0.002459392375,0.002723780147,0.938351841439,0.015511099597
0.339391767561,0.010803518781,0.093968098658,0.010886610286,0.007640950166,0.008685679355,0.008814865151,0.008714338851,0.417126442869,0.093967728323
0.485089773508,0.012776258360,0.102729645694,0.012841058088,0.009901824639,0.010688214597,0.011361521909,0.011182115705,0.240700492587,0.102729094912
0.127000862071,0.047483309302,0.206050116527,0.047869774656,0.030789656866,0.035440174817,0.022762357666,0.035128989902,0.241424431537,0.206050326658
0.044783438292,0.028051816866,0.056682459999,0.028360017269,0.020039567141,0.022905015565,0.020665810455,0.021728125200,0.700101248478,0.056682500735
0.185037934163,0.021605656833,0.319732960900,0.021801696335,0.013210600964,0.014281886637,0.012273156705,0.017660938111,0.074664388881,0.319730780471
0.120665867127,0.046411525791,0.192162617831,0.046643335305,0.031528928496,0.037839828130,0.117036533010,0.044117819920,0.171430765582,0.192162778808
0.507407440443,0.030057386048,0.106218887668,0.030261282159,0.021618224494,0.025934008390,0.101360060737,0.023831869365,0.047091813820,0.106219026875
0.075004475068,0.054422574382,0.288598113915,0.054917821730,0.031449259988,0.035897736961,0.082541829933,0.037829567672,0.050738678540,0.288599941811
0.111479272532,0.051240167462,0.269050393201,0.051723182012,0.032261674093,0.035938067544,0.037744313690,0.053137176678,0.088374200459,0.269051552328
0.014061773917,0.214554895325,0.020391833315,0.212472430618,0.242357802223,0.148721611697,0.016719263169,0.097129981339,0.013198538579,0.020391869819
0.044032541126,0.009970182848,0.047642680093,0.010007081171,0.007947299908,0.009140801621,0.006136446733,0.009028999097,0.808451473852,0.047642493552
0.041767381159,0.012147204589,0.060860935843,0.012288262983,0.006725605741,0.007008810176,0.037325949614,0.008508318837,0.752506691596,0.060860839462
0.044594466174,0.025876841754,0.031855081943,0.025939099018,0.022451630682,0.023788523596,0.042561441447,0.022911017853,0.728166831170,0.031855066364
0.100873602679,0.015793421404,0.396351688196,0.015986577450,0.008509990982,0.010320975602,0.005606460001,0.012432765505,0.037774170081,0.396350348101
0.075906972678,0.071195910567,0.257619660521,0.072207514071,0.043649422519,0.043950866316,0.035184474022,0.053237359738,0.089427366656,0.257620452913
0.038539185752,0.037036557124,0.034423584565,0.036985345366,0.036211428787,0.038143940403,0.034157325364,0.038613479966,0.671465569617,0.034423583056
0.000738466460,0.001153404405,0.000912513150,0.001157371807,0.000852173901,0.000815056770,0.991705110796,0.000906063514,0.000847324760,0.000912514436
0.116124172171,0.060372602422,0.228196249492,0.060951576414,0.040750257837,0.042794459185,0.040792165300,0.054688680256,0.127133535145,0.228196301779
0.117374800907,0.028345157563,0.320474925792,0.028623829103,0.015849059103,0.018769795559,0.009801325366,0.021251492989,0.119035438400,0.320474175219
0.016436216482,0.225759003741,0.026504992765,0.225252638682,0.174349227159,0.137047743948,0.038469418783,0.115463513272,0.014212205745,0.026505039423
0.091336385793,0.083322883202,0.251067331068,0.083786802224,0.050041049159,0.043467470980,0.025695022022,0.055417674005,0.064797664071,0.251067717476
0.159679677483,0.042877741216,0.248295624716,0.043102447403,0.032754967814,0.027020895816,0.024455743190,0.033218364560,0.140299157432,0.248295380371
0.136250477341,0.061662912073,0.247195278826,0.062135834288,0.042122801857,0.040853177894,0.029934563401,0.042421340655,0.090228862747,0.247194750918
0.166212003673,0.023085685162,0.336966923047,0.023305851589,0.014833916123,0.015726813071,0.010757537963,0.021863584022,0.050282912533,0.336964772818
0.024907882346,0.201453971179,0.048629853824,0.198977870453,0.232185752068,0.077100762485,0.025336385243,0.121056508415,0.021720969163,0.048630044825
0.238490914433,0.022112205784,0.299000278453,0.022388180606,0.013797063755,0.014384176058,0.010287581123,0.015749979341,0.064792481910,0.298997138536
0.167303564402,0.051786224320,0.147239180261,0.052059902300,0.040987736405,0.039500056752,0.032788954315,0.042914540516,0.278180995344,0.147238845383
0.030003925979,0.203343903860,0.039778259596,0.206689326775,0.200333466043,0.081674773403,0.031809129430,0.132749581638,0.033839327210,0.039778306066
0.059640469042,0.033735230228,0.370836814428,0.034111081944,0.017372006870,0.026663753295,0.029360605925,0.022608830519,0.034832520248,0.370838687503
0.037159954315,0.008212829581,0.042656649096,0.008250831435,0.006582543998,0.007382355694,0.008096792275,0.007477077476,0.831524503745,0.042656462383
0.170205737949,0.032232320138,0.267352931460,0.032469792063,0.021322308280,0.025826630132,0.018770542117,0.026789478241,0.137677910436,0.267352349185
0.122871945999,0.056362908377,0.217495524863,0.056769037618,0.038884119825,0.045697231133,0.041353731216,0.042510121415,0.160560290514,0.217495089039
0.150422828553,0.031155375224,0.312560549182,0.031450532008,0.018922247441,0.018915677484,0.023884634803,0.021242882611,0.078885390466,0.312559882227
0.062322846780,0.021741305369,0.080286608312,0.021894938487,0.014553425526,0.014295612034,0.012356605439,0.017935450164,0.674326726669,0.080286481220
0.158613940394,0.049276175840,0.259325998797,0.049699828028,0.034643497388,0.040256684340,0.030333828548,0.037984237219,0.080540606230,0.259325203216
0.011827451326,0.102978212679,0.017172630805,0.102369399252,0.064312911441,0.509370318383,0.015476578551,0.147202442571,0.012117391891,0.017172663101
0.141227152681,0.036251161665,0.137689222985,0.036420594126,0.028149829744,0.030185793809,0.026934353960,0.033903297206,0.391549875248,0.137688718575
0.054325272921,0.012673105378,0.062518881017,0.012799268198,0.007960830063,0.008400710792,0.007048959338,0.010293386484,0.761460981661,0.062518604148
0.255547135880,0.026144273600,0.279735591329,0.026344638719,0.016480526057,0.017151296085,0.011977070228,0.019428650940,0.067457690239,0.279733126923
0.158861431228,0.028640992407,0.300487427352,0.028976882768,0.018443376921,0.020436617334,0.014617818801,0.024078889657,0.104971608513,0.300484955019
0.024886392638,0.167561980799,0.029200393720,0.166035970437,0.189650534315,0.229527096325,0.026034469182,0.113736465192,0.024166276159,0.029200421232
0.030677309070,0.185294211109,0.044823529901,0.185560122308,0.134290184147,0.119601157531,0.029409160782,0.194098993180,0.031421736868,0.044823595105
0.113528874319,0.035578531115,0.298906765799,0.035989164068,0.020118787961,0.024363389314,0.015001658572,0.030069881828,0.127537594010,0.298905353014
0.027220283272,0.021170622222,0.032579251038,0.021258968415,0.018826548220,0.014411637477,0.008225827537,0.018013465972,0.805714191990,0.032579203856
0.017003765596,0.219767368045,0.032274890035,0.227606224488,0.141674532701,0.180873441519,0.013705297816,0.119777522719,0.015041996428,0.032274960654
0.012188740249,0.201400691933,0.017164879228,0.198273241422,0.265426106968,0.076356404778,0.026062973660,0.175296891754,0.010665170116,0.017164899889
0.170548587348,0.038999854958,0.216142242680,0.039176232281,0.030548663243,0.037333665442,0.031715870176,0.034415018313,0.184978232437,0.216141633123
0.097242711529,0.065728685852,0.246089098352,0.066182904762,0.044453252344,0.053147579154,0.033138522698,0.050308651405,0.097619104817,0.246089489087
0.017016263653,0.187067057557,0.028946655114,0.184736088418,0.292792799902,0.087603275556,0.015966783290,0.140838238775,0.016086116237,0.028946721498
0.220146151881,0.024865175371,0.236846515717,0.025023854028,0.018173020424,0.021657983816,0.019561121851,0.020657574953,0.176223419402,0.236845182556
0.033040987403,0.006204452380,0.043947759722,0.006248462427,0.004440838197,0.005287348276,0.004382008377,0.004942570109,0.847557923118,0.043947649993
0.003936605300,0.027731382403,0.005109138968,0.027505173996,0.018187514461,0.879732940392,0.002922266829,0.025905553381,0.003860280745,0.005109143527
0.025116294298,0.181185572430,0.037279098811,0.183022708418,0.198557885702,0.070673197783,0.025992566980,0.214464897427,0.026428620616,0.037279157535
0.072025303251,0.137460739463,0.077855353596,0.136896209985,0.146926296046,0.131721453062,0.055743051844,0.103106707118,0.060409527845,0.077855357790
0.050678336610,0.163428355771,0.069567364189,0.164542806530,0.100259230869,0.176706096371,0.048590804509,0.107760861181,0.048898685954,0.069567458017
0.018475437830,0.140872888660,0.036089069597,0.140436035338,0.064724400949,0.382291287610,0.016192015462,0.147501226293,0.017328483958,0.036089154303
0.028943705506,0.179788555705,0.046543093541,0.177213804233,0.259999363362,0.099618375707,0.023437873437,0.111572091487,0.026339948871,0.046543188149
0.169596065223,0.063884113004,0.166330144855,0.063954907877,0.060428274095,0.062980854728,0.061727326793,0.062159375711,0.122609817314,0.166329120400
0.025457947098,0.153371452303,0.031793113185,0.151722237748,0.339917303932,0.086405277945,0.024396452958,0.131218144533,0.023924938043,0.031793132255
0.060463378940,0.145820752175,0.079348292287,0.145413983581,0.101049217474,0.155892143939,0.033707707299,0.155837730517,0.043118542965,0.079348250823
0.004947982094,0.028390956543,0.006060773171,0.028151123590,0.019368151348,0.872158612287,0.003900626427,0.025837709954,0.005123287108,0.006060777477
0.017338206659,0.165689919064,0.027014435432,0.165195262178,0.326484415503,0.055988701652,0.017311121962,0.181399434242,0.016564007841,0.027014495467
0.019536206132,0.172500716497,0.022466058479,0.164334983237,0.337623691536,0.063968051896,0.020481702184,0.157402449490,0.019220062193,0.022466078355
0.068750442607,0.128639245833,0.153847875201,0.129688425165,0.083951153050,0.073466465175,0.034833200286,0.097316439494,0.075658319997,0.153848433193
0.134627629083,0.110666187021,0.109725232031,0.110772373023,0.100982986800,0.086692317462,0.063900969916,0.096016184060,0.076890867755,0.109725252847
0.035723608702,0.197748852463,0.066522656161,0.195608676807,0.171635444637,0.089292664659,0.025811785033,0.117749375941,0.033384070416,0.066522865183
0.021787531519,0.165132415776,0.032402909522,0.163328388717,0.346210249727,0.078885886037,0.020557168619,0.118864406006,0.020428086342,0.032402957735
0.022833008453,0.194322019848,0.029416514015,0.200426068426,0.310375583879,0.058660055340,0.018853156546,0.116228345242,0.019468710965,0.029416537286
0.045180701284,0.176892905314,0.059071835786,0.175570342069,0.175042582263,0.114461896811,0.038573898417,0.116264210119,0.039869786221,0.059071841716
0.038540537998,0.173375970125,0.043769260971,0.171846812232,0.144782221564,0.161199240610,0.031038207058,0.153460735201,0.038217716113,0.043769298129
0.021444165209,0.186568797572,0.027532451408,0.181580262492,0.274505364889,0.092375567837,0.020768208417,0.146190536166,0.021502160667,0.027532485344
0.016500243518,0.189048236023,0.021042978438,0.187201861997,0.108487048282,0.280616782927,0.012328907863,0.148858053005,0.014872886811,0.021043001136
0.005895870581,0.040053856525,0.007679602258,0.039729804852,0.025584134499,0.827741889534,0.004733814671,0.034830026203,0.006071392599,0.007679608278
0.015033530400,0.206463302235,0.019743228161,0.200920625055,0.251614586273,0.073034441306,0.015054053154,0.184239121531,0.014153854473,0.019743257414
0.054641968316,0.146134920324,0.059850585550,0.145051792858,0.221075182900,0.111557639872,0.043635223248,0.111561351972,0.046640737120,0.059850597840
0.043482559078,0.162784994771,0.054054590426,0.162331549498,0.161244314419,0.103981174233,0.041611413616,0.176496617582,0.039958158971,0.054054627406
0.041850933879,0.158185639785,0.067300516265,0.157032907426,0.112040331462,0.201160036387,0.025056625706,0.126301518891,0.043770992965,0.067300497234
0.018903797263,0.223648410314,0.025629188683,0.220736854424,0.201339588991,0.079133900751,0.017865717828,0.168366719768,0.018746590555,0.025629231422
0.058680309529,0.132756203500,0.062888544943,0.131928503011,0.190922633713,0.142335396761,0.059545920059,0.099670121942,0.058383794045,0.062888572499
0.100000000000,0.100000000000,0.100000000000,0.100000000000,0.100000000000,0.100000000000,0.100000000000,0.100000000000,0.100000000000,0.100000000000
0.045583867839,0.157890561299,0.141270684755,0.158258621132,0.123789651061,0.082070451109,0.029578805559,0.083053786693,0.037232113827,0.141271456727
0.080412782347,0.159774806887,0.104508903617,0.158993019434,0.127963109608,0.071553633041,0.023515269171,0.134547163179,0.034222241951,0.104509070764
0.028865551389,0.172779102988,0.065557627275,0.172091609628,0.086095031483,0.209802557961,0.017072822837,0.159395691406,0.022782214161,0.065557790871
0.035964662907,0.197373822392,0.083414315258,0.198160005233,0.141981331349,0.090683890462,0.023811084872,0.115706462117,0.029489843003,0.083414582406
0.004678328582,0.031255986507,0.006047311690,0.031015917220,0.020542376771,0.862519987248,0.003410719587,0.029335844538,0.005146211144,0.006047316713
0.021529593148,0.162260303395,0.027973078135,0.161178475975,0.349965013269,0.074038246872,0.025089667628,0.129245120288,0.020747399137,0.027973102154
0.053818876279,0.153359754517,0.063782532961,0.152995061269,0.162511241367,0.123149064300,0.049867438124,0.126712211111,0.050021270904,0.063782549168
0.005491332192,0.205171246446,0.009078460215,0.198083169202,0.266126852265,0.071942471933,0.004432867440,0.225805183928,0.004789937753,0.009078478626
0.023108840048,0.196095415964,0.040223222848,0.193349274016,0.169541687039,0.111543752390,0.016426725059,0.183977532101,0.025510233664,0.040223316870
0.034954776124,0.185690620505,0.072935149908,0.186250707140,0.141876957092,0.108280787586,0.026525872702,0.141333197106,0.029216531373,0.072935400463
0.011769337578,0.159905510447,0.014334824734,0.156058785794,0.434593148895,0.062764106584,0.011048930994,0.124113200203,0.011077317497,0.014334837274
0.015670406590,0.218142758783,0.027546789262,0.224026690933,0.257823160640,0.064789764651,0.017919190014,0.131278397161,0.015255984874,0.027546857092
0.037533543534,0.145465397126,0.062232831861,0.142987939859,0.216088117669,0.096830455351,0.104652915493,0.099607802486,0.032368061894,0.062232934727
0.005273199598,0.030808649505,0.006472710359,0.030552364236,0.021124981781,0.861662373245,0.004169182469,0.028002775219,0.005461048541,0.006472715047
0.029787221086,0.183072334880,0.035637952547,0.182471713007,0.134882933343,0.229705626364,0.023610127996,0.114310974438,0.030883118942,0.035637997395
0.022775123772,0.145935320203,0.032308301429,0.144912173529,0.103455989762,0.274787376165,0.043792712770,0.168239847405,0.031484816436,0.032308338530
0.045667870078,0.186444773475,0.061255752781,0.184929558719,0.121761588001,0.120324403226,0.031395438952,0.151893252767,0.035071555988,0.061255806014
0.025849241977,0.203600181938,0.047629995464,0.199093518727,0.226658137986,0.076259268977,0.021880004045,0.126422438747,0.024977065468,0.047630146671
0.018513844114,0.139536584177,0.034647731951,0.138759311181,0.086129231159,0.282203143467,0.013704923372,0.235441737515,0.016415674465,0.034647818599
0.019315443187,0.115196912982,0.024132966562,0.113933395609,0.089556244085,0.398132582539,0.051249145582,0.145105100310,0.019245217663,0.024132991481
0.069175699275,0.137609552754,0.075161405943,0.137025408997,0.148686453175,0.139392757162,0.054153812931,0.104243417259,0.059390069903,0.075161422602
0.018932958240,0.140971237497,0.032908575234,0.140599368951,0.079013025972,0.302923726361,0.016699650734,0.218325728508,0.016717080387,0.032908648116
0.052772789745,0.140339982106,0.073605763893,0.139744226718,0.130345686611,0.096253826433,0.039410568728,0.192733927984,0.061187320706,0.073605907077
0.029547723006,0.173796790000,0.037787092772,0.172494811519,0.248404849304,0.113907741745,0.025810980240,0.132088200933,0.028374679920,0.037787130561
0.019726845604,0.140364658109,0.025617169900,0.139239611809,0.101999156000,0.352835798049,0.022804892307,0.150806910746,0.020987763540,0.025617193935
0.036164523994,0.195121666111,0.052402409723,0.195282404837,0.140871571628,0.140423656491,0.036561812087,0.116641748038,0.034127715196,0.052402491895
0.070746387060,0.152436368747,0.074384422992,0.152092564904,0.094560047234,0.175121129529,0.035547655851,0.127400117850,0.043326850445,0.074384455386
0.008207929487,0.134771543689,0.011360354768,0.132970614768,0.310039409340,0.057441567707,0.009090218783,0.316457177411,0.008300811730,0.011360372318
0.134627629083,0.110666187021,0.109725232031,0.110772373023,0.100982986800,0.086692317462,0.063900969916,0.096016184060,0.076890867755,0.109725252847
0.058682990558,0.166573699304,0.060031914463,0.165720863333,0.119033684660,0.120719383219,0.046879435615,0.155924063480,0.046402024913,0.060031940455
0.000644773473,0.019732574542,0.001132628907,0.019916801058,0.019413204126,0.006020348199,0.000571713775,0.930784797116,0.000650526379,0.001132632426
0.169596065223,0.063884113004,0.166330144855,0.063954907877,0.060428274095,0.062980854728,0.061727326793,0.062159375711,0.122609817314,0.166329120400
0.007934349741,0.169129948599,0.013633542395,0.162148417427,0.428895265960,0.047184058734,0.007379676705,0.143029930414,0.007031226911,0.013633583114
0.016620369958,0.198471326803,0.023931110373,0.196988160296,0.298510991429,0.066075487020,0.015806579782,0.144773642806,0.014891186469,0.023931145063
0.034382358074,0.119130654134,0.076734379110,0.119935572900,0.051627455769,0.396470647835,0.014184892237,0.084715916589,0.026083598672,0.076734524680
0.019536206132,0.172500716497,0.022466058479,0.164334983237,0.337623691536,0.063968051896,0.020481702184,0.157402449490,0.019220062193,0.022466078355
0.004116163431,0.146911647104,0.006194862554,0.139907609668,0.496784971918,0.035040137043,0.003713911874,0.157420715600,0.003715107110,0.006194873699
0.013291950492,0.153289523961,0.016662436819,0.148187818567,0.378877220513,0.063317292448,0.012963534562,0.183925682129,0.012822086464,0.016662454044
0.013249394863,0.156277847969,0.017584601223,0.150656409041,0.397928674793,0.061494823410,0.012848450302,0.159205020115,0.013170158671,0.017584619613
0.012923161513,0.202733412081,0.019828649379,0.205773951710,0.264526653973,0.050863548580,0.012425304121,0.199501753654,0.011594874586,0.019828690404
0.013081456377,0.128387998657,0.017248212523,0.126035712157,0.440017839705,0.048046059207,0.012669506489,0.184537854849,0.012727122567,0.017248237468
0.009629709108,0.144738654559,0.016835132104,0.141790300669,0.469356142755,0.062357992031,0.008288146270,0.117943685202,0.012225059777,0.016835177524
0.022749301898,0.173716414401,0.073794897829,0.173013094977,0.094253195414,0.186600133676,0.013812098313,0.170624035609,0.017641494068,0.073795333816
0.011287697086,0.158875076385,0.015070285044,0.153371931573,0.415723634826,0.060415819669,0.011149147414,0.147834880438,0.011201225919,0.015070301646
0.005874830323,0.183273485173,0.011510881474,0.177693359883,0.192802838552,0.040696985162,0.004339352218,0.367129087355,0.005168261562,0.011510918297
0.013787844873,0.200163274976,0.037260647191,0.201413195838,0.085658319705,0.064587467900,0.009564523196,0.338696846694,0.011607066133,0.037260813494
0.014073850703,0.149031161477,0.035146977264,0.148024016712,0.066694682010,0.113223463497,0.009964267921,0.418560034914,0.010134458760,0.035147086742
0.018471567437,0.121895535069,0.024691628838,0.120105434724,0.458921003015,0.063857944968,0.018599317419,0.123663679935,0.025102228484,0.024691660111
0.005299380196,0.158170693178,0.012168756103,0.155720117569,0.072121060709,0.427789172216,0.004092888520,0.147285424991,0.005183696366,0.012168810153
0.012010883984,0.177103278320,0.020026361033,0.174020527798,0.354556064258,0.052803901733,0.009872505294,0.167529485555,0.012050580929,0.020026411095
0.007568428538,0.130423992186,0.018358989010,0.128831603433,0.064875139837,0.029557719627,0.004873272579,0.591296303467,0.005855490206,0.018359061115
0.029588291580,0.168540171529,0.052143844344,0.169646025410,0.077974225796,0.300756571885,0.025384074304,0.099452445715,0.024370409152,0.052143940284
0.017094850686,0.201734446112,0.039939142374,0.196767269492,0.205322913512,0.063705694177,0.011148331807,0.211436092451,0.012911970057,0.039939289334
0.002392687481,0.026883788912,0.004273141338,0.026784301986,0.014777585228,0.890528599070,0.002220021345,0.024637179712,0.003229540273,0.004273154654
0.000000432537,0.000000574442,0.000000550939,0.000000577583,0.000000426029,0.000000409684,0.999995487781,0.000000455587,0.000000534480,0.000000550940
0.000423345153,0.000525180054,0.000520690344,0.000527324844,0.000426074573,0.000402358773,0.995461792397,0.000705159366,0.000487383672,0.000520690824
0.025116294298,0.181185572430,0.037279098811,0.183022708418,0.198557885702,0.070673197783,0.025992566980,0.214464897427,0.026428620616,0.037279157535
0.001441375375,0.013589234681,0.002913029287,0.013744848787,0.008689199887,0.005281835241,0.000940193922,0.949306655497,0.001180590584,0.002913036739
0.003706268282,0.118645593064,0.006267727481,0.118833096481,0.176844352850,0.031458790957,0.003748249477,0.530636821917,0.003591355223,0.006267744268
0.003062984326,0.038355724853,0.005245531927,0.038747288467,0.030298749543,0.015867773223,0.003540556821,0.856642449804,0.002993399022,0.005245542014
0.008197116345,0.228655669990,0.015284618902,0.225278702187,0.256842368591,0.067407331491,0.005331624725,0.170933148315,0.006784784581,0.015284634873
0.031060374373,0.180967586277,0.043866908704,0.178928802653,0.236119049003,0.074086861325,0.032780579410,0.142401424160,0.035921439252,0.043866974843
0.006541850316,0.092488463616,0.020492979748,0.091481823123,0.044465987453,0.587301740054,0.008179012614,0.122160009416,0.006395053168,0.020493080493
0.041017797520,0.153580603099,0.105382877915,0.153504104522,0.139543199197,0.077371096472,0.021133597051,0.172433791806,0.030649623952,0.105383308467
0.007317145678,0.238869726440,0.023807417320,0.233908643313,0.141783309014,0.074268697929,0.003936099211,0.246197069488,0.006104353684,0.023807537922
0.019536206132,0.172500716497,0.022466058479,0.164334983237,0.337623691536,0.063968051896,0.020481702184,0.157402449490,0.019220062193,0.022466078355
0.008324522013,0.134818186818,0.014024130867,0.131822641184,0.150270977883,0.319338426653,0.006407609951,0.213164983385,0.007804367321,0.014024153924
0.008191197795,0.113665900097,0.012364876516,0.111773294850,0.616916484743,0.037139424346,0.009164724216,0.069627555879,0.008791644350,0.012364897208
0.015123985815,0.179982856923,0.024118231218,0.181063175255,0.078548582418,0.314459827085,0.014061083315,0.154365088051,0.014158891027,0.024118278894
0.036029234624,0.058440454831,0.060642701140,0.058705167871,0.040751467397,0.055434786473,0.539958018471,0.048511109159,0.040884264926,0.060642795107
0.026053412913,0.245037259361,0.041637120833,0.246952298974,0.168627486635,0.072061773483,0.023570466433,0.115207548399,0.019215408183,0.041637224785
0.169596065223,0.063884113004,0.166330144855,0.063954907877,0.060428274095,0.062980854728,0.061727326793,0.062159375711,0.122609817314,0.166329120400
0.064857041746,0.070589393413,0.214882747402,0.071012142009,0.037999083857,0.056859723675,0.162906230840,0.057551530806,0.048458633104,0.214883473147
0.002036669770,0.028393029079,0.004857931466,0.028154513301,0.012916531343,0.047153760024,0.001163052468,0.868677502814,0.001789061865,0.004857947871
0.008838879412,0.136824258979,0.020840831329,0.136492932387,0.064905549095,0.153618509746,0.005574953774,0.443687460610,0.008375730902,0.020840893765
0.012949272042,0.255211359384,0.031006178523,0.264682030771,0.105356088343,0.065319560826,0.008042234737,0.215731853701,0.010695179573,0.031006242100
0.158009468311,0.037908871879,0.222952488298,0.038141389932,0.025843655323,0.028983490482,0.074312399703,0.029613670571,0.161282198656,0.222952366844
0.013342390734,0.185493874390,0.027578678338,0.183612238478,0.136680543923,0.099941844569,0.027633748033,0.285052601541,0.013085310855,0.027578769138
0.122308413604,0.073368910329,0.228293896579,0.073844605656,0.047105911091,0.052675248134,0.030202588161,0.081437920146,0.062467931155,0.228294575145
0.006424059215,0.133527662083,0.012632506527,0.130681237798,0.175598028345,0.284281058378,0.004434564707,0.233320073457,0.006468277593,0.012632531895
0.032020422710,0.189538565079,0.062295187905,0.192834680855,0.091149874331,0.132556136206,0.019327508228,0.192848732195,0.025133530579,0.062295361912
0.070374785145,0.095762049543,0.189427043285,0.095646974188,0.082391212097,0.066436065191,0.033866455479,0.107833082875,0.068834468659,0.189427863539
0.015099800427,0.020698347814,0.017429190129,0.020804869994,0.015158186312,0.016289100435,0.843297102674,0.017237484739,0.016556715290,0.017429202187
0.004754343370,0.074507441535,0.009979817876,0.073615241730,0.054518727434,0.690617357194,0.003042803082,0.074206260924,0.004778165160,0.009979841695
0.075320511442,0.073760627415,0.262253498698,0.074614450270,0.042269493470,0.055083863977,0.024635889549,0.060313747936,0.069493238661,0.262254678584
0.004947982094,0.028390956543,0.006060773171,0.028151123590,0.019368151348,0.872158612287,0.003900626427,0.025837709954,0.005123287108,0.006060777477
0.018591892261,0.088616633189,0.051023681532,0.088985934219,0.034918529272,0.557277406004,0.009728119708,0.084567901287,0.015266052629,0.051023849898
0.003899336203,0.067611941478,0.008046962839,0.066768076983,0.046509400214,0.709130872488,0.002797663200,0.082814711249,0.004374052094,0.008046983251
0.001079867903,0.019994719436,0.002265655264,0.019661784804,0.012813782467,0.018726505575,0.000517048204,0.921862156510,0.000812819670,0.002265660166
0.008088488180,0.121343074452,0.012910672886,0.120253801828,0.063096684276,0.514016274925,0.005814771632,0.132891063086,0.008674472051,0.012910696682
0.095364605256,0.073370143690,0.267406297986,0.073390901723,0.042801455193,0.046844644274,0.017222947416,0.067724150114,0.048468223927,0.267406630421
0.100000000000,0.100000000000,0.100000000000,0.100000000000,0.100000000000,0.100000000000,0.100000000000,0.100000000000,0.100000000000,0.100000000000
0.083012400338,0.075090071251,0.244755671229,0.075336038897,0.046884111624,0.063331002149,0.023912424552,0.058314308072,0.084608142902,0.244755828986
0.086457644045,0.105974881519,0.179782875736,0.105862891276,0.065858855184,0.080878793948,0.025595946048,0.101255817739,0.068549406469,0.179782888036
0.127000862071,0.047483309302,0.206050116527,0.047869774656,0.030789656866,0.035440174817,0.022762357666,0.035128989902,0.241424431537,0.206050326658
0.117532841642,0.028553781383,0.354830336064,0.028761192453,0.017179154443,0.019540209712,0.011402284073,0.031801340513,0.035569727792,0.354829131924
0.011932211729,0.205900932748,0.023597568654,0.202464450166,0.171199808303,0.044763659584,0.051638852117,0.253319002926,0.011585887494,0.023597626278
0.094682666908,0.048692152087,0.324525143287,0.049051455090,0.025256435668,0.031778858247,0.016518999912,0.045021980484,0.039945942202,0.324526366114
0.068750442607,0.128639245833,0.153847875201,0.129688425165,0.083951153050,0.073466465175,0.034833200286,0.097316439494,0.075658319997,0.153848433193
0.022132072012,0.174927657049,0.042138431582,0.178879305362,0.119076386670,0.244104767886,0.015628114520,0.143499083825,0.017475630294,0.042138550801
0.055060708957,0.045941946826,0.351653570328,0.046627710636,0.021595083994,0.029136552172,0.013878537935,0.053324346288,0.031126040427,0.351655502436
0.000858107464,0.016982776778,0.001837701147,0.017145790088,0.007505477390,0.020917999047,0.000668991780,0.931505645416,0.000739803357,0.001837707532
0.334734484539,0.036420848356,0.194700388920,0.036681649177,0.025234019256,0.033439705134,0.024055161151,0.030076154828,0.089957846748,0.194699741890
0.023651430747,0.203307916500,0.035611134648,0.200143454890,0.216759039717,0.071865080445,0.018962776049,0.173386996052,0.020700984263,0.035611186689
0.077855468916,0.160388422147,0.071256058728,0.158777937975,0.169699472302,0.088927064146,0.036834480684,0.109055178642,0.055949893088,0.071256023372
0.115955752434,0.028124213829,0.361017421618,0.028481675508,0.013361616106,0.019894817072,0.012267633370,0.027974558386,0.031907019464,0.361015292211
0.116298937514,0.025470616573,0.330268948197,0.025706024393,0.015971031950,0.018326542681,0.033393561388,0.022510454292,0.081786171270,0.330267711743
0.125549729290,0.050743544071,0.290347568503,0.051095493204,0.034776680259,0.033065950458,0.024309796023,0.038995305742,0.060769472017,0.290346460434
0.047053765585,0.026194730549,0.394877980878,0.026552588181,0.012721967158,0.014419057235,0.008437342714,0.018740823253,0.056119118181,0.394882626266
0.131547897502,0.085727199746,0.177341750436,0.086293167942,0.059170436808,0.083196957289,0.053965504920,0.074899580332,0.070515930578,0.177341574447
0.586103882890,0.023077976694,0.064099117448,0.023129168466,0.018714008772,0.018962566618,0.013270453239,0.019191203542,0.169352780824,0.064098841506
0.062371473070,0.040890161952,0.329676098570,0.041303032275,0.023925583045,0.026395834504,0.020835149012,0.029672247284,0.095251430996,0.329678989292
0.240230431476,0.040902962592,0.235649555304,0.041337813426,0.024202867741,0.035830342881,0.025405742387,0.029312745107,0.091478703813,0.235648835274
0.009194566621,0.184226800082,0.020071483201,0.183456369921,0.100621371042,0.120076645613,0.006116612606,0.348350945958,0.007813665855,0.020071539100
0.058267922520,0.129364885111,0.130831986245,0.130386023917,0.085515305996,0.105662881928,0.037167648540,0.092637654803,0.099333134553,0.130832556387
0.007674969143,0.207019597115,0.013323027163,0.205888412606,0.173493574319,0.251545547860,0.005937828591,0.113909189197,0.007884799063,0.013323054943
0.005135940274,0.169791210524,0.014277298876,0.174849962116,0.061016903652,0.435661924496,0.004024569072,0.115155743448,0.005809082674,0.014277364867
0.046426365830,0.166880708206,0.165367594117,0.171865411112,0.052814465202,0.074025538734,0.013741480367,0.117356070296,0.026154366259,0.165367999877
0.014578782185,0.169078260603,0.029793710597,0.168592133361,0.114282783188,0.149862322198,0.009150873742,0.301774030442,0.013093323196,0.029793780488
0.102421041270,0.093046894380,0.123293348168,0.093120088426,0.089553804502,0.089527186896,0.090062147787,0.091968686412,0.103713263611,0.123293538547
0.017569203184,0.165588568615,0.035600006938,0.164709191884,0.077589606207,0.270545385482,0.011169299244,0.207055708563,0.014572915212,0.035600114669
0.007908067464,0.098758055316,0.015379108071,0.097385444789,0.056040806520,0.571529643831,0.005601819441,0.123794489277,0.008223419124,0.015379146168
0.101896930259,0.035966948862,0.275467251598,0.036263433370,0.022613877049,0.024543421539,0.132606987233,0.033371257759,0.061802731660,0.275467160670
0.020587065725,0.204762858830,0.059133197714,0.204875295944,0.078127616049,0.077269070305,0.029306476585,0.251419760737,0.015385221469,0.059133436642
0.006306822739,0.198853782342,0.010532221806,0.191759138236,0.322150845982,0.082346635683,0.005575621692,0.165862542386,0.006080144727,0.010532244406
0.027221103360,0.162963761223,0.073940570744,0.161039259359,0.105320708149,0.223219050315,0.013707537390,0.137236218589,0.021410914231,0.073940876639
0.016820375763,0.144161662995,0.034007088813,0.143465894081,0.104934882769,0.351428972923,0.011969539565,0.141542187642,0.017662172347,0.034007223103
0.000573049913,0.013447389557,0.001071133417,0.013141844355,0.010152503699,0.014694312973,0.000428428592,0.944954462580,0.000465738847,0.001071136066
0.023693152705,0.146777921161,0.061532892227,0.149715752158,0.064799623338,0.048924111494,0.013834416971,0.411131495055,0.018057499043,0.061533135849
0.125804282325,0.069901708509,0.210577350452,0.070375611228,0.052991152638,0.059778376490,0.064406742128,0.063387507979,0.072199416621,0.210577851629
0.019449070619,0.162221487088,0.051128421228,0.160232031833,0.384759463694,0.045120025228,0.007328740916,0.105285548651,0.013346742391,0.051128468352
0.075647158793,0.149309460251,0.114404970590,0.150372730529,0.129158908794,0.075372579331,0.030580535244,0.115141600688,0.045606984000,0.114405071779
0.022833008453,0.194322019848,0.029416514015,0.200426068426,0.310375583879,0.058660055340,0.018853156546,0.116228345242,0.019468710965,0.029416537286
0.012259184029,0.176626704407,0.026228456642,0.175471065429,0.129018268435,0.278162047821,0.016272885964,0.146727394512,0.013005473484,0.026228519276
0.014281917845,0.163738897047,0.021215676787,0.161478091721,0.197889222411,0.232691297968,0.012477460479,0.162592636099,0.012419086574,0.021215713069
0.068923575579,0.111851376942,0.204091595971,0.113346716269,0.063938508282,0.078417251393,0.037434869765,0.068364484108,0.049539194579,0.204092427113
0.130419081134,0.032830211774,0.329082381242,0.033140461240,0.020860272816,0.026887510158,0.022048063187,0.029869555169,0.045781544832,0.329080918448
0.102007335133,0.075034972889,0.129262953123,0.075428253373,0.052092132836,0.052933079051,0.225849644714,0.075820640701,0.082307616142,0.129263372040
0.059084449038,0.158079178092,0.095996001046,0.158373224566,0.110482032432,0.083628781191,0.057379026903,0.133393994837,0.047587114820,0.095996197075
0.088026879825,0.070026247065,0.117492585434,0.070345321787,0.054570404061,0.054255216724,0.051519057805,0.057353854892,0.318917681078,0.117492751328
0.004247625950,0.003909457936,0.006225437230,0.003925914970,0.003315265843,0.003549910838,0.960451550964,0.003531135442,0.004618246612,0.006225454216
0.040569369895,0.181032750671,0.076595235387,0.188216208253,0.067684881866,0.131521801942,0.030874828616,0.175113475587,0.031795992661,0.076595455121
0.159103686689,0.071475295078,0.183482096146,0.071676859190,0.056759205914,0.063930076105,0.049304865205,0.063681040711,0.097105517726,0.183481357236
0.115417210781,0.077374835010,0.191146190246,0.077837204105,0.060257205212,0.068557833932,0.066930219799,0.068188247837,0.083144524283,0.191146528794
0.065715493818,0.090804041270,0.237796697406,0.091707443812,0.055833133584,0.048958468162,0.045366051984,0.072085315742,0.053935122981,0.237798231241
0.097339273004,0.101572197553,0.153081891464,0.102092100120,0.075519441923,0.083800408962,0.073159239791,0.078327520665,0.082025588478,0.153082338040
0.068321784410,0.133146398630,0.138429698168,0.133700171138,0.078463259512,0.092067462759,0.048739614777,0.113985995136,0.054715777151,0.138429838319
0.037371542801,0.070753791161,0.062183456245,0.071253441939,0.054658972636,0.053855585350,0.496106886394,0.053760957401,0.037871781346,0.062183584728
0.001191590781,0.001594635034,0.001572790436,0.001602356518,0.001229440826,0.001334664833,0.987070246288,0.001345020047,0.001486463006,0.001572792233
0.079689283843,0.104136129358,0.165595575318,0.104663754408,0.078260780872,0.085701643127,0.062720943207,0.086527466884,0.067108339960,0.165596083023
0.066751607035,0.130770913389,0.140410816311,0.131759633601,0.081935735132,0.098813159203,0.053958396973,0.092656883506,0.062531596118,0.140411258733
0.068286372245,0.113138753776,0.207094575655,0.114467901169,0.069037058460,0.059986406142,0.041892543839,0.076058721006,0.042941824484,0.207095843224
0.046677109504,0.097229004483,0.079387781450,0.097956961660,0.061989102578,0.059409244938,0.339677168947,0.067765775008,0.070519904789,0.079387946643
0.082200914630,0.118955806977,0.099364247934,0.119488744988,0.075918433608,0.077971248205,0.081857719435,0.118139611892,0.126738912460,0.099364359870
0.117049514038,0.061117298121,0.229010524263,0.061509511174,0.044833695784,0.048621578872,0.057854554639,0.050421974206,0.100569974174,0.229011374729
0.100000000000,0.100000000000,0.100000000000,0.100000000000,0.100000000000,0.100000000000,0.100000000000,0.100000000000,0.100000000000,0.100000000000
0.051696427194,0.097127521313,0.081202101306,0.097476159998,0.071094951133,0.056416218692,0.340054560058,0.073248986803,0.050480774027,0.081202299476
0.060211346817,0.077853716244,0.089531739665,0.077887107528,0.058788071747,0.064351948497,0.343025674711,0.081228731280,0.057589696222,0.089531967288
0.072767294152,0.090033637705,0.080296400328,0.090066389242,0.080731620910,0.070800077569,0.116920609196,0.213375315497,0.104712241173,0.080296414229
0.070766385516,0.081814189886,0.102391117704,0.082158680415,0.064921706247,0.058329592927,0.277098164414,0.070695799712,0.089433107888,0.102391255291
0.072997398944,0.106830129598,0.132151021690,0.107494505996,0.069157471555,0.062649400593,0.059717844344,0.148887598198,0.107963224475,0.132151404607
0.087020864771,0.091857927220,0.093762426827,0.091917003315,0.088284447023,0.085002161666,0.136259817765,0.136043279105,0.096089638949,0.093762433359
0.095681846034,0.098728340527,0.144000124883,0.099114250869,0.073655690239,0.085406189910,0.091984867839,0.082305429749,0.085122894832,0.144000365117
0.084577693884,0.091880861948,0.121969647931,0.092203369155,0.072644751667,0.070034647469,0.070687577508,0.185117700314,0.088913784220,0.121969965902
0.100000000000,0.100000000000,0.100000000000,0.100000000000,0.100000000000,0.100000000000,0.100000000000,0.100000000000,0.100000000000,0.100000000000
0.062126286460,0.053376987217,0.087074550529,0.053492451083,0.044614915142,0.056611914084,0.450104144552,0.051331039286,0.054193192519,0.087074519128
0.170892645298,0.073581210177,0.192393930139,0.074149893921,0.047778250692,0.053204207581,0.055017046017,0.053322655823,0.087266001052,0.192394159300
0.123433879240,0.074184626428,0.160538447164,0.074438497359,0.059825288984,0.079678298181,0.065215945867,0.069343319289,0.132803275756,0.160538421733
0.089778603717,0.107519814256,0.093535063120,0.107346514845,0.108657641611,0.097763140071,0.100835885669,0.104485740887,0.096542511032,0.093535084791
0.003346243191,0.005019577372,0.004281967653,0.005049614366,0.003672492490,0.003343671036,0.963724113479,0.003863791066,0.003416556695,0.004281972651
0.094012543812,0.070820503763,0.136847154793,0.071214308968,0.048629485637,0.049315451378,0.278153429612,0.055187566949,0.058972068249,0.136847486840
0.066980691457,0.128129943403,0.078168191367,0.128475411063,0.094278498561,0.083700760007,0.159338355190,0.110034642322,0.072725249271,0.078168257359
0.075874173957,0.127826092112,0.121146997722,0.127724527020,0.089118554859,0.099584398761,0.047636686834,0.119462136600,0.070479339970,0.121147092164
0.057187683862,0.074629939040,0.138456541084,0.075056497119,0.050026073843,0.049020181258,0.289411377618,0.069466077058,0.058288430485,0.138457198632
0.005900654105,0.118196284657,0.009640707998,0.115710854480,0.255599138197,0.031748593821,0.005423780525,0.442534762945,0.005604493417,0.009640729853
0.019630747290,0.154015025286,0.035091172888,0.153567650819,0.101400181701,0.060650878609,0.012877244062,0.409899103614,0.017776754122,0.035091241607
0.233828714204,0.035429619260,0.212316127710,0.035570356553,0.028715508454,0.037266801402,0.026456272335,0.031660068436,0.146441095756,0.212315435891
0.028043608939,0.190680591113,0.087958559179,0.188314505300,0.116012402910,0.105327019959,0.057474886247,0.115073756911,0.023155791657,0.087958877784
0.005895870581,0.040053856525,0.007679602258,0.039729804852,0.025584134499,0.827741889534,0.004733814671,0.034830026203,0.006071392599,0.007679608278
0.029254710896,0.189784186373,0.053462995064,0.188340158752,0.108009954519,0.103127613618,0.020534807890,0.228321550388,0.025700865951,0.053463156550
0.113883155789,0.068425969430,0.247073026988,0.068874887804,0.046927832528,0.058865748897,0.029516795518,0.061983153789,0.057376916364,0.247072512893
0.043315077808,0.172294777857,0.076465251576,0.174030807299,0.163349316517,0.143055143201,0.023142068413,0.099231622519,0.028650499702,0.076465435109
0.010461467784,0.098291067260,0.019927208338,0.098424274521,0.052461299322,0.604548035463,0.006897455746,0.079315908500,0.009746027667,0.019927255397
0.015033530400,0.206463302235,0.019743228161,0.200920625055,0.251614586273,0.073034441306,0.015054053154,0.184239121531,0.014153854473,0.019743257414
0.072621614063,0.036523870852,0.357802127399,0.036962751965,0.019169981187,0.023745759549,0.011682280638,0.032523981814,0.051164706711,0.357802925822
0.019638581833,0.189729440530,0.047640814254,0.196923414798,0.058553104077,0.087257831994,0.010381609354,0.327467375471,0.014766790076,0.047641037613
0.477496695747,0.017068710823,0.134167492874,0.017191860685,0.011130221778,0.014359747698,0.009580351872,0.014469078773,0.170368751207,0.134167088543
0.006628553520,0.145788674439,0.014060896917,0.143659770042,0.068801031031,0.106790372095,0.004768856849,0.488863234104,0.006577672350,0.014060938654
0.100000000000,0.100000000000,0.100000000000,0.100000000000,0.100000000000,0.100000000000,0.100000000000,0.100000000000,0.100000000000,0.100000000000
0.039026008623,0.156725394225,0.060296595204,0.155576528680,0.207613237683,0.073694607650,0.042488833247,0.167478067608,0.036804062319,0.060296664760
0.015121622638,0.142299661333,0.030863680834,0.141565716683,0.130429095127,0.274900146350,0.011808896800,0.207870341444,0.014277070871,0.030863767922
0.031999783271,0.187648590451,0.079155007037,0.193933902296,0.069353394475,0.098068685265,0.030400654089,0.202222145151,0.028062576487,0.079155261478
0.020100890927,0.241842489210,0.043210874051,0.248685998291,0.137831831381,0.092881681704,0.020313821347,0.134615265464,0.017306143532,0.043211004093
0.503173315562,0.019433398327,0.179975785664,0.019583714717,0.012029980292,0.013045866657,0.009491382752,0.016634527194,0.046657544240,0.179974484595
0.070375610183,0.158333770422,0.069014490892,0.156319558468,0.188415479107,0.139252006192,0.016845288005,0.097562334278,0.034866976432,0.069014486021
0.500192706119,0.031472735463,0.161000307567,0.031634931025,0.026229952308,0.018903440735,0.013845988973,0.025434327808,0.030285048635,0.161000561366
0.166980846431,0.037383180148,0.272156134736,0.037636225080,0.024653478603,0.024654576171,0.052858703517,0.033183804008,0.078338291673,0.272154759632
0.002657982502,0.046127177402,0.004127247109,0.045434150077,0.049398159003,0.800975386422,0.001978725204,0.042847177208,0.002326740750,0.004127254324
0.005264117831,0.153421289175,0.010598044463,0.158562648170,0.039504461673,0.136749606400,0.003907411418,0.476644308244,0.004750039519,0.010598073106
0.028747240203,0.180889774765,0.066005577950,0.185047817509,0.222919719560,0.089380396865,0.020954536807,0.115659785045,0.024389374406,0.066005776888
0.090014787757,0.120667025282,0.167122014419,0.121381155431,0.068194078908,0.072626212988,0.030108844752,0.098174527472,0.064589246359,0.167122106633
0.007007745809,0.190515057105,0.022067012181,0.185381041691,0.387590167291,0.039956377002,0.005202612721,0.134106780953,0.006106081305,0.022067123942
0.187244468166,0.040784620380,0.210218029525,0.040995657450,0.029416456579,0.034257110502,0.028094850205,0.041751562277,0.177019966646,0.210217278270
0.062498877393,0.009521973775,0.083460482248,0.009612611757,0.006059242407,0.006649909073,0.012649015914,0.007177021713,0.718910667373,0.083460198348
0.015328842069,0.176337092949,0.027810120306,0.177940629350,0.098622765724,0.286695565731,0.015591780086,0.159993714464,0.013869302895,0.027810186425
0.008107988471,0.156333707654,0.011182060028,0.152834042608,0.198955640294,0.046723644579,0.008135635428,0.398796730339,0.007748467668,0.011182082931
0.087727832135,0.033092361447,0.355823455455,0.033486391926,0.017748916954,0.017252758682,0.008282971601,0.030223824314,0.060537862739,0.355823624748
0.004412846637,0.081841281258,0.011651668429,0.080405332245,0.056582312012,0.640634472353,0.002710898185,0.106117798345,0.003991687740,0.011651702796
0.010719204833,0.126673911740,0.013707099222,0.124335377872,0.540617265810,0.054712638958,0.010075795497,0.095308395730,0.010143196508,0.013707113829
0.054593884128,0.158645713002,0.125556457064,0.159929803938,0.083028039727,0.082223495705,0.016924063416,0.154317735782,0.039224149536,0.125556657700
0.213224396894,0.027083951564,0.235251412736,0.027277295517,0.018921517194,0.018296219822,0.016450751657,0.021308557017,0.186935900310,0.235249997289
0.013905343033,0.184117192772,0.034650951900,0.182440509208,0.120547592010,0.088670210759,0.022479760299,0.307204288104,0.011333102541,0.034651049373
0.002434110916,0.042711090888,0.003695639105,0.042598968950,0.037587445830,0.824773822068,0.001867555222,0.038398947127,0.002236775871,0.003695644023
0.039656255010,0.105414569039,0.075695537265,0.105071048734,0.108986188443,0.158042699643,0.012046202556,0.079075728351,0.240316011593,0.075695759366
0.031341615841,0.175466434058,0.077408150011,0.175022108709,0.106043267643,0.111725545683,0.011197176232,0.211157365951,0.023230135169,0.077408200704
0.007077186851,0.141499770852,0.017532806792,0.142407314058,0.070883268377,0.505774393769,0.004145896925,0.087312132262,0.005834364409,0.017532865704
0.012017327491,0.117989867415,0.020085663204,0.116458041073,0.070654102483,0.523712022396,0.006978212432,0.099305286325,0.012713790292,0.020085686888
0.011455266527,0.188024995761,0.028961585933,0.185490566422,0.124959898015,0.054099174868,0.008188359654,0.360399975700,0.009458477402,0.028961699717
0.082500932170,0.108105885757,0.184760972805,0.108769270883,0.076047912883,0.068631314748,0.045489482826,0.074794052615,0.066138755959,0.184761419354
0.003698468057,0.035622120533,0.006779132672,0.035247338195,0.020844797753,0.854371394269,0.002360107537,0.030154189455,0.004143302721,0.006779148808
0.019485251329,0.163005372614,0.041577708806,0.162194475654,0.114627401174,0.294184634865,0.009715255549,0.140604493730,0.013027641401,0.041577764877
0.002982265740,0.046670358421,0.005260714807,0.045820240537,0.046705487082,0.015485944317,0.002085709675,0.826728832699,0.002999720366,0.005260726356
0.522716059315,0.021466002712,0.125006336428,0.021602088196,0.014208715245,0.021327530456,0.010846133080,0.016171472837,0.121649869524,0.125005792207
0.008676992848,0.248700456227,0.011487818147,0.241135286189,0.272610606425,0.065280832233,0.008268876525,0.124230036613,0.008121260170,0.011487834624
0.449327228436,0.010225637560,0.235270576807,0.010317533700,0.005786160800,0.008778430465,0.004690948251,0.008962596086,0.031372858293,0.235268029601
0.180579907796,0.027490069286,0.317038588241,0.027691349795,0.018161436089,0.021881342379,0.016175772113,0.024476533907,0.049467178752,0.317037821642
0.012962889020,0.211088073693,0.021338310353,0.204794913571,0.275217187402,0.051399360622,0.011621520026,0.179074297712,0.011165091839,0.021338355763
0.017063546588,0.237509571908,0.034694774457,0.236379153296,0.151322011056,0.087871196134,0.013746898430,0.172800340306,0.013917624647,0.034694883178
0.116982242806,0.024266134437,0.362653547844,0.024509494286,0.014003644576,0.021330061135,0.013486784069,0.021411938809,0.038703761772,0.362652390266
0.003908888416,0.223533075878,0.008789222439,0.219403486988,0.083031008826,0.095952168425,0.002687045264,0.350653590447,0.003252268282,0.008789245037
0.077927507995,0.128410752286,0.131365614407,0.129100895737,0.114099732027,0.091623077623,0.038046724138,0.111565955946,0.046493900917,0.131365838924
0.003734775764,0.091974331228,0.006922260298,0.089378779141,0.083536105662,0.524297350381,0.002748061602,0.185858087407,0.004627981070,0.006922267445
0.118962648838,0.022763879129,0.365071107706,0.023003363340,0.013913161386,0.016283844497,0.010375657186,0.017387920008,0.047168932683,0.365069485226
0.005109507483,0.140716483605,0.007428558443,0.140020474595,0.302266765075,0.052803130056,0.004977054413,0.334454499882,0.004794954880,0.007428571568
0.002886078064,0.102900098193,0.005988102599,0.100439272106,0.108711464518,0.589840271062,0.002148682371,0.078196917947,0.002900994577,0.005988118563
0.003634934073,0.048383951445,0.006271386085,0.047677291353,0.027569138464,0.793443387728,0.002974163391,0.059381992833,0.004392354669,0.006271399958
0.000415928661,0.013789368905,0.000783533110,0.013482397890,0.010556186165,0.012245843154,0.000342157529,0.947242243014,0.000358806433,0.000783535139
0.005633100122,0.131813369692,0.009539570604,0.126257280067,0.499346338680,0.036677632189,0.004470664645,0.171261789995,0.005460660396,0.009539593609
0.109554648284,0.047087443048,0.274823811158,0.047376633390,0.032136755456,0.044622296240,0.034479150111,0.047791802247,0.087303421231,0.274824038835
0.001152157933,0.026796716218,0.002177594380,0.026299216150,0.017753843929,0.022759724328,0.000668777402,0.899336946224,0.000877424673,0.002177598762
0.015031844991,0.085847218402,0.027638246671,0.087691286957,0.028695431279,0.056516732617,0.006344349703,0.651843710747,0.012752953178,0.027638225454
0.046587591135,0.169231942877,0.095952831216,0.168156763092,0.147924960809,0.081311487761,0.026666057266,0.109382563718,0.058832626434,0.095953175691
0.091851661003,0.073788252089,0.199160955518,0.074219900904,0.050248402057,0.066616870578,0.036558456940,0.064338307407,0.144055458442,0.199161735063
0.005283259721,0.006816179686,0.007941561397,0.006842146298,0.005000540709,0.004753777999,0.944471507875,0.005402721104,0.005546742569,0.007941562643
0.016742932565,0.185873965186,0.021785795702,0.179431559139,0.309733835346,0.066555502962,0.016559692776,0.165374378024,0.016156517852,0.021785820448
0.010222103937,0.247082036014,0.026909915028,0.240800016009,0.219888875113,0.046842759841,0.006298525878,0.167030683838,0.008015068347,0.026910015996
0.016685626262,0.100215969494,0.042826790435,0.102028788570,0.051286406042,0.535864332303,0.027449917637,0.065955359064,0.014859821378,0.042826988814
0.030557113376,0.044222422717,0.072194943932,0.044385221427,0.020859299641,0.631198986820,0.009800170585,0.042719755824,0.031867056376,0.072195029301
0.022215174728,0.175384507199,0.027806230487,0.170300738685,0.293465959205,0.073674358159,0.021363823043,0.166097934763,0.021885019015,0.027806254716
0.115680843261,0.042803435658,0.281064960450,0.043147015209,0.027645949972,0.037013391109,0.025256926782,0.043597301031,0.102725614637,0.281064561891
0.005104846433,0.053283650164,0.011032539426,0.052855751292,0.034249597754,0.729102741853,0.003576105752,0.094100342916,0.005661858919,0.011032565490
0.012493500624,0.219270265515,0.024308035626,0.215621348543,0.268136770597,0.067796281133,0.040477374368,0.116702428275,0.010885891603,0.024308103715
0.006099253746,0.160788363882,0.008954600062,0.154283137356,0.323764958204,0.042703048036,0.005448124800,0.283020693171,0.005983207187,0.008954613555
0.151648673246,0.032128461327,0.123082301544,0.032283884505,0.023396609892,0.028600898464,0.025055025995,0.034042050879,0.426680217334,0.123081876814
0.041777869067,0.116698606483,0.099243290197,0.115658915556,0.071626115874,0.249145608149,0.013618000967,0.149667323153,0.043320716145,0.099243554408
0.014070886088,0.124781508110,0.030920883767,0.127315914783,0.048708474083,0.529878781043,0.007716676570,0.075761908617,0.009924011992,0.030920954947
0.008215630771,0.139156162568,0.012672721370,0.135183006159,0.099710954671,0.408954529566,0.006018891669,0.169006601700,0.008408760022,0.012672741505
0.047414597602,0.163967353520,0.157125897890,0.164331423240,0.103712960364,0.071243298859,0.017581612152,0.090110200277,0.027386415023,0.157126241073
0.005273199598,0.030808649505,0.006472710359,0.030552364236,0.021124981781,0.861662373245,0.004169182469,0.028002775219,0.005461048541,0.006472715047
0.012258728224,0.163413746187,0.015142808505,0.159540767690,0.416394178081,0.056162550952,0.009616475819,0.142112272243,0.010215654538,0.015142817761
0.030710706681,0.198283515313,0.040809524128,0.196229633394,0.227966387533,0.090655976025,0.025531999444,0.121096612273,0.027906073832,0.040809571376
0.011234387717,0.181579900811,0.018412837467,0.174944018230,0.377400225598,0.067630386176,0.009570783375,0.130476473151,0.010338101556,0.018412885921
0.022284503703,0.230816204778,0.042214357348,0.228463806944,0.189042232117,0.080872833153,0.013584576149,0.132253578855,0.018253429720,0.042214477234
0.050560212783,0.149959430615,0.154897032439,0.155503858633,0.068174573426,0.072582578920,0.027106474835,0.123237032835,0.043081066449,0.154897739066
0.022589258389,0.163528801881,0.066445957216,0.163108849016,0.071221876293,0.145415412968,0.017445225613,0.263826208104,0.019972169425,0.066446241096
0.012885451760,0.141266304207,0.025343358574,0.140130623437,0.096850040120,0.407560360605,0.012082373706,0.124034034099,0.014504038337,0.025343415155
0.011466446287,0.175631915128,0.015111235335,0.168024855641,0.310654657288,0.065664948721,0.011573539088,0.215492884566,0.011268267623,0.015111250323
0.074445703305,0.116865098961,0.110433204190,0.117288783331,0.092821624851,0.078895142344,0.132521738426,0.098937251347,0.067358173465,0.110433279778
0.000385189332,0.000664209320,0.000726755502,0.000671280540,0.000409127794,0.000375840522,0.995198121036,0.000479065074,0.000363653237,0.000726757642
0.000012350930,0.000019640985,0.000019019095,0.000019792456,0.000013196467,0.000012181975,0.999856462737,0.000014017078,0.000014319141,0.000019019134
0.073889669641,0.125235020970,0.130231919326,0.126002368304,0.091366819103,0.077146839693,0.084419484133,0.104059368457,0.057416299244,0.130232211128
0.100000000000,0.100000000000,0.100000000000,0.100000000000,0.100000000000,0.100000000000,0.100000000000,0.100000000000,0.100000000000,0.100000000000
0.063534995549,0.139662769378,0.090161914722,0.140056271516,0.107009814302,0.089020597950,0.114934847884,0.105481171279,0.059975576419,0.090162041001
0.001513896200,0.001726600474,0.001718023009,0.001730664878,0.001596904180,0.001558899951,0.984820978706,0.001552348499,0.002063660212,0.001718023891
0.003595967465,0.004914831057,0.004566846343,0.004943096848,0.003694466376,0.003529983676,0.961708377059,0.003902597735,0.004576982204,0.004566851236
0.001993332271,0.002823699865,0.002411383352,0.002833825386,0.002628276489,0.002534785157,0.977635659087,0.002433827635,0.002293825763,0.002411384995
0.002729290612,0.003962072331,0.004606335795,0.003997793125,0.002733954224,0.002676233727,0.968649100840,0.003030222798,0.003008650534,0.004606346015
0.169106791852,0.061300721745,0.216117746663,0.061692033966,0.041919488211,0.053343019614,0.033111147094,0.055666328197,0.091624687240,0.216118035418
0.006993330547,0.120677830892,0.009745203766,0.118823030282,0.279217334713,0.052358421270,0.006877861839,0.389025846161,0.006535920609,0.009745219920
0.016518236078,0.181396893814,0.041066454875,0.181846713866,0.084279135604,0.250620864359,0.009511662497,0.180340230878,0.013353221544,0.041066586486
0.088756707184,0.034873702321,0.136072811832,0.035152827974,0.022652736940,0.030329019711,0.019751169116,0.026893382008,0.469444818547,0.136072824367
0.000440066401,0.000640256674,0.000534701236,0.000642274657,0.000541295833,0.000484365805,0.995170625290,0.000507672825,0.000504039520,0.000534701760
0.000000231848,0.000000308092,0.000000298470,0.000000309486,0.000000236631,0.000000234472,0.999997564669,0.000000250727,0.000000267135,0.000000298471
0.014865285850,0.134796397818,0.037766431481,0.138732553311,0.043563129552,0.177040705322,0.005436407283,0.400434214425,0.009598398307,0.037766476651
0.048571968568,0.142711853002,0.158549704997,0.141484865674,0.102941530542,0.065827688009,0.026118820495,0.113584054088,0.041659154187,0.158550360438
0.594519771977,0.008456523537,0.083755347989,0.008507386736,0.006297722643,0.008243094145,0.006626981031,0.007021099906,0.192816997339,0.083755074697
0.010333663883,0.183044851084,0.018751630556,0.179133401682,0.250074362880,0.179346296209,0.008081008043,0.143362365172,0.009120751888,0.018751668603
0.012704542228,0.183133335842,0.027009134031,0.180748254805,0.109241305750,0.265604499471,0.006409864684,0.177815818652,0.010324023205,0.027009221333
0.162811259773,0.034301771366,0.297848585883,0.034617342605,0.021253427357,0.024097951532,0.033655909758,0.035137929805,0.058428020161,0.297847801761
0.021644018705,0.184616714991,0.046589419387,0.183236805048,0.146922193974,0.084027100986,0.012439009768,0.253617606961,0.020317608654,0.046589521528
0.016332549528,0.207828023719,0.027864126989,0.201009147084,0.250141443361,0.054914102911,0.015405787428,0.184602786182,0.014037839684,0.027864193113
0.002821071917,0.063140127004,0.006266933727,0.062062176269,0.040711291174,0.726736354791,0.002414381537,0.086856858446,0.002723853418,0.006266951719
0.004213265569,0.154524640885,0.006576065575,0.146562740424,0.522513007460,0.040518906867,0.003967762262,0.110807950768,0.003739581399,0.006576078791
0.697462520200,0.008709672558,0.115710784827,0.008779449416,0.005626265836,0.006234367357,0.006601076395,0.006946242387,0.028218771286,0.115710849738
0.003050350039,0.194998307482,0.006354481340,0.189043458831,0.127913818249,0.211680008936,0.002571231326,0.255217602186,0.002816243170,0.006354498442
0.015177579162,0.142794117652,0.049012636324,0.141006651788,0.089844294069,0.042696510239,0.011488296956,0.448573375930,0.010393759907,0.049012777973
0.004719775935,0.181137460603,0.014089387524,0.177500545853,0.128814867985,0.300320533616,0.003491357207,0.172087212476,0.003749409785,0.014089449016
0.020694429196,0.178282134932,0.029952023291,0.174388804024,0.241769170774,0.061203579538,0.019967462600,0.224514560753,0.019275750885,0.029952084008
0.021997527394,0.188726818737,0.067314956133,0.195190619892,0.060952248135,0.149301574286,0.018485585124,0.212669733224,0.018045646921,0.067315290155
0.017983120443,0.155622236609,0.024072721751,0.150855977635,0.425114845365,0.058954960703,0.014433864509,0.111013050057,0.017876464333,0.024072758595
0.016214190212,0.188902785564,0.024470834602,0.183939420531,0.171646527829,0.160441258299,0.014505249975,0.201403130991,0.014005722693,0.024470879304
0.004721157843,0.176035343357,0.008600920702,0.172066675462,0.144014083452,0.239585811822,0.003999211426,0.237610477902,0.004765373666,0.008600944367
0.007012993550,0.175524032286,0.019693924754,0.173190509363,0.110529485463,0.342251165583,0.004388826831,0.141750643707,0.005964395247,0.019694023216
0.012938331613,0.163395756619,0.019170319177,0.158318566127,0.391433058145,0.062026494764,0.011991514244,0.149519658628,0.012035952239,0.019170348445
0.011824940193,0.160136688984,0.015869734861,0.153189827696,0.366660852027,0.051461791345,0.011278812255,0.202411050049,0.011296549743,0.015869752849
0.054204082178,0.149478767692,0.097741564379,0.153510527336,0.085583344558,0.100783550182,0.076742336542,0.120206006651,0.064008024041,0.097741796441
0.007132608751,0.070306175142,0.018182210027,0.071147983511,0.031631532787,0.590421704824,0.004341822886,0.181896982692,0.006756701709,0.018182277671
0.021576792880,0.168127162762,0.040711765560,0.165899140669,0.321044563237,0.075300563773,0.046989361156,0.099512503127,0.020126249340,0.040711897495
0.001045304228,0.020310344452,0.001672148287,0.020325272322,0.021726569211,0.006768887974,0.000992200845,0.924419327959,0.001067792646,0.001672152076
0.001369582792,0.019014675212,0.002940514078,0.019345582434,0.009475175861,0.019693228313,0.000942457855,0.923116400240,0.001161860134,0.002940523081
0.021566786466,0.179892584164,0.029923622761,0.178860315139,0.214870512914,0.073953981721,0.020711530023,0.229317712298,0.020979294583,0.029923659931
0.000543627287,0.012063542817,0.000896687069,0.011768635306,0.012701080518,0.003232496200,0.000456040545,0.956936162144,0.000505039119,0.000896688996
0.005713342592,0.058728587242,0.010765506711,0.060025131403,0.026378874743,0.103149307959,0.003658564956,0.715644223627,0.005170932296,0.010765528472
0.001032691483,0.019982156311,0.003257686587,0.020203845072,0.008117030565,0.023692160404,0.000731977562,0.918824211546,0.000900539875,0.003257700595
0.131806193404,0.023518332153,0.347172637868,0.023768605135,0.012387770924,0.016110794361,0.014261468362,0.032952881557,0.050850068869,0.347171247366
0.001685354612,0.026077105337,0.002632331020,0.025345679817,0.044270540440,0.010281227383,0.001405198216,0.884133028312,0.001537197713,0.002632337149
0.202206292261,0.029112659980,0.280425249228,0.029246387284,0.021556659410,0.023966050844,0.017829577915,0.028730470838,0.086502774699,0.280423877543
0.149369074056,0.040194537444,0.306857370751,0.040228225725,0.028793960879,0.027627405113,0.015631304108,0.032258341585,0.052184643789,0.306855136550
0.000921683649,0.024117950639,0.002674556765,0.023696814317,0.010360191940,0.032602356638,0.000549545428,0.901615722712,0.000786605727,0.002674572186
0.099191483229,0.067519071307,0.276023086915,0.068238657881,0.035911113050,0.052609056368,0.024473079341,0.046941321725,0.053070225686,0.276022904499
0.079356613342,0.073693826896,0.266318622887,0.074381349689,0.041051449457,0.043582337391,0.021153878690,0.088512113884,0.045630329056,0.266319478708
0.015872952675,0.207354261165,0.026027143235,0.202717113477,0.277413804245,0.056853862035,0.015337800234,0.157380313416,0.015015555116,0.026027194403
0.009517968336,0.202627586232,0.013306503766,0.195532206188,0.321717855829,0.045443617176,0.008438524968,0.180503702170,0.009605509544,0.013306525792
0.010435246410,0.081674357406,0.018854092133,0.081669030556,0.046870677106,0.626879881344,0.007218065678,0.094789669184,0.012754845020,0.018854135162
0.006146768726,0.147509515759,0.009161352980,0.144805485769,0.345515915407,0.051556774189,0.007090908359,0.273223753706,0.005828156574,0.009161368531
0.004594375648,0.067413163254,0.007767666926,0.066581659946,0.039177766243,0.738996588914,0.003945573601,0.058495624701,0.005259895133,0.007767685634
0.037625755567,0.170878230786,0.095103792870,0.170241281146,0.108801536614,0.078216067015,0.027086378352,0.184950555361,0.031992381933,0.095104020357
0.007482986700,0.128882859230,0.010372003201,0.127518387075,0.318581693934,0.051706576315,0.007876103959,0.330031726839,0.007175643223,0.010372019523
0.031095578138,0.140684894899,0.089377446682,0.142370672527,0.052226156103,0.298905130619,0.017881772493,0.105583225114,0.032497279928,0.089377843497
0.015358646392,0.182739316605,0.032731338796,0.180347964413,0.170590805608,0.049353173973,0.022958973426,0.299822608335,0.013365790985,0.032731381468
0.010290479875,0.099278078070,0.017715144359,0.098621855800,0.072748025117,0.562424959786,0.007788035736,0.102155590322,0.011262660480,0.017715170455
0.031254771412,0.196043825996,0.089550547443,0.194564575972,0.138724549421,0.073081044021,0.039949563587,0.125406543729,0.021874019530,0.089550558888
0.005100751437,0.161730214135,0.009436552195,0.160274579245,0.337038422523,0.173610254417,0.004289119501,0.134264684576,0.004818843657,0.009436578314
0.027942548911,0.159394522374,0.074688544081,0.159609426842,0.071034663481,0.215030184569,0.015950053225,0.171609762832,0.030051453920,0.074688839765
0.007906123795,0.089777571227,0.014793184417,0.089712006137,0.035848011274,0.602744428179,0.007677114898,0.128854176153,0.007894157184,0.014793226736
0.021686758630,0.166397913155,0.040537262324,0.171119270004,0.069604147435,0.108814543059,0.021209733480,0.340865824008,0.019227168195,0.040537379710
0.012329238459,0.117124979740,0.025202278950,0.119405185729,0.038866913280,0.074038202159,0.006861577438,0.572523920657,0.008445414171,0.025202289416
0.022616233797,0.200813619199,0.041824937162,0.200237400933,0.097635619642,0.132941009626,0.016326728948,0.227311034944,0.018468378850,0.041825036898
0.016144347689,0.155576977136,0.024502269113,0.154464279856,0.398344112021,0.071436956382,0.019475304524,0.118572881316,0.016980561129,0.024502310835
0.032517376151,0.181990464568,0.052755549285,0.181670610483,0.109953711425,0.075914467321,0.043690506564,0.239538165773,0.029213474527,0.052755673904
0.004916523808,0.170516469055,0.009907549148,0.165800066886,0.453065305910,0.029532009528,0.004912026361,0.146818196173,0.004624271639,0.009907581491
0.002220312314,0.039032337188,0.003889029092,0.037906953726,0.060456167987,0.015541458573,0.001605905950,0.833374760675,0.002084039705,0.003889034789
0.036100326073,0.194406949755,0.047880603121,0.193792591604,0.150143842212,0.078895746198,0.033596948554,0.183356870802,0.033945454571,0.047880667111
0.013592477994,0.246591006811,0.034991567973,0.241906033082,0.258116618467,0.049345396634,0.012258917673,0.097572877042,0.010633383683,0.034991720642
0.002820025996,0.061631405529,0.005656916390,0.061328640829,0.046435866686,0.019326484963,0.002795896863,0.791529479700,0.002818344251,0.005656938794
0.021477598873,0.192421485642,0.035225234977,0.195687298138,0.278188272492,0.066559978494,0.022433927459,0.133411106543,0.019369785867,0.035225311514
0.007626617369,0.145247482074,0.019054260697,0.144269245700,0.094903005891,0.431588811459,0.007465554157,0.122220149533,0.008570546176,0.019054326945
0.007794339063,0.164495754652,0.012211286797,0.158566612496,0.402584994421,0.048423920594,0.008196537727,0.178492651949,0.007022592537,0.012211309765
0.007932673117,0.161075028360,0.016040894954,0.163331752444,0.074456371466,0.076158367294,0.007397745996,0.468648935031,0.008917282720,0.016040948618
0.082945360292,0.135823891777,0.088433966540,0.138561745386,0.102536862517,0.111294749529,0.068673563824,0.114021796486,0.069274068058,0.088433995591
0.016269603854,0.196976074107,0.028709400977,0.200418816053,0.318932150175,0.056909616345,0.018471530141,0.119766680766,0.014836653512,0.028709474067
0.026074517131,0.175765873748,0.043948854661,0.176364632217,0.248476406674,0.133611854529,0.023626021677,0.104710763321,0.023472128375,0.043948947665
0.007338963641,0.216717580465,0.018346602981,0.215192744149,0.120732206919,0.160166059962,0.004886082648,0.232375250277,0.005897830439,0.018346678518
0.004618083510,0.054182698994,0.009739291991,0.055056628537,0.027109363261,0.792137141091,0.004934731694,0.038301248805,0.004181494393,0.009739317725
0.015475384105,0.188356419194,0.027948176300,0.185407320299,0.322380520047,0.070290938062,0.017712814556,0.128098487563,0.016381693123,0.027948246751
0.061139948138,0.126182465698,0.187880544325,0.127387652150,0.074883525365,0.087826276822,0.025593171501,0.079956853063,0.041268424906,0.187881138032
0.022895013168,0.214438144618,0.030583339214,0.216763016496,0.191646071923,0.107815056051,0.025057046454,0.137947062676,0.022271869998,0.030583379401
0.005310308642,0.156762278822,0.008536877828,0.153446150115,0.521905815820,0.038414231206,0.005041904186,0.097015445062,0.005030090009,0.008536898311
0.013616554874,0.189633463005,0.024445975795,0.192809759284,0.374113015606,0.056583358681,0.015026544415,0.097030506362,0.012294777350,0.024446044629
0.016375853113,0.080545406803,0.044680932591,0.080685783625,0.041610416493,0.624695851793,0.012846215076,0.043182983293,0.010695505916,0.044681051296
0.057950789021,0.158683698935,0.094614600972,0.163336491042,0.067742691153,0.195492548382,0.023217917758,0.107304044372,0.037042569691,0.094614648674
0.016137856223,0.168061310287,0.021204239340,0.163850889736,0.380715089428,0.067657203832,0.016032244070,0.126884365647,0.018252537922,0.021204263514
0.003201252890,0.128584775984,0.005450085778,0.125085483189,0.597666823053,0.036182936652,0.003359283823,0.092038059551,0.002981200736,0.005450098343
0.013893277762,0.228729572952,0.023094988136,0.233756052569,0.203585135319,0.068158261194,0.013561298357,0.177856138371,0.014270232115,0.023095043227
0.012369466564,0.202239850439,0.030920991864,0.198255314871,0.382881126305,0.046809251547,0.007296418790,0.079040643631,0.009265820355,0.030921115633
0.011109774307,0.100539101650,0.019417036036,0.101185470686,0.046811942396,0.599217553856,0.005905942895,0.086755664081,0.009640442335,0.019417071758
0.016582926155,0.212801809366,0.030458815500,0.213992087123,0.244148753093,0.073707673360,0.013966957845,0.148393930858,0.015488150839,0.030458895860
0.021379992610,0.218294882283,0.041462993632,0.221133197799,0.172268712033,0.113154641824,0.017279349836,0.134601277864,0.018961867523,0.041463084596
0.005442480539,0.091595480263,0.010157565022,0.090165521008,0.150958048501,0.574341727041,0.004322424565,0.057791822233,0.005067338708,0.010157592120
0.009981852116,0.086052610717,0.027329869254,0.088668256961,0.034957417996,0.656915227204,0.016382104838,0.043971014309,0.008411632015,0.027330014590
0.023479767917,0.219127978022,0.040423220519,0.225599703297,0.124961459965,0.140070550620,0.025780986126,0.139651480151,0.020481549681,0.040423303702
0.035912275371,0.106874307796,0.135577751925,0.107223856417,0.050774469092,0.302655246051,0.018526105198,0.082204089201,0.024673260755,0.135578638195
0.051993861288,0.161501923501,0.082406153225,0.164399887243,0.111111394822,0.128355795099,0.045744806871,0.125135037831,0.046944818680,0.082406321440
0.096738930979,0.004829783166,0.050339391576,0.004858313971,0.002995493260,0.003722957478,0.002614402742,0.006105319729,0.777456338626,0.050339068473
0.011523086962,0.141789832770,0.024290902559,0.139927650452,0.077705309803,0.083172466319,0.005556923971,0.483638864298,0.008104041611,0.024290921254
0.011540313921,0.213488300271,0.015822258579,0.208236675588,0.193192190008,0.131676931006,0.010402548359,0.187900787643,0.011917711195,0.015822283430
0.092980075914,0.055568189198,0.275570959065,0.056278717045,0.026593058634,0.031235561478,0.043996966309,0.059900541781,0.082304635412,0.275571295163
0.012192311119,0.093791082714,0.019099416465,0.094913381040,0.052829618014,0.627110691276,0.010204576648,0.059433999684,0.011325483024,0.019099440017
0.008055566069,0.176608266207,0.014661159679,0.172283643255,0.333779406164,0.059899713721,0.006026963074,0.207100126089,0.006923954177,0.014661201564
0.023797150059,0.028302644474,0.065574960913,0.028398467808,0.013425132740,0.677743183286,0.027238916191,0.036148790307,0.033795600348,0.065575153875
0.025004503212,0.173964224626,0.034285015581,0.170698527296,0.145434575386,0.083557628588,0.019587247561,0.289923548330,0.023259657948,0.034285071471
0.007629176902,0.123851788209,0.014855947018,0.121913123634,0.107503808808,0.378389388905,0.006545973918,0.215790658442,0.008664158706,0.014855975458
0.010452628268,0.141374350283,0.018056840082,0.137861147918,0.517108084258,0.038587546469,0.010040324380,0.098812150231,0.009650038020,0.018056890091
0.003610264996,0.066671373217,0.005884970612,0.065578528650,0.029374273072,0.747549689597,0.002965008955,0.069229401372,0.003251505612,0.005884983917
0.012732570558,0.121978602418,0.017146708694,0.120304659401,0.523288405074,0.054961436944,0.011028513718,0.110059885168,0.011352481949,0.017146736077
0.018035579057,0.182070953012,0.025832657804,0.176456531314,0.336856883259,0.074129985814,0.016588710906,0.128216074350,0.015979924904,0.025832699581
0.011026158156,0.124539433316,0.015370479722,0.123150165738,0.565114075145,0.055990952966,0.009556111130,0.070100923298,0.009781193434,0.015370507096
0.019278872373,0.164362862390,0.034551243559,0.163910182233,0.378557772992,0.077485959032,0.020518972985,0.089979246998,0.016803551860,0.034551335578
0.087586742853,0.079348846068,0.199264539666,0.079941446976,0.054175217361,0.050040978550,0.132691628730,0.056094439141,0.061591447875,0.199264712779
0.039983237615,0.177097946535,0.055131427927,0.180482737045,0.117347053813,0.103260818469,0.037597888729,0.193615867333,0.040351520781,0.055131501753
0.013844780057,0.134130893837,0.017773810501,0.132735292442,0.519041164080,0.056145678688,0.014843185511,0.080513921213,0.013197441731,0.017773831940
0.007005453761,0.127405190042,0.010076424140,0.125184863149,0.538977659074,0.047377903002,0.006262051849,0.121364193696,0.006269818547,0.010076442739
0.026295467335,0.204489354036,0.043133462349,0.208298535470,0.163094626467,0.091523716858,0.023497302867,0.171386018126,0.025147975415,0.043133541078
0.004312708561,0.050559843563,0.006299407288,0.049728197725,0.044976314536,0.769114258761,0.004756297420,0.059186200360,0.004767352241,0.006299419545
0.014431123223,0.125058958665,0.018681193841,0.124103522171,0.539252325278,0.058347645268,0.013578122727,0.074100183606,0.013765707865,0.018681217356
0.005603413590,0.040634589481,0.008215751692,0.040292934033,0.038632819589,0.800015473753,0.004687105193,0.047867318680,0.005834826786,0.008215767203
0.005816551651,0.130080736744,0.008701966210,0.128177752385,0.588596965011,0.047823121890,0.005204757116,0.071719414454,0.005176750451,0.008701984087
0.005779718388,0.054957270405,0.010926755298,0.054540542694,0.048401582029,0.763965271184,0.003358752468,0.041912013576,0.005231302314,0.010926791643
0.003433159151,0.039015292229,0.004575841056,0.038481675834,0.042506948750,0.829475383905,0.002378828449,0.032195379558,0.003361642782,0.004575848287
0.003941375705,0.055557466916,0.005424617272,0.054425862579,0.063291397300,0.759868829069,0.002770292400,0.045461261005,0.003834271185,0.005424626569
0.086456510405,0.081935018100,0.107110416348,0.082125413338,0.069563423675,0.067958437401,0.101161029466,0.107247334608,0.189331885117,0.107110531541
0.016991505433,0.141453205708,0.024533640535,0.139582444481,0.454383741370,0.055921618244,0.018836599034,0.109848110750,0.013915468469,0.024533665976
0.013959693751,0.153940669066,0.018173618169,0.149012776812,0.460478853411,0.067015390467,0.016224659752,0.088943622419,0.014077074087,0.018173642066
0.013662303659,0.183978153818,0.017926804611,0.177850710902,0.326344337483,0.076958804125,0.013994372614,0.158594094333,0.012763592241,0.017926826215
0.019770742476,0.212790865378,0.043561740293,0.208168489790,0.207761262351,0.056257458598,0.012289664971,0.174904660204,0.020933203831,0.043561912109
0.015112020537,0.159148442254,0.019082343184,0.154238548884,0.430683217880,0.072659389952,0.014557976238,0.101016191069,0.014419506353,0.019082363650
0.001859165609,0.024778776894,0.002821693807,0.024917346712,0.011367942731,0.896683806411,0.001443526585,0.031526004167,0.001780038783,0.002821698302
0.085033509807,0.078623398943,0.110612796525,0.078889785828,0.065369691800,0.064595232686,0.068569879193,0.118870268914,0.218822467343,0.110612968961
0.046239052239,0.167095634782,0.077288110142,0.167739130450,0.161353717881,0.112092942150,0.037972152865,0.111372395548,0.041558562317,0.077288301627
0.019292422868,0.136189033348,0.024651596364,0.134633961479,0.408174442254,0.090249768474,0.018169692830,0.123780089860,0.020207375893,0.024651616629
0.010950719673,0.219529871326,0.021580892537,0.217645881561,0.206947474151,0.173393248449,0.007767817481,0.111205900987,0.009397243589,0.021580950246
0.002273068056,0.146207214930,0.003622101140,0.140295970104,0.557209811172,0.043705001622,0.002073399323,0.099014702146,0.001976621991,0.003622109517
0.054369109438,0.155000390881,0.077796360551,0.153768323852,0.172802328835,0.107004387645,0.049056242172,0.107591306958,0.044815097864,0.077796451803
0.006957977081,0.132387859715,0.010256804586,0.128800876147,0.582578626806,0.048340258845,0.006022606623,0.068348688395,0.006049481710,0.010256820091
0.007659247929,0.144440749683,0.012322607302,0.141130939136,0.172796948985,0.385526825186,0.006349657145,0.110479143725,0.006971248050,0.012322632859
0.015397708592,0.122796452698,0.021993577535,0.121643491123,0.521883038646,0.068580993926,0.013313175169,0.078522434636,0.013875517313,0.021993610362
0.017038245720,0.155000050302,0.025973970410,0.150278081791,0.445449850158,0.063088768553,0.015738189887,0.085463675158,0.015995143881,0.025974024141
0.009724816321,0.083194123371,0.013779250492,0.081692960862,0.062408669128,0.626126656547,0.006797026146,0.094552581528,0.007944647331,0.013779268274
0.000974615643,0.053296919271,0.002054012751,0.051948074899,0.029657649354,0.813823835854,0.000838178775,0.044342257661,0.001010435617,0.002054020174
0.014992695743,0.142873776653,0.019963760540,0.140592802638,0.454349591702,0.060357400829,0.012535334761,0.119559786612,0.014811062242,0.019963788278
0.000705412766,0.017767444845,0.001457941456,0.017491225538,0.010205913645,0.922534520373,0.000459054142,0.027309808943,0.000610733081,0.001457945212
0.005976878321,0.137857693630,0.011093464286,0.134797184176,0.145249283420,0.461602004518,0.004057309821,0.082944235252,0.005328459809,0.011093486767
0.000756003969,0.012210587021,0.001105389958,0.011972558645,0.008835539960,0.951684129941,0.000624600956,0.011004279484,0.000701517849,0.001105392219
0.002840900236,0.094459989159,0.003884522171,0.090647759751,0.713362330693,0.035067601708,0.002710771537,0.050475124253,0.002666472327,0.003884528165
0.002952360820,0.085807464093,0.004450867810,0.082218512948,0.742331567695,0.030717018107,0.002683091198,0.041651457737,0.002736783853,0.004450875739
0.098696036092,0.075869405859,0.191424071407,0.076075303157,0.063893129375,0.073928188209,0.063401778641,0.075442489700,0.089844398049,0.191425199512
0.007704225080,0.138729894408,0.015162233306,0.136890563809,0.129197760885,0.470751895276,0.005974889522,0.074029305420,0.006396957535,0.015162274761
0.005155684662,0.038133875082,0.007356192162,0.037867779395,0.033468449853,0.827844077218,0.003936802329,0.033942917008,0.004938014275,0.007356208016
0.066428739432,0.053074831287,0.316515375991,0.053785362964,0.027013155739,0.034785335142,0.024242078099,0.063162597351,0.044474490985,0.316518033009
0.070562670362,0.079211885415,0.223914348203,0.079618970587,0.052243522493,0.052744497826,0.048034865438,0.103447078512,0.066306238030,0.223915923134
0.076738385847,0.063988322645,0.273842428485,0.064350354220,0.040595356708,0.041425072794,0.040358377289,0.074552883213,0.050305050662,0.273843768136
0.078397357121,0.095131421497,0.179067588785,0.095576715240,0.069939261481,0.062339463207,0.064351533494,0.102997854756,0.073130562933,0.179068241485
0.087624306352,0.066245191849,0.249983275064,0.066632728509,0.045059976602,0.040632735617,0.042530637538,0.086777647443,0.064528962478,0.249984538547
0.152937201067,0.047133015443,0.144745239088,0.047350433389,0.034426643993,0.063788775415,0.174864599874,0.041218728900,0.148790277524,0.144745085306
0.004312712703,0.073949275580,0.007448350803,0.072919736750,0.054844566307,0.707529950903,0.003341181559,0.064431925284,0.003773934282,0.007448365829
0.017713376693,0.102570986145,0.037424720362,0.103746932993,0.047613317158,0.492056411736,0.010690151301,0.132381910088,0.018377416696,0.037424776829
0.090260259281,0.074572696330,0.197000394669,0.074883940565,0.056957381984,0.063566957075,0.055805397520,0.104732692581,0.085218572862,0.197001707133
0.003553843423,0.087507075246,0.006445653754,0.087692164971,0.090967675323,0.654974218998,0.002250902784,0.056896546482,0.003266245570,0.006445673449
0.090756980845,0.028799349284,0.354535638457,0.029040808364,0.017049502812,0.022073662628,0.046145919711,0.022439058209,0.034623938825,0.354535140864
0.040672084700,0.079804228264,0.073667094046,0.080592952626,0.056767489909,0.047407799976,0.441998921213,0.056185524015,0.049236668298,0.073667236953
0.155054249161,0.032173118370,0.314022072210,0.032439272745,0.020419715205,0.020325964073,0.020623918395,0.032912440376,0.058008447004,0.314020802461
0.003180778382,0.060952182396,0.006526257919,0.061936153931,0.029853135870,0.769662280276,0.002845183465,0.055653291289,0.002864460567,0.006526275904
0.043924792291,0.132379890362,0.051082577499,0.130694660278,0.310302691743,0.110335525488,0.041344230968,0.085988382259,0.042864635554,0.051082613557
0.171235441497,0.055929154199,0.210870938416,0.056280824960,0.043171118871,0.043996754649,0.052985300282,0.047176413335,0.107483744073,0.210870309720
0.011122024683,0.234650983285,0.021681781027,0.231967283584,0.227563681913,0.062886888510,0.023697732057,0.154903481202,0.009844293809,0.021681849931
0.019595648534,0.183494299178,0.026257158057,0.178057667419,0.276453420137,0.099975723881,0.018453843589,0.153218059845,0.018236989969,0.026257189391
0.114490177015,0.074656468810,0.185364785241,0.074963299427,0.062890807533,0.067379137091,0.070050951928,0.072275447082,0.092563621529,0.185365304344
0.010947373642,0.115412023873,0.015170420209,0.113963097495,0.582953777133,0.059489533534,0.013710577087,0.063118791024,0.010063962979,0.015170443025
0.061525866090,0.083303223322,0.125490188385,0.084010015186,0.054748535835,0.051889426476,0.279835148562,0.061978802529,0.071728159324,0.125490634292
0.100389007460,0.081174840032,0.216105191913,0.081976158923,0.056122047594,0.055105522359,0.060310035824,0.064334986099,0.068376554566,0.216105655232
0.016176173690,0.129525390534,0.021690645933,0.128100033151,0.467919531422,0.077340579921,0.015106014412,0.107398567831,0.015052390886,0.021690672220
0.092001125199,0.084689167886,0.173250789606,0.084964757030,0.070760701560,0.098113710082,0.057950898908,0.090911054834,0.074106319926,0.173251474968
0.018190090674,0.199654539697,0.028043783757,0.200180237179,0.270582269582,0.074426978923,0.016849258332,0.147037863874,0.016991143092,0.028043834889
0.014824920813,0.113924329828,0.023028592581,0.112362419543,0.548024742164,0.077041730730,0.012119044776,0.062882250698,0.012763328236,0.023028640631
0.020034270997,0.153083100233,0.023655275105,0.148754535903,0.392837040124,0.091845914262,0.019021468258,0.107690014548,0.019423089145,0.023655291426
0.006539032235,0.252712193554,0.011913393028,0.259528718405,0.186512747637,0.080935581155,0.005849099306,0.178351784869,0.005744026397,0.011913423413
0.067105072431,0.115710984856,0.183358526932,0.116491338317,0.068277087793,0.079600568079,0.055361077740,0.084686175125,0.046049889277,0.183359279449
0.017036918685,0.107333163216,0.028626568284,0.107046286578,0.061459223559,0.430177498125,0.014821411886,0.190579938341,0.014292357521,0.028626633804
0.027218426327,0.180496334408,0.038565460796,0.179335217206,0.228042337187,0.092333948072,0.023299831715,0.163421874809,0.028721038139,0.038565531341
0.004137388188,0.111544041561,0.006004761218,0.108450519525,0.637619539792,0.053089754113,0.003564104224,0.065605042558,0.003980078020,0.006004770802
0.029849236449,0.236916442150,0.055853818051,0.238166935856,0.141023859577,0.084423608576,0.026218433800,0.104014017509,0.027679648710,0.055853999322
0.005083475761,0.153604972300,0.007577282812,0.153235279521,0.506016768940,0.086025382821,0.004610387171,0.071403052781,0.004866097290,0.007577300602
0.006636667769,0.154574096201,0.009441796450,0.150727552326,0.226723714987,0.196272690464,0.006493006506,0.232392093056,0.007296566065,0.009441816175
0.041902192757,0.156946470781,0.087631677061,0.156471872303,0.161285465560,0.110583768442,0.035251549226,0.121552176488,0.040742869188,0.087631958193
0.150039768655,0.046856594181,0.296238370209,0.047302918772,0.031090913116,0.029216393720,0.021171173608,0.033582414490,0.048263474454,0.296237978795
0.086456510405,0.081935018100,0.107110416348,0.082125413338,0.069563423675,0.067958437401,0.101161029466,0.107247334608,0.189331885117,0.107110531541
0.137319442324,0.046328502731,0.156483827577,0.046692095766,0.028724755493,0.035997913968,0.064081635799,0.035149058428,0.292739181128,0.156483586786
0.078664325666,0.057008499380,0.187399959987,0.057340693814,0.037118517368,0.065828416407,0.203795683175,0.053061057348,0.072382250066,0.187400596788
0.085033509807,0.078623398943,0.110612796525,0.078889785828,0.065369691800,0.064595232686,0.068569879193,0.118870268914,0.218822467343,0.110612968961
0.080842317308,0.099796521995,0.184829847542,0.100393942159,0.076348814170,0.069782210373,0.050010981526,0.073537226849,0.079627936729,0.184830201350
0.633878542427,0.025429566739,0.085516014837,0.025506633762,0.021774424006,0.023219284083,0.021635289849,0.022397197896,0.055127377387,0.085515669015
0.522892547721,0.042244257209,0.072831767318,0.042315420975,0.037662005499,0.060906595429,0.034389944415,0.037292456450,0.076633451245,0.072831553740
0.879216667526,0.007074201457,0.023845928038,0.007084528764,0.006352399623,0.006637417989,0.006477450238,0.007292812077,0.032172788046,0.023845806241
0.058267922520,0.129364885111,0.130831986245,0.130386023917,0.085515305996,0.105662881928,0.037167648540,0.092637654803,0.099333134553,0.130832556387
0.811493634241,0.012013000427,0.036919254060,0.012052579874,0.009520071854,0.012306312574,0.012501937283,0.010409796337,0.045864316489,0.036919096862
0.064408060189,0.053334329144,0.061699661983,0.053525906970,0.042414873977,0.054370449130,0.094620531035,0.041944785800,0.471981697733,0.061699704038
0.007604283569,0.003012451436,0.006070205880,0.003022020646,0.002528036195,0.002643193255,0.003320085958,0.002647079322,0.963082445259,0.006070198481
0.870059000003,0.009304183180,0.023226407888,0.009311831507,0.008584146050,0.008838011567,0.008791349658,0.008542244753,0.030116504721,0.023226320674
0.027779942580,0.015473206491,0.024683955602,0.015503056297,0.013320879833,0.013680164091,0.013689180106,0.013326285670,0.837859391905,0.024683937424
0.018860581147,0.010196127271,0.013797077575,0.010201268132,0.009584925717,0.010161998659,0.009569051530,0.009487245096,0.894344655534,0.013797069339
0.033756741837,0.023768559882,0.047012952972,0.023880897630,0.018638183096,0.017234492053,0.018261509914,0.018964926066,0.751468649309,0.047013087240
0.763112023126,0.012430942945,0.042446049992,0.012460603329,0.010690946485,0.012281201204,0.010536746191,0.010091646223,0.083503958598,0.042445881907
0.052997192398,0.032893416482,0.047414706490,0.032971888432,0.028644163433,0.046765590638,0.022176076464,0.027652971116,0.661069316870,0.047414677678
0.005303144072,0.002602883594,0.005409479671,0.002612692095,0.002091084672,0.002338737487,0.002283585599,0.002257798853,0.969691115082,0.005409478875
0.016837444511,0.011668230110,0.014692138493,0.011672123907,0.010796924978,0.011160272114,0.009243411396,0.010676220148,0.888561111536,0.014692122807
0.494193613807,0.035723938400,0.098948744700,0.035814420081,0.031390483782,0.034468346616,0.039333112844,0.032632957932,0.098545997232,0.098948384607
0.044594466174,0.025876841754,0.031855081943,0.025939099018,0.022451630682,0.023788523596,0.042561441447,0.022911017853,0.728166831170,0.031855066364
0.044032541126,0.009970182848,0.047642680093,0.010007081171,0.007947299908,0.009140801621,0.006136446733,0.009028999097,0.808451473852,0.047642493552
0.011583599695,0.006547849880,0.008641584484,0.006564162783,0.005485102312,0.009249863042,0.016103492680,0.005478159900,0.921704606217,0.008641579007
0.003928046679,0.001975942001,0.003126093894,0.001980752185,0.001779253731,0.001780557115,0.008377640796,0.001866038857,0.972059583254,0.003126091489
0.008835733393,0.004567190262,0.007378708181,0.004581336722,0.003724797126,0.003941890112,0.004850093576,0.005369553668,0.949371996339,0.007378700622
0.047752839038,0.042758116295,0.057346803263,0.042832239331,0.035417909545,0.029527262226,0.033605546732,0.032055363944,0.621357028547,0.057346891079
0.006265243424,0.002634367621,0.005697670926,0.002644298121,0.002081726824,0.002341013127,0.003207032801,0.002405945467,0.967025029612,0.005697672078
0.674572902031,0.018312882822,0.070922305798,0.018368088089,0.015193866835,0.016155786627,0.015391809925,0.016085188641,0.084075196045,0.070921973188
0.072087916762,0.072192641566,0.074400189705,0.072391009727,0.059998743030,0.150147402998,0.070967002244,0.063079122791,0.290335731945,0.074400239231
0.533876595530,0.018887958511,0.163754137092,0.019050009883,0.012425741848,0.012562324342,0.010797354481,0.013996602760,0.050896392319,0.163752883235
0.011945553425,0.006942967613,0.009036568022,0.006960462284,0.005798878116,0.009915347978,0.017534006666,0.005787357731,0.917042295282,0.009036562881
0.079657157059,0.073951036802,0.083457393801,0.074151448347,0.061221251844,0.090707370109,0.153384043838,0.061847051431,0.238165750742,0.083457496028
0.038539185752,0.037036557124,0.034423584565,0.036985345366,0.036211428787,0.038143940403,0.034157325364,0.038613479966,0.671465569617,0.034423583056
0.096275941485,0.065447523563,0.129770975101,0.065870409771,0.048568407837,0.051045503511,0.037807005536,0.076051436350,0.299391879255,0.129770917592
0.006784650856,0.002765434395,0.006032492403,0.002774876039,0.002285261371,0.002778607134,0.003324767236,0.002591184685,0.964630232578,0.006032493303
0.049073930210,0.053059629736,0.063736828043,0.053271339989,0.039842388031,0.032739007234,0.045363216946,0.037445316779,0.561731377340,0.063736965692
0.794842921916,0.003612530999,0.050952260671,0.003634986237,0.002553393084,0.002740325784,0.003209524086,0.002988710835,0.084513528283,0.050951818105
0.562009761137,0.013872785602,0.166862416899,0.014014998579,0.007506266908,0.009906004240,0.005422872414,0.009372350355,0.044170619635,0.166861924231
0.128549137227,0.078492631602,0.118374500165,0.078593368031,0.070763257541,0.073046925256,0.078758159504,0.072357292319,0.182690241379,0.118374486978
0.117146750945,0.038171648149,0.244477772189,0.038475550049,0.025745784549,0.027604893514,0.027161277969,0.029364666535,0.207373173188,0.244478482913
0.193425014211,0.086031314352,0.155544454346,0.086623123834,0.062191680044,0.058185943423,0.068630225424,0.064863574741,0.068960164085,0.155544505540
0.056118319626,0.109510822924,0.125354457084,0.110418813192,0.069581918832,0.065136647121,0.183517431924,0.089133233283,0.065873732781,0.125354623234
0.614310837751,0.021448758874,0.090694350128,0.021612674575,0.014454227609,0.016877079276,0.032343319025,0.016806398110,0.080758299909,0.090694054743
0.095518569682,0.041943327703,0.342233292028,0.042506727547,0.022789527947,0.026458355519,0.012667012615,0.038814419154,0.034835493441,0.342233274363
0.027560220411,0.207689541437,0.056864432400,0.213097884531,0.119303109654,0.089800880161,0.099970413682,0.105763192843,0.023085754762,0.056864570119
0.330835760688,0.014742810987,0.263380332997,0.014827543761,0.009921129339,0.018152893527,0.009142430397,0.012324574628,0.063293274291,0.263379249385
0.108137429078,0.046200511398,0.141045186638,0.046304424671,0.036977138479,0.037274129816,0.026506148976,0.043008161281,0.373501985270,0.141044884394
0.007023640637,0.182862234065,0.013733921749,0.179630175670,0.387006682781,0.039537213098,0.004460609324,0.165905070991,0.006106492252,0.013733959433
0.039275186621,0.196405192504,0.071071062233,0.201554223954,0.109954946186,0.077662964956,0.062319469954,0.134708452585,0.035977269143,0.071071231864
0.127173189934,0.040741691817,0.096982145259,0.041080793228,0.027468478038,0.028507700104,0.437406985925,0.039299328217,0.064357445180,0.096982242298
0.309915514149,0.001383482628,0.020183287035,0.001395113319,0.000846628567,0.001026399439,0.002240772160,0.001022470403,0.641803182271,0.020183150029
0.094114907179,0.100059614337,0.132090745882,0.100621510098,0.084420845071,0.087687986590,0.085983013631,0.090910823916,0.092019662155,0.132090891142
0.008650899317,0.213674709212,0.023440313319,0.212041936842,0.106290928261,0.225521424310,0.007860131185,0.172331978537,0.006747262961,0.023440416056
0.620514097945,0.017836388849,0.096532745390,0.017952564289,0.012993208596,0.013170984193,0.027728107716,0.014220376397,0.082519144837,0.096532381788
0.100223407345,0.095922632929,0.133175548726,0.096397497290,0.081642001308,0.087355541118,0.086061405098,0.087303907190,0.098742363174,0.133175695822
0.082025375221,0.117041507095,0.139641066981,0.117887873062,0.085151004324,0.079648554162,0.068672816145,0.082066779794,0.088223580073,0.139641443144
0.087818411714,0.104519695787,0.162786507122,0.105213173011,0.081849308616,0.075380384897,0.059286603070,0.083859682480,0.076499480902,0.162786752401
0.101867720955,0.089996113927,0.154035407125,0.090484386993,0.074525166483,0.078976780633,0.079531650806,0.079821430724,0.096725761070,0.154035581284
0.071358761966,0.096996245767,0.085428563176,0.097510729503,0.075710800237,0.084393198623,0.237899469200,0.086802565604,0.078471004595,0.085428661328
0.057428741534,0.070248414775,0.077258679006,0.070823658691,0.048049091110,0.052676795581,0.415709599586,0.057612987223,0.072933325018,0.077258707477
0.000697851082,0.001396129649,0.001255096330,0.001405937784,0.000998588562,0.000797903465,0.990483043547,0.000950973072,0.000759376632,0.001255099877
0.021250158945,0.026160535763,0.027111452851,0.026382130802,0.019750826764,0.019670770245,0.790333862783,0.021198204507,0.021030601703,0.027111455636
0.005585196688,0.172391608297,0.009957689061,0.168887148404,0.175923386030,0.266617918018,0.005576588003,0.179790764067,0.005311991786,0.009957709647
0.036728628124,0.035925351256,0.076159702583,0.036251367315,0.025774763591,0.025610309252,0.627427536970,0.027955780638,0.032006610292,0.076159949978
0.006705765091,0.162346160455,0.011022225187,0.159475306821,0.521652013767,0.031013048453,0.016188350400,0.073754217384,0.006820663733,0.011022248709
0.007784531803,0.265958147129,0.013540160808,0.275947481606,0.109318115366,0.063632557358,0.102617195405,0.140137797820,0.007523815420,0.013540197285
0.020821605706,0.242831209319,0.036387375028,0.244919365132,0.176975302793,0.073699502132,0.027880664590,0.120991076140,0.019106454097,0.036387445065
0.006664971961,0.256554603849,0.014638428545,0.261502507159,0.140597794122,0.056405534596,0.005292065290,0.238068622314,0.005636990811,0.014638481352
0.112866841479,0.082402554419,0.193158077973,0.082789123834,0.064025825728,0.061293284097,0.049948862863,0.067109955267,0.093246906425,0.193158567915
0.019386631110,0.183316167712,0.027512919215,0.181440744742,0.283489176765,0.063974558479,0.061243050621,0.133002543312,0.019121248887,0.027512959156
0.008527894591,0.204992139768,0.012551418419,0.200113144354,0.248731580784,0.046064557055,0.034814199970,0.223309934066,0.008343685635,0.012551445357
0.011641123960,0.283032458661,0.021223443108,0.289468917908,0.169059096442,0.057197285495,0.009871194436,0.126328704037,0.010954281159,0.021223494796
0.009961057548,0.258538208765,0.019362065343,0.271040028090,0.165347113492,0.039926294366,0.012847398652,0.194350314827,0.009265401826,0.019362117090
0.070524715987,0.021444084792,0.158438374676,0.021605919627,0.014252559426,0.016313621934,0.012894630374,0.016055568051,0.510031671740,0.158438853392
0.008636251591,0.244932907990,0.016370029387,0.250576698604,0.254132244905,0.047810607614,0.007315039205,0.146046363708,0.007809784041,0.016370072955
0.008202985264,0.268429840235,0.018447875958,0.265029549965,0.209244515342,0.037852819585,0.010589839790,0.156675767991,0.007078861704,0.018447944166
0.019092830611,0.266035855723,0.047265617287,0.274820841235,0.064095223967,0.081453729953,0.027223525527,0.150750239575,0.021996371772,0.047265764350
0.022946910204,0.254989811798,0.036224434672,0.259855511604,0.089200839298,0.108848472088,0.029473874432,0.140234802670,0.022000855345,0.036224487888
0.007271282328,0.266503127874,0.015223522592,0.267205292954,0.120680762169,0.055680776843,0.020061777770,0.225997395689,0.006152492963,0.015223568819
0.071994949640,0.131982374135,0.140517219437,0.133039155300,0.097737527448,0.077713599366,0.028322399759,0.098110201804,0.080065283919,0.140517289191
0.017836264996,0.242893760772,0.029100427963,0.254560193018,0.076110384529,0.070150313779,0.019664181359,0.243979257843,0.016604727127,0.029100488614
0.057439496926,0.148281300545,0.102116987175,0.150729585122,0.124544913474,0.088952249185,0.040091667201,0.102041058039,0.083685504089,0.102117238243
0.050221433945,0.188839553638,0.082206296241,0.194008062709,0.077797306352,0.084036035149,0.069826756152,0.137923275294,0.032934911028,0.082206369491
0.003920583607,0.259132709516,0.009877224883,0.273819246378,0.064066598090,0.256990947992,0.002395555312,0.116953389204,0.002966487211,0.009877257808
0.010939375473,0.256400695644,0.018987612637,0.252673245018,0.202201879304,0.056124326138,0.010130416205,0.163383010785,0.010171758221,0.018987680575
0.006930493356,0.249067060814,0.012730377629,0.248217088401,0.244751103447,0.031604952828,0.008536925498,0.178054373589,0.007377216053,0.012730408386
0.058061574523,0.103605001408,0.260474500520,0.104698644131,0.049443181570,0.037576702122,0.015848174635,0.077712428576,0.032104794991,0.260474997524
0.032442323989,0.189965693330,0.039664048463,0.187399200851,0.196788218789,0.102786883302,0.031261198008,0.148389119942,0.031639227468,0.039664085857
0.010473982824,0.218721750680,0.022784031503,0.214315103998,0.164629153205,0.129181768136,0.006793631802,0.200001998018,0.010314484363,0.022784095471
0.020825521360,0.209180115058,0.033883050269,0.208885056351,0.161261409682,0.055654962486,0.110109319636,0.144352730206,0.021964715504,0.033883119447
0.086571928618,0.001926700653,0.015441647376,0.001937666574,0.001347906760,0.001440481372,0.001108316696,0.001450999551,0.873332752397,0.015441600004
0.919892603390,0.002207924272,0.027596290480,0.002217651975,0.001485723579,0.001920237885,0.001330381438,0.002008242493,0.013744897590,0.027596046897
0.007088992428,0.189742185802,0.015532236646,0.188925409608,0.088803164632,0.385629112267,0.005202925372,0.097627971534,0.005915717446,0.015532284266
0.023158485805,0.217617892004,0.044159526605,0.215213762718,0.190835459421,0.082491054525,0.029967122079,0.130707380697,0.021689649420,0.044159666726
0.129328253469,0.064942425708,0.229508949677,0.065478839211,0.044695479735,0.053136348327,0.042928962481,0.051486245191,0.088984990351,0.229509505850
0.057529718527,0.012574596406,0.099822630246,0.012662540481,0.008106664737,0.009297735609,0.006562340351,0.010027994449,0.683592949449,0.099822829747
0.077004749199,0.125016294289,0.086060934833,0.124783978554,0.115859071113,0.101598232068,0.088035344449,0.119897051641,0.075683372935,0.086060970918
0.179795483322,0.035759449387,0.187951026390,0.036046746680,0.023559770121,0.027618074890,0.023379978207,0.028968273062,0.268970604635,0.187950593306
0.046100356162,0.016566704940,0.068552066862,0.016672257375,0.011186349853,0.015115797754,0.041501338307,0.013756438483,0.701996458463,0.068552231801
0.112026212406,0.052721917112,0.228695586401,0.053119312753,0.033920155846,0.041928182224,0.036862443852,0.040604380935,0.171425749802,0.228696058668
0.003523445908,0.152455021227,0.006666729803,0.148614105295,0.470374936327,0.022575816277,0.002583869907,0.183170912836,0.003368416444,0.006666745976
0.054616268757,0.013865966633,0.050238931823,0.013945541545,0.010367585467,0.011017883397,0.010800042575,0.011445567534,0.773463300757,0.050238911512
0.145041077011,0.040814860902,0.295514437235,0.041192798425,0.026009193614,0.028539631513,0.032843501625,0.031473783946,0.063055805040,0.295514910688
0.087510233202,0.109239588769,0.126314516594,0.109833652923,0.087268219348,0.079478903524,0.105664129820,0.094286212706,0.074089979295,0.126314563818
0.522145466143,0.019425816163,0.177520016069,0.019608855407,0.011696699510,0.012276727493,0.011622742433,0.014884648803,0.033299285500,0.177519742481
0.019652822033,0.211698901266,0.028709143700,0.212775387204,0.237611590845,0.054457950158,0.036785664820,0.142888346111,0.026711004691,0.028709189172
0.028801246075,0.195816166077,0.079103722113,0.194667595675,0.106129839683,0.063795995580,0.044093684280,0.186220627775,0.022267152597,0.079103970146
0.030784032979,0.209813469687,0.089821979199,0.217926287905,0.078697889460,0.071669759569,0.066566056159,0.115530487020,0.029367737745,0.089822300277
0.017848542367,0.249594441307,0.054550694827,0.260729349920,0.082948799149,0.118495058880,0.008841003523,0.138476833122,0.013964319408,0.054550957497
0.008599228852,0.246693845828,0.018608532693,0.252553150722,0.225676316039,0.046042940321,0.007232203376,0.167454556982,0.008530615651,0.018608609536
0.014646612434,0.264592394899,0.024399937666,0.272485420079,0.132980651030,0.116042152135,0.017834088317,0.116494528423,0.016124210244,0.024400004772
0.009382011336,0.215497140549,0.015161015801,0.221196016141,0.311597074036,0.051185940157,0.009695740032,0.142852732125,0.008271282072,0.015161047751
0.022056185369,0.233386032079,0.045859846006,0.240500228024,0.080889194578,0.093381850334,0.091623355640,0.115126204096,0.031317139658,0.045859964216
0.044331304330,0.169988583952,0.155316682763,0.175747694749,0.068296570542,0.068603859124,0.030074537899,0.096159427430,0.036163895434,0.155317443778
0.023858978504,0.263545725202,0.038171712880,0.276684006663,0.095309764090,0.064855796862,0.032432057730,0.145564617818,0.021405550979,0.038171789273
0.024422031540,0.222257041325,0.040721188644,0.221339725154,0.221830415734,0.053940785480,0.033012615659,0.120090108566,0.021664809327,0.040721278570
0.014098114267,0.247516501914,0.029342680176,0.251193409236,0.187873018366,0.066028317341,0.012788758318,0.148382975335,0.013433448376,0.029342776671
0.006530759901,0.220795235741,0.012868149128,0.230995716710,0.080351274543,0.329860466020,0.004661766018,0.095590723771,0.005477725087,0.012868183082
0.250553573239,0.010514316633,0.229745398028,0.010615554659,0.006144289347,0.007611050086,0.006038268152,0.009571154702,0.239463266666,0.229743128489
0.027135253493,0.205011127837,0.076404944199,0.210104876170,0.109060667594,0.048021601034,0.009498053721,0.219139349855,0.019219189318,0.076404936778
0.020391578815,0.189828050580,0.043819829195,0.187059027532,0.300718819773,0.052603128973,0.016340661095,0.127715817495,0.017703103818,0.043819982725
0.012851129674,0.216120501840,0.028567859137,0.211574424592,0.250684656073,0.052260125224,0.010336747595,0.177885085937,0.011151498828,0.028567971099
0.011901872509,0.218201238137,0.031807205389,0.225473646677,0.075915008121,0.254828267606,0.008103007824,0.133106311381,0.008856071910,0.031807370445
0.003217361815,0.100037949634,0.005778335011,0.096063426064,0.722941620889,0.015813518890,0.003523738162,0.043949977521,0.002895722628,0.005778349386
0.021538639055,0.245572653222,0.046679244033,0.246737383123,0.096114419038,0.069992501519,0.099329791994,0.107305116976,0.020050891976,0.046679359064
0.006055502071,0.171268586935,0.011450447465,0.176405937158,0.068332744447,0.469917059420,0.003638030953,0.076495878472,0.004985348232,0.011450464846
0.013867714889,0.247962952510,0.022353136204,0.245379307495,0.199844428249,0.070357741301,0.014984282628,0.151565022516,0.011332235758,0.022353178450
0.032590840997,0.169049646128,0.046290259395,0.168845047555,0.263706677424,0.067046871184,0.055223329133,0.118820812235,0.032136204411,0.046290311538
0.007592509254,0.323680573019,0.020855999217,0.345381556214,0.108072829402,0.033698868233,0.011012492297,0.121873677811,0.006975394953,0.020856099599
0.014980210255,0.202035087955,0.022655608088,0.206008098368,0.126305937187,0.042465387610,0.194573101300,0.152916929838,0.015403993028,0.022655646372
0.013772189951,0.237545914383,0.031232284033,0.243962801725,0.171370649370,0.042941905994,0.018198128201,0.195438808543,0.014304925927,0.031232391873
0.004894986807,0.134766681117,0.008731201135,0.132431414821,0.090107200332,0.491548289228,0.005081948462,0.119233639957,0.004473417700,0.008731220440
0.016247479598,0.227304592709,0.023180762202,0.224059739785,0.268195983661,0.063231572909,0.021077734081,0.117898761724,0.015622572384,0.023180800947
0.006344521069,0.227907282008,0.019090283449,0.226320557433,0.138830611325,0.183892366808,0.015916153846,0.156641628518,0.005966213574,0.019090381970
0.083077904969,0.124944670249,0.107420765443,0.124470681315,0.130752666150,0.082943637252,0.025594684661,0.101857022000,0.111517132252,0.107420835707
0.030944643980,0.226686392321,0.058535336809,0.233061409501,0.071517202357,0.090887841493,0.098421874266,0.105676139767,0.025733724169,0.058535435337
0.056118319626,0.109510822924,0.125354457084,0.110418813192,0.069581918832,0.065136647121,0.183517431924,0.089133233283,0.065873732781,0.125354623234
0.015875443870,0.200130610598,0.022903797284,0.199708124228,0.322927760402,0.079692528879,0.015835923940,0.103798230244,0.016223751082,0.022903829473
0.021022003816,0.217723742110,0.040555056214,0.218305418531,0.137555008039,0.055950517864,0.109393537866,0.136113967219,0.022825560762,0.040555187579
0.021513238124,0.214173592017,0.035570165649,0.214824284570,0.155287258047,0.049682004442,0.113486601265,0.135296597795,0.024596026787,0.035570231303
0.008265856515,0.085991347153,0.012654772316,0.085976794786,0.042611247077,0.633549516672,0.007637356706,0.100404846557,0.010253469857,0.012654792360
0.065182504539,0.139869862303,0.181913854909,0.140831836552,0.082287472448,0.047384586873,0.021097910398,0.097383561961,0.042134490333,0.181913919684
0.011561268610,0.250660267941,0.024658600429,0.246527598864,0.192856197634,0.059442513242,0.007942636184,0.172604880360,0.009087374876,0.024658661861
0.333055244575,0.013082386577,0.164501622352,0.013164522235,0.008823537230,0.009086793244,0.006112030843,0.009522390442,0.278151151939,0.164500320564
0.015757631002,0.225493577126,0.024157703511,0.231191331491,0.127434011109,0.079350346281,0.015874733605,0.242207777171,0.014375123678,0.024157765027
0.100414510710,0.076822775514,0.263534218140,0.076979411377,0.049676714977,0.041048715710,0.017379674561,0.050760717504,0.059849446698,0.263533814808
0.186270073546,0.024245715198,0.308840749544,0.024418693936,0.016024662799,0.019452086305,0.012653139284,0.017718444994,0.081536497821,0.308839936573
0.062863740894,0.145547207755,0.097574594133,0.146368322338,0.131240170821,0.098774357647,0.036832374942,0.114936040697,0.068288630394,0.097574560380
0.037069817599,0.117074736442,0.082123048457,0.115948877166,0.079894250330,0.057610162390,0.285398257901,0.110038922310,0.032718677649,0.082123249756
0.004727017778,0.006089551902,0.004995021216,0.006087056739,0.005682522068,0.004617270430,0.951142068431,0.005517092276,0.006147376713,0.004995022448
0.022975309879,0.223484563436,0.042431373448,0.219561142212,0.212122652868,0.077640957650,0.014844909033,0.125639224347,0.018868422510,0.042431444617
0.010088743979,0.247697171341,0.018394704039,0.244472401656,0.235640893689,0.042762454535,0.012543448512,0.160613215820,0.009392194290,0.018394772139
0.106021907961,0.043854699618,0.325201303631,0.044166625261,0.023532959332,0.024731555438,0.025654929959,0.036741277298,0.044894187831,0.325200553670
0.088561443980,0.105079662632,0.222561064656,0.106397599626,0.056824118592,0.050965443772,0.032692057731,0.061243420568,0.053114233425,0.222560955018
0.014021287646,0.192362208195,0.029251532117,0.190882452725,0.204093126484,0.058797752173,0.010209388571,0.260624997659,0.010505635031,0.029251619399
0.045419308502,0.159354747028,0.129074488148,0.164130823416,0.076176841422,0.076940866539,0.019342268948,0.151048914047,0.049436562955,0.129075178996
0.124555270338,0.094410504981,0.179661373768,0.095289976226,0.065844501763,0.055268358004,0.066683118824,0.065544894033,0.073080731971,0.179661270092
0.010694679327,0.223778131548,0.022764024009,0.226445594807,0.272666732072,0.069938725670,0.008365530229,0.131650404780,0.010932072279,0.022764105279
0.022033114158,0.017050870747,0.025839418965,0.017082561339,0.015276823331,0.016184594090,0.818414205336,0.015890518228,0.026388451485,0.025839442322
0.050753612047,0.106663856396,0.112465649471,0.107170884165,0.072243414007,0.059959007677,0.213058249878,0.101523909983,0.063695460136,0.112465956240
0.071197432077,0.131987291265,0.147574926524,0.132921076724,0.110605654165,0.062903140422,0.044741738932,0.086270138810,0.064223382348,0.147575218734
0.042123031778,0.164784364425,0.141306811476,0.164541356740,0.115607942049,0.080519519117,0.022694732847,0.102523382264,0.024591787787,0.141307071516
0.014124567088,0.230605866301,0.024148859227,0.231572966378,0.161466613953,0.123238366753,0.033045240219,0.145579327258,0.012069269495,0.024148923328
0.070123237531,0.073918351988,0.278380254700,0.074834257341,0.039520330097,0.045453610496,0.026286815558,0.071863759146,0.041237846090,0.278381537052
0.066459114793,0.117730371184,0.198232184532,0.118372951173,0.086378758545,0.051366078998,0.034424993163,0.086782079402,0.042020344299,0.198233123911
0.069835119891,0.132080032018,0.140141861855,0.133110929825,0.105409800828,0.081459419240,0.045995447096,0.084162287482,0.067662965787,0.140142135977
0.057136125717,0.096810036954,0.134856539799,0.097457618899,0.068895796224,0.061632809025,0.216812981442,0.067015676226,0.064525402433,0.134857013280
0.041074577592,0.155791959803,0.094517005244,0.155536521930,0.184963768609,0.076754230840,0.028384568666,0.118073079724,0.050386874745,0.094517412848
0.068520515451,0.085761750243,0.257230924595,0.086711133951,0.055705142422,0.051302712415,0.033347563243,0.055798418901,0.048390103876,0.257231734903
0.058179323321,0.164585750029,0.119647356230,0.166093735725,0.108408048611,0.070240080617,0.039289663291,0.097326849662,0.056581411535,0.119647780981
0.046766414371,0.117822319791,0.233316661386,0.119838035218,0.056615284830,0.046790952985,0.020848353062,0.088176931702,0.036507222814,0.233317823841
0.026450893363,0.220915954763,0.035287731197,0.222051932685,0.165441064035,0.069670738427,0.039120302191,0.159958722979,0.025814890562,0.035287769797
0.018731142925,0.258377865154,0.036182704762,0.260156219853,0.096203780207,0.084800816620,0.057979066217,0.135863035841,0.015522595035,0.036182773386
0.027988124585,0.239743202231,0.036622784351,0.248462468169,0.151070738612,0.071086592210,0.032476386629,0.131026979353,0.024899902479,0.036622821380
0.050495023379,0.183069230277,0.075467627049,0.184165784803,0.121812503612,0.075779706830,0.050592581540,0.113073597083,0.070076134201,0.075467811226
0.036928059384,0.206878139994,0.091257390502,0.217031221022,0.063863511941,0.058489023170,0.086192233630,0.113917030661,0.034185676804,0.091257712891
0.044877404584,0.193249627445,0.073374716730,0.199673994852,0.092477958723,0.072395908619,0.045795052156,0.132645492584,0.072135010752,0.073374833554
0.010776625637,0.239011626809,0.017031848596,0.245639129960,0.266489607398,0.047654150321,0.012406754499,0.129206548954,0.014751827258,0.017031880566
0.042814552516,0.171611974556,0.095151852721,0.172947167764,0.129636975829,0.077486059404,0.022913577847,0.155641450452,0.036644396501,0.095151992410
0.033859643625,0.205949739309,0.061588157545,0.213901052345,0.080166431213,0.097205530136,0.093641536426,0.121264858332,0.030834747153,0.061588303916
0.041098111394,0.007590292517,0.035330301697,0.007656630639,0.005023305141,0.005446976477,0.013382948535,0.007004102093,0.842137116997,0.035330214509
0.004884797158,0.011018940423,0.006541175505,0.011132425418,0.006932457452,0.005674789428,0.931429795936,0.007598966174,0.008245470397,0.006541182109
0.032854753249,0.202975871840,0.056298537915,0.209493376954,0.077396764027,0.088833462592,0.052464001854,0.195965711692,0.027418844711,0.056298675166
0.034014884524,0.201891238734,0.116912423391,0.210750954189,0.055358919346,0.051822611284,0.067646715908,0.120778846678,0.023910410475,0.116912995470
0.000763468657,0.000156678427,0.000573785809,0.000157164414,0.000122622816,0.000126081993,0.000102973166,0.000148814864,0.997274625638,0.000573784217
0.004447278086,0.254352563717,0.008057281589,0.249649172251,0.283294960393,0.034360427861,0.004997332260,0.148919503675,0.003864174054,0.008057306113
0.011807379645,0.138416271006,0.024417575526,0.141331372961,0.048519624434,0.489889372030,0.009629842632,0.098796931589,0.012774006407,0.024417623772
0.017440553897,0.224199651637,0.032051495033,0.227495539991,0.230389466884,0.071169681825,0.021432327684,0.127900163900,0.015869531160,0.032051587988
0.076163798562,0.097267275515,0.164335376148,0.098160127351,0.063385597337,0.066721521423,0.034696603556,0.070882998513,0.164051126083,0.164335575512
0.002746808663,0.113723740370,0.004214537998,0.109570197191,0.686471975204,0.021003588066,0.002411256490,0.053040449630,0.002602902178,0.004214544208
0.095644763032,0.082486185947,0.214698761208,0.083218158225,0.049829772978,0.060669281177,0.054800506184,0.077144852674,0.066807641284,0.214700077290
0.061902651906,0.031550144902,0.375959418606,0.031940594921,0.015608095081,0.017120450690,0.031034966957,0.021305990643,0.037616921782,0.375960764513
0.005014289720,0.225166077492,0.008671200502,0.229993293893,0.107461798843,0.186295647687,0.004659541451,0.219667731176,0.004399198422,0.008671220815
0.010783807333,0.283317052078,0.024463984823,0.297733719285,0.120483574405,0.058975932639,0.010436038219,0.158510255121,0.010831559286,0.024464076811
0.136844759605,0.078374985977,0.205165484019,0.079376112935,0.052480504798,0.053589107835,0.053806880046,0.060367282939,0.074829064942,0.205165816904
0.017879412958,0.019148102173,0.033112462477,0.019273418178,0.012841133652,0.014901338307,0.816912335880,0.014752178778,0.018067111685,0.033112505913
0.020836708104,0.199142669855,0.042452394756,0.198102103363,0.271166369791,0.077802549828,0.030519440031,0.102067485259,0.015457729742,0.042452549271
0.008211858560,0.209033160265,0.013884378215,0.204803093215,0.322255276295,0.098821100930,0.007578092300,0.113301730227,0.008226901408,0.013884408586
0.011757186292,0.190226150951,0.017767985859,0.186820969348,0.269262957807,0.065383614022,0.012447833099,0.218449797086,0.010115493434,0.017768012101
0.017505516289,0.151896795344,0.038438632738,0.153553177263,0.057691778813,0.094523001238,0.340347646850,0.089176290086,0.018428371805,0.038438789575
0.010119780896,0.116035358770,0.016933010603,0.118074117167,0.047997412691,0.561456830755,0.007710495497,0.096186689945,0.008553260448,0.016933043228
0.016896240284,0.206196368556,0.033620309021,0.201669248789,0.230125775644,0.133998420742,0.010722326668,0.119331952447,0.013818988765,0.033620369083
0.016565286416,0.261667642905,0.028393864631,0.271201897459,0.137632325662,0.096312468293,0.017722570588,0.127080946286,0.015029062115,0.028393935643
0.068797369342,0.126301778861,0.086239619446,0.126217479093,0.121869536684,0.094502565838,0.112411760950,0.106669959004,0.070750251906,0.086239678876
0.007965240755,0.286813135475,0.013240230828,0.282793251255,0.157882221512,0.081424542592,0.013952409933,0.135230364160,0.007458350084,0.013240253406
0.001579363327,0.090419999440,0.002542690797,0.086680599926,0.740734393286,0.014904475471,0.001414838979,0.057793079323,0.001387863892,0.002542695559
0.010116885490,0.203080208749,0.014982761577,0.197686742523,0.350887166885,0.060960585955,0.009675662631,0.128375608794,0.009251591018,0.014982786379
0.013291950492,0.153289523961,0.016662436819,0.148187818567,0.378877220513,0.063317292448,0.012963534562,0.183925682129,0.012822086464,0.016662454044
0.042360908482,0.170275478049,0.071020424879,0.169524782787,0.175201123651,0.119264180899,0.028828434971,0.117410358173,0.035093747348,0.071020560760
0.003792583863,0.113280420109,0.006249754095,0.110315875463,0.679755572218,0.020267529172,0.002886880564,0.054224302339,0.002977313811,0.006249768365
0.018391287535,0.191415147299,0.035341019294,0.191358658155,0.237982748327,0.099893293622,0.018571523831,0.155804497772,0.015900714859,0.035341109305
0.006156486800,0.141501908833,0.010073533202,0.137544630358,0.572399253876,0.027955599791,0.006755311956,0.081547642202,0.005992077794,0.010073555188
0.031284014900,0.167387275973,0.042773526348,0.165241132019,0.200614116325,0.132428179165,0.025320017532,0.151291123254,0.040887028524,0.042773585960
0.008324522013,0.134818186818,0.014024130867,0.131822641184,0.150270977883,0.319338426653,0.006407609951,0.213164983385,0.007804367321,0.014024153924
0.041017797520,0.153580603099,0.105382877915,0.153504104522,0.139543199197,0.077371096472,0.021133597051,0.172433791806,0.030649623952,0.105383308467
0.033573209878,0.191982302264,0.057957102245,0.191001218615,0.186675458604,0.068975070600,0.040498936561,0.139818739465,0.031560763377,0.057957198391
0.012621522471,0.230131400818,0.023638282974,0.226177525800,0.168965777136,0.098917760443,0.010444307918,0.194863603148,0.010601481211,0.023638338082
0.064342265484,0.147726973419,0.080664429132,0.147722924370,0.141330999580,0.086665046067,0.063916319637,0.117316238210,0.069650266845,0.080664537256
0.026290128450,0.182425306516,0.038131616978,0.179936108612,0.220729598525,0.077808805139,0.054629165577,0.155696499502,0.026221105062,0.038131665638
0.032020422710,0.189538565079,0.062295187905,0.192834680855,0.091149874331,0.132556136206,0.019327508228,0.192848732195,0.025133530579,0.062295361912
0.026999364876,0.163440533364,0.047782681176,0.161085887465,0.189531287952,0.086189590839,0.031502791166,0.221134663427,0.024550389920,0.047782809814
0.032483094397,0.181805538570,0.048123430461,0.181552371083,0.202022525052,0.118972417144,0.041555758618,0.111989030993,0.033372338978,0.048123494704
0.006335384745,0.148204536836,0.010512630952,0.145887277162,0.148479461012,0.426329299519,0.004184120784,0.094386063420,0.005168574391,0.010512651178
0.012924741601,0.151952803822,0.025042514668,0.149953960401,0.208840905328,0.302744216015,0.007801087194,0.106097463905,0.009599733902,0.025042573164
0.036118452243,0.222761519393,0.054396990166,0.221647167985,0.131811964905,0.104420946755,0.025388714591,0.117754057214,0.031303103833,0.054397082916
0.022833008453,0.194322019848,0.029416514015,0.200426068426,0.310375583879,0.058660055340,0.018853156546,0.116228345242,0.019468710965,0.029416537286
0.032400928872,0.237130179515,0.043440677858,0.234987447951,0.138187436874,0.103742958458,0.023178677621,0.115591948371,0.027899033277,0.043440711202
0.028043608939,0.190680591113,0.087958559179,0.188314505300,0.116012402910,0.105327019959,0.057474886247,0.115073756911,0.023155791657,0.087958877784
0.031920378017,0.229585312345,0.045774063518,0.228125472713,0.143696150010,0.102516626094,0.025749909804,0.118647939833,0.028210040170,0.045774107494
0.019449070619,0.162221487088,0.051128421228,0.160232031833,0.384759463694,0.045120025228,0.007328740916,0.105285548651,0.013346742391,0.051128468352
0.039276158027,0.129044351220,0.135441384091,0.129652399882,0.048646955761,0.246656155395,0.009882207543,0.095675596562,0.030283078081,0.135441713438
0.020100890927,0.241842489210,0.043210874051,0.248685998291,0.137831831381,0.092881681704,0.020313821347,0.134615265464,0.017306143532,0.043211004093
0.006628553520,0.145788674439,0.014060896917,0.143659770042,0.068801031031,0.106790372095,0.004768856849,0.488863234104,0.006577672350,0.014060938654
0.034192460330,0.186603582246,0.056785490986,0.188293627644,0.179941681836,0.094086717193,0.028881081505,0.141784062533,0.032645632417,0.056785663310
0.010461467784,0.098291067260,0.019927208338,0.098424274521,0.052461299322,0.604548035463,0.006897455746,0.079315908500,0.009746027667,0.019927255397
0.006911939344,0.022207146623,0.013569435051,0.022258851474,0.009202037391,0.886829231107,0.002349257447,0.017650852039,0.005451786385,0.013569463138
0.043315077808,0.172294777857,0.076465251576,0.174030807299,0.163349316517,0.143055143201,0.023142068413,0.099231622519,0.028650499702,0.076465435109
0.029254710896,0.189784186373,0.053462995064,0.188340158752,0.108009954519,0.103127613618,0.020534807890,0.228321550388,0.025700865951,0.053463156550
0.005264117831,0.153421289175,0.010598044463,0.158562648170,0.039504461673,0.136749606400,0.003907411418,0.476644308244,0.004750039519,0.010598073106
0.015106195633,0.113747160328,0.044334889390,0.113480173845,0.070625078273,0.488141455323,0.010398777841,0.086502322413,0.013328862661,0.044335084294
0.028747240203,0.180889774765,0.066005577950,0.185047817509,0.222919719560,0.089380396865,0.020954536807,0.115659785045,0.024389374406,0.066005776888
0.002657982502,0.046127177402,0.004127247109,0.045434150077,0.049398159003,0.800975386422,0.001978725204,0.042847177208,0.002326740750,0.004127254324
0.016685626262,0.100215969494,0.042826790435,0.102028788570,0.051286406042,0.535864332303,0.027449917637,0.065955359064,0.014859821378,0.042826988814
0.013019453049,0.220800923294,0.023373262936,0.226728174427,0.297047908375,0.047570342830,0.015152489340,0.119696548664,0.013237571167,0.023373325918
0.070375610183,0.158333770422,0.069014490892,0.156319558468,0.188415479107,0.139252006192,0.016845288005,0.097562334278,0.034866976432,0.069014486021
0.100010126912,0.135254813347,0.116867493932,0.136249417832,0.097463994968,0.078297637631,0.035474291732,0.135757976238,0.047756753451,0.116867493957
0.017063546588,0.237509571908,0.034694774457,0.236379153296,0.151322011056,0.087871196134,0.013746898430,0.172800340306,0.013917624647,0.034694883178
0.104833600977,0.041132327786,0.306788461623,0.041461858556,0.023262166491,0.025778320864,0.021142805033,0.028860555393,0.099951379113,0.306788524164
0.023584471248,0.203672726647,0.052582768147,0.202702338376,0.113112018144,0.142761768114,0.013804201511,0.177315509665,0.017881266811,0.052582931337
0.030710706681,0.198283515313,0.040809524128,0.196229633394,0.227966387533,0.090655976025,0.025531999444,0.121096612273,0.027906073832,0.040809571376
0.049205442424,0.159041381560,0.146147603039,0.162989803271,0.067909412988,0.080072300834,0.026552078252,0.125774020975,0.036159813395,0.146148143263
0.016793575232,0.238375884841,0.050362244821,0.238878271095,0.173421170612,0.098421154721,0.023997754612,0.096751208533,0.012636269064,0.050362466469
0.014070886088,0.124781508110,0.030920883767,0.127315914783,0.048708474083,0.529878781043,0.007716676570,0.075761908617,0.009924011992,0.030920954947
0.025708933633,0.191387820526,0.052347144878,0.189249683746,0.244323008134,0.070414494030,0.024912269378,0.125843925776,0.023465418031,0.052347301868
0.028092481025,0.198256698377,0.056380059556,0.200513741764,0.172896504938,0.102008866760,0.028501317634,0.131500663627,0.025469419502,0.056380246818
0.012339232739,0.228083946249,0.017400218536,0.223893756384,0.232065599191,0.081445592004,0.014197756870,0.161655606759,0.011518041065,0.017400250203
0.024708409817,0.214467012466,0.040342343804,0.214265721381,0.226098605256,0.072896050668,0.026958761706,0.119070637986,0.020850029561,0.040342427354
0.022325731922,0.222342484089,0.046087188831,0.223576088937,0.142303677171,0.098192706108,0.020091692408,0.159460128125,0.019532994797,0.046087307612
0.005022675227,0.154150358411,0.008128892697,0.149829344932,0.487262667973,0.054142840717,0.005634205248,0.122831909867,0.004868195327,0.008128909599
0.028733293733,0.210715898508,0.072627129545,0.208375256092,0.187242664545,0.059968245063,0.012966054984,0.129870707307,0.016873537526,0.072627212697
0.032615962359,0.169057941102,0.043713077464,0.168304512996,0.252532658851,0.098949468293,0.031694806132,0.128904174686,0.030514272653,0.043713125465
0.029752401489,0.179358196604,0.058777480804,0.178054258689,0.184079244246,0.109604075178,0.055798281081,0.121460823398,0.024337649034,0.058777589478
0.005476842928,0.130877002796,0.008379118087,0.127901791188,0.124566775681,0.381170246124,0.005925366908,0.202158451397,0.005165273897,0.008379130992
0.020295852056,0.207795039818,0.051914584183,0.206812049564,0.183517661354,0.124839340221,0.015818950310,0.122594446653,0.014497282478,0.051914793364
0.011555582969,0.270495870781,0.022573914987,0.286607592274,0.097105238683,0.061124132708,0.013853363538,0.204331996761,0.009778323861,0.022573983439
0.025217411378,0.184547673096,0.042076958459,0.183967459436,0.205977143305,0.074853060824,0.042509637875,0.175956212936,0.022817400782,0.042077041909
0.013592477994,0.246591006811,0.034991567973,0.241906033082,0.258116618467,0.049345396634,0.012258917673,0.097572877042,0.010633383683,0.034991720642
0.082945360292,0.135823891777,0.088433966540,0.138561745386,0.102536862517,0.111294749529,0.068673563824,0.114021796486,0.069274068058,0.088433995591
0.004618083510,0.054182698994,0.009739291991,0.055056628537,0.027109363261,0.792137141091,0.004934731694,0.038301248805,0.004181494393,0.009739317725
0.026109794741,0.108198070818,0.057253116863,0.107983449926,0.056716728163,0.453471992856,0.011256358072,0.104074933972,0.017682324303,0.057253230286
0.022895013168,0.214438144618,0.030583339214,0.216763016496,0.191646071923,0.107815056051,0.025057046454,0.137947062676,0.022271869998,0.030583379401
0.015475384105,0.188356419194,0.027948176300,0.185407320299,0.322380520047,0.070290938062,0.017712814556,0.128098487563,0.016381693123,0.027948246751
0.016269603854,0.196976074107,0.028709400977,0.200418816053,0.318932150175,0.056909616345,0.018471530141,0.119766680766,0.014836653512,0.028709474067
0.061139948138,0.126182465698,0.187880544325,0.127387652150,0.074883525365,0.087826276822,0.025593171501,0.079956853063,0.041268424906,0.187881138032
0.013616554874,0.189633463005,0.024445975795,0.192809759284,0.374113015606,0.056583358681,0.015026544415,0.097030506362,0.012294777350,0.024446044629
0.007338963641,0.216717580465,0.018346602981,0.215192744149,0.120732206919,0.160166059962,0.004886082648,0.232375250277,0.005897830439,0.018346678518
0.057950789021,0.158683698935,0.094614600972,0.163336491042,0.067742691153,0.195492548382,0.023217917758,0.107304044372,0.037042569691,0.094614648674
0.021477598873,0.192421485642,0.035225234977,0.195687298138,0.278188272492,0.066559978494,0.022433927459,0.133411106543,0.019369785867,0.035225311514
0.016137856223,0.168061310287,0.021204239340,0.163850889736,0.380715089428,0.067657203832,0.016032244070,0.126884365647,0.018252537922,0.021204263514
0.009981852116,0.086052610717,0.027329869254,0.088668256961,0.034957417996,0.656915227204,0.016382104838,0.043971014309,0.008411632015,0.027330014590
0.026074517131,0.175765873748,0.043948854661,0.176364632217,0.248476406674,0.133611854529,0.023626021677,0.104710763321,0.023472128375,0.043948947665
0.005310308642,0.156762278822,0.008536877828,0.153446150115,0.521905815820,0.038414231206,0.005041904186,0.097015445062,0.005030090009,0.008536898311
0.016375853113,0.080545406803,0.044680932591,0.080685783625,0.041610416493,0.624695851793,0.012846215076,0.043182983293,0.010695505916,0.044681051296
0.003201252890,0.128584775984,0.005450085778,0.125085483189,0.597666823053,0.036182936652,0.003359283823,0.092038059551,0.002981200736,0.005450098343
0.013893277762,0.228729572952,0.023094988136,0.233756052569,0.203585135319,0.068158261194,0.013561298357,0.177856138371,0.014270232115,0.023095043227
0.016582926155,0.212801809366,0.030458815500,0.213992087123,0.244148753093,0.073707673360,0.013966957845,0.148393930858,0.015488150839,0.030458895860
0.011109774307,0.100539101650,0.019417036036,0.101185470686,0.046811942396,0.599217553856,0.005905942895,0.086755664081,0.009640442335,0.019417071758
0.005442480539,0.091595480263,0.010157565022,0.090165521008,0.150958048501,0.574341727041,0.004322424565,0.057791822233,0.005067338708,0.010157592120
0.021379992610,0.218294882283,0.041462993632,0.221133197799,0.172268712033,0.113154641824,0.017279349836,0.134601277864,0.018961867523,0.041463084596
0.051993861288,0.161501923501,0.082406153225,0.164399887243,0.111111394822,0.128355795099,0.045744806871,0.125135037831,0.046944818680,0.082406321440
0.035912275371,0.106874307796,0.135577751925,0.107223856417,0.050774469092,0.302655246051,0.018526105198,0.082204089201,0.024673260755,0.135578638195
0.012369466564,0.202239850439,0.030920991864,0.198255314871,0.382881126305,0.046809251547,0.007296418790,0.079040643631,0.009265820355,0.030921115633
0.023479767917,0.219127978022,0.040423220519,0.225599703297,0.124961459965,0.140070550620,0.025780986126,0.139651480151,0.020481549681,0.040423303702
0.011540313921,0.213488300271,0.015822258579,0.208236675588,0.193192190008,0.131676931006,0.010402548359,0.187900787643,0.011917711195,0.015822283430
0.012192311119,0.093791082714,0.019099416465,0.094913381040,0.052829618014,0.627110691276,0.010204576648,0.059433999684,0.011325483024,0.019099440017
0.080131681719,0.115304388333,0.106409834351,0.115989478963,0.098177531648,0.114695484243,0.074099542171,0.108513113982,0.080269026827,0.106409917764
0.516650854241,0.028769279682,0.150858745885,0.029065783175,0.016360254527,0.025249567459,0.019721256668,0.024364804811,0.038100389701,0.150859063852
0.057292835091,0.108364354932,0.225739675895,0.109456029931,0.052572703725,0.057908947344,0.024422511259,0.095279644590,0.043222532722,0.225740764511
0.073926999772,0.090635106014,0.231551302093,0.091359272318,0.049844634931,0.056558348063,0.032453463298,0.084922837594,0.057196158048,0.231551877870
0.003346243191,0.005019577372,0.004281967653,0.005049614366,0.003672492490,0.003343671036,0.963724113479,0.003863791066,0.003416556695,0.004281972651
0.001579363327,0.090419999440,0.002542690797,0.086680599926,0.740734393286,0.014904475471,0.001414838979,0.057793079323,0.001387863892,0.002542695559
0.130135943475,0.026231030525,0.342825159215,0.026506696643,0.016085369613,0.019215156320,0.014205415883,0.020375438498,0.061596394992,0.342823394837
0.016896240284,0.206196368556,0.033620309021,0.201669248789,0.230125775644,0.133998420742,0.010722326668,0.119331952447,0.013818988765,0.033620369083
0.013291950492,0.153289523961,0.016662436819,0.148187818567,0.378877220513,0.063317292448,0.012963534562,0.183925682129,0.012822086464,0.016662454044
0.003792583863,0.113280420109,0.006249754095,0.110315875463,0.679755572218,0.020267529172,0.002886880564,0.054224302339,0.002977313811,0.006249768365
0.042360908482,0.170275478049,0.071020424879,0.169524782787,0.175201123651,0.119264180899,0.028828434971,0.117410358173,0.035093747348,0.071020560760
0.139932883413,0.065821171557,0.159525367005,0.066105732104,0.054479768556,0.058696860464,0.068269285339,0.060832554216,0.166811107986,0.159525269359
0.082037937311,0.037713893598,0.306617522310,0.038031675604,0.022906611828,0.029063028076,0.067222158436,0.029530117592,0.080258735064,0.306618320181
0.018391287535,0.191415147299,0.035341019294,0.191358658155,0.237982748327,0.099893293622,0.018571523831,0.155804497772,0.015900714859,0.035341109305
0.417704618418,0.008217400393,0.247984202435,0.008285319724,0.005387906284,0.006431328168,0.005413435837,0.006898983808,0.045694643964,0.247982160968
0.059424059317,0.106504130822,0.111944150094,0.106383992073,0.068699293441,0.128975397437,0.031918415199,0.101647814260,0.172558401682,0.111944345675
0.078915575633,0.030061766385,0.178223703530,0.030336161690,0.019998076056,0.022558163030,0.018624548521,0.022897049555,0.420160432595,0.178224523005
0.104581643541,0.065636491865,0.195907570251,0.066340839593,0.042668702055,0.054623911562,0.031653711119,0.052994929571,0.189684263442,0.195907937001
0.112710441722,0.068728855564,0.211566761166,0.069441254352,0.044632455984,0.042224051519,0.046946987360,0.052957766403,0.139224148600,0.211567277329
0.091513838136,0.075435822325,0.260340620382,0.076094150314,0.044107665900,0.048863264315,0.029093899343,0.056791311259,0.057418721142,0.260340706883
0.103559233351,0.050805052101,0.272196025104,0.051246602753,0.033355570007,0.039788941143,0.034892868654,0.038878459853,0.103080475629,0.272196771406
0.070456247811,0.074935272336,0.265306964008,0.075683504606,0.045082769726,0.044814567353,0.040514569546,0.065301923802,0.052595717335,0.265308463476
0.064857041746,0.070589393413,0.214882747402,0.071012142009,0.037999083857,0.056859723675,0.162906230840,0.057551530806,0.048458633104,0.214883473147
0.036118452243,0.222761519393,0.054396990166,0.221647167985,0.131811964905,0.104420946755,0.025388714591,0.117754057214,0.031303103833,0.054397082916
0.012621522471,0.230131400818,0.023638282974,0.226177525800,0.168965777136,0.098917760443,0.010444307918,0.194863603148,0.010601481211,0.023638338082
0.032400928872,0.237130179515,0.043440677858,0.234987447951,0.138187436874,0.103742958458,0.023178677621,0.115591948371,0.027899033277,0.043440711202
0.052858471176,0.068151854211,0.293975154145,0.068529657188,0.034621946730,0.039501846285,0.027414916577,0.065837755414,0.055130781447,0.293977616826
0.081843660786,0.079516838095,0.252436469150,0.080324760627,0.045327585757,0.048845213684,0.028284890588,0.076356768191,0.054626170029,0.252437643093
0.073911183354,0.021796306654,0.380146533922,0.022068745187,0.010810505810,0.012513468206,0.008265675251,0.017547669325,0.072791026995,0.380148885297
0.031920378017,0.229585312345,0.045774063518,0.228125472713,0.143696150010,0.102516626094,0.025749909804,0.118647939833,0.028210040170,0.045774107494
0.125804282325,0.069901708509,0.210577350452,0.070375611228,0.052991152638,0.059778376490,0.064406742128,0.063387507979,0.072199416621,0.210577851629
0.015099800427,0.020698347814,0.017429190129,0.020804869994,0.015158186312,0.016289100435,0.843297102674,0.017237484739,0.016556715290,0.017429202187
0.006156486800,0.141501908833,0.010073533202,0.137544630358,0.572399253876,0.027955599791,0.006755311956,0.081547642202,0.005992077794,0.010073555188
0.078220816825,0.065122722669,0.298908472583,0.065834666398,0.038913820851,0.041490136215,0.021253043446,0.046931449876,0.044415011053,0.298909860083
0.098743032631,0.043819773611,0.333772161672,0.044247885521,0.025974232514,0.029178545641,0.016840667762,0.032708806944,0.040941872888,0.333773020817
0.100873602679,0.015793421404,0.396351688196,0.015986577450,0.008509990982,0.010320975602,0.005606460001,0.012432765505,0.037774170081,0.396350348101
0.138048439514,0.064909153167,0.208950698906,0.065243324566,0.051195058042,0.047196965066,0.061721455188,0.054817061774,0.098966783145,0.208951060631
0.075515112460,0.096899719792,0.184599066155,0.098017062780,0.051614478104,0.071915036209,0.109441111624,0.068876807763,0.058522413723,0.184599191390
0.088573327799,0.065838435304,0.245591351712,0.066659232047,0.037242337165,0.046851429633,0.104815079822,0.047402238084,0.051434524040,0.245592044394
0.139222476389,0.033840999831,0.273217315562,0.034043708126,0.021999170902,0.023168170857,0.019924377001,0.039950255002,0.141416864453,0.273216661876
0.067773711284,0.017706407911,0.415497821773,0.017952765679,0.009149774791,0.011178848828,0.007154337403,0.012185043899,0.025903264787,0.415498023645
0.102846658502,0.022975911588,0.379332689295,0.023234079507,0.013380148030,0.014700160855,0.011858118075,0.015929710056,0.036409955962,0.379332568132
0.135087027984,0.009158534923,0.404591409836,0.009269462396,0.004888104810,0.005976316199,0.003280931395,0.006457789805,0.016701564010,0.404588858642
0.057459707926,0.062639628750,0.071269044891,0.062900100478,0.051664338345,0.045977142538,0.228090012842,0.051507884858,0.297223077806,0.071269061564
0.161777739003,0.030710612163,0.314039533361,0.030963030463,0.019989572762,0.027069042671,0.016715792583,0.025542746077,0.059153584718,0.314038346200
0.069707698789,0.018107723292,0.411044544086,0.018400691881,0.007543115960,0.016029480640,0.018257440689,0.012042939884,0.017822211906,0.411044152873
0.159679677483,0.042877741216,0.248295624716,0.043102447403,0.032754967814,0.027020895816,0.024455743190,0.033218364560,0.140299157432,0.248295380371
0.090702721627,0.078755903527,0.252730301643,0.079300606750,0.053424757117,0.053372330035,0.032530396380,0.060018121409,0.046434018524,0.252730842988
0.117650813323,0.046061160145,0.317791550490,0.046447972904,0.028076135128,0.032466926136,0.019567018840,0.033700413009,0.040446404488,0.317791605537
0.074244989562,0.071500139169,0.238525054825,0.072175033208,0.045807967905,0.047224602332,0.050163024297,0.066986404931,0.094847030340,0.238525753431
0.096275941485,0.065447523563,0.129770975101,0.065870409771,0.048568407837,0.051045503511,0.037807005536,0.076051436350,0.299391879255,0.129770917592
0.119497082088,0.065423646380,0.203170030592,0.065808790192,0.046092620427,0.049583065972,0.044909883229,0.047699879802,0.154645130855,0.203169870464
0.173048738443,0.043047696998,0.237970918469,0.043341381949,0.029046398984,0.031247286707,0.026695119713,0.033877159853,0.143754173319,0.237971125565
0.113099315118,0.044393131453,0.320344341796,0.044838804841,0.027826609139,0.029776800193,0.023984296138,0.033301846001,0.042091124776,0.320343730545
0.077666289333,0.110036252363,0.168051086482,0.110991571454,0.076458021550,0.079842356907,0.062373911145,0.084900114610,0.061628760635,0.168051635521
0.159103686689,0.071475295078,0.183482096146,0.071676859190,0.056759205914,0.063930076105,0.049304865205,0.063681040711,0.097105517726,0.183481357236
0.088026879825,0.070026247065,0.117492585434,0.070345321787,0.054570404061,0.054255216724,0.051519057805,0.057353854892,0.318917681078,0.117492751328
0.102007335133,0.075034972889,0.129262953123,0.075428253373,0.052092132836,0.052933079051,0.225849644714,0.075820640701,0.082307616142,0.129263372040
0.115417210781,0.077374835010,0.191146190246,0.077837204105,0.060257205212,0.068557833932,0.066930219799,0.068188247837,0.083144524283,0.191146528794
0.004247625950,0.003909457936,0.006225437230,0.003925914970,0.003315265843,0.003549910838,0.960451550964,0.003531135442,0.004618246612,0.006225454216
0.001191590781,0.001594635034,0.001572790436,0.001602356518,0.001229440826,0.001334664833,0.987070246288,0.001345020047,0.001486463006,0.001572792233
0.037371542801,0.070753791161,0.062183456245,0.071253441939,0.054658972636,0.053855585350,0.496106886394,0.053760957401,0.037871781346,0.062183584728
0.079689283843,0.104136129358,0.165595575318,0.104663754408,0.078260780872,0.085701643127,0.062720943207,0.086527466884,0.067108339960,0.165596083023
0.097339273004,0.101572197553,0.153081891464,0.102092100120,0.075519441923,0.083800408962,0.073159239791,0.078327520665,0.082025588478,0.153082338040
0.117049514038,0.061117298121,0.229010524263,0.061509511174,0.044833695784,0.048621578872,0.057854554639,0.050421974206,0.100569974174,0.229011374729
0.010337753452,0.009598824073,0.019093259357,0.009655355101,0.007310363842,0.007787184059,0.897764162333,0.007994214058,0.011365567957,0.019093315767
0.008959913789,0.012616796093,0.013943202204,0.012733233521,0.008626101835,0.009379917933,0.898364908075,0.009244573291,0.012188137501,0.013943215757
0.001509333623,0.002869268071,0.002633984653,0.002885712826,0.002158747802,0.001890329548,0.979486516842,0.002238373702,0.001693742483,0.002633990449
0.095681846034,0.098728340527,0.144000124883,0.099114250869,0.073655690239,0.085406189910,0.091984867839,0.082305429749,0.085122894832,0.144000365117
0.132852977635,0.066202758023,0.192530707160,0.066686808721,0.048499628231,0.055583817257,0.053552529351,0.057406693838,0.134153170288,0.192530909497
0.123433879240,0.074184626428,0.160538447164,0.074438497359,0.059825288984,0.079678298181,0.065215945867,0.069343319289,0.132803275756,0.160538421733
0.066980691457,0.128129943403,0.078168191367,0.128475411063,0.094278498561,0.083700760007,0.159338355190,0.110034642322,0.072725249271,0.078168257359
0.062126286460,0.053376987217,0.087074550529,0.053492451083,0.044614915142,0.056611914084,0.450104144552,0.051331039286,0.054193192519,0.087074519128
0.170892645298,0.073581210177,0.192393930139,0.074149893921,0.047778250692,0.053204207581,0.055017046017,0.053322655823,0.087266001052,0.192394159300
0.094012543812,0.070820503763,0.136847154793,0.071214308968,0.048629485637,0.049315451378,0.278153429612,0.055187566949,0.058972068249,0.136847486840
0.089778603717,0.107519814256,0.093535063120,0.107346514845,0.108657641611,0.097763140071,0.100835885669,0.104485740887,0.096542511032,0.093535084791
0.225954617761,0.043401675445,0.225001319867,0.043665301662,0.031334740728,0.037577091944,0.046612099259,0.036351658821,0.085099685360,0.225001809154
0.081489737542,0.039642591140,0.293249135287,0.040093518999,0.023112904290,0.028229478321,0.030469094002,0.026397196459,0.144065669283,0.293250674678
0.057187683862,0.074629939040,0.138456541084,0.075056497119,0.050026073843,0.049020181258,0.289411377618,0.069466077058,0.058288430485,0.138457198632
0.101294627797,0.072124755388,0.191396591371,0.072499510395,0.052368570462,0.061583638038,0.127143524855,0.056702828632,0.073488512324,0.191397440738
0.064919979605,0.096880868444,0.099271347531,0.097428858831,0.066415025621,0.081368940348,0.224342266878,0.065395935984,0.104705308637,0.099271468122
0.202829346399,0.038268474233,0.167864635677,0.038558651238,0.026383213569,0.029308971765,0.038757076226,0.044858315009,0.245306765608,0.167864550276
0.158791076439,0.062750508135,0.207826370020,0.063020855113,0.043506640521,0.045538148524,0.036829195273,0.044688473910,0.129221812810,0.207826919256
0.171100760585,0.058169371912,0.222497611094,0.058680064386,0.038319017072,0.045249237668,0.088446854993,0.041859043343,0.053179951741,0.222498087206
0.084365619525,0.082710569713,0.209470549699,0.083424855540,0.054292917845,0.063453293883,0.042972766182,0.058789573121,0.111048963061,0.209470891432
0.064605182582,0.064590270655,0.210525824108,0.065219737533,0.036942250412,0.036223301323,0.205161396393,0.042719511469,0.063484990520,0.210527535004
0.074016550509,0.102515659990,0.082305390780,0.102672443500,0.084303703618,0.082750677935,0.208713305212,0.100672756511,0.079744088141,0.082305423802
0.196103631803,0.066035239448,0.161157664983,0.066262011366,0.054672516600,0.063212321617,0.071729986631,0.056578424919,0.103090685467,0.161157517165
0.080308775677,0.115986667037,0.092049441185,0.116079295809,0.098313221677,0.130976903441,0.073230030738,0.104673370931,0.096332830137,0.092049463368
0.065833885079,0.130487894017,0.128176392403,0.130562225430,0.112418683508,0.091850780412,0.041316771135,0.107388661212,0.063787888366,0.128176818438
0.118975899547,0.062964457447,0.188873088519,0.063458672131,0.043226205899,0.043629321705,0.110669423396,0.044204109713,0.135125162661,0.188873658983
0.066892661443,0.079242420939,0.279403495732,0.079323388077,0.049615532927,0.046328694761,0.025699072224,0.051393628859,0.042696622570,0.279404482469
0.103971248590,0.071603491136,0.145966979550,0.071912354418,0.055792906123,0.076894007028,0.102782995153,0.068049586160,0.157059139989,0.145967291852
0.079127854351,0.068390210245,0.093005674369,0.068612805033,0.056666463925,0.050438315471,0.346368113008,0.057593856317,0.086790827314,0.093005879967
0.036530505477,0.035272193728,0.082453886522,0.035519166113,0.025341508949,0.026686975743,0.608247019657,0.028345322247,0.039149371263,0.082454050300
0.053467876254,0.026000213274,0.399471476826,0.026356434374,0.013120602270,0.015536817075,0.020260337141,0.017907940792,0.028405089038,0.399473212956
0.223780781420,0.054234651301,0.200161889260,0.054468265931,0.041274708104,0.043546160203,0.031425522618,0.047583223534,0.103363213262,0.200161584368
0.070161781140,0.120137605739,0.155680195363,0.120778027707,0.075529002032,0.094042151725,0.049469987737,0.096978303251,0.061542427805,0.155680517501
0.006911939344,0.022207146623,0.013569435051,0.022258851474,0.009202037391,0.886829231107,0.002349257447,0.017650852039,0.005451786385,0.013569463138
0.057822232618,0.048900046654,0.092953243664,0.049157764614,0.035757675365,0.034187394785,0.498129227318,0.036882062380,0.053256892053,0.092953460547
0.015033530400,0.206463302235,0.019743228161,0.200920625055,0.251614586273,0.073034441306,0.015054053154,0.184239121531,0.014153854473,0.019743257414
0.039276158027,0.129044351220,0.135441384091,0.129652399882,0.048646955761,0.246656155395,0.009882207543,0.095675596562,0.030283078081,0.135441713438
0.163053603454,0.021043425472,0.341288934531,0.021217809001,0.013510237662,0.017306053895,0.008152158040,0.016782489126,0.056357836493,0.341287452327
0.072210397017,0.022798977180,0.092000868472,0.022922967227,0.015437661717,0.020225135972,0.013189117321,0.018731494825,0.630482592289,0.092000787981
0.077356513763,0.045784464369,0.322205238295,0.046321264676,0.025574568018,0.038217352902,0.020027401433,0.035628488286,0.066678522587,0.322206185672
0.076228652796,0.032385665652,0.318254498227,0.032712052595,0.019385253371,0.025445552295,0.088773053928,0.031516969934,0.057042406817,0.318255894384
0.081339709502,0.095713461866,0.193445772495,0.096062280820,0.071535979181,0.069235159965,0.046996387215,0.078307389008,0.073917170396,0.193446689551
0.171925294926,0.055915831720,0.131897962364,0.056226031311,0.040120695440,0.038673611579,0.205665416543,0.041185866054,0.126491189774,0.131898100289
0.500192706119,0.031472735463,0.161000307567,0.031634931025,0.026229952308,0.018903440735,0.013845988973,0.025434327808,0.030285048635,0.161000561366
0.133570243352,0.023762131416,0.367029649577,0.023994095541,0.013591679620,0.014581672117,0.008641767281,0.016207602025,0.031593391622,0.367027767449
0.058598056016,0.025986620791,0.402254096054,0.026319501030,0.012441523114,0.017639102805,0.008246702060,0.018321661883,0.027937521250,0.402255214997
0.120570928202,0.072385338569,0.216516022483,0.072836972302,0.049156132161,0.052716420236,0.051910311187,0.055199052107,0.092191849611,0.216516973140
0.053218584807,0.031261345907,0.393331721617,0.031781647400,0.015343579007,0.018342581330,0.009069176740,0.022545550028,0.031772963864,0.393332849300
0.117146750945,0.038171648149,0.244477772189,0.038475550049,0.025745784549,0.027604893514,0.027161277969,0.029364666535,0.207373173188,0.244478482913
0.087984041149,0.090502794695,0.109798927042,0.090608333944,0.080964670699,0.078868127271,0.066691176104,0.082268271310,0.202514683960,0.109798973826
0.053875384747,0.098957319354,0.135435009718,0.099466750689,0.067281044244,0.053530852766,0.238444821500,0.071620197566,0.045953052379,0.135435567035
0.122009023087,0.083866555561,0.127794586282,0.084146705174,0.066413491815,0.123289096324,0.057401761239,0.065862510844,0.141421561028,0.127794708649
0.076982040641,0.094630907736,0.202922416721,0.095176618236,0.067664160353,0.061220463268,0.047536963970,0.066614687069,0.084328136271,0.202923605736
0.110893459457,0.054142329887,0.191302215460,0.054525083651,0.040601211556,0.042059369783,0.154197450089,0.043032392454,0.117943836239,0.191302651423
0.092793557402,0.081496180381,0.218741411483,0.082132164207,0.053718239869,0.066913827155,0.050023622512,0.066201339355,0.069237662743,0.218741994894
0.187307916126,0.011190693006,0.368102879022,0.011307144216,0.006440451057,0.007510943249,0.004465348211,0.008405714988,0.027169424393,0.368099485730
0.023584471248,0.203672726647,0.052582768147,0.202702338376,0.113112018144,0.142761768114,0.013804201511,0.177315509665,0.017881266811,0.052582931337
0.100010126912,0.135254813347,0.116867493932,0.136249417832,0.097463994968,0.078297637631,0.035474291732,0.135757976238,0.047756753451,0.116867493957
0.126396857765,0.018620629970,0.379378607877,0.018786519906,0.011128773015,0.011035299128,0.008128882142,0.014857270392,0.032290997809,0.379376161995
0.814476884466,0.003458553293,0.075893355865,0.003488047160,0.002227091883,0.002231766706,0.002178931121,0.002760237742,0.017392326201,0.075892805563
0.071407175557,0.063492546875,0.183335072728,0.064142875652,0.037591431821,0.043389093265,0.144513550112,0.044281882260,0.164510663594,0.183335708135
0.205351105810,0.027022754854,0.260116062919,0.027176521105,0.018450965170,0.019544508204,0.011918805210,0.023999412796,0.146304800124,0.260115063808
0.049205442424,0.159041381560,0.146147603039,0.162989803271,0.067909412988,0.080072300834,0.026552078252,0.125774020975,0.036159813395,0.146148143263
0.872167656710,0.005393506229,0.040999313728,0.005392892359,0.004184903709,0.003889087677,0.003360159400,0.004553779740,0.019059637576,0.040999062872
0.104833600977,0.041132327786,0.306788461623,0.041461858556,0.023262166491,0.025778320864,0.021142805033,0.028860555393,0.099951379113,0.306788524164
0.062767306063,0.071071576693,0.073577400844,0.071251201009,0.055606423531,0.056199116875,0.338086375642,0.051283248911,0.146579952819,0.073577397612
0.129731546026,0.071904626616,0.186278744475,0.072235139329,0.056992708058,0.056787521115,0.048981655020,0.061484365934,0.129324949881,0.186278743546
0.100000000000,0.100000000000,0.100000000000,0.100000000000,0.100000000000,0.100000000000,0.100000000000,0.100000000000,0.100000000000,0.100000000000
0.089718889026,0.116242695368,0.143416904672,0.116107000310,0.082766729044,0.071272144132,0.075559728502,0.097147018038,0.064351600977,0.143417289932
0.093259070282,0.080250897479,0.227306256586,0.081141519922,0.047447448319,0.050959762171,0.079013266425,0.054896223508,0.058418179785,0.227307375523
0.089194172513,0.070176800318,0.267012202513,0.070935434851,0.038336096900,0.047121222378,0.035630838248,0.049813829134,0.064766471255,0.267012931889
0.060714577292,0.126971703216,0.184070562916,0.128566200169,0.066758364168,0.071073558695,0.046298121863,0.081967161664,0.049508105792,0.184071644226
0.077034290954,0.055253441076,0.316935817303,0.055953952103,0.027442451806,0.029077446244,0.020423313131,0.050001102982,0.050940292778,0.316937891624
0.071880446995,0.068056741016,0.167296129247,0.068855627550,0.038322368249,0.040167160362,0.284588396061,0.053003154896,0.040533391051,0.167296584572
0.044806263261,0.193202463957,0.101017062409,0.194174503073,0.141897648113,0.070859502824,0.017105111158,0.105835250851,0.030084878305,0.101017316050
0.069973006429,0.066431849547,0.214124768612,0.067077754145,0.040864033864,0.040436497376,0.183287302188,0.050398745251,0.053280435365,0.214125607224
0.079572768400,0.116123166320,0.168486029046,0.117268715182,0.064031048660,0.078906813018,0.054416676681,0.079574555958,0.073133791552,0.168486435184
0.100000000000,0.100000000000,0.100000000000,0.100000000000,0.100000000000,0.100000000000,0.100000000000,0.100000000000,0.100000000000,0.100000000000
0.040895855829,0.086968531347,0.158271461010,0.088339661663,0.041296249311,0.040342375850,0.295335715035,0.049429478763,0.040848375280,0.158272295912
0.009351029446,0.029043539537,0.025117381620,0.029528761229,0.014155131608,0.009353151158,0.837391672655,0.014300724635,0.006641128659,0.025117479453
0.074273866027,0.103524880891,0.097586744686,0.103987690689,0.093950351770,0.085078899883,0.179526154300,0.091277327463,0.073207228990,0.097586855300
0.056862748133,0.043775878203,0.183237943768,0.044149041432,0.022897705208,0.028451573491,0.349805788786,0.036709631565,0.050870545123,0.183239144292
0.031619759017,0.177331878218,0.038616339004,0.171064974973,0.242707105011,0.081942451471,0.028570226333,0.159974951501,0.029555939684,0.038616374788
0.052751860653,0.143962874461,0.178166179441,0.145785747412,0.078218340158,0.075040045249,0.031380713770,0.080005040709,0.036521871578,0.178167326570
0.013604996518,0.112387845045,0.030585170365,0.113226465214,0.049780412715,0.176102129074,0.404601916226,0.055970725696,0.013155071712,0.030585267434
0.297025331118,0.017829094794,0.277522715703,0.017963953501,0.011714977016,0.014804024848,0.011569124719,0.015947339373,0.058102647737,0.277520791192
0.080711897974,0.061108979382,0.169316872999,0.061539256759,0.041874180889,0.045817658592,0.251696998155,0.046559630160,0.072056921495,0.169317603596
0.090756980845,0.028799349284,0.354535638457,0.029040808364,0.017049502812,0.022073662628,0.046145919711,0.022439058209,0.034623938825,0.354535140864
0.215094941399,0.030555674238,0.303600938250,0.030690669944,0.019554621798,0.019120367029,0.010430143470,0.021789572277,0.045564124138,0.303598947456
0.111680117257,0.072144482324,0.218560002138,0.072786548567,0.049924833650,0.057715135493,0.054329589930,0.055076699815,0.089222093002,0.218560497824
0.107960802800,0.057665556041,0.283485933841,0.058299726722,0.035310314586,0.036121168637,0.029034031981,0.043780015118,0.064856361487,0.283486088787
0.114637230900,0.065135633526,0.251618446608,0.065437782690,0.046534823212,0.040352070360,0.024794151165,0.048644516443,0.091227293276,0.251618051821
0.104612681353,0.079865561384,0.202920935973,0.080342519356,0.058642766298,0.069506574062,0.051315458518,0.069919398862,0.079953393681,0.202920710514
0.004643501211,0.005290645555,0.007469642866,0.005321332665,0.003701257846,0.003999483114,0.953542274811,0.003985264565,0.004576931455,0.007469665913
0.000012350930,0.000019640985,0.000019019095,0.000019792456,0.000013196467,0.000012181975,0.999856462737,0.000014017078,0.000014319141,0.000019019134
0.002729290612,0.003962072331,0.004606335795,0.003997793125,0.002733954224,0.002676233727,0.968649100840,0.003030222798,0.003008650534,0.004606346015
0.100000000000,0.100000000000,0.100000000000,0.100000000000,0.100000000000,0.100000000000,0.100000000000,0.100000000000,0.100000000000,0.100000000000
0.000385189332,0.000664209320,0.000726755502,0.000671280540,0.000409127794,0.000375840522,0.995198121036,0.000479065074,0.000363653237,0.000726757642
0.073889669641,0.125235020970,0.130231919326,0.126002368304,0.091366819103,0.077146839693,0.084419484133,0.104059368457,0.057416299244,0.130232211128
0.032257445029,0.049482594990,0.037803771788,0.049739195460,0.042228426261,0.039171906629,0.629645159249,0.039467683521,0.042400025725,0.037803791349
0.065558722284,0.113954526921,0.199616477276,0.114737394234,0.067240453002,0.064247918067,0.045417575697,0.083633649143,0.045976100831,0.199617182546
0.001993332271,0.002823699865,0.002411383352,0.002833825386,0.002628276489,0.002534785157,0.977635659087,0.002433827635,0.002293825763,0.002411384995
0.000171835038,0.000229892694,0.000232417327,0.000230853843,0.000188413401,0.000176007174,0.998154813592,0.000190597921,0.000192751499,0.000232417511
0.000000231848,0.000000308092,0.000000298470,0.000000309486,0.000000236631,0.000000234472,0.999997564669,0.000000250727,0.000000267135,0.000000298471
0.006378025604,0.008164784017,0.008185336428,0.008211684264,0.006415842160,0.006106335102,0.932297854755,0.007087415850,0.008967376953,0.008185344869
0.000331618485,0.000419336751,0.000428248138,0.000420986374,0.000331869699,0.000321442554,0.996593698144,0.000346542658,0.000378008519,0.000428248677
0.000440066401,0.000640256674,0.000534701236,0.000642274657,0.000541295833,0.000484365805,0.995170625290,0.000507672825,0.000504039520,0.000534701760
0.064867050807,0.098512932504,0.237053069399,0.099516154178,0.060413616011,0.055127960162,0.035533674691,0.061618754392,0.050302229117,0.237054558739
0.086682571609,0.101629449387,0.145675447367,0.102059474349,0.074783010156,0.074587145843,0.066828110923,0.110466725584,0.091612291184,0.145675773598
0.003595967465,0.004914831057,0.004566846343,0.004943096848,0.003694466376,0.003529983676,0.961708377059,0.003902597735,0.004576982204,0.004566851236
0.048842687489,0.063287313657,0.106620830111,0.063776542435,0.041400258553,0.050525921261,0.426711088456,0.049708226575,0.042506056867,0.106621074595
0.113937814184,0.070693661671,0.189311762170,0.071034311457,0.052921765968,0.059378683961,0.071862619141,0.057683170120,0.123863866377,0.189312344952
0.035687877329,0.040359007085,0.065718294078,0.040488465030,0.030470671404,0.031972154652,0.601933766728,0.031260095548,0.056391178313,0.065718489833
0.307724615087,0.041628846122,0.205419158115,0.041934479179,0.027544139612,0.038379368195,0.031810559442,0.034228566046,0.065911338195,0.205418930008
0.138804526313,0.090358638390,0.124314728066,0.090767925268,0.072701938513,0.065376764291,0.078831999753,0.069799374985,0.144729378037,0.124314726384
0.032450127690,0.051104065468,0.082631050414,0.051480745496,0.032011309032,0.026206511116,0.567233491910,0.032234306118,0.042016874370,0.082631518387
0.028733293733,0.210715898508,0.072627129545,0.208375256092,0.187242664545,0.059968245063,0.012966054984,0.129870707307,0.016873537526,0.072627212697
0.075550803167,0.092228981688,0.197958686670,0.093078115976,0.061914225611,0.070896073709,0.068724413100,0.080718936994,0.060970307768,0.197959455317
0.022325731922,0.222342484089,0.046087188831,0.223576088937,0.142303677171,0.098192706108,0.020091692408,0.159460128125,0.019532994797,0.046087307612
0.025708933633,0.191387820526,0.052347144878,0.189249683746,0.244323008134,0.070414494030,0.024912269378,0.125843925776,0.023465418031,0.052347301868
0.012339232739,0.228083946249,0.017400218536,0.223893756384,0.232065599191,0.081445592004,0.014197756870,0.161655606759,0.011518041065,0.017400250203
0.024708409817,0.214467012466,0.040342343804,0.214265721381,0.226098605256,0.072896050668,0.026958761706,0.119070637986,0.020850029561,0.040342427354
0.040685630759,0.046123883562,0.131222994160,0.046501431563,0.032428936359,0.025947463756,0.466225762249,0.034009299919,0.045631353638,0.131223244036
0.098662970961,0.021359031025,0.389915555179,0.021507527854,0.010988141336,0.009945260271,0.018916937670,0.014084290568,0.024705015316,0.389915269821
0.127781124498,0.014187546111,0.219881259635,0.014282577543,0.009880959271,0.011302758868,0.009242410380,0.011340023307,0.362220979551,0.219880360838
0.028092481025,0.198256698377,0.056380059556,0.200513741764,0.172896504938,0.102008866760,0.028501317634,0.131500663627,0.025469419502,0.056380246818
0.214870626826,0.020086014894,0.195233360192,0.020241100895,0.012489617610,0.013432922232,0.009800552443,0.016539395567,0.302074199501,0.195232209839
0.029752401489,0.179358196604,0.058777480804,0.178054258689,0.184079244246,0.109604075178,0.055798281081,0.121460823398,0.024337649034,0.058777589478
0.053070035217,0.038117421643,0.381321794796,0.038579471724,0.019586697110,0.021411330024,0.014922221147,0.025489229644,0.026178502430,0.381323296265
0.005022675227,0.154150358411,0.008128892697,0.149829344932,0.487262667973,0.054142840717,0.005634205248,0.122831909867,0.004868195327,0.008128909599
0.128603295828,0.046138891527,0.296644042485,0.046483224322,0.030319544250,0.032963177870,0.019823979419,0.038737729109,0.063641475568,0.296644639622
0.629756073486,0.013397999423,0.087710856354,0.013464856424,0.010057101988,0.011752887978,0.012360269614,0.013186422097,0.120602955289,0.087710577347
0.230353636936,0.028112062440,0.286053095752,0.028319947439,0.019470975322,0.019155095985,0.022218707331,0.021024823972,0.059239088434,0.286052566389
0.131195446634,0.054017740144,0.222047599444,0.054551294113,0.035009163681,0.041135378099,0.138629048149,0.038662266338,0.062703756523,0.222048306876
0.697462520200,0.008709672558,0.115710784827,0.008779449416,0.005626265836,0.006234367357,0.006601076395,0.006946242387,0.028218771286,0.115710849738
0.106326781760,0.065655782683,0.256794880124,0.066107141519,0.043415732252,0.050401861376,0.041573822886,0.053156879719,0.059771366632,0.256795751051
0.209681162935,0.024605670372,0.240946884143,0.024854261488,0.014308738417,0.019477122320,0.011306871597,0.020197040170,0.193676543517,0.240945705041
0.162811259773,0.034301771366,0.297848585883,0.034617342605,0.021253427357,0.024097951532,0.033655909758,0.035137929805,0.058428020161,0.297847801761
0.081786089311,0.091001326581,0.218596255595,0.091750902561,0.057583995385,0.072703052085,0.039449407220,0.075245711506,0.053285960619,0.218597299136
0.127311431553,0.063649546770,0.182515102288,0.064103680271,0.042377047893,0.051737809421,0.100468980984,0.046483022588,0.138837999456,0.182515378775
0.067343646059,0.070590381589,0.129575427939,0.070917693786,0.050151573235,0.046873975513,0.236365812447,0.054000184496,0.144605416910,0.129575888027
0.104758949245,0.085464289061,0.185667519132,0.086040179550,0.064446069527,0.063914730488,0.070105198753,0.070327978524,0.083607194241,0.185667891480
0.059617752727,0.066981593658,0.180645635547,0.067567089472,0.044197171319,0.046542257739,0.197006292683,0.049002534149,0.107793034623,0.180646638082
0.011555582969,0.270495870781,0.022573914987,0.286607592274,0.097105238683,0.061124132708,0.013853363538,0.204331996761,0.009778323861,0.022573983439
0.000747329762,0.001964995069,0.001286765583,0.001974519162,0.001304646995,0.001065129681,0.988041876155,0.001411725333,0.000916243238,0.001286769022
0.239082413522,0.057446761146,0.171277323923,0.057868154658,0.040403061887,0.044058103965,0.055047254373,0.049130705008,0.114408986736,0.171277234782
0.005476842928,0.130877002796,0.008379118087,0.127901791188,0.124566775681,0.381170246124,0.005925366908,0.202158451397,0.005165273897,0.008379130992
0.079840734893,0.100671649103,0.190762033862,0.101368035043,0.065214747695,0.082635863466,0.055540864942,0.074353897786,0.058849711415,0.190762461796
0.086666401438,0.108027642837,0.124655258421,0.108396572779,0.083945391855,0.097951915179,0.079206388583,0.091762050145,0.094732826971,0.124655551791
0.179568976392,0.004419693483,0.032967876347,0.004438194724,0.002815484408,0.003425223584,0.002519486607,0.004093118745,0.732784056589,0.032967889121
0.084414639723,0.092209285797,0.170483834782,0.092804113355,0.062267073403,0.055869946330,0.148144850838,0.066422890759,0.056898886285,0.170484478727
0.088413924689,0.008431280461,0.429597046194,0.008540872294,0.004314918209,0.005743233014,0.003487973459,0.006349056350,0.015527264887,0.429594430443
0.062143017468,0.071423691711,0.287548845654,0.072287106960,0.041678662002,0.046517928163,0.027692057061,0.057199695746,0.045957655805,0.287551339430
0.078557237403,0.065660080611,0.281960080468,0.066498564003,0.037602859095,0.039883614227,0.033735639797,0.045348205973,0.068792502707,0.281961215716
0.000076959914,0.000155733648,0.000127233961,0.000157159547,0.000105915401,0.000089869519,0.998972979238,0.000102938180,0.000083976319,0.000127234274
0.015526375689,0.224602477859,0.028400583684,0.222749317790,0.160118609120,0.123013260876,0.010847937116,0.172657886787,0.013682904035,0.028400647043
0.126619549549,0.078397176855,0.178187494405,0.078669781109,0.062249292616,0.062611848197,0.074524656529,0.065875265553,0.094677148890,0.178187786297
0.004191268127,0.009701068661,0.006803217541,0.009808825249,0.005570420875,0.004423698229,0.942290227133,0.006064357556,0.004343683524,0.006803233104
0.003129619635,0.004989199271,0.005499583693,0.005036982671,0.003224510601,0.003084904169,0.962443583441,0.003645919448,0.003446104180,0.005499592894
0.202960676465,0.004159069354,0.028486570943,0.004182841654,0.003101788785,0.003229788225,0.010335985284,0.003573106161,0.711483775673,0.028486397455
0.072552675652,0.121976431807,0.179901331838,0.123452629288,0.070077539246,0.064176662669,0.055066412158,0.075660212459,0.057233676957,0.179902427926
0.031515072384,0.201049060491,0.037772293642,0.199756154375,0.188936753838,0.124933818831,0.031519901024,0.119946731567,0.026797891163,0.037772322684
0.176041558605,0.039557725542,0.294776800720,0.039870499115,0.026616958219,0.028399305423,0.017641873834,0.032018040270,0.050300928692,0.294776309580
0.238535580585,0.042359028053,0.211713531037,0.042639570491,0.030407597947,0.031581513678,0.023402669376,0.032961787260,0.134686369201,0.211712352370
0.019484136353,0.204035561269,0.028839881745,0.198492826355,0.293783909385,0.057079757230,0.005702923349,0.154029936328,0.009711243745,0.028839824241
0.114639230546,0.072215789746,0.260432363665,0.072882753820,0.046791537133,0.041917182046,0.027593628448,0.053812617520,0.049281973766,0.260432923310
0.097747675458,0.051003205796,0.328101887832,0.051229776852,0.028961091565,0.025945506849,0.012865889889,0.043203746640,0.032839207291,0.328102011829
0.150238926212,0.016552014115,0.371316345775,0.016722721030,0.009551328791,0.011211549506,0.007275708481,0.012952552710,0.032864374692,0.371314478687
0.794842921916,0.003612530999,0.050952260671,0.003634986237,0.002553393084,0.002740325784,0.003209524086,0.002988710835,0.084513528283,0.050951818105
0.065967908838,0.079678496048,0.261933640598,0.080360096611,0.048278033510,0.053709677976,0.028578376382,0.063074443847,0.056483964547,0.261935361643
0.364242303395,0.014232992440,0.101695806561,0.014326336083,0.010391876249,0.010885512075,0.012391763469,0.011675584193,0.358462810847,0.101695014689
0.010856023308,0.179269020128,0.015024634793,0.174865414374,0.431047702949,0.043489573573,0.011572794603,0.107958969162,0.010891210816,0.015024656295
0.100637559728,0.078442156143,0.182107807864,0.078791818960,0.061129854904,0.089429323240,0.066269059147,0.073796035643,0.087288132571,0.182108251799
0.279581554425,0.035772456874,0.160085049086,0.035892514962,0.028506530334,0.031313594191,0.027446614948,0.031249637131,0.210067472517,0.160084575534
0.533876595530,0.018887958511,0.163754137092,0.019050009883,0.012425741848,0.012562324342,0.010797354481,0.013996602760,0.050896392319,0.163752883235
0.017434825746,0.165308480726,0.022547385397,0.160573075181,0.363337902573,0.054890453189,0.059625969912,0.116719867158,0.017014625803,0.022547414315
0.402023768311,0.012647482440,0.253681659506,0.012768058093,0.007541562148,0.008313974454,0.007706880907,0.008957705434,0.032678842612,0.253680066093
0.131499804271,0.065902853285,0.218358637784,0.066347277343,0.045773907557,0.045866337926,0.036636629724,0.051703828545,0.119552461849,0.218358261716
0.093597590634,0.016065803935,0.098010086069,0.016145533105,0.011714084567,0.012610648716,0.008811651494,0.016054040541,0.628980608396,0.098009952544
0.011547642051,0.200723167659,0.024241484258,0.198435415106,0.174811974286,0.107189561809,0.009734239937,0.239748669073,0.009326278581,0.024241567241
0.010544341002,0.218822461363,0.017547479231,0.214585503566,0.299889177844,0.063986194521,0.010073553910,0.136783823575,0.010219947696,0.017547517292
0.015793070278,0.191096226915,0.027289415661,0.190042806741,0.132205861759,0.086953650484,0.012218078826,0.304566305224,0.012545124255,0.027289459856
0.005175095861,0.196356161684,0.011006333199,0.192316447930,0.395701875362,0.077789054068,0.004289389891,0.101969542565,0.004389724886,0.011006374554
0.102467527337,0.005951066535,0.056186801584,0.005977800913,0.004473460287,0.005041659307,0.003797539514,0.004853690723,0.755063955027,0.056186498774
0.015007313264,0.154465253647,0.046703099481,0.155743263809,0.057518271817,0.387552279294,0.007975489276,0.115208237707,0.013123499895,0.046703291809
0.031085306642,0.135801429266,0.061407936781,0.135580142201,0.057108950725,0.361464614561,0.008988197752,0.129125489120,0.018029977838,0.061407955114
0.019589236040,0.245251186003,0.035850720927,0.246635183718,0.110060500916,0.066281113717,0.018383995653,0.205115872704,0.016981382412,0.035850807912
0.004982721272,0.208733234617,0.009016574910,0.205480532755,0.091916503549,0.200687150814,0.004434003056,0.260862263189,0.004870418202,0.009016597636
0.012864612669,0.214209848385,0.024804021440,0.207101929549,0.318669915184,0.050591506075,0.015515439322,0.119970902821,0.011467728878,0.024804095678
0.059108286464,0.214810217518,0.075246893371,0.219681047272,0.109058710416,0.095238204365,0.018767370996,0.104490935790,0.028351300268,0.075247033541
0.033385502027,0.189451137480,0.042083830383,0.193468672566,0.120974667819,0.077159296267,0.049542447688,0.217088233632,0.034762332029,0.042083880110
0.009576995872,0.114005382442,0.019203825710,0.114424357688,0.043738469695,0.503303993372,0.010143799687,0.157402726914,0.008996561274,0.019203887347
0.085596258351,0.001990236169,0.021941818567,0.001999938692,0.001506650463,0.001588088009,0.001315854027,0.001745620144,0.860373901575,0.021941634002
0.083194312109,0.007737720001,0.068785969410,0.007764262112,0.005507484188,0.005448730036,0.003709059866,0.006080230785,0.742986701550,0.068785529944
0.846761545457,0.001696330402,0.048231381122,0.001709839127,0.001097923819,0.001232677472,0.001090356857,0.001341169860,0.048607858689,0.048230917194
0.040287314443,0.222790222469,0.083478884070,0.223652221000,0.131689817413,0.062146554222,0.029798019632,0.098181235266,0.024496826718,0.083478904768
0.336684130121,0.014132671561,0.158519501649,0.014222857258,0.009402693868,0.008874103021,0.008130227511,0.010864848353,0.280650637010,0.158518329648
0.118078792495,0.035353438331,0.318956063018,0.035659663037,0.021269178646,0.023858200669,0.014096170912,0.027586049028,0.086186065572,0.318956378293
0.148833158909,0.037721231422,0.304180118200,0.038109265923,0.022565996112,0.024151857984,0.017952213572,0.037286908747,0.065020939352,0.304178309780
0.035311444504,0.195393332363,0.058994822008,0.199053563651,0.142004232604,0.096834338513,0.025422651206,0.151871897659,0.036118830036,0.058994887456
0.033607887190,0.205214835353,0.039224847502,0.210273315868,0.152500417701,0.088526951545,0.035002716080,0.163331582239,0.033092558845,0.039224887677
0.100000000000,0.100000000000,0.100000000000,0.100000000000,0.100000000000,0.100000000000,0.100000000000,0.100000000000,0.100000000000,0.100000000000
0.014063046764,0.157108412780,0.032152535394,0.156660180016,0.077687431336,0.410097389789,0.009151767251,0.099794763289,0.011131866084,0.032152607296
0.025950036982,0.196354386271,0.071006149000,0.200633900443,0.102021649077,0.074578304714,0.101175832513,0.136616133194,0.020657247096,0.071006360711
0.042687126875,0.174166709979,0.135850767625,0.173421266119,0.089332756451,0.052610175558,0.022072664838,0.145660007584,0.028347056412,0.135851468559
0.011828296466,0.160625874968,0.025205501813,0.159350531155,0.073455662244,0.368407001329,0.010110208909,0.155503368224,0.010307994055,0.025205560838
0.000160954734,0.000285225207,0.000245813901,0.000286477755,0.000202719710,0.000171063769,0.998013562804,0.000207860632,0.000180507246,0.000245814242
0.003831644143,0.005383853140,0.005490453210,0.005403758395,0.003738963130,0.005936548749,0.954557212087,0.005167130837,0.004999977444,0.005490458866
0.000360258600,0.000604689702,0.000497306866,0.000608149140,0.000462577567,0.000407884083,0.995713685415,0.000463816671,0.000384324340,0.000497307615
0.052650194524,0.120852597620,0.105453026737,0.121000178511,0.078267553956,0.096886738356,0.178807185155,0.097588973131,0.043040357101,0.105453194910
0.009576246509,0.214259437349,0.015525431967,0.215392307250,0.295507134759,0.048603207106,0.025165532468,0.151845061410,0.008600175661,0.015525465522
0.020810579260,0.010105459269,0.018013369442,0.010176387865,0.006632281312,0.006695902586,0.889571107676,0.007439462042,0.012542095804,0.018013354744
0.000236173420,0.000369046882,0.000314240277,0.000370633123,0.000303371398,0.000252943716,0.997307345583,0.000287927333,0.000244077589,0.000314240679
0.000969268006,0.001513763850,0.001376073178,0.001526633834,0.001113650446,0.001053099019,0.989006050472,0.001103610547,0.000961776626,0.001376074023
0.001513896200,0.001726600474,0.001718023009,0.001730664878,0.001596904180,0.001558899951,0.984820978706,0.001552348499,0.002063660212,0.001718023891
0.026767404828,0.030376836277,0.025716212225,0.030559819381,0.022118416072,0.017658072680,0.776214994505,0.022090472455,0.022781570429,0.025716201150
0.004552076400,0.006975125641,0.007381927196,0.007016050759,0.005034216034,0.004553409845,0.947168818127,0.005031275769,0.004905159860,0.007381940368
0.006527105392,0.010367528431,0.008665180134,0.010458245799,0.007031278704,0.006541907869,0.926900733270,0.007144650497,0.007698185827,0.008665184077
0.001394718807,0.002018987537,0.002372694386,0.002037943231,0.001296830042,0.001275534961,0.984158640342,0.001434555128,0.001637394229,0.002372701337
0.004216063876,0.005958753220,0.005895397384,0.006019964588,0.004007546084,0.003340556792,0.956748393332,0.003953295546,0.003964626729,0.005895402449
0.059245400008,0.076925234913,0.069478885160,0.077089423956,0.063980099289,0.067077578622,0.394000199416,0.065217594916,0.057506680329,0.069478903391
0.016891737401,0.028594241621,0.028300995817,0.028874003265,0.017903347040,0.016333129708,0.799451287308,0.020322598175,0.015027614375,0.028301045290
0.001028979904,0.001613721937,0.001469691242,0.001623124696,0.001111208498,0.001023372153,0.988527656300,0.001176966519,0.000955585919,0.001469692832
0.145356522993,0.033334958047,0.335421901028,0.033706778062,0.020445905552,0.017699343322,0.012055669866,0.027174036388,0.039383626025,0.335421258719
0.022700984440,0.007315986190,0.013234054467,0.007351415557,0.005876802698,0.005552728294,0.907309592850,0.005852574635,0.011571834391,0.013234026479
0.523604069839,0.004837603691,0.067920914335,0.004871476276,0.003315221370,0.003550516581,0.011658553791,0.003626899033,0.308694125690,0.067920619395
0.105881983401,0.018924007337,0.390067746299,0.019125842385,0.009051348213,0.010734680395,0.010178473174,0.018078431971,0.027892156311,0.390065330513
0.302404147223,0.015388645996,0.222822264334,0.015559371788,0.008814099501,0.009709969619,0.006936875594,0.013592791335,0.181950683234,0.222821151377
0.213373119811,0.024982123911,0.177219206119,0.025143539291,0.017613355529,0.020253568564,0.019823271634,0.020993879062,0.303379656510,0.177218279569
0.060208907521,0.018472905980,0.418568128055,0.018713983047,0.009276428011,0.010882102225,0.006436621594,0.016048973541,0.022821625845,0.418570324181
0.015311857332,0.163814396163,0.032719052898,0.167032058674,0.081522824762,0.368249307904,0.006891090469,0.123003943748,0.008736365932,0.032719102119
0.007874826994,0.280712820583,0.012440286259,0.290713288936,0.160779232643,0.087914648530,0.008892938311,0.131182502267,0.007049147028,0.012440308448
0.298496139036,0.021316621089,0.242474925049,0.021478605706,0.013533894535,0.015277783071,0.011808346189,0.018290132451,0.114849865585,0.242473687289
0.001959398020,0.181783947393,0.003523808412,0.174184372424,0.145846747480,0.193431427039,0.001643027495,0.292372471388,0.001730983482,0.003523816868
0.177689009653,0.018032139668,0.354087653738,0.018269482611,0.010233307363,0.011264906783,0.009698245660,0.013544479208,0.033095146737,0.354085628579
0.019358541971,0.155145986046,0.034739968231,0.152500906864,0.140026983142,0.278906821787,0.014582235249,0.151269170825,0.018729325669,0.034740060216
0.006691956423,0.119768589223,0.009131411661,0.116199097461,0.635736037317,0.025127210347,0.005474824213,0.066421661253,0.006317785820,0.009131426282
0.075004475068,0.054422574382,0.288598113915,0.054917821730,0.031449259988,0.035897736961,0.082541829933,0.037829567672,0.050738678540,0.288599941811
0.077615427690,0.097861252438,0.193649740939,0.098377759205,0.080998375962,0.073475094870,0.048998979012,0.071914205044,0.063458703033,0.193650461808
0.103559233351,0.050805052101,0.272196025104,0.051246602753,0.033355570007,0.039788941143,0.034892868654,0.038878459853,0.103080475629,0.272196771406
0.516650854241,0.028769279682,0.150858745885,0.029065783175,0.016360254527,0.025249567459,0.019721256668,0.024364804811,0.038100389701,0.150859063852
0.081843660786,0.079516838095,0.252436469150,0.080324760627,0.045327585757,0.048845213684,0.028284890588,0.076356768191,0.054626170029,0.252437643093
0.070456247811,0.074935272336,0.265306964008,0.075683504606,0.045082769726,0.044814567353,0.040514569546,0.065301923802,0.052595717335,0.265308463476
0.005897431686,0.299738745809,0.010001054143,0.311173983562,0.156002161426,0.070800488715,0.005094918701,0.126336774993,0.004953368277,0.010001072688
0.087624306352,0.066245191849,0.249983275064,0.066632728509,0.045059976602,0.040632735617,0.042530637538,0.086777647443,0.064528962478,0.249984538547
0.102421041270,0.093046894380,0.123293348168,0.093120088426,0.089553804502,0.089527186896,0.090062147787,0.091968686412,0.103713263611,0.123293538547
0.066428739432,0.053074831287,0.316515375991,0.053785362964,0.027013155739,0.034785335142,0.024242078099,0.063162597351,0.044474490985,0.316518033009
0.070562670362,0.079211885415,0.223914348203,0.079618970587,0.052243522493,0.052744497826,0.048034865438,0.103447078512,0.066306238030,0.223915923134
0.507407440443,0.030057386048,0.106218887668,0.030261282159,0.021618224494,0.025934008390,0.101360060737,0.023831869365,0.047091813820,0.106219026875
0.078397357121,0.095131421497,0.179067588785,0.095576715240,0.069939261481,0.062339463207,0.064351533494,0.102997854756,0.073130562933,0.179068241485
0.240230431476,0.040902962592,0.235649555304,0.041337813426,0.024202867741,0.035830342881,0.025405742387,0.029312745107,0.091478703813,0.235648835274
0.076738385847,0.063988322645,0.273842428485,0.064350354220,0.040595356708,0.041425072794,0.040358377289,0.074552883213,0.050305050662,0.273843768136
0.228874527440,0.013225381378,0.080752336116,0.013293905904,0.009625946234,0.009723833283,0.008928412590,0.010491970467,0.544331865351,0.080751821236
0.081786089311,0.091001326581,0.218596255595,0.091750902561,0.057583995385,0.072703052085,0.039449407220,0.075245711506,0.053285960619,0.218597299136
0.066888013037,0.131424630587,0.147576527189,0.131889306004,0.093773243742,0.084417010528,0.048915422553,0.094430438241,0.053108216962,0.147577191156
0.027027770467,0.037188715878,0.046585467276,0.037375257780,0.026975488055,0.024151846062,0.693384431854,0.028086397125,0.032639021259,0.046585604244
0.179127806317,0.064610364748,0.235653478990,0.065103252692,0.039577441120,0.037626548528,0.025829317466,0.060329836939,0.056488233097,0.235653720102
0.062143017468,0.071423691711,0.287548845654,0.072287106960,0.041678662002,0.046517928163,0.027692057061,0.057199695746,0.045957655805,0.287551339430
0.068155610939,0.093827612630,0.237317922183,0.094587204810,0.052946874490,0.063082702535,0.032171569898,0.063411173301,0.057179988229,0.237319340986
0.077618950124,0.083431383064,0.234101302154,0.084096064079,0.051408963545,0.067177350363,0.034754732239,0.062759414265,0.070549798703,0.234102041464
0.099913810378,0.058373439453,0.280242491456,0.058924030875,0.038619456431,0.040824504079,0.032528523095,0.056873231656,0.053456856607,0.280243655969
0.094947313601,0.111649664193,0.123934513423,0.111867026654,0.084614753239,0.083379697946,0.076064524694,0.113700502088,0.075907428284,0.123934575879
0.046592924941,0.077982468953,0.055167906717,0.078385106963,0.057399002207,0.056482642766,0.476284000744,0.054987104958,0.041550905650,0.055167936100
0.077004749199,0.125016294289,0.086060934833,0.124783978554,0.115859071113,0.101598232068,0.088035344449,0.119897051641,0.075683372935,0.086060970918
0.086338360933,0.122266302968,0.124336437202,0.122927001252,0.097667221946,0.080405152871,0.080225350278,0.093114680718,0.068382896123,0.124336595709
0.100000000000,0.100000000000,0.100000000000,0.100000000000,0.100000000000,0.100000000000,0.100000000000,0.100000000000,0.100000000000,0.100000000000
0.077762557749,0.129966232795,0.112149853385,0.130438529622,0.105105997736,0.088591677728,0.069143459142,0.109865816424,0.064825867228,0.112150008190
0.118613010545,0.012045020287,0.269203924376,0.012181435599,0.007070251257,0.008572675650,0.005273668871,0.008564080508,0.289272335313,0.269203597594
0.075320511442,0.073760627415,0.262253498698,0.074614450270,0.042269493470,0.055083863977,0.024635889549,0.060313747936,0.069493238661,0.262254678584
0.146234189677,0.110511774490,0.128294719104,0.110981046185,0.084242569199,0.067249576224,0.062539163240,0.087845491348,0.073806686415,0.128294784118
0.091135517289,0.109316542275,0.154816489207,0.109793389163,0.078422670729,0.078878598800,0.048413104243,0.112080029611,0.062327041766,0.154816616917
0.112158968254,0.078786339695,0.206902384090,0.079123162686,0.060731415595,0.056412555870,0.041581642756,0.061185450006,0.096215457820,0.206902623227
0.082498974993,0.089370545905,0.202822296886,0.090002133515,0.060515766341,0.073692419287,0.063205263266,0.073291747286,0.061778036660,0.202822815862
0.075341951521,0.063140220472,0.229910047851,0.063830429327,0.036468231975,0.042328104925,0.160555433533,0.047607310642,0.050907307167,0.229910962588
0.077356513763,0.045784464369,0.322205238295,0.046321264676,0.025574568018,0.038217352902,0.020027401433,0.035628488286,0.066678522587,0.322206185672
0.051237211547,0.058113698376,0.309615739229,0.059052484425,0.026957882764,0.031002385918,0.085066355308,0.039046958122,0.030289446447,0.309617837864
0.070377171726,0.064008617673,0.291555910234,0.064566939220,0.038773471493,0.043992759221,0.036546650168,0.052873260422,0.045748489832,0.291556730009
0.088570555326,0.037326281388,0.178631157936,0.037523831098,0.026907151280,0.031073553059,0.020452428062,0.030987890393,0.369895393290,0.178631758167
0.089883863678,0.038393596290,0.314062621722,0.038907453312,0.020729679186,0.021327369324,0.074655416368,0.032519764898,0.055457526742,0.314062708480
0.082500932170,0.108105885757,0.184760972805,0.108769270883,0.076047912883,0.068631314748,0.045489482826,0.074794052615,0.066138755959,0.184761419354
0.100000000000,0.100000000000,0.100000000000,0.100000000000,0.100000000000,0.100000000000,0.100000000000,0.100000000000,0.100000000000,0.100000000000
0.077618950124,0.083431383064,0.234101302154,0.084096064079,0.051408963545,0.067177350363,0.034754732239,0.062759414265,0.070549798703,0.234102041464
0.407900088683,0.016090174796,0.237938272594,0.016228850372,0.010248749380,0.012615306684,0.011803872238,0.013260287141,0.035977162652,0.237937235460
0.157669306148,0.038659823664,0.287991647578,0.038924369205,0.025786112115,0.041987551283,0.018450216172,0.030035552896,0.072503925570,0.287991495369
0.099191483229,0.067519071307,0.276023086915,0.068238657881,0.035911113050,0.052609056368,0.024473079341,0.046941321725,0.053070225686,0.276022904499
0.093268912299,0.057640434156,0.294871698962,0.057965285325,0.035581499345,0.037336618460,0.020420874157,0.050186650111,0.057855635851,0.294872391334
0.068155610939,0.093827612630,0.237317922183,0.094587204810,0.052946874490,0.063082702535,0.032171569898,0.063411173301,0.057179988229,0.237319340986
0.102857619426,0.049024029616,0.313021873714,0.049246643418,0.032636327418,0.033028651731,0.012800155635,0.037332820892,0.057032049107,0.313019829043
0.236071657544,0.029354487898,0.257780633926,0.029597700162,0.018998670030,0.028091319247,0.014688356312,0.021534159455,0.106103633971,0.257779381455
0.170380626810,0.021537844854,0.121869020757,0.021680310724,0.015638944302,0.016440208751,0.016868196114,0.018511163541,0.475205222295,0.121868461852
0.102923891178,0.016521836764,0.400748782136,0.016696938519,0.009286157817,0.010062214492,0.006152772580,0.013359339511,0.023502085321,0.400745981683
0.112938620550,0.048218039688,0.198187893243,0.048595206253,0.032455501982,0.032290909050,0.030057469736,0.039369506277,0.259699288748,0.198187564474
0.331805205397,0.010072984906,0.293178297869,0.010192123961,0.005912030857,0.007226928725,0.005554956753,0.007983602282,0.034898445642,0.293175423607
0.263322535009,0.029479970306,0.265119507863,0.029751406628,0.019126461867,0.022288519694,0.016844851011,0.023497934242,0.065450366798,0.265118446583
0.089840352541,0.101385558761,0.182365632301,0.102062614987,0.067589293040,0.067895779749,0.042461728293,0.078643785114,0.085389241474,0.182366013741
0.008527894591,0.204992139768,0.012551418419,0.200113144354,0.248731580784,0.046064557055,0.034814199970,0.223309934066,0.008343685635,0.012551445357
0.020281766223,0.197800973755,0.036612119462,0.193402440430,0.279337391157,0.079670366674,0.016286179648,0.121958394403,0.018038157615,0.036612210633
0.309915514149,0.001383482628,0.020183287035,0.001395113319,0.000846628567,0.001026399439,0.002240772160,0.001022470403,0.641803182271,0.020183150029
0.529319553160,0.011786087133,0.190547566204,0.011857524071,0.007903051947,0.009302622109,0.005675548447,0.009835598339,0.033226154946,0.190546293644
0.003062984326,0.038355724853,0.005245531927,0.038747288467,0.030298749543,0.015867773223,0.003540556821,0.856642449804,0.002993399022,0.005245542014
0.596125359126,0.005703919167,0.030507038093,0.005708692015,0.004309893981,0.005152979583,0.002826866770,0.004703837487,0.314454564170,0.030506849609
0.138712998134,0.024259502049,0.333274258963,0.024533284529,0.013687433790,0.017191100341,0.009931870732,0.018301839745,0.086834709113,0.333273002604
0.066281778384,0.131001739912,0.109490812105,0.132368021984,0.086518596157,0.104917290404,0.051876733617,0.125274726406,0.082779314156,0.109490986876
0.016862341057,0.156500514129,0.030486509539,0.154804431006,0.144116782500,0.321233175826,0.012225894159,0.119496827942,0.013786949902,0.030486573939
0.010473982824,0.218721750680,0.022784031503,0.214315103998,0.164629153205,0.129181768136,0.006793631802,0.200001998018,0.010314484363,0.022784095471
0.053103747195,0.004327197970,0.041312609618,0.004348247258,0.003172358846,0.003400011030,0.002938907230,0.003984611605,0.842100027657,0.041312281590
0.016902198353,0.183842293179,0.023150549544,0.181096545567,0.223999958885,0.079695050412,0.024106881412,0.225078304777,0.018977633835,0.023150584038
0.024840333900,0.006563401720,0.035427776347,0.006583445944,0.004412811764,0.004009948286,0.007138642771,0.004736835617,0.870859004818,0.035427798834
0.008131043921,0.014031104729,0.012447489702,0.014088975431,0.010418243780,0.010142606561,0.898826484976,0.010574626022,0.008891907538,0.012447517340
0.169936474167,0.024021073306,0.326708910098,0.024187745259,0.015903086035,0.021398046961,0.012958212935,0.021627621937,0.056550855436,0.326707973866
0.005808212170,0.190168136627,0.008001403188,0.182657922324,0.447647474934,0.050850228446,0.005292991911,0.096249809095,0.005322407019,0.008001414286
0.159679677483,0.042877741216,0.248295624716,0.043102447403,0.032754967814,0.027020895816,0.024455743190,0.033218364560,0.140299157432,0.248295380371
0.379998579197,0.018340611339,0.236182065781,0.018488990960,0.013198360859,0.012763648360,0.009889623145,0.013624953613,0.061333987229,0.236179179517
0.128350057059,0.039383034689,0.290931870107,0.039643039987,0.025745829381,0.027797822221,0.066496445635,0.033498405363,0.057222328302,0.290931167257
0.021544041274,0.218923043249,0.041984182287,0.217167850299,0.202292387362,0.061180621925,0.020986438010,0.153054923041,0.020882227606,0.041984284949
0.522145466143,0.019425816163,0.177520016069,0.019608855407,0.011696699510,0.012276727493,0.011622742433,0.014884648803,0.033299285500,0.177519742481
0.003523445908,0.152455021227,0.006666729803,0.148614105295,0.470374936327,0.022575816277,0.002583869907,0.183170912836,0.003368416444,0.006666745976
0.277175246440,0.014085397210,0.302238986580,0.014228098673,0.008991516495,0.010795559668,0.007930259794,0.010760601089,0.051557699652,0.302236634399
0.168430255829,0.061760298449,0.210776271937,0.062101606008,0.044103531966,0.079421714976,0.033295642341,0.052306604392,0.077028454731,0.210775619370
0.018437633682,0.215922267453,0.026144929887,0.212468755721,0.252412339885,0.097310344170,0.013151214085,0.123521538367,0.014486017303,0.026144959447
0.006259622723,0.148557955625,0.010304911652,0.145068131780,0.563429518326,0.033380500994,0.005759315000,0.071007300411,0.005927808408,0.010304935081
0.012699455360,0.133026213765,0.023372606447,0.131049255772,0.118580299159,0.392109071599,0.010734649051,0.143125813975,0.011929980317,0.023372654555
0.390875328161,0.016383153365,0.235003553475,0.016549996573,0.010423756230,0.012571289484,0.010823846275,0.012290671588,0.060077538762,0.235000866087
0.012222270885,0.154744366060,0.029708793316,0.151736821620,0.485513703950,0.034494062223,0.008473598064,0.082931857386,0.010465608744,0.029708917752
0.013861167136,0.191362024482,0.015448650635,0.188433839681,0.117866248918,0.300707840360,0.005095898577,0.144743544792,0.007032097793,0.015448687627
0.134862669386,0.044210763992,0.299433188977,0.044421574872,0.031879382069,0.029742087263,0.026716977488,0.032543656861,0.056757428109,0.299432270982
0.407900088683,0.016090174796,0.237938272594,0.016228850372,0.010248749380,0.012615306684,0.011803872238,0.013260287141,0.035977162652,0.237937235460
0.030745156386,0.005772129005,0.030590399943,0.005811825198,0.004169505377,0.004608828462,0.007384478004,0.004522401851,0.875804970309,0.030590305464
0.719264810318,0.010684838518,0.099681380854,0.010728256032,0.007259146041,0.008391752316,0.007521109838,0.010196737100,0.026591196573,0.099680772411
0.232929319583,0.043922026188,0.240784558211,0.044435938017,0.024720479873,0.025614239664,0.069657902176,0.034812822824,0.042337992065,0.240784721399
0.007655752362,0.197905201815,0.016104129487,0.192329510893,0.341597826632,0.112454869952,0.004990561179,0.103659653545,0.007198307271,0.016104186862
0.950453154086,0.001097284155,0.019719916595,0.001105020309,0.000795436411,0.000791025195,0.000788885389,0.000914498369,0.004615105974,0.019719673516
0.204354771903,0.025836131712,0.321179861697,0.026092892041,0.015373701079,0.015634594838,0.009787281268,0.018993963264,0.041568564437,0.321178237760
0.417446356355,0.014629093255,0.230587924542,0.014791988785,0.008898584921,0.010501506677,0.018408610007,0.011007476846,0.043142854857,0.230585603756
0.133623839783,0.069013973828,0.225976152035,0.069474083512,0.046902305264,0.038807982051,0.060885244259,0.049673751074,0.079666263137,0.225976405056
0.059132149617,0.127883654719,0.154967523865,0.129032872059,0.083226320588,0.113996685982,0.047114154139,0.083345214866,0.046333333095,0.154968091069
0.545564167706,0.033706076646,0.137250644400,0.033932502094,0.021574337847,0.020734598564,0.014421319246,0.023552920995,0.032013317246,0.137250115257
0.056545745065,0.100833122885,0.243470008348,0.102088225877,0.059996489628,0.054607937329,0.026509372476,0.063178798741,0.049298950010,0.243471349641
0.125880678654,0.045765833472,0.312253110300,0.046223485334,0.027048151767,0.029621816831,0.018490037880,0.034334928626,0.048129769561,0.312252187574
0.218807210677,0.030344272551,0.155704165991,0.030523519539,0.021057946200,0.021967648015,0.283655617873,0.023400826462,0.058834906332,0.155703886361
0.067728236688,0.123937612126,0.095842403003,0.124059828159,0.107875982182,0.156640476661,0.066429658178,0.100047558651,0.061595681076,0.095842563276
0.152409493559,0.047062435439,0.225260307486,0.047353788876,0.033611870665,0.032134766571,0.028631481080,0.039938548746,0.168337567088,0.225259740490
0.125258002244,0.067524066164,0.252306055671,0.067988130093,0.041456159210,0.050695680870,0.023632370223,0.059031240566,0.059803067432,0.252305227528
0.051717561148,0.181207376819,0.077551382435,0.181698376769,0.139752017797,0.101253533475,0.033447882685,0.105265959242,0.050554366861,0.077551542770
0.106021907961,0.043854699618,0.325201303631,0.044166625261,0.023532959332,0.024731555438,0.025654929959,0.036741277298,0.044894187831,0.325200553670
0.002348517293,0.080395707431,0.003100976662,0.077791243388,0.754448576020,0.022350595877,0.002400743826,0.051855305256,0.002207353297,0.003100980949
0.011122024683,0.234650983285,0.021681781027,0.231967283584,0.227563681913,0.062886888510,0.023697732057,0.154903481202,0.009844293809,0.021681849931
0.204169434216,0.056477596565,0.218150168214,0.056788298578,0.039886135733,0.039999672075,0.028385968044,0.049983165685,0.088009484465,0.218150076425
0.036978431569,0.162169553038,0.100861659756,0.160514279530,0.103960512360,0.059279335404,0.015377159624,0.227209800661,0.032787117718,0.100862150339
0.069480733351,0.018655367273,0.129336438217,0.018858928727,0.010107826832,0.014679630770,0.014960246256,0.017726952636,0.576857610773,0.129336265165
0.062693192732,0.121135249035,0.175674960596,0.122261326124,0.079953597500,0.071680628987,0.052042315526,0.083373266679,0.055509870771,0.175675592051
0.040685630759,0.046123883562,0.131222994160,0.046501431563,0.032428936359,0.025947463756,0.466225762249,0.034009299919,0.045631353638,0.131223244036
0.038941463391,0.193400346906,0.116558716734,0.196279775331,0.105826066099,0.078138187407,0.025582110034,0.096777167160,0.031936989792,0.116559177147
0.181487754957,0.067751765982,0.182277686470,0.067781882189,0.056330104916,0.054485817394,0.038215801991,0.057261903755,0.112129992774,0.182277289573
0.389773453065,0.049063052008,0.149623888824,0.049229681393,0.030998482873,0.036891521927,0.021013799710,0.044448149496,0.079334248710,0.149623721994
0.762230480854,0.009954875386,0.082531280441,0.010009297156,0.006634868216,0.007067620223,0.007598269663,0.008230683525,0.023211877672,0.082530746865
0.123157920021,0.014302686204,0.085739075587,0.014404803606,0.008043591071,0.024372872145,0.004998694640,0.010179225119,0.629062429747,0.085738701859
0.095644763032,0.082486185947,0.214698761208,0.083218158225,0.049829772978,0.060669281177,0.054800506184,0.077144852674,0.066807641284,0.214700077290
0.002746808663,0.113723740370,0.004214537998,0.109570197191,0.686471975204,0.021003588066,0.002411256490,0.053040449630,0.002602902178,0.004214544208
0.303464045054,0.011367544849,0.301617212834,0.011479470935,0.007023770033,0.008177518421,0.005226418077,0.008405856616,0.041623591113,0.301614572069
0.094232491905,0.075951965216,0.171453781644,0.076334011016,0.050354664913,0.049760501992,0.077978355266,0.050031842918,0.182448196697,0.171454188434
0.010116885490,0.203080208749,0.014982761577,0.197686742523,0.350887166885,0.060960585955,0.009675662631,0.128375608794,0.009251591018,0.014982786379
0.522728626848,0.033542676177,0.132054735838,0.033904822349,0.019195472162,0.020563694888,0.042816549397,0.024671264988,0.038467701241,0.132054456113
0.150233347379,0.040874468480,0.305742394509,0.041308614378,0.021873953295,0.034521226781,0.029809142137,0.029029063071,0.040866764475,0.305741025495
0.005014289720,0.225166077492,0.008671200502,0.229993293893,0.107461798843,0.186295647687,0.004659541451,0.219667731176,0.004399198422,0.008671220815
0.196474117643,0.028271109403,0.301101576038,0.028493364321,0.018699962420,0.022508325893,0.015742805624,0.024781119223,0.062827742208,0.301099877227
0.003855069341,0.201699544400,0.008582114663,0.196073770342,0.263592379708,0.170283535531,0.003503370349,0.140052375910,0.003775692575,0.008582147183
0.013361502299,0.228181656402,0.021176625630,0.223818671453,0.230517097573,0.061245284076,0.012270216673,0.176564130403,0.011688146132,0.021176669360
0.171573204066,0.027288701659,0.307068031284,0.027493662761,0.018188714431,0.020951461550,0.018918352695,0.024710640346,0.076739830832,0.307067400376
0.011983876137,0.192179492076,0.015688412502,0.186665460564,0.375571111273,0.066862161338,0.012579647406,0.111389296842,0.011392106985,0.015688434878
0.008780407708,0.213676694453,0.015757212640,0.214727157280,0.134215577891,0.234950781824,0.007688948657,0.145880587053,0.008565382800,0.015757249693
0.153936416926,0.059928825854,0.217604796156,0.060185316461,0.044588878320,0.051802813569,0.046844197425,0.048709707683,0.098794791745,0.217604255862
0.004137388188,0.111544041561,0.006004761218,0.108450519525,0.637619539792,0.053089754113,0.003564104224,0.065605042558,0.003980078020,0.006004770802
0.062143017468,0.071423691711,0.287548845654,0.072287106960,0.041678662002,0.046517928163,0.027692057061,0.057199695746,0.045957655805,0.287551339430
0.291855415175,0.024671811246,0.261740895897,0.024845865653,0.016976854660,0.020947539613,0.012791701645,0.020050285935,0.064381105895,0.261738524281
0.009554452736,0.203001686983,0.020216214279,0.200318312576,0.094356208458,0.142202175270,0.009676242838,0.291363282448,0.009095146862,0.020216277551
0.235245769130,0.087429544606,0.153193814261,0.089512694221,0.047457095135,0.061240276290,0.026866630598,0.075304094076,0.070556588123,0.153193493560
0.154740512683,0.011346831440,0.375941430180,0.011462361969,0.006933450740,0.007980763601,0.005898631010,0.008498895804,0.041259109559,0.375938013014
0.096907882781,0.019684021842,0.114874211090,0.019750560403,0.014292669822,0.015979850709,0.010890087145,0.019272946254,0.573473699853,0.114874070101
0.024084076136,0.180699088543,0.032283284767,0.182987855401,0.135054467299,0.238460254248,0.029983335664,0.118850305634,0.025313989220,0.032283343089
0.423357134165,0.030450106615,0.151989878192,0.030632587678,0.021883960471,0.024187692247,0.019917623742,0.023389570317,0.122202074015,0.151989372557
0.227753152254,0.026388248661,0.094294098067,0.026514268805,0.020849634822,0.022252347081,0.022067150089,0.023294635769,0.442292515188,0.094293949263
0.149103695210,0.049864597895,0.236354828542,0.049973218563,0.044758393252,0.046388145751,0.047393517147,0.048035960352,0.091773518187,0.236354125100
0.810352270004,0.007190720532,0.067873390103,0.007245353255,0.005035854102,0.005193722504,0.004996843145,0.005556511784,0.018682359746,0.067872974825
0.060150945115,0.133225246642,0.112972776675,0.133919937876,0.099682569156,0.134477754204,0.058012384235,0.097415086624,0.057170135266,0.112973164206
0.124234285425,0.083035740700,0.178812706005,0.083253674903,0.068034598232,0.062802407611,0.047033365493,0.078399520648,0.095580755796,0.178812945188
0.384729676011,0.016575856926,0.194710665555,0.016726657073,0.009500387266,0.011485870964,0.006771819496,0.011596478478,0.153193238179,0.194709350053
0.197351174550,0.034767618417,0.185834315597,0.034890061317,0.025329111769,0.025046339010,0.021311567758,0.036657612494,0.252978632140,0.185833566947
0.089840352541,0.101385558761,0.182365632301,0.102062614987,0.067589293040,0.067895779749,0.042461728293,0.078643785114,0.085389241474,0.182366013741
0.417704618418,0.008217400393,0.247984202435,0.008285319724,0.005387906284,0.006431328168,0.005413435837,0.006898983808,0.045694643964,0.247982160968
0.053103747195,0.004327197970,0.041312609618,0.004348247258,0.003172358846,0.003400011030,0.002938907230,0.003984611605,0.842100027657,0.041312281590
0.074433680733,0.070424955412,0.261122026153,0.071164011436,0.041847681426,0.036935095685,0.029983472377,0.061241476471,0.091723871555,0.261123728753
0.114415141599,0.100693517351,0.136100049905,0.101230412251,0.067778611876,0.111915403622,0.064637834825,0.092754181192,0.074374632238,0.136100215141
0.073353807950,0.028005336449,0.140900941664,0.028213235172,0.018996657631,0.022505628017,0.037978409572,0.024877329151,0.484267589168,0.140901065227
0.122274566631,0.022086301260,0.321423493122,0.022216541594,0.015197804921,0.017507533781,0.011948679740,0.018029607531,0.127892403780,0.321423067641
0.137319442324,0.046328502731,0.156483827577,0.046692095766,0.028724755493,0.035997913968,0.064081635799,0.035149058428,0.292739181128,0.156483586786
0.263322535009,0.029479970306,0.265119507863,0.029751406628,0.019126461867,0.022288519694,0.016844851011,0.023497934242,0.065450366798,0.265118446583
0.098819528028,0.020551340997,0.377846008942,0.020727361102,0.013246331973,0.014036657892,0.013146806098,0.015923625735,0.047855489507,0.377846849726
0.115256335168,0.026250489670,0.367240942651,0.026484870361,0.015960752168,0.016250341012,0.013398983407,0.020300872649,0.031616168999,0.367240243915
0.123039781353,0.046647603604,0.288747847688,0.047105413690,0.026410178560,0.034661519524,0.019971210467,0.047369467676,0.077298457140,0.288748520299
0.166743024420,0.039234818620,0.301022807643,0.039546845533,0.022913274177,0.027323272500,0.015211565272,0.028394750007,0.058587811533,0.301021830294
0.202960676465,0.004159069354,0.028486570943,0.004182841654,0.003101788785,0.003229788225,0.010335985284,0.003573106161,0.711483775673,0.028486397455
0.050389364932,0.169851434946,0.093685659954,0.168582800994,0.102392481575,0.113335613456,0.024872444182,0.146315102094,0.036889325789,0.093685772078
0.187529087185,0.034429856182,0.295288989896,0.034697127761,0.021930736771,0.026243940558,0.015940462867,0.030892743886,0.057759452657,0.295287602236
0.524576019140,0.001891050336,0.034475513574,0.001907659391,0.001204110434,0.001459105552,0.001266928952,0.001419395978,0.397324844745,0.034475371898
0.784775679464,0.011586374959,0.050558355190,0.011656259409,0.008231413857,0.009710115125,0.007547487716,0.009259211613,0.056117001869,0.050558100798
0.287836928724,0.019923601145,0.262577208193,0.020153114332,0.011995888598,0.014212282335,0.013525536211,0.016008645057,0.091190623626,0.262576171780
0.193551310141,0.047033132632,0.262881774913,0.047585446760,0.029204235520,0.029239488184,0.026938875963,0.037200342626,0.063483462870,0.262881930392
0.114639230546,0.072215789746,0.260432363665,0.072882753820,0.046791537133,0.041917182046,0.027593628448,0.053812617520,0.049281973766,0.260432923310
0.381516918350,0.025790314991,0.209238128664,0.025919110959,0.018516579874,0.022709757784,0.020139726055,0.021619021978,0.065313332795,0.209237108550
0.126111171718,0.034158388069,0.241750406077,0.034436835611,0.023293172356,0.027657118126,0.021710229349,0.028103413394,0.221028585094,0.241750680206
0.096825456878,0.079440969529,0.192665923259,0.079875837808,0.055731846690,0.052318541441,0.047519212870,0.062015261631,0.140940186621,0.192666763274
0.159611543329,0.025189957209,0.298602572922,0.025508070297,0.013100654467,0.017757209270,0.051840324570,0.018892928785,0.090895177231,0.298601561922
0.461925945221,0.008016850304,0.240536458744,0.008105794872,0.003826498322,0.004712994045,0.002843431492,0.006584467506,0.022912528270,0.240535031224
0.879216667526,0.007074201457,0.023845928038,0.007084528764,0.006352399623,0.006637417989,0.006477450238,0.007292812077,0.032172788046,0.023845806241
0.522892547721,0.042244257209,0.072831767318,0.042315420975,0.037662005499,0.060906595429,0.034389944415,0.037292456450,0.076633451245,0.072831553740
0.052997192398,0.032893416482,0.047414706490,0.032971888432,0.028644163433,0.046765590638,0.022176076464,0.027652971116,0.661069316870,0.047414677678
0.633878542427,0.025429566739,0.085516014837,0.025506633762,0.021774424006,0.023219284083,0.021635289849,0.022397197896,0.055127377387,0.085515669015
0.064408060189,0.053334329144,0.061699661983,0.053525906970,0.042414873977,0.054370449130,0.094620531035,0.041944785800,0.471981697733,0.061699704038
0.763112023126,0.012430942945,0.042446049992,0.012460603329,0.010690946485,0.012281201204,0.010536746191,0.010091646223,0.083503958598,0.042445881907
0.018860581147,0.010196127271,0.013797077575,0.010201268132,0.009584925717,0.010161998659,0.009569051530,0.009487245096,0.894344655534,0.013797069339
0.016837444511,0.011668230110,0.014692138493,0.011672123907,0.010796924978,0.011160272114,0.009243411396,0.010676220148,0.888561111536,0.014692122807
0.811493634241,0.012013000427,0.036919254060,0.012052579874,0.009520071854,0.012306312574,0.012501937283,0.010409796337,0.045864316489,0.036919096862
0.870059000003,0.009304183180,0.023226407888,0.009311831507,0.008584146050,0.008838011567,0.008791349658,0.008542244753,0.030116504721,0.023226320674
0.044594466174,0.025876841754,0.031855081943,0.025939099018,0.022451630682,0.023788523596,0.042561441447,0.022911017853,0.728166831170,0.031855066364
0.027779942580,0.015473206491,0.024683955602,0.015503056297,0.013320879833,0.013680164091,0.013689180106,0.013326285670,0.837859391905,0.024683937424
0.005303144072,0.002602883594,0.005409479671,0.002612692095,0.002091084672,0.002338737487,0.002283585599,0.002257798853,0.969691115082,0.005409478875
0.007604283569,0.003012451436,0.006070205880,0.003022020646,0.002528036195,0.002643193255,0.003320085958,0.002647079322,0.963082445259,0.006070198481
0.033756741837,0.023768559882,0.047012952972,0.023880897630,0.018638183096,0.017234492053,0.018261509914,0.018964926066,0.751468649309,0.047013087240
0.044032541126,0.009970182848,0.047642680093,0.010007081171,0.007947299908,0.009140801621,0.006136446733,0.009028999097,0.808451473852,0.047642493552
0.011583599695,0.006547849880,0.008641584484,0.006564162783,0.005485102312,0.009249863042,0.016103492680,0.005478159900,0.921704606217,0.008641579007
0.494193613807,0.035723938400,0.098948744700,0.035814420081,0.031390483782,0.034468346616,0.039333112844,0.032632957932,0.098545997232,0.098948384607
0.003928046679,0.001975942001,0.003126093894,0.001980752185,0.001779253731,0.001780557115,0.008377640796,0.001866038857,0.972059583254,0.003126091489
0.008835733393,0.004567190262,0.007378708181,0.004581336722,0.003724797126,0.003941890112,0.004850093576,0.005369553668,0.949371996339,0.007378700622
0.006265243424,0.002634367621,0.005697670926,0.002644298121,0.002081726824,0.002341013127,0.003207032801,0.002405945467,0.967025029612,0.005697672078
0.047752839038,0.042758116295,0.057346803263,0.042832239331,0.035417909545,0.029527262226,0.033605546732,0.032055363944,0.621357028547,0.057346891079
0.038539185752,0.037036557124,0.034423584565,0.036985345366,0.036211428787,0.038143940403,0.034157325364,0.038613479966,0.671465569617,0.034423583056
0.049073930210,0.053059629736,0.063736828043,0.053271339989,0.039842388031,0.032739007234,0.045363216946,0.037445316779,0.561731377340,0.063736965692
0.072087916762,0.072192641566,0.074400189705,0.072391009727,0.059998743030,0.150147402998,0.070967002244,0.063079122791,0.290335731945,0.074400239231
0.246968312421,0.036431466199,0.246466844702,0.036634496167,0.026440957444,0.026730290874,0.025065378667,0.028447797633,0.080348773847,0.246465682046
0.011945553425,0.006942967613,0.009036568022,0.006960462284,0.005798878116,0.009915347978,0.017534006666,0.005787357731,0.917042295282,0.009036562881
0.674572902031,0.018312882822,0.070922305798,0.018368088089,0.015193866835,0.016155786627,0.015391809925,0.016085188641,0.084075196045,0.070921973188
0.079657157059,0.073951036802,0.083457393801,0.074151448347,0.061221251844,0.090707370109,0.153384043838,0.061847051431,0.238165750742,0.083457496028
0.006784650856,0.002765434395,0.006032492403,0.002774876039,0.002285261371,0.002778607134,0.003324767236,0.002591184685,0.964630232578,0.006032493303
0.089632144307,0.092919687049,0.133967550230,0.093273531519,0.076135384653,0.083147451485,0.081979653145,0.118126051257,0.096850748797,0.133967797558
0.183367839457,0.064189542579,0.228328402777,0.064695447243,0.039807162645,0.039731231473,0.027951267033,0.062710124704,0.060890956739,0.228328025350
0.207826066581,0.019516801677,0.334105960308,0.019721973485,0.011066185577,0.011857390940,0.008232738383,0.013783106712,0.039785172311,0.334104604025
0.407189765520,0.012082088949,0.086903943558,0.012124945375,0.009357492066,0.010196867394,0.009868403159,0.010030710423,0.355342471276,0.086903312279
0.341897962274,0.014015084255,0.144590785648,0.014117665638,0.008728668220,0.010528336228,0.006338032301,0.010192476310,0.305001414328,0.144589574797
0.320684221696,0.018407266116,0.070761057746,0.018531564453,0.012475170354,0.020053883332,0.012159941057,0.014939142825,0.441226743190,0.070761009232
0.238490914433,0.022112205784,0.299000278453,0.022388180606,0.013797063755,0.014384176058,0.010287581123,0.015749979341,0.064792481910,0.298997138536
0.325453568162,0.011305053617,0.075751387790,0.011395458943,0.007561534805,0.008834023872,0.008892659005,0.008432106568,0.466623039584,0.075751167653
0.288144559130,0.041842906838,0.214929547075,0.042164986361,0.029795150490,0.029411112653,0.029403398078,0.033218348086,0.076161758005,0.214928233285
0.125486351758,0.024836285135,0.364959062100,0.025134900836,0.013937022688,0.014452153148,0.012815737801,0.016442967190,0.036976973312,0.364958546032
0.428872913164,0.022964598378,0.166014881194,0.023048309107,0.017641827337,0.016612108771,0.012395378575,0.017541324653,0.128894580190,0.166014078630
0.134862669386,0.044210763992,0.299433188977,0.044421574872,0.031879382069,0.029742087263,0.026716977488,0.032543656861,0.056757428109,0.299432270982
0.088132379136,0.072043184857,0.272499701916,0.072483897006,0.046554500339,0.044156554550,0.030042390294,0.053903010619,0.047683860352,0.272500520931
0.135271330919,0.021390054744,0.056949101543,0.021436129270,0.018729489422,0.019542722219,0.021407864204,0.019695578164,0.628628857016,0.056948872498
0.270132480463,0.031706600348,0.208583609333,0.031918804022,0.021916940158,0.024528991027,0.025309716430,0.025788257512,0.151531309898,0.208583290808
0.018183621701,0.001120426205,0.023524879535,0.001132242695,0.000668707538,0.000873554933,0.000580866051,0.000903077144,0.929487855694,0.023524768505
0.310519244837,0.022294689046,0.121169890245,0.022425246668,0.017411048195,0.019022316509,0.016992372865,0.020584377598,0.328411359399,0.121169454638
0.158571121424,0.021437994164,0.359156173673,0.021724041181,0.010859188164,0.013694040162,0.008924081023,0.016484251523,0.029995219142,0.359153889544
0.179740791120,0.022823544736,0.326246642602,0.023010858454,0.014299689048,0.017598625430,0.011012142111,0.018975472288,0.060047482960,0.326244751251
0.522716059315,0.021466002712,0.125006336428,0.021602088196,0.014208715245,0.021327530456,0.010846133080,0.016171472837,0.121649869524,0.125005792207
0.064947657356,0.004627335495,0.032696605766,0.004658583069,0.003295188052,0.003570157392,0.004581254530,0.003557115519,0.845369640057,0.032696462763
0.643356358168,0.005092696648,0.159510237663,0.005135281836,0.003173925782,0.003938000167,0.002653072821,0.005085323269,0.012545277797,0.159509825851
0.117146750945,0.038171648149,0.244477772189,0.038475550049,0.025745784549,0.027604893514,0.027161277969,0.029364666535,0.207373173188,0.244478482913
0.306726363491,0.018343418753,0.254210858095,0.018491603805,0.012045784360,0.013414858907,0.009798430821,0.016204507264,0.096555589027,0.254208585477
0.203925507135,0.021953685150,0.239691299692,0.022187512757,0.013468150199,0.015792369529,0.012041313017,0.017970320648,0.213278385967,0.239691455906
0.129521123823,0.014393196481,0.133517548466,0.014493737219,0.009373072937,0.010275121121,0.014660128569,0.011114394313,0.529134690322,0.133516986749
0.256482762195,0.008872565414,0.105734108228,0.008924584214,0.006342577332,0.008243674768,0.006262633032,0.007484391438,0.485919684271,0.105733019107
0.865679106994,0.002765681613,0.055267599428,0.002792468849,0.001659471329,0.001930619017,0.001825769936,0.002143442567,0.010668680879,0.055267159388
0.269123819365,0.026030272912,0.277191393114,0.026297384355,0.015037920383,0.016795779428,0.025237840364,0.019978272922,0.047118261774,0.277189055384
0.148970768165,0.050973435552,0.133501536859,0.051237519028,0.035789053837,0.048211184426,0.138355759765,0.046726124386,0.212733285344,0.133501332637
0.367443574796,0.010507801424,0.267829607799,0.010613888820,0.006678076036,0.007233580799,0.006278601231,0.007886298045,0.047700235380,0.267828335670
0.198210794132,0.055685616864,0.156523553691,0.055983112137,0.042306695477,0.051215152394,0.054534986454,0.053533656789,0.175482920467,0.156523511595
0.112278513922,0.062912666107,0.264074204603,0.063409111144,0.043457019054,0.048452793092,0.034581251281,0.046429442834,0.060329990807,0.264075007155
0.033315026595,0.005359118245,0.025880056157,0.005392297094,0.003882300676,0.004726650263,0.004543103537,0.004271333546,0.886750082700,0.025880031187
0.036454401138,0.014236010863,0.029803254070,0.014266163769,0.012151112524,0.012592841848,0.045945529880,0.012964722877,0.791782715812,0.029803247218
0.140501032656,0.032535576193,0.086336625617,0.032631444320,0.026169019016,0.029116914914,0.092179715228,0.027031595648,0.447161410615,0.086336665793
0.091122665014,0.048770804376,0.126452641220,0.049189520545,0.032156039966,0.035791849904,0.024302448156,0.043971393961,0.421789786162,0.126452850696
0.200152276285,0.049119840041,0.179490940781,0.049357282592,0.038345544738,0.037093963881,0.030675829237,0.044797614123,0.191476327652,0.179490380670
0.156119492975,0.033913484296,0.308604535651,0.034230402249,0.021592860722,0.024093338721,0.017581732839,0.025313791456,0.069943589520,0.308606771570
0.087166116424,0.056477477128,0.096389813796,0.056696368036,0.045042930782,0.042725692665,0.041676319060,0.045757086201,0.431678414445,0.096389781463
0.072899953604,0.061708487440,0.303373491365,0.062427038070,0.033883286599,0.028606478259,0.015272823770,0.038740138183,0.079712212604,0.303376090106
0.022410404953,0.002498301516,0.015774835806,0.002515140725,0.001773368952,0.002089013624,0.001704942026,0.002293528886,0.933165606602,0.015774856909
0.103388807260,0.040634169602,0.326096318800,0.040993686782,0.024773089498,0.027816976877,0.019068800575,0.031536673518,0.059594070900,0.326097406189
0.029464875419,0.005647133905,0.038536128869,0.005685376092,0.003696537367,0.004659923145,0.003010723106,0.004341198793,0.866421892585,0.038536210719
0.042253850493,0.013990732879,0.073358401130,0.014128205168,0.008667077546,0.009898103685,0.008789648805,0.012842670777,0.742712707976,0.073358601541
0.016264514295,0.002999582528,0.011102532509,0.003014509892,0.002391473692,0.002631191741,0.002873460416,0.002555171291,0.945065032856,0.011102530779
0.518839181694,0.015084664195,0.178137249601,0.015226752420,0.009902051980,0.010116208964,0.011819756370,0.011741174493,0.050996308725,0.178136651558
0.078121461919,0.016982102039,0.059253381634,0.017047137983,0.013892570297,0.014652986510,0.013644622415,0.014395169188,0.712757376529,0.059253191486
0.013103152710,0.002733839009,0.022949412172,0.002748026672,0.001742926965,0.002057944201,0.003009238293,0.002733019848,0.925972969302,0.022949470827
0.562009761137,0.013872785602,0.166862416899,0.014014998579,0.007506266908,0.009906004240,0.005422872414,0.009372350355,0.044170619635,0.166861924231
0.659095116757,0.021147845356,0.088504689422,0.021270016399,0.013441720718,0.017919982935,0.010853403122,0.017788760324,0.061473965760,0.088504499206
0.109080425183,0.069001790501,0.104631782148,0.069228928123,0.053870615192,0.091209686171,0.046880564876,0.059820298096,0.291644120815,0.104631788895
0.095385873541,0.071325682547,0.263876648261,0.072210998772,0.036873277383,0.050735535901,0.033202796048,0.049862844905,0.062649293206,0.263877049436
0.319129243040,0.034854821538,0.194129472794,0.035029045229,0.023985144709,0.026004979451,0.027714886994,0.032369434816,0.112654456526,0.194128514902
0.334398061237,0.017384924704,0.211698718032,0.017553050655,0.010577557905,0.012127463217,0.009943256900,0.012265718057,0.162353886502,0.211697362791
0.116188941028,0.052548879509,0.114936741100,0.052849558135,0.039535558270,0.039564383841,0.120339990134,0.041860868633,0.307238526563,0.114936552788
0.127143045463,0.007646262530,0.120447312082,0.007702389944,0.005616740474,0.005630113837,0.006042625423,0.006245844180,0.593079550394,0.120446115672
0.012894598198,0.002915348742,0.014206024170,0.002940125407,0.001981641458,0.002208457229,0.006908041292,0.002258946241,0.939480793498,0.014206023766
0.070073597608,0.017681154282,0.091131171285,0.017808411694,0.012203201675,0.012650451587,0.008786560333,0.013868690704,0.664665637040,0.091131123792
0.172623169937,0.065388049308,0.181217910706,0.065682282983,0.053248034761,0.081529459476,0.044509162796,0.066699088728,0.087885352747,0.181217488560
0.271196536811,0.025436957767,0.290232731438,0.025703090729,0.014000010312,0.016736841071,0.010850901640,0.019278251519,0.036334387196,0.290230291518
0.244265304820,0.030400646411,0.252974473654,0.030675228605,0.018427984455,0.021345666610,0.017993621302,0.022615044074,0.108328961565,0.252973068505
0.184004208513,0.013469713132,0.352039679110,0.013605037826,0.007748468728,0.009768434411,0.007690429556,0.011539940894,0.048097273992,0.352036813836
0.124922620884,0.003243119086,0.072643697491,0.003273712934,0.002003502684,0.002161554370,0.001959041037,0.002590795026,0.714558948031,0.072643008457
0.740304397962,0.004692449693,0.092700358135,0.004731370614,0.002987839326,0.003311972350,0.003425872531,0.003762302288,0.051383789425,0.092699647676
0.180556785579,0.019648059352,0.327579622141,0.019852335813,0.011222525886,0.013475206526,0.008527051664,0.018134229840,0.073425951342,0.327578231858
0.305204361554,0.022319367510,0.262627950704,0.022518958422,0.013671802206,0.013297449605,0.009741764514,0.018445338376,0.069546725879,0.262626281231
0.258083076838,0.023874320682,0.276313664267,0.024087667435,0.014725802505,0.016842678973,0.012864519648,0.022596186133,0.074300170745,0.276311912773
0.385153059619,0.028955101188,0.181202680482,0.029067383122,0.022363509080,0.024132201127,0.021686252428,0.024544267709,0.101693436984,0.181202108261
0.287958665966,0.024162436968,0.205680817015,0.024350417671,0.015952079799,0.018244250242,0.017675283902,0.021956577411,0.178339422039,0.205680048986
0.151146990707,0.067706950369,0.212421391379,0.068321817451,0.040630285715,0.064824286174,0.020275569680,0.044270339469,0.117981561930,0.212420807125
0.261170261041,0.011198513286,0.206075671836,0.011279528261,0.007364836142,0.008478686852,0.006157815703,0.009916650933,0.272283714313,0.206074321634
0.372931386667,0.002993810963,0.017161992711,0.003006562083,0.002351461229,0.002349231787,0.002066792676,0.002416139233,0.577560748160,0.017161874491
0.117144101404,0.076927477064,0.199498071817,0.077544298514,0.055368280421,0.059494011658,0.062316066019,0.075956201073,0.076253466578,0.199498025452
0.393818487212,0.033552595521,0.198354131457,0.033791554165,0.022674113714,0.020868806815,0.016534998652,0.025923640739,0.056128276488,0.198353395239
0.266080917935,0.044066178068,0.227745638828,0.044314919991,0.029582909596,0.030596153353,0.025776474985,0.041867625868,0.062224466164,0.227744715213
0.025340429415,0.005509823257,0.021495257234,0.005527688312,0.004401354414,0.005003247517,0.004308103793,0.004834072215,0.902084794637,0.021495229207
0.164024336186,0.010025399095,0.117151532397,0.010048524031,0.007083332380,0.008133490960,0.004948690556,0.007967114641,0.553467065972,0.117150513782
0.930270518831,0.001344145954,0.027901878363,0.001354150927,0.000886502112,0.001010734934,0.000965602545,0.001088820784,0.007276052788,0.027901592760
0.300974811650,0.043124445652,0.193658292142,0.043168722686,0.030868078846,0.032008130801,0.023933288125,0.035876962693,0.102729812832,0.193657454572
0.191084086950,0.021333365408,0.305509136529,0.021428316451,0.014868403493,0.015207412373,0.011221496071,0.024779902498,0.089060668735,0.305507211492
0.040156160618,0.003045862373,0.023047127317,0.003066156983,0.002261794400,0.002519598986,0.002752151788,0.002626976852,0.897477195292,0.023046975390
0.626017670859,0.009022981600,0.154656895013,0.009105285860,0.005278259610,0.005522555578,0.005182441113,0.006266398371,0.024291514695,0.154655997302
0.154679716872,0.019072808863,0.134397833481,0.019240802048,0.012063370745,0.013127410265,0.010882115509,0.018310403362,0.483828428604,0.134397110251
0.438177578941,0.015150916956,0.217060467589,0.015279631602,0.009727263806,0.011176739073,0.008474525244,0.011117026242,0.056776540495,0.217059310052
0.696237778049,0.012810462867,0.110200819301,0.012908626356,0.008458001271,0.008008321278,0.007265458056,0.009471410724,0.024439119055,0.110200003044
0.871555670802,0.005851325395,0.042564084609,0.005895865916,0.003963829067,0.004513618746,0.003724925826,0.004442855037,0.014923991640,0.042563832961
0.234239676511,0.040514101025,0.243772334215,0.040815329968,0.024598919890,0.025172433779,0.020824556081,0.030042066886,0.096248693834,0.243771887809
0.173931517017,0.050135920942,0.266979830302,0.050592453187,0.032058209179,0.038889271290,0.023359493362,0.035966223688,0.061107458663,0.266979622370
0.244216490560,0.030308464845,0.268336661972,0.030388823594,0.021726594392,0.021399466862,0.012103661041,0.023912904518,0.079271972724,0.268334959492
0.427620166004,0.021537342045,0.204264045280,0.021717181949,0.013890808223,0.014106582482,0.029760950311,0.015168923478,0.047671882490,0.204262117738
0.177170474023,0.014738125443,0.163324629796,0.014881355968,0.008911285299,0.011076227770,0.010173843241,0.010894740907,0.425505763051,0.163323554501
0.163882555256,0.033399567171,0.302938660227,0.033612413669,0.022523401305,0.026982224555,0.020313740585,0.026568589717,0.066841793615,0.302937053900
0.044694115807,0.024976514266,0.071668171679,0.025114390312,0.018255297722,0.019263736689,0.016549065921,0.021942089872,0.685868225484,0.071668392248
0.139753100172,0.026243237426,0.342716881005,0.026427188227,0.017155193171,0.020445319648,0.013615624180,0.023362421140,0.047566675810,0.342714359221
0.673271845660,0.011278298195,0.122286286841,0.011372948267,0.007241981009,0.008045573461,0.006528481868,0.008251745436,0.029437211559,0.122285627703
0.050983165484,0.019257845566,0.065101583407,0.019366918223,0.014219941342,0.016277777841,0.013432639142,0.015542988248,0.720715522924,0.065101617823
0.350933382890,0.025614138885,0.102825029938,0.025715008290,0.020560888174,0.022182099182,0.017606075481,0.021594661630,0.310143850782,0.102824864748
0.117811235125,0.047352567471,0.301628892254,0.047818230242,0.028870741612,0.038272674121,0.021044285187,0.034724445182,0.060848533020,0.301628395786
0.080971560334,0.015993854473,0.128411240026,0.016083592593,0.011656277284,0.012521233758,0.012551214491,0.012990202973,0.580409759594,0.128411064474
0.049820010418,0.042143599989,0.377993823551,0.042768477193,0.018164613144,0.019944104037,0.010375727017,0.028615113675,0.032177533641,0.377996997335
0.103520119212,0.040006128815,0.250915940872,0.040301753976,0.026244412777,0.031223194247,0.021517284764,0.034241408134,0.201113140724,0.250916616478
0.074766364550,0.006296442908,0.069031235760,0.006339166150,0.004420432947,0.005239157561,0.004227938577,0.005598467247,0.755049721520,0.069031072779
0.094314350806,0.004838543920,0.054217892339,0.004866226767,0.003678219891,0.004600860448,0.004359965775,0.004400009594,0.770506228732,0.054217701729
0.059003484060,0.016101039509,0.077527809161,0.016222228227,0.010389201039,0.013225417303,0.008077613278,0.013045584140,0.708879868864,0.077527754420
0.216065974085,0.036674825334,0.273688658046,0.036944224580,0.025210054445,0.026855796465,0.016880318608,0.030366404098,0.063626376189,0.273687368151
0.761447258609,0.001846805442,0.039871084131,0.001861559083,0.001228239915,0.001523689731,0.001214055746,0.001547272462,0.149589318154,0.039870716727
0.053894461310,0.010645514592,0.104027843588,0.010734233476,0.006546406510,0.008176108394,0.005517970243,0.007705438122,0.688724321060,0.104027702704
0.077329699857,0.077348139453,0.205228112847,0.077941576857,0.047175479583,0.055882780674,0.090024025343,0.059825164936,0.104016793333,0.205228227116
0.122871945999,0.056362908377,0.217495524863,0.056769037618,0.038884119825,0.045697231133,0.041353731216,0.042510121415,0.160560290514,0.217495089039
0.071473778436,0.027344744770,0.191044059328,0.027618973365,0.016285157426,0.018715647732,0.011241077837,0.021742092317,0.423490112983,0.191044355805
0.189140302097,0.012252797401,0.241670244966,0.012361762632,0.007524173414,0.009692804970,0.007234738115,0.010977348409,0.267475205335,0.241670622661
0.244018941625,0.055688293739,0.145927996379,0.056006461455,0.025617181714,0.063125841816,0.017587054807,0.055912924014,0.190187712430,0.145927592020
0.121966655975,0.061921534551,0.242627470917,0.062255932633,0.036855104868,0.039667768559,0.060253350822,0.053753100078,0.078071990188,0.242627091408
0.462713180220,0.035051963297,0.098181833122,0.035144537933,0.030561535062,0.034210088850,0.038189815274,0.031912899755,0.135852645107,0.098181501381
0.448701750911,0.007663173703,0.220911441688,0.007721496914,0.004292452925,0.008030007358,0.003062861421,0.006481266630,0.072224330796,0.220911217653
0.087510247666,0.002662878964,0.030771816987,0.002682019224,0.001830741020,0.002230823243,0.002184374522,0.002214167850,0.837141266317,0.030771664207
0.007805082856,0.004078186961,0.006439073151,0.004090708594,0.003364767893,0.003525234661,0.004454428703,0.003700416340,0.956103034767,0.006439066075
0.836335728524,0.004470610502,0.039848998665,0.004506235015,0.002919506988,0.003249444726,0.002993674656,0.003612541655,0.062214531584,0.039848727686
0.118158099067,0.017573109851,0.051440939887,0.017625518951,0.014718762162,0.015184776061,0.043564426403,0.015322433755,0.654971181775,0.051440752087
0.012955385379,0.007662017043,0.011850631322,0.007692883698,0.006572494381,0.006542645948,0.041626333940,0.007037109440,0.886209874178,0.011850624672
0.089043311873,0.052083848934,0.094118956896,0.052238590450,0.045786089402,0.041292810186,0.034462850301,0.043796476530,0.453058092581,0.094118972847
0.041361697983,0.013080228489,0.053868956884,0.013143771293,0.010282913954,0.011210694320,0.010788289309,0.011501509568,0.780892881801,0.053869056399
0.304880827294,0.027909083824,0.222283162836,0.028041523817,0.017405905933,0.019750921891,0.011703635922,0.030019636276,0.115723432680,0.222281869527
0.122120089863,0.084343524826,0.162560028422,0.084531088014,0.063265908189,0.066672825405,0.057614721801,0.071134554281,0.125197437205,0.162559821994
0.299590479675,0.030472487325,0.242544235411,0.030601454131,0.024286286351,0.021319530070,0.014745934891,0.034707860149,0.059188615292,0.242543116705
0.241552368149,0.009245623841,0.093107502101,0.009319453784,0.006235796456,0.006867542980,0.007009846319,0.006896552847,0.526658414261,0.093106899261
0.191901045313,0.026640743692,0.301991965901,0.026884845965,0.015233910362,0.015699612176,0.030740142006,0.017927540851,0.070990549041,0.301989644693
0.163916080232,0.027302665135,0.193436610086,0.027454370266,0.019202442256,0.020151783926,0.014062582789,0.022312462852,0.318725299162,0.193435703294
0.151648673246,0.032128461327,0.123082301544,0.032283884505,0.023396609892,0.028600898464,0.025055025995,0.034042050879,0.426680217334,0.123081876814
0.080834053136,0.081949083885,0.282541355929,0.082974180256,0.035029084025,0.053487660589,0.013504975965,0.052176594225,0.034961675869,0.282541336121
0.041489897783,0.010288541306,0.060439878613,0.010365177996,0.006809211356,0.008251615138,0.008032863208,0.008780818858,0.785102238905,0.060439756837
0.183324927490,0.049305789486,0.250425838793,0.049674758129,0.033673442120,0.034622735261,0.036467385687,0.037134556540,0.074945556674,0.250425009818
0.067361468673,0.146670450863,0.154102811294,0.147101765120,0.087420699181,0.069955357289,0.028203001974,0.092112532921,0.052968783663,0.154103129021
0.069480733351,0.018655367273,0.129336438217,0.018858928727,0.010107826832,0.014679630770,0.014960246256,0.017726952636,0.576857610773,0.129336265165
0.282464317791,0.051007323225,0.203374943266,0.051352468706,0.033270631721,0.036609415066,0.037655829253,0.038813489550,0.062077272009,0.203374309411
0.653544617892,0.020237943042,0.104170841795,0.020359905598,0.014417232898,0.017312918726,0.012563743792,0.016220611374,0.037001824788,0.104170360096
0.137295452056,0.057121297394,0.235830754808,0.057452417777,0.038927524733,0.051451438659,0.068821294874,0.042013597139,0.075255868382,0.235830354178
0.329141753920,0.023605869458,0.258359769820,0.023840149962,0.014495784957,0.018203822172,0.012669718876,0.017919295680,0.043404104067,0.258359731087
0.108663813000,0.060823959145,0.226426326953,0.061447484306,0.033657993918,0.030583212976,0.153454045163,0.049787735634,0.048729470940,0.226425957966
0.080774000792,0.079367637789,0.230491512253,0.079609632765,0.051362590845,0.049577888657,0.071369771189,0.066350335498,0.060605045768,0.230491584444
0.670733792041,0.010899975524,0.062036499744,0.010965321562,0.008202825520,0.009644013473,0.009487039970,0.010286887032,0.145707472441,0.062036172694
0.206552547549,0.036731752540,0.236662646605,0.036983004431,0.025027348128,0.026963143772,0.025067935787,0.028865782578,0.140483913593,0.236661925017
0.153037407551,0.067807792010,0.244535554035,0.068423489482,0.042697793892,0.043288023487,0.029687092498,0.053223663829,0.052763674348,0.244535508869
0.094505184783,0.083357114856,0.257979173073,0.084204340647,0.041317048396,0.065293859844,0.016640263209,0.066393614922,0.032330071921,0.257979328349
0.087887100082,0.096312884849,0.195331450945,0.096512805836,0.068026673284,0.052193913265,0.028051773300,0.083536340207,0.096815523512,0.195331534719
0.112931618839,0.034035515192,0.305676866023,0.034331201171,0.021398130595,0.023757024837,0.020177595117,0.026800026563,0.115214481996,0.305677539667
0.099748249855,0.114307355503,0.173728331586,0.115143287305,0.078357778790,0.086099786998,0.027785136139,0.076028194784,0.055073683455,0.173728195583
0.053881454197,0.061416619632,0.124794392012,0.062014964223,0.037406785489,0.030794616324,0.428657548217,0.043374849555,0.032864147870,0.124794622481
0.152731884131,0.057048525593,0.251511420360,0.057385103304,0.032686188226,0.035634837514,0.019141723633,0.037537967424,0.104811701819,0.251510647995
0.114440046712,0.075151956615,0.209838085357,0.075629722600,0.057025724841,0.054051158004,0.043126018198,0.071440838295,0.089458000128,0.209838449249
0.186909536893,0.018491534894,0.225947159046,0.018626885579,0.010568102908,0.011483081813,0.016094918864,0.015054085489,0.270878397906,0.225946296607
0.468464743743,0.011683265219,0.161537109481,0.011767739422,0.007240130136,0.007621676886,0.005753587003,0.008821564887,0.155573855555,0.161536327669
0.139636370835,0.027355468232,0.140819191127,0.027581788790,0.016801812090,0.028816655672,0.010950337375,0.029813591556,0.437405854168,0.140818930155
0.141939003238,0.060456310029,0.217591523539,0.060669262125,0.049312286515,0.048962668363,0.043584796519,0.049995473377,0.109897686642,0.217590989653
0.490840444889,0.010861123320,0.179352621874,0.010931217801,0.007289811637,0.008408201972,0.008761065279,0.008695528858,0.095509018058,0.179350966312
0.225660009897,0.010471551502,0.255540557742,0.010575954238,0.005974273703,0.007923061431,0.005325054867,0.008591940521,0.214399513655,0.255538082443
0.108137429078,0.046200511398,0.141045186638,0.046304424671,0.036977138479,0.037274129816,0.026506148976,0.043008161281,0.373501985270,0.141044884394
0.128720748315,0.078231777133,0.221363112986,0.079060723253,0.049064665022,0.054965429051,0.040593104261,0.062904758324,0.063732467205,0.221363214448
0.975179977775,0.000638593001,0.009478852101,0.000642709892,0.000439655392,0.000514288512,0.000461503081,0.000528547561,0.002637139042,0.009478733643
0.263608487686,0.027258982427,0.270432195191,0.027512024515,0.016543514815,0.018511053607,0.022534634964,0.021479155952,0.061689095192,0.270430855651
0.260006602864,0.005018284209,0.348676170777,0.005082282524,0.002611969646,0.003185905309,0.002011922763,0.003960404931,0.020773458295,0.348672998683
0.069531599915,0.034416948622,0.103794876209,0.034636277081,0.024249270365,0.026903659588,0.018633524726,0.030143982930,0.553894908184,0.103794952380
0.169852097968,0.024733685608,0.340043025060,0.024994865454,0.012532712882,0.014126685136,0.007989646243,0.021633416926,0.044051546128,0.340042318595
0.959278013397,0.000928996698,0.015876295343,0.000934904086,0.000649308116,0.000738077567,0.000616942202,0.000753813702,0.004347531728,0.015876117159
0.942938818652,0.001817537805,0.021297124604,0.001830269563,0.001261371348,0.001487282772,0.001220666720,0.001443273242,0.005406752176,0.021296903118
0.121662802013,0.023609185791,0.327003316046,0.023813620186,0.014720371554,0.013892046435,0.011097765243,0.017676983346,0.119520625939,0.327003283447
0.255547135880,0.026144273600,0.279735591329,0.026344638719,0.016480526057,0.017151296085,0.011977070228,0.019428650940,0.067457690239,0.279733126923
0.140852373650,0.053948888402,0.271922058314,0.054373724138,0.031684770078,0.034197980580,0.029705388517,0.058281295620,0.053111163966,0.271922356735
0.113528874319,0.035578531115,0.298906765799,0.035989164068,0.020118787961,0.024363389314,0.015001658572,0.030069881828,0.127537594010,0.298905353014
0.158861431228,0.028640992407,0.300487427352,0.028976882768,0.018443376921,0.020436617334,0.014617818801,0.024078889657,0.104971608513,0.300484955019
0.046292422040,0.143471485817,0.154851630273,0.145451933796,0.073937363899,0.107577912139,0.020710719163,0.124455903788,0.028398375771,0.154852253315
0.747428351685,0.009637450063,0.082824437548,0.009699251714,0.006759111784,0.008645796912,0.005882951892,0.008245782129,0.038052957701,0.082823908573
0.338843011606,0.012677084461,0.142931686270,0.012793867266,0.007817545925,0.008245699878,0.014016875990,0.010527879292,0.309215616401,0.142930732910
0.061902651906,0.031550144902,0.375959418606,0.031940594921,0.015608095081,0.017120450690,0.031034966957,0.021305990643,0.037616921782,0.375960764513
0.072881946535,0.065563510206,0.298751622524,0.066479083285,0.030978643207,0.041469586489,0.021112595663,0.041241622786,0.062768845840,0.298752543465
0.102857619426,0.049024029616,0.313021873714,0.049246643418,0.032636327418,0.033028651731,0.012800155635,0.037332820892,0.057032049107,0.313019829043
0.075371715222,0.023094393767,0.138622757430,0.023190228058,0.016235127672,0.018589721412,0.007698811755,0.018633781804,0.539941414897,0.138622047983
0.112938620550,0.048218039688,0.198187893243,0.048595206253,0.032455501982,0.032290909050,0.030057469736,0.039369506277,0.259699288748,0.198187564474
0.149123132339,0.029204365246,0.095457923634,0.029355992547,0.022119296834,0.022610402533,0.019063085242,0.024248618676,0.513359184625,0.095457998324
0.069124208137,0.039382619840,0.335270088251,0.039686814909,0.024320469229,0.026215739444,0.015610527742,0.032004444385,0.083111711381,0.335273376681
0.479245111188,0.015718072163,0.194490609329,0.015875126492,0.009085360854,0.010529149361,0.006619164628,0.012609389451,0.061338915005,0.194489101528
0.151828497657,0.006175233909,0.058157966610,0.006201471435,0.004666125835,0.004824005738,0.004108202345,0.005006085792,0.700874788554,0.058157622125
0.126225078935,0.044238474439,0.274251190998,0.044385427005,0.034106272350,0.025964028483,0.073090498297,0.053822603688,0.049666261113,0.274250164692
0.122937692650,0.012241750719,0.392298895412,0.012348473137,0.007729219281,0.008925294539,0.006578373465,0.010470576394,0.034172572435,0.392297151968
0.096907882781,0.019684021842,0.114874211090,0.019750560403,0.014292669822,0.015979850709,0.010890087145,0.019272946254,0.573473699853,0.114874070101
0.035661862676,0.007556483467,0.046313647004,0.007611583818,0.004770898764,0.005063133736,0.004044686060,0.006858409110,0.835805780038,0.046313515328
0.194658672507,0.026139425308,0.157057027254,0.026376368967,0.016342902964,0.017049216984,0.015463532853,0.018136431389,0.371719722238,0.157056699535
0.091226446253,0.021341304453,0.104056304102,0.021457685641,0.015993163546,0.017527632323,0.015311392981,0.019894143219,0.589135851926,0.104056075555
0.147334371266,0.038504020394,0.306133477635,0.038811005244,0.025162941841,0.023726276070,0.012325756334,0.025692011033,0.076177607463,0.306132532720
0.114808083875,0.036950120912,0.261678219285,0.037249771930,0.021417450048,0.025017739851,0.012057534796,0.031848416474,0.197293908164,0.261678754665
0.033729374607,0.234068902657,0.052984927626,0.233833278946,0.117571438024,0.100963539066,0.029728262741,0.117548136547,0.026587101897,0.052985037888
0.227525618939,0.018553354559,0.305220139501,0.018721144634,0.009580063290,0.011862018191,0.021387900447,0.014906658780,0.067024076650,0.305219025007
0.011328941158,0.227521131676,0.014023290697,0.222471581351,0.264662909549,0.076368282630,0.011444402773,0.147336322358,0.010819829439,0.014023308369
0.248374145288,0.018546251642,0.164179030505,0.018689516081,0.013109587424,0.011059172618,0.014813205739,0.013970305275,0.333080995326,0.164177790101
0.074237726407,0.022381098429,0.090072618205,0.022528125901,0.016445860486,0.018641321785,0.018680480961,0.018786728097,0.628153666539,0.090072373189
0.676730301179,0.003295610185,0.052758834789,0.003320964971,0.002225209780,0.002640200523,0.002806568722,0.002729992515,0.200733984995,0.052758332342
0.087659874479,0.014346274381,0.087253599405,0.014465587948,0.009536643246,0.010978358380,0.011766976800,0.011950027717,0.664789232436,0.087253425210
0.029796093156,0.137555031574,0.061040082311,0.138843233184,0.047362271739,0.413731745214,0.015584356382,0.075742090388,0.019304878732,0.061040217321
0.010998591960,0.289383275652,0.020701791440,0.300610669585,0.153133126159,0.069037452478,0.009185368909,0.116633012107,0.009614861448,0.020701850262
0.017777972613,0.020816864251,0.023881173613,0.020879158927,0.017751309447,0.017534093207,0.819140906171,0.018040021808,0.020297290635,0.023881209329
0.050085122653,0.056718577940,0.067312304366,0.057043934504,0.040870324909,0.037142314314,0.513070716161,0.045945126181,0.064499311990,0.067312266982
0.014368240594,0.217068484474,0.027647685352,0.214726148099,0.176172920966,0.082168122937,0.010238678504,0.217820953585,0.012141023688,0.027647741800
0.013064045419,0.204524969216,0.016816661174,0.200459539966,0.263494559680,0.076213661714,0.013131533667,0.182743626637,0.012734721006,0.016816681522
0.026844653920,0.175640790182,0.032809547142,0.172626690321,0.318171124213,0.064010318461,0.027537883493,0.115126869919,0.034422547647,0.032809574703
0.018178067044,0.224466914530,0.028235020381,0.225869126957,0.137915500583,0.152936227309,0.016547314011,0.148469691445,0.019147101844,0.028235035898
0.089892554361,0.071338652655,0.153141892510,0.071735827867,0.044740764373,0.047884917082,0.027735734898,0.061940662727,0.278447008820,0.153141984705
0.135567252099,0.020793375385,0.144452758968,0.020973474398,0.012980813644,0.014733469719,0.014561161376,0.016986808433,0.474498983526,0.144451902452
0.064550237716,0.018845273560,0.081649827158,0.018905737215,0.015217227781,0.013654692369,0.012591280530,0.015328504376,0.677607644712,0.081649574583
0.494781333237,0.022786345638,0.153568009899,0.022923473582,0.015690190696,0.020097929620,0.017980657604,0.018463332515,0.080141621525,0.153567105683
0.051421753354,0.005955048062,0.077007955097,0.005999720347,0.003933276702,0.004193793182,0.003576314272,0.004877070523,0.766027539237,0.077007529225
0.036925497253,0.154470688980,0.070872722427,0.156093931577,0.062968224831,0.314192496633,0.022016938349,0.080060792479,0.031525902262,0.070872805209
0.017117472016,0.165501251196,0.023312691246,0.164331200543,0.093631324735,0.306886535477,0.022717325837,0.166924421087,0.016265056516,0.023312721348
0.013603671252,0.179208332783,0.027982451767,0.175419531507,0.311593511839,0.068638828462,0.028721160876,0.155936518555,0.010913454359,0.027982538600
0.014715242433,0.242998689677,0.029992695131,0.240213335105,0.165513845629,0.096457252065,0.024680935226,0.142331551485,0.013103712351,0.029992740899
0.052267881426,0.162875061384,0.101773746570,0.162241451145,0.144397516213,0.073112130923,0.059203107542,0.103545527981,0.038809754125,0.101773822691
0.019893376217,0.232014838977,0.049014298104,0.230915560022,0.143023268770,0.057999937422,0.015043121174,0.187482572344,0.015598546618,0.049014480352
0.018265723131,0.163614375428,0.025053272206,0.162026634809,0.135243388037,0.224106658819,0.018576011636,0.208042743230,0.020017891506,0.025053301199
0.198983403572,0.061333568894,0.198657799489,0.061620440037,0.044197061336,0.050329858315,0.043167350727,0.051331655776,0.091721230055,0.198657631799
0.123206687449,0.045211137173,0.307028079922,0.045603636001,0.026877178755,0.027832112817,0.017257563521,0.031865112716,0.068091568099,0.307026923548
0.065036931653,0.006704648461,0.078281692876,0.006748286168,0.004216153759,0.004390654974,0.003372247121,0.005191698675,0.747776332935,0.078281353377
0.183367839457,0.064189542579,0.228328402777,0.064695447243,0.039807162645,0.039731231473,0.027951267033,0.062710124704,0.060890956739,0.228328025350
0.009497176099,0.109165458986,0.011074715801,0.108102982710,0.088685633694,0.528957563959,0.009429720313,0.114805094482,0.009206929255,0.011074724702
0.365943002090,0.013662872986,0.232368584504,0.013758571003,0.009313793405,0.009515258426,0.010070054463,0.010354276501,0.102646921221,0.232366665402
0.015989692195,0.252007407125,0.026104508994,0.254034810585,0.106965290759,0.057690801995,0.052654762310,0.197413775245,0.011034386484,0.026104564308
0.320684221696,0.018407266116,0.070761057746,0.018531564453,0.012475170354,0.020053883332,0.012159941057,0.014939142825,0.441226743190,0.070761009232
0.009095222970,0.176177435639,0.015811023938,0.171932107173,0.162782278328,0.240751481040,0.007110176420,0.191718013732,0.008811206657,0.015811054104
0.074688658100,0.191764218947,0.070477067822,0.195839377081,0.109025072417,0.061803638140,0.064745415305,0.122705200538,0.038474248974,0.070477102676
0.016851119145,0.243133548296,0.030197707350,0.251571499993,0.067046833876,0.133801960060,0.008672585567,0.208334338783,0.010192643470,0.030197763460
0.034858130713,0.202278954667,0.057282622024,0.202281097693,0.157145583719,0.085329015544,0.063079916584,0.110564552680,0.029897391739,0.057282734637
0.014343811707,0.186959254152,0.022505079710,0.184278398653,0.307214590258,0.062918329549,0.018574394638,0.166874695820,0.013826321371,0.022505124142
0.005038368778,0.179057706596,0.011845152612,0.173857492952,0.143068686976,0.148804034928,0.004694919783,0.316440987573,0.005347455764,0.011845194038
0.014343811707,0.186959254152,0.022505079710,0.184278398653,0.307214590258,0.062918329549,0.018574394638,0.166874695820,0.013826321371,0.022505124142
0.003787321660,0.170843129566,0.007564956113,0.165300252165,0.264661846239,0.231941870253,0.003858476319,0.141088899815,0.003388267732,0.007564980138
0.008819288046,0.210417030482,0.017080983750,0.213404100387,0.063299388451,0.154272761159,0.008029196310,0.300951679469,0.006644543645,0.017081028300
0.004993310205,0.160454126671,0.007842396209,0.157444361086,0.562647908625,0.023494736797,0.007735435404,0.062702569376,0.004842742479,0.007842413147
0.005688979952,0.201659302022,0.008541458128,0.196327621484,0.216301967866,0.067880815782,0.005726305025,0.284100765356,0.005231309549,0.008541474835
0.020535151126,0.193487307120,0.039389814034,0.190617390779,0.196041828961,0.057210961365,0.082547116853,0.160027015043,0.020753498255,0.039389916465
0.019536206132,0.172500716497,0.022466058479,0.164334983237,0.337623691536,0.063968051896,0.020481702184,0.157402449490,0.019220062193,0.022466078355
0.012621660712,0.225893659721,0.028930250133,0.225741774349,0.091436549099,0.114703386911,0.033675179971,0.224268013601,0.013799187510,0.028930337993
0.009983962751,0.195984094145,0.014777576356,0.192945685380,0.411701291236,0.047576501329,0.014819987148,0.088119787742,0.009313513294,0.014777600619
0.003970461981,0.167016145167,0.005775832269,0.162071536315,0.492438229519,0.034568819881,0.004290508294,0.119861226917,0.004231397549,0.005775842108
0.022648755719,0.196407054378,0.049018439239,0.194029923363,0.179356661194,0.138402144732,0.036154818374,0.111079617455,0.023883992100,0.049018593447
0.018679996631,0.201769015071,0.025710268472,0.199739583019,0.338421140270,0.058879959020,0.025624090963,0.088353710008,0.017111932326,0.025710304222
0.016921260435,0.210310431866,0.033364975309,0.206752226132,0.174835231570,0.127501672417,0.019985921007,0.159112604230,0.017850619524,0.033365057511
0.005318672363,0.156480913127,0.007752470188,0.151943952275,0.507112019346,0.028607835782,0.029129141120,0.100813175097,0.005089338030,0.007752482672
0.008184187222,0.201390175958,0.016027908935,0.196013899148,0.232320502406,0.046518666202,0.006860539230,0.268762156468,0.007894013149,0.016027951281
0.134187743200,0.037673470376,0.304587714992,0.038108337036,0.019736533828,0.024875658094,0.015231407286,0.033093188655,0.087918793933,0.304587152601
0.022433351855,0.193681282419,0.023129188543,0.190035090449,0.255391655326,0.076832638381,0.058925761755,0.139344802291,0.017097023433,0.023129205548
0.011569070440,0.152847934063,0.016634043184,0.148270367623,0.436069157005,0.047076182195,0.014859619513,0.144279129529,0.011760422868,0.016634073580
0.004822836648,0.247861040512,0.007116717356,0.241789474684,0.247884372307,0.048454514713,0.006002808056,0.184367079031,0.004584425803,0.007116730890
0.010112442287,0.213255872855,0.015276154480,0.207436132460,0.257919158107,0.093408507090,0.011399526302,0.166366514622,0.009549512414,0.015276179383
0.206060812842,0.034687037327,0.265345938588,0.034930266038,0.021386138645,0.025794490378,0.016881671432,0.025782241734,0.103786811144,0.265344591873
0.014176630107,0.230027618066,0.040481450992,0.234512660594,0.112469490300,0.095910135932,0.011470559863,0.208782847386,0.011686995818,0.040481610942
0.013867945880,0.258488797177,0.029062769087,0.262743795520,0.126669429886,0.083293518289,0.010765256235,0.171183381600,0.014862243974,0.029062862352
0.307674149005,0.034752580874,0.212363081847,0.034963989873,0.025431426147,0.029276370775,0.023630004116,0.029906365311,0.089639673540,0.212362358512
0.133570243352,0.023762131416,0.367029649577,0.023994095541,0.013591679620,0.014581672117,0.008641767281,0.016207602025,0.031593391622,0.367027767449
0.040649492421,0.041119038857,0.068640168991,0.041352553272,0.029504248025,0.026274800507,0.621728305361,0.030816195525,0.031274984638,0.068640212404
0.030003925979,0.203343903860,0.039778259596,0.206689326775,0.200333466043,0.081674773403,0.031809129430,0.132749581638,0.033839327210,0.039778306066
0.114280050128,0.062764261238,0.292453063129,0.063401478369,0.033712536581,0.034533736617,0.018237197201,0.040155665623,0.048008173076,0.292453838038
0.167024417497,0.040424948519,0.293216836941,0.040688009800,0.023367099933,0.029957930816,0.023339760382,0.036176320866,0.052587374957,0.293217300289
0.349402102754,0.027270581627,0.164247942608,0.027448525358,0.018957470322,0.022123257275,0.019283078960,0.021811464241,0.185208149039,0.164247427816
0.329286200449,0.031854434379,0.197033792538,0.032065670176,0.021308383554,0.023492530992,0.016180736336,0.023342570775,0.128403097273,0.197032583529
0.037368613635,0.177076587421,0.056925760375,0.176966651577,0.117613296989,0.077908369852,0.171943454739,0.094436219522,0.032835166576,0.056925879314
0.024874610782,0.227666397460,0.044029319738,0.227416991070,0.149718480908,0.060966095308,0.110923457168,0.088899361614,0.021475836687,0.044029449265
0.024321363659,0.239069475598,0.052541824298,0.237206538398,0.188099969148,0.055471205096,0.032462689732,0.099734960521,0.018549981819,0.052541991731
0.226866616782,0.020732755525,0.318254348441,0.020811274803,0.013656444730,0.014378485625,0.008582353212,0.015969526189,0.042495259858,0.318252934836
0.059640469042,0.033735230228,0.370836814428,0.034111081944,0.017372006870,0.026663753295,0.029360605925,0.022608830519,0.034832520248,0.370838687503
0.179898844073,0.056228946871,0.258875842001,0.057144257654,0.027382712116,0.028322669285,0.022575432340,0.047875399409,0.062819879132,0.258876017119
0.170205737949,0.032232320138,0.267352931460,0.032469792063,0.021322308280,0.025826630132,0.018770542117,0.026789478241,0.137677910436,0.267352349185
0.256256942839,0.020759359634,0.157617549088,0.020899569030,0.014120460292,0.017838563975,0.018602548293,0.017604573989,0.318683592935,0.157616839926
0.100000000000,0.100000000000,0.100000000000,0.100000000000,0.100000000000,0.100000000000,0.100000000000,0.100000000000,0.100000000000,0.100000000000
0.032925761726,0.195753089837,0.041317797772,0.195352107048,0.137321705145,0.133155529691,0.031116217652,0.161298600723,0.030441341153,0.041317849253
0.135666934194,0.050719235105,0.276742469451,0.050992025247,0.036951875793,0.039943231185,0.026115038772,0.042828805156,0.063297981978,0.276742403119
0.020206356908,0.281734525713,0.037225956909,0.293299743867,0.122940689839,0.057878153060,0.024618807069,0.106874870458,0.017994813331,0.037226082845
0.228874527440,0.013225381378,0.080752336116,0.013293905904,0.009625946234,0.009723833283,0.008928412590,0.010491970467,0.544331865351,0.080751821236
0.025948828809,0.224478446613,0.069767581183,0.222670944641,0.182907690133,0.068171789065,0.015666094170,0.101115480990,0.019505244912,0.069767899484
0.012574629520,0.234224667166,0.021779851246,0.231927716477,0.143732167523,0.175563869867,0.007858925791,0.139878442170,0.010679822089,0.021779908151
0.040669534236,0.226807087747,0.050683546917,0.226729892322,0.104894631466,0.140392791362,0.024710649790,0.103426590504,0.031001708615,0.050683567040
0.006270407926,0.203170338384,0.010512703809,0.201201285474,0.190765300866,0.122804338061,0.004979737284,0.244234591845,0.005548573222,0.010512723130
0.020429886367,0.229352359357,0.039567447028,0.227146964451,0.153461804895,0.067185528124,0.057461761477,0.147594077592,0.018232614030,0.039567556678
0.019494097761,0.229905912675,0.044945495110,0.227164198332,0.223566092892,0.063757151280,0.027010148099,0.102995840486,0.016215360662,0.044945702703
0.028916617722,0.217751279621,0.042964196322,0.217701039899,0.165548489577,0.109643409415,0.027300744449,0.120062855637,0.027147084596,0.042964282763
0.010848976454,0.242194770389,0.018766127007,0.244894813831,0.255204239060,0.038829255157,0.026116970349,0.135306412882,0.009072272374,0.018766162496
0.018203875053,0.289706140541,0.045820855788,0.306448104355,0.059033949992,0.073248163260,0.048636219189,0.099987796044,0.013093903849,0.045820991928
0.009074883031,0.256667005401,0.016167973953,0.265234341400,0.066534375205,0.138368575091,0.011193927692,0.210547150439,0.010043745767,0.016168022021
0.017049768225,0.255898896193,0.027582494625,0.255580677654,0.174479627184,0.071161445802,0.026855978872,0.127192902298,0.016615656755,0.027582552392
0.024597934288,0.212525782641,0.033190277918,0.213532836687,0.131093892590,0.183148756081,0.019250239993,0.130642402971,0.018827549519,0.033190327312
0.027665574757,0.098476883293,0.049913983806,0.099086365883,0.049946952310,0.532717565012,0.013602104573,0.057708489717,0.020967984915,0.049914095732
0.028600636164,0.226539615116,0.046507569412,0.226200573970,0.133865365019,0.062980113025,0.030545753234,0.163930317304,0.034322380286,0.046507676470
0.043741475404,0.226068402437,0.065216991804,0.228786535795,0.114725472399,0.097753978712,0.024332188198,0.106113915574,0.028043992341,0.065217047336
0.044308819151,0.154754568361,0.056526188964,0.154947325996,0.111992676815,0.092922816924,0.183516981247,0.103444442829,0.041059936282,0.056526243431
0.027633429066,0.213832419484,0.047836255611,0.216606420581,0.078316297364,0.229304813806,0.017851453662,0.099531402911,0.021251155957,0.047836351558
0.025147889602,0.217532971244,0.038220134523,0.216738577616,0.116715444979,0.160333774481,0.024074772857,0.137050792503,0.025965426735,0.038220215459
0.041924852566,0.224872331492,0.058869328472,0.225332107631,0.110835514800,0.102801254507,0.038518036995,0.103223255138,0.034753927005,0.058869391394
0.049523281303,0.180090293863,0.082313139144,0.185309931336,0.073195917860,0.083219439992,0.060235934385,0.156775171473,0.047023594743,0.082313295901
0.021363813545,0.236725405204,0.039923202888,0.239816657939,0.086968001622,0.202712785720,0.014577041249,0.101034321672,0.016955471197,0.039923298963
0.004942447819,0.034216486267,0.009231935505,0.034511008209,0.011805398363,0.862129558514,0.007818378240,0.021504973053,0.004607859938,0.009231954091
0.011498911986,0.216951438625,0.022128807114,0.214314863304,0.081361995744,0.221817552657,0.026542973570,0.173929769571,0.009324801505,0.022128885925
0.346788239150,0.015488910098,0.267632239849,0.015619562287,0.010313415585,0.010655729828,0.007952124305,0.013124953956,0.044795350600,0.267629474342
0.005314026004,0.231820056140,0.008191035757,0.226431120482,0.167828809107,0.217303148799,0.006932721155,0.123087912022,0.004900116682,0.008191053852
0.026401295667,0.178053858242,0.049525241070,0.179861925071,0.073166992232,0.227596854489,0.102951393614,0.089128587810,0.023788480624,0.049525371179
0.002448096916,0.035916991200,0.003791724518,0.035822540196,0.014581925446,0.875750722105,0.002017166817,0.023644733469,0.002234369456,0.003791729878
0.015489935907,0.235641994197,0.032300364507,0.230152731884,0.251863663252,0.061015434167,0.017182426796,0.110750615457,0.013302381238,0.032300452595
0.034082940121,0.182432736500,0.056663485273,0.183812027997,0.093454625368,0.218728373081,0.047907461155,0.093528133672,0.032726621737,0.056663595097
0.073883821469,0.191511545197,0.064762186961,0.191366884080,0.123088132396,0.068200671411,0.094328337806,0.091500372011,0.036595850637,0.064762198031
0.000568004324,0.004525347371,0.001023884392,0.004531840759,0.001616278242,0.982357169836,0.000321189650,0.003507977498,0.000524421838,0.001023886089
0.057061778813,0.196065629442,0.090579361905,0.198549118518,0.094277583587,0.083842640621,0.052928078053,0.093016535964,0.043099703784,0.090579569315
0.025086338807,0.180360553965,0.031773321938,0.176495297620,0.237227832664,0.070079448106,0.023685574820,0.199520232218,0.023998042452,0.031773357410
0.052861221485,0.127756505489,0.061703840362,0.128233675071,0.089283471986,0.071918659474,0.272380136263,0.082671425431,0.051487173881,0.061703890558
0.030647101797,0.229702835339,0.051577838348,0.230811341977,0.128059023684,0.116841874538,0.030091817689,0.103697084259,0.026993127045,0.051577955324
0.021988549867,0.180902425686,0.048994779882,0.185457889413,0.063025278601,0.054565932759,0.023429556508,0.345060646077,0.027579984981,0.048994956226
0.020245795131,0.238524525117,0.033375709003,0.240837365374,0.154667482317,0.070029388705,0.019104384177,0.172064424324,0.017775128001,0.033375797852
0.015027375863,0.077996015761,0.025671370934,0.078628377350,0.025392414892,0.673577553499,0.010961240937,0.055270229202,0.011804016438,0.025671405122
0.017523203610,0.237052998207,0.028654322221,0.233256723370,0.171772361674,0.075781627350,0.076678249433,0.114154230582,0.016471882641,0.028654400912
0.067484611340,0.153013175082,0.100442657615,0.153686911686,0.111090077455,0.098807211044,0.052042421399,0.100846948514,0.062143209122,0.100442776742
0.088555272471,0.133340520975,0.148213117703,0.134461116680,0.081375559862,0.082878143066,0.043054584227,0.086562789800,0.053345590714,0.148213304501
0.011757333277,0.223189441364,0.022329691866,0.227457702716,0.149450054039,0.166287027452,0.022604422331,0.145465171745,0.009129405263,0.022329749946
0.052562425458,0.169176933178,0.065587162379,0.169840382526,0.121212571929,0.117197631772,0.071642872872,0.108190753934,0.059002023654,0.065587242299
0.054929059173,0.187199785460,0.090924949442,0.189258799043,0.105273897991,0.097446130021,0.042540913041,0.099898483805,0.041602845690,0.090925136332
0.025691177941,0.047839622317,0.033129938316,0.048026990724,0.023802294552,0.693549490063,0.011251067199,0.033143734512,0.050435731690,0.033129952686
0.027042046873,0.256074911251,0.049187179682,0.260443400905,0.084102737539,0.075925845225,0.053251777147,0.114101296819,0.030683503061,0.049187301496
0.081994013340,0.118980189983,0.170252627767,0.120759472832,0.052211278449,0.066170859875,0.073730564056,0.079735246719,0.065913055875,0.170252691104
0.014148295676,0.207091288844,0.028859055280,0.204832980304,0.087439188812,0.224722431024,0.012521130833,0.174169652016,0.017356854474,0.028859122737
0.046615627829,0.156688909760,0.062469224502,0.157675912931,0.093254210069,0.221820391842,0.048592283475,0.102824280863,0.047589879313,0.062469279416
0.073415116671,0.066498105831,0.315594105134,0.066891401135,0.040341152994,0.031235333937,0.011810488772,0.044737533308,0.033882326654,0.315594435563
0.820771052022,0.004552289418,0.067563574419,0.004590109351,0.002927540422,0.003427021812,0.003395527978,0.003528333479,0.021681543293,0.067563007806
0.489108929010,0.047657863206,0.139330596368,0.047894402522,0.027403153315,0.025885316428,0.013147797627,0.041458556380,0.028782524923,0.139330860221
0.010019077274,0.012989557649,0.013650042264,0.013084474906,0.008572891218,0.008425090326,0.903088811951,0.008801080999,0.007718905706,0.013650067708
0.006527105392,0.010367528431,0.008665180134,0.010458245799,0.007031278704,0.006541907869,0.926900733270,0.007144650497,0.007698185827,0.008665184077
0.003831644143,0.005383853140,0.005490453210,0.005403758395,0.003738963130,0.005936548749,0.954557212087,0.005167130837,0.004999977444,0.005490458866
0.000160954734,0.000285225207,0.000245813901,0.000286477755,0.000202719710,0.000171063769,0.998013562804,0.000207860632,0.000180507246,0.000245814242
0.004884797158,0.011018940423,0.006541175505,0.011132425418,0.006932457452,0.005674789428,0.931429795936,0.007598966174,0.008245470397,0.006541182109
0.020810579260,0.010105459269,0.018013369442,0.010176387865,0.006632281312,0.006695902586,0.889571107676,0.007439462042,0.012542095804,0.018013354744
0.026767404828,0.030376836277,0.025716212225,0.030559819381,0.022118416072,0.017658072680,0.776214994505,0.022090472455,0.022781570429,0.025716201150
0.001394718807,0.002018987537,0.002372694386,0.002037943231,0.001296830042,0.001275534961,0.984158640342,0.001434555128,0.001637394229,0.002372701337
0.000969268006,0.001513763850,0.001376073178,0.001526633834,0.001113650446,0.001053099019,0.989006050472,0.001103610547,0.000961776626,0.001376074023
0.004552076400,0.006975125641,0.007381927196,0.007016050759,0.005034216034,0.004553409845,0.947168818127,0.005031275769,0.004905159860,0.007381940368
0.120510773613,0.044667575233,0.316516946845,0.045049828784,0.026190720185,0.033500710927,0.018932160066,0.036356864827,0.041757969878,0.316516449642
0.016891737401,0.028594241621,0.028300995817,0.028874003265,0.017903347040,0.016333129708,0.799451287308,0.020322598175,0.015027614375,0.028301045290
0.226647060847,0.024715283926,0.292811533229,0.024932416372,0.016016151840,0.017619900884,0.015658495989,0.020108985338,0.068680061640,0.292810109936
0.130909871025,0.028433170946,0.269336921408,0.028666170315,0.017917224629,0.020087089470,0.014821653921,0.023740607628,0.196750208041,0.269337082617
0.004216063876,0.005958753220,0.005895397384,0.006019964588,0.004007546084,0.003340556792,0.956748393332,0.003953295546,0.003964626729,0.005895402449
0.380490521067,0.014732963134,0.210210040552,0.014829301570,0.010605616843,0.012832094028,0.012249874122,0.013389475848,0.120450961550,0.210209151285
0.001028979904,0.001613721937,0.001469691242,0.001623124696,0.001111208498,0.001023372153,0.988527656300,0.001176966519,0.000955585919,0.001469692832
0.059245400008,0.076925234913,0.069478885160,0.077089423956,0.063980099289,0.067077578622,0.394000199416,0.065217594916,0.057506680329,0.069478903391
0.022700984440,0.007315986190,0.013234054467,0.007351415557,0.005876802698,0.005552728294,0.907309592850,0.005852574635,0.011571834391,0.013234026479
0.237784207270,0.003808325489,0.021620478307,0.003837747110,0.002520964156,0.003627729858,0.005119245290,0.002794405143,0.697266538371,0.021620359006
0.121577813476,0.059702958074,0.099476648018,0.059733458042,0.044108249512,0.208222590104,0.030894342727,0.050494788369,0.226312837503,0.099476314175
0.128549137227,0.078492631602,0.118374500165,0.078593368031,0.070763257541,0.073046925256,0.078758159504,0.072357292319,0.182690241379,0.118374486978
0.017889128318,0.252947306896,0.039569727911,0.256826819638,0.106257149062,0.063848410936,0.034580464632,0.168102125637,0.020409034766,0.039569832204
0.014813171777,0.204440276115,0.036631972100,0.201679861438,0.098837809669,0.220760310397,0.007320964125,0.169102457530,0.009781045199,0.036632131651
0.051526604115,0.166210505502,0.084462854449,0.167413511283,0.085133668985,0.119754731799,0.041284998181,0.131154707509,0.068595389758,0.084463028418
0.171997056089,0.096702033291,0.098070679583,0.097255775786,0.071651130114,0.069702579208,0.065929180036,0.112762790701,0.117858279833,0.098070495360
0.057266107652,0.176434008512,0.106201371725,0.178195784297,0.099435290945,0.080937362493,0.048841655987,0.099048460011,0.047438287044,0.106201671334
0.027482120228,0.089604474923,0.075574368915,0.090168204719,0.029743170816,0.502697948274,0.012298369060,0.076791189865,0.020065530374,0.075574622827
0.019637110254,0.191981728770,0.032573970127,0.193049850370,0.083240230362,0.288027945552,0.052524183765,0.087984171083,0.018406750931,0.032574058786
0.065181272756,0.132068508096,0.127999350602,0.133433480159,0.063083196405,0.145519211507,0.027464279186,0.071131752858,0.106119245418,0.127999703014
0.029899480984,0.207053464875,0.071234129259,0.207767905675,0.106386613182,0.140110244624,0.015888259509,0.125886166874,0.024539382392,0.071234352626
0.029348636467,0.220985674411,0.071555434031,0.221172526200,0.094563324574,0.134610028219,0.029503266544,0.100844721265,0.025860696408,0.071555691880
0.013402097006,0.039641185722,0.018255016284,0.039758804830,0.018471183327,0.798434205274,0.006921771523,0.024452826992,0.022407863174,0.018255045867
0.034697347502,0.219574997960,0.037178468007,0.216560971597,0.172955536008,0.081905246670,0.044801006724,0.121632869968,0.033515059043,0.037178496521
0.023812550712,0.277619831012,0.051312095727,0.288968211081,0.073980614457,0.073918263582,0.038151101585,0.104019306397,0.016905765179,0.051312260268
0.039070056637,0.130366052335,0.045351585896,0.130135849183,0.062536017355,0.324931201045,0.022401554881,0.115459972605,0.084396112183,0.045351597881
0.026344713049,0.217645899407,0.047319374253,0.216357800223,0.153060743451,0.068583829016,0.094333123202,0.104665496557,0.024369495577,0.047319525265
0.041487726228,0.204371655283,0.093214284184,0.207341523684,0.095199379358,0.084933723265,0.031799365827,0.114663102244,0.033774719463,0.093214520465
0.057114710934,0.181147554893,0.091553672980,0.182275526402,0.094679649250,0.096276752367,0.036399140949,0.125752158288,0.043246865991,0.091553967946
0.049441053921,0.159406183629,0.099195192586,0.160876978711,0.070702559924,0.078728338106,0.105032282866,0.135059201077,0.042362733778,0.099195475401
0.035251210009,0.198077943212,0.075176180041,0.198986330052,0.087150812502,0.153011663001,0.035370143765,0.112321206698,0.029478130207,0.075176380513
0.050784051497,0.192313289696,0.083923700532,0.196242196769,0.110229950276,0.094819853090,0.035300342873,0.110597867219,0.041864817569,0.083923930480
0.046127649732,0.194747609326,0.080770102107,0.195299687712,0.091014100928,0.113989602363,0.021942479204,0.140477402752,0.034861118029,0.080770247847
0.020386888102,0.134131602952,0.030172234547,0.133773302012,0.072907875211,0.472117627558,0.015341873301,0.072304695706,0.018691606150,0.030172294462
0.020375690165,0.231490373699,0.036598787963,0.231624135204,0.085565177202,0.149404625451,0.015287245299,0.173301988273,0.019753130714,0.036598846030
0.031520944720,0.222891942539,0.054397080014,0.221034134346,0.165075266515,0.064133994874,0.037127766962,0.119781654093,0.029640040011,0.054397175926
0.028150553205,0.215271264870,0.072119238418,0.216935182107,0.124421337206,0.082575754770,0.016979713239,0.148957955943,0.022469517915,0.072119482328
0.037272416332,0.227479106441,0.044052176887,0.230881500934,0.130949286984,0.094857936701,0.033435487293,0.124141733551,0.032878132071,0.044052222804
0.028694615151,0.214821740637,0.051318314044,0.214067795032,0.155671097739,0.072167359415,0.052746385312,0.131903485429,0.027290762896,0.051318444345
0.022920723596,0.248537887575,0.059209846684,0.250122095550,0.086084633583,0.061414032268,0.024200003376,0.170086476861,0.018214274618,0.059210025890
0.035519616062,0.225423181638,0.052796806117,0.226291209234,0.142988526180,0.087539043008,0.031577127858,0.113478344122,0.031589248571,0.052796897211
0.123157920021,0.014302686204,0.085739075587,0.014404803606,0.008043591071,0.024372872145,0.004998694640,0.010179225119,0.629062429747,0.085738701859
0.034447440861,0.221438145801,0.055609933652,0.223053863949,0.158312798353,0.077186824693,0.025607130640,0.122386777920,0.026347047174,0.055610036956
0.030759717799,0.213023080770,0.040393555369,0.212596925586,0.148365606350,0.131552027716,0.029089195179,0.125417471600,0.028408810269,0.040393609361
0.029510563438,0.253367694689,0.049103992872,0.253851627246,0.102043571580,0.113215396678,0.021043177760,0.105542004283,0.023217858314,0.049104113139
0.522728626848,0.033542676177,0.132054735838,0.033904822349,0.019195472162,0.020563694888,0.042816549397,0.024671264988,0.038467701241,0.132054456113
0.045303198181,0.015218564565,0.039189770540,0.015255143285,0.012312537456,0.012887030381,0.011167489157,0.013295413086,0.796181155457,0.039189697892
0.141884210809,0.089362360358,0.109744759584,0.089390705908,0.087790451713,0.087791866861,0.094127115615,0.088495333258,0.101668500220,0.109744695674
0.762230480854,0.009954875386,0.082531280441,0.010009297156,0.006634868216,0.007067620223,0.007598269663,0.008230683525,0.023211877672,0.082530746865
0.030568567377,0.219433895786,0.062306139789,0.216061968834,0.187966208298,0.064229041526,0.023919362839,0.110707393967,0.022501080714,0.062306340871
0.016453545652,0.192431292124,0.027639858478,0.188999165553,0.243202311071,0.144396701011,0.015527880697,0.129034293457,0.014675047396,0.027639904562
0.091372644087,0.124674164410,0.142868020948,0.126122747130,0.080985607888,0.052977168059,0.096316380067,0.093281921883,0.048533389566,0.142867955962
0.020030284378,0.218513340901,0.029770835432,0.220529099080,0.106157866670,0.092852761905,0.018451592907,0.244764422709,0.019158884465,0.029770911553
0.339242290195,0.026823682855,0.145428408585,0.026929177788,0.020491352486,0.020980588014,0.079109317637,0.022641125246,0.172926523474,0.145427533720
0.026046843225,0.218516973608,0.050878639668,0.215395809653,0.203664313666,0.072933449113,0.022247510734,0.117578861282,0.021858792945,0.050878806108
0.338843011606,0.012677084461,0.142931686270,0.012793867266,0.007817545925,0.008245699878,0.014016875990,0.010527879292,0.309215616401,0.142930732910
0.019565319144,0.181597793266,0.040541731407,0.181128629862,0.074352446655,0.193042202155,0.074455729618,0.171967922063,0.022806377745,0.040541848084
0.150233347379,0.040874468480,0.305742394509,0.041308614378,0.021873953295,0.034521226781,0.029809142137,0.029029063071,0.040866764475,0.305741025495
0.008026372980,0.202296446368,0.014411317274,0.199675133795,0.424617327716,0.046966812060,0.009327503823,0.073501401615,0.006766330193,0.014411354176
0.035661862676,0.007556483467,0.046313647004,0.007611583818,0.004770898764,0.005063133736,0.004044686060,0.006858409110,0.835805780038,0.046313515328
0.072439086443,0.087126647742,0.222054029860,0.087559692841,0.047281829380,0.054558552405,0.028646152971,0.123608819351,0.054670274502,0.222054914504
0.076377376752,0.119739673417,0.179418130468,0.120904100855,0.070636525623,0.076757041771,0.040093019757,0.082281962414,0.054373445425,0.179418723518
0.002905323754,0.004383436543,0.004510035483,0.004420643508,0.002746847706,0.002800321373,0.967755677380,0.003239143687,0.002728528752,0.004510041814
0.018141919781,0.211707369764,0.029282278611,0.211949811048,0.151644545941,0.074485119592,0.018642007390,0.236815429246,0.018049197943,0.029282320684
0.059810373268,0.200884500523,0.080851837680,0.202254583131,0.117878029511,0.085538939376,0.038294478890,0.095142104102,0.038493214209,0.080851939310
0.011400383920,0.232970493283,0.016022698022,0.225795933232,0.269025993969,0.058221990173,0.011534706140,0.149248972239,0.009756110350,0.016022718674
0.001998238552,0.093386515288,0.002848124551,0.089467322040,0.719154938615,0.018419673012,0.001822100508,0.068147424056,0.001907534791,0.002848128589
0.119285957471,0.093692904796,0.146285886364,0.094017329576,0.076636617975,0.081851004122,0.056224763226,0.080335528153,0.105384129564,0.146285878752
0.089028837146,0.119044166455,0.181933818568,0.119680640983,0.054715961494,0.064331688020,0.026536483333,0.116686571266,0.046107882122,0.181933950612
0.013248375481,0.209248485127,0.023950026399,0.207419720893,0.092523673548,0.156693932521,0.049133791276,0.212222625787,0.011609290325,0.023950078644
0.227525618939,0.018553354559,0.305220139501,0.018721144634,0.009580063290,0.011862018191,0.021387900447,0.014906658780,0.067024076650,0.305219025007
0.024084076136,0.180699088543,0.032283284767,0.182987855401,0.135054467299,0.238460254248,0.029983335664,0.118850305634,0.025313989220,0.032283343089
0.676730301179,0.003295610185,0.052758834789,0.003320964971,0.002225209780,0.002640200523,0.002806568722,0.002729992515,0.200733984995,0.052758332342
0.013614204240,0.185151782749,0.036625037868,0.182872577682,0.139714405507,0.273326063269,0.007161392981,0.113271538700,0.011637813037,0.036625183968
0.194658672507,0.026139425308,0.157057027254,0.026376368967,0.016342902964,0.017049216984,0.015463532853,0.018136431389,0.371719722238,0.157056699535
0.011972033226,0.228149773415,0.025797079055,0.224689259209,0.180372263662,0.176409442039,0.007190741400,0.110054154552,0.009568125924,0.025797127518
0.082922069918,0.113836028575,0.122456762641,0.114113743957,0.093523387287,0.092288530224,0.086804667159,0.095119607099,0.076478267191,0.122456935949
0.008787428452,0.223428294727,0.025987341081,0.218995337448,0.247048408449,0.096854100205,0.006942451001,0.138472732082,0.007496469802,0.025987436753
0.027011121508,0.211041859655,0.130274190512,0.220186660596,0.077344370275,0.056426176065,0.017922997032,0.109563126329,0.019954408663,0.130275089365
0.008413123444,0.118352098119,0.013991001449,0.117821680817,0.051915343607,0.168188054782,0.006577264012,0.492811628361,0.007938784578,0.013991020832
0.011358103979,0.227718794098,0.025489658823,0.237003873924,0.066275334094,0.123523831303,0.012457380473,0.261051937183,0.009631351750,0.025489734373
0.044806263261,0.193202463957,0.101017062409,0.194174503073,0.141897648113,0.070859502824,0.017105111158,0.105835250851,0.030084878305,0.101017316050
0.004146897776,0.118659045471,0.005877055769,0.114663795414,0.636611003976,0.026248734377,0.004769926480,0.079192574062,0.003953900766,0.005877065908
0.039932489323,0.008934376062,0.055386902518,0.009011691762,0.005665549104,0.006704037748,0.030153288991,0.006977511393,0.781847334892,0.055386818208
0.082846883534,0.130811166238,0.142248054246,0.129537418040,0.110152526865,0.081419456486,0.028055152917,0.106850115186,0.045830938552,0.142248287935
0.010369565704,0.205110788695,0.014404985796,0.207817234352,0.085051540363,0.294432660492,0.007474485421,0.150477889743,0.010455850041,0.014404999393
0.028332289413,0.203959824515,0.048799247039,0.201680165454,0.191334572738,0.088679984233,0.021231901086,0.144537857137,0.022644796309,0.048799362076
0.004038064232,0.162137170972,0.007158771090,0.158206910207,0.553893892872,0.026826303188,0.004427857603,0.072703610395,0.003448629526,0.007158789913
0.010467784789,0.122603029016,0.016314072363,0.122731034347,0.077605834608,0.044097036361,0.024473689302,0.555512756586,0.009880652875,0.016314109753
0.031703338627,0.160244251315,0.038907562213,0.155476910658,0.338200855925,0.063073051054,0.026245799874,0.112440011602,0.034800608165,0.038907610567
0.011515898814,0.216868772911,0.023505166537,0.222793506469,0.272157095307,0.074405451921,0.008743427534,0.132466759867,0.014038666904,0.023505253735
0.006574274466,0.176510805305,0.008768159560,0.171769982076,0.463532078094,0.050030054730,0.006573076542,0.101056599496,0.006416796850,0.008768172882
0.008180315242,0.114112272579,0.010554631835,0.112194350280,0.597151534161,0.077451669958,0.007690274506,0.054099119807,0.008011186410,0.010554645221
0.005595016001,0.128370994672,0.008571144060,0.125432449550,0.595226064673,0.061009007314,0.004672343006,0.055977278869,0.006574541218,0.008571160636
0.034391569156,0.183065355884,0.053908237964,0.185004704027,0.152526399523,0.074376649867,0.063301377624,0.164554405098,0.034962923131,0.053908377726
0.080842317308,0.099796521995,0.184829847542,0.100393942159,0.076348814170,0.069782210373,0.050010981526,0.073537226849,0.079627936729,0.184830201350
0.008121687706,0.151098212720,0.015602664065,0.147543621450,0.523406273318,0.039420171025,0.006068794715,0.084771142453,0.008364720969,0.015602711579
0.033917936026,0.202766485285,0.106396393669,0.211352298146,0.114192110896,0.057360285451,0.023739504462,0.116566406715,0.027311672871,0.106396906478
0.078664325666,0.057008499380,0.187399959987,0.057340693814,0.037118517368,0.065828416407,0.203795683175,0.053061057348,0.072382250066,0.187400596788
0.014024284127,0.183199582134,0.026920131507,0.187085196923,0.075950846651,0.137429311023,0.014467478651,0.320926406250,0.013076568989,0.026920193745
0.769083885966,0.009106829514,0.065148383054,0.009161775990,0.006688269817,0.007634296083,0.008636269037,0.008428318049,0.050963949634,0.065148022855
0.058301355852,0.149425453062,0.116591209447,0.150207249787,0.095682822011,0.120379737377,0.045048311481,0.100523465969,0.047248776239,0.116591618777
0.002558936589,0.076797835469,0.006023104149,0.078507509121,0.030883674600,0.737224856530,0.002177483938,0.057401402707,0.002402068243,0.006023128655
0.019648138623,0.157694148152,0.030665409140,0.156670488361,0.392523943288,0.055528611214,0.016804923183,0.121417945181,0.018380926275,0.030665466582
0.169275629249,0.034521511955,0.306132831341,0.034791460622,0.022339303991,0.023672127077,0.018723553803,0.030688692114,0.053722151116,0.306132738732
0.006891318001,0.136294282805,0.013014939678,0.133297021996,0.113232342966,0.446459707556,0.005136307674,0.125852406562,0.006806698029,0.013014974733
0.008754361579,0.208180426177,0.016335326236,0.204237448149,0.275054143648,0.069129908584,0.006966393831,0.187659206784,0.007347421935,0.016335363077
0.012854051062,0.183300269244,0.025599850685,0.180911467952,0.354327650088,0.035240625195,0.007976498362,0.161747622762,0.012442064060,0.025599900589
0.031572581123,0.184368268377,0.041649930541,0.187348594022,0.193177397956,0.098869290902,0.032483002718,0.149930946465,0.038949998020,0.041649989876
0.011248823128,0.126365831071,0.017908593255,0.127218648219,0.098279041066,0.472590330199,0.011164164602,0.104904403925,0.012411526357,0.017908638178
0.119943381317,0.022885724600,0.283740908402,0.023073543086,0.013827392747,0.017796087616,0.008534840548,0.017423866029,0.209034585720,0.283739669935
0.029627819436,0.034478571570,0.032494100228,0.034668328129,0.027326419792,0.040827034133,0.606200763653,0.026832236770,0.135050617813,0.032494108477
0.120665867127,0.046411525791,0.192162617831,0.046643335305,0.031528928496,0.037839828130,0.117036533010,0.044117819920,0.171430765582,0.192162778808
0.094686808601,0.089316514775,0.159504303620,0.089649997093,0.065969975284,0.096345693356,0.051846696466,0.083654373808,0.109520897230,0.159504739766
0.041767381159,0.012147204589,0.060860935843,0.012288262983,0.006725605741,0.007008810176,0.037325949614,0.008508318837,0.752506691596,0.060860839462
0.069885952405,0.112021182359,0.197372572547,0.113169014124,0.072810962409,0.061458599640,0.042585953167,0.074333205764,0.058989162480,0.197373395104
0.079657157059,0.073951036802,0.083457393801,0.074151448347,0.061221251844,0.090707370109,0.153384043838,0.061847051431,0.238165750742,0.083457496028
0.100787828154,0.097491381452,0.152318668343,0.097290090681,0.069359416202,0.133591651505,0.042484036319,0.086173872663,0.068184300292,0.152318754388
0.072087916762,0.072192641566,0.074400189705,0.072391009727,0.059998743030,0.150147402998,0.070967002244,0.063079122791,0.290335731945,0.074400239231
0.021544041274,0.218923043249,0.041984182287,0.217167850299,0.202292387362,0.061180621925,0.020986438010,0.153054923041,0.020882227606,0.041984284949
0.004681030400,0.053611801697,0.007790376077,0.052916902329,0.035301568162,0.781187541939,0.003825551529,0.048718633659,0.004176204450,0.007790389758
0.023070580919,0.211162207834,0.033611448347,0.216748171470,0.168076247081,0.090053161727,0.027457560767,0.171864654307,0.024344460489,0.033611507058
0.016299183924,0.210108230466,0.026706992568,0.216373695591,0.165355824284,0.076876748660,0.015334091982,0.232011553430,0.014226627971,0.026707051124
0.007191222817,0.121863320744,0.011737035356,0.123992385246,0.050794576377,0.239523426499,0.006370767446,0.419875914686,0.006914293428,0.011737057399
0.018087155170,0.245009470406,0.031858557399,0.243655768604,0.183973319779,0.090063504130,0.015660259227,0.123110215045,0.016723105513,0.031858644726
0.024225416160,0.226582908030,0.037748697804,0.228219557688,0.101514693341,0.151910906475,0.018900617575,0.151821197752,0.021327223926,0.037748781250
0.022202051334,0.200829205338,0.037746650136,0.197836282021,0.214281202008,0.078260826379,0.024193298566,0.166823635626,0.020080109070,0.037746739522
0.008297114803,0.144411417804,0.019692974161,0.146121928681,0.038432045025,0.139839924308,0.005780102561,0.469006262302,0.008725174148,0.019693056206
0.047608197291,0.169423376408,0.066810790772,0.168932123909,0.171030452050,0.100329248688,0.054892992105,0.108573868643,0.045588074059,0.066810876074
0.013752522349,0.153802729649,0.026306239598,0.152717859432,0.125865064722,0.358730873845,0.012334328371,0.117138519472,0.013045567906,0.026306294657
0.117374800907,0.028345157563,0.320474925792,0.028623829103,0.015849059103,0.018769795559,0.009801325366,0.021251492989,0.119035438400,0.320474175219
0.010657199698,0.226341964311,0.014555380070,0.230662692994,0.208661865405,0.087231466691,0.010052712263,0.186054395358,0.011226919600,0.014555403610
0.050566509154,0.113033299780,0.052141581351,0.112496919104,0.088682374940,0.388454916229,0.014749742280,0.095306347510,0.032426629270,0.052141680381
0.033642154808,0.190322333218,0.062489827696,0.188398472106,0.174173422028,0.084667562543,0.023864627351,0.152733387902,0.027218248973,0.062489963375
0.034351390712,0.168046170814,0.077191201228,0.169858740813,0.086489396463,0.057233631487,0.189603476034,0.106725690674,0.033308933095,0.077191368682
0.020506051261,0.154953190743,0.040628965424,0.158420856281,0.067889179397,0.089054920378,0.017775077549,0.390482131216,0.019660557783,0.040629069967
0.002534886527,0.019418947348,0.005625304764,0.019361270369,0.010079803874,0.914399374853,0.001583904053,0.019295362268,0.002075826223,0.005625319723
0.009468018108,0.123368712569,0.019482625159,0.123545980799,0.050602207501,0.277238643140,0.008782548030,0.358975904127,0.009052674427,0.019482686140
0.007210984653,0.166818714955,0.011967311866,0.160003547117,0.497471408400,0.038496772205,0.006024862797,0.093533673183,0.006505383496,0.011967341328
0.029096555060,0.210910624686,0.081661847340,0.219836147793,0.059218995199,0.053739259667,0.020875311841,0.214790764285,0.028208263418,0.081662230710
0.140315789515,0.035350059204,0.331283606200,0.035690270470,0.018256723709,0.021855489237,0.011646717101,0.035418826660,0.038898230139,0.331284287763
0.022211940394,0.164566632011,0.045410673244,0.159654796948,0.341192507056,0.059974948563,0.005986499420,0.142934618133,0.012656773247,0.045410610983
0.055612397164,0.024445855880,0.065682063722,0.024537831954,0.021231407114,0.017324226726,0.011852729453,0.024094679585,0.689536954063,0.065681854338
0.264857962837,0.031087276092,0.273817298711,0.031424277911,0.019282488242,0.019613886422,0.013786027103,0.022523459953,0.049790943463,0.273816379266
0.006413754877,0.106369369822,0.008387778175,0.106612239892,0.084691123785,0.594026781679,0.006404592480,0.071957463316,0.006749107313,0.008387788661
0.004124448513,0.116269115871,0.007393025022,0.113138871321,0.634005047385,0.057981056564,0.003202688737,0.052476043472,0.004016655762,0.007393047353
0.007518032868,0.082957040218,0.010376594401,0.082452757593,0.071211462976,0.612574474665,0.025704656249,0.089366083512,0.007462283909,0.010376613608
0.253367830874,0.016612560526,0.097897697080,0.016741666730,0.011339561753,0.012279366041,0.012875965224,0.012866407122,0.468121539123,0.097897405528
0.072799171729,0.102510852489,0.085954206872,0.102664170074,0.092065795075,0.074908064188,0.203575579430,0.087626072300,0.091941819505,0.085954268338
0.004346299062,0.194260684745,0.007816597697,0.189733539539,0.375190100359,0.050508049108,0.003833740064,0.162244118161,0.004250251965,0.007816619299
0.158613940394,0.049276175840,0.259325998797,0.049699828028,0.034643497388,0.040256684340,0.030333828548,0.037984237219,0.080540606230,0.259325203216
0.072171447482,0.071297592426,0.229703823415,0.071617099808,0.033615771534,0.143314329407,0.014631272841,0.086915856166,0.047028813975,0.229703992946
0.001481212935,0.001540632178,0.001662635935,0.001542289453,0.001411819195,0.001397547512,0.986278480840,0.001421849064,0.001600896124,0.001662636765
0.020129297459,0.206943986381,0.042100198432,0.205066741298,0.170163087469,0.079080272907,0.015607439481,0.202283700043,0.016524927063,0.042100349468
0.117851187352,0.036138872765,0.339547743713,0.036404959919,0.020026292340,0.022385665268,0.015139872472,0.033483455740,0.039474001991,0.339547948441
0.027220283272,0.021170622222,0.032579251038,0.021258968415,0.018826548220,0.014411637477,0.008225827537,0.018013465972,0.805714191990,0.032579203856
0.008188296185,0.172210156414,0.019116566868,0.174971287208,0.082532406648,0.045487305837,0.020662240259,0.450781872232,0.006933240880,0.019116627468
0.123720843455,0.040858070130,0.327613650106,0.041211917234,0.020551830502,0.029305506496,0.012641881642,0.039334254715,0.037149053352,0.327612992368
0.126394975295,0.035548622395,0.336852010989,0.036061080613,0.016944734445,0.025614238462,0.012515325330,0.030277506673,0.042939472075,0.336852033722
0.002841282622,0.085973547984,0.005773952770,0.087442000656,0.063335340034,0.664922799405,0.002278020259,0.078608848174,0.003050239134,0.005773968961
0.003405470052,0.111949100185,0.004880321944,0.113557822569,0.083152005927,0.571442772918,0.003290515284,0.100018305834,0.003423354855,0.004880330431
0.015236557899,0.207878164844,0.025473734281,0.204068641072,0.253750429062,0.064925247244,0.015464352497,0.172956885335,0.014772183303,0.025473804464
0.003384443697,0.105679940899,0.006989830999,0.103420448193,0.056991000836,0.568915464710,0.002753804350,0.141609874415,0.003265338008,0.006989853892
0.094232491905,0.075951965216,0.171453781644,0.076334011016,0.050354664913,0.049760501992,0.077978355266,0.050031842918,0.182448196697,0.171454188434
0.014145025207,0.209901390314,0.024365434075,0.215876108464,0.277283597905,0.043676013336,0.014876623848,0.160127758539,0.015382544150,0.024365504164
0.017280848136,0.151405074561,0.022417860950,0.149080333202,0.424474400579,0.063061208313,0.016086657598,0.116642297401,0.017133429421,0.022417889839
0.005762694764,0.099693070724,0.007841573487,0.097651771792,0.686642312271,0.033973358262,0.005648108988,0.049442239390,0.005503285539,0.007841584782
0.087949537401,0.097599030873,0.170055555566,0.098133654465,0.070294509472,0.075297939575,0.067471568460,0.077330499467,0.085811846212,0.170055858510
0.005128983678,0.150332349423,0.007580786587,0.146596254435,0.569985982474,0.025555581515,0.004680583334,0.076721665887,0.005837011185,0.007580801482
0.004901482546,0.105101691229,0.006418662504,0.101724076380,0.674025013118,0.024878274391,0.004424365811,0.067515985534,0.004591777928,0.006418670559
0.012144391020,0.179678128863,0.021241264961,0.173803261354,0.309471102961,0.074622867859,0.009886708814,0.185806844790,0.012104093246,0.021241336132
0.019963553458,0.219824147588,0.035388245426,0.219502454370,0.193443565293,0.085177994028,0.016382719712,0.157955148373,0.016973828889,0.035388342863
0.002581939336,0.171255265095,0.003838632493,0.168986572307,0.387653150916,0.131412853286,0.002615079189,0.125286214710,0.002531651776,0.003838640890
0.014741086065,0.221477877670,0.029386561196,0.221859806122,0.130362946812,0.107270678380,0.012023352482,0.220807072462,0.012683978367,0.029386640445
0.032038380922,0.245357255388,0.064351651510,0.256380900728,0.109126982148,0.064384883079,0.013036879898,0.130239575768,0.020731889149,0.064351601410
0.010369565704,0.205110788695,0.014404985796,0.207817234352,0.085051540363,0.294432660492,0.007474485421,0.150477889743,0.010455850041,0.014404999393
0.008558539884,0.241447665975,0.018069983284,0.241118650632,0.107350388237,0.124139489113,0.005537109415,0.229073856601,0.006634291583,0.018070025275
0.231013917504,0.006551421585,0.114845151544,0.006601389576,0.004009397275,0.004764812898,0.003632766913,0.005917196897,0.507819520822,0.114844424986
0.004926763215,0.154098057645,0.009028020521,0.150319755864,0.125789350509,0.162090983576,0.004005198655,0.376384201555,0.004329621246,0.009028047215
0.001729631448,0.024472739595,0.002956726022,0.024402261412,0.014949950044,0.907170543454,0.001206592491,0.018659579173,0.001495243800,0.002956732562
0.288144559130,0.041842906838,0.214929547075,0.042164986361,0.029795150490,0.029411112653,0.029403398078,0.033218348086,0.076161758005,0.214928233285
0.002534886527,0.019418947348,0.005625304764,0.019361270369,0.010079803874,0.914399374853,0.001583904053,0.019295362268,0.002075826223,0.005625319723
0.270132480463,0.031706600348,0.208583609333,0.031918804022,0.021916940158,0.024528991027,0.025309716430,0.025788257512,0.151531309898,0.208583290808
0.917095378763,0.002045014273,0.025462988988,0.002056764052,0.001451740674,0.001492944937,0.001558642894,0.001592117926,0.021781632216,0.025462775277
0.102923891178,0.016521836764,0.400748782136,0.016696938519,0.009286157817,0.010062214492,0.006152772580,0.013359339511,0.023502085321,0.400745981683
0.046651573423,0.174831064693,0.087810627693,0.175548016247,0.162261496766,0.088197147821,0.030128083775,0.107357137081,0.039404018531,0.087810833970
0.002297789817,0.018864756837,0.003391421268,0.018830219214,0.010043672829,0.915179182879,0.002140569215,0.023764542148,0.002096419123,0.003391426668
0.114440046712,0.075151956615,0.209838085357,0.075629722600,0.057025724841,0.054051158004,0.043126018198,0.071440838295,0.089458000128,0.209838449249
0.009554452736,0.203001686983,0.020216214279,0.200318312576,0.094356208458,0.142202175270,0.009676242838,0.291363282448,0.009095146862,0.020216277551
0.059130986248,0.151808323585,0.072784685588,0.150661664141,0.171277194676,0.117775031326,0.035095208496,0.125383742248,0.043298531823,0.072784631868
0.128720748315,0.078231777133,0.221363112986,0.079060723253,0.049064665022,0.054965429051,0.040593104261,0.062904758324,0.063732467205,0.221363214448
0.423357134165,0.030450106615,0.151989878192,0.030632587678,0.021883960471,0.024187692247,0.019917623742,0.023389570317,0.122202074015,0.151989372557
0.001348587080,0.016152465007,0.002660220228,0.016184314523,0.008544686079,0.936000525401,0.000936269235,0.014299639985,0.001213066710,0.002660225752
0.384729676011,0.016575856926,0.194710665555,0.016726657073,0.009500387266,0.011485870964,0.006771819496,0.011596478478,0.153193238179,0.194709350053
0.149635956332,0.012381710536,0.348203339805,0.012501091953,0.007199595908,0.009040947299,0.006493130725,0.010613767907,0.095729632672,0.348200826863
0.248374145288,0.018546251642,0.164179030505,0.018689516081,0.013109587424,0.011059172618,0.014813205739,0.013970305275,0.333080995326,0.164177790101
0.108097021053,0.027532094926,0.113983837989,0.027642285195,0.021222847790,0.023493504807,0.022210349987,0.023320192106,0.518514119498,0.113983746650
0.391055046346,0.008436162616,0.276611491591,0.008533919401,0.004789233487,0.005662131540,0.004300585465,0.007013927703,0.016988341663,0.276609160187
0.673829701108,0.001275215033,0.022225671717,0.001284231048,0.000881480432,0.001008656533,0.000963967534,0.001000444486,0.275305121745,0.022225510363
0.138712998134,0.024259502049,0.333274258963,0.024533284529,0.013687433790,0.017191100341,0.009931870732,0.018301839745,0.086834709113,0.333273002604
0.461925945221,0.008016850304,0.240536458744,0.008105794872,0.003826498322,0.004712994045,0.002843431492,0.006584467506,0.022912528270,0.240535031224
0.159611543329,0.025189957209,0.298602572922,0.025508070297,0.013100654467,0.017757209270,0.051840324570,0.018892928785,0.090895177231,0.298601561922
0.198983403572,0.061333568894,0.198657799489,0.061620440037,0.044197061336,0.050329858315,0.043167350727,0.051331655776,0.091721230055,0.198657631799
0.407189765520,0.012082088949,0.086903943558,0.012124945375,0.009357492066,0.010196867394,0.009868403159,0.010030710423,0.355342471276,0.086903312279
0.156376866544,0.051011698336,0.268948336505,0.051180083551,0.035814740174,0.055099384377,0.020793088526,0.036160699675,0.055668303870,0.268946798441
0.080655574905,0.039733305127,0.201980779957,0.040125961541,0.023738378492,0.023864908949,0.016993238886,0.035743206732,0.335183720247,0.201980925165
0.050013203078,0.021496403417,0.076141801066,0.021589097254,0.015046424578,0.016266760711,0.020228240122,0.019020848272,0.684055432031,0.076141789471
0.207826066581,0.019516801677,0.334105960308,0.019721973485,0.011066185577,0.011857390940,0.008232738383,0.013783106712,0.039785172311,0.334104604025
0.246968312421,0.036431466199,0.246466844702,0.036634496167,0.026440957444,0.026730290874,0.025065378667,0.028447797633,0.080348773847,0.246465682046
0.341897962274,0.014015084255,0.144590785648,0.014117665638,0.008728668220,0.010528336228,0.006338032301,0.010192476310,0.305001414328,0.144589574797
0.320684221696,0.018407266116,0.070761057746,0.018531564453,0.012475170354,0.020053883332,0.012159941057,0.014939142825,0.441226743190,0.070761009232
0.229275754339,0.050583634758,0.240637490859,0.050825279765,0.036376645861,0.032484781509,0.019903490811,0.033542205996,0.065734320222,0.240636395880
0.250553573239,0.010514316633,0.229745398028,0.010615554659,0.006144289347,0.007611050086,0.006038268152,0.009571154702,0.239463266666,0.229743128489
0.117374800907,0.028345157563,0.320474925792,0.028623829103,0.015849059103,0.018769795559,0.009801325366,0.021251492989,0.119035438400,0.320474175219
0.428872913164,0.022964598378,0.166014881194,0.023048309107,0.017641827337,0.016612108771,0.012395378575,0.017541324653,0.128894580190,0.166014078630
0.085596258351,0.001990236169,0.021941818567,0.001999938692,0.001506650463,0.001588088009,0.001315854027,0.001745620144,0.860373901575,0.021941634002
0.072210397017,0.022798977180,0.092000868472,0.022922967227,0.015437661717,0.020225135972,0.013189117321,0.018731494825,0.630482592289,0.092000787981
0.643356358168,0.005092696648,0.159510237663,0.005135281836,0.003173925782,0.003938000167,0.002653072821,0.005085323269,0.012545277797,0.159509825851
0.064947657356,0.004627335495,0.032696605766,0.004658583069,0.003295188052,0.003570157392,0.004581254530,0.003557115519,0.845369640057,0.032696462763
0.336684130121,0.014132671561,0.158519501649,0.014222857258,0.009402693868,0.008874103021,0.008130227511,0.010864848353,0.280650637010,0.158518329648
0.116982242806,0.024266134437,0.362653547844,0.024509494286,0.014003644576,0.021330061135,0.013486784069,0.021411938809,0.038703761772,0.362652390266
0.133570243352,0.023762131416,0.367029649577,0.023994095541,0.013591679620,0.014581672117,0.008641767281,0.016207602025,0.031593391622,0.367027767449
0.148970768165,0.050973435552,0.133501536859,0.051237519028,0.035789053837,0.048211184426,0.138355759765,0.046726124386,0.212733285344,0.133501332637
0.079675794839,0.012025103557,0.073209985182,0.012105883609,0.008248399540,0.009252526373,0.007480930222,0.010610037770,0.714181436489,0.073209902420
0.167303564402,0.051786224320,0.147239180261,0.052059902300,0.040987736405,0.039500056752,0.032788954315,0.042914540516,0.278180995344,0.147238845383
0.037159954315,0.008212829581,0.042656649096,0.008250831435,0.006582543998,0.007382355694,0.008096792275,0.007477077476,0.831524503745,0.042656462383
0.226866616782,0.020732755525,0.318254348441,0.020811274803,0.013656444730,0.014378485625,0.008582353212,0.015969526189,0.042495259858,0.318252934836
0.102166617823,0.029434616731,0.319796994129,0.029631125499,0.018334714274,0.031112068862,0.013725219737,0.036062792175,0.099939712857,0.319796137913
0.129521123823,0.014393196481,0.133517548466,0.014493737219,0.009373072937,0.010275121121,0.014660128569,0.011114394313,0.529134690322,0.133516986749
0.191901045313,0.026640743692,0.301991965901,0.026884845965,0.015233910362,0.015699612176,0.030740142006,0.017927540851,0.070990549041,0.301989644693
0.333055244575,0.013082386577,0.164501622352,0.013164522235,0.008823537230,0.009086793244,0.006112030843,0.009522390442,0.278151151939,0.164500320564
0.163916080232,0.027302665135,0.193436610086,0.027454370266,0.019202442256,0.020151783926,0.014062582789,0.022312462852,0.318725299162,0.193435703294
0.836335728524,0.004470610502,0.039848998665,0.004506235015,0.002919506988,0.003249444726,0.002993674656,0.003612541655,0.062214531584,0.039848727686
0.122120089863,0.084343524826,0.162560028422,0.084531088014,0.063265908189,0.066672825405,0.057614721801,0.071134554281,0.125197437205,0.162559821994
0.033938443968,0.225600932741,0.067952766691,0.234532153611,0.074498765564,0.084382396325,0.018524611499,0.167109220807,0.025507814989,0.067952893805
0.122871945999,0.056362908377,0.217495524863,0.056769037618,0.038884119825,0.045697231133,0.041353731216,0.042510121415,0.160560290514,0.217495089039
0.346788239150,0.015488910098,0.267632239849,0.015619562287,0.010313415585,0.010655729828,0.007952124305,0.013124953956,0.044795350600,0.267629474342
0.304880827294,0.027909083824,0.222283162836,0.028041523817,0.017405905933,0.019750921891,0.011703635922,0.030019636276,0.115723432680,0.222281869527
0.141227152681,0.036251161665,0.137689222985,0.036420594126,0.028149829744,0.030185793809,0.026934353960,0.033903297206,0.391549875248,0.137688718575
0.110554473806,0.041184361027,0.321031633808,0.041521888753,0.022156981504,0.024668455003,0.010453301540,0.038004450415,0.069393538252,0.321030915893
0.022210302025,0.001729631444,0.011473906816,0.001741536745,0.001095718616,0.001457861373,0.000894922972,0.001479215486,0.946443030687,0.011473873836
0.241552368149,0.009245623841,0.093107502101,0.009319453784,0.006235796456,0.006867542980,0.007009846319,0.006896552847,0.526658414261,0.093106899261
0.029440852342,0.007389855149,0.036955422214,0.007429052492,0.005122694294,0.006927153660,0.003892106827,0.006245998459,0.859641530113,0.036955334450
0.485425068289,0.011255524306,0.097943256936,0.011334138758,0.007953606394,0.009016336906,0.009657404064,0.008797984706,0.260674006028,0.097942673613
0.313993513826,0.006498566148,0.179329667002,0.006555801572,0.003897794698,0.006298702796,0.003813968111,0.005134588717,0.295149215870,0.179328181258
0.215094941399,0.030555674238,0.303600938250,0.030690669944,0.019554621798,0.019120367029,0.010430143470,0.021789572277,0.045564124138,0.303598947456
0.253681825004,0.038009505440,0.266572211252,0.038278296294,0.026026198280,0.025898103247,0.011562431244,0.026005165497,0.047396564348,0.266569699394
0.041098111394,0.007590292517,0.035330301697,0.007656630639,0.005023305141,0.005446976477,0.013382948535,0.007004102093,0.842137116997,0.035330214509
0.339242290195,0.026823682855,0.145428408585,0.026929177788,0.020491352486,0.020980588014,0.079109317637,0.022641125246,0.172926523474,0.145427533720
0.025317591855,0.210025504338,0.041565322900,0.212316370946,0.186094802385,0.088062457513,0.020465603254,0.149661787320,0.024925127054,0.041565432434
0.139636370835,0.027355468232,0.140819191127,0.027581788790,0.016801812090,0.028816655672,0.010950337375,0.029813591556,0.437405854168,0.140818930155
0.075903122891,0.009288670973,0.078771347888,0.009376311610,0.005936794479,0.007632557366,0.009049695219,0.006973215520,0.718297354912,0.078770929143
0.136572746292,0.027777273563,0.342430814063,0.028049293160,0.017412141577,0.016233391821,0.012081942142,0.020628502449,0.056385260114,0.342428634818
0.237784207270,0.003808325489,0.021620478307,0.003837747110,0.002520964156,0.003627729858,0.005119245290,0.002794405143,0.697266538371,0.021620359006
0.035661862676,0.007556483467,0.046313647004,0.007611583818,0.004770898764,0.005063133736,0.004044686060,0.006858409110,0.835805780038,0.046313515328
0.033040987403,0.006204452380,0.043947759722,0.006248462427,0.004440838197,0.005287348276,0.004382008377,0.004942570109,0.847557923118,0.043947649993
0.158694293728,0.011728211062,0.165521244400,0.011788436290,0.008765836361,0.009931434389,0.007022438443,0.010127414894,0.450900798944,0.165519891490
0.479245111188,0.015718072163,0.194490609329,0.015875126492,0.009085360854,0.010529149361,0.006619164628,0.012609389451,0.061338915005,0.194489101528
0.077002795876,0.020000336849,0.410410420866,0.020295545075,0.009843110508,0.011777162476,0.007867043192,0.013504813046,0.018888339361,0.410410432750
0.084860899353,0.017582660150,0.412514422886,0.017788754676,0.009223602535,0.008658496502,0.003318643844,0.015027354736,0.018511211133,0.412513954186
0.147334371266,0.038504020394,0.306133477635,0.038811005244,0.025162941841,0.023726276070,0.012325756334,0.025692011033,0.076177607463,0.306132532720
0.063378324191,0.018615303935,0.148367847938,0.018806406051,0.011291666878,0.012775253017,0.009455902476,0.014048217983,0.554893925511,0.148367152021
0.227525618939,0.018553354559,0.305220139501,0.018721144634,0.009580063290,0.011862018191,0.021387900447,0.014906658780,0.067024076650,0.305219025007
0.188427851041,0.023639604536,0.284891790841,0.023842305861,0.013217631982,0.014983800369,0.009378742941,0.020916597896,0.135810407473,0.284891267060
0.058401203249,0.087668622494,0.261370625847,0.088784896512,0.047126707037,0.043619167380,0.026129989511,0.084558462036,0.040967115388,0.261373210546
0.074237726407,0.022381098429,0.090072618205,0.022528125901,0.016445860486,0.018641321785,0.018680480961,0.018786728097,0.628153666539,0.090072373189
0.412997245573,0.023498877616,0.174889305270,0.023687707239,0.014713341711,0.022384800802,0.013284310125,0.017229162811,0.122427119800,0.174888129054
0.071994949640,0.131982374135,0.140517219437,0.133039155300,0.097737527448,0.077713599366,0.028322399759,0.098110201804,0.080065283919,0.140517289191
0.115809397238,0.092861338273,0.146858317911,0.093142865108,0.077014983500,0.069082455064,0.048519523726,0.074275157593,0.135577715179,0.146858246408
0.562809210062,0.006691412934,0.187643584239,0.006757369794,0.003945494527,0.004466393099,0.008533717394,0.004930649505,0.026581044819,0.187641123626
0.676730301179,0.003295610185,0.052758834789,0.003320964971,0.002225209780,0.002640200523,0.002806568722,0.002729992515,0.200733984995,0.052758332342
0.137256442508,0.080372772346,0.228287700014,0.081199714450,0.047146121347,0.051051565302,0.030431967486,0.063561617447,0.052404294873,0.228287804228
0.065303464840,0.132398462769,0.133839737601,0.133153585946,0.075984454731,0.084542121570,0.035092677035,0.148918168720,0.056927099852,0.133840226937
0.088184799159,0.066125846855,0.262612169134,0.066694593729,0.039372327672,0.044748087929,0.040108522433,0.056486043149,0.073054354144,0.262613255795
0.100000000000,0.100000000000,0.100000000000,0.100000000000,0.100000000000,0.100000000000,0.100000000000,0.100000000000,0.100000000000,0.100000000000
0.069126276354,0.119587805192,0.174321370595,0.120755748195,0.078993931234,0.060832037754,0.036421843766,0.105809977268,0.059829042387,0.174321967254
0.114639230546,0.072215789746,0.260432363665,0.072882753820,0.046791537133,0.041917182046,0.027593628448,0.053812617520,0.049281973766,0.260432923310
0.100000000000,0.100000000000,0.100000000000,0.100000000000,0.100000000000,0.100000000000,0.100000000000,0.100000000000,0.100000000000,0.100000000000
0.044783438292,0.028051816866,0.056682459999,0.028360017269,0.020039567141,0.022905015565,0.020665810455,0.021728125200,0.700101248478,0.056682500735
0.123206687449,0.045211137173,0.307028079922,0.045603636001,0.026877178755,0.027832112817,0.017257563521,0.031865112716,0.068091568099,0.307026923548
0.041767381159,0.012147204589,0.060860935843,0.012288262983,0.006725605741,0.007008810176,0.037325949614,0.008508318837,0.752506691596,0.060860839462
0.075647158793,0.149309460251,0.114404970590,0.150372730529,0.129158908794,0.075372579331,0.030580535244,0.115141600688,0.045606984000,0.114405071779
0.296204189709,0.030471190849,0.250525583522,0.030683720745,0.019760539372,0.022983310326,0.016117684005,0.023120489085,0.059609010098,0.250524282289
0.075515112460,0.096899719792,0.184599066155,0.098017062780,0.051614478104,0.071915036209,0.109441111624,0.068876807763,0.058522413723,0.184599191390
0.081732639332,0.091971929053,0.170122654655,0.092709654379,0.067614185821,0.076736103725,0.054053197006,0.081689048304,0.113247439269,0.170123148456
0.193551310141,0.047033132632,0.262881774913,0.047585446760,0.029204235520,0.029239488184,0.026938875963,0.037200342626,0.063483462870,0.262881930392
0.050389364932,0.169851434946,0.093685659954,0.168582800994,0.102392481575,0.113335613456,0.024872444182,0.146315102094,0.036889325789,0.093685772078
0.117374800907,0.028345157563,0.320474925792,0.028623829103,0.015849059103,0.018769795559,0.009801325366,0.021251492989,0.119035438400,0.320474175219
0.168430255829,0.061760298449,0.210776271937,0.062101606008,0.044103531966,0.079421714976,0.033295642341,0.052306604392,0.077028454731,0.210775619370
0.116124172171,0.060372602422,0.228196249492,0.060951576414,0.040750257837,0.042794459185,0.040792165300,0.054688680256,0.127133535145,0.228196301779
0.232929319583,0.043922026188,0.240784558211,0.044435938017,0.024720479873,0.025614239664,0.069657902176,0.034812822824,0.042337992065,0.240784721399
0.183367839457,0.064189542579,0.228328402777,0.064695447243,0.039807162645,0.039731231473,0.027951267033,0.062710124704,0.060890956739,0.228328025350
0.041988686870,0.180145793693,0.106175147912,0.180025002197,0.105138756222,0.072489564494,0.024164935723,0.150654277573,0.033042221997,0.106175613319
0.075906972678,0.071195910567,0.257619660521,0.072207514071,0.043649422519,0.043950866316,0.035184474022,0.053237359738,0.089427366656,0.257620452913
0.068923575579,0.111851376942,0.204091595971,0.113346716269,0.063938508282,0.078417251393,0.037434869765,0.068364484108,0.049539194579,0.204092427113
0.062498877393,0.009521973775,0.083460482248,0.009612611757,0.006059242407,0.006649909073,0.012649015914,0.007177021713,0.718910667373,0.083460198348
0.091336385793,0.083322883202,0.251067331068,0.083786802224,0.050041049159,0.043467470980,0.025695022022,0.055417674005,0.064797664071,0.251067717476
0.065182504539,0.139869862303,0.181913854909,0.140831836552,0.082287472448,0.047384586873,0.021097910398,0.097383561961,0.042134490333,0.181913919684
0.134187743200,0.037673470376,0.304587714992,0.038108337036,0.019736533828,0.024875658094,0.015231407286,0.033093188655,0.087918793933,0.304587152601
0.054593884128,0.158645713002,0.125556457064,0.159929803938,0.083028039727,0.082223495705,0.016924063416,0.154317735782,0.039224149536,0.125556657700
0.039656255010,0.105414569039,0.075695537265,0.105071048734,0.108986188443,0.158042699643,0.012046202556,0.079075728351,0.240316011593,0.075695759366
0.062863740894,0.145547207755,0.097574594133,0.146368322338,0.131240170821,0.098774357647,0.036832374942,0.114936040697,0.068288630394,0.097574560380
0.077927507995,0.128410752286,0.131365614407,0.129100895737,0.114099732027,0.091623077623,0.038046724138,0.111565955946,0.046493900917,0.131365838924
0.449327228436,0.010225637560,0.235270576807,0.010317533700,0.005786160800,0.008778430465,0.004690948251,0.008962596086,0.031372858293,0.235268029601
0.083077904969,0.124944670249,0.107420765443,0.124470681315,0.130752666150,0.082943637252,0.025594684661,0.101857022000,0.111517132252,0.107420835707
0.329286200449,0.031854434379,0.197033792538,0.032065670176,0.021308383554,0.023492530992,0.016180736336,0.023342570775,0.128403097273,0.197032583529
0.100414510710,0.076822775514,0.263534218140,0.076979411377,0.049676714977,0.041048715710,0.017379674561,0.050760717504,0.059849446698,0.263533814808
0.088132379136,0.072043184857,0.272499701916,0.072483897006,0.046554500339,0.044156554550,0.030042390294,0.053903010619,0.047683860352,0.272500520931
0.134546411714,0.056496356476,0.259693222086,0.057031929056,0.032698114829,0.044887476548,0.034117266701,0.051541865474,0.069294119721,0.259693237396
0.179898844073,0.056228946871,0.258875842001,0.057144257654,0.027382712116,0.028322669285,0.022575432340,0.047875399409,0.062819879132,0.258876017119
0.062322846780,0.021741305369,0.080286608312,0.021894938487,0.014553425526,0.014295612034,0.012356605439,0.017935450164,0.674326726669,0.080286481220
0.135666934194,0.050719235105,0.276742469451,0.050992025247,0.036951875793,0.039943231185,0.026115038772,0.042828805156,0.063297981978,0.276742403119
0.148833158909,0.037721231422,0.304180118200,0.038109265923,0.022565996112,0.024151857984,0.017952213572,0.037286908747,0.065020939352,0.304178309780
0.205351105810,0.027022754854,0.260116062919,0.027176521105,0.018450965170,0.019544508204,0.011918805210,0.023999412796,0.146304800124,0.260115063808
0.088561443980,0.105079662632,0.222561064656,0.106397599626,0.056824118592,0.050965443772,0.032692057731,0.061243420568,0.053114233425,0.222560955018
0.069378794883,0.082804098467,0.224343203671,0.083805307381,0.047367570953,0.042115865136,0.129993166659,0.051019514636,0.044828642638,0.224343835577
0.241552368149,0.009245623841,0.093107502101,0.009319453784,0.006235796456,0.006867542980,0.007009846319,0.006896552847,0.526658414261,0.093106899261
0.083194312109,0.007737720001,0.068785969410,0.007764262112,0.005507484188,0.005448730036,0.003709059866,0.006080230785,0.742986701550,0.068785529944
0.054325272921,0.012673105378,0.062518881017,0.012799268198,0.007960830063,0.008400710792,0.007048959338,0.010293386484,0.761460981661,0.062518604148
0.162338621182,0.082468390506,0.200521488832,0.082467808085,0.055527393771,0.069954079487,0.017829896085,0.079996740902,0.048375328066,0.200520253084
0.082535002988,0.086526531451,0.236377228015,0.087151079542,0.061701316520,0.055835203017,0.036183278529,0.058356589358,0.058955726814,0.236378043764
0.080834053136,0.081949083885,0.282541355929,0.082974180256,0.035029084025,0.053487660589,0.013504975965,0.052176594225,0.034961675869,0.282541336121
0.040287314443,0.222790222469,0.083478884070,0.223652221000,0.131689817413,0.062146554222,0.029798019632,0.098181235266,0.024496826718,0.083478904768
0.122784169401,0.031398963959,0.340048539036,0.031708705967,0.018114558164,0.034651760802,0.013802826686,0.023740665432,0.043702126512,0.340047684041
0.204169434216,0.056477596565,0.218150168214,0.056788298578,0.039886135733,0.039999672075,0.028385968044,0.049983165685,0.088009484465,0.218150076425
0.339072454079,0.040095724380,0.198989318349,0.040355785635,0.027278470443,0.029857056503,0.019219141069,0.030681978631,0.075461573412,0.198988497500
0.118078792495,0.035353438331,0.318956063018,0.035659663037,0.021269178646,0.023858200669,0.014096170912,0.027586049028,0.086186065572,0.318956378293
0.080774000792,0.079367637789,0.230491512253,0.079609632765,0.051362590845,0.049577888657,0.071369771189,0.066350335498,0.060605045768,0.230491584444
0.047414597602,0.163967353520,0.157125897890,0.164331423240,0.103712960364,0.071243298859,0.017581612152,0.090110200277,0.027386415023,0.157126241073
0.699386591133,0.016911809204,0.096878356373,0.017094725111,0.009210574560,0.011707177376,0.006282043493,0.014812094842,0.030838616786,0.096878011122
0.036978431569,0.162169553038,0.100861659756,0.160514279530,0.103960512360,0.059279335404,0.015377159624,0.227209800661,0.032787117718,0.100862150339
0.041777869067,0.116698606483,0.099243290197,0.115658915556,0.071626115874,0.249145608149,0.013618000967,0.149667323153,0.043320716145,0.099243554408
0.137295452056,0.057121297394,0.235830754808,0.057452417777,0.038927524733,0.051451438659,0.068821294874,0.042013597139,0.075255868382,0.235830354178
0.073415116671,0.066498105831,0.315594105134,0.066891401135,0.040341152994,0.031235333937,0.011810488772,0.044737533308,0.033882326654,0.315594435563
0.108663813000,0.060823959145,0.226426326953,0.061447484306,0.033657993918,0.030583212976,0.153454045163,0.049787735634,0.048729470940,0.226425957966
0.114637230900,0.065135633526,0.251618446608,0.065437782690,0.046534823212,0.040352070360,0.024794151165,0.048644516443,0.091227293276,0.251618051821
0.282464317791,0.051007323225,0.203374943266,0.051352468706,0.033270631721,0.036609415066,0.037655829253,0.038813489550,0.062077272009,0.203374309411
0.041489897783,0.010288541306,0.060439878613,0.010365177996,0.006809211356,0.008251615138,0.008032863208,0.008780818858,0.785102238905,0.060439756837
0.206552547549,0.036731752540,0.236662646605,0.036983004431,0.025027348128,0.026963143772,0.025067935787,0.028865782578,0.140483913593,0.236661925017
0.329141753920,0.023605869458,0.258359769820,0.023840149962,0.014495784957,0.018203822172,0.012669718876,0.017919295680,0.043404104067,0.258359731087
0.653544617892,0.020237943042,0.104170841795,0.020359905598,0.014417232898,0.017312918726,0.012563743792,0.016220611374,0.037001824788,0.104170360096
0.670733792041,0.010899975524,0.062036499744,0.010965321562,0.008202825520,0.009644013473,0.009487039970,0.010286887032,0.145707472441,0.062036172694
0.094505184783,0.083357114856,0.257979173073,0.084204340647,0.041317048396,0.065293859844,0.016640263209,0.066393614922,0.032330071921,0.257979328349
0.183324927490,0.049305789486,0.250425838793,0.049674758129,0.033673442120,0.034622735261,0.036467385687,0.037134556540,0.074945556674,0.250425009818
0.067361468673,0.146670450863,0.154102811294,0.147101765120,0.087420699181,0.069955357289,0.028203001974,0.092112532921,0.052968783663,0.154103129021
0.141939003238,0.060456310029,0.217591523539,0.060669262125,0.049312286515,0.048962668363,0.043584796519,0.049995473377,0.109897686642,0.217590989653
0.112931618839,0.034035515192,0.305676866023,0.034331201171,0.021398130595,0.023757024837,0.020177595117,0.026800026563,0.115214481996,0.305677539667
0.099748249855,0.114307355503,0.173728331586,0.115143287305,0.078357778790,0.086099786998,0.027785136139,0.076028194784,0.055073683455,0.173728195583
0.153037407551,0.067807792010,0.244535554035,0.068423489482,0.042697793892,0.043288023487,0.029687092498,0.053223663829,0.052763674348,0.244535508869
0.247502028140,0.020635200664,0.309657623859,0.020843239811,0.012321985254,0.012747816852,0.009352500348,0.021497269743,0.035785618849,0.309656716481
0.152731884131,0.057048525593,0.251511420360,0.057385103304,0.032686188226,0.035634837514,0.019141723633,0.037537967424,0.104811701819,0.251510647995
0.276996985343,0.065610812289,0.192392557141,0.066055877011,0.042858087093,0.038835157967,0.032530625868,0.045926877466,0.046400522885,0.192392496936
0.087887100082,0.096312884849,0.195331450945,0.096512805836,0.068026673284,0.052193913265,0.028051773300,0.083536340207,0.096815523512,0.195331534719
0.489108929010,0.047657863206,0.139330596368,0.047894402522,0.027403153315,0.025885316428,0.013147797627,0.041458556380,0.028782524923,0.139330860221
0.107960802800,0.057665556041,0.283485933841,0.058299726722,0.035310314586,0.036121168637,0.029034031981,0.043780015118,0.064856361487,0.283486088787
0.053881454197,0.061416619632,0.124794392012,0.062014964223,0.037406785489,0.030794616324,0.428657548217,0.043374849555,0.032864147870,0.124794622481
0.295888588422,0.061233287862,0.146083319951,0.061531123411,0.046035317431,0.047805986461,0.045230955006,0.054590996687,0.095517624313,0.146082800456
0.057345864733,0.117279901318,0.175343236825,0.117026457108,0.065149065056,0.060641825499,0.022000415877,0.159946557336,0.049922764033,0.175343912215
0.193810585972,0.054687035317,0.241080075270,0.055378212729,0.032927700745,0.037845224251,0.028047038687,0.040699960341,0.074444384705,0.241079781983
0.076163798562,0.097267275515,0.164335376148,0.098160127351,0.063385597337,0.066721521423,0.034696603556,0.070882998513,0.164051126083,0.164335575512
0.091372644087,0.124674164410,0.142868020948,0.126122747130,0.080985607888,0.052977168059,0.096316380067,0.093281921883,0.048533389566,0.142867955962
0.600608130712,0.018379810695,0.127830374565,0.018565200270,0.011527697927,0.012170160282,0.010582465742,0.014293708224,0.058212661704,0.127829789881
0.042814552516,0.171611974556,0.095151852721,0.172947167764,0.129636975829,0.077486059404,0.022913577847,0.155641450452,0.036644396501,0.095151992410
0.194867106048,0.062025636386,0.194488864057,0.062276223509,0.047727744717,0.046733379913,0.036598880511,0.052909363195,0.107884078526,0.194488723139
0.191277076828,0.047232462121,0.234089254303,0.047503862804,0.034652008981,0.035978600948,0.026687883108,0.038925801181,0.109564314836,0.234088734890
0.046292422040,0.143471485817,0.154851630273,0.145451933796,0.073937363899,0.107577912139,0.020710719163,0.124455903788,0.028398375771,0.154852253315
0.350377403297,0.031567797089,0.170708521522,0.031803204009,0.021730317838,0.024817203551,0.022140831381,0.027155815264,0.148991279790,0.170707626260
0.072881946535,0.065563510206,0.298751622524,0.066479083285,0.030978643207,0.041469586489,0.021112595663,0.041241622786,0.062768845840,0.298752543465
0.079356613342,0.073693826896,0.266318622887,0.074381349689,0.041051449457,0.043582337391,0.021153878690,0.088512113884,0.045630329056,0.266319478708
0.069124208137,0.039382619840,0.335270088251,0.039686814909,0.024320469229,0.026215739444,0.015610527742,0.032004444385,0.083111711381,0.335273376681
0.059546909264,0.032651765965,0.129850761497,0.033033993784,0.019358413527,0.020507646116,0.017089398298,0.023301917712,0.534808261961,0.129850931876
0.153936416926,0.059928825854,0.217604796156,0.060185316461,0.044588878320,0.051802813569,0.046844197425,0.048709707683,0.098794791745,0.217604255862
0.149369074056,0.040194537444,0.306857370751,0.040228225725,0.028793960879,0.027627405113,0.015631304108,0.032258341585,0.052184643789,0.306855136550
0.251682983391,0.035002998804,0.278730457707,0.035460522058,0.017754891760,0.023210258259,0.020026139836,0.024711567787,0.034689709671,0.278730470728
0.082620407517,0.049149337966,0.293791118362,0.049508040883,0.033155036143,0.036927801532,0.027208763043,0.038340331680,0.095505437688,0.293793725186
0.064359267317,0.086279921825,0.238490470469,0.086965874735,0.048109401562,0.054415605379,0.026522504314,0.091454060753,0.064910682534,0.238492211111
0.066078867920,0.044004683796,0.336181702393,0.044348643587,0.024268676399,0.028672554711,0.015032054322,0.039775887205,0.065452315876,0.336184613792
0.059920656376,0.055468752747,0.322610415147,0.056108157245,0.028753178568,0.031118157138,0.014595034453,0.045415801801,0.063396731848,0.322613114677
0.061139948138,0.126182465698,0.187880544325,0.127387652150,0.074883525365,0.087826276822,0.025593171501,0.079956853063,0.041268424906,0.187881138032
0.075880647859,0.032190565729,0.368443884268,0.032560361731,0.019033720912,0.019807245165,0.012066866370,0.022167524547,0.049401834361,0.368447349059
0.085308293189,0.057291873103,0.278822648571,0.057659363029,0.040288115256,0.043493443608,0.029388195108,0.044685580340,0.084238161144,0.278824326651
0.104025246677,0.107312075383,0.161531925677,0.107221011465,0.073817265873,0.071052842221,0.024588538572,0.128397497901,0.060522162035,0.161531434197
0.094522694601,0.084763498378,0.181826774842,0.085167517102,0.069766096110,0.069958292581,0.045067852342,0.066493035092,0.120606830857,0.181827408095
0.053609680112,0.083543325534,0.263717257484,0.084527563679,0.051205229761,0.048401564338,0.024889073329,0.072069032686,0.054317702859,0.263719570219
0.080310028911,0.074769390622,0.234493062887,0.075405593888,0.048648780321,0.054459095517,0.031845986248,0.076051432270,0.089521747859,0.234494881477
0.023493600218,0.193103172083,0.039767450802,0.192000100258,0.201425072990,0.172922775030,0.018434963896,0.098923712892,0.020161627058,0.039767524772
0.025762120698,0.222506382310,0.033511975449,0.222571810284,0.147008745144,0.113789569093,0.026028191355,0.150487035272,0.024822157124,0.033512013270
0.069338461019,0.072173712098,0.278690789936,0.072897311837,0.038233693999,0.043928435312,0.022937924428,0.074543342023,0.048564331587,0.278691997760
0.059998665895,0.044276163922,0.344449957605,0.044870731687,0.021036243036,0.028625227806,0.014865408021,0.028330908255,0.069093990205,0.344452703569
0.027536645035,0.221596241782,0.060091128987,0.221882661556,0.160619253829,0.083266011607,0.018640461233,0.128008199948,0.018268085224,0.060091310798
0.027057910526,0.215275136025,0.040228694482,0.216163081489,0.132569930323,0.093605682882,0.034418665228,0.175576863858,0.024875273723,0.040228761465
0.027057910526,0.215275136025,0.040228694482,0.216163081489,0.132569930323,0.093605682882,0.034418665228,0.175576863858,0.024875273723,0.040228761465
0.151172566234,0.046038786405,0.242659519086,0.046370854576,0.029728103394,0.053772497672,0.027075484890,0.044865888784,0.115655449994,0.242660848965
0.019909893220,0.245505744322,0.032182558846,0.244156860948,0.161786428182,0.080765066855,0.016560934530,0.150201271038,0.016748636861,0.032182605198
0.050013203078,0.021496403417,0.076141801066,0.021589097254,0.015046424578,0.016266760711,0.020228240122,0.019020848272,0.684055432031,0.076141789471
0.107948781804,0.063971911030,0.251449071291,0.064277370849,0.046649898853,0.047150605923,0.035088336479,0.050780035113,0.081234235393,0.251449753265
0.002046833465,0.040639276199,0.003451773744,0.041067798182,0.017452141986,0.853536949553,0.001877258152,0.034505495183,0.001970689795,0.003451783742
0.040666341551,0.171850196460,0.054517830752,0.171152143571,0.163456895550,0.107479457377,0.034290119550,0.162519568467,0.039549563904,0.054517882817
0.020576672384,0.208971856071,0.033139837630,0.206679949435,0.192160534743,0.125109636700,0.037785572227,0.118380957862,0.024055094562,0.033139888387
0.428872913164,0.022964598378,0.166014881194,0.023048309107,0.017641827337,0.016612108771,0.012395378575,0.017541324653,0.128894580190,0.166014078630
0.089171874421,0.057037635551,0.309649612671,0.057663946441,0.033428188795,0.033797851319,0.027360651983,0.037883277738,0.044357440258,0.309649520824
0.025930130232,0.032730492289,0.034749431689,0.032842769659,0.018125767583,0.765363754381,0.010798629641,0.026539245790,0.018170318635,0.034749460101
0.001598372397,0.044648088509,0.002479893482,0.044747912674,0.023129386902,0.841933671960,0.001849888359,0.035551372482,0.001581514093,0.002479899143
0.002208687318,0.047775259701,0.003584981861,0.048572303215,0.023206388733,0.828917623115,0.002017645688,0.038086133306,0.002045986068,0.003584990994
0.122340560740,0.046723514688,0.288182181516,0.046995225546,0.032318781517,0.038945498526,0.027283860226,0.041664100525,0.067363506022,0.288182770693
0.035399597069,0.201194274609,0.060363836336,0.205539007323,0.116547174879,0.108242329613,0.033640750073,0.145766056780,0.032942992055,0.060363981263
0.005646287397,0.179791701677,0.011790172909,0.176022335663,0.175727705876,0.160642985559,0.003284915696,0.268599008146,0.006704676671,0.011790210406
0.102857619426,0.049024029616,0.313021873714,0.049246643418,0.032636327418,0.033028651731,0.012800155635,0.037332820892,0.057032049107,0.313019829043
0.097242711529,0.065728685852,0.246089098352,0.066182904762,0.044453252344,0.053147579154,0.033138522698,0.050308651405,0.097619104817,0.246089489087
0.384729676011,0.016575856926,0.194710665555,0.016726657073,0.009500387266,0.011485870964,0.006771819496,0.011596478478,0.153193238179,0.194709350053
0.005125549136,0.215054590125,0.013973772905,0.211820100968,0.126359524153,0.144901683698,0.003236452708,0.260736661699,0.004817834518,0.013973830089
0.075371715222,0.023094393767,0.138622757430,0.023190228058,0.016235127672,0.018589721412,0.007698811755,0.018633781804,0.539941414897,0.138622047983
0.010912983254,0.171388013101,0.014583279587,0.170954093312,0.322414181581,0.081029432559,0.011251395067,0.191686268669,0.011197054247,0.014583298622
0.010566776754,0.225446557717,0.023160774022,0.230827622586,0.194294268425,0.056707660448,0.007527446364,0.218904626983,0.009403415030,0.023160851671
0.105772217402,0.058891761568,0.257512813828,0.059270185539,0.041189284515,0.044244236692,0.038278509072,0.046602797929,0.090724405602,0.257513787853
0.008251083943,0.200560015316,0.015969528534,0.205630745122,0.136854790317,0.072814527430,0.007370627098,0.329655264158,0.006923842988,0.015969575093
0.003468164735,0.161643538721,0.006308908008,0.157797453017,0.550429561417,0.025261666694,0.003110840888,0.082423364307,0.003247575841,0.006308926371
0.043307326176,0.170739511474,0.046796830616,0.167472100791,0.205441372407,0.128922136016,0.021261035120,0.139577337589,0.029685570273,0.046796779538
0.086326547515,0.106789525387,0.153950001915,0.106626160256,0.094118122579,0.074880882983,0.053821250150,0.091368149150,0.078168839565,0.153950520499
0.133515271068,0.039576332149,0.141599573290,0.039804647310,0.027427104949,0.031158406640,0.240090162611,0.031308822070,0.173920472575,0.141599207338
0.024294733403,0.148494326346,0.055359755425,0.147966622727,0.092827792796,0.309711972928,0.015136282499,0.131097237216,0.019751409776,0.055359866884
0.046426365830,0.166880708206,0.165367594117,0.171865411112,0.052814465202,0.074025538734,0.013741480367,0.117356070296,0.026154366259,0.165367999877
0.031029776974,0.179765195362,0.068585917917,0.182857334460,0.085220289846,0.167628910689,0.042646915444,0.150275831886,0.023403830120,0.068585997302
0.066888013037,0.131424630587,0.147576527189,0.131889306004,0.093773243742,0.084417010528,0.048915422553,0.094430438241,0.053108216962,0.147577191156
0.021270093590,0.239338948968,0.044967649204,0.253712557269,0.080658963613,0.059077739241,0.014387804787,0.226566911771,0.015051541713,0.044967789844
0.019994363417,0.207748423508,0.026290474195,0.208173136400,0.182419673823,0.092588567096,0.022789302630,0.193159434497,0.020546118525,0.026290505908
0.009104597565,0.090691541048,0.021596248629,0.089715682785,0.073962526102,0.579757258708,0.004771267600,0.100464009659,0.008340554607,0.021596313297
0.341897962274,0.014015084255,0.144590785648,0.014117665638,0.008728668220,0.010528336228,0.006338032301,0.010192476310,0.305001414328,0.144589574797
0.027243390454,0.120337405962,0.054260232790,0.121427040013,0.062234892021,0.362101644167,0.017353221197,0.154481459843,0.026300304020,0.054260409534
0.016896192040,0.197513167388,0.029032443125,0.199670290867,0.171260000773,0.094628221685,0.012620857417,0.233494281855,0.015852027070,0.029032517780
0.040064846650,0.188271456494,0.079756485379,0.188278853081,0.160561867881,0.101810332443,0.014538194550,0.122107460363,0.024854085272,0.079756417886
0.044147709354,0.143756867414,0.106176408362,0.144147089970,0.100821587536,0.130653973850,0.027032795621,0.143579915713,0.053507037745,0.106176614434
0.008514077239,0.129197078972,0.022073516182,0.125960124230,0.563459343113,0.029762989765,0.005414989656,0.086603200306,0.006941074938,0.022073605598
0.007563648396,0.104882965473,0.011406512323,0.103594765830,0.096161891422,0.545299569306,0.006373625734,0.106398110913,0.006912378379,0.011406532224
0.313993513826,0.006498566148,0.179329667002,0.006555801572,0.003897794698,0.006298702796,0.003813968111,0.005134588717,0.295149215870,0.179328181258
0.009431582280,0.169778031147,0.013406607517,0.165475688927,0.370640402210,0.061056133639,0.010819458401,0.176647733636,0.009337729829,0.013406632414
0.018739843841,0.132011030612,0.042205068904,0.132261483715,0.069849137164,0.378406667264,0.012674539134,0.151030411294,0.020616607839,0.042205210232
0.010056780572,0.106660642077,0.020813862602,0.105653889379,0.087331034246,0.541026756983,0.006854026192,0.092277801158,0.008511304760,0.020813902030
0.009070181156,0.162457289841,0.034605817105,0.159195881585,0.406715303902,0.027835356878,0.004465841258,0.153714969073,0.007333337911,0.034606021291
0.110554473806,0.041184361027,0.321031633808,0.041521888753,0.022156981504,0.024668455003,0.010453301540,0.038004450415,0.069393538252,0.321030915893
0.011248823128,0.126365831071,0.017908593255,0.127218648219,0.098279041066,0.472590330199,0.011164164602,0.104904403925,0.012411526357,0.017908638178
0.010424493343,0.167222617565,0.023265739422,0.164969574420,0.118744824285,0.306060733532,0.006414679049,0.171500648497,0.008130902884,0.023265787002
0.019770742476,0.212790865378,0.043561740293,0.208168489790,0.207761262351,0.056257458598,0.012289664971,0.174904660204,0.020933203831,0.043561912109
0.003324325085,0.205667627786,0.005518327592,0.209815098986,0.398694781470,0.032258137674,0.003121511814,0.132898610178,0.003183238894,0.005518340523
0.002146468281,0.036173441807,0.005212920793,0.037258342646,0.011964418080,0.878444513077,0.001335052599,0.020431128508,0.001820772870,0.005212941340
0.003180778382,0.060952182396,0.006526257919,0.061936153931,0.029853135870,0.769662280276,0.002845183465,0.055653291289,0.002864460567,0.006526275904
0.020627671224,0.180994565267,0.045550794682,0.179213744524,0.214573788592,0.145398516470,0.062735320102,0.085383488249,0.019971120742,0.045550990147
0.009618390984,0.198405668899,0.013424079438,0.193882734248,0.302421577168,0.111279718308,0.008014293044,0.141207589774,0.008321843510,0.013424104628
0.004681030400,0.053611801697,0.007790376077,0.052916902329,0.035301568162,0.781187541939,0.003825551529,0.048718633659,0.004176204450,0.007790389758
0.010451311735,0.156005360857,0.019235048505,0.157764425592,0.089327073865,0.278081862238,0.007309534448,0.252807939246,0.009782351708,0.019235091806
0.034082418549,0.203102653499,0.057025999003,0.207202031038,0.141303349908,0.097173300603,0.022950653841,0.139900046223,0.040233479980,0.057026067357
0.012384177432,0.204691399369,0.024967875395,0.200494566980,0.275768385234,0.045504333709,0.013220336608,0.186849675629,0.011151298573,0.024967951070
0.004992314847,0.190329022759,0.009472676226,0.187929040077,0.120190875596,0.262810699033,0.004295736576,0.206315076445,0.004191859939,0.009472698502
0.007395306562,0.189103535970,0.014310700624,0.188799125056,0.171979850109,0.228034667225,0.007761012580,0.171044494593,0.007260567240,0.014310740041
0.026161886600,0.186028866387,0.040427494067,0.182024393322,0.238151216843,0.074366242093,0.020597763186,0.168263955201,0.023550640178,0.040427542123
0.012762591545,0.211976898888,0.016741839555,0.214449634883,0.211909530023,0.097825033981,0.013093553414,0.190810399635,0.013688656188,0.016741861888
0.005764451539,0.210535994247,0.008619539963,0.203764434314,0.338900834018,0.052402196712,0.005554331949,0.160491469016,0.005347191218,0.008619557024
0.006539032235,0.252712193554,0.011913393028,0.259528718405,0.186512747637,0.080935581155,0.005849099306,0.178351784869,0.005744026397,0.011913423413
0.005646287397,0.179791701677,0.011790172909,0.176022335663,0.175727705876,0.160642985559,0.003284915696,0.268599008146,0.006704676671,0.011790210406
0.018190090674,0.199654539697,0.028043783757,0.200180237179,0.270582269582,0.074426978923,0.016849258332,0.147037863874,0.016991143092,0.028043834889
0.020576672384,0.208971856071,0.033139837630,0.206679949435,0.192160534743,0.125109636700,0.037785572227,0.118380957862,0.024055094562,0.033139888387
0.006344417437,0.220160728036,0.013957306854,0.212445474714,0.284322441124,0.044480242554,0.003335830892,0.195901445342,0.005094778601,0.013957334447
0.098872224071,0.027073163039,0.344626230091,0.027241123506,0.020692914889,0.016664455047,0.053986939239,0.020845564824,0.045371388678,0.344625996617
0.160395866120,0.040979982473,0.296240686936,0.041509115314,0.021090861250,0.020735278105,0.054247973420,0.023113305076,0.045447626196,0.296239305108
0.027218426327,0.180496334408,0.038565460796,0.179335217206,0.228042337187,0.092333948072,0.023299831715,0.163421874809,0.028721038139,0.038565531341
0.002693351618,0.071538907541,0.004194919783,0.070890330550,0.075464115910,0.698096118767,0.002610274513,0.067545330532,0.002771724174,0.004194926612
0.033360897150,0.194206330012,0.061197635118,0.191977656312,0.159775547001,0.081559663646,0.039092961076,0.142568415837,0.035063054012,0.061197839836
0.020044290236,0.219329158101,0.034339427706,0.218577507789,0.177348109414,0.154039169166,0.016318295124,0.106528282896,0.019136246077,0.034339513493
0.138053663618,0.037748175794,0.223155592132,0.037968926724,0.028619136701,0.031748816413,0.021902958968,0.034866925456,0.222780453271,0.223155350922
0.118613010545,0.012045020287,0.269203924376,0.012181435599,0.007070251257,0.008572675650,0.005273668871,0.008564080508,0.289272335313,0.269203597594
0.006597171854,0.001453751169,0.005795567521,0.001459367504,0.001176331394,0.001536491131,0.001429029658,0.001452274360,0.973304455155,0.005795560256
0.330835760688,0.014742810987,0.263380332997,0.014827543761,0.009921129339,0.018152893527,0.009142430397,0.012324574628,0.063293274291,0.263379249385
0.129941314902,0.055696812989,0.294393510995,0.056313040089,0.034104815269,0.035614655719,0.018796100740,0.042345389054,0.038401676987,0.294392683256
0.024943938297,0.009053300680,0.022154196301,0.009086670098,0.007183858392,0.009489376346,0.006619789591,0.008609698751,0.880705011992,0.022154159553
0.007706513487,0.004211097418,0.008949053413,0.004231303525,0.003234785740,0.003737327742,0.003355622552,0.003491314195,0.952133931032,0.008949050895
0.163204265006,0.034450588768,0.241927966453,0.034700462300,0.023398204182,0.026824427936,0.020677143713,0.032392823995,0.180496876619,0.241927241028
0.169596065223,0.063884113004,0.166330144855,0.063954907877,0.060428274095,0.062980854728,0.061727326793,0.062159375711,0.122609817314,0.166329120400
0.007040473525,0.002366336978,0.008883139913,0.002382370078,0.001678390564,0.001988691074,0.001424834836,0.001879373310,0.963473258667,0.008883131056
0.057858566035,0.021324494394,0.088661976310,0.021429553581,0.016698329258,0.018030192048,0.018275844112,0.018358881228,0.650700296579,0.088661866454
0.149103695210,0.049864597895,0.236354828542,0.049973218563,0.044758393252,0.046388145751,0.047393517147,0.048035960352,0.091773518187,0.236354125100
0.087659874479,0.014346274381,0.087253599405,0.014465587948,0.009536643246,0.010978358380,0.011766976800,0.011950027717,0.664789232436,0.087253425210
0.231013917504,0.006551421585,0.114845151544,0.006601389576,0.004009397275,0.004764812898,0.003632766913,0.005917196897,0.507819520822,0.114844424986
0.701576965667,0.008582087340,0.113802416688,0.008628197697,0.006294028009,0.006922125219,0.007992752885,0.007053428102,0.025346561907,0.113801436485
0.087586742853,0.079348846068,0.199264539666,0.079941446976,0.054175217361,0.050040978550,0.132691628730,0.056094439141,0.061591447875,0.199264712779
0.700892647278,0.004770454999,0.112744657663,0.004822056772,0.002841304956,0.003721451723,0.002830239675,0.003392703020,0.051240962319,0.112743521596
0.044806263261,0.193202463957,0.101017062409,0.194174503073,0.141897648113,0.070859502824,0.017105111158,0.105835250851,0.030084878305,0.101017316050
0.645555424697,0.014971064012,0.089049892091,0.015042488739,0.010862514924,0.016878202342,0.011978101491,0.013016925884,0.093596449563,0.089048936256
0.082922069918,0.113836028575,0.122456762641,0.114113743957,0.093523387287,0.092288530224,0.086804667159,0.095119607099,0.076478267191,0.122456935949
0.124234285425,0.083035740700,0.178812706005,0.083253674903,0.068034598232,0.062802407611,0.047033365493,0.078399520648,0.095580755796,0.178812945188
0.039932489323,0.008934376062,0.055386902518,0.009011691762,0.005665549104,0.006704037748,0.030153288991,0.006977511393,0.781847334892,0.055386818208
0.102923891178,0.016521836764,0.400748782136,0.016696938519,0.009286157817,0.010062214492,0.006152772580,0.013359339511,0.023502085321,0.400745981683
0.746162511661,0.013710056054,0.084471442150,0.013825262805,0.008825337739,0.009672003780,0.007697496133,0.009978273993,0.021186407201,0.084471208483
0.130135943475,0.026231030525,0.342825159215,0.026506696643,0.016085369613,0.019215156320,0.014205415883,0.020375438498,0.061596394992,0.342823394837
0.263322535009,0.029479970306,0.265119507863,0.029751406628,0.019126461867,0.022288519694,0.016844851011,0.023497934242,0.065450366798,0.265118446583
0.197351174550,0.034767618417,0.185834315597,0.034890061317,0.025329111769,0.025046339010,0.021311567758,0.036657612494,0.252978632140,0.185833566947
0.384729676011,0.016575856926,0.194710665555,0.016726657073,0.009500387266,0.011485870964,0.006771819496,0.011596478478,0.153193238179,0.194709350053
0.082037937311,0.037713893598,0.306617522310,0.038031675604,0.022906611828,0.029063028076,0.067222158436,0.029530117592,0.080258735064,0.306618320181
0.139932883413,0.065821171557,0.159525367005,0.066105732104,0.054479768556,0.058696860464,0.068269285339,0.060832554216,0.166811107986,0.159525269359
0.183384135868,0.053278693516,0.209832043904,0.053498747161,0.041466046223,0.040107521380,0.029610965531,0.044983597637,0.134007314119,0.209830934660
0.529319553160,0.011786087133,0.190547566204,0.011857524071,0.007903051947,0.009302622109,0.005675548447,0.009835598339,0.033226154946,0.190546293644
0.154054405631,0.063161507795,0.243013714400,0.063305348810,0.045302586616,0.045405308501,0.027466141010,0.050665513693,0.064612247248,0.243013226296
0.108097021053,0.027532094926,0.113983837989,0.027642285195,0.021222847790,0.023493504807,0.022210349987,0.023320192106,0.518514119498,0.113983746650
0.091513838136,0.075435822325,0.260340620382,0.076094150314,0.044107665900,0.048863264315,0.029093899343,0.056791311259,0.057418721142,0.260340706883
0.006834722903,0.001621208614,0.006746700101,0.001630231803,0.001216972883,0.001448138692,0.001314541049,0.001596813833,0.970843961706,0.006746708415
0.391055046346,0.008436162616,0.276611491591,0.008533919401,0.004789233487,0.005662131540,0.004300585465,0.007013927703,0.016988341663,0.276609160187
0.118041263933,0.048659942832,0.167719409099,0.049047856382,0.033258042582,0.041380325517,0.027922451401,0.038243396897,0.308008032251,0.167719279106
0.874925406540,0.008794214972,0.030918575464,0.008850071931,0.006498199456,0.006820136639,0.005894609874,0.007474686073,0.018905685257,0.030918413795
0.104790494276,0.026461256621,0.114043299349,0.026683984543,0.017688158967,0.022271731151,0.019332021188,0.021644716207,0.533041314688,0.114043023011
0.047971602867,0.139443441395,0.156700439684,0.140057391197,0.078765641725,0.055852835002,0.038057635633,0.148303702263,0.038145788209,0.156701522024
0.011962892457,0.007001427655,0.020426916319,0.007039050860,0.004683052731,0.005655335569,0.003363703790,0.005240356776,0.914200317972,0.020426945872
0.769083885966,0.009106829514,0.065148383054,0.009161775990,0.006688269817,0.007634296083,0.008636269037,0.008428318049,0.050963949634,0.065148022855
0.073854570061,0.074674370268,0.257113680411,0.075182744385,0.041549001194,0.063757378622,0.028448408203,0.074225273188,0.054079360307,0.257115213361
0.339391767561,0.010803518781,0.093968098658,0.010886610286,0.007640950166,0.008685679355,0.008814865151,0.008714338851,0.417126442869,0.093967728323
0.494781333237,0.022786345638,0.153568009899,0.022923473582,0.015690190696,0.020097929620,0.017980657604,0.018463332515,0.080141621525,0.153567105683
0.053103747195,0.004327197970,0.041312609618,0.004348247258,0.003172358846,0.003400011030,0.002938907230,0.003984611605,0.842100027657,0.041312281590
0.839705912719,0.004266831004,0.063986117501,0.004301568349,0.002564820034,0.003615626033,0.001994625032,0.003734357628,0.011844512153,0.063985629546
0.417704618418,0.008217400393,0.247984202435,0.008285319724,0.005387906284,0.006431328168,0.005413435837,0.006898983808,0.045694643964,0.247982160968
0.169596065223,0.063884113004,0.166330144855,0.063954907877,0.060428274095,0.062980854728,0.061727326793,0.062159375711,0.122609817314,0.166329120400
0.485089773508,0.012776258360,0.102729645694,0.012841058088,0.009901824639,0.010688214597,0.011361521909,0.011182115705,0.240700492587,0.102729094912
0.013637865035,0.003192662657,0.015511069637,0.003210723420,0.002355495043,0.003046070649,0.002459392375,0.002723780147,0.938351841439,0.015511099597
0.146571618779,0.019688426664,0.292431889931,0.019869030988,0.010538467005,0.020112547784,0.007707484640,0.016300914819,0.174348588634,0.292431030757
0.150238926212,0.016552014115,0.371316345775,0.016722721030,0.009551328791,0.011211549506,0.007275708481,0.012952552710,0.032864374692,0.371314478687
0.115256335168,0.026250489670,0.367240942651,0.026484870361,0.015960752168,0.016250341012,0.013398983407,0.020300872649,0.031616168999,0.367240243915
0.144819351898,0.051723468781,0.190572501821,0.052012225739,0.039432235060,0.041971178587,0.036349932642,0.046319014533,0.206227964722,0.190572126217
0.158009468311,0.037908871879,0.222952488298,0.038141389932,0.025843655323,0.028983490482,0.074312399703,0.029613670571,0.161282198656,0.222952366844
0.202960676465,0.004159069354,0.028486570943,0.004182841654,0.003101788785,0.003229788225,0.010335985284,0.003573106161,0.711483775673,0.028486397455
0.166743024420,0.039234818620,0.301022807643,0.039546845533,0.022913274177,0.027323272500,0.015211565272,0.028394750007,0.058587811533,0.301021830294
0.238535580585,0.042359028053,0.211713531037,0.042639570491,0.030407597947,0.031581513678,0.023402669376,0.032961787260,0.134686369201,0.211712352370
0.123039781353,0.046647603604,0.288747847688,0.047105413690,0.026410178560,0.034661519524,0.019971210467,0.047369467676,0.077298457140,0.288748520299
0.119943381317,0.022885724600,0.283740908402,0.023073543086,0.013827392747,0.017796087616,0.008534840548,0.017423866029,0.209034585720,0.283739669935
0.051421753354,0.005955048062,0.077007955097,0.005999720347,0.003933276702,0.004193793182,0.003576314272,0.004877070523,0.766027539237,0.077007529225
0.522999333495,0.007276052616,0.059571004883,0.007310947256,0.005390770646,0.005822239322,0.005503165245,0.006334951793,0.320220957507,0.059570577238
0.177677444834,0.088339175709,0.157270300184,0.088369506236,0.062519036165,0.061195825004,0.027544128923,0.076453856888,0.103361015524,0.157269710533
0.089825114593,0.020444738169,0.078827336535,0.020571253861,0.014694222310,0.015246872852,0.030229682242,0.016275958778,0.635057724650,0.078827096010
0.082498974993,0.089370545905,0.202822296886,0.090002133515,0.060515766341,0.073692419287,0.063205263266,0.073291747286,0.061778036660,0.202822815862
0.578812988402,0.022818207716,0.122647205901,0.023076303688,0.012688549026,0.014990306055,0.011776141948,0.014903936056,0.075639353235,0.122647007973
0.075320511442,0.073760627415,0.262253498698,0.074614450270,0.042269493470,0.055083863977,0.024635889549,0.060313747936,0.069493238661,0.262254678584
0.111479272532,0.051240167462,0.269050393201,0.051723182012,0.032261674093,0.035938067544,0.037744313690,0.053137176678,0.088374200459,0.269051552328
0.069500178005,0.018996944283,0.403006853690,0.019214870540,0.010532011385,0.012542043417,0.007198913606,0.014973102034,0.041025740544,0.403009342496
0.135567252099,0.020793375385,0.144452758968,0.020973474398,0.012980813644,0.014733469719,0.014561161376,0.016986808433,0.474498983526,0.144451902452
0.392513317257,0.012412055189,0.254281044899,0.012523621912,0.007674407016,0.009558345323,0.008249435919,0.009963706150,0.038544341360,0.254279724976
0.124225830907,0.019084142797,0.371217518528,0.019247301989,0.011694514236,0.018283933417,0.008704158509,0.016309709063,0.040016578959,0.371216311593
0.098054461354,0.041841015385,0.322057257508,0.042097366044,0.026403618449,0.039163744108,0.018699483092,0.033248978940,0.056376482574,0.322057592546
0.118504664897,0.025342621699,0.339349229002,0.025591315103,0.013986277218,0.017254216387,0.009722286739,0.024015840114,0.086883862898,0.339349685942
0.064241865923,0.040422831639,0.364729459844,0.040919333445,0.023723444766,0.021393018729,0.014636605589,0.026547884217,0.038655097232,0.364730458616
0.251038340903,0.022010771414,0.296243101567,0.022198969267,0.014364365990,0.017947733351,0.014096902469,0.017976403071,0.047882581455,0.296240830513
0.084222786189,0.032619060436,0.334972309106,0.033090090875,0.017164298846,0.020659049926,0.015814713773,0.022860924745,0.103624523393,0.334972242712
0.128182047188,0.038505304412,0.338477845384,0.038909158722,0.019623305772,0.027339324674,0.009750764650,0.028691206425,0.032044686886,0.338476355888
0.125594681568,0.022581023464,0.198782651354,0.022704141739,0.015541208533,0.021371555886,0.012685561110,0.019344646091,0.362612400852,0.198782129403
0.086470183452,0.036726130384,0.338735959809,0.037023855304,0.023637593482,0.028031389137,0.016310169931,0.033618656921,0.060710052996,0.338736008584
0.053923375459,0.024162025371,0.410420109541,0.024552364579,0.012132631518,0.013613875180,0.008073037175,0.017403822353,0.025297999586,0.410420759239
0.087243270223,0.049924313843,0.320649958742,0.050142920031,0.036792252478,0.035803913229,0.019230488808,0.038701894604,0.040858849096,0.320652138945
0.151042836202,0.025838838699,0.340471718787,0.026059497948,0.016839561080,0.019104198045,0.014025739014,0.020899098835,0.045248278022,0.340470233367
0.121423611614,0.046488449714,0.287842443988,0.046942846706,0.029214374641,0.036147301718,0.032405279844,0.038406438467,0.073287519793,0.287841733515
0.088746784373,0.061509643239,0.266402965977,0.061902047689,0.042721079609,0.043370185274,0.056521316904,0.051218456489,0.061203683681,0.266403836767
0.116554404395,0.015648980105,0.393491465202,0.015844912292,0.007888494102,0.010373807554,0.005434771104,0.013403423424,0.027869080187,0.393490661635
0.217433594573,0.020878973938,0.313282670157,0.021015523122,0.014087828121,0.019841544186,0.010827042726,0.018026150577,0.051326287765,0.313280384833
0.076358411801,0.024791892927,0.389944847758,0.025095342307,0.013496456840,0.016192055415,0.009951225547,0.017596252938,0.036628997245,0.389944517223
0.114198837878,0.041617707404,0.312372009088,0.041915516907,0.026968763356,0.031323426988,0.029639155361,0.031842794171,0.057749826502,0.312371962345
0.527944077910,0.025851820024,0.142975995336,0.026053369797,0.017643074637,0.020309148708,0.021122482886,0.024645347952,0.050479133808,0.142975548942
0.073911183354,0.021796306654,0.380146533922,0.022068745187,0.010810505810,0.012513468206,0.008265675251,0.017547669325,0.072791026995,0.380148885297
0.048966013751,0.031296130549,0.071318384439,0.031357738332,0.016354759101,0.272462630953,0.007903970061,0.028942961604,0.420079122704,0.071318288508
0.053106600305,0.048454287849,0.344170469225,0.048978672639,0.027293932913,0.028570902850,0.027133421898,0.036959273553,0.041158921527,0.344173517240
0.662712656359,0.019852729892,0.073218133872,0.019982512146,0.013440038004,0.016764262548,0.013062228879,0.015477234311,0.092272324707,0.073217879282
0.148104052509,0.034371816142,0.332674845929,0.034722268391,0.018048459710,0.016888546158,0.014500361924,0.037513800077,0.030501154771,0.332674694389
0.093555848404,0.017861511627,0.112678965925,0.018016565389,0.010484128721,0.012824416751,0.009303270246,0.015333400540,0.597263513912,0.112678378485
0.187529087185,0.034429856182,0.295288989896,0.034697127761,0.021930736771,0.026243940558,0.015940462867,0.030892743886,0.057759452657,0.295287602236
0.046100356162,0.016566704940,0.068552066862,0.016672257375,0.011186349853,0.015115797754,0.041501338307,0.013756438483,0.701996458463,0.068552231801
0.764054008043,0.006448938255,0.043885186140,0.006482012217,0.004707415903,0.005089131664,0.005171756308,0.005046148916,0.115230542003,0.043884860551
0.784775679464,0.011586374959,0.050558355190,0.011656259409,0.008231413857,0.009710115125,0.007547487716,0.009259211613,0.056117001869,0.050558100798
0.919892603390,0.002207924272,0.027596290480,0.002217651975,0.001485723579,0.001920237885,0.001330381438,0.002008242493,0.013744897590,0.027596046897
0.161160591765,0.026868610750,0.314314742158,0.027027841494,0.018858364885,0.017266690661,0.010956837374,0.020257782430,0.088975800397,0.314312738086
0.872355611337,0.003379463291,0.038825450190,0.003401939331,0.002416195124,0.002774751463,0.003140931480,0.003028036496,0.031852471165,0.038825150123
0.086571928618,0.001926700653,0.015441647376,0.001937666574,0.001347906760,0.001440481372,0.001108316696,0.001450999551,0.873332752397,0.015441600004
0.127000862071,0.047483309302,0.206050116527,0.047869774656,0.030789656866,0.035440174817,0.022762357666,0.035128989902,0.241424431537,0.206050326658
0.137679153735,0.026224184448,0.344416980142,0.026553531384,0.014511880732,0.016805530049,0.030661778981,0.018177376620,0.040553647413,0.344415936496
0.055060708957,0.045941946826,0.351653570328,0.046627710636,0.021595083994,0.029136552172,0.013878537935,0.053324346288,0.031126040427,0.351655502436
0.294668380047,0.015632954899,0.275431628722,0.015754219317,0.010423279550,0.011654150156,0.007277814568,0.012589894675,0.081138704859,0.275428973208
0.120665867127,0.046411525791,0.192162617831,0.046643335305,0.031528928496,0.037839828130,0.117036533010,0.044117819920,0.171430765582,0.192162778808
0.633580250952,0.004551893522,0.045404752941,0.004582639899,0.003206735761,0.003081703635,0.004047332921,0.003999828244,0.252140506367,0.045404355759
0.115955752434,0.028124213829,0.361017421618,0.028481675508,0.013361616106,0.019894817072,0.012267633370,0.027974558386,0.031907019464,0.361015292211
0.131547897502,0.085727199746,0.177341750436,0.086293167942,0.059170436808,0.083196957289,0.053965504920,0.074899580332,0.070515930578,0.177341574447
0.116298937514,0.025470616573,0.330268948197,0.025706024393,0.015971031950,0.018326542681,0.033393561388,0.022510454292,0.081786171270,0.330267711743
0.062371473070,0.040890161952,0.329676098570,0.041303032275,0.023925583045,0.026395834504,0.020835149012,0.029672247284,0.095251430996,0.329678989292
0.159611543329,0.025189957209,0.298602572922,0.025508070297,0.013100654467,0.017757209270,0.051840324570,0.018892928785,0.090895177231,0.298601561922
0.061763206824,0.017492003533,0.143351349323,0.017655003806,0.010529801143,0.013432606439,0.011603462372,0.014909677529,0.565910964769,0.143351924263
0.145180146381,0.045078976167,0.155441123022,0.045264862218,0.034751349934,0.037857669687,0.140430097370,0.046803963797,0.193751346852,0.155440464570
0.586103882890,0.023077976694,0.064099117448,0.023129168466,0.018714008772,0.018962566618,0.013270453239,0.019191203542,0.169352780824,0.064098841506
0.047053765585,0.026194730549,0.394877980878,0.026552588181,0.012721967158,0.014419057235,0.008437342714,0.018740823253,0.056119118181,0.394882626266
0.075341951521,0.063140220472,0.229910047851,0.063830429327,0.036468231975,0.042328104925,0.160555433533,0.047607310642,0.050907307167,0.229910962588
0.125549729290,0.050743544071,0.290347568503,0.051095493204,0.034776680259,0.033065950458,0.024309796023,0.038995305742,0.060769472017,0.290346460434
0.139222476389,0.033840999831,0.273217315562,0.034043708126,0.021999170902,0.023168170857,0.019924377001,0.039950255002,0.141416864453,0.273216661876
0.051237211547,0.058113698376,0.309615739229,0.059052484425,0.026957882764,0.031002385918,0.085066355308,0.039046958122,0.030289446447,0.309617837864
0.070377171726,0.064008617673,0.291555910234,0.064566939220,0.038773471493,0.043992759221,0.036546650168,0.052873260422,0.045748489832,0.291556730009
0.179795483322,0.035759449387,0.187951026390,0.036046746680,0.023559770121,0.027618074890,0.023379978207,0.028968273062,0.268970604635,0.187950593306
0.073914967826,0.067708175807,0.190563327980,0.068258736535,0.042886660542,0.053330142029,0.039395782956,0.048943484227,0.224434740908,0.190563981189
0.057529718527,0.012574596406,0.099822630246,0.012662540481,0.008106664737,0.009297735609,0.006562340351,0.010027994449,0.683592949449,0.099822829747
0.054616268757,0.013865966633,0.050238931823,0.013945541545,0.010367585467,0.011017883397,0.010800042575,0.011445567534,0.773463300757,0.050238911512
0.100000000000,0.100000000000,0.100000000000,0.100000000000,0.100000000000,0.100000000000,0.100000000000,0.100000000000,0.100000000000,0.100000000000
0.633878542427,0.025429566739,0.085516014837,0.025506633762,0.021774424006,0.023219284083,0.021635289849,0.022397197896,0.055127377387,0.085515669015
0.145041077011,0.040814860902,0.295514437235,0.041192798425,0.026009193614,0.028539631513,0.032843501625,0.031473783946,0.063055805040,0.295514910688
0.461925945221,0.008016850304,0.240536458744,0.008105794872,0.003826498322,0.004712994045,0.002843431492,0.006584467506,0.022912528270,0.240535031224
0.522892547721,0.042244257209,0.072831767318,0.042315420975,0.037662005499,0.060906595429,0.034389944415,0.037292456450,0.076633451245,0.072831553740
0.879216667526,0.007074201457,0.023845928038,0.007084528764,0.006352399623,0.006637417989,0.006477450238,0.007292812077,0.032172788046,0.023845806241
0.112026212406,0.052721917112,0.228695586401,0.053119312753,0.033920155846,0.041928182224,0.036862443852,0.040604380935,0.171425749802,0.228696058668
0.811493634241,0.012013000427,0.036919254060,0.012052579874,0.009520071854,0.012306312574,0.012501937283,0.010409796337,0.045864316489,0.036919096862
0.870059000003,0.009304183180,0.023226407888,0.009311831507,0.008584146050,0.008838011567,0.008791349658,0.008542244753,0.030116504721,0.023226320674
0.064408060189,0.053334329144,0.061699661983,0.053525906970,0.042414873977,0.054370449130,0.094620531035,0.041944785800,0.471981697733,0.061699704038
0.763112023126,0.012430942945,0.042446049992,0.012460603329,0.010690946485,0.012281201204,0.010536746191,0.010091646223,0.083503958598,0.042445881907
0.018860581147,0.010196127271,0.013797077575,0.010201268132,0.009584925717,0.010161998659,0.009569051530,0.009487245096,0.894344655534,0.013797069339
0.016837444511,0.011668230110,0.014692138493,0.011672123907,0.010796924978,0.011160272114,0.009243411396,0.010676220148,0.888561111536,0.014692122807
0.033756741837,0.023768559882,0.047012952972,0.023880897630,0.018638183096,0.017234492053,0.018261509914,0.018964926066,0.751468649309,0.047013087240
0.027779942580,0.015473206491,0.024683955602,0.015503056297,0.013320879833,0.013680164091,0.013689180106,0.013326285670,0.837859391905,0.024683937424
0.052997192398,0.032893416482,0.047414706490,0.032971888432,0.028644163433,0.046765590638,0.022176076464,0.027652971116,0.661069316870,0.047414677678
0.005303144072,0.002602883594,0.005409479671,0.002612692095,0.002091084672,0.002338737487,0.002283585599,0.002257798853,0.969691115082,0.005409478875
0.007604283569,0.003012451436,0.006070205880,0.003022020646,0.002528036195,0.002643193255,0.003320085958,0.002647079322,0.963082445259,0.006070198481
0.044594466174,0.025876841754,0.031855081943,0.025939099018,0.022451630682,0.023788523596,0.042561441447,0.022911017853,0.728166831170,0.031855066364
0.494193613807,0.035723938400,0.098948744700,0.035814420081,0.031390483782,0.034468346616,0.039333112844,0.032632957932,0.098545997232,0.098948384607
0.674572902031,0.018312882822,0.070922305798,0.018368088089,0.015193866835,0.016155786627,0.015391809925,0.016085188641,0.084075196045,0.070921973188
0.044032541126,0.009970182848,0.047642680093,0.010007081171,0.007947299908,0.009140801621,0.006136446733,0.009028999097,0.808451473852,0.047642493552
0.011583599695,0.006547849880,0.008641584484,0.006564162783,0.005485102312,0.009249863042,0.016103492680,0.005478159900,0.921704606217,0.008641579007
0.006265243424,0.002634367621,0.005697670926,0.002644298121,0.002081726824,0.002341013127,0.003207032801,0.002405945467,0.967025029612,0.005697672078
0.047752839038,0.042758116295,0.057346803263,0.042832239331,0.035417909545,0.029527262226,0.033605546732,0.032055363944,0.621357028547,0.057346891079
0.079657157059,0.073951036802,0.083457393801,0.074151448347,0.061221251844,0.090707370109,0.153384043838,0.061847051431,0.238165750742,0.083457496028
0.006784650856,0.002765434395,0.006032492403,0.002774876039,0.002285261371,0.002778607134,0.003324767236,0.002591184685,0.964630232578,0.006032493303
0.003928046679,0.001975942001,0.003126093894,0.001980752185,0.001779253731,0.001780557115,0.008377640796,0.001866038857,0.972059583254,0.003126091489
0.008835733393,0.004567190262,0.007378708181,0.004581336722,0.003724797126,0.003941890112,0.004850093576,0.005369553668,0.949371996339,0.007378700622
0.011945553425,0.006942967613,0.009036568022,0.006960462284,0.005798878116,0.009915347978,0.017534006666,0.005787357731,0.917042295282,0.009036562881
0.038539185752,0.037036557124,0.034423584565,0.036985345366,0.036211428787,0.038143940403,0.034157325364,0.038613479966,0.671465569617,0.034423583056
0.049073930210,0.053059629736,0.063736828043,0.053271339989,0.039842388031,0.032739007234,0.045363216946,0.037445316779,0.561731377340,0.063736965692
0.128350057059,0.039383034689,0.290931870107,0.039643039987,0.025745829381,0.027797822221,0.066496445635,0.033498405363,0.057222328302,0.290931167257
0.100873602679,0.015793421404,0.396351688196,0.015986577450,0.008509990982,0.010320975602,0.005606460001,0.012432765505,0.037774170081,0.396350348101
0.072087916762,0.072192641566,0.074400189705,0.072391009727,0.059998743030,0.150147402998,0.070967002244,0.063079122791,0.290335731945,0.074400239231
0.101842745620,0.001429767343,0.023774578575,0.001438046144,0.001019738970,0.001181358261,0.001028049314,0.001282465066,0.843228930473,0.023774320233
0.161777739003,0.030710612163,0.314039533361,0.030963030463,0.019989572762,0.027069042671,0.016715792583,0.025542746077,0.059153584718,0.314038346200
0.098743032631,0.043819773611,0.333772161672,0.044247885521,0.025974232514,0.029178545641,0.016840667762,0.032708806944,0.040941872888,0.333773020817
0.057459707926,0.062639628750,0.071269044891,0.062900100478,0.051664338345,0.045977142538,0.228090012842,0.051507884858,0.297223077806,0.071269061564
0.067773711284,0.017706407911,0.415497821773,0.017952765679,0.009149774791,0.011178848828,0.007154337403,0.012185043899,0.025903264787,0.415498023645
0.102846658502,0.022975911588,0.379332689295,0.023234079507,0.013380148030,0.014700160855,0.011858118075,0.015929710056,0.036409955962,0.379332568132
0.138048439514,0.064909153167,0.208950698906,0.065243324566,0.051195058042,0.047196965066,0.061721455188,0.054817061774,0.098966783145,0.208951060631
0.088573327799,0.065838435304,0.245591351712,0.066659232047,0.037242337165,0.046851429633,0.104815079822,0.047402238084,0.051434524040,0.245592044394
0.135087027984,0.009158534923,0.404591409836,0.009269462396,0.004888104810,0.005976316199,0.003280931395,0.006457789805,0.016701564010,0.404588858642
0.078220816825,0.065122722669,0.298908472583,0.065834666398,0.038913820851,0.041490136215,0.021253043446,0.046931449876,0.044415011053,0.298909860083
0.119497082088,0.065423646380,0.203170030592,0.065808790192,0.046092620427,0.049583065972,0.044909883229,0.047699879802,0.154645130855,0.203169870464
0.074244989562,0.071500139169,0.238525054825,0.072175033208,0.045807967905,0.047224602332,0.050163024297,0.066986404931,0.094847030340,0.238525753431
0.090702721627,0.078755903527,0.252730301643,0.079300606750,0.053424757117,0.053372330035,0.032530396380,0.060018121409,0.046434018524,0.252730842988
0.105997757499,0.042383503554,0.329029589866,0.042751739004,0.025071909912,0.028766196044,0.017020252313,0.031749094186,0.048200477165,0.329029480456
0.173048738443,0.043047696998,0.237970918469,0.043341381949,0.029046398984,0.031247286707,0.026695119713,0.033877159853,0.143754173319,0.237971125565
0.402023768311,0.012647482440,0.253681659506,0.012768058093,0.007541562148,0.008313974454,0.007706880907,0.008957705434,0.032678842612,0.253680066093
0.117650813323,0.046061160145,0.317791550490,0.046447972904,0.028076135128,0.032466926136,0.019567018840,0.033700413009,0.040446404488,0.317791605537
0.069707698789,0.018107723292,0.411044544086,0.018400691881,0.007543115960,0.016029480640,0.018257440689,0.012042939884,0.017822211906,0.411044152873
0.136250477341,0.061662912073,0.247195278826,0.062135834288,0.042122801857,0.040853177894,0.029934563401,0.042421340655,0.090228862747,0.247194750918
0.159679677483,0.042877741216,0.248295624716,0.043102447403,0.032754967814,0.027020895816,0.024455743190,0.033218364560,0.140299157432,0.248295380371
0.726546796653,0.005681906534,0.085912280928,0.005716368882,0.003982717904,0.004570524728,0.003400974046,0.004651227215,0.073625922272,0.085911280840
0.364242303395,0.014232992440,0.101695806561,0.014326336083,0.010391876249,0.010885512075,0.012391763469,0.011675584193,0.358462810847,0.101695014689
0.279581554425,0.035772456874,0.160085049086,0.035892514962,0.028506530334,0.031313594191,0.027446614948,0.031249637131,0.210067472517,0.160084575534
0.131499804271,0.065902853285,0.218358637784,0.066347277343,0.045773907557,0.045866337926,0.036636629724,0.051703828545,0.119552461849,0.218358261716
0.159103686689,0.071475295078,0.183482096146,0.071676859190,0.056759205914,0.063930076105,0.049304865205,0.063681040711,0.097105517726,0.183481357236
0.130419081134,0.032830211774,0.329082381242,0.033140461240,0.020860272816,0.026887510158,0.022048063187,0.029869555169,0.045781544832,0.329080918448
0.522145466143,0.019425816163,0.177520016069,0.019608855407,0.011696699510,0.012276727493,0.011622742433,0.014884648803,0.033299285500,0.177519742481
0.154070979197,0.041183693695,0.303068838455,0.041520649559,0.027688114406,0.027094334189,0.022776861543,0.031839044010,0.047689340306,0.303068144640
0.077666289333,0.110036252363,0.168051086482,0.110991571454,0.076458021550,0.079842356907,0.062373911145,0.084900114610,0.061628760635,0.168051635521
0.113099315118,0.044393131453,0.320344341796,0.044838804841,0.027826609139,0.029776800193,0.023984296138,0.033301846001,0.042091124776,0.320343730545
0.189294151465,0.075538582084,0.139265450505,0.075598484611,0.072124852006,0.078929381625,0.073031244311,0.073954030699,0.082998720663,0.139265102030
0.746747551374,0.009194115084,0.091655521078,0.009288118428,0.005741590159,0.005993414465,0.005877537689,0.008303415714,0.025543595954,0.091655140056
0.223780781420,0.054234651301,0.200161889260,0.054468265931,0.041274708104,0.043546160203,0.031425522618,0.047583223534,0.103363213262,0.200161584368
0.204354771903,0.025836131712,0.321179861697,0.026092892041,0.015373701079,0.015634594838,0.009787281268,0.018993963264,0.041568564437,0.321178237760
0.080308775677,0.115986667037,0.092049441185,0.116079295809,0.098313221677,0.130976903441,0.073230030738,0.104673370931,0.096332830137,0.092049463368
0.082979368412,0.081524509409,0.129938190347,0.081733763222,0.061637658735,0.065179165967,0.057800643826,0.076375413916,0.232892958271,0.129938327894
0.390875328161,0.016383153365,0.235003553475,0.016549996573,0.010423756230,0.012571289484,0.010823846275,0.012290671588,0.060077538762,0.235000866087
0.125486351758,0.024836285135,0.364959062100,0.025134900836,0.013937022688,0.014452153148,0.012815737801,0.016442967190,0.036976973312,0.364958546032
0.089883863678,0.038393596290,0.314062621722,0.038907453312,0.020729679186,0.021327369324,0.074655416368,0.032519764898,0.055457526742,0.314062708480
0.036530505477,0.035272193728,0.082453886522,0.035519166113,0.025341508949,0.026686975743,0.608247019657,0.028345322247,0.039149371263,0.082454050300
0.066892661443,0.079242420939,0.279403495732,0.079323388077,0.049615532927,0.046328694761,0.025699072224,0.051393628859,0.042696622570,0.279404482469
0.365943002090,0.013662872986,0.232368584504,0.013758571003,0.009313793405,0.009515258426,0.010070054463,0.010354276501,0.102646921221,0.232366665402
0.233828714204,0.035429619260,0.212316127710,0.035570356553,0.028715508454,0.037266801402,0.026456272335,0.031660068436,0.146441095756,0.212315435891
0.950453154086,0.001097284155,0.019719916595,0.001105020309,0.000795436411,0.000791025195,0.000788885389,0.000914498369,0.004615105974,0.019719673516
0.134862669386,0.044210763992,0.299433188977,0.044421574872,0.031879382069,0.029742087263,0.026716977488,0.032543656861,0.056757428109,0.299432270982
0.113883155789,0.068425969430,0.247073026988,0.068874887804,0.046927832528,0.058865748897,0.029516795518,0.061983153789,0.057376916364,0.247072512893
0.407900088683,0.016090174796,0.237938272594,0.016228850372,0.010248749380,0.012615306684,0.011803872238,0.013260287141,0.035977162652,0.237937235460
0.072621614063,0.036523870852,0.357802127399,0.036962751965,0.019169981187,0.023745759549,0.011682280638,0.032523981814,0.051164706711,0.357802925822
0.053467876254,0.026000213274,0.399471476826,0.026356434374,0.013120602270,0.015536817075,0.020260337141,0.017907940792,0.028405089038,0.399473212956
0.477496695747,0.017068710823,0.134167492874,0.017191860685,0.011130221778,0.014359747698,0.009580351872,0.014469078773,0.170368751207,0.134167088543
0.070161781140,0.120137605739,0.155680195363,0.120778027707,0.075529002032,0.094042151725,0.049469987737,0.096978303251,0.061542427805,0.155680517501
0.057822232618,0.048900046654,0.092953243664,0.049157764614,0.035757675365,0.034187394785,0.498129227318,0.036882062380,0.053256892053,0.092953460547
0.288144559130,0.041842906838,0.214929547075,0.042164986361,0.029795150490,0.029411112653,0.029403398078,0.033218348086,0.076161758005,0.214928233285
0.163053603454,0.021043425472,0.341288934531,0.021217809001,0.013510237662,0.017306053895,0.008152158040,0.016782489126,0.056357836493,0.341287452327
0.085596258351,0.001990236169,0.021941818567,0.001999938692,0.001506650463,0.001588088009,0.001315854027,0.001745620144,0.860373901575,0.021941634002
0.250553573239,0.010514316633,0.229745398028,0.010615554659,0.006144289347,0.007611050086,0.006038268152,0.009571154702,0.239463266666,0.229743128489
0.877484496126,0.002187020487,0.052345864260,0.002209622749,0.001147260235,0.001356777487,0.002151652914,0.002155724754,0.006616148325,0.052345432662
0.213224396894,0.027083951564,0.235251412736,0.027277295517,0.018921517194,0.018296219822,0.016450751657,0.021308557017,0.186935900310,0.235249997289
0.242941682692,0.025066454256,0.272539104196,0.025221069469,0.017566152861,0.021959222106,0.016495090873,0.020888407735,0.084784959320,0.272537856492
0.767938922435,0.007630077502,0.071780871209,0.007662589913,0.005730260447,0.006383740799,0.005673721585,0.006254371343,0.049165069383,0.071780375384
0.187244468166,0.040784620380,0.210218029525,0.040995657450,0.029416456579,0.034257110502,0.028094850205,0.041751562277,0.177019966646,0.210217278270
0.166980846431,0.037383180148,0.272156134736,0.037636225080,0.024653478603,0.024654576171,0.052858703517,0.033183804008,0.078338291673,0.272154759632
0.428872913164,0.022964598378,0.166014881194,0.023048309107,0.017641827337,0.016612108771,0.012395378575,0.017541324653,0.128894580190,0.166014078630
0.087727832135,0.033092361447,0.355823455455,0.033486391926,0.017748916954,0.017252758682,0.008282971601,0.030223824314,0.060537862739,0.355823624748
0.341897962274,0.014015084255,0.144590785648,0.014117665638,0.008728668220,0.010528336228,0.006338032301,0.010192476310,0.305001414328,0.144589574797
0.206060812842,0.034687037327,0.265345938588,0.034930266038,0.021386138645,0.025794490378,0.016881671432,0.025782241734,0.103786811144,0.265344591873
0.058598056016,0.025986620791,0.402254096054,0.026319501030,0.012441523114,0.017639102805,0.008246702060,0.018321661883,0.027937521250,0.402255214997
0.417446356355,0.014629093255,0.230587924542,0.014791988785,0.008898584921,0.010501506677,0.018408610007,0.011007476846,0.043142854857,0.230585603756
0.081339709502,0.095713461866,0.193445772495,0.096062280820,0.071535979181,0.069235159965,0.046996387215,0.078307389008,0.073917170396,0.193446689551
0.238490914433,0.022112205784,0.299000278453,0.022388180606,0.013797063755,0.014384176058,0.010287581123,0.015749979341,0.064792481910,0.298997138536
0.077356513763,0.045784464369,0.322205238295,0.046321264676,0.025574568018,0.038217352902,0.020027401433,0.035628488286,0.066678522587,0.322206185672
0.270132480463,0.031706600348,0.208583609333,0.031918804022,0.021916940158,0.024528991027,0.025309716430,0.025788257512,0.151531309898,0.208583290808
0.171925294926,0.055915831720,0.131897962364,0.056226031311,0.040120695440,0.038673611579,0.205665416543,0.041185866054,0.126491189774,0.131898100289
0.310519244837,0.022294689046,0.121169890245,0.022425246668,0.017411048195,0.019022316509,0.016992372865,0.020584377598,0.328411359399,0.121169454638
0.325453568162,0.011305053617,0.075751387790,0.011395458943,0.007561534805,0.008834023872,0.008892659005,0.008432106568,0.466623039584,0.075751167653
0.166212003673,0.023085685162,0.336966923047,0.023305851589,0.014833916123,0.015726813071,0.010757537963,0.021863584022,0.050282912533,0.336964772818
0.053218584807,0.031261345907,0.393331721617,0.031781647400,0.015343579007,0.018342581330,0.009069176740,0.022545550028,0.031772963864,0.393332849300
0.158571121424,0.021437994164,0.359156173673,0.021724041181,0.010859188164,0.013694040162,0.008924081023,0.016484251523,0.029995219142,0.359153889544
0.180579907796,0.027490069286,0.317038588241,0.027691349795,0.018161436089,0.021881342379,0.016175772113,0.024476533907,0.049467178752,0.317037821642
0.667793786292,0.003942129792,0.025031685906,0.003958531661,0.002944142177,0.003000698050,0.003359305497,0.003046437921,0.261891713538,0.025031569166
0.643356358168,0.005092696648,0.159510237663,0.005135281836,0.003173925782,0.003938000167,0.002653072821,0.005085323269,0.012545277797,0.159509825851
0.522716059315,0.021466002712,0.125006336428,0.021602088196,0.014208715245,0.021327530456,0.010846133080,0.016171472837,0.121649869524,0.125005792207
0.107948781804,0.063971911030,0.251449071291,0.064277370849,0.046649898853,0.047150605923,0.035088336479,0.050780035113,0.081234235393,0.251449753265
0.120570928202,0.072385338569,0.216516022483,0.072836972302,0.049156132161,0.052716420236,0.051910311187,0.055199052107,0.092191849611,0.216516973140
0.261084426485,0.052740082595,0.214147609331,0.053125014236,0.034112776295,0.038186227868,0.032910923507,0.037422159267,0.062124361167,0.214146419250
0.116982242806,0.024266134437,0.362653547844,0.024509494286,0.014003644576,0.021330061135,0.013486784069,0.021411938809,0.038703761772,0.362652390266
0.336684130121,0.014132671561,0.158519501649,0.014222857258,0.009402693868,0.008874103021,0.008130227511,0.010864848353,0.280650637010,0.158518329648
0.125258002244,0.067524066164,0.252306055671,0.067988130093,0.041456159210,0.050695680870,0.023632370223,0.059031240566,0.059803067432,0.252305227528
0.218807210677,0.030344272551,0.155704165991,0.030523519539,0.021057946200,0.021967648015,0.283655617873,0.023400826462,0.058834906332,0.155703886361
0.087984041149,0.090502794695,0.109798927042,0.090608333944,0.080964670699,0.078868127271,0.066691176104,0.082268271310,0.202514683960,0.109798973826
0.420546971698,0.012425041516,0.086113238961,0.012509120908,0.007875826123,0.010182746759,0.006037221948,0.009630032426,0.348567065966,0.086112733696
0.865679106994,0.002765681613,0.055267599428,0.002792468849,0.001659471329,0.001930619017,0.001825769936,0.002143442567,0.010668680879,0.055267159388
0.118962648838,0.022763879129,0.365071107706,0.023003363340,0.013913161386,0.016283844497,0.010375657186,0.017387920008,0.047168932683,0.365069485226
0.256482762195,0.008872565414,0.105734108228,0.008924584214,0.006342577332,0.008243674768,0.006262633032,0.007484391438,0.485919684271,0.105733019107
0.125880678654,0.045765833472,0.312253110300,0.046223485334,0.027048151767,0.029621816831,0.018490037880,0.034334928626,0.048129769561,0.312252187574
0.269123819365,0.026030272912,0.277191393114,0.026297384355,0.015037920383,0.016795779428,0.025237840364,0.019978272922,0.047118261774,0.277189055384
0.306726363491,0.018343418753,0.254210858095,0.018491603805,0.012045784360,0.013414858907,0.009798430821,0.016204507264,0.096555589027,0.254208585477
0.187307916126,0.011190693006,0.368102879022,0.011307144216,0.006440451057,0.007510943249,0.004465348211,0.008405714988,0.027169424393,0.368099485730
0.150422828553,0.031155375224,0.312560549182,0.031450532008,0.018922247441,0.018915677484,0.023884634803,0.021242882611,0.078885390466,0.312559882227
0.132924817260,0.039611513931,0.238064191020,0.039893101727,0.026298456859,0.027475016288,0.025942589054,0.031218407382,0.200507438275,0.238064468203
0.092793557402,0.081496180381,0.218741411483,0.082132164207,0.053718239869,0.066913827155,0.050023622512,0.066201339355,0.069237662743,0.218741994894
0.307674149005,0.034752580874,0.212363081847,0.034963989873,0.025431426147,0.029276370775,0.023630004116,0.029906365311,0.089639673540,0.212362358512
0.110893459457,0.054142329887,0.191302215460,0.054525083651,0.040601211556,0.042059369783,0.154197450089,0.043032392454,0.117943836239,0.191302651423
0.053875384747,0.098957319354,0.135435009718,0.099466750689,0.067281044244,0.053530852766,0.238444821500,0.071620197566,0.045953052379,0.135435567035
0.152409493559,0.047062435439,0.225260307486,0.047353788876,0.033611870665,0.032134766571,0.028631481080,0.039938548746,0.168337567088,0.225259740490
0.545564167706,0.033706076646,0.137250644400,0.033932502094,0.021574337847,0.020734598564,0.014421319246,0.023552920995,0.032013317246,0.137250115257
0.334398061237,0.017384924704,0.211698718032,0.017553050655,0.010577557905,0.012127463217,0.009943256900,0.012265718057,0.162353886502,0.211697362791
0.114280050128,0.062764261238,0.292453063129,0.063401478369,0.033712536581,0.034533736617,0.018237197201,0.040155665623,0.048008173076,0.292453838038
0.740304397962,0.004692449693,0.092700358135,0.004731370614,0.002987839326,0.003311972350,0.003425872531,0.003762302288,0.051383789425,0.092699647676
0.172623169937,0.065388049308,0.181217910706,0.065682282983,0.053248034761,0.081529459476,0.044509162796,0.066699088728,0.087885352747,0.181217488560
0.070073597608,0.017681154282,0.091131171285,0.017808411694,0.012203201675,0.012650451587,0.008786560333,0.013868690704,0.664665637040,0.091131123792
0.349402102754,0.027270581627,0.164247942608,0.027448525358,0.018957470322,0.022123257275,0.019283078960,0.021811464241,0.185208149039,0.164247427816
0.244265304820,0.030400646411,0.252974473654,0.030675228605,0.018427984455,0.021345666610,0.017993621302,0.022615044074,0.108328961565,0.252973068505
0.167024417497,0.040424948519,0.293216836941,0.040688009800,0.023367099933,0.029957930816,0.023339760382,0.036176320866,0.052587374957,0.293217300289
0.127143045463,0.007646262530,0.120447312082,0.007702389944,0.005616740474,0.005630113837,0.006042625423,0.006245844180,0.593079550394,0.120446115672
0.012894598198,0.002915348742,0.014206024170,0.002940125407,0.001981641458,0.002208457229,0.006908041292,0.002258946241,0.939480793498,0.014206023766
0.151146990707,0.067706950369,0.212421391379,0.068321817451,0.040630285715,0.064824286174,0.020275569680,0.044270339469,0.117981561930,0.212420807125
0.261170261041,0.011198513286,0.206075671836,0.011279528261,0.007364836142,0.008478686852,0.006157815703,0.009916650933,0.272283714313,0.206074321634
0.124922620884,0.003243119086,0.072643697491,0.003273712934,0.002003502684,0.002161554370,0.001959041037,0.002590795026,0.714558948031,0.072643008457
0.271196536811,0.025436957767,0.290232731438,0.025703090729,0.014000010312,0.016736841071,0.010850901640,0.019278251519,0.036334387196,0.290230291518
0.184004208513,0.013469713132,0.352039679110,0.013605037826,0.007748468728,0.009768434411,0.007690429556,0.011539940894,0.048097273992,0.352036813836
0.287958665966,0.024162436968,0.205680817015,0.024350417671,0.015952079799,0.018244250242,0.017675283902,0.021956577411,0.178339422039,0.205680048986
0.258083076838,0.023874320682,0.276313664267,0.024087667435,0.014725802505,0.016842678973,0.012864519648,0.022596186133,0.074300170745,0.276311912773
0.305204361554,0.022319367510,0.262627950704,0.022518958422,0.013671802206,0.013297449605,0.009741764514,0.018445338376,0.069546725879,0.262626281231
0.180556785579,0.019648059352,0.327579622141,0.019852335813,0.011222525886,0.013475206526,0.008527051664,0.018134229840,0.073425951342,0.327578231858
0.372931386667,0.002993810963,0.017161992711,0.003006562083,0.002351461229,0.002349231787,0.002066792676,0.002416139233,0.577560748160,0.017161874491
0.117144101404,0.076927477064,0.199498071817,0.077544298514,0.055368280421,0.059494011658,0.062316066019,0.075956201073,0.076253466578,0.199498025452
0.385153059619,0.028955101188,0.181202680482,0.029067383122,0.022363509080,0.024132201127,0.021686252428,0.024544267709,0.101693436984,0.181202108261
0.164024336186,0.010025399095,0.117151532397,0.010048524031,0.007083332380,0.008133490960,0.004948690556,0.007967114641,0.553467065972,0.117150513782
0.025340429415,0.005509823257,0.021495257234,0.005527688312,0.004401354414,0.005003247517,0.004308103793,0.004834072215,0.902084794637,0.021495229207
0.393818487212,0.033552595521,0.198354131457,0.033791554165,0.022674113714,0.020868806815,0.016534998652,0.025923640739,0.056128276488,0.198353395239
0.438177578941,0.015150916956,0.217060467589,0.015279631602,0.009727263806,0.011176739073,0.008474525244,0.011117026242,0.056776540495,0.217059310052
0.266080917935,0.044066178068,0.227745638828,0.044314919991,0.029582909596,0.030596153353,0.025776474985,0.041867625868,0.062224466164,0.227744715213
0.173931517017,0.050135920942,0.266979830302,0.050592453187,0.032058209179,0.038889271290,0.023359493362,0.035966223688,0.061107458663,0.266979622370
0.191084086950,0.021333365408,0.305509136529,0.021428316451,0.014868403493,0.015207412373,0.011221496071,0.024779902498,0.089060668735,0.305507211492
0.930270518831,0.001344145954,0.027901878363,0.001354150927,0.000886502112,0.001010734934,0.000965602545,0.001088820784,0.007276052788,0.027901592760
0.300974811650,0.043124445652,0.193658292142,0.043168722686,0.030868078846,0.032008130801,0.023933288125,0.035876962693,0.102729812832,0.193657454572
0.626017670859,0.009022981600,0.154656895013,0.009105285860,0.005278259610,0.005522555578,0.005182441113,0.006266398371,0.024291514695,0.154655997302
0.040156160618,0.003045862373,0.023047127317,0.003066156983,0.002261794400,0.002519598986,0.002752151788,0.002626976852,0.897477195292,0.023046975390
0.244216490560,0.030308464845,0.268336661972,0.030388823594,0.021726594392,0.021399466862,0.012103661041,0.023912904518,0.079271972724,0.268334959492
0.871555670802,0.005851325395,0.042564084609,0.005895865916,0.003963829067,0.004513618746,0.003724925826,0.004442855037,0.014923991640,0.042563832961
0.696237778049,0.012810462867,0.110200819301,0.012908626356,0.008458001271,0.008008321278,0.007265458056,0.009471410724,0.024439119055,0.110200003044
0.154679716872,0.019072808863,0.134397833481,0.019240802048,0.012063370745,0.013127410265,0.010882115509,0.018310403362,0.483828428604,0.134397110251
0.050983165484,0.019257845566,0.065101583407,0.019366918223,0.014219941342,0.016277777841,0.013432639142,0.015542988248,0.720715522924,0.065101617823
0.163882555256,0.033399567171,0.302938660227,0.033612413669,0.022523401305,0.026982224555,0.020313740585,0.026568589717,0.066841793615,0.302937053900
0.350933382890,0.025614138885,0.102825029938,0.025715008290,0.020560888174,0.022182099182,0.017606075481,0.021594661630,0.310143850782,0.102824864748
0.139753100172,0.026243237426,0.342716881005,0.026427188227,0.017155193171,0.020445319648,0.013615624180,0.023362421140,0.047566675810,0.342714359221
0.673271845660,0.011278298195,0.122286286841,0.011372948267,0.007241981009,0.008045573461,0.006528481868,0.008251745436,0.029437211559,0.122285627703
0.177170474023,0.014738125443,0.163324629796,0.014881355968,0.008911285299,0.011076227770,0.010173843241,0.010894740907,0.425505763051,0.163323554501
0.044694115807,0.024976514266,0.071668171679,0.025114390312,0.018255297722,0.019263736689,0.016549065921,0.021942089872,0.685868225484,0.071668392248
0.103520119212,0.040006128815,0.250915940872,0.040301753976,0.026244412777,0.031223194247,0.021517284764,0.034241408134,0.201113140724,0.250916616478
0.234239676511,0.040514101025,0.243772334215,0.040815329968,0.024598919890,0.025172433779,0.020824556081,0.030042066886,0.096248693834,0.243771887809
0.117811235125,0.047352567471,0.301628892254,0.047818230242,0.028870741612,0.038272674121,0.021044285187,0.034724445182,0.060848533020,0.301628395786
0.427620166004,0.021537342045,0.204264045280,0.021717181949,0.013890808223,0.014106582482,0.029760950311,0.015168923478,0.047671882490,0.204262117738
0.059003484060,0.016101039509,0.077527809161,0.016222228227,0.010389201039,0.013225417303,0.008077613278,0.013045584140,0.708879868864,0.077527754420
0.080971560334,0.015993854473,0.128411240026,0.016083592593,0.011656277284,0.012521233758,0.012551214491,0.012990202973,0.580409759594,0.128411064474
0.049820010418,0.042143599989,0.377993823551,0.042768477193,0.018164613144,0.019944104037,0.010375727017,0.028615113675,0.032177533641,0.377996997335
0.074766364550,0.006296442908,0.069031235760,0.006339166150,0.004420432947,0.005239157561,0.004227938577,0.005598467247,0.755049721520,0.069031072779
0.071473778436,0.027344744770,0.191044059328,0.027618973365,0.016285157426,0.018715647732,0.011241077837,0.021742092317,0.423490112983,0.191044355805
0.087510247666,0.002662878964,0.030771816987,0.002682019224,0.001830741020,0.002230823243,0.002184374522,0.002214167850,0.837141266317,0.030771664207
0.761447258609,0.001846805442,0.039871084131,0.001861559083,0.001228239915,0.001523689731,0.001214055746,0.001547272462,0.149589318154,0.039870716727
0.226866616782,0.020732755525,0.318254348441,0.020811274803,0.013656444730,0.014378485625,0.008582353212,0.015969526189,0.042495259858,0.318252934836
0.094314350806,0.004838543920,0.054217892339,0.004866226767,0.003678219891,0.004600860448,0.004359965775,0.004400009594,0.770506228732,0.054217701729
0.448701750911,0.007663173703,0.220911441688,0.007721496914,0.004292452925,0.008030007358,0.003062861421,0.006481266630,0.072224330796,0.220911217653
0.216065974085,0.036674825334,0.273688658046,0.036944224580,0.025210054445,0.026855796465,0.016880318608,0.030366404098,0.063626376189,0.273687368151
0.053894461310,0.010645514592,0.104027843588,0.010734233476,0.006546406510,0.008176108394,0.005517970243,0.007705438122,0.688724321060,0.104027702704
0.234540205331,0.018415238003,0.271093024215,0.018596450118,0.011797792647,0.012358204704,0.009126846058,0.015162717365,0.137817795145,0.271091726413
0.043614162546,0.056771238958,0.052751685172,0.056975082761,0.033413490049,0.552610049335,0.012931682215,0.040969448510,0.097211382322,0.052751778132
0.170205737949,0.032232320138,0.267352931460,0.032469792063,0.021322308280,0.025826630132,0.018770542117,0.026789478241,0.137677910436,0.267352349185
0.077329699857,0.077348139453,0.205228112847,0.077941576857,0.047175479583,0.055882780674,0.090024025343,0.059825164936,0.104016793333,0.205228227116
0.106028757363,0.029230399704,0.087998568730,0.029378639654,0.015884004890,0.235707954537,0.009281011557,0.024209019872,0.374283337789,0.087998305904
0.140409095898,0.026285646660,0.108591881688,0.026391996898,0.018264768049,0.025518744123,0.011533339352,0.026628072422,0.507784673161,0.108591781749
0.256256942839,0.020759359634,0.157617549088,0.020899569030,0.014120460292,0.017838563975,0.018602548293,0.017604573989,0.318683592935,0.157616839926
0.109554648284,0.047087443048,0.274823811158,0.047376633390,0.032136755456,0.044622296240,0.034479150111,0.047791802247,0.087303421231,0.274824038835
0.152937201067,0.047133015443,0.144745239088,0.047350433389,0.034426643993,0.063788775415,0.174864599874,0.041218728900,0.148790277524,0.144745085306
0.122871945999,0.056362908377,0.217495524863,0.056769037618,0.038884119825,0.045697231133,0.041353731216,0.042510121415,0.160560290514,0.217495089039
0.244018941625,0.055688293739,0.145927996379,0.056006461455,0.025617181714,0.063125841816,0.017587054807,0.055912924014,0.190187712430,0.145927592020
0.104833600977,0.041132327786,0.306788461623,0.041461858556,0.023262166491,0.025778320864,0.021142805033,0.028860555393,0.099951379113,0.306788524164
0.186270073546,0.024245715198,0.308840749544,0.024418693936,0.016024662799,0.019452086305,0.012653139284,0.017718444994,0.081536497821,0.308839936573
0.126396857765,0.018620629970,0.379378607877,0.018786519906,0.011128773015,0.011035299128,0.008128882142,0.014857270392,0.032290997809,0.379376161995
0.089171874421,0.057037635551,0.309649612671,0.057663946441,0.033428188795,0.033797851319,0.027360651983,0.037883277738,0.044357440258,0.309649520824
0.264857962837,0.031087276092,0.273817298711,0.031424277911,0.019282488242,0.019613886422,0.013786027103,0.022523459953,0.049790943463,0.273816379266
0.121966655975,0.061921534551,0.242627470917,0.062255932633,0.036855104868,0.039667768559,0.060253350822,0.053753100078,0.078071990188,0.242627091408
0.814476884466,0.003458553293,0.075893355865,0.003488047160,0.002227091883,0.002231766706,0.002178931121,0.002760237742,0.017392326201,0.075892805563
0.071407175557,0.063492546875,0.183335072728,0.064142875652,0.037591431821,0.043389093265,0.144513550112,0.044281882260,0.164510663594,0.183335708135
0.062767306063,0.071071576693,0.073577400844,0.071251201009,0.055606423531,0.056199116875,0.338086375642,0.051283248911,0.146579952819,0.073577397612
0.029440852342,0.007389855149,0.036955422214,0.007429052492,0.005122694294,0.006927153660,0.003892106827,0.006245998459,0.859641530113,0.036955334450
0.140315789515,0.035350059204,0.331283606200,0.035690270470,0.018256723709,0.021855489237,0.011646717101,0.035418826660,0.038898230139,0.331284287763
0.846761545457,0.001696330402,0.048231381122,0.001709839127,0.001097923819,0.001232677472,0.001090356857,0.001341169860,0.048607858689,0.048230917194
0.872167656710,0.005393506229,0.040999313728,0.005392892359,0.004184903709,0.003889087677,0.003360159400,0.004553779740,0.019059637576,0.040999062872
0.138027010170,0.024802161467,0.095956233380,0.024903312096,0.018610623623,0.021298693957,0.016424276466,0.026026634705,0.537995325559,0.095955728576
0.055612397164,0.024445855880,0.065682063722,0.024537831954,0.021231407114,0.017324226726,0.011852729453,0.024094679585,0.689536954063,0.065681854338
0.818282615303,0.004512223278,0.049770099225,0.004542879824,0.003076373235,0.003000834240,0.003138549758,0.004216196521,0.059690553150,0.049769675465
0.151648673246,0.032128461327,0.123082301544,0.032283884505,0.023396609892,0.028600898464,0.025055025995,0.034042050879,0.426680217334,0.123081876814
0.158613940394,0.049276175840,0.259325998797,0.049699828028,0.034643497388,0.040256684340,0.030333828548,0.037984237219,0.080540606230,0.259325203216
0.916972273900,0.002130748137,0.030974292702,0.002146925866,0.001369538119,0.002041306011,0.001232261777,0.001569708835,0.010588992522,0.030973952131
0.304880827294,0.027909083824,0.222283162836,0.028041523817,0.017405905933,0.019750921891,0.011703635922,0.030019636276,0.115723432680,0.222281869527
0.299590479675,0.030472487325,0.242544235411,0.030601454131,0.024286286351,0.021319530070,0.014745934891,0.034707860149,0.059188615292,0.242543116705
0.297025331118,0.017829094794,0.277522715703,0.017963953501,0.011714977016,0.014804024848,0.011569124719,0.015947339373,0.058102647737,0.277520791192
0.080711897974,0.061108979382,0.169316872999,0.061539256759,0.041874180889,0.045817658592,0.251696998155,0.046559630160,0.072056921495,0.169317603596
0.253367830874,0.016612560526,0.097897697080,0.016741666730,0.011339561753,0.012279366041,0.012875965224,0.012866407122,0.468121539123,0.097897405528
0.820771052022,0.004552289418,0.067563574419,0.004590109351,0.002927540422,0.003427021812,0.003395527978,0.003528333479,0.021681543293,0.067563007806
0.079134682367,0.056002623234,0.154324354730,0.056289876332,0.037267438250,0.037642445492,0.034449770573,0.044156097290,0.346407695517,0.154325016216
0.090756980845,0.028799349284,0.354535638457,0.029040808364,0.017049502812,0.022073662628,0.046145919711,0.022439058209,0.034623938825,0.354535140864
0.576574079968,0.013304070097,0.145957471458,0.013391624656,0.009315188885,0.010849120998,0.014709734178,0.011961325059,0.057980177063,0.145957207638
0.155054249161,0.032173118370,0.314022072210,0.032439272745,0.020419715205,0.020325964073,0.020623918395,0.032912440376,0.058008447004,0.314020802461
0.075627171759,0.085746449459,0.241626978879,0.086373600392,0.044882271076,0.065944688404,0.024100032894,0.077793084059,0.056277611313,0.241628111763
0.069480733351,0.018655367273,0.129336438217,0.018858928727,0.010107826832,0.014679630770,0.014960246256,0.017726952636,0.576857610773,0.129336265165
0.064359267317,0.086279921825,0.238490470469,0.086965874735,0.048109401562,0.054415605379,0.026522504314,0.091454060753,0.064910682534,0.238492211111
0.066078867920,0.044004683796,0.336181702393,0.044348643587,0.024268676399,0.028672554711,0.015032054322,0.039775887205,0.065452315876,0.336184613792
0.073307827420,0.057860190320,0.314119359506,0.058476422515,0.035165458228,0.034479074236,0.019382481895,0.039353946639,0.053733345434,0.314121893806
0.075880647859,0.032190565729,0.368443884268,0.032560361731,0.019033720912,0.019807245165,0.012066866370,0.022167524547,0.049401834361,0.368447349059
0.094522694601,0.084763498378,0.181826774842,0.085167517102,0.069766096110,0.069958292581,0.045067852342,0.066493035092,0.120606830857,0.181827408095
0.053609680112,0.083543325534,0.263717257484,0.084527563679,0.051205229761,0.048401564338,0.024889073329,0.072069032686,0.054317702859,0.263719570219
0.080310028911,0.074769390622,0.234493062887,0.075405593888,0.048648780321,0.054459095517,0.031845986248,0.076051432270,0.089521747859,0.234494881477
0.059920656376,0.055468752747,0.322610415147,0.056108157245,0.028753178568,0.031118157138,0.014595034453,0.045415801801,0.063396731848,0.322613114677
0.171235441497,0.055929154199,0.210870938416,0.056280824960,0.043171118871,0.043996754649,0.052985300282,0.047176413335,0.107483744073,0.210870309720
0.082620407517,0.049149337966,0.293791118362,0.049508040883,0.033155036143,0.036927801532,0.027208763043,0.038340331680,0.095505437688,0.293793725186
0.110554473806,0.041184361027,0.321031633808,0.041521888753,0.022156981504,0.024668455003,0.010453301540,0.038004450415,0.069393538252,0.321030915893
0.215094941399,0.030555674238,0.303600938250,0.030690669944,0.019554621798,0.019120367029,0.010430143470,0.021789572277,0.045564124138,0.303598947456
0.099372037140,0.035544250399,0.274116518837,0.035899899696,0.021971269656,0.025437755864,0.018477684716,0.028480671303,0.186582192721,0.274117719669
0.088124563705,0.052194862299,0.326633537568,0.052806500965,0.030051293544,0.032182130668,0.019139801500,0.031784950290,0.040448360782,0.326633998679
0.041098111394,0.007590292517,0.035330301697,0.007656630639,0.005023305141,0.005446976477,0.013382948535,0.007004102093,0.842137116997,0.035330214509
0.051523667164,0.041059433365,0.366244973549,0.041516988753,0.022814868130,0.026361394444,0.018487812655,0.032014839820,0.033727955176,0.366248066943
0.120510773613,0.044667575233,0.316516946845,0.045049828784,0.026190720185,0.033500710927,0.018932160066,0.036356864827,0.041757969878,0.316516449642
0.169852097968,0.024733685608,0.340043025060,0.024994865454,0.012532712882,0.014126685136,0.007989646243,0.021633416926,0.044051546128,0.340042318595
0.468464743743,0.011683265219,0.161537109481,0.011767739422,0.007240130136,0.007621676886,0.005753587003,0.008821564887,0.155573855555,0.161536327669
0.085308293189,0.057291873103,0.278822648571,0.057659363029,0.040288115256,0.043493443608,0.029388195108,0.044685580340,0.084238161144,0.278824326651
0.139636370835,0.027355468232,0.140819191127,0.027581788790,0.016801812090,0.028816655672,0.010950337375,0.029813591556,0.437405854168,0.140818930155
0.186909536893,0.018491534894,0.225947159046,0.018626885579,0.010568102908,0.011483081813,0.016094918864,0.015054085489,0.270878397906,0.225946296607
0.127781124498,0.014187546111,0.219881259635,0.014282577543,0.009880959271,0.011302758868,0.009242410380,0.011340023307,0.362220979551,0.219880360838
0.263608487686,0.027258982427,0.270432195191,0.027512024515,0.016543514815,0.018511053607,0.022534634964,0.021479155952,0.061689095192,0.270430855651
0.959278013397,0.000928996698,0.015876295343,0.000934904086,0.000649308116,0.000738077567,0.000616942202,0.000753813702,0.004347531728,0.015876117159
0.464227519832,0.009443129625,0.235827941932,0.009546707869,0.005078186798,0.006202417890,0.005879001365,0.008505351135,0.019462863602,0.235826879953
0.225660009897,0.010471551502,0.255540557742,0.010575954238,0.005974273703,0.007923061431,0.005325054867,0.008591940521,0.214399513655,0.255538082443
0.098662970961,0.021359031025,0.389915555179,0.021507527854,0.010988141336,0.009945260271,0.018916937670,0.014084290568,0.024705015316,0.389915269821
0.036162847191,0.074903200027,0.084774993764,0.075330461251,0.042712552007,0.483030697518,0.024961581781,0.058148990901,0.035199414274,0.084775261288
0.226647060847,0.024715283926,0.292811533229,0.024932416372,0.016016151840,0.017619900884,0.015658495989,0.020108985338,0.068680061640,0.292810109936
0.117851187352,0.036138872765,0.339547743713,0.036404959919,0.020026292340,0.022385665268,0.015139872472,0.033483455740,0.039474001991,0.339547948441
0.108137429078,0.046200511398,0.141045186638,0.046304424671,0.036977138479,0.037274129816,0.026506148976,0.043008161281,0.373501985270,0.141044884394
0.130909871025,0.028433170946,0.269336921408,0.028666170315,0.017917224629,0.020087089470,0.014821653921,0.023740607628,0.196750208041,0.269337082617
0.053070035217,0.038117421643,0.381321794796,0.038579471724,0.019586697110,0.021411330024,0.014922221147,0.025489229644,0.026178502430,0.381323296265
0.380490521067,0.014732963134,0.210210040552,0.014829301570,0.010605616843,0.012832094028,0.012249874122,0.013389475848,0.120450961550,0.210209151285
0.238452386809,0.019561554977,0.285593856254,0.019725720594,0.012397720695,0.015286159175,0.013131412372,0.016119292340,0.094139519580,0.285592377203
0.126394975295,0.035548622395,0.336852010989,0.036061080613,0.016944734445,0.025614238462,0.012515325330,0.030277506673,0.042939472075,0.336852033722
0.253681825004,0.038009505440,0.266572211252,0.038278296294,0.026026198280,0.025898103247,0.011562431244,0.026005165497,0.047396564348,0.266569699394
0.214870626826,0.020086014894,0.195233360192,0.020241100895,0.012489617610,0.013432922232,0.009800552443,0.016539395567,0.302074199501,0.195232209839
0.105881983401,0.018924007337,0.390067746299,0.019125842385,0.009051348213,0.010734680395,0.010178473174,0.018078431971,0.027892156311,0.390065330513
0.230353636936,0.028112062440,0.286053095752,0.028319947439,0.019470975322,0.019155095985,0.022218707331,0.021024823972,0.059239088434,0.286052566389
0.088756707184,0.034873702321,0.136072811832,0.035152827974,0.022652736940,0.030329019711,0.019751169116,0.026893382008,0.469444818547,0.136072824367
0.121577813476,0.059702958074,0.099476648018,0.059733458042,0.044108249512,0.208222590104,0.030894342727,0.050494788369,0.226312837503,0.099476314175
0.490840444889,0.010861123320,0.179352621874,0.010931217801,0.007289811637,0.008408201972,0.008761065279,0.008695528858,0.095509018058,0.179350966312
0.975179977775,0.000638593001,0.009478852101,0.000642709892,0.000439655392,0.000514288512,0.000461503081,0.000528547561,0.002637139042,0.009478733643
0.940015721596,0.001761046940,0.022720464589,0.001775241703,0.001168889703,0.001311966695,0.001291854722,0.001369469409,0.005865133702,0.022720210939
0.123720843455,0.040858070130,0.327613650106,0.041211917234,0.020551830502,0.029305506496,0.012641881642,0.039334254715,0.037149053352,0.327612992368
0.942938818652,0.001817537805,0.021297124604,0.001830269563,0.001261371348,0.001487282772,0.001220666720,0.001443273242,0.005406752176,0.021296903118
0.260006602864,0.005018284209,0.348676170777,0.005082282524,0.002611969646,0.003185905309,0.002011922763,0.003960404931,0.020773458295,0.348672998683
0.140852373650,0.053948888402,0.271922058314,0.054373724138,0.031684770078,0.034197980580,0.029705388517,0.058281295620,0.053111163966,0.271922356735
0.169106791852,0.061300721745,0.216117746663,0.061692033966,0.041919488211,0.053343019614,0.033111147094,0.055666328197,0.091624687240,0.216118035418
0.181487754957,0.067751765982,0.182277686470,0.067781882189,0.056330104916,0.054485817394,0.038215801991,0.057261903755,0.112129992774,0.182277289573
0.629756073486,0.013397999423,0.087710856354,0.013464856424,0.010057101988,0.011752887978,0.012360269614,0.013186422097,0.120602955289,0.087710577347
0.389773453065,0.049063052008,0.149623888824,0.049229681393,0.030998482873,0.036891521927,0.021013799710,0.044448149496,0.079334248710,0.149623721994
0.128603295828,0.046138891527,0.296644042485,0.046483224322,0.030319544250,0.032963177870,0.019823979419,0.038737729109,0.063641475568,0.296644639622
0.531555807744,0.006827133062,0.164582104278,0.006873694241,0.004980916907,0.006481491195,0.006270384290,0.005818812184,0.102029463422,0.164580192676
0.906850525268,0.003777284327,0.028318043198,0.003792653895,0.003040658650,0.003242124923,0.003423525164,0.003276520755,0.015960867000,0.028317796820
0.113528874319,0.035578531115,0.298906765799,0.035989164068,0.020118787961,0.024363389314,0.015001658572,0.030069881828,0.127537594010,0.298905353014
0.061525866090,0.083303223322,0.125490188385,0.084010015186,0.054748535835,0.051889426476,0.279835148562,0.061978802529,0.071728159324,0.125490634292
0.255547135880,0.026144273600,0.279735591329,0.026344638719,0.016480526057,0.017151296085,0.011977070228,0.019428650940,0.067457690239,0.279733126923
0.729380710634,0.007339976438,0.101687036778,0.007378360408,0.005546382676,0.006048187154,0.005658669078,0.007326248145,0.027948485274,0.101685943415
0.123157920021,0.014302686204,0.085739075587,0.014404803606,0.008043591071,0.024372872145,0.004998694640,0.010179225119,0.629062429747,0.085738701859
0.158861431228,0.028640992407,0.300487427352,0.028976882768,0.018443376921,0.020436617334,0.014617818801,0.024078889657,0.104971608513,0.300484955019
0.522728626848,0.033542676177,0.132054735838,0.033904822349,0.019195472162,0.020563694888,0.042816549397,0.024671264988,0.038467701241,0.132054456113
0.106326781760,0.065655782683,0.256794880124,0.066107141519,0.043415732252,0.050401861376,0.041573822886,0.053156879719,0.059771366632,0.256795751051
0.762230480854,0.009954875386,0.082531280441,0.010009297156,0.006634868216,0.007067620223,0.007598269663,0.008230683525,0.023211877672,0.082530746865
0.076163798562,0.097267275515,0.164335376148,0.098160127351,0.063385597337,0.066721521423,0.034696603556,0.070882998513,0.164051126083,0.164335575512
0.302404147223,0.015388645996,0.222822264334,0.015559371788,0.008814099501,0.009709969619,0.006936875594,0.013592791335,0.181950683234,0.222821151377
0.027220283272,0.021170622222,0.032579251038,0.021258968415,0.018826548220,0.014411637477,0.008225827537,0.018013465972,0.805714191990,0.032579203856
0.150233347379,0.040874468480,0.305742394509,0.041308614378,0.021873953295,0.034521226781,0.029809142137,0.029029063071,0.040866764475,0.305741025495
0.747428351685,0.009637450063,0.082824437548,0.009699251714,0.006759111784,0.008645796912,0.005882951892,0.008245782129,0.038052957701,0.082823908573
0.175292709159,0.059496555808,0.248079198262,0.059980887136,0.038084803832,0.039912677743,0.033742091157,0.041119706938,0.056211381315,0.248079988651
0.824457194559,0.007682251028,0.042649267978,0.007715626441,0.005941316087,0.006742016668,0.007563814136,0.006578366012,0.048021150967,0.042648996125
0.060208907521,0.018472905980,0.418568128055,0.018713983047,0.009276428011,0.010882102225,0.006436621594,0.016048973541,0.022821625845,0.418570324181
0.144238175187,0.057951305849,0.241676161363,0.058208831982,0.042085476496,0.048651662941,0.033750767748,0.048555897318,0.083205517133,0.241676203983
0.090065937298,0.032731008516,0.089405914907,0.032850705977,0.027351650291,0.025467516486,0.033772709821,0.029035780859,0.549912850029,0.089405925817
0.162811259773,0.034301771366,0.297848585883,0.034617342605,0.021253427357,0.024097951532,0.033655909758,0.035137929805,0.058428020161,0.297847801761
0.470966251621,0.015604965318,0.201647075113,0.015686717508,0.011931172821,0.012056265140,0.009842789898,0.013598019275,0.047021760878,0.201644982427
0.764663297435,0.007763535647,0.088125963159,0.007818946269,0.005546562510,0.005319136185,0.005114302168,0.006177905301,0.021345028787,0.088125322538
0.209681162935,0.024605670372,0.240946884143,0.024854261488,0.014308738417,0.019477122320,0.011306871597,0.020197040170,0.193676543517,0.240945705041
0.900389054400,0.003175723549,0.033779481617,0.003193307307,0.002255955031,0.002428086548,0.002212484926,0.002481124541,0.016305514141,0.033779267939
0.587502903235,0.010542370310,0.100005631306,0.010621688654,0.007023319376,0.007471089345,0.012175759957,0.008769725557,0.155882262805,0.100005249455
0.199144004863,0.041329753999,0.263101450483,0.041649970309,0.028558636131,0.030287270345,0.030250135843,0.031961053563,0.070616762212,0.263100962252
0.392812810090,0.014024332395,0.258166252125,0.014139037003,0.008195841068,0.010687391047,0.005936315217,0.010905472120,0.026967824550,0.258164724385
0.280420504821,0.041879330548,0.242808627410,0.042230159528,0.026820254044,0.024000206430,0.021522266142,0.027467445781,0.050043320736,0.242807884559
0.565348027177,0.013569107815,0.173525608720,0.013696733387,0.007753353331,0.010084117509,0.007765441518,0.010925955339,0.023806483177,0.173525172028
0.632347670036,0.014980245166,0.134381466550,0.015086728752,0.010261897507,0.010531371457,0.007462623188,0.011483711024,0.029083374223,0.134380912098
0.094232491905,0.075951965216,0.171453781644,0.076334011016,0.050354664913,0.049760501992,0.077978355266,0.050031842918,0.182448196697,0.171454188434
0.069338461019,0.072173712098,0.278690789936,0.072897311837,0.038233693999,0.043928435312,0.022937924428,0.074543342023,0.048564331587,0.278691997760
0.753522210212,0.013519039416,0.076131342715,0.013583947943,0.009975058694,0.010614195089,0.009150468814,0.010947137527,0.026425686060,0.076130913530
0.338843011606,0.012677084461,0.142931686270,0.012793867266,0.007817545925,0.008245699878,0.014016875990,0.010527879292,0.309215616401,0.142930732910
0.075371715222,0.023094393767,0.138622757430,0.023190228058,0.016235127672,0.018589721412,0.007698811755,0.018633781804,0.539941414897,0.138622047983
0.102857619426,0.049024029616,0.313021873714,0.049246643418,0.032636327418,0.033028651731,0.012800155635,0.037332820892,0.057032049107,0.313019829043
0.061902651906,0.031550144902,0.375959418606,0.031940594921,0.015608095081,0.017120450690,0.031034966957,0.021305990643,0.037616921782,0.375960764513
0.171573204066,0.027288701659,0.307068031284,0.027493662761,0.018188714431,0.020951461550,0.018918352695,0.024710640346,0.076739830832,0.307067400376
0.479245111188,0.015718072163,0.194490609329,0.015875126492,0.009085360854,0.010529149361,0.006619164628,0.012609389451,0.061338915005,0.194489101528
0.160395866120,0.040979982473,0.296240686936,0.041509115314,0.021090861250,0.020735278105,0.054247973420,0.023113305076,0.045447626196,0.296239305108
0.131806193404,0.023518332153,0.347172637868,0.023768605135,0.012387770924,0.016110794361,0.014261468362,0.032952881557,0.050850068869,0.347171247366
0.752342541510,0.010390306766,0.088010624194,0.010489339926,0.006164593484,0.006357288781,0.005339652508,0.008387550669,0.024508097891,0.088010004272
0.035661862676,0.007556483467,0.046313647004,0.007611583818,0.004770898764,0.005063133736,0.004044686060,0.006858409110,0.835805780038,0.046313515328
0.196204553688,0.031262037185,0.318534910654,0.031364510867,0.022815591374,0.016391341550,0.008533247080,0.026503856160,0.029857479087,0.318532472355
0.098872224071,0.027073163039,0.344626230091,0.027241123506,0.020692914889,0.016664455047,0.053986939239,0.020845564824,0.045371388678,0.344625996617
0.072439086443,0.087126647742,0.222054029860,0.087559692841,0.047281829380,0.054558552405,0.028646152971,0.123608819351,0.054670274502,0.222054914504
0.076377376752,0.119739673417,0.179418130468,0.120904100855,0.070636525623,0.076757041771,0.040093019757,0.082281962414,0.054373445425,0.179418723518
0.066674767112,0.026465339163,0.268924549196,0.026647563156,0.016933017101,0.020875508973,0.011698868499,0.021060530778,0.271793181771,0.268926674250
0.202206292261,0.029112659980,0.280425249228,0.029246387284,0.021556659410,0.023966050844,0.017829577915,0.028730470838,0.086502774699,0.280423877543
0.155489897035,0.024021384539,0.342411377775,0.024260954624,0.013696119324,0.016390836935,0.009487054008,0.019819961747,0.052012090686,0.342410323329
0.119285957471,0.093692904796,0.146285886364,0.094017329576,0.076636617975,0.081851004122,0.056224763226,0.080335528153,0.105384129564,0.146285878752
0.063196852723,0.040179078891,0.362338276533,0.040642005379,0.022101869551,0.024751052030,0.013512612926,0.031610440260,0.039328007243,0.362339804465
0.170652735482,0.040722568655,0.241550900138,0.041041692309,0.026540578767,0.038152999352,0.094318631714,0.036279553550,0.069189834956,0.241550505076
0.089028837146,0.119044166455,0.181933818568,0.119680640983,0.054715961494,0.064331688020,0.026536483333,0.116686571266,0.046107882122,0.181933950612
0.250718240587,0.034799932878,0.196027976855,0.034979679275,0.022606556040,0.028014092009,0.016511357977,0.029648219147,0.190666192503,0.196027752728
0.518884465359,0.012628366071,0.105024375767,0.012700507213,0.008336135036,0.009534033798,0.027390087187,0.011217639771,0.189260362113,0.105024027684
0.298496139036,0.021316621089,0.242474925049,0.021478605706,0.013533894535,0.015277783071,0.011808346189,0.018290132451,0.114849865585,0.242473687289
0.263326321880,0.023942994997,0.288049488371,0.024128324829,0.014707750979,0.015372757295,0.010048168612,0.037349826319,0.035025600544,0.288048766173
0.095435667121,0.068651798258,0.268461911369,0.069201696294,0.042894312907,0.041186832759,0.024842703672,0.065291213701,0.055571577003,0.268462286915
0.151828497657,0.006175233909,0.058157966610,0.006201471435,0.004666125835,0.004824005738,0.004108202345,0.005006085792,0.700874788554,0.058157622125
0.122937692650,0.012241750719,0.392298895412,0.012348473137,0.007729219281,0.008925294539,0.006578373465,0.010470576394,0.034172572435,0.392297151968
0.489862240727,0.014147900079,0.193183902351,0.014256097224,0.009131443805,0.011415540905,0.031045146233,0.012371175304,0.031403822750,0.193182730622
0.147334371266,0.038504020394,0.306133477635,0.038811005244,0.025162941841,0.023726276070,0.012325756334,0.025692011033,0.076177607463,0.306132532720
0.126225078935,0.044238474439,0.274251190998,0.044385427005,0.034106272350,0.025964028483,0.073090498297,0.053822603688,0.049666261113,0.274250164692
0.092980075914,0.055568189198,0.275570959065,0.056278717045,0.026593058634,0.031235561478,0.043996966309,0.059900541781,0.082304635412,0.275571295163
0.088413924689,0.008431280461,0.429597046194,0.008540872294,0.004314918209,0.005743233014,0.003487973459,0.006349056350,0.015527264887,0.429594430443
0.077002795876,0.020000336849,0.410410420866,0.020295545075,0.009843110508,0.011777162476,0.007867043192,0.013504813046,0.018888339361,0.410410432750
0.096738930979,0.004829783166,0.050339391576,0.004858313971,0.002995493260,0.003722957478,0.002614402742,0.006105319729,0.777456338626,0.050339068473
0.096907882781,0.019684021842,0.114874211090,0.019750560403,0.014292669822,0.015979850709,0.010890087145,0.019272946254,0.573473699853,0.114874070101
0.116357502142,0.048380608833,0.229112787935,0.048770273338,0.031637528691,0.045899504872,0.025917731836,0.038439889628,0.186370681875,0.229113490850
0.091226446253,0.021341304453,0.104056304102,0.021457685641,0.015993163546,0.017527632323,0.015311392981,0.019894143219,0.589135851926,0.104056075555
0.227525618939,0.018553354559,0.305220139501,0.018721144634,0.009580063290,0.011862018191,0.021387900447,0.014906658780,0.067024076650,0.305219025007
0.084860899353,0.017582660150,0.412514422886,0.017788754676,0.009223602535,0.008658496502,0.003318643844,0.015027354736,0.018511211133,0.412513954186
0.176041558605,0.039557725542,0.294776800720,0.039870499115,0.026616958219,0.028399305423,0.017641873834,0.032018040270,0.050300928692,0.294776309580
0.188427851041,0.023639604536,0.284891790841,0.023842305861,0.013217631982,0.014983800369,0.009378742941,0.020916597896,0.135810407473,0.284891267060
0.412997245573,0.023498877616,0.174889305270,0.023687707239,0.014713341711,0.022384800802,0.013284310125,0.017229162811,0.122427119800,0.174888129054
0.095518569682,0.041943327703,0.342233292028,0.042506727547,0.022789527947,0.026458355519,0.012667012615,0.038814419154,0.034835493441,0.342233274363
0.133515271068,0.039576332149,0.141599573290,0.039804647310,0.027427104949,0.031158406640,0.240090162611,0.031308822070,0.173920472575,0.141599207338
0.194658672507,0.026139425308,0.157057027254,0.026376368967,0.016342902964,0.017049216984,0.015463532853,0.018136431389,0.371719722238,0.157056699535
0.248374145288,0.018546251642,0.164179030505,0.018689516081,0.013109587424,0.011059172618,0.014813205739,0.013970305275,0.333080995326,0.164177790101
0.814822920542,0.004228925832,0.072780118063,0.004257267747,0.003000807306,0.003227446007,0.003336949773,0.003415004041,0.018151193799,0.072779366891
0.038636506502,0.021672795667,0.420549175581,0.021923589871,0.010808180929,0.014280827289,0.011976863002,0.015444693387,0.024152685999,0.420554681773
0.562809210062,0.006691412934,0.187643584239,0.006757369794,0.003945494527,0.004466393099,0.008533717394,0.004930649505,0.026581044819,0.187641123626
0.220146151881,0.024865175371,0.236846515717,0.025023854028,0.018173020424,0.021657983816,0.019561121851,0.020657574953,0.176223419402,0.236845182556
0.088570555326,0.037326281388,0.178631157936,0.037523831098,0.026907151280,0.031073553059,0.020452428062,0.030987890393,0.369895393290,0.178631758167
0.131547897502,0.085727199746,0.177341750436,0.086293167942,0.059170436808,0.083196957289,0.053965504920,0.074899580332,0.070515930578,0.177341574447
0.091135517289,0.109316542275,0.154816489207,0.109793389163,0.078422670729,0.078878598800,0.048413104243,0.112080029611,0.062327041766,0.154816616917
0.130419081134,0.032830211774,0.329082381242,0.033140461240,0.020860272816,0.026887510158,0.022048063187,0.029869555169,0.045781544832,0.329080918448
0.109554648284,0.047087443048,0.274823811158,0.047376633390,0.032136755456,0.044622296240,0.034479150111,0.047791802247,0.087303421231,0.274824038835
0.676730301179,0.003295610185,0.052758834789,0.003320964971,0.002225209780,0.002640200523,0.002806568722,0.002729992515,0.200733984995,0.052758332342
0.169596065223,0.063884113004,0.166330144855,0.063954907877,0.060428274095,0.062980854728,0.061727326793,0.062159375711,0.122609817314,0.166329120400
0.066980691457,0.128129943403,0.078168191367,0.128475411063,0.094278498561,0.083700760007,0.159338355190,0.110034642322,0.072725249271,0.078168257359
0.055060708957,0.045941946826,0.351653570328,0.046627710636,0.021595083994,0.029136552172,0.013878537935,0.053324346288,0.031126040427,0.351655502436
0.128502603271,0.081761985464,0.187707395385,0.082100234368,0.065104075753,0.066402541249,0.056443033893,0.070043767229,0.074226958114,0.187707405275
0.068155610939,0.093827612630,0.237317922183,0.094587204810,0.052946874490,0.063082702535,0.032171569898,0.063411173301,0.057179988229,0.237319340986
0.078248471010,0.089534685100,0.190768932571,0.090090106349,0.062591904659,0.061706977576,0.055006509251,0.071088249116,0.110194393001,0.190769771367
0.701576965667,0.008582087340,0.113802416688,0.008628197697,0.006294028009,0.006922125219,0.007992752885,0.007053428102,0.025346561907,0.113801436485
0.077618950124,0.083431383064,0.234101302154,0.084096064079,0.051408963545,0.067177350363,0.034754732239,0.062759414265,0.070549798703,0.234102041464
0.011316810247,0.186670486942,0.020177250003,0.185511988017,0.108685380172,0.290026739227,0.008496559955,0.158079281312,0.010858206439,0.020177297686
0.810352270004,0.007190720532,0.067873390103,0.007245353255,0.005035854102,0.005193722504,0.004996843145,0.005556511784,0.018682359746,0.067872974825
0.100000000000,0.100000000000,0.100000000000,0.100000000000,0.100000000000,0.100000000000,0.100000000000,0.100000000000,0.100000000000,0.100000000000
0.034411829681,0.184017591120,0.048483622977,0.183105060833,0.133374624094,0.140278704431,0.026139943243,0.170232360309,0.031472581808,0.048483681503
0.064371308309,0.037214996637,0.372515009799,0.037611163239,0.019951646052,0.023625926743,0.011716844064,0.025280179619,0.035196356589,0.372516568950
0.069603901763,0.132815550845,0.113498058771,0.133404025995,0.110851904932,0.094623582696,0.059343869149,0.104568969046,0.067791781960,0.113498354844
0.002690005957,0.002756029295,0.003157193686,0.002762442495,0.002249768613,0.002288180331,0.975456112009,0.002595170394,0.002887901170,0.003157196049
0.005961578521,0.009865726473,0.008976486415,0.009919590084,0.006321559491,0.007505936171,0.927752459262,0.007619113295,0.007101044108,0.008976506178
0.031344014532,0.226081545296,0.061563416336,0.231695384075,0.125817551979,0.102480631053,0.023435605118,0.109670101436,0.026348141892,0.061563608281
0.059130986248,0.151808323585,0.072784685588,0.150661664141,0.171277194676,0.117775031326,0.035095208496,0.125383742248,0.043298531823,0.072784631868
0.015689152496,0.129228480341,0.023915243311,0.128536115868,0.068216240878,0.358376650414,0.102097560607,0.130052289204,0.019972976526,0.023915290355
0.026602108431,0.097832023215,0.074146030863,0.098404740688,0.043083129453,0.499173884683,0.008219815841,0.061395287401,0.016996799792,0.074146179633
0.021306568576,0.197822397174,0.037580534485,0.198702531575,0.104669534460,0.091485027123,0.154282704468,0.136575296112,0.019994764659,0.037580641368
0.063391537145,0.133896221228,0.079555582808,0.133932995816,0.109128628699,0.090818532851,0.078955485617,0.157245560617,0.073519820962,0.079555634257
0.018712275642,0.105988359271,0.026508658152,0.106366529275,0.064205801972,0.059650625391,0.507316433417,0.066661593841,0.018081024204,0.026508698834
0.021194778562,0.188181965134,0.033727535836,0.187712331474,0.307663991367,0.080189357771,0.018904983442,0.109126327844,0.019571115847,0.033727612723
0.027821930496,0.185419136098,0.074345028549,0.190551155646,0.085772595594,0.073061746227,0.014140746931,0.250956713629,0.023585605813,0.074345341017
0.011481877166,0.212944915118,0.022545789444,0.220046650526,0.086285048804,0.113919851161,0.007213162374,0.291003881012,0.012012992019,0.022545832375
0.284538296588,0.083943948729,0.064331601317,0.084195872588,0.044989910134,0.056124721222,0.215725694304,0.063895473166,0.037922822046,0.064331659907
0.091358813222,0.082734860703,0.140922131285,0.083098065429,0.043621414306,0.233136970275,0.025625754885,0.089137332147,0.069442178219,0.140922479528
0.746162511661,0.013710056054,0.084471442150,0.013825262805,0.008825337739,0.009672003780,0.007697496133,0.009978273993,0.021186407201,0.084471208483
0.006149407233,0.151562193717,0.008916036204,0.148841065716,0.434808878561,0.066124865780,0.005896459105,0.162742174351,0.006042866456,0.008916052877
0.017615678488,0.253032125054,0.023883311058,0.253433162315,0.102905970691,0.149862395506,0.021051590986,0.137783478557,0.016548937608,0.023883349737
0.004186819661,0.223919784742,0.006491436942,0.216237064075,0.158923986160,0.198886079168,0.004110490341,0.176737826127,0.004015059905,0.006491452879
0.018627367823,0.235177084013,0.041745032349,0.242884955192,0.071002208061,0.095384016333,0.010595690311,0.228101657609,0.014736806750,0.041745181559
0.023811501274,0.142393272228,0.027943535864,0.140396725614,0.410011322562,0.059327976993,0.022148092415,0.119386878776,0.026637145308,0.027943548966
0.009622323463,0.178756064943,0.016020767872,0.173820357080,0.437120951951,0.053142544190,0.008497217002,0.098586197571,0.008412772627,0.016020803301
0.015434069590,0.211961338800,0.046198256213,0.219184804193,0.092071564415,0.146312882239,0.009111659277,0.200091900875,0.013435067617,0.046198456783
0.011919385967,0.165578144872,0.024609183683,0.162565506625,0.459216208631,0.046794795647,0.010598465357,0.084128892562,0.009980147605,0.024609269051
0.130201080474,0.088047905786,0.112072393192,0.088560225296,0.064887461256,0.068681286810,0.076962356540,0.073333722233,0.185181162161,0.112072406252
0.013458997197,0.237212322100,0.028890510854,0.236189766416,0.130991704187,0.078502739130,0.028749749659,0.200523800884,0.016589827488,0.028890582086
0.014368240594,0.217068484474,0.027647685352,0.214726148099,0.176172920966,0.082168122937,0.010238678504,0.217820953585,0.012141023688,0.027647741800
0.033917936026,0.202766485285,0.106396393669,0.211352298146,0.114192110896,0.057360285451,0.023739504462,0.116566406715,0.027311672871,0.106396906478
0.012313975857,0.221847727105,0.021111937863,0.221770250468,0.276984030219,0.070208872987,0.011053074918,0.132008737625,0.011589403743,0.021111989214
0.013477807394,0.246248970405,0.025434184703,0.242617951282,0.153180896804,0.086035287988,0.007535252466,0.190084744244,0.009950660940,0.025434243774
0.150039768655,0.046856594181,0.296238370209,0.047302918772,0.031090913116,0.029216393720,0.021171173608,0.033582414490,0.048263474454,0.296237978795
0.011490817256,0.140958296359,0.015846165974,0.138804887740,0.482142682944,0.064850636433,0.010903423562,0.107720766334,0.011436132617,0.015846190781
0.024236232290,0.233924602274,0.056003007025,0.230474219086,0.165780748289,0.088322610978,0.014425298713,0.110842355155,0.019987714969,0.056003211220
0.046459113688,0.185665827088,0.091961485220,0.185177123930,0.159219578935,0.075536425421,0.021389319165,0.110629511780,0.031999766602,0.091961848170
0.005733970423,0.208134993386,0.009172266138,0.203773830688,0.150089061995,0.284443233877,0.005321310320,0.118451391068,0.005707655490,0.009172286615
0.874925406540,0.008794214972,0.030918575464,0.008850071931,0.006498199456,0.006820136639,0.005894609874,0.007474686073,0.018905685257,0.030918413795
0.118041263933,0.048659942832,0.167719409099,0.049047856382,0.033258042582,0.041380325517,0.027922451401,0.038243396897,0.308008032251,0.167719279106
0.014719134203,0.246129977166,0.022946085957,0.245328700527,0.111983690934,0.180482460345,0.014828171342,0.132201100045,0.008434524309,0.022946155172
0.015361577873,0.218429538655,0.021442202918,0.214571420080,0.302778259335,0.060129672066,0.032543952512,0.100718846393,0.012582305836,0.021442224333
0.211502076312,0.073264538624,0.172319832535,0.074041286763,0.050217528452,0.046766269091,0.068928071762,0.058897171326,0.071743247414,0.172319977721
0.012618411122,0.199453234128,0.018658060474,0.202532946609,0.075666179528,0.193259825778,0.010103622012,0.257237315896,0.011812324159,0.018658080295
0.183987332402,0.078777259498,0.166049355814,0.079364618942,0.059752171432,0.057707456164,0.049775456009,0.064664428498,0.093872770955,0.166049150286
0.007562920010,0.182285144859,0.009262648699,0.177696443219,0.214799060797,0.249817989415,0.008228481670,0.133170620957,0.007914029373,0.009262661001
0.120593789856,0.108578990179,0.127470602854,0.109371776014,0.088396664226,0.081957816786,0.067899608210,0.086083597085,0.082176645128,0.127470509662
0.150965861559,0.082272840893,0.149683086961,0.082432247078,0.073851044936,0.074514175443,0.056352010223,0.073852676353,0.106392918420,0.149683138134
0.912125960202,0.007117805328,0.016222534650,0.007145666101,0.005600217492,0.006113675905,0.005613118252,0.006047902217,0.017790616254,0.016222503599
0.839705912719,0.004266831004,0.063986117501,0.004301568349,0.002564820034,0.003615626033,0.001994625032,0.003734357628,0.011844512153,0.063985629546
0.012073998654,0.006671869052,0.011358920207,0.006690269248,0.004465427622,0.013598940804,0.003347342330,0.005879739685,0.924554581803,0.011358910595
0.822118262588,0.012066588873,0.044398385545,0.012139163011,0.008809132714,0.010167380621,0.007632850363,0.009747550737,0.028522320564,0.044398364984
0.007869957243,0.010358343484,0.012476892777,0.010464469926,0.006387866983,0.006303989755,0.916723863806,0.009312374982,0.007625319300,0.012476921744
0.776221180561,0.017082567903,0.045781035155,0.017161509495,0.013548445690,0.013869901948,0.013181067079,0.013992819696,0.043380594996,0.045780877478
0.003793424751,0.168546932798,0.005320026433,0.163698408314,0.303864633697,0.234365244785,0.003896166757,0.107233636216,0.003961489982,0.005320036268
0.007938846944,0.156090520732,0.012396224720,0.153991356023,0.493307025684,0.068660611408,0.006665100857,0.081416768512,0.007137303348,0.012396241772
0.074433680733,0.070424955412,0.261122026153,0.071164011436,0.041847681426,0.036935095685,0.029983472377,0.061241476471,0.091723871555,0.261123728753
0.010344138111,0.183316625510,0.025432016915,0.181548287318,0.069118576310,0.237959160801,0.007354625421,0.249989257754,0.009505207756,0.025432104106
0.080655574905,0.039733305127,0.201980779957,0.040125961541,0.023738378492,0.023864908949,0.016993238886,0.035743206732,0.335183720247,0.201980925165
0.007034179383,0.277373681602,0.013807316233,0.275248858064,0.151551592411,0.076020982787,0.006643010775,0.172123559631,0.006389455011,0.013807364102
0.130402708715,0.085134464702,0.123926620416,0.085806334851,0.059666352992,0.058408015558,0.143842090218,0.070505027119,0.118381614189,0.123926771240
0.185037934163,0.021605656833,0.319732960900,0.021801696335,0.013210600964,0.014281886637,0.012273156705,0.017660938111,0.074664388881,0.319730780471
0.100000000000,0.100000000000,0.100000000000,0.100000000000,0.100000000000,0.100000000000,0.100000000000,0.100000000000,0.100000000000,0.100000000000
0.109439956968,0.049606744816,0.253203492887,0.050122258614,0.029077931301,0.037891356182,0.025969507167,0.036889819958,0.154595412492,0.253203519615
0.034579513641,0.188779900842,0.092104992492,0.189007923860,0.132105952278,0.082520500376,0.025410642918,0.137634960312,0.025750232400,0.092105380881
0.111479272532,0.051240167462,0.269050393201,0.051723182012,0.032261674093,0.035938067544,0.037744313690,0.053137176678,0.088374200459,0.269051552328
0.092231516793,0.007385102096,0.054460972760,0.007434546287,0.005334827966,0.006051390546,0.004755402811,0.006552159269,0.761333150798,0.054460930675
0.106468645676,0.095878239418,0.141830858629,0.096559775010,0.074806569500,0.068430992806,0.070399226647,0.078291851824,0.125502886732,0.141830953757
0.578812988402,0.022818207716,0.122647205901,0.023076303688,0.012688549026,0.014990306055,0.011776141948,0.014903936056,0.075639353235,0.122647007973
0.392513317257,0.012412055189,0.254281044899,0.012523621912,0.007674407016,0.009558345323,0.008249435919,0.009963706150,0.038544341360,0.254279724976
0.056931842028,0.076837403309,0.300406116118,0.077955837412,0.042073535824,0.033028042346,0.024998117755,0.046606738391,0.040753747107,0.300408619710
0.043096022121,0.041558250240,0.050072457161,0.041839169867,0.031979907682,0.030407018797,0.613036268885,0.034425459097,0.063512970958,0.050072475192
0.100000000000,0.100000000000,0.100000000000,0.100000000000,0.100000000000,0.100000000000,0.100000000000,0.100000000000,0.100000000000,0.100000000000
0.522999333495,0.007276052616,0.059571004883,0.007310947256,0.005390770646,0.005822239322,0.005503165245,0.006334951793,0.320220957507,0.059570577238
0.089825114593,0.020444738169,0.078827336535,0.020571253861,0.014694222310,0.015246872852,0.030229682242,0.016275958778,0.635057724650,0.078827096010
0.068173082005,0.126977001053,0.197111817487,0.129314977487,0.066495141302,0.051374850702,0.049490035450,0.072862004389,0.041088456890,0.197112633234
0.018633898042,0.207013626953,0.038774705018,0.205748009836,0.225844514808,0.075257619823,0.013960986126,0.161664633227,0.014327179813,0.038774826354
0.032375898436,0.196941374622,0.045390592486,0.196267230696,0.165075222230,0.113252289322,0.032417135945,0.143409246878,0.029480346579,0.045390662805
0.052748572133,0.007643098683,0.039460844057,0.007709437279,0.004997709341,0.005026509960,0.003894049699,0.006099381841,0.832959614802,0.039460782206
0.296204189709,0.030471190849,0.250525583522,0.030683720745,0.019760539372,0.022983310326,0.016117684005,0.023120489085,0.059609010098,0.250524282289
0.006685356120,0.214502045140,0.009758253308,0.208690579302,0.207795624140,0.213346913982,0.006319456110,0.117312196446,0.005831303999,0.009758271451
0.187529087185,0.034429856182,0.295288989896,0.034697127761,0.021930736771,0.026243940558,0.015940462867,0.030892743886,0.057759452657,0.295287602236
0.919892603390,0.002207924272,0.027596290480,0.002217651975,0.001485723579,0.001920237885,0.001330381438,0.002008242493,0.013744897590,0.027596046897
0.193551310141,0.047033132632,0.262881774913,0.047585446760,0.029204235520,0.029239488184,0.026938875963,0.037200342626,0.063483462870,0.262881930392
0.093555848404,0.017861511627,0.112678965925,0.018016565389,0.010484128721,0.012824416751,0.009303270246,0.015333400540,0.597263513912,0.112678378485
0.148104052509,0.034371816142,0.332674845929,0.034722268391,0.018048459710,0.016888546158,0.014500361924,0.037513800077,0.030501154771,0.332674694389
0.018465263025,0.257402673364,0.030686535049,0.253629228709,0.146415229606,0.106532728121,0.016996004650,0.122712903435,0.016472832640,0.030686601401
0.024259633657,0.218860791850,0.057063288118,0.216788411414,0.140315367016,0.090550413308,0.014812418399,0.157009866486,0.023276368577,0.057063441175
0.029547546814,0.226925614064,0.038312838552,0.224634600159,0.136790208019,0.104400803094,0.033103214639,0.143902930320,0.024069356111,0.038312888227
0.137679153735,0.026224184448,0.344416980142,0.026553531384,0.014511880732,0.016805530049,0.030661778981,0.018177376620,0.040553647413,0.344415936496
0.039379210292,0.181496544870,0.121753879339,0.183123885512,0.087710109733,0.098247443243,0.021382986137,0.111261695534,0.033889810656,0.121754434683
0.090027347757,0.019311890080,0.105251312190,0.019417650502,0.014923980865,0.014873176690,0.018881317413,0.015544959445,0.596516890801,0.105251474258
0.872355611337,0.003379463291,0.038825450190,0.003401939331,0.002416195124,0.002774751463,0.003140931480,0.003028036496,0.031852471165,0.038825150123
0.014061773917,0.214554895325,0.020391833315,0.212472430618,0.242357802223,0.148721611697,0.016719263169,0.097129981339,0.013198538579,0.020391869819
0.052279844656,0.166093632922,0.101970945873,0.166643389409,0.138751790586,0.097280489287,0.037045100258,0.093209849002,0.044753622871,0.101971335137
0.633580250952,0.004551893522,0.045404752941,0.004582639899,0.003206735761,0.003081703635,0.004047332921,0.003999828244,0.252140506367,0.045404355759
0.034188954552,0.183690839890,0.048950495570,0.182692656060,0.206197316592,0.111638090062,0.032440103693,0.119513030372,0.031737937734,0.048950575475
0.068046503393,0.093811300556,0.095010574093,0.094588103485,0.060861927226,0.062229844001,0.237541136791,0.145098469856,0.047801402867,0.095010737732
0.013025954373,0.149199742372,0.027093605083,0.148691560283,0.103048041057,0.370807316055,0.008511922614,0.140877869298,0.011650338633,0.027093650234
0.023926048649,0.180041368336,0.041137766805,0.174970131007,0.268322291492,0.084105447320,0.017073229241,0.147139298041,0.022146541993,0.041137877116
0.005385039820,0.147952787111,0.007402780697,0.145274340849,0.137095129465,0.437623146618,0.006497093041,0.100117049128,0.005249841152,0.007402792121
0.004737377857,0.039798975731,0.009247764295,0.039819994045,0.023996142585,0.828458023943,0.003269335785,0.036931298083,0.004493299213,0.009247788463
0.160550685600,0.049759762910,0.282355118078,0.050164775326,0.031700605954,0.034625753442,0.018074916408,0.036772424652,0.053642302974,0.282353654655
0.015563251415,0.168374343317,0.017292151892,0.166026304302,0.147432874368,0.298899828391,0.013508132144,0.142970851907,0.012640096586,0.017292165678
0.101842745620,0.001429767343,0.023774578575,0.001438046144,0.001019738970,0.001181358261,0.001028049314,0.001282465066,0.843228930473,0.023774320233
0.088669605921,0.162867503087,0.066071396896,0.161665797607,0.160373549334,0.091673456634,0.030038060053,0.128324911777,0.044244366537,0.066071352154
0.144372966900,0.104564990726,0.163464963878,0.105402002443,0.059542395022,0.067210538960,0.048605860938,0.089825048489,0.053545998345,0.163465234298
0.106136807758,0.111116872146,0.169126392671,0.112309018307,0.064438894941,0.068950026723,0.047850217599,0.094842858492,0.056102334863,0.169126576500
0.867939427169,0.011824818041,0.025985438726,0.011768081426,0.011140386562,0.009149726736,0.008417552987,0.010585340184,0.017203897142,0.025985331026
0.024530666964,0.199879185918,0.042656867706,0.199896151530,0.088081405014,0.070304409794,0.159436102477,0.151893057925,0.020665170874,0.042656981799
0.091548650524,0.118404721524,0.108405459456,0.119039374963,0.085930009420,0.087705118171,0.090529224764,0.105757808193,0.084274067315,0.108405565671
0.078579573076,0.070019946054,0.157375730312,0.070299341899,0.054817787139,0.060674083744,0.168071364706,0.063573332585,0.119212729038,0.157376111447
0.183367839457,0.064189542579,0.228328402777,0.064695447243,0.039807162645,0.039731231473,0.027951267033,0.062710124704,0.060890956739,0.228328025350
0.726546796653,0.005681906534,0.085912280928,0.005716368882,0.003982717904,0.004570524728,0.003400974046,0.004651227215,0.073625922272,0.085911280840
0.189294151465,0.075538582084,0.139265450505,0.075598484611,0.072124852006,0.078929381625,0.073031244311,0.073954030699,0.082998720663,0.139265102030
0.006076980694,0.191673468094,0.010491299177,0.187524772317,0.112876722610,0.335892432809,0.005733311777,0.133932259038,0.005307427240,0.010491326243
0.013752522349,0.153802729649,0.026306239598,0.152717859432,0.125865064722,0.358730873845,0.012334328371,0.117138519472,0.013045567906,0.026306294657
0.013861167136,0.191362024482,0.015448650635,0.188433839681,0.117866248918,0.300707840360,0.005095898577,0.144743544792,0.007032097793,0.015448687627
0.746747551374,0.009194115084,0.091655521078,0.009288118428,0.005741590159,0.005993414465,0.005877537689,0.008303415714,0.025543595954,0.091655140056
0.031692869738,0.185766274648,0.077161392315,0.186876610115,0.123607860422,0.138385104543,0.025225730856,0.130808512868,0.023314032711,0.077161611784
0.121268367104,0.094034359837,0.121496604520,0.094449906169,0.068921861118,0.096894987151,0.099230500826,0.096625726485,0.085581108080,0.121496578711
0.004340856698,0.237707082337,0.010522953963,0.232071315421,0.226323748591,0.083457233038,0.003221102441,0.188365386190,0.003467325534,0.010522995787
0.889183844703,0.007392619453,0.018469177258,0.007415153890,0.006382504775,0.006967901177,0.008647034284,0.006721274892,0.030351355745,0.018469133823
0.407900088683,0.016090174796,0.237938272594,0.016228850372,0.010248749380,0.012615306684,0.011803872238,0.013260287141,0.035977162652,0.237937235460
0.016436216482,0.225759003741,0.026504992765,0.225252638682,0.174349227159,0.137047743948,0.038469418783,0.115463513272,0.014212205745,0.026505039423
0.101097396637,0.093344689316,0.116757619169,0.093617159554,0.072937554955,0.084870188199,0.131943805951,0.104797902425,0.083876013065,0.116757670728
0.019749756900,0.209065740236,0.028334546454,0.214046614428,0.200864673023,0.124445830721,0.017241379300,0.140188545953,0.017728327066,0.028334585919
0.146234189677,0.110511774490,0.128294719104,0.110981046185,0.084242569199,0.067249576224,0.062539163240,0.087845491348,0.073806686415,0.128294784118
0.134862669386,0.044210763992,0.299433188977,0.044421574872,0.031879382069,0.029742087263,0.026716977488,0.032543656861,0.056757428109,0.299432270982
0.077762557749,0.129966232795,0.112149853385,0.130438529622,0.105105997736,0.088591677728,0.069143459142,0.109865816424,0.064825867228,0.112150008190
0.004706171610,0.184185647217,0.007863265174,0.178693213257,0.181868693925,0.311930697287,0.004340503183,0.114237904060,0.004310620465,0.007863283822
0.010870484654,0.227399550739,0.018975475108,0.223945632447,0.230421187655,0.098612926526,0.010542576051,0.150024264142,0.010232379453,0.018975523225
0.086338360933,0.122266302968,0.124336437202,0.122927001252,0.097667221946,0.080405152871,0.080225350278,0.093114680718,0.068382896123,0.124336595709
0.006707914167,0.170551901662,0.010837127359,0.165774901512,0.427058565797,0.041435567337,0.007208569595,0.153859818420,0.005728483169,0.010837150981
0.001511054638,0.001225191679,0.001699786216,0.001227298187,0.001101834150,0.001140115062,0.987681311493,0.001154083323,0.001559537982,0.001699787269
0.100000000000,0.100000000000,0.100000000000,0.100000000000,0.100000000000,0.100000000000,0.100000000000,0.100000000000,0.100000000000,0.100000000000
0.006725819006,0.126897667425,0.009440043818,0.124300301703,0.590951998616,0.038069829020,0.006512070912,0.081140504774,0.006521705869,0.009440058857
0.447790718282,0.042239105704,0.172750624947,0.042648253515,0.023721845087,0.024839077564,0.016421163483,0.026512374249,0.030324840106,0.172751997063
0.590223952065,0.010615637110,0.062881163167,0.010681842222,0.006399524271,0.006914670082,0.009864635719,0.009370567793,0.230167128788,0.062880878784
0.877484496126,0.002187020487,0.052345864260,0.002209622749,0.001147260235,0.001356777487,0.002151652914,0.002155724754,0.006616148325,0.052345432662
0.050566509154,0.113033299780,0.052141581351,0.112496919104,0.088682374940,0.388454916229,0.014749742280,0.095306347510,0.032426629270,0.052141680381
0.012747413061,0.261027500499,0.035476004089,0.261649099668,0.125436015249,0.050638993210,0.041299787349,0.163706041841,0.012542993876,0.035476151160
0.104879043288,0.015615490241,0.108470823592,0.015741969482,0.010331062138,0.012856036366,0.009951245062,0.012910224626,0.600773488098,0.108470617108
0.094947313601,0.111649664193,0.123934513423,0.111867026654,0.084614753239,0.083379697946,0.076064524694,0.113700502088,0.075907428284,0.123934575879
0.022652959121,0.231510320028,0.043730671827,0.238623847503,0.082437931919,0.118126810458,0.090347413502,0.109002195129,0.019837053755,0.043730796759
0.022261383994,0.007522352429,0.012340872079,0.007550348513,0.005855014822,0.006169823641,0.900726681330,0.006217701391,0.019014948791,0.012340873010
0.310519244837,0.022294689046,0.121169890245,0.022425246668,0.017411048195,0.019022316509,0.016992372865,0.020584377598,0.328411359399,0.121169454638
0.643356358168,0.005092696648,0.159510237663,0.005135281836,0.003173925782,0.003938000167,0.002653072821,0.005085323269,0.012545277797,0.159509825851
0.163542567034,0.032204538015,0.238686226642,0.032471821210,0.017613092833,0.023233212634,0.013985548914,0.026183268335,0.213392861099,0.238686863285
0.133114636700,0.086845654634,0.115841909440,0.087133621707,0.078146486564,0.083680971945,0.084979111730,0.081049622356,0.133366115633,0.115841869291
0.105699170612,0.096306421236,0.139286194871,0.096930367959,0.079959851384,0.088119483227,0.071032525028,0.087221864838,0.096157769094,0.139286351751
0.006073790409,0.208167679774,0.010269550591,0.205318311258,0.119743586794,0.278076352056,0.005761901642,0.151000470386,0.005318779699,0.010269577391
0.110979244424,0.096272471980,0.160231094289,0.097052301260,0.073504855876,0.076017606863,0.063458741782,0.078967274113,0.083285170008,0.160231239406
0.100000000000,0.100000000000,0.100000000000,0.100000000000,0.100000000000,0.100000000000,0.100000000000,0.100000000000,0.100000000000,0.100000000000
0.028753598859,0.199121404919,0.042627974371,0.199143470168,0.108979394812,0.128540182588,0.055474908704,0.173502903914,0.021228102678,0.042628058987
0.044530443980,0.140153060997,0.072136735888,0.140382126660,0.126438576324,0.073692011762,0.199905972725,0.089445620350,0.041178573383,0.072136877932
0.079675794839,0.012025103557,0.073209985182,0.012105883609,0.008248399540,0.009252526373,0.007480930222,0.010610037770,0.714181436489,0.073209902420
0.036128750784,0.209407411631,0.035796562322,0.211972589857,0.143077447373,0.111567535180,0.065946613287,0.123844749961,0.026461740272,0.035796599332
0.022339525440,0.171915019189,0.054610939027,0.171806450959,0.107557802164,0.280645904857,0.016504223780,0.102168383008,0.017840551771,0.054611199803
0.059701069467,0.197756013335,0.074000500051,0.206004335809,0.094127187771,0.091807683804,0.032652972236,0.135319817852,0.034629925395,0.074000494280
0.023663986983,0.160623236910,0.035951371375,0.160736794532,0.122519129832,0.324823898132,0.021014021760,0.093414709973,0.021301405150,0.035951445353
0.025283945654,0.074261358101,0.035590900401,0.074411478391,0.045376908581,0.613225634053,0.020601038427,0.051544365003,0.024113441517,0.035590929873
0.040836362191,0.201458845145,0.093740991061,0.203779091088,0.091524555562,0.118971209306,0.025141988404,0.097358471627,0.033447245340,0.093741240276
0.030394743744,0.080907834731,0.042705386720,0.081273763114,0.048293340175,0.559631467232,0.026006593675,0.058968414555,0.029113017418,0.042705438635
0.023755568516,0.196003116897,0.036001187461,0.195818844609,0.158078875354,0.114478570501,0.061194790017,0.140120220705,0.038547570011,0.036001255930
0.032970169658,0.200448481590,0.058486821338,0.199521559205,0.147193240641,0.120771745134,0.027722353910,0.123811539063,0.030587085606,0.058487003856
0.015903295456,0.131024595570,0.023067488263,0.130843199004,0.081081522101,0.470052724249,0.012702914955,0.097941423045,0.014315315297,0.023067522060
0.018504935925,0.099377886875,0.020712502807,0.098527244753,0.045381256843,0.594806668193,0.007274175576,0.084432441755,0.010270366054,0.020712521219
0.011779260169,0.083124401927,0.014378028333,0.082583094542,0.051147288976,0.652167610346,0.008775289116,0.072875371807,0.008791621812,0.014378032972
0.004911375377,0.069500108327,0.006662715410,0.068868395576,0.044876395039,0.740275937648,0.006292270765,0.047049872792,0.004900203917,0.006662725149
0.057152678572,0.161468889585,0.078970872989,0.161780062968,0.108098278332,0.118955940761,0.051081060256,0.130741712621,0.052779539511,0.078970964404
0.004662831689,0.073474051005,0.006195232292,0.072985847787,0.038369039032,0.747796650981,0.004532464157,0.040856712886,0.004931929497,0.006195240674
0.107718611771,0.089039840620,0.028644903683,0.088887342697,0.037102080855,0.548696795805,0.007819986460,0.050785064865,0.012660433343,0.028644939901
0.189140302097,0.012252797401,0.241670244966,0.012361762632,0.007524173414,0.009692804970,0.007234738115,0.010977348409,0.267475205335,0.241670622661
0.014726884395,0.116589440674,0.018199667644,0.116941240850,0.054633234915,0.530109937597,0.013512146797,0.103578386359,0.013509373484,0.018199687286
0.033385502027,0.189451137480,0.042083830383,0.193468672566,0.120974667819,0.077159296267,0.049542447688,0.217088233632,0.034762332029,0.042083880110
0.132924817260,0.039611513931,0.238064191020,0.039893101727,0.026298456859,0.027475016288,0.025942589054,0.031218407382,0.200507438275,0.238064468203
0.079724587572,0.170627712448,0.072521790929,0.170967303549,0.134979689260,0.089895515411,0.063907251901,0.103300170929,0.041554090225,0.072521887776
0.022036763142,0.218131671400,0.041231590813,0.219559055449,0.118462433948,0.106785884803,0.034311406986,0.179241699816,0.019007781943,0.041231711698
0.053415427981,0.170721727769,0.060638926869,0.170802862824,0.096534571746,0.118252667314,0.047902808068,0.130522502175,0.090569503109,0.060639002145
0.016217884285,0.260238685915,0.025394015749,0.258825474859,0.145237647452,0.122405730563,0.014802025977,0.117783257246,0.013701203718,0.025394074235
0.033811067703,0.223584033449,0.049609141726,0.232527533963,0.087433394733,0.096219995969,0.025707889034,0.159366597094,0.042131101423,0.049609244906
0.062454241198,0.124366254744,0.100082483779,0.125022867357,0.086691611809,0.079572554645,0.055023715789,0.108183275546,0.158520340877,0.100082654256
0.009576995872,0.114005382442,0.019203825710,0.114424357688,0.043738469695,0.503303993372,0.010143799687,0.157402726914,0.008996561274,0.019203887347
0.033938443968,0.225600932741,0.067952766691,0.234532153611,0.074498765564,0.084382396325,0.018524611499,0.167109220807,0.025507814989,0.067952893805
0.037511094357,0.227136971849,0.040807372842,0.230786209657,0.158217551753,0.103092459347,0.019416523647,0.120885279039,0.021339165923,0.040807371587
0.112432717312,0.065017993636,0.260855961872,0.065707920944,0.041491513990,0.044578964706,0.032146505773,0.051599347091,0.065312022741,0.260857051935
0.050283949124,0.186808378452,0.082000819385,0.187131471504,0.095711724888,0.121977964484,0.035247747225,0.109705568347,0.049131397938,0.082000978652
0.010565613866,0.229461197621,0.015355597038,0.226957505496,0.131993299734,0.068630906038,0.011469170293,0.279733182651,0.010477898126,0.015355629138
0.542017414437,0.042218839316,0.085800296796,0.042561341246,0.030995075168,0.031021288905,0.030036350027,0.034085576308,0.075463557973,0.085800259824
0.226585872787,0.071225264029,0.161942808502,0.071770303247,0.049887956618,0.049613294566,0.037605416058,0.053360251657,0.116065702896,0.161943129640
0.485425068289,0.011255524306,0.097943256936,0.011334138758,0.007953606394,0.009016336906,0.009657404064,0.008797984706,0.260674006028,0.097942673613
0.021626983077,0.223576597293,0.034781973613,0.222830074336,0.146294970153,0.095864979129,0.034764539245,0.164816823720,0.020661007076,0.034782052359
0.022210302025,0.001729631444,0.011473906816,0.001741536745,0.001095718616,0.001457861373,0.000894922972,0.001479215486,0.946443030687,0.011473873836
0.104493422981,0.131604218436,0.121945253273,0.132296282977,0.084803976574,0.088844393653,0.037522431187,0.087518989539,0.089025647816,0.121945383563
0.005314026004,0.231820056140,0.008191035757,0.226431120482,0.167828809107,0.217303148799,0.006932721155,0.123087912022,0.004900116682,0.008191053852
0.818282615303,0.004512223278,0.049770099225,0.004542879824,0.003076373235,0.003000834240,0.003138549758,0.004216196521,0.059690553150,0.049769675465
0.041090398470,0.171179650863,0.055255150561,0.171256743074,0.124880847757,0.125369519599,0.037702776615,0.181166782896,0.036842884199,0.055255245967
0.079549317766,0.125096468079,0.157404313309,0.126243841830,0.087811603009,0.068702353998,0.045552327249,0.099749998384,0.052485112140,0.157404664234
0.015379052431,0.018070461019,0.017385537585,0.018113155655,0.014525638021,0.013468194320,0.846539208592,0.016193109897,0.022940094927,0.017385547553
0.041773302433,0.133963412992,0.231032857595,0.135752000942,0.066902206059,0.039206491425,0.022542568270,0.064491161500,0.033300881045,0.231035117739
0.916972273900,0.002130748137,0.030974292702,0.002146925866,0.001369538119,0.002041306011,0.001232261777,0.001569708835,0.010588992522,0.030973952131
0.102702443621,0.090554022587,0.209988755826,0.091219663576,0.054352761968,0.063271400222,0.032896423542,0.068639931928,0.076385504109,0.209989092621
0.000000432537,0.000000574442,0.000000550939,0.000000577583,0.000000426029,0.000000409684,0.999995487781,0.000000455587,0.000000534480,0.000000550940
0.025777377203,0.029879392714,0.034992834942,0.030022374071,0.020509498663,0.016850733192,0.749363131881,0.031875762346,0.025736017630,0.034992877358
0.000042073231,0.000042314305,0.000046285698,0.000042390479,0.000037810444,0.000039124515,0.999609267228,0.000039477726,0.000054970641,0.000046285731
0.060397392198,0.129124644693,0.072825355963,0.129116340210,0.100499085551,0.095972916055,0.151230722017,0.124151792472,0.063856308676,0.072825442165
0.099660341860,0.124298458503,0.080900434950,0.124610674475,0.104466069336,0.074071772479,0.194048756171,0.075251973189,0.041791031765,0.080900487272
0.080403257714,0.080323534321,0.123581436413,0.080446644759,0.065865025877,0.059500014612,0.196934969199,0.101830426419,0.087532913945,0.123581776741
0.004103182034,0.071177401707,0.007850754393,0.070869388605,0.049162181405,0.734247336457,0.002939872136,0.047549135848,0.004249976050,0.007850771364
0.018886880251,0.167057343626,0.022923471819,0.164555283343,0.357338231164,0.102481886743,0.017898689052,0.106743175347,0.019191547166,0.022923491489
0.002928577327,0.101112247039,0.005561219773,0.097648083012,0.705533828484,0.019800110990,0.002296961441,0.056949759983,0.002607975934,0.005561236016
0.082535002988,0.086526531451,0.236377228015,0.087151079542,0.061701316520,0.055835203017,0.036183278529,0.058356589358,0.058955726814,0.236378043764
0.228194278070,0.073357046853,0.135994098837,0.073747583767,0.055210531202,0.052514408772,0.049462743142,0.056102555340,0.139422600568,0.135994153449
0.193810585972,0.054687035317,0.241080075270,0.055378212729,0.032927700745,0.037845224251,0.028047038687,0.040699960341,0.074444384705,0.241079781983
0.054325272921,0.012673105378,0.062518881017,0.012799268198,0.007960830063,0.008400710792,0.007048959338,0.010293386484,0.761460981661,0.062518604148
0.141227152681,0.036251161665,0.137689222985,0.036420594126,0.028149829744,0.030185793809,0.026934353960,0.033903297206,0.391549875248,0.137688718575
0.013580291346,0.134594507849,0.020688061746,0.133507090131,0.103220424463,0.413901305068,0.010262304035,0.136372647026,0.013185264603,0.020688103734
0.339072454079,0.040095724380,0.198989318349,0.040355785635,0.027278470443,0.029857056503,0.019219141069,0.030681978631,0.075461573412,0.198988497500
0.576574079968,0.013304070097,0.145957471458,0.013391624656,0.009315188885,0.010849120998,0.014709734178,0.011961325059,0.057980177063,0.145957207638
0.004124448513,0.116269115871,0.007393025022,0.113138871321,0.634005047385,0.057981056564,0.003202688737,0.052476043472,0.004016655762,0.007393047353
0.020902924744,0.004682620897,0.022709302824,0.004704397618,0.003098538426,0.003811487548,0.002975495377,0.004696066818,0.909709940111,0.022709225636
0.099372037140,0.035544250399,0.274116518837,0.035899899696,0.021971269656,0.025437755864,0.018477684716,0.028480671303,0.186582192721,0.274117719669
0.011463793858,0.011789413046,0.013542292226,0.011841450433,0.009580247112,0.009242918519,0.895855921014,0.010069723271,0.013071939483,0.013542301038
0.107960802800,0.057665556041,0.283485933841,0.058299726722,0.035310314586,0.036121168637,0.029034031981,0.043780015118,0.064856361487,0.283486088787
0.054339187932,0.119490481542,0.218345884552,0.121019030513,0.065014750795,0.052454404702,0.038368715188,0.068685333670,0.043934960802,0.218347250303
0.138290687364,0.004549707989,0.007685402395,0.004562910729,0.003770778483,0.003689983262,0.815749169002,0.003716530732,0.010299439970,0.007685390074
0.010409172921,0.005613543553,0.006799402907,0.005637613557,0.004166472240,0.004286262174,0.946722600979,0.004525656596,0.005039873289,0.006799401783
0.045376373823,0.066240364832,0.062657533835,0.066632748586,0.049090185498,0.043178959040,0.500955726262,0.060915681639,0.042294771109,0.062657655375
0.043017312624,0.023939404841,0.034933732352,0.024060711583,0.018103766792,0.017481157964,0.752707051041,0.020165458649,0.030657642169,0.034933761985
0.209068092646,0.101769254404,0.108000077267,0.102216068434,0.073668452684,0.064764595686,0.087563172325,0.076876673140,0.068073574410,0.108000039005
0.056500947417,0.011848916928,0.021244253589,0.011882714446,0.009429944917,0.009427845472,0.834648699937,0.009208277953,0.014564144674,0.021244254667
0.017301288636,0.105677313091,0.024278150612,0.105422841829,0.072344621093,0.267693646626,0.254285393909,0.111169810001,0.017548733997,0.024278200205
0.069531599915,0.034416948622,0.103794876209,0.034636277081,0.024249270365,0.026903659588,0.018633524726,0.030143982930,0.553894908184,0.103794952380
0.049251923517,0.076467382831,0.057430415952,0.076626063939,0.061804984903,0.054949231523,0.436035761969,0.060255399966,0.069748388736,0.057430446664
0.057587551739,0.087684413185,0.132820560910,0.088549127067,0.050715014252,0.050045695920,0.298493469880,0.051857279030,0.049425831330,0.132821056688
0.194867106048,0.062025636386,0.194488864057,0.062276223509,0.047727744717,0.046733379913,0.036598880511,0.052909363195,0.107884078526,0.194488723139
0.046780906168,0.200501029732,0.064906908406,0.200920785048,0.141114756174,0.103096779483,0.023607798474,0.127189356669,0.026974722385,0.064906957461
0.600608130712,0.018379810695,0.127830374565,0.018565200270,0.011527697927,0.012170160282,0.010582465742,0.014293708224,0.058212661704,0.127829789881
0.064664548930,0.118832990347,0.127275076734,0.119943870438,0.069561234505,0.063323764558,0.158668682392,0.082340131360,0.068114292409,0.127275408328
0.238452386809,0.019561554977,0.285593856254,0.019725720594,0.012397720695,0.015286159175,0.013131412372,0.016119292340,0.094139519580,0.285592377203
0.906850525268,0.003777284327,0.028318043198,0.003792653895,0.003040658650,0.003242124923,0.003423525164,0.003276520755,0.015960867000,0.028317796820
0.531555807744,0.006827133062,0.164582104278,0.006873694241,0.004980916907,0.006481491195,0.006270384290,0.005818812184,0.102029463422,0.164580192676
0.940015721596,0.001761046940,0.022720464589,0.001775241703,0.001168889703,0.001311966695,0.001291854722,0.001369469409,0.005865133702,0.022720210939
0.050499162422,0.161628401397,0.079589355259,0.161690686161,0.119083747046,0.099894123789,0.045650064859,0.157559647826,0.044815349760,0.079589461482
0.975179977775,0.000638593001,0.009478852101,0.000642709892,0.000439655392,0.000514288512,0.000461503081,0.000528547561,0.002637139042,0.009478733643
0.027000629696,0.181732915310,0.041551983668,0.181693274657,0.089633020541,0.215171991164,0.070720705044,0.126373646209,0.024569779465,0.041552054247
0.028307524576,0.212544534433,0.082967387444,0.212978561389,0.123169808443,0.071319414969,0.017805490625,0.144529113046,0.023410389811,0.082967775264
0.729380710634,0.007339976438,0.101687036778,0.007378360408,0.005546382676,0.006048187154,0.005658669078,0.007326248145,0.027948485274,0.101685943415
0.030938615117,0.177826035997,0.047051661369,0.178513878692,0.091900748493,0.246843917853,0.026790591273,0.126115458069,0.026967347574,0.047051745563
0.015856684979,0.190710929023,0.023245679277,0.185850786003,0.307902855043,0.070735747373,0.016303588540,0.150357634881,0.015790371844,0.023245723038
0.175292709159,0.059496555808,0.248079198262,0.059980887136,0.038084803832,0.039912677743,0.033742091157,0.041119706938,0.056211381315,0.248079988651
0.042421250004,0.202214284517,0.057524555933,0.201003354995,0.191775255210,0.087809434626,0.014111612996,0.123801280661,0.021814434575,0.057524536482
0.018093820375,0.232482477232,0.031250301162,0.226717170062,0.221179320769,0.085439951962,0.012101382272,0.123813623269,0.017671596466,0.031250356431
0.000999453007,0.002622125923,0.002168803662,0.002647547282,0.001517525687,0.001286986451,0.983846905953,0.001784496929,0.000957344810,0.002168810295
0.069124208137,0.039382619840,0.335270088251,0.039686814909,0.024320469229,0.026215739444,0.015610527742,0.032004444385,0.083111711381,0.335273376681
0.025317591855,0.210025504338,0.041565322900,0.212316370946,0.186094802385,0.088062457513,0.020465603254,0.149661787320,0.024925127054,0.041565432434
0.193007464045,0.009773156204,0.022596710820,0.009840789247,0.006837014796,0.006828516624,0.705976112339,0.008279329197,0.014264170118,0.022596736610
0.193425014211,0.086031314352,0.155544454346,0.086623123834,0.062191680044,0.058185943423,0.068630225424,0.064863574741,0.068960164085,0.155544505540
0.824457194559,0.007682251028,0.042649267978,0.007715626441,0.005941316087,0.006742016668,0.007563814136,0.006578366012,0.048021150967,0.042648996125
0.012188740249,0.201400691933,0.017164879228,0.198273241422,0.265426106968,0.076356404778,0.026062973660,0.175296891754,0.010665170116,0.017164899889
0.017202068400,0.236067647113,0.042229453107,0.233350426742,0.195840136948,0.050598209982,0.014157852575,0.153540971726,0.014783593198,0.042229640210
0.090065937298,0.032731008516,0.089405914907,0.032850705977,0.027351650291,0.025467516486,0.033772709821,0.029035780859,0.549912850029,0.089405925817
0.006436181460,0.012682137642,0.013307419389,0.012865499945,0.006941522534,0.005627756782,0.916070894972,0.007602651606,0.005158476026,0.013307459645
0.047342321757,0.189067984210,0.069157290227,0.185447285543,0.193677285608,0.059435719680,0.021123102478,0.138332231350,0.027259301460,0.069157477688
0.015964192804,0.253620087015,0.026992485263,0.250718623955,0.199216222819,0.088323060075,0.010525088075,0.115775270954,0.011872424048,0.026992544992
0.020060249405,0.040899293185,0.034239418990,0.041160133362,0.030252825102,0.026448882520,0.721753004591,0.029025889592,0.021920802622,0.034239500631
0.028737266319,0.205054574529,0.042897267918,0.204632063998,0.203993582773,0.096563082025,0.020061590813,0.132404223314,0.022759003542,0.042897344769
0.014331230721,0.279606231771,0.024338610586,0.291705782889,0.152474316606,0.068778753559,0.012030141290,0.119773462756,0.012622808447,0.024338661375
0.004306225204,0.185950346263,0.005768615741,0.178040941548,0.192296283427,0.271692659165,0.004275101625,0.147823440015,0.004077762200,0.005768624811
0.009315961167,0.263119201923,0.018266742393,0.272634460170,0.166689953431,0.045748295159,0.024310924497,0.173693893873,0.007953765030,0.018266802356
0.123522045533,0.079911515617,0.207100826624,0.080434107053,0.057322935715,0.064426076484,0.046967739013,0.062504928110,0.070708703608,0.207101122243
0.030078397272,0.098200435983,0.034626530907,0.097884591497,0.062676150751,0.516680529271,0.020447028702,0.082205467124,0.022574308027,0.034626560467
0.470966251621,0.015604965318,0.201647075113,0.015686717508,0.011931172821,0.012056265140,0.009842789898,0.013598019275,0.047021760878,0.201644982427
0.441810401226,0.032015040429,0.126151446421,0.032133178827,0.021506440465,0.023660476601,0.018601255075,0.029417087252,0.148553137817,0.126151535886
0.022298981975,0.098312476432,0.026822164834,0.098065144935,0.056856038044,0.395517601845,0.150252820633,0.106666406684,0.018386164797,0.026822199821
0.179127806317,0.064610364748,0.235653478990,0.065103252692,0.039577441120,0.037626548528,0.025829317466,0.060329836939,0.056488233097,0.235653720102
0.614310837751,0.021448758874,0.090694350128,0.021612674575,0.014454227609,0.016877079276,0.032343319025,0.016806398110,0.080758299909,0.090694054743
0.141113159977,0.049014968184,0.116742218079,0.049185869633,0.040320043930,0.040314721838,0.036300478612,0.040721281239,0.369545241485,0.116742017022
0.009889099710,0.058514388871,0.030150262867,0.058814646503,0.021686992745,0.724998267247,0.003421718567,0.056341070879,0.006033156699,0.030150395910
0.154864256124,0.077265602681,0.130029115999,0.077536373110,0.064612415602,0.067817917456,0.056893775875,0.077268556275,0.163682918873,0.130029068005
0.027027770467,0.037188715878,0.046585467276,0.037375257780,0.026975488055,0.024151846062,0.693384431854,0.028086397125,0.032639021259,0.046585604244
0.251682983391,0.035002998804,0.278730457707,0.035460522058,0.017754891760,0.023210258259,0.020026139836,0.024711567787,0.034689709671,0.278730470728
0.350377403297,0.031567797089,0.170708521522,0.031803204009,0.021730317838,0.024817203551,0.022140831381,0.027155815264,0.148991279790,0.170707626260
0.160562074215,0.071149393559,0.227505811429,0.071780591945,0.043987943729,0.045852797745,0.026038284847,0.063570682746,0.062046503360,0.227505916426
0.620514097945,0.017836388849,0.096532745390,0.017952564289,0.012993208596,0.013170984193,0.027728107716,0.014220376397,0.082519144837,0.096532381788
0.199144004863,0.041329753999,0.263101450483,0.041649970309,0.028558636131,0.030287270345,0.030250135843,0.031961053563,0.070616762212,0.263100962252
0.392812810090,0.014024332395,0.258166252125,0.014139037003,0.008195841068,0.010687391047,0.005936315217,0.010905472120,0.026967824550,0.258164724385
0.764663297435,0.007763535647,0.088125963159,0.007818946269,0.005546562510,0.005319136185,0.005114302168,0.006177905301,0.021345028787,0.088125322538
0.753522210212,0.013519039416,0.076131342715,0.013583947943,0.009975058694,0.010614195089,0.009150468814,0.010947137527,0.026425686060,0.076130913530
0.587502903235,0.010542370310,0.100005631306,0.010621688654,0.007023319376,0.007471089345,0.012175759957,0.008769725557,0.155882262805,0.100005249455
0.900389054400,0.003175723549,0.033779481617,0.003193307307,0.002255955031,0.002428086548,0.002212484926,0.002481124541,0.016305514141,0.033779267939
0.565348027177,0.013569107815,0.173525608720,0.013696733387,0.007753353331,0.010084117509,0.007765441518,0.010925955339,0.023806483177,0.173525172028
0.280420504821,0.041879330548,0.242808627410,0.042230159528,0.026820254044,0.024000206430,0.021522266142,0.027467445781,0.050043320736,0.242807884559
0.038641579967,0.155131438544,0.053913766847,0.156110905510,0.107149587480,0.095535258547,0.213804363861,0.088855753836,0.036943491009,0.053913854400
0.632347670036,0.014980245166,0.134381466550,0.015086728752,0.010261897507,0.010531371457,0.007462623188,0.011483711024,0.029083374223,0.134380912098
0.435555992999,0.090501115551,0.074415678645,0.090822725480,0.045950190613,0.053528963648,0.029956908972,0.067718244756,0.037134486395,0.074415692940
0.074253978337,0.128827268310,0.113351419755,0.130009403763,0.083118711287,0.089727910535,0.044688254624,0.156149047843,0.066522500844,0.113351504702
0.051823473268,0.137199876679,0.067214070498,0.137134799874,0.126160718923,0.093177742408,0.143946369053,0.130615470199,0.045513354498,0.067214124601
0.083646814193,0.112564541912,0.179248469380,0.113397247302,0.068347199780,0.080043012231,0.036337359014,0.097633469451,0.049533080664,0.179248806073
0.049471850517,0.161929721019,0.104369357916,0.162285258025,0.082972711613,0.105285804290,0.030303355336,0.160220131865,0.038792185858,0.104369623561
0.040560381481,0.131890860205,0.058722204425,0.130050050671,0.126260348586,0.065811178123,0.214057048767,0.141525421734,0.032400209263,0.058722296746
0.020864311210,0.045838563909,0.018713227779,0.045854648562,0.032356564686,0.025417546777,0.750405786260,0.030385670663,0.011450426585,0.018713253569
0.023751349616,0.216961252855,0.037312777760,0.217613073011,0.119373723207,0.106677360283,0.030375917429,0.189366672627,0.021255016053,0.037312857159
0.108419558472,0.099333979616,0.162151536769,0.099913986752,0.067570438653,0.075980345906,0.053842897913,0.076754759888,0.093880961356,0.162151534675
0.009410422177,0.278141316782,0.016649691616,0.274889027668,0.185876851643,0.081576256048,0.026081358077,0.102510269599,0.008215069291,0.016649737099
0.017368544364,0.231678358588,0.024498254523,0.241334307070,0.188185139756,0.064373010950,0.016462224953,0.174351833735,0.017250024517,0.024498301545
0.023808599009,0.205839399939,0.053224915199,0.205585729709,0.138013207578,0.099096165737,0.015751637460,0.187669943425,0.017785357801,0.053225044143
0.045417466680,0.123863395113,0.055323105194,0.124018692382,0.117739060607,0.085086082772,0.257235029162,0.088563685220,0.047430342005,0.055323140866
0.175480618736,0.156473746115,0.076448551341,0.156459773272,0.138774533462,0.067373088630,0.030424791347,0.086218296216,0.035897959175,0.076448641706
0.016487522795,0.147804323193,0.023233615299,0.146430939241,0.424601402915,0.055191306684,0.019691137181,0.127136362363,0.016189730411,0.023233659918
0.119344689825,0.014521891590,0.060078687020,0.014605797728,0.010467505799,0.012132081525,0.010708950968,0.012332314576,0.685729555037,0.060078525931
0.017601921155,0.244442674138,0.032196024361,0.251221372590,0.133976813376,0.071787591581,0.013560933015,0.189674543117,0.013342042163,0.032196084504
0.039705150535,0.173412743024,0.082047129044,0.174261220680,0.132529305490,0.113118679269,0.041041663978,0.124965550921,0.036871133515,0.082047423543
0.009620310772,0.151957166466,0.015107471151,0.148854803490,0.519986021277,0.036899785328,0.007138027745,0.087927238786,0.007401668757,0.015107506230
0.014053360078,0.123148143373,0.016843836027,0.120888479502,0.547124852106,0.041477521658,0.013064284099,0.090376936190,0.016178734961,0.016843852004
0.009865242747,0.178231954229,0.013443354154,0.172552827103,0.384764090323,0.058798529918,0.008246526730,0.150529713125,0.010124387143,0.013443374528
0.017003765596,0.219767368045,0.032274890035,0.227606224488,0.141674532701,0.180873441519,0.013705297816,0.119777522719,0.015041996428,0.032274960654
0.050678336610,0.163428355771,0.069567364189,0.164542806530,0.100259230869,0.176706096371,0.048590804509,0.107760861181,0.048898685954,0.069567458017
0.039351828057,0.183343317679,0.056223338090,0.182341069968,0.132165649606,0.124528785060,0.027589632384,0.167469682931,0.030763274348,0.056223421877
0.036053172122,0.192547096354,0.072400320637,0.190380387824,0.166136571798,0.087676602599,0.032817525859,0.118807087303,0.030780697166,0.072400538338
0.018625956615,0.216868447077,0.043751432377,0.225646091342,0.274454317639,0.044169823690,0.014367419860,0.102731908055,0.015632991777,0.043751611568
0.162941378083,0.199194476265,0.044292176574,0.196310210246,0.166571688641,0.048623368214,0.010049738324,0.107786042420,0.019938685638,0.044292235594
0.034773093927,0.226347965128,0.059568019151,0.223607967663,0.152220601364,0.072808841746,0.015688456171,0.132127758048,0.023289177156,0.059568119645
0.067773729126,0.132975147114,0.078616160732,0.132911538661,0.109240553867,0.134698886131,0.045999874673,0.163025644590,0.056142281628,0.078616183479
0.005992623360,0.261118866380,0.012246456859,0.253220016064,0.194864482588,0.126886660375,0.005445163331,0.122469300591,0.005509930726,0.012246499725
0.027413210059,0.209828225222,0.046846627390,0.209006940406,0.181134999674,0.065298823945,0.031353086597,0.152495178100,0.029776149668,0.046846758939
0.009354282263,0.158472822973,0.013529785107,0.155851539173,0.513352366758,0.040761730706,0.011078691936,0.074226841573,0.009842128723,0.013529810788
0.038197576384,0.177574817651,0.080118510487,0.178579150966,0.088560741727,0.148232250000,0.039326763136,0.127217851147,0.042073583258,0.080118755244
0.661903678140,0.031610329602,0.083782675609,0.031918595887,0.019417940546,0.019155940776,0.016941669173,0.024633647645,0.026853088734,0.083782433888
0.005099386298,0.029024373351,0.008596929831,0.029200592869,0.013958968371,0.872041046054,0.003854233835,0.024994155875,0.004633368445,0.008596945071
0.017821903582,0.231625035646,0.024022943352,0.226587200231,0.211260108770,0.087134016656,0.025617446690,0.133484249827,0.018424116743,0.024022978503
0.063926351667,0.159119222466,0.134746783504,0.160993269321,0.085580813501,0.090485867424,0.031539112175,0.090436827847,0.048424743825,0.134747008269
0.059546909264,0.032651765965,0.129850761497,0.033033993784,0.019358413527,0.020507646116,0.017089398298,0.023301917712,0.534808261961,0.129850931876
0.032559251162,0.198527200706,0.062405853659,0.197986572196,0.131276994499,0.115073067234,0.038267049246,0.124065644634,0.037432308038,0.062406058625
0.011577502543,0.274964211582,0.017327291562,0.268519954194,0.172588639094,0.088071698825,0.012478062291,0.126168843572,0.010976464026,0.017327332312
0.011555582969,0.270495870781,0.022573914987,0.286607592274,0.097105238683,0.061124132708,0.013853363538,0.204331996761,0.009778323861,0.022573983439
0.028312191976,0.127655836540,0.045110734098,0.127729415375,0.065815737747,0.372550988512,0.023484662371,0.134659302466,0.029570303664,0.045110827252
0.136572746292,0.027777273563,0.342430814063,0.028049293160,0.017412141577,0.016233391821,0.012081942142,0.020628502449,0.056385260114,0.342428634818
0.030453956497,0.203569895005,0.062267387473,0.203729923037,0.143563872512,0.090108018611,0.027898013384,0.150924429303,0.025216917095,0.062267587084
0.106759249718,0.046179514755,0.228236036099,0.046604950483,0.029106435436,0.033651373923,0.023940163459,0.036244483900,0.221041768425,0.228236023803
0.489862240727,0.014147900079,0.193183902351,0.014256097224,0.009131443805,0.011415540905,0.031045146233,0.012371175304,0.031403822750,0.193182730622
0.024373399458,0.162027750861,0.032214649068,0.160908055377,0.342023150577,0.066019165853,0.059965965737,0.095016503409,0.025236672224,0.032214687434
0.045002015045,0.207766895375,0.066443053983,0.208684135250,0.106221020028,0.098964763100,0.056693336115,0.106712246532,0.037069359884,0.066443174688
0.149123132339,0.029204365246,0.095457923634,0.029355992547,0.022119296834,0.022610402533,0.019063085242,0.024248618676,0.513359184625,0.095457998324
0.005186638371,0.056264673387,0.011264528258,0.056012753796,0.026356264831,0.771874045077,0.009034295181,0.048139466784,0.004602763560,0.011264570755
0.049457047168,0.181563501781,0.076602133409,0.180399851947,0.183619722031,0.063751029180,0.024459633378,0.135122735366,0.028422099454,0.076602246285
0.009617882316,0.224985395817,0.017084228443,0.222544992338,0.290277580959,0.029874191459,0.041725682975,0.138017372496,0.008788400277,0.017084272920
0.002300828261,0.216230226185,0.003758422408,0.206030502106,0.164671869671,0.257252411356,0.002224981156,0.141652451593,0.002119878644,0.003758428619
0.263326321880,0.023942994997,0.288049488371,0.024128324829,0.014707750979,0.015372757295,0.010048168612,0.037349826319,0.035025600544,0.288048766173
0.100000000000,0.100000000000,0.100000000000,0.100000000000,0.100000000000,0.100000000000,0.100000000000,0.100000000000,0.100000000000,0.100000000000
0.395362167662,0.045389887492,0.055162492382,0.045331712712,0.038353444216,0.034360781956,0.235621022946,0.048222240314,0.047033811939,0.055162438382
0.019557621573,0.194623206995,0.039553490396,0.195137539371,0.133293054607,0.164382519003,0.014823430178,0.181848696089,0.017226810746,0.039553631042
0.004362697157,0.067703935388,0.006247804405,0.067126912120,0.040517775205,0.755803022472,0.004371244855,0.043490500988,0.004128292674,0.006247814736
0.008873504435,0.302915270859,0.020198583212,0.325628839690,0.070999247958,0.058663956741,0.008011690643,0.176663708955,0.007846539402,0.020198658104
0.222090323040,0.055306067030,0.212456175276,0.055462234033,0.041441228846,0.049144326022,0.035836901244,0.050369870655,0.065436484582,0.212456389272
0.130927243803,0.082814237225,0.121255396947,0.082949450872,0.071292333991,0.071370795413,0.059085814530,0.070680178200,0.188369127713,0.121255421305
0.562809210062,0.006691412934,0.187643584239,0.006757369794,0.003945494527,0.004466393099,0.008533717394,0.004930649505,0.026581044819,0.187641123626
0.077002795876,0.020000336849,0.410410420866,0.020295545075,0.009843110508,0.011777162476,0.007867043192,0.013504813046,0.018888339361,0.410410432750
0.095518569682,0.041943327703,0.342233292028,0.042506727547,0.022789527947,0.026458355519,0.012667012615,0.038814419154,0.034835493441,0.342233274363
0.814822920542,0.004228925832,0.072780118063,0.004257267747,0.003000807306,0.003227446007,0.003336949773,0.003415004041,0.018151193799,0.072779366891
0.106028757363,0.029230399704,0.087998568730,0.029378639654,0.015884004890,0.235707954537,0.009281011557,0.024209019872,0.374283337789,0.087998305904
0.025404231493,0.052684230556,0.045739953217,0.052934464709,0.029872154598,0.627404890872,0.009576355645,0.041678366707,0.068965231505,0.045740120697
0.043614162546,0.056771238958,0.052751685172,0.056975082761,0.033413490049,0.552610049335,0.012931682215,0.040969448510,0.097211382322,0.052751778132
0.518884465359,0.012628366071,0.105024375767,0.012700507213,0.008336135036,0.009534033798,0.027390087187,0.011217639771,0.189260362113,0.105024027684
0.588757007797,0.048507701934,0.081855011900,0.048851582197,0.033761585569,0.028106065943,0.023442987238,0.031076914327,0.033785964960,0.081855178134
0.170652735482,0.040722568655,0.241550900138,0.041041692309,0.026540578767,0.038152999352,0.094318631714,0.036279553550,0.069189834956,0.241550505076
0.699386591133,0.016911809204,0.096878356373,0.017094725111,0.009210574560,0.011707177376,0.006282043493,0.014812094842,0.030838616786,0.096878011122
0.155489897035,0.024021384539,0.342411377775,0.024260954624,0.013696119324,0.016390836935,0.009487054008,0.019819961747,0.052012090686,0.342410323329
0.063092368302,0.126719102712,0.115345636042,0.126941931342,0.104553077478,0.070706012619,0.101207927844,0.083933764958,0.092154246767,0.115345931938
0.082694670211,0.089662611694,0.109005849729,0.090123578586,0.069011330026,0.060610429775,0.161762194143,0.060910561579,0.167212680179,0.109006094077
0.073228042428,0.103575759206,0.138296976975,0.104119032733,0.079230333442,0.069789701004,0.089576114660,0.077126678509,0.126760025331,0.138297335712
0.250718240587,0.034799932878,0.196027976855,0.034979679275,0.022606556040,0.028014092009,0.016511357977,0.029648219147,0.190666192503,0.196027752728
0.090806903713,0.091665800908,0.150120112690,0.091980834536,0.068840269409,0.068645908799,0.079672313348,0.077772772405,0.130374708046,0.150120376147
0.055041728941,0.150775699415,0.104582966076,0.151165873942,0.111403093094,0.102433721745,0.037839903477,0.126036582205,0.056137151478,0.104583279625
0.077447594537,0.127537319955,0.095245977341,0.127339668212,0.115932392622,0.103045721595,0.059299725183,0.097596051575,0.101309441179,0.095246107800
0.158485421861,0.068022080272,0.209141622221,0.068561533372,0.047436666722,0.049143843814,0.041467880118,0.060628398194,0.087971279158,0.209141274269
0.144238175187,0.057951305849,0.241676161363,0.058208831982,0.042085476496,0.048651662941,0.033750767748,0.048555897318,0.083205517133,0.241676203983
0.091336385793,0.083322883202,0.251067331068,0.083786802224,0.050041049159,0.043467470980,0.025695022022,0.055417674005,0.064797664071,0.251067717476
0.189140302097,0.012252797401,0.241670244966,0.012361762632,0.007524173414,0.009692804970,0.007234738115,0.010977348409,0.267475205335,0.241670622661
0.033040987403,0.006204452380,0.043947759722,0.006248462427,0.004440838197,0.005287348276,0.004382008377,0.004942570109,0.847557923118,0.043947649993
0.116357502142,0.048380608833,0.229112787935,0.048770273338,0.031637528691,0.045899504872,0.025917731836,0.038439889628,0.186370681875,0.229113490850
